panel,series,x,x_unit,y,y_unit
mass-knee,Payload = 0.0 × empty robot,12.0,kg,6.041976373545727,N m
mass-knee,Payload = 0.0 × empty robot,12.138333333333334,kg,6.1043500102378045,N m
mass-knee,Payload = 0.0 × empty robot,12.276666666666667,kg,6.166723646929881,N m
mass-knee,Payload = 0.0 × empty robot,12.415,kg,6.229097283621956,N m
mass-knee,Payload = 0.0 × empty robot,12.553333333333333,kg,6.291470920314033,N m
mass-knee,Payload = 0.0 × empty robot,12.691666666666666,kg,6.35384455700611,N m
mass-knee,Payload = 0.0 × empty robot,12.83,kg,6.416218193698186,N m
mass-knee,Payload = 0.0 × empty robot,12.968333333333334,kg,6.478591830390262,N m
mass-knee,Payload = 0.0 × empty robot,13.106666666666667,kg,6.54096546708234,N m
mass-knee,Payload = 0.0 × empty robot,13.245000000000001,kg,6.6033391037744185,N m
mass-knee,Payload = 0.0 × empty robot,13.383333333333333,kg,6.665712740466491,N m
mass-knee,Payload = 0.0 × empty robot,13.521666666666667,kg,6.7280863771585695,N m
mass-knee,Payload = 0.0 × empty robot,13.66,kg,6.790460013850647,N m
mass-knee,Payload = 0.0 × empty robot,13.798333333333334,kg,6.852833650542723,N m
mass-knee,Payload = 0.0 × empty robot,13.936666666666667,kg,6.915207287234799,N m
mass-knee,Payload = 0.0 × empty robot,14.075,kg,6.977580923926876,N m
mass-knee,Payload = 0.0 × empty robot,14.213333333333333,kg,7.039954560618952,N m
mass-knee,Payload = 0.0 × empty robot,14.351666666666667,kg,7.102328197311028,N m
mass-knee,Payload = 0.0 × empty robot,14.49,kg,7.164701834003105,N m
mass-knee,Payload = 0.0 × empty robot,14.628333333333334,kg,7.227075470695183,N m
mass-knee,Payload = 0.0 × empty robot,14.766666666666666,kg,7.2894491073872585,N m
mass-knee,Payload = 0.0 × empty robot,14.905000000000001,kg,7.351822744079335,N m
mass-knee,Payload = 0.0 × empty robot,15.043333333333333,kg,7.414196380771413,N m
mass-knee,Payload = 0.0 × empty robot,15.181666666666667,kg,7.476570017463489,N m
mass-knee,Payload = 0.0 × empty robot,15.32,kg,7.538943654155564,N m
mass-knee,Payload = 0.0 × empty robot,15.458333333333334,kg,7.601317290847642,N m
mass-knee,Payload = 0.0 × empty robot,15.596666666666668,kg,7.663690927539719,N m
mass-knee,Payload = 0.0 × empty robot,15.735,kg,7.726064564231795,N m
mass-knee,Payload = 0.0 × empty robot,15.873333333333333,kg,7.788438200923872,N m
mass-knee,Payload = 0.0 × empty robot,16.011666666666667,kg,7.850811837615951,N m
mass-knee,Payload = 0.0 × empty robot,16.15,kg,7.913185474308025,N m
mass-knee,Payload = 0.0 × empty robot,16.288333333333334,kg,7.975559111000103,N m
mass-knee,Payload = 0.0 × empty robot,16.426666666666666,kg,8.037932747692182,N m
mass-knee,Payload = 0.0 × empty robot,16.565,kg,8.100306384384258,N m
mass-knee,Payload = 0.0 × empty robot,16.703333333333333,kg,8.162680021076334,N m
mass-knee,Payload = 0.0 × empty robot,16.84166666666667,kg,8.22505365776841,N m
mass-knee,Payload = 0.0 × empty robot,16.98,kg,8.287427294460487,N m
mass-knee,Payload = 0.0 × empty robot,17.118333333333332,kg,8.349800931152561,N m
mass-knee,Payload = 0.0 × empty robot,17.256666666666668,kg,8.41217456784464,N m
mass-knee,Payload = 0.0 × empty robot,17.395,kg,8.474548204536717,N m
mass-knee,Payload = 0.0 × empty robot,17.53333333333333,kg,8.536921841228791,N m
mass-knee,Payload = 0.0 × empty robot,17.671666666666667,kg,8.599295477920869,N m
mass-knee,Payload = 0.0 × empty robot,17.810000000000002,kg,8.661669114612945,N m
mass-knee,Payload = 0.0 × empty robot,17.948333333333334,kg,8.724042751305022,N m
mass-knee,Payload = 0.0 × empty robot,18.086666666666666,kg,8.786416387997097,N m
mass-knee,Payload = 0.0 × empty robot,18.225,kg,8.848790024689174,N m
mass-knee,Payload = 0.0 × empty robot,18.363333333333333,kg,8.911163661381252,N m
mass-knee,Payload = 0.0 × empty robot,18.501666666666665,kg,8.973537298073326,N m
mass-knee,Payload = 0.0 × empty robot,18.64,kg,9.035910934765404,N m
mass-knee,Payload = 0.0 × empty robot,18.778333333333332,kg,9.098284571457482,N m
mass-knee,Payload = 0.0 × empty robot,18.916666666666668,kg,9.16065820814956,N m
mass-knee,Payload = 0.0 × empty robot,19.055,kg,9.223031844841632,N m
mass-knee,Payload = 0.0 × empty robot,19.193333333333335,kg,9.285405481533711,N m
mass-knee,Payload = 0.0 × empty robot,19.331666666666667,kg,9.347779118225787,N m
mass-knee,Payload = 0.0 × empty robot,19.47,kg,9.410152754917863,N m
mass-knee,Payload = 0.0 × empty robot,19.608333333333334,kg,9.47252639160994,N m
mass-knee,Payload = 0.0 × empty robot,19.746666666666666,kg,9.534900028302017,N m
mass-knee,Payload = 0.0 × empty robot,19.884999999999998,kg,9.597273664994091,N m
mass-knee,Payload = 0.0 × empty robot,20.023333333333333,kg,9.659647301686169,N m
mass-knee,Payload = 0.0 × empty robot,20.16166666666667,kg,9.722020938378247,N m
mass-knee,Payload = 0.0 × empty robot,20.3,kg,9.784394575070323,N m
mass-knee,Payload = 0.0 × empty robot,20.438333333333333,kg,9.846768211762399,N m
mass-knee,Payload = 0.0 × empty robot,20.576666666666668,kg,9.909141848454475,N m
mass-knee,Payload = 0.0 × empty robot,20.715,kg,9.971515485146552,N m
mass-knee,Payload = 0.0 × empty robot,20.85333333333333,kg,10.033889121838627,N m
mass-knee,Payload = 0.0 × empty robot,20.991666666666667,kg,10.096262758530704,N m
mass-knee,Payload = 0.0 × empty robot,21.130000000000003,kg,10.158636395222782,N m
mass-knee,Payload = 0.0 × empty robot,21.26833333333333,kg,10.221010031914856,N m
mass-knee,Payload = 0.0 × empty robot,21.406666666666666,kg,10.283383668606934,N m
mass-knee,Payload = 0.0 × empty robot,21.545,kg,10.345757305299012,N m
mass-knee,Payload = 0.0 × empty robot,21.683333333333334,kg,10.40813094199109,N m
mass-knee,Payload = 0.0 × empty robot,21.821666666666665,kg,10.470504578683164,N m
mass-knee,Payload = 0.0 × empty robot,21.96,kg,10.532878215375241,N m
mass-knee,Payload = 0.0 × empty robot,22.098333333333333,kg,10.595251852067317,N m
mass-knee,Payload = 0.0 × empty robot,22.236666666666665,kg,10.657625488759393,N m
mass-knee,Payload = 0.0 × empty robot,22.375,kg,10.71999912545147,N m
mass-knee,Payload = 0.0 × empty robot,22.513333333333335,kg,10.782372762143547,N m
mass-knee,Payload = 0.0 × empty robot,22.651666666666667,kg,10.844746398835625,N m
mass-knee,Payload = 0.0 × empty robot,22.79,kg,10.907120035527699,N m
mass-knee,Payload = 0.0 × empty robot,22.928333333333335,kg,10.969493672219777,N m
mass-knee,Payload = 0.0 × empty robot,23.066666666666666,kg,11.031867308911853,N m
mass-knee,Payload = 0.0 × empty robot,23.205,kg,11.094240945603929,N m
mass-knee,Payload = 0.0 × empty robot,23.343333333333334,kg,11.156614582296006,N m
mass-knee,Payload = 0.0 × empty robot,23.48166666666667,kg,11.218988218988084,N m
mass-knee,Payload = 0.0 × empty robot,23.62,kg,11.281361855680162,N m
mass-knee,Payload = 0.0 × empty robot,23.758333333333333,kg,11.343735492372236,N m
mass-knee,Payload = 0.0 × empty robot,23.89666666666667,kg,11.406109129064314,N m
mass-knee,Payload = 0.0 × empty robot,24.035,kg,11.468482765756391,N m
mass-knee,Payload = 0.0 × empty robot,24.173333333333332,kg,11.530856402448464,N m
mass-knee,Payload = 0.0 × empty robot,24.311666666666667,kg,11.593230039140543,N m
mass-knee,Payload = 0.0 × empty robot,24.450000000000003,kg,11.655603675832621,N m
mass-knee,Payload = 0.0 × empty robot,24.58833333333333,kg,11.717977312524695,N m
mass-knee,Payload = 0.0 × empty robot,24.726666666666667,kg,11.780350949216773,N m
mass-knee,Payload = 0.0 × empty robot,24.865000000000002,kg,11.842724585908849,N m
mass-knee,Payload = 0.0 × empty robot,25.003333333333334,kg,11.905098222600927,N m
mass-knee,Payload = 0.0 × empty robot,25.141666666666666,kg,11.967471859293001,N m
mass-knee,Payload = 0.0 × empty robot,25.28,kg,12.029845495985079,N m
mass-knee,Payload = 0.0 × empty robot,25.418333333333333,kg,12.092219132677156,N m
mass-knee,Payload = 0.0 × empty robot,25.556666666666665,kg,12.15459276936923,N m
mass-knee,Payload = 0.0 × empty robot,25.695,kg,12.216966406061308,N m
mass-knee,Payload = 0.0 × empty robot,25.833333333333336,kg,12.279340042753384,N m
mass-knee,Payload = 0.0 × empty robot,25.971666666666668,kg,12.34171367944546,N m
mass-knee,Payload = 0.0 × empty robot,26.11,kg,12.404087316137534,N m
mass-knee,Payload = 0.0 × empty robot,26.248333333333335,kg,12.466460952829612,N m
mass-knee,Payload = 0.0 × empty robot,26.386666666666667,kg,12.52883458952169,N m
mass-knee,Payload = 0.0 × empty robot,26.525,kg,12.591208226213768,N m
mass-knee,Payload = 0.0 × empty robot,26.663333333333334,kg,12.653581862905844,N m
mass-knee,Payload = 0.0 × empty robot,26.80166666666667,kg,12.715955499597921,N m
mass-knee,Payload = 0.0 × empty robot,26.939999999999998,kg,12.778329136289996,N m
mass-knee,Payload = 0.0 × empty robot,27.078333333333333,kg,12.840702772982073,N m
mass-knee,Payload = 0.0 × empty robot,27.21666666666667,kg,12.903076409674151,N m
mass-knee,Payload = 0.0 × empty robot,27.355,kg,12.96545004636623,N m
mass-knee,Payload = 0.0 × empty robot,27.493333333333332,kg,13.027823683058303,N m
mass-knee,Payload = 0.0 × empty robot,27.631666666666668,kg,13.090197319750379,N m
mass-knee,Payload = 0.0 × empty robot,27.77,kg,13.15257095644246,N m
mass-knee,Payload = 0.0 × empty robot,27.90833333333333,kg,13.21494459313453,N m
mass-knee,Payload = 0.0 × empty robot,28.046666666666667,kg,13.27731822982661,N m
mass-knee,Payload = 0.0 × empty robot,28.185,kg,13.339691866518688,N m
mass-knee,Payload = 0.0 × empty robot,28.323333333333334,kg,13.402065503210766,N m
mass-knee,Payload = 0.0 × empty robot,28.461666666666666,kg,13.46443913990284,N m
mass-knee,Payload = 0.0 × empty robot,28.6,kg,13.526812776594918,N m
mass-knee,Payload = 0.3 × empty robot,12.0,kg,8.530909924439193,N m
mass-knee,Payload = 0.3 × empty robot,12.138333333333334,kg,8.611995652138896,N m
mass-knee,Payload = 0.3 × empty robot,12.276666666666667,kg,8.693081379838596,N m
mass-knee,Payload = 0.3 × empty robot,12.415,kg,8.774167107538291,N m
mass-knee,Payload = 0.3 × empty robot,12.553333333333333,kg,8.855252835237991,N m
mass-knee,Payload = 0.3 × empty robot,12.691666666666666,kg,8.936338562937694,N m
mass-knee,Payload = 0.3 × empty robot,12.83,kg,9.017424290637392,N m
mass-knee,Payload = 0.3 × empty robot,12.968333333333334,kg,9.09851001833709,N m
mass-knee,Payload = 0.3 × empty robot,13.106666666666667,kg,9.179595746036789,N m
mass-knee,Payload = 0.3 × empty robot,13.245000000000001,kg,9.260681473736492,N m
mass-knee,Payload = 0.3 × empty robot,13.383333333333333,kg,9.341767201436186,N m
mass-knee,Payload = 0.3 × empty robot,13.521666666666667,kg,9.42285292913589,N m
mass-knee,Payload = 0.3 × empty robot,13.66,kg,9.503938656835588,N m
mass-knee,Payload = 0.3 × empty robot,13.798333333333334,kg,9.585024384535286,N m
mass-knee,Payload = 0.3 × empty robot,13.936666666666667,kg,9.666110112234986,N m
mass-knee,Payload = 0.3 × empty robot,14.075,kg,9.747195839934687,N m
mass-knee,Payload = 0.3 × empty robot,14.213333333333333,kg,9.828281567634386,N m
mass-knee,Payload = 0.3 × empty robot,14.351666666666667,kg,9.909367295334082,N m
mass-knee,Payload = 0.3 × empty robot,14.49,kg,9.990453023033783,N m
mass-knee,Payload = 0.3 × empty robot,14.628333333333334,kg,10.071538750733486,N m
mass-knee,Payload = 0.3 × empty robot,14.766666666666666,kg,10.152624478433184,N m
mass-knee,Payload = 0.3 × empty robot,14.905000000000001,kg,10.233710206132884,N m
mass-knee,Payload = 0.3 × empty robot,15.043333333333333,kg,10.314795933832583,N m
mass-knee,Payload = 0.3 × empty robot,15.181666666666667,kg,10.395881661532284,N m
mass-knee,Payload = 0.3 × empty robot,15.32,kg,10.47696738923198,N m
mass-knee,Payload = 0.3 × empty robot,15.458333333333334,kg,10.558053116931681,N m
mass-knee,Payload = 0.3 × empty robot,15.596666666666668,kg,10.63913884463138,N m
mass-knee,Payload = 0.3 × empty robot,15.735,kg,10.720224572331079,N m
mass-knee,Payload = 0.3 × empty robot,15.873333333333333,kg,10.801310300030782,N m
mass-knee,Payload = 0.3 × empty robot,16.011666666666667,kg,10.882396027730481,N m
mass-knee,Payload = 0.3 × empty robot,16.15,kg,10.963481755430177,N m
mass-knee,Payload = 0.3 × empty robot,16.288333333333334,kg,11.044567483129878,N m
mass-knee,Payload = 0.3 × empty robot,16.426666666666666,kg,11.12565321082958,N m
mass-knee,Payload = 0.3 × empty robot,16.565,kg,11.206738938529279,N m
mass-knee,Payload = 0.3 × empty robot,16.703333333333333,kg,11.287824666228977,N m
mass-knee,Payload = 0.3 × empty robot,16.84166666666667,kg,11.368910393928674,N m
mass-knee,Payload = 0.3 × empty robot,16.98,kg,11.449996121628379,N m
mass-knee,Payload = 0.3 × empty robot,17.118333333333332,kg,11.531081849328073,N m
mass-knee,Payload = 0.3 × empty robot,17.256666666666668,kg,11.612167577027776,N m
mass-knee,Payload = 0.3 × empty robot,17.395,kg,11.693253304727476,N m
mass-knee,Payload = 0.3 × empty robot,17.53333333333333,kg,11.774339032427173,N m
mass-knee,Payload = 0.3 × empty robot,17.671666666666667,kg,11.855424760126873,N m
mass-knee,Payload = 0.3 × empty robot,17.810000000000002,kg,11.936510487826574,N m
mass-knee,Payload = 0.3 × empty robot,17.948333333333334,kg,12.017596215526273,N m
mass-knee,Payload = 0.3 × empty robot,18.086666666666666,kg,12.09868194322597,N m
mass-knee,Payload = 0.3 × empty robot,18.225,kg,12.179767670925674,N m
mass-knee,Payload = 0.3 × empty robot,18.363333333333333,kg,12.260853398625372,N m
mass-knee,Payload = 0.3 × empty robot,18.501666666666665,kg,12.341939126325071,N m
mass-knee,Payload = 0.3 × empty robot,18.64,kg,12.423024854024773,N m
mass-knee,Payload = 0.3 × empty robot,18.778333333333332,kg,12.50411058172447,N m
mass-knee,Payload = 0.3 × empty robot,18.916666666666668,kg,12.58519630942417,N m
mass-knee,Payload = 0.3 × empty robot,19.055,kg,12.66628203712387,N m
mass-knee,Payload = 0.3 × empty robot,19.193333333333335,kg,12.74736776482357,N m
mass-knee,Payload = 0.3 × empty robot,19.331666666666667,kg,12.828453492523272,N m
mass-knee,Payload = 0.3 × empty robot,19.47,kg,12.909539220222968,N m
mass-knee,Payload = 0.3 × empty robot,19.608333333333334,kg,12.990624947922667,N m
mass-knee,Payload = 0.3 × empty robot,19.746666666666666,kg,13.071710675622368,N m
mass-knee,Payload = 0.3 × empty robot,19.884999999999998,kg,13.152796403322066,N m
mass-knee,Payload = 0.3 × empty robot,20.023333333333333,kg,13.233882131021765,N m
mass-knee,Payload = 0.3 × empty robot,20.16166666666667,kg,13.314967858721465,N m
mass-knee,Payload = 0.3 × empty robot,20.3,kg,13.396053586421168,N m
mass-knee,Payload = 0.3 × empty robot,20.438333333333333,kg,13.477139314120862,N m
mass-knee,Payload = 0.3 × empty robot,20.576666666666668,kg,13.558225041820563,N m
mass-knee,Payload = 0.3 × empty robot,20.715,kg,13.639310769520264,N m
mass-knee,Payload = 0.3 × empty robot,20.85333333333333,kg,13.72039649721996,N m
mass-knee,Payload = 0.3 × empty robot,20.991666666666667,kg,13.801482224919663,N m
mass-knee,Payload = 0.3 × empty robot,21.130000000000003,kg,13.882567952619365,N m
mass-knee,Payload = 0.3 × empty robot,21.26833333333333,kg,13.96365368031906,N m
mass-knee,Payload = 0.3 × empty robot,21.406666666666666,kg,14.044739408018758,N m
mass-knee,Payload = 0.3 × empty robot,21.545,kg,14.125825135718461,N m
mass-knee,Payload = 0.3 × empty robot,21.683333333333334,kg,14.206910863418162,N m
mass-knee,Payload = 0.3 × empty robot,21.821666666666665,kg,14.287996591117858,N m
mass-knee,Payload = 0.3 × empty robot,21.96,kg,14.36908231881756,N m
mass-knee,Payload = 0.3 × empty robot,22.098333333333333,kg,14.450168046517259,N m
mass-knee,Payload = 0.3 × empty robot,22.236666666666665,kg,14.531253774216957,N m
mass-knee,Payload = 0.3 × empty robot,22.375,kg,14.612339501916656,N m
mass-knee,Payload = 0.3 × empty robot,22.513333333333335,kg,14.693425229616354,N m
mass-knee,Payload = 0.3 × empty robot,22.651666666666667,kg,14.774510957316057,N m
mass-knee,Payload = 0.3 × empty robot,22.79,kg,14.855596685015753,N m
mass-knee,Payload = 0.3 × empty robot,22.928333333333335,kg,14.936682412715456,N m
mass-knee,Payload = 0.3 × empty robot,23.066666666666666,kg,15.017768140415155,N m
mass-knee,Payload = 0.3 × empty robot,23.205,kg,15.098853868114851,N m
mass-knee,Payload = 0.3 × empty robot,23.343333333333334,kg,15.179939595814552,N m
mass-knee,Payload = 0.3 × empty robot,23.48166666666667,kg,15.261025323514254,N m
mass-knee,Payload = 0.3 × empty robot,23.62,kg,15.342111051213953,N m
mass-knee,Payload = 0.3 × empty robot,23.758333333333333,kg,15.423196778913649,N m
mass-knee,Payload = 0.3 × empty robot,23.89666666666667,kg,15.50428250661335,N m
mass-knee,Payload = 0.3 × empty robot,24.035,kg,15.585368234313052,N m
mass-knee,Payload = 0.3 × empty robot,24.173333333333332,kg,15.666453962012746,N m
mass-knee,Payload = 0.3 × empty robot,24.311666666666667,kg,15.74753968971245,N m
mass-knee,Payload = 0.3 × empty robot,24.450000000000003,kg,15.828625417412148,N m
mass-knee,Payload = 0.3 × empty robot,24.58833333333333,kg,15.909711145111848,N m
mass-knee,Payload = 0.3 × empty robot,24.726666666666667,kg,15.990796872811549,N m
mass-knee,Payload = 0.3 × empty robot,24.865000000000002,kg,16.07188260051125,N m
mass-knee,Payload = 0.3 × empty robot,25.003333333333334,kg,16.15296832821095,N m
mass-knee,Payload = 0.3 × empty robot,25.141666666666666,kg,16.234054055910644,N m
mass-knee,Payload = 0.3 × empty robot,25.28,kg,16.315139783610345,N m
mass-knee,Payload = 0.3 × empty robot,25.418333333333333,kg,16.39622551131005,N m
mass-knee,Payload = 0.3 × empty robot,25.556666666666665,kg,16.477311239009744,N m
mass-knee,Payload = 0.3 × empty robot,25.695,kg,16.55839696670944,N m
mass-knee,Payload = 0.3 × empty robot,25.833333333333336,kg,16.639482694409143,N m
mass-knee,Payload = 0.3 × empty robot,25.971666666666668,kg,16.720568422108848,N m
mass-knee,Payload = 0.3 × empty robot,26.11,kg,16.80165414980854,N m
mass-knee,Payload = 0.3 × empty robot,26.248333333333335,kg,16.882739877508243,N m
mass-knee,Payload = 0.3 × empty robot,26.386666666666667,kg,16.963825605207944,N m
mass-knee,Payload = 0.3 × empty robot,26.525,kg,17.04491133290764,N m
mass-knee,Payload = 0.3 × empty robot,26.663333333333334,kg,17.125997060607343,N m
mass-knee,Payload = 0.3 × empty robot,26.80166666666667,kg,17.20708278830704,N m
mass-knee,Payload = 0.3 × empty robot,26.939999999999998,kg,17.28816851600674,N m
mass-knee,Payload = 0.3 × empty robot,27.078333333333333,kg,17.369254243706443,N m
mass-knee,Payload = 0.3 × empty robot,27.21666666666667,kg,17.45033997140614,N m
mass-knee,Payload = 0.3 × empty robot,27.355,kg,17.53142569910584,N m
mass-knee,Payload = 0.3 × empty robot,27.493333333333332,kg,17.612511426805536,N m
mass-knee,Payload = 0.3 × empty robot,27.631666666666668,kg,17.693597154505238,N m
mass-knee,Payload = 0.3 × empty robot,27.77,kg,17.77468288220494,N m
mass-knee,Payload = 0.3 × empty robot,27.90833333333333,kg,17.855768609904636,N m
mass-knee,Payload = 0.3 × empty robot,28.046666666666667,kg,17.936854337604338,N m
mass-knee,Payload = 0.3 × empty robot,28.185,kg,18.017940065304035,N m
mass-knee,Payload = 0.3 × empty robot,28.323333333333334,kg,18.09902579300374,N m
mass-knee,Payload = 0.3 × empty robot,28.461666666666666,kg,18.180111520703434,N m
mass-knee,Payload = 0.3 × empty robot,28.6,kg,18.261197248403136,N m
component-com,Payload COM 300 mm above ground,60.0,mm,359.37726316894697,mm
component-com,Payload COM 300 mm above ground,61.333333333333336,mm,358.6141862458701,mm
component-com,Payload COM 300 mm above ground,62.666666666666664,mm,357.8511093227932,mm
component-com,Payload COM 300 mm above ground,64.0,mm,357.08803239971627,mm
component-com,Payload COM 300 mm above ground,65.33333333333333,mm,356.3249554766393,mm
component-com,Payload COM 300 mm above ground,66.66666666666667,mm,355.5618785535624,mm
component-com,Payload COM 300 mm above ground,68.0,mm,354.7988016304855,mm
component-com,Payload COM 300 mm above ground,69.33333333333333,mm,354.0357247074085,mm
component-com,Payload COM 300 mm above ground,70.66666666666667,mm,353.2726477843316,mm
component-com,Payload COM 300 mm above ground,72.0,mm,352.5095708612547,mm
component-com,Payload COM 300 mm above ground,73.33333333333333,mm,351.7464939381778,mm
component-com,Payload COM 300 mm above ground,74.66666666666667,mm,350.9834170151009,mm
component-com,Payload COM 300 mm above ground,76.0,mm,350.22034009202395,mm
component-com,Payload COM 300 mm above ground,77.33333333333333,mm,349.45726316894707,mm
component-com,Payload COM 300 mm above ground,78.66666666666666,mm,348.6941862458701,mm
component-com,Payload COM 300 mm above ground,80.0,mm,347.93110932279313,mm
component-com,Payload COM 300 mm above ground,81.33333333333333,mm,347.16803239971625,mm
component-com,Payload COM 300 mm above ground,82.66666666666666,mm,346.4049554766394,mm
component-com,Payload COM 300 mm above ground,84.0,mm,345.64187855356244,mm
component-com,Payload COM 300 mm above ground,85.33333333333333,mm,344.87880163048544,mm
component-com,Payload COM 300 mm above ground,86.66666666666666,mm,344.11572470740856,mm
component-com,Payload COM 300 mm above ground,88.0,mm,343.3526477843317,mm
component-com,Payload COM 300 mm above ground,89.33333333333333,mm,342.58957086125474,mm
component-com,Payload COM 300 mm above ground,90.66666666666666,mm,341.82649393817775,mm
component-com,Payload COM 300 mm above ground,92.0,mm,341.0634170151009,mm
component-com,Payload COM 300 mm above ground,93.33333333333333,mm,340.300340092024,mm
component-com,Payload COM 300 mm above ground,94.66666666666666,mm,339.537263168947,mm
component-com,Payload COM 300 mm above ground,96.0,mm,338.77418624587006,mm
component-com,Payload COM 300 mm above ground,97.33333333333333,mm,338.01110932279323,mm
component-com,Payload COM 300 mm above ground,98.66666666666666,mm,337.24803239971624,mm
component-com,Payload COM 300 mm above ground,100.0,mm,336.4849554766393,mm
component-com,Payload COM 300 mm above ground,101.33333333333333,mm,335.7218785535624,mm
component-com,Payload COM 300 mm above ground,102.66666666666666,mm,334.9588016304855,mm
component-com,Payload COM 300 mm above ground,104.0,mm,334.19572470740854,mm
component-com,Payload COM 300 mm above ground,105.33333333333333,mm,333.4326477843316,mm
component-com,Payload COM 300 mm above ground,106.66666666666666,mm,332.6695708612547,mm
component-com,Payload COM 300 mm above ground,108.0,mm,331.90649393817785,mm
component-com,Payload COM 300 mm above ground,109.33333333333333,mm,331.1434170151008,mm
component-com,Payload COM 300 mm above ground,110.66666666666666,mm,330.3803400920239,mm
component-com,Payload COM 300 mm above ground,112.0,mm,329.61726316894703,mm
component-com,Payload COM 300 mm above ground,113.33333333333333,mm,328.8541862458701,mm
component-com,Payload COM 300 mm above ground,114.66666666666666,mm,328.09110932279316,mm
component-com,Payload COM 300 mm above ground,116.0,mm,327.3280323997163,mm
component-com,Payload COM 300 mm above ground,117.33333333333333,mm,326.5649554766394,mm
component-com,Payload COM 300 mm above ground,118.66666666666666,mm,325.8018785535624,mm
component-com,Payload COM 300 mm above ground,120.0,mm,325.03880163048547,mm
component-com,Payload COM 300 mm above ground,121.33333333333333,mm,324.2757247074086,mm
component-com,Payload COM 300 mm above ground,122.66666666666666,mm,323.5126477843317,mm
component-com,Payload COM 300 mm above ground,124.0,mm,322.7495708612547,mm
component-com,Payload COM 300 mm above ground,125.33333333333333,mm,321.9864939381778,mm
component-com,Payload COM 300 mm above ground,126.66666666666666,mm,321.2234170151009,mm
component-com,Payload COM 300 mm above ground,128.0,mm,320.46034009202396,mm
component-com,Payload COM 300 mm above ground,129.33333333333331,mm,319.697263168947,mm
component-com,Payload COM 300 mm above ground,130.66666666666666,mm,318.93418624587014,mm
component-com,Payload COM 300 mm above ground,132.0,mm,318.1711093227932,mm
component-com,Payload COM 300 mm above ground,133.33333333333331,mm,317.4080323997163,mm
component-com,Payload COM 300 mm above ground,134.66666666666666,mm,316.64495547663927,mm
component-com,Payload COM 300 mm above ground,136.0,mm,315.88187855356244,mm
component-com,Payload COM 300 mm above ground,137.33333333333331,mm,315.1188016304855,mm
component-com,Payload COM 300 mm above ground,138.66666666666666,mm,314.35572470740857,mm
component-com,Payload COM 300 mm above ground,140.0,mm,313.5926477843316,mm
component-com,Payload COM 300 mm above ground,141.33333333333331,mm,312.82957086125475,mm
component-com,Payload COM 300 mm above ground,142.66666666666666,mm,312.0664939381778,mm
component-com,Payload COM 300 mm above ground,144.0,mm,311.3034170151008,mm
component-com,Payload COM 300 mm above ground,145.33333333333331,mm,310.54034009202394,mm
component-com,Payload COM 300 mm above ground,146.66666666666666,mm,309.77726316894706,mm
component-com,Payload COM 300 mm above ground,148.0,mm,309.01418624587006,mm
component-com,Payload COM 300 mm above ground,149.33333333333331,mm,308.2511093227931,mm
component-com,Payload COM 300 mm above ground,150.66666666666666,mm,307.48803239971625,mm
component-com,Payload COM 300 mm above ground,152.0,mm,306.7249554766393,mm
component-com,Payload COM 300 mm above ground,153.33333333333331,mm,305.96187855356237,mm
component-com,Payload COM 300 mm above ground,154.66666666666666,mm,305.1988016304855,mm
component-com,Payload COM 300 mm above ground,156.0,mm,304.43572470740855,mm
component-com,Payload COM 300 mm above ground,157.33333333333331,mm,303.6726477843317,mm
component-com,Payload COM 300 mm above ground,158.66666666666666,mm,302.9095708612548,mm
component-com,Payload COM 300 mm above ground,160.0,mm,302.1464939381778,mm
component-com,Payload COM 300 mm above ground,161.33333333333331,mm,301.3834170151009,mm
component-com,Payload COM 300 mm above ground,162.66666666666666,mm,300.620340092024,mm
component-com,Payload COM 300 mm above ground,164.0,mm,299.857263168947,mm
component-com,Payload COM 300 mm above ground,165.33333333333331,mm,299.0941862458701,mm
component-com,Payload COM 300 mm above ground,166.66666666666666,mm,298.3311093227932,mm
component-com,Payload COM 300 mm above ground,168.0,mm,297.5680323997162,mm
component-com,Payload COM 300 mm above ground,169.33333333333331,mm,296.8049554766393,mm
component-com,Payload COM 300 mm above ground,170.66666666666666,mm,296.0418785535624,mm
component-com,Payload COM 300 mm above ground,172.0,mm,295.27880163048553,mm
component-com,Payload COM 300 mm above ground,173.33333333333331,mm,294.51572470740854,mm
component-com,Payload COM 300 mm above ground,174.66666666666666,mm,293.75264778433166,mm
component-com,Payload COM 300 mm above ground,176.0,mm,292.9895708612547,mm
component-com,Payload COM 300 mm above ground,177.33333333333331,mm,292.2264939381778,mm
component-com,Payload COM 300 mm above ground,178.66666666666666,mm,291.46341701510084,mm
component-com,Payload COM 300 mm above ground,180.0,mm,290.70034009202396,mm
component-com,Payload COM 300 mm above ground,181.33333333333331,mm,289.93726316894697,mm
component-com,Payload COM 300 mm above ground,182.66666666666666,mm,289.1741862458701,mm
component-com,Payload COM 300 mm above ground,184.0,mm,288.41110932279315,mm
component-com,Payload COM 300 mm above ground,185.33333333333331,mm,287.64803239971627,mm
component-com,Payload COM 300 mm above ground,186.66666666666666,mm,286.8849554766393,mm
component-com,Payload COM 300 mm above ground,188.0,mm,286.1218785535624,mm
component-com,Payload COM 300 mm above ground,189.33333333333331,mm,285.35880163048546,mm
component-com,Payload COM 300 mm above ground,190.66666666666666,mm,284.5957247074086,mm
component-com,Payload COM 300 mm above ground,192.0,mm,283.8326477843316,mm
component-com,Payload COM 300 mm above ground,193.33333333333331,mm,283.0695708612547,mm
component-com,Payload COM 300 mm above ground,194.66666666666666,mm,282.30649393817777,mm
component-com,Payload COM 300 mm above ground,196.0,mm,281.54341701510083,mm
component-com,Payload COM 300 mm above ground,197.33333333333331,mm,280.7803400920239,mm
component-com,Payload COM 300 mm above ground,198.66666666666666,mm,280.017263168947,mm
component-com,Payload COM 300 mm above ground,200.0,mm,279.25418624587013,mm
component-com,Payload COM 300 mm above ground,201.33333333333331,mm,278.4911093227932,mm
component-com,Payload COM 300 mm above ground,202.66666666666666,mm,277.72803239971626,mm
component-com,Payload COM 300 mm above ground,204.0,mm,276.9649554766394,mm
component-com,Payload COM 300 mm above ground,205.33333333333331,mm,276.20187855356244,mm
component-com,Payload COM 300 mm above ground,206.66666666666666,mm,275.43880163048544,mm
component-com,Payload COM 300 mm above ground,208.0,mm,274.67572470740856,mm
component-com,Payload COM 300 mm above ground,209.33333333333331,mm,273.9126477843316,mm
component-com,Payload COM 300 mm above ground,210.66666666666666,mm,273.14957086125474,mm
component-com,Payload COM 300 mm above ground,212.0,mm,272.38649393817775,mm
component-com,Payload COM 300 mm above ground,213.33333333333331,mm,271.6234170151009,mm
component-com,Payload COM 300 mm above ground,214.66666666666666,mm,270.86034009202393,mm
component-com,Payload COM 300 mm above ground,216.0,mm,270.09726316894705,mm
component-com,Payload COM 300 mm above ground,217.33333333333331,mm,269.33418624587006,mm
component-com,Payload COM 300 mm above ground,218.66666666666666,mm,268.5711093227932,mm
component-com,Payload COM 300 mm above ground,220.0,mm,267.80803239971624,mm
component-com,Payload COM 400 mm above ground,60.0,mm,382.45418624587006,mm
component-com,Payload COM 400 mm above ground,61.333333333333336,mm,381.6911093227932,mm
component-com,Payload COM 400 mm above ground,62.666666666666664,mm,380.9280323997163,mm
component-com,Payload COM 400 mm above ground,64.0,mm,380.1649554766393,mm
component-com,Payload COM 400 mm above ground,65.33333333333333,mm,379.40187855356237,mm
component-com,Payload COM 400 mm above ground,66.66666666666667,mm,378.6388016304855,mm
component-com,Payload COM 400 mm above ground,68.0,mm,377.8757247074086,mm
component-com,Payload COM 400 mm above ground,69.33333333333333,mm,377.11264778433156,mm
component-com,Payload COM 400 mm above ground,70.66666666666667,mm,376.3495708612547,mm
component-com,Payload COM 400 mm above ground,72.0,mm,375.5864939381778,mm
component-com,Payload COM 400 mm above ground,73.33333333333333,mm,374.82341701510086,mm
component-com,Payload COM 400 mm above ground,74.66666666666667,mm,374.0603400920239,mm
component-com,Payload COM 400 mm above ground,76.0,mm,373.29726316894704,mm
component-com,Payload COM 400 mm above ground,77.33333333333333,mm,372.53418624587016,mm
component-com,Payload COM 400 mm above ground,78.66666666666666,mm,371.77110932279317,mm
component-com,Payload COM 400 mm above ground,80.0,mm,371.0080323997162,mm
component-com,Payload COM 400 mm above ground,81.33333333333333,mm,370.24495547663935,mm
component-com,Payload COM 400 mm above ground,82.66666666666666,mm,369.48187855356247,mm
component-com,Payload COM 400 mm above ground,84.0,mm,368.7188016304855,mm
component-com,Payload COM 400 mm above ground,85.33333333333333,mm,367.95572470740854,mm
component-com,Payload COM 400 mm above ground,86.66666666666666,mm,367.19264778433165,mm
component-com,Payload COM 400 mm above ground,88.0,mm,366.4295708612548,mm
component-com,Payload COM 400 mm above ground,89.33333333333333,mm,365.6664939381778,mm
component-com,Payload COM 400 mm above ground,90.66666666666666,mm,364.9034170151009,mm
component-com,Payload COM 400 mm above ground,92.0,mm,364.14034009202396,mm
component-com,Payload COM 400 mm above ground,93.33333333333333,mm,363.3772631689471,mm
component-com,Payload COM 400 mm above ground,94.66666666666666,mm,362.61418624587003,mm
component-com,Payload COM 400 mm above ground,96.0,mm,361.8511093227932,mm
component-com,Payload COM 400 mm above ground,97.33333333333333,mm,361.08803239971627,mm
component-com,Payload COM 400 mm above ground,98.66666666666666,mm,360.32495547663933,mm
component-com,Payload COM 400 mm above ground,100.0,mm,359.56187855356234,mm
component-com,Payload COM 400 mm above ground,101.33333333333333,mm,358.7988016304855,mm
component-com,Payload COM 400 mm above ground,102.66666666666666,mm,358.0357247074085,mm
component-com,Payload COM 400 mm above ground,104.0,mm,357.27264778433164,mm
component-com,Payload COM 400 mm above ground,105.33333333333333,mm,356.5095708612547,mm
component-com,Payload COM 400 mm above ground,106.66666666666666,mm,355.7464939381778,mm
component-com,Payload COM 400 mm above ground,108.0,mm,354.9834170151009,mm
component-com,Payload COM 400 mm above ground,109.33333333333333,mm,354.2203400920239,mm
component-com,Payload COM 400 mm above ground,110.66666666666666,mm,353.457263168947,mm
component-com,Payload COM 400 mm above ground,112.0,mm,352.6941862458701,mm
component-com,Payload COM 400 mm above ground,113.33333333333333,mm,351.93110932279313,mm
component-com,Payload COM 400 mm above ground,114.66666666666666,mm,351.16803239971625,mm
component-com,Payload COM 400 mm above ground,116.0,mm,350.4049554766393,mm
component-com,Payload COM 400 mm above ground,117.33333333333333,mm,349.64187855356244,mm
component-com,Payload COM 400 mm above ground,118.66666666666666,mm,348.8788016304855,mm
component-com,Payload COM 400 mm above ground,120.0,mm,348.11572470740856,mm
component-com,Payload COM 400 mm above ground,121.33333333333333,mm,347.3526477843317,mm
component-com,Payload COM 400 mm above ground,122.66666666666666,mm,346.58957086125474,mm
component-com,Payload COM 400 mm above ground,124.0,mm,345.8264939381778,mm
component-com,Payload COM 400 mm above ground,125.33333333333333,mm,345.06341701510087,mm
component-com,Payload COM 400 mm above ground,126.66666666666666,mm,344.300340092024,mm
component-com,Payload COM 400 mm above ground,128.0,mm,343.537263168947,mm
component-com,Payload COM 400 mm above ground,129.33333333333331,mm,342.7741862458701,mm
component-com,Payload COM 400 mm above ground,130.66666666666666,mm,342.0111093227932,mm
component-com,Payload COM 400 mm above ground,132.0,mm,341.2480323997163,mm
component-com,Payload COM 400 mm above ground,133.33333333333331,mm,340.48495547663936,mm
component-com,Payload COM 400 mm above ground,134.66666666666666,mm,339.7218785535624,mm
component-com,Payload COM 400 mm above ground,136.0,mm,338.9588016304855,mm
component-com,Payload COM 400 mm above ground,137.33333333333331,mm,338.1957247074086,mm
component-com,Payload COM 400 mm above ground,138.66666666666666,mm,337.4326477843316,mm
component-com,Payload COM 400 mm above ground,140.0,mm,336.6695708612547,mm
component-com,Payload COM 400 mm above ground,141.33333333333331,mm,335.9064939381778,mm
component-com,Payload COM 400 mm above ground,142.66666666666666,mm,335.1434170151009,mm
component-com,Payload COM 400 mm above ground,144.0,mm,334.3803400920239,mm
component-com,Payload COM 400 mm above ground,145.33333333333331,mm,333.61726316894703,mm
component-com,Payload COM 400 mm above ground,146.66666666666666,mm,332.8541862458701,mm
component-com,Payload COM 400 mm above ground,148.0,mm,332.09110932279316,mm
component-com,Payload COM 400 mm above ground,149.33333333333331,mm,331.3280323997162,mm
component-com,Payload COM 400 mm above ground,150.66666666666666,mm,330.56495547663934,mm
component-com,Payload COM 400 mm above ground,152.0,mm,329.80187855356235,mm
component-com,Payload COM 400 mm above ground,153.33333333333331,mm,329.03880163048547,mm
component-com,Payload COM 400 mm above ground,154.66666666666666,mm,328.2757247074086,mm
component-com,Payload COM 400 mm above ground,156.0,mm,327.51264778433165,mm
component-com,Payload COM 400 mm above ground,157.33333333333331,mm,326.7495708612547,mm
component-com,Payload COM 400 mm above ground,158.66666666666666,mm,325.98649393817783,mm
component-com,Payload COM 400 mm above ground,160.0,mm,325.2234170151009,mm
component-com,Payload COM 400 mm above ground,161.33333333333331,mm,324.46034009202396,mm
component-com,Payload COM 400 mm above ground,162.66666666666666,mm,323.6972631689471,mm
component-com,Payload COM 400 mm above ground,164.0,mm,322.9341862458701,mm
component-com,Payload COM 400 mm above ground,165.33333333333331,mm,322.1711093227932,mm
component-com,Payload COM 400 mm above ground,166.66666666666666,mm,321.40803239971626,mm
component-com,Payload COM 400 mm above ground,168.0,mm,320.64495547663927,mm
component-com,Payload COM 400 mm above ground,169.33333333333331,mm,319.8818785535624,mm
component-com,Payload COM 400 mm above ground,170.66666666666666,mm,319.1188016304855,mm
component-com,Payload COM 400 mm above ground,172.0,mm,318.35572470740857,mm
component-com,Payload COM 400 mm above ground,173.33333333333331,mm,317.5926477843317,mm
component-com,Payload COM 400 mm above ground,174.66666666666666,mm,316.8295708612547,mm
component-com,Payload COM 400 mm above ground,176.0,mm,316.0664939381778,mm
component-com,Payload COM 400 mm above ground,177.33333333333331,mm,315.3034170151008,mm
component-com,Payload COM 400 mm above ground,178.66666666666666,mm,314.540340092024,mm
component-com,Payload COM 400 mm above ground,180.0,mm,313.777263168947,mm
component-com,Payload COM 400 mm above ground,181.33333333333331,mm,313.0141862458701,mm
component-com,Payload COM 400 mm above ground,182.66666666666666,mm,312.2511093227932,mm
component-com,Payload COM 400 mm above ground,184.0,mm,311.48803239971625,mm
component-com,Payload COM 400 mm above ground,185.33333333333331,mm,310.7249554766393,mm
component-com,Payload COM 400 mm above ground,186.66666666666666,mm,309.9618785535624,mm
component-com,Payload COM 400 mm above ground,188.0,mm,309.1988016304855,mm
component-com,Payload COM 400 mm above ground,189.33333333333331,mm,308.43572470740855,mm
component-com,Payload COM 400 mm above ground,190.66666666666666,mm,307.6726477843316,mm
component-com,Payload COM 400 mm above ground,192.0,mm,306.90957086125474,mm
component-com,Payload COM 400 mm above ground,193.33333333333331,mm,306.1464939381778,mm
component-com,Payload COM 400 mm above ground,194.66666666666666,mm,305.38341701510086,mm
component-com,Payload COM 400 mm above ground,196.0,mm,304.6203400920239,mm
component-com,Payload COM 400 mm above ground,197.33333333333331,mm,303.85726316894704,mm
component-com,Payload COM 400 mm above ground,198.66666666666666,mm,303.09418624587005,mm
component-com,Payload COM 400 mm above ground,200.0,mm,302.33110932279317,mm
component-com,Payload COM 400 mm above ground,201.33333333333331,mm,301.5680323997163,mm
component-com,Payload COM 400 mm above ground,202.66666666666666,mm,300.80495547663935,mm
component-com,Payload COM 400 mm above ground,204.0,mm,300.04187855356247,mm
component-com,Payload COM 400 mm above ground,205.33333333333331,mm,299.2788016304855,mm
component-com,Payload COM 400 mm above ground,206.66666666666666,mm,298.5157247074086,mm
component-com,Payload COM 400 mm above ground,208.0,mm,297.7526477843317,mm
component-com,Payload COM 400 mm above ground,209.33333333333331,mm,296.9895708612547,mm
component-com,Payload COM 400 mm above ground,210.66666666666666,mm,296.2264939381778,mm
component-com,Payload COM 400 mm above ground,212.0,mm,295.4634170151009,mm
component-com,Payload COM 400 mm above ground,213.33333333333331,mm,294.70034009202396,mm
component-com,Payload COM 400 mm above ground,214.66666666666666,mm,293.937263168947,mm
component-com,Payload COM 400 mm above ground,216.0,mm,293.1741862458701,mm
component-com,Payload COM 400 mm above ground,217.33333333333331,mm,292.4111093227932,mm
component-com,Payload COM 400 mm above ground,218.66666666666666,mm,291.6480323997162,mm
component-com,Payload COM 400 mm above ground,220.0,mm,290.88495547663933,mm
component-com,Payload COM 500 mm above ground,60.0,mm,405.5311093227931,mm
component-com,Payload COM 500 mm above ground,61.333333333333336,mm,404.7680323997163,mm
component-com,Payload COM 500 mm above ground,62.666666666666664,mm,404.00495547663934,mm
component-com,Payload COM 500 mm above ground,64.0,mm,403.2418785535624,mm
component-com,Payload COM 500 mm above ground,65.33333333333333,mm,402.47880163048546,mm
component-com,Payload COM 500 mm above ground,66.66666666666667,mm,401.7157247074086,mm
component-com,Payload COM 500 mm above ground,68.0,mm,400.95264778433165,mm
component-com,Payload COM 500 mm above ground,69.33333333333333,mm,400.18957086125465,mm
component-com,Payload COM 500 mm above ground,70.66666666666667,mm,399.42649393817777,mm
component-com,Payload COM 500 mm above ground,72.0,mm,398.6634170151009,mm
component-com,Payload COM 500 mm above ground,73.33333333333333,mm,397.9003400920239,mm
component-com,Payload COM 500 mm above ground,74.66666666666667,mm,397.137263168947,mm
component-com,Payload COM 500 mm above ground,76.0,mm,396.3741862458701,mm
component-com,Payload COM 500 mm above ground,77.33333333333333,mm,395.6111093227932,mm
component-com,Payload COM 500 mm above ground,78.66666666666666,mm,394.84803239971626,mm
component-com,Payload COM 500 mm above ground,80.0,mm,394.0849554766393,mm
component-com,Payload COM 500 mm above ground,81.33333333333333,mm,393.32187855356244,mm
component-com,Payload COM 500 mm above ground,82.66666666666666,mm,392.5588016304855,mm
component-com,Payload COM 500 mm above ground,84.0,mm,391.79572470740857,mm
component-com,Payload COM 500 mm above ground,85.33333333333333,mm,391.03264778433163,mm
component-com,Payload COM 500 mm above ground,86.66666666666666,mm,390.26957086125475,mm
component-com,Payload COM 500 mm above ground,88.0,mm,389.5064939381778,mm
component-com,Payload COM 500 mm above ground,89.33333333333333,mm,388.7434170151009,mm
component-com,Payload COM 500 mm above ground,90.66666666666666,mm,387.98034009202394,mm
component-com,Payload COM 500 mm above ground,92.0,mm,387.21726316894706,mm
component-com,Payload COM 500 mm above ground,93.33333333333333,mm,386.4541862458701,mm
component-com,Payload COM 500 mm above ground,94.66666666666666,mm,385.6911093227932,mm
component-com,Payload COM 500 mm above ground,96.0,mm,384.92803239971624,mm
component-com,Payload COM 500 mm above ground,97.33333333333333,mm,384.16495547663936,mm
component-com,Payload COM 500 mm above ground,98.66666666666666,mm,383.40187855356237,mm
component-com,Payload COM 500 mm above ground,100.0,mm,382.6388016304855,mm
component-com,Payload COM 500 mm above ground,101.33333333333333,mm,381.87572470740855,mm
component-com,Payload COM 500 mm above ground,102.66666666666666,mm,381.1126477843316,mm
component-com,Payload COM 500 mm above ground,104.0,mm,380.3495708612547,mm
component-com,Payload COM 500 mm above ground,105.33333333333333,mm,379.5864939381778,mm
component-com,Payload COM 500 mm above ground,106.66666666666666,mm,378.82341701510086,mm
component-com,Payload COM 500 mm above ground,108.0,mm,378.060340092024,mm
component-com,Payload COM 500 mm above ground,109.33333333333333,mm,377.297263168947,mm
component-com,Payload COM 500 mm above ground,110.66666666666666,mm,376.5341862458701,mm
component-com,Payload COM 500 mm above ground,112.0,mm,375.77110932279317,mm
component-com,Payload COM 500 mm above ground,113.33333333333333,mm,375.0080323997162,mm
component-com,Payload COM 500 mm above ground,114.66666666666666,mm,374.24495547663935,mm
component-com,Payload COM 500 mm above ground,116.0,mm,373.4818785535624,mm
component-com,Payload COM 500 mm above ground,117.33333333333333,mm,372.7188016304855,mm
component-com,Payload COM 500 mm above ground,118.66666666666666,mm,371.95572470740854,mm
component-com,Payload COM 500 mm above ground,120.0,mm,371.19264778433165,mm
component-com,Payload COM 500 mm above ground,121.33333333333333,mm,370.4295708612547,mm
component-com,Payload COM 500 mm above ground,122.66666666666666,mm,369.66649393817784,mm
component-com,Payload COM 500 mm above ground,124.0,mm,368.9034170151009,mm
component-com,Payload COM 500 mm above ground,125.33333333333333,mm,368.14034009202396,mm
component-com,Payload COM 500 mm above ground,126.66666666666666,mm,367.377263168947,mm
component-com,Payload COM 500 mm above ground,128.0,mm,366.6141862458701,mm
component-com,Payload COM 500 mm above ground,129.33333333333331,mm,365.8511093227932,mm
component-com,Payload COM 500 mm above ground,130.66666666666666,mm,365.08803239971627,mm
component-com,Payload COM 500 mm above ground,132.0,mm,364.32495547663933,mm
component-com,Payload COM 500 mm above ground,133.33333333333331,mm,363.56187855356245,mm
component-com,Payload COM 500 mm above ground,134.66666666666666,mm,362.79880163048546,mm
component-com,Payload COM 500 mm above ground,136.0,mm,362.0357247074086,mm
component-com,Payload COM 500 mm above ground,137.33333333333331,mm,361.27264778433164,mm
component-com,Payload COM 500 mm above ground,138.66666666666666,mm,360.50957086125476,mm
component-com,Payload COM 500 mm above ground,140.0,mm,359.74649393817776,mm
component-com,Payload COM 500 mm above ground,141.33333333333331,mm,358.9834170151009,mm
component-com,Payload COM 500 mm above ground,142.66666666666666,mm,358.22034009202395,mm
component-com,Payload COM 500 mm above ground,144.0,mm,357.457263168947,mm
component-com,Payload COM 500 mm above ground,145.33333333333331,mm,356.69418624587007,mm
component-com,Payload COM 500 mm above ground,146.66666666666666,mm,355.9311093227932,mm
component-com,Payload COM 500 mm above ground,148.0,mm,355.16803239971625,mm
component-com,Payload COM 500 mm above ground,149.33333333333331,mm,354.4049554766393,mm
component-com,Payload COM 500 mm above ground,150.66666666666666,mm,353.6418785535624,mm
component-com,Payload COM 500 mm above ground,152.0,mm,352.87880163048544,mm
component-com,Payload COM 500 mm above ground,153.33333333333331,mm,352.11572470740856,mm
component-com,Payload COM 500 mm above ground,154.66666666666666,mm,351.3526477843317,mm
component-com,Payload COM 500 mm above ground,156.0,mm,350.5895708612547,mm
component-com,Payload COM 500 mm above ground,157.33333333333331,mm,349.8264939381778,mm
component-com,Payload COM 500 mm above ground,158.66666666666666,mm,349.0634170151009,mm
component-com,Payload COM 500 mm above ground,160.0,mm,348.30034009202393,mm
component-com,Payload COM 500 mm above ground,161.33333333333331,mm,347.53726316894705,mm
component-com,Payload COM 500 mm above ground,162.66666666666666,mm,346.77418624587017,mm
component-com,Payload COM 500 mm above ground,164.0,mm,346.0111093227932,mm
component-com,Payload COM 500 mm above ground,165.33333333333331,mm,345.24803239971624,mm
component-com,Payload COM 500 mm above ground,166.66666666666666,mm,344.48495547663936,mm
component-com,Payload COM 500 mm above ground,168.0,mm,343.72187855356236,mm
component-com,Payload COM 500 mm above ground,169.33333333333331,mm,342.9588016304855,mm
component-com,Payload COM 500 mm above ground,170.66666666666666,mm,342.19572470740854,mm
component-com,Payload COM 500 mm above ground,172.0,mm,341.43264778433166,mm
component-com,Payload COM 500 mm above ground,173.33333333333331,mm,340.6695708612547,mm
component-com,Payload COM 500 mm above ground,174.66666666666666,mm,339.9064939381778,mm
component-com,Payload COM 500 mm above ground,176.0,mm,339.14341701510085,mm
component-com,Payload COM 500 mm above ground,177.33333333333331,mm,338.38034009202397,mm
component-com,Payload COM 500 mm above ground,178.66666666666666,mm,337.61726316894703,mm
component-com,Payload COM 500 mm above ground,180.0,mm,336.8541862458701,mm
component-com,Payload COM 500 mm above ground,181.33333333333331,mm,336.09110932279316,mm
component-com,Payload COM 500 mm above ground,182.66666666666666,mm,335.32803239971634,mm
component-com,Payload COM 500 mm above ground,184.0,mm,334.5649554766393,mm
component-com,Payload COM 500 mm above ground,185.33333333333331,mm,333.8018785535624,mm
component-com,Payload COM 500 mm above ground,186.66666666666666,mm,333.03880163048547,mm
component-com,Payload COM 500 mm above ground,188.0,mm,332.2757247074086,mm
component-com,Payload COM 500 mm above ground,189.33333333333331,mm,331.5126477843316,mm
component-com,Payload COM 500 mm above ground,190.66666666666666,mm,330.7495708612547,mm
component-com,Payload COM 500 mm above ground,192.0,mm,329.98649393817783,mm
component-com,Payload COM 500 mm above ground,193.33333333333331,mm,329.2234170151009,mm
component-com,Payload COM 500 mm above ground,194.66666666666666,mm,328.4603400920239,mm
component-com,Payload COM 500 mm above ground,196.0,mm,327.697263168947,mm
component-com,Payload COM 500 mm above ground,197.33333333333331,mm,326.93418624587014,mm
component-com,Payload COM 500 mm above ground,198.66666666666666,mm,326.17110932279314,mm
component-com,Payload COM 500 mm above ground,200.0,mm,325.4080323997162,mm
component-com,Payload COM 500 mm above ground,201.33333333333331,mm,324.6449554766393,mm
component-com,Payload COM 500 mm above ground,202.66666666666666,mm,323.88187855356244,mm
component-com,Payload COM 500 mm above ground,204.0,mm,323.1188016304855,mm
component-com,Payload COM 500 mm above ground,205.33333333333331,mm,322.35572470740857,mm
component-com,Payload COM 500 mm above ground,206.66666666666666,mm,321.5926477843317,mm
component-com,Payload COM 500 mm above ground,208.0,mm,320.8295708612548,mm
component-com,Payload COM 500 mm above ground,209.33333333333331,mm,320.06649393817776,mm
component-com,Payload COM 500 mm above ground,210.66666666666666,mm,319.3034170151009,mm
component-com,Payload COM 500 mm above ground,212.0,mm,318.540340092024,mm
component-com,Payload COM 500 mm above ground,213.33333333333331,mm,317.77726316894706,mm
component-com,Payload COM 500 mm above ground,214.66666666666666,mm,317.01418624587006,mm
component-com,Payload COM 500 mm above ground,216.0,mm,316.2511093227932,mm
component-com,Payload COM 500 mm above ground,217.33333333333331,mm,315.48803239971625,mm
component-com,Payload COM 500 mm above ground,218.66666666666666,mm,314.7249554766393,mm
component-com,Payload COM 500 mm above ground,220.0,mm,313.96187855356237,mm
com-slope,Fore/aft; centered COM,250.0,mm,37.95423087513252,deg
com-slope,Fore/aft; centered COM,252.08333333333334,mm,37.95423087513252,deg
com-slope,Fore/aft; centered COM,254.16666666666666,mm,37.95423087513252,deg
com-slope,Fore/aft; centered COM,256.25,mm,37.95423087513252,deg
com-slope,Fore/aft; centered COM,258.3333333333333,mm,37.95423087513252,deg
com-slope,Fore/aft; centered COM,260.4166666666667,mm,37.95423087513252,deg
com-slope,Fore/aft; centered COM,262.5,mm,37.95423087513252,deg
com-slope,Fore/aft; centered COM,264.5833333333333,mm,37.95423087513252,deg
com-slope,Fore/aft; centered COM,266.6666666666667,mm,37.95423087513252,deg
com-slope,Fore/aft; centered COM,268.75,mm,37.95423087513252,deg
com-slope,Fore/aft; centered COM,270.8333333333333,mm,37.95423087513252,deg
com-slope,Fore/aft; centered COM,272.9166666666667,mm,37.95423087513252,deg
com-slope,Fore/aft; centered COM,275.0,mm,37.95423087513252,deg
com-slope,Fore/aft; centered COM,277.0833333333333,mm,37.95423087513252,deg
com-slope,Fore/aft; centered COM,279.1666666666667,mm,37.95423087513252,deg
com-slope,Fore/aft; centered COM,281.25,mm,37.95423087513252,deg
com-slope,Fore/aft; centered COM,283.3333333333333,mm,37.95423087513252,deg
com-slope,Fore/aft; centered COM,285.4166666666667,mm,37.95423087513252,deg
com-slope,Fore/aft; centered COM,287.5,mm,37.95423087513252,deg
com-slope,Fore/aft; centered COM,289.5833333333333,mm,37.95423087513252,deg
com-slope,Fore/aft; centered COM,291.6666666666667,mm,37.95423087513252,deg
com-slope,Fore/aft; centered COM,293.75,mm,37.95423087513252,deg
com-slope,Fore/aft; centered COM,295.8333333333333,mm,37.95423087513252,deg
com-slope,Fore/aft; centered COM,297.9166666666667,mm,37.95423087513252,deg
com-slope,Fore/aft; centered COM,300.0,mm,37.95423087513252,deg
com-slope,Fore/aft; centered COM,302.0833333333333,mm,37.95423087513252,deg
com-slope,Fore/aft; centered COM,304.1666666666667,mm,37.95423087513252,deg
com-slope,Fore/aft; centered COM,306.25,mm,37.95423087513252,deg
com-slope,Fore/aft; centered COM,308.3333333333333,mm,37.95423087513252,deg
com-slope,Fore/aft; centered COM,310.4166666666667,mm,37.95423087513252,deg
com-slope,Fore/aft; centered COM,312.5,mm,37.95423087513252,deg
com-slope,Fore/aft; centered COM,314.58333333333337,mm,37.95423087513252,deg
com-slope,Fore/aft; centered COM,316.6666666666667,mm,37.95423087513252,deg
com-slope,Fore/aft; centered COM,318.75,mm,37.95423087513252,deg
com-slope,Fore/aft; centered COM,320.83333333333337,mm,37.95423087513252,deg
com-slope,Fore/aft; centered COM,322.9166666666667,mm,37.95423087513252,deg
com-slope,Fore/aft; centered COM,325.0,mm,37.95423087513252,deg
com-slope,Fore/aft; centered COM,327.08333333333337,mm,37.95423087513252,deg
com-slope,Fore/aft; centered COM,329.1666666666667,mm,37.95423087513252,deg
com-slope,Fore/aft; centered COM,331.25,mm,37.95423087513252,deg
com-slope,Fore/aft; centered COM,333.33333333333337,mm,37.95423087513252,deg
com-slope,Fore/aft; centered COM,335.4166666666667,mm,37.95423087513252,deg
com-slope,Fore/aft; centered COM,337.5,mm,37.95423087513252,deg
com-slope,Fore/aft; centered COM,339.58333333333337,mm,37.95423087513252,deg
com-slope,Fore/aft; centered COM,341.6666666666667,mm,37.95423087513252,deg
com-slope,Fore/aft; centered COM,343.75,mm,37.95423087513252,deg
com-slope,Fore/aft; centered COM,345.83333333333337,mm,37.95423087513252,deg
com-slope,Fore/aft; centered COM,347.9166666666667,mm,37.95423087513252,deg
com-slope,Fore/aft; centered COM,350.0,mm,37.95423087513252,deg
com-slope,Fore/aft; centered COM,352.08333333333337,mm,37.95423087513252,deg
com-slope,Fore/aft; centered COM,354.1666666666667,mm,37.95423087513252,deg
com-slope,Fore/aft; centered COM,356.25,mm,37.95423087513252,deg
com-slope,Fore/aft; centered COM,358.33333333333337,mm,37.95423087513252,deg
com-slope,Fore/aft; centered COM,360.4166666666667,mm,37.84286975770462,deg
com-slope,Fore/aft; centered COM,362.5,mm,37.682992767675216,deg
com-slope,Fore/aft; centered COM,364.58333333333337,mm,37.52426261445177,deg
com-slope,Fore/aft; centered COM,366.6666666666667,mm,37.366669412768694,deg
com-slope,Fore/aft; centered COM,368.75,mm,37.210203349649795,deg
com-slope,Fore/aft; centered COM,370.83333333333337,mm,37.05485468473638,deg
com-slope,Fore/aft; centered COM,372.9166666666667,mm,36.900613750574614,deg
com-slope,Fore/aft; centered COM,375.0,mm,36.747470952863914,deg
com-slope,Fore/aft; centered COM,377.08333333333337,mm,36.59541677066752,deg
com-slope,Fore/aft; centered COM,379.1666666666667,mm,36.4444417565871,deg
com-slope,Fore/aft; centered COM,381.25,mm,36.29453653690251,deg
com-slope,Fore/aft; centered COM,383.33333333333337,mm,36.14569181167815,deg
com-slope,Fore/aft; centered COM,385.4166666666667,mm,35.99789835483739,deg
com-slope,Fore/aft; centered COM,387.5,mm,35.85114701420616,deg
com-slope,Fore/aft; centered COM,389.58333333333337,mm,35.70542871152707,deg
com-slope,Fore/aft; centered COM,391.6666666666667,mm,35.56073444244533,deg
com-slope,Fore/aft; centered COM,393.75,mm,35.41705527646742,deg
com-slope,Fore/aft; centered COM,395.83333333333337,mm,35.27438235689405,deg
com-slope,Fore/aft; centered COM,397.9166666666667,mm,35.13270690072804,deg
com-slope,Fore/aft; centered COM,400.0,mm,34.99202019855866,deg
com-slope,Fore/aft; centered COM,402.08333333333337,mm,34.85231361442313,deg
com-slope,Fore/aft; centered COM,404.1666666666667,mm,34.71357858564646,deg
com-slope,Fore/aft; centered COM,406.25,mm,34.575806622660565,deg
com-slope,Fore/aft; centered COM,408.33333333333337,mm,34.43898930880361,deg
com-slope,Fore/aft; centered COM,410.4166666666667,mm,34.30311830010049,deg
com-slope,Fore/aft; centered COM,412.5,mm,34.16818532502534,deg
com-slope,Fore/aft; centered COM,414.58333333333337,mm,34.034182184246895,deg
com-slope,Fore/aft; centered COM,416.6666666666667,mm,33.901100750357664,deg
com-slope,Fore/aft; centered COM,418.75,mm,33.76893296758749,deg
com-slope,Fore/aft; centered COM,420.83333333333337,mm,33.63767085150248,deg
com-slope,Fore/aft; centered COM,422.9166666666667,mm,33.507306488690034,deg
com-slope,Fore/aft; centered COM,425.0,mm,33.377832036430426,deg
com-slope,Fore/aft; centered COM,427.08333333333337,mm,33.24923972235613,deg
com-slope,Fore/aft; centered COM,429.1666666666667,mm,33.121521844099036,deg
com-slope,Fore/aft; centered COM,431.25,mm,32.99467076892663,deg
com-slope,Fore/aft; centered COM,433.33333333333337,mm,32.8686789333675,deg
com-slope,Fore/aft; centered COM,435.4166666666667,mm,32.74353884282687,deg
com-slope,Fore/aft; centered COM,437.5,mm,32.61924307119282,deg
com-slope,Fore/aft; centered COM,439.58333333333337,mm,32.49578426043356,deg
com-slope,Fore/aft; centered COM,441.6666666666667,mm,32.37315512018652,deg
com-slope,Fore/aft; centered COM,443.75,mm,32.25134842733967,deg
com-slope,Fore/aft; centered COM,445.83333333333337,mm,32.130357025605534,deg
com-slope,Fore/aft; centered COM,447.9166666666667,mm,32.01017382508847,deg
com-slope,Fore/aft; centered COM,450.0,mm,31.890791801845708,deg
com-slope,Fore/aft; centered COM,452.08333333333337,mm,31.77220399744241,deg
com-slope,Fore/aft; centered COM,454.1666666666667,mm,31.654403518501496,deg
com-slope,Fore/aft; centered COM,456.25,mm,31.537383536248267,deg
com-slope,Fore/aft; centered COM,458.33333333333337,mm,31.421137286050662,deg
com-slope,Fore/aft; centered COM,460.4166666666667,mm,31.30565806695512,deg
com-slope,Fore/aft; centered COM,462.5,mm,31.19093924121872,deg
com-slope,Fore/aft; centered COM,464.58333333333337,mm,31.076974233837817,deg
com-slope,Fore/aft; centered COM,466.6666666666667,mm,30.96375653207352,deg
com-slope,Fore/aft; centered COM,468.75,mm,30.851279684974404,deg
com-slope,Fore/aft; centered COM,470.83333333333337,mm,30.739537302896714,deg
com-slope,Fore/aft; centered COM,472.9166666666667,mm,30.6285230570224,deg
com-slope,Fore/aft; centered COM,475.0,mm,30.518230678875227,deg
com-slope,Fore/aft; centered COM,477.08333333333337,mm,30.40865395983533,deg
com-slope,Fore/aft; centered COM,479.1666666666667,mm,30.299786750652366,deg
com-slope,Fore/aft; centered COM,481.25,mm,30.19162296095761,deg
com-slope,Fore/aft; centered COM,483.33333333333337,mm,30.0841565587752,deg
com-slope,Fore/aft; centered COM,485.4166666666667,mm,29.97738157003281,deg
com-slope,Fore/aft; centered COM,487.5,mm,29.87129207807186,deg
com-slope,Fore/aft; centered COM,489.58333333333337,mm,29.76588222315764,deg
com-slope,Fore/aft; centered COM,491.6666666666667,mm,29.661146201989443,deg
com-slope,Fore/aft; centered COM,493.75,mm,29.55707826721093,deg
com-slope,Fore/aft; centered COM,495.83333333333337,mm,29.453672726920942,deg
com-slope,Fore/aft; centered COM,497.9166666666667,mm,29.3509239441849,deg
com-slope,Fore/aft; centered COM,500.0,mm,29.248826336546973,deg
com-slope,Fore/aft; 35 mm adverse offset,250.0,mm,37.95423087513252,deg
com-slope,Fore/aft; 35 mm adverse offset,252.08333333333334,mm,37.95423087513252,deg
com-slope,Fore/aft; 35 mm adverse offset,254.16666666666666,mm,37.95423087513252,deg
com-slope,Fore/aft; 35 mm adverse offset,256.25,mm,37.95423087513252,deg
com-slope,Fore/aft; 35 mm adverse offset,258.3333333333333,mm,37.95423087513252,deg
com-slope,Fore/aft; 35 mm adverse offset,260.4166666666667,mm,37.95423087513252,deg
com-slope,Fore/aft; 35 mm adverse offset,262.5,mm,37.95423087513252,deg
com-slope,Fore/aft; 35 mm adverse offset,264.5833333333333,mm,37.95423087513252,deg
com-slope,Fore/aft; 35 mm adverse offset,266.6666666666667,mm,37.95423087513252,deg
com-slope,Fore/aft; 35 mm adverse offset,268.75,mm,37.95423087513252,deg
com-slope,Fore/aft; 35 mm adverse offset,270.8333333333333,mm,37.95423087513252,deg
com-slope,Fore/aft; 35 mm adverse offset,272.9166666666667,mm,37.95423087513252,deg
com-slope,Fore/aft; 35 mm adverse offset,275.0,mm,37.95423087513252,deg
com-slope,Fore/aft; 35 mm adverse offset,277.0833333333333,mm,37.95423087513252,deg
com-slope,Fore/aft; 35 mm adverse offset,279.1666666666667,mm,37.95423087513252,deg
com-slope,Fore/aft; 35 mm adverse offset,281.25,mm,37.95423087513252,deg
com-slope,Fore/aft; 35 mm adverse offset,283.3333333333333,mm,37.95423087513252,deg
com-slope,Fore/aft; 35 mm adverse offset,285.4166666666667,mm,37.95423087513252,deg
com-slope,Fore/aft; 35 mm adverse offset,287.5,mm,37.95423087513252,deg
com-slope,Fore/aft; 35 mm adverse offset,289.5833333333333,mm,37.95423087513252,deg
com-slope,Fore/aft; 35 mm adverse offset,291.6666666666667,mm,37.95423087513252,deg
com-slope,Fore/aft; 35 mm adverse offset,293.75,mm,37.95423087513252,deg
com-slope,Fore/aft; 35 mm adverse offset,295.8333333333333,mm,37.95423087513252,deg
com-slope,Fore/aft; 35 mm adverse offset,297.9166666666667,mm,37.95423087513252,deg
com-slope,Fore/aft; 35 mm adverse offset,300.0,mm,37.95423087513252,deg
com-slope,Fore/aft; 35 mm adverse offset,302.0833333333333,mm,37.95423087513252,deg
com-slope,Fore/aft; 35 mm adverse offset,304.1666666666667,mm,37.95423087513252,deg
com-slope,Fore/aft; 35 mm adverse offset,306.25,mm,37.95423087513252,deg
com-slope,Fore/aft; 35 mm adverse offset,308.3333333333333,mm,37.95423087513252,deg
com-slope,Fore/aft; 35 mm adverse offset,310.4166666666667,mm,37.95423087513252,deg
com-slope,Fore/aft; 35 mm adverse offset,312.5,mm,37.95423087513252,deg
com-slope,Fore/aft; 35 mm adverse offset,314.58333333333337,mm,37.91174200519643,deg
com-slope,Fore/aft; 35 mm adverse offset,316.6666666666667,mm,37.7285544494189,deg
com-slope,Fore/aft; 35 mm adverse offset,318.75,mm,37.54686851156963,deg
com-slope,Fore/aft; 35 mm adverse offset,320.83333333333337,mm,37.366669412768694,deg
com-slope,Fore/aft; 35 mm adverse offset,322.9166666666667,mm,37.18794249736924,deg
com-slope,Fore/aft; 35 mm adverse offset,325.0,mm,37.0106732336031,deg
com-slope,Fore/aft; 35 mm adverse offset,327.08333333333337,mm,36.834847214135756,deg
com-slope,Fore/aft; 35 mm adverse offset,329.1666666666667,mm,36.660450156534736,deg
com-slope,Fore/aft; 35 mm adverse offset,331.25,mm,36.487467903654995,deg
com-slope,Fore/aft; 35 mm adverse offset,333.33333333333337,mm,36.31588642394517,deg
com-slope,Fore/aft; 35 mm adverse offset,335.4166666666667,mm,36.14569181167815,deg
com-slope,Fore/aft; 35 mm adverse offset,337.5,mm,35.97687028710932,deg
com-slope,Fore/aft; 35 mm adverse offset,339.58333333333337,mm,35.80940819656607,deg
com-slope,Fore/aft; 35 mm adverse offset,341.6666666666667,mm,35.64329201247136,deg
com-slope,Fore/aft; 35 mm adverse offset,343.75,mm,35.4785083333049,deg
com-slope,Fore/aft; 35 mm adverse offset,345.83333333333337,mm,35.31504388350454,deg
com-slope,Fore/aft; 35 mm adverse offset,347.9166666666667,mm,35.15288551331102,deg
com-slope,Fore/aft; 35 mm adverse offset,350.0,mm,34.99202019855866,deg
com-slope,Fore/aft; 35 mm adverse offset,352.08333333333337,mm,34.83243504041493,deg
com-slope,Fore/aft; 35 mm adverse offset,354.1666666666667,mm,34.674117265071224,deg
com-slope,Fore/aft; 35 mm adverse offset,356.25,mm,34.517054223387525,deg
com-slope,Fore/aft; 35 mm adverse offset,358.33333333333337,mm,34.36123339049323,deg
com-slope,Fore/aft; 35 mm adverse offset,360.4166666666667,mm,34.20664236534661,deg
com-slope,Fore/aft; 35 mm adverse offset,362.5,mm,34.05326887025494,deg
com-slope,Fore/aft; 35 mm adverse offset,364.58333333333337,mm,33.90110075035766,deg
com-slope,Fore/aft; 35 mm adverse offset,366.6666666666667,mm,33.75012597307445,deg
com-slope,Fore/aft; 35 mm adverse offset,368.75,mm,33.60033262752028,deg
com-slope,Fore/aft; 35 mm adverse offset,370.83333333333337,mm,33.45170892388948,deg
com-slope,Fore/aft; 35 mm adverse offset,372.9166666666667,mm,33.30424319281029,deg
com-slope,Fore/aft; 35 mm adverse offset,375.0,mm,33.15792388467223,deg
com-slope,Fore/aft; 35 mm adverse offset,377.08333333333337,mm,33.01273956892734,deg
com-slope,Fore/aft; 35 mm adverse offset,379.1666666666667,mm,32.86867893336749,deg
com-slope,Fore/aft; 35 mm adverse offset,381.25,mm,32.72573078337898,deg
com-slope,Fore/aft; 35 mm adverse offset,383.33333333333337,mm,32.583884041175935,deg
com-slope,Fore/aft; 35 mm adverse offset,385.4166666666667,mm,32.4431277450143,deg
com-slope,Fore/aft; 35 mm adverse offset,387.5,mm,32.303451048387245,deg
com-slope,Fore/aft; 35 mm adverse offset,389.58333333333337,mm,32.16484321920376,deg
com-slope,Fore/aft; 35 mm adverse offset,391.6666666666667,mm,32.027293638951626,deg
com-slope,Fore/aft; 35 mm adverse offset,393.75,mm,31.890791801845708,deg
com-slope,Fore/aft; 35 mm adverse offset,395.83333333333337,mm,31.75532731396313,deg
com-slope,Fore/aft; 35 mm adverse offset,397.9166666666667,mm,31.62088989236616,deg
com-slope,Fore/aft; 35 mm adverse offset,400.0,mm,31.48746936421398,deg
com-slope,Fore/aft; 35 mm adverse offset,402.08333333333337,mm,31.355055665864324,deg
com-slope,Fore/aft; 35 mm adverse offset,404.1666666666667,mm,31.22363884196607,deg
com-slope,Fore/aft; 35 mm adverse offset,406.25,mm,31.09320904454354,deg
com-slope,Fore/aft; 35 mm adverse offset,408.33333333333337,mm,30.963756532073518,deg
com-slope,Fore/aft; 35 mm adverse offset,410.4166666666667,mm,30.83527166855587,deg
com-slope,Fore/aft; 35 mm adverse offset,412.5,mm,30.707744922578435,deg
com-slope,Fore/aft; 35 mm adverse offset,414.58333333333337,mm,30.581166866377114,deg
com-slope,Fore/aft; 35 mm adverse offset,416.6666666666667,mm,30.455528174891803,deg
com-slope,Fore/aft; 35 mm adverse offset,418.75,mm,30.330819624818925,deg
com-slope,Fore/aft; 35 mm adverse offset,420.83333333333337,mm,30.207032093661176,deg
com-slope,Fore/aft; 35 mm adverse offset,422.9166666666667,mm,30.084156558775202,deg
com-slope,Fore/aft; 35 mm adverse offset,425.0,mm,29.96218409641775,deg
com-slope,Fore/aft; 35 mm adverse offset,427.08333333333337,mm,29.8411058807909,deg
com-slope,Fore/aft; 35 mm adverse offset,429.1666666666667,mm,29.72091318308698,deg
com-slope,Fore/aft; 35 mm adverse offset,431.25,mm,29.601597370533508,deg
com-slope,Fore/aft; 35 mm adverse offset,433.33333333333337,mm,29.483149905438914,deg
com-slope,Fore/aft; 35 mm adverse offset,435.4166666666667,mm,29.36556234423934,deg
com-slope,Fore/aft; 35 mm adverse offset,437.5,mm,29.248826336546973,deg
com-slope,Fore/aft; 35 mm adverse offset,439.58333333333337,mm,29.132933624200398,deg
com-slope,Fore/aft; 35 mm adverse offset,441.6666666666667,mm,29.017876040317393,deg
com-slope,Fore/aft; 35 mm adverse offset,443.75,mm,28.903645508350397,deg
com-slope,Fore/aft; 35 mm adverse offset,445.83333333333337,mm,28.790234041145187,deg
com-slope,Fore/aft; 35 mm adverse offset,447.9166666666667,mm,28.67763374000303,deg
com-slope,Fore/aft; 35 mm adverse offset,450.0,mm,28.565836793746566,deg
com-slope,Fore/aft; 35 mm adverse offset,452.08333333333337,mm,28.454835477789835,deg
com-slope,Fore/aft; 35 mm adverse offset,454.1666666666667,mm,28.34462215321269,deg
com-slope,Fore/aft; 35 mm adverse offset,456.25,mm,28.235189265839796,deg
com-slope,Fore/aft; 35 mm adverse offset,458.33333333333337,mm,28.126529345324585,deg
com-slope,Fore/aft; 35 mm adverse offset,460.4166666666667,mm,28.018635004238323,deg
com-slope,Fore/aft; 35 mm adverse offset,462.5,mm,27.911498937164506,deg
com-slope,Fore/aft; 35 mm adverse offset,464.58333333333337,mm,27.805113919798842,deg
com-slope,Fore/aft; 35 mm adverse offset,466.6666666666667,mm,27.699472808054992,deg
com-slope,Fore/aft; 35 mm adverse offset,468.75,mm,27.594568537176194,deg
com-slope,Fore/aft; 35 mm adverse offset,470.83333333333337,mm,27.49039412085302,deg
com-slope,Fore/aft; 35 mm adverse offset,472.9166666666667,mm,27.386942650347414,deg
com-slope,Fore/aft; 35 mm adverse offset,475.0,mm,27.284207293623062,deg
com-slope,Fore/aft; 35 mm adverse offset,477.08333333333337,mm,27.182181294482326,deg
com-slope,Fore/aft; 35 mm adverse offset,479.1666666666667,mm,27.080857971709836,deg
com-slope,Fore/aft; 35 mm adverse offset,481.25,mm,26.980230718222852,deg
com-slope,Fore/aft; 35 mm adverse offset,483.33333333333337,mm,26.880293000228452,deg
com-slope,Fore/aft; 35 mm adverse offset,485.4166666666667,mm,26.781038356387736,deg
com-slope,Fore/aft; 35 mm adverse offset,487.5,mm,26.68246039698704,deg
com-slope,Fore/aft; 35 mm adverse offset,489.58333333333337,mm,26.584552803116278,deg
com-slope,Fore/aft; 35 mm adverse offset,491.6666666666667,mm,26.48730932585451,deg
com-slope,Fore/aft; 35 mm adverse offset,493.75,mm,26.390723785462704,deg
com-slope,Fore/aft; 35 mm adverse offset,495.83333333333337,mm,26.29479007058385,deg
com-slope,Fore/aft; 35 mm adverse offset,497.9166666666667,mm,26.199502137450438,deg
com-slope,Fore/aft; 35 mm adverse offset,500.0,mm,26.10485400909929,deg
offset-com,Fore/aft offset; 700 mm wheelbase,-60.0,mm,314.1925614832652,mm
offset-com,Fore/aft offset; 700 mm wheelbase,-59.0,mm,315.6207094900073,mm
offset-com,Fore/aft offset; 700 mm wheelbase,-58.0,mm,317.04885749674946,mm
offset-com,Fore/aft offset; 700 mm wheelbase,-57.0,mm,318.4770055034915,mm
offset-com,Fore/aft offset; 700 mm wheelbase,-56.0,mm,319.9051535102336,mm
offset-com,Fore/aft offset; 700 mm wheelbase,-55.0,mm,321.3333015169758,mm
offset-com,Fore/aft offset; 700 mm wheelbase,-54.0,mm,322.7614495237179,mm
offset-com,Fore/aft offset; 700 mm wheelbase,-53.0,mm,324.18959753046,mm
offset-com,Fore/aft offset; 700 mm wheelbase,-52.0,mm,325.61774553720215,mm
offset-com,Fore/aft offset; 700 mm wheelbase,-51.0,mm,327.0458935439442,mm
offset-com,Fore/aft offset; 700 mm wheelbase,-50.0,mm,328.4740415506863,mm
offset-com,Fore/aft offset; 700 mm wheelbase,-49.0,mm,329.90218955742847,mm
offset-com,Fore/aft offset; 700 mm wheelbase,-48.0,mm,331.3303375641706,mm
offset-com,Fore/aft offset; 700 mm wheelbase,-47.0,mm,332.7584855709127,mm
offset-com,Fore/aft offset; 700 mm wheelbase,-46.0,mm,334.18663357765485,mm
offset-com,Fore/aft offset; 700 mm wheelbase,-45.0,mm,335.61478158439695,mm
offset-com,Fore/aft offset; 700 mm wheelbase,-44.0,mm,337.042929591139,mm
offset-com,Fore/aft offset; 700 mm wheelbase,-43.0,mm,338.47107759788116,mm
offset-com,Fore/aft offset; 700 mm wheelbase,-42.0,mm,339.8992256046232,mm
offset-com,Fore/aft offset; 700 mm wheelbase,-41.0,mm,341.3273736113653,mm
offset-com,Fore/aft offset; 700 mm wheelbase,-40.0,mm,342.7555216181075,mm
offset-com,Fore/aft offset; 700 mm wheelbase,-39.0,mm,344.1836696248496,mm
offset-com,Fore/aft offset; 700 mm wheelbase,-38.0,mm,345.6118176315917,mm
offset-com,Fore/aft offset; 700 mm wheelbase,-37.0,mm,347.03996563833385,mm
offset-com,Fore/aft offset; 700 mm wheelbase,-36.0,mm,348.4681136450759,mm
offset-com,Fore/aft offset; 700 mm wheelbase,-35.0,mm,349.896261651818,mm
offset-com,Fore/aft offset; 700 mm wheelbase,-34.0,mm,351.32440965856017,mm
offset-com,Fore/aft offset; 700 mm wheelbase,-33.0,mm,352.7525576653023,mm
offset-com,Fore/aft offset; 700 mm wheelbase,-32.0,mm,354.1807056720444,mm
offset-com,Fore/aft offset; 700 mm wheelbase,-31.0,mm,355.60885367878655,mm
offset-com,Fore/aft offset; 700 mm wheelbase,-30.0,mm,357.0370016855286,mm
offset-com,Fore/aft offset; 700 mm wheelbase,-29.0,mm,358.4651496922707,mm
offset-com,Fore/aft offset; 700 mm wheelbase,-28.0,mm,359.8932976990128,mm
offset-com,Fore/aft offset; 700 mm wheelbase,-27.0,mm,361.3214457057549,mm
offset-com,Fore/aft offset; 700 mm wheelbase,-26.0,mm,362.749593712497,mm
offset-com,Fore/aft offset; 700 mm wheelbase,-25.0,mm,364.1777417192392,mm
offset-com,Fore/aft offset; 700 mm wheelbase,-24.0,mm,365.6058897259813,mm
offset-com,Fore/aft offset; 700 mm wheelbase,-23.0,mm,367.0340377327234,mm
offset-com,Fore/aft offset; 700 mm wheelbase,-22.0,mm,368.4621857394655,mm
offset-com,Fore/aft offset; 700 mm wheelbase,-21.0,mm,369.8903337462076,mm
offset-com,Fore/aft offset; 700 mm wheelbase,-20.0,mm,371.3184817529497,mm
offset-com,Fore/aft offset; 700 mm wheelbase,-19.0,mm,372.74662975969187,mm
offset-com,Fore/aft offset; 700 mm wheelbase,-18.0,mm,374.174777766434,mm
offset-com,Fore/aft offset; 700 mm wheelbase,-17.0,mm,375.60292577317614,mm
offset-com,Fore/aft offset; 700 mm wheelbase,-16.0,mm,377.0310737799182,mm
offset-com,Fore/aft offset; 700 mm wheelbase,-15.0,mm,378.4592217866603,mm
offset-com,Fore/aft offset; 700 mm wheelbase,-14.0,mm,379.88736979340246,mm
offset-com,Fore/aft offset; 700 mm wheelbase,-13.0,mm,381.31551780014456,mm
offset-com,Fore/aft offset; 700 mm wheelbase,-12.0,mm,382.74366580688667,mm
offset-com,Fore/aft offset; 700 mm wheelbase,-11.0,mm,384.17181381362883,mm
offset-com,Fore/aft offset; 700 mm wheelbase,-10.0,mm,385.5999618203709,mm
offset-com,Fore/aft offset; 700 mm wheelbase,-9.0,mm,387.028109827113,mm
offset-com,Fore/aft offset; 700 mm wheelbase,-8.0,mm,388.45625783385515,mm
offset-com,Fore/aft offset; 700 mm wheelbase,-7.0,mm,389.88440584059725,mm
offset-com,Fore/aft offset; 700 mm wheelbase,-6.0,mm,391.31255384733936,mm
offset-com,Fore/aft offset; 700 mm wheelbase,-5.0,mm,392.7407018540815,mm
offset-com,Fore/aft offset; 700 mm wheelbase,-4.0,mm,394.16884986082357,mm
offset-com,Fore/aft offset; 700 mm wheelbase,-3.0,mm,395.5969978675657,mm
offset-com,Fore/aft offset; 700 mm wheelbase,-2.0,mm,397.02514587430784,mm
offset-com,Fore/aft offset; 700 mm wheelbase,-1.0,mm,398.45329388104994,mm
offset-com,Fore/aft offset; 700 mm wheelbase,0.0,mm,399.88144188779205,mm
offset-com,Fore/aft offset; 700 mm wheelbase,1.0,mm,398.45329388104994,mm
offset-com,Fore/aft offset; 700 mm wheelbase,2.0,mm,397.02514587430784,mm
offset-com,Fore/aft offset; 700 mm wheelbase,3.0,mm,395.5969978675657,mm
offset-com,Fore/aft offset; 700 mm wheelbase,4.0,mm,394.16884986082357,mm
offset-com,Fore/aft offset; 700 mm wheelbase,5.0,mm,392.7407018540815,mm
offset-com,Fore/aft offset; 700 mm wheelbase,6.0,mm,391.31255384733936,mm
offset-com,Fore/aft offset; 700 mm wheelbase,7.0,mm,389.88440584059725,mm
offset-com,Fore/aft offset; 700 mm wheelbase,8.0,mm,388.45625783385515,mm
offset-com,Fore/aft offset; 700 mm wheelbase,9.0,mm,387.028109827113,mm
offset-com,Fore/aft offset; 700 mm wheelbase,10.0,mm,385.5999618203709,mm
offset-com,Fore/aft offset; 700 mm wheelbase,11.0,mm,384.17181381362883,mm
offset-com,Fore/aft offset; 700 mm wheelbase,12.0,mm,382.74366580688667,mm
offset-com,Fore/aft offset; 700 mm wheelbase,13.0,mm,381.31551780014456,mm
offset-com,Fore/aft offset; 700 mm wheelbase,14.0,mm,379.88736979340246,mm
offset-com,Fore/aft offset; 700 mm wheelbase,15.0,mm,378.4592217866603,mm
offset-com,Fore/aft offset; 700 mm wheelbase,16.0,mm,377.0310737799182,mm
offset-com,Fore/aft offset; 700 mm wheelbase,17.0,mm,375.60292577317614,mm
offset-com,Fore/aft offset; 700 mm wheelbase,18.0,mm,374.174777766434,mm
offset-com,Fore/aft offset; 700 mm wheelbase,19.0,mm,372.74662975969187,mm
offset-com,Fore/aft offset; 700 mm wheelbase,20.0,mm,371.3184817529497,mm
offset-com,Fore/aft offset; 700 mm wheelbase,21.0,mm,369.8903337462076,mm
offset-com,Fore/aft offset; 700 mm wheelbase,22.0,mm,368.4621857394655,mm
offset-com,Fore/aft offset; 700 mm wheelbase,23.0,mm,367.0340377327234,mm
offset-com,Fore/aft offset; 700 mm wheelbase,24.0,mm,365.6058897259813,mm
offset-com,Fore/aft offset; 700 mm wheelbase,25.0,mm,364.1777417192392,mm
offset-com,Fore/aft offset; 700 mm wheelbase,26.0,mm,362.749593712497,mm
offset-com,Fore/aft offset; 700 mm wheelbase,27.0,mm,361.3214457057549,mm
offset-com,Fore/aft offset; 700 mm wheelbase,28.0,mm,359.8932976990128,mm
offset-com,Fore/aft offset; 700 mm wheelbase,29.0,mm,358.4651496922707,mm
offset-com,Fore/aft offset; 700 mm wheelbase,30.0,mm,357.0370016855286,mm
offset-com,Fore/aft offset; 700 mm wheelbase,31.0,mm,355.60885367878655,mm
offset-com,Fore/aft offset; 700 mm wheelbase,32.0,mm,354.1807056720444,mm
offset-com,Fore/aft offset; 700 mm wheelbase,33.0,mm,352.7525576653023,mm
offset-com,Fore/aft offset; 700 mm wheelbase,34.0,mm,351.32440965856017,mm
offset-com,Fore/aft offset; 700 mm wheelbase,35.0,mm,349.896261651818,mm
offset-com,Fore/aft offset; 700 mm wheelbase,36.0,mm,348.4681136450759,mm
offset-com,Fore/aft offset; 700 mm wheelbase,37.0,mm,347.03996563833385,mm
offset-com,Fore/aft offset; 700 mm wheelbase,38.0,mm,345.6118176315917,mm
offset-com,Fore/aft offset; 700 mm wheelbase,39.0,mm,344.1836696248496,mm
offset-com,Fore/aft offset; 700 mm wheelbase,40.0,mm,342.7555216181075,mm
offset-com,Fore/aft offset; 700 mm wheelbase,41.0,mm,341.3273736113653,mm
offset-com,Fore/aft offset; 700 mm wheelbase,42.0,mm,339.8992256046232,mm
offset-com,Fore/aft offset; 700 mm wheelbase,43.0,mm,338.47107759788116,mm
offset-com,Fore/aft offset; 700 mm wheelbase,44.0,mm,337.042929591139,mm
offset-com,Fore/aft offset; 700 mm wheelbase,45.0,mm,335.61478158439695,mm
offset-com,Fore/aft offset; 700 mm wheelbase,46.0,mm,334.18663357765485,mm
offset-com,Fore/aft offset; 700 mm wheelbase,47.0,mm,332.7584855709127,mm
offset-com,Fore/aft offset; 700 mm wheelbase,48.0,mm,331.3303375641706,mm
offset-com,Fore/aft offset; 700 mm wheelbase,49.0,mm,329.90218955742847,mm
offset-com,Fore/aft offset; 700 mm wheelbase,50.0,mm,328.4740415506863,mm
offset-com,Fore/aft offset; 700 mm wheelbase,51.0,mm,327.0458935439442,mm
offset-com,Fore/aft offset; 700 mm wheelbase,52.0,mm,325.61774553720215,mm
offset-com,Fore/aft offset; 700 mm wheelbase,53.0,mm,324.18959753046,mm
offset-com,Fore/aft offset; 700 mm wheelbase,54.0,mm,322.7614495237179,mm
offset-com,Fore/aft offset; 700 mm wheelbase,55.0,mm,321.3333015169758,mm
offset-com,Fore/aft offset; 700 mm wheelbase,56.0,mm,319.9051535102336,mm
offset-com,Fore/aft offset; 700 mm wheelbase,57.0,mm,318.4770055034915,mm
offset-com,Fore/aft offset; 700 mm wheelbase,58.0,mm,317.04885749674946,mm
offset-com,Fore/aft offset; 700 mm wheelbase,59.0,mm,315.6207094900073,mm
offset-com,Fore/aft offset; 700 mm wheelbase,60.0,mm,314.1925614832652,mm
offset-com,Lateral offset; 600 mm track,-60.0,mm,257.0666412135806,mm
offset-com,Lateral offset; 600 mm track,-59.0,mm,258.4947892203228,mm
offset-com,Lateral offset; 600 mm track,-58.0,mm,259.92293722706484,mm
offset-com,Lateral offset; 600 mm track,-57.0,mm,261.35108523380694,mm
offset-com,Lateral offset; 600 mm track,-56.0,mm,262.7792332405491,mm
offset-com,Lateral offset; 600 mm track,-55.0,mm,264.2073812472912,mm
offset-com,Lateral offset; 600 mm track,-54.0,mm,265.6355292540333,mm
offset-com,Lateral offset; 600 mm track,-53.0,mm,267.0636772607755,mm
offset-com,Lateral offset; 600 mm track,-52.0,mm,268.4918252675175,mm
offset-com,Lateral offset; 600 mm track,-51.0,mm,269.91997327425963,mm
offset-com,Lateral offset; 600 mm track,-50.0,mm,271.3481212810018,mm
offset-com,Lateral offset; 600 mm track,-49.0,mm,272.7762692877439,mm
offset-com,Lateral offset; 600 mm track,-48.0,mm,274.204417294486,mm
offset-com,Lateral offset; 600 mm track,-47.0,mm,275.63256530122817,mm
offset-com,Lateral offset; 600 mm track,-46.0,mm,277.0607133079703,mm
offset-com,Lateral offset; 600 mm track,-45.0,mm,278.4888613147123,mm
offset-com,Lateral offset; 600 mm track,-44.0,mm,279.9170093214545,mm
offset-com,Lateral offset; 600 mm track,-43.0,mm,281.3451573281966,mm
offset-com,Lateral offset; 600 mm track,-42.0,mm,282.77330533493864,mm
offset-com,Lateral offset; 600 mm track,-41.0,mm,284.2014533416808,mm
offset-com,Lateral offset; 600 mm track,-40.0,mm,285.6296013484229,mm
offset-com,Lateral offset; 600 mm track,-39.0,mm,287.057749355165,mm
offset-com,Lateral offset; 600 mm track,-38.0,mm,288.4858973619072,mm
offset-com,Lateral offset; 600 mm track,-37.0,mm,289.9140453686492,mm
offset-com,Lateral offset; 600 mm track,-36.0,mm,291.34219337539133,mm
offset-com,Lateral offset; 600 mm track,-35.0,mm,292.7703413821335,mm
offset-com,Lateral offset; 600 mm track,-34.0,mm,294.1984893888756,mm
offset-com,Lateral offset; 600 mm track,-33.0,mm,295.6266373956177,mm
offset-com,Lateral offset; 600 mm track,-32.0,mm,297.05478540235987,mm
offset-com,Lateral offset; 600 mm track,-31.0,mm,298.4829334091019,mm
offset-com,Lateral offset; 600 mm track,-30.0,mm,299.911081415844,mm
offset-com,Lateral offset; 600 mm track,-29.0,mm,301.3392294225862,mm
offset-com,Lateral offset; 600 mm track,-28.0,mm,302.7673774293283,mm
offset-com,Lateral offset; 600 mm track,-27.0,mm,304.1955254360704,mm
offset-com,Lateral offset; 600 mm track,-26.0,mm,305.62367344281256,mm
offset-com,Lateral offset; 600 mm track,-25.0,mm,307.0518214495546,mm
offset-com,Lateral offset; 600 mm track,-24.0,mm,308.47996945629677,mm
offset-com,Lateral offset; 600 mm track,-23.0,mm,309.9081174630389,mm
offset-com,Lateral offset; 600 mm track,-22.0,mm,311.336265469781,mm
offset-com,Lateral offset; 600 mm track,-21.0,mm,312.76441347652315,mm
offset-com,Lateral offset; 600 mm track,-20.0,mm,314.19256148326525,mm
offset-com,Lateral offset; 600 mm track,-19.0,mm,315.6207094900073,mm
offset-com,Lateral offset; 600 mm track,-18.0,mm,317.04885749674946,mm
offset-com,Lateral offset; 600 mm track,-17.0,mm,318.4770055034915,mm
offset-com,Lateral offset; 600 mm track,-16.0,mm,319.9051535102336,mm
offset-com,Lateral offset; 600 mm track,-15.0,mm,321.3333015169758,mm
offset-com,Lateral offset; 600 mm track,-14.0,mm,322.7614495237179,mm
offset-com,Lateral offset; 600 mm track,-13.0,mm,324.18959753046,mm
offset-com,Lateral offset; 600 mm track,-12.0,mm,325.61774553720215,mm
offset-com,Lateral offset; 600 mm track,-11.0,mm,327.0458935439442,mm
offset-com,Lateral offset; 600 mm track,-10.0,mm,328.4740415506863,mm
offset-com,Lateral offset; 600 mm track,-9.0,mm,329.90218955742847,mm
offset-com,Lateral offset; 600 mm track,-8.0,mm,331.3303375641706,mm
offset-com,Lateral offset; 600 mm track,-7.0,mm,332.7584855709127,mm
offset-com,Lateral offset; 600 mm track,-6.0,mm,334.18663357765485,mm
offset-com,Lateral offset; 600 mm track,-5.0,mm,335.61478158439695,mm
offset-com,Lateral offset; 600 mm track,-4.0,mm,337.042929591139,mm
offset-com,Lateral offset; 600 mm track,-3.0,mm,338.47107759788116,mm
offset-com,Lateral offset; 600 mm track,-2.0,mm,339.89922560462327,mm
offset-com,Lateral offset; 600 mm track,-1.0,mm,341.3273736113654,mm
offset-com,Lateral offset; 600 mm track,0.0,mm,342.75552161810754,mm
offset-com,Lateral offset; 600 mm track,1.0,mm,341.3273736113654,mm
offset-com,Lateral offset; 600 mm track,2.0,mm,339.89922560462327,mm
offset-com,Lateral offset; 600 mm track,3.0,mm,338.47107759788116,mm
offset-com,Lateral offset; 600 mm track,4.0,mm,337.042929591139,mm
offset-com,Lateral offset; 600 mm track,5.0,mm,335.61478158439695,mm
offset-com,Lateral offset; 600 mm track,6.0,mm,334.18663357765485,mm
offset-com,Lateral offset; 600 mm track,7.0,mm,332.7584855709127,mm
offset-com,Lateral offset; 600 mm track,8.0,mm,331.3303375641706,mm
offset-com,Lateral offset; 600 mm track,9.0,mm,329.90218955742847,mm
offset-com,Lateral offset; 600 mm track,10.0,mm,328.4740415506863,mm
offset-com,Lateral offset; 600 mm track,11.0,mm,327.0458935439442,mm
offset-com,Lateral offset; 600 mm track,12.0,mm,325.61774553720215,mm
offset-com,Lateral offset; 600 mm track,13.0,mm,324.18959753046,mm
offset-com,Lateral offset; 600 mm track,14.0,mm,322.7614495237179,mm
offset-com,Lateral offset; 600 mm track,15.0,mm,321.3333015169758,mm
offset-com,Lateral offset; 600 mm track,16.0,mm,319.9051535102336,mm
offset-com,Lateral offset; 600 mm track,17.0,mm,318.4770055034915,mm
offset-com,Lateral offset; 600 mm track,18.0,mm,317.04885749674946,mm
offset-com,Lateral offset; 600 mm track,19.0,mm,315.6207094900073,mm
offset-com,Lateral offset; 600 mm track,20.0,mm,314.19256148326525,mm
offset-com,Lateral offset; 600 mm track,21.0,mm,312.76441347652315,mm
offset-com,Lateral offset; 600 mm track,22.0,mm,311.336265469781,mm
offset-com,Lateral offset; 600 mm track,23.0,mm,309.9081174630389,mm
offset-com,Lateral offset; 600 mm track,24.0,mm,308.47996945629677,mm
offset-com,Lateral offset; 600 mm track,25.0,mm,307.0518214495546,mm
offset-com,Lateral offset; 600 mm track,26.0,mm,305.62367344281256,mm
offset-com,Lateral offset; 600 mm track,27.0,mm,304.1955254360704,mm
offset-com,Lateral offset; 600 mm track,28.0,mm,302.7673774293283,mm
offset-com,Lateral offset; 600 mm track,29.0,mm,301.3392294225862,mm
offset-com,Lateral offset; 600 mm track,30.0,mm,299.911081415844,mm
offset-com,Lateral offset; 600 mm track,31.0,mm,298.4829334091019,mm
offset-com,Lateral offset; 600 mm track,32.0,mm,297.05478540235987,mm
offset-com,Lateral offset; 600 mm track,33.0,mm,295.6266373956177,mm
offset-com,Lateral offset; 600 mm track,34.0,mm,294.1984893888756,mm
offset-com,Lateral offset; 600 mm track,35.0,mm,292.7703413821335,mm
offset-com,Lateral offset; 600 mm track,36.0,mm,291.34219337539133,mm
offset-com,Lateral offset; 600 mm track,37.0,mm,289.9140453686492,mm
offset-com,Lateral offset; 600 mm track,38.0,mm,288.4858973619072,mm
offset-com,Lateral offset; 600 mm track,39.0,mm,287.057749355165,mm
offset-com,Lateral offset; 600 mm track,40.0,mm,285.6296013484229,mm
offset-com,Lateral offset; 600 mm track,41.0,mm,284.2014533416808,mm
offset-com,Lateral offset; 600 mm track,42.0,mm,282.77330533493864,mm
offset-com,Lateral offset; 600 mm track,43.0,mm,281.3451573281966,mm
offset-com,Lateral offset; 600 mm track,44.0,mm,279.9170093214545,mm
offset-com,Lateral offset; 600 mm track,45.0,mm,278.4888613147123,mm
offset-com,Lateral offset; 600 mm track,46.0,mm,277.0607133079703,mm
offset-com,Lateral offset; 600 mm track,47.0,mm,275.63256530122817,mm
offset-com,Lateral offset; 600 mm track,48.0,mm,274.204417294486,mm
offset-com,Lateral offset; 600 mm track,49.0,mm,272.7762692877439,mm
offset-com,Lateral offset; 600 mm track,50.0,mm,271.3481212810018,mm
offset-com,Lateral offset; 600 mm track,51.0,mm,269.91997327425963,mm
offset-com,Lateral offset; 600 mm track,52.0,mm,268.4918252675175,mm
offset-com,Lateral offset; 600 mm track,53.0,mm,267.0636772607755,mm
offset-com,Lateral offset; 600 mm track,54.0,mm,265.6355292540333,mm
offset-com,Lateral offset; 600 mm track,55.0,mm,264.2073812472912,mm
offset-com,Lateral offset; 600 mm track,56.0,mm,262.7792332405491,mm
offset-com,Lateral offset; 600 mm track,57.0,mm,261.35108523380694,mm
offset-com,Lateral offset; 600 mm track,58.0,mm,259.92293722706484,mm
offset-com,Lateral offset; 600 mm track,59.0,mm,258.4947892203228,mm
offset-com,Lateral offset; 600 mm track,60.0,mm,257.0666412135806,mm
angle-force,Loaded gravity-equivalent force,25.0,deg,273.62841974663326,N
angle-force,Loaded gravity-equivalent force,25.05,deg,274.1403933835993,N
angle-force,Loaded gravity-equivalent force,25.1,deg,274.65215825073034,N
angle-force,Loaded gravity-equivalent force,25.150000000000002,deg,275.1637139582952,N
angle-force,Loaded gravity-equivalent force,25.2,deg,275.67506011672197,N
angle-force,Loaded gravity-equivalent force,25.25,deg,276.18619633659824,N
angle-force,Loaded gravity-equivalent force,25.3,deg,276.6971222286716,N
angle-force,Loaded gravity-equivalent force,25.35,deg,277.20783740384974,N
angle-force,Loaded gravity-equivalent force,25.4,deg,277.7183414732008,N
angle-force,Loaded gravity-equivalent force,25.45,deg,278.22863404795385,N
angle-force,Loaded gravity-equivalent force,25.5,deg,278.7387147394988,N
angle-force,Loaded gravity-equivalent force,25.55,deg,279.248583159387,N
angle-force,Loaded gravity-equivalent force,25.6,deg,279.75823891933146,N
angle-force,Loaded gravity-equivalent force,25.65,deg,280.2676816312072,N
angle-force,Loaded gravity-equivalent force,25.700000000000003,deg,280.77691090705144,N
angle-force,Loaded gravity-equivalent force,25.75,deg,281.2859263590639,N
angle-force,Loaded gravity-equivalent force,25.8,deg,281.7947275996072,N
angle-force,Loaded gravity-equivalent force,25.85,deg,282.30331424120703,N
angle-force,Loaded gravity-equivalent force,25.9,deg,282.8116858965525,N
angle-force,Loaded gravity-equivalent force,25.95,deg,283.3198421784965,N
angle-force,Loaded gravity-equivalent force,26.0,deg,283.8277827000561,N
angle-force,Loaded gravity-equivalent force,26.05,deg,284.33550707441225,N
angle-force,Loaded gravity-equivalent force,26.1,deg,284.84301491491084,N
angle-force,Loaded gravity-equivalent force,26.15,deg,285.35030583506256,N
angle-force,Loaded gravity-equivalent force,26.2,deg,285.8573794485434,N
angle-force,Loaded gravity-equivalent force,26.250000000000004,deg,286.3642353691946,N
angle-force,Loaded gravity-equivalent force,26.3,deg,286.8708732110234,N
angle-force,Loaded gravity-equivalent force,26.35,deg,287.3772925882031,N
angle-force,Loaded gravity-equivalent force,26.4,deg,287.8834931150732,N
angle-force,Loaded gravity-equivalent force,26.45,deg,288.38947440614,N
angle-force,Loaded gravity-equivalent force,26.5,deg,288.8952360760768,N
angle-force,Loaded gravity-equivalent force,26.55,deg,289.40077773972416,N
angle-force,Loaded gravity-equivalent force,26.6,deg,289.90609901208984,N
angle-force,Loaded gravity-equivalent force,26.65,deg,290.41119950834997,N
angle-force,Loaded gravity-equivalent force,26.7,deg,290.9160788438484,N
angle-force,Loaded gravity-equivalent force,26.75,deg,291.42073663409764,N
angle-force,Loaded gravity-equivalent force,26.8,deg,291.92517249477885,N
angle-force,Loaded gravity-equivalent force,26.85,deg,292.42938604174213,N
angle-force,Loaded gravity-equivalent force,26.9,deg,292.93337689100684,N
angle-force,Loaded gravity-equivalent force,26.95,deg,293.4371446587622,N
angle-force,Loaded gravity-equivalent force,27.0,deg,293.940688961367,N
angle-force,Loaded gravity-equivalent force,27.05,deg,294.44400941535037,N
angle-force,Loaded gravity-equivalent force,27.100000000000005,deg,294.94710563741205,N
angle-force,Loaded gravity-equivalent force,27.15,deg,295.44997724442214,N
angle-force,Loaded gravity-equivalent force,27.2,deg,295.95262385342215,N
angle-force,Loaded gravity-equivalent force,27.25,deg,296.45504508162486,N
angle-force,Loaded gravity-equivalent force,27.3,deg,296.9572405464146,N
angle-force,Loaded gravity-equivalent force,27.35,deg,297.45920986534765,N
angle-force,Loaded gravity-equivalent force,27.400000000000002,deg,297.96095265615264,N
angle-force,Loaded gravity-equivalent force,27.45,deg,298.4624685367305,N
angle-force,Loaded gravity-equivalent force,27.5,deg,298.9637571251551,N
angle-force,Loaded gravity-equivalent force,27.55,deg,299.4648180396734,N
angle-force,Loaded gravity-equivalent force,27.6,deg,299.9656508987057,N
angle-force,Loaded gravity-equivalent force,27.65,deg,300.46625532084596,N
angle-force,Loaded gravity-equivalent force,27.7,deg,300.9666309248623,N
angle-force,Loaded gravity-equivalent force,27.75,deg,301.46677732969664,N
angle-force,Loaded gravity-equivalent force,27.8,deg,301.966694154466,N
angle-force,Loaded gravity-equivalent force,27.85,deg,302.46638101846185,N
angle-force,Loaded gravity-equivalent force,27.9,deg,302.96583754115085,N
angle-force,Loaded gravity-equivalent force,27.950000000000003,deg,303.46506334217526,N
angle-force,Loaded gravity-equivalent force,28.0,deg,303.96405804135287,N
angle-force,Loaded gravity-equivalent force,28.05,deg,304.4628212586775,N
angle-force,Loaded gravity-equivalent force,28.1,deg,304.9613526143192,N
angle-force,Loaded gravity-equivalent force,28.15,deg,305.45965172862475,N
angle-force,Loaded gravity-equivalent force,28.2,deg,305.9577182221177,N
angle-force,Loaded gravity-equivalent force,28.25,deg,306.45555171549876,N
angle-force,Loaded gravity-equivalent force,28.3,deg,306.95315182964595,N
angle-force,Loaded gravity-equivalent force,28.35,deg,307.4505181856152,N
angle-force,Loaded gravity-equivalent force,28.4,deg,307.9476504046404,N
angle-force,Loaded gravity-equivalent force,28.45,deg,308.44454810813374,N
angle-force,Loaded gravity-equivalent force,28.500000000000004,deg,308.9412109176861,N
angle-force,Loaded gravity-equivalent force,28.55,deg,309.437638455067,N
angle-force,Loaded gravity-equivalent force,28.6,deg,309.9338303422253,N
angle-force,Loaded gravity-equivalent force,28.65,deg,310.4297862012893,N
angle-force,Loaded gravity-equivalent force,28.700000000000003,deg,310.92550565456713,N
angle-force,Loaded gravity-equivalent force,28.75,deg,311.4209883245467,N
angle-force,Loaded gravity-equivalent force,28.8,deg,311.9162338338966,N
angle-force,Loaded gravity-equivalent force,28.849999999999998,deg,312.41124180546564,N
angle-force,Loaded gravity-equivalent force,28.899999999999995,deg,312.90601186228383,N
angle-force,Loaded gravity-equivalent force,28.95,deg,313.40054362756223,N
angle-force,Loaded gravity-equivalent force,29.000000000000004,deg,313.8948367246934,N
angle-force,Loaded gravity-equivalent force,29.05,deg,314.3888907772516,N
angle-force,Loaded gravity-equivalent force,29.1,deg,314.8827054089932,N
angle-force,Loaded gravity-equivalent force,29.15,deg,315.3762802438568,N
angle-force,Loaded gravity-equivalent force,29.200000000000003,deg,315.8696149059639,N
angle-force,Loaded gravity-equivalent force,29.25,deg,316.3627090196185,N
angle-force,Loaded gravity-equivalent force,29.300000000000004,deg,316.85556220930806,N
angle-force,Loaded gravity-equivalent force,29.35,deg,317.34817409970333,N
angle-force,Loaded gravity-equivalent force,29.4,deg,317.8405443156591,N
angle-force,Loaded gravity-equivalent force,29.45,deg,318.3326724822139,N
angle-force,Loaded gravity-equivalent force,29.500000000000004,deg,318.8245582245909,N
angle-force,Loaded gravity-equivalent force,29.55,deg,319.31620116819744,N
angle-force,Loaded gravity-equivalent force,29.600000000000005,deg,319.80760093862625,N
angle-force,Loaded gravity-equivalent force,29.650000000000002,deg,320.2987571616548,N
angle-force,Loaded gravity-equivalent force,29.699999999999996,deg,320.7896694632466,N
angle-force,Loaded gravity-equivalent force,29.75,deg,321.2803374695503,N
angle-force,Loaded gravity-equivalent force,29.800000000000004,deg,321.770760806901,N
angle-force,Loaded gravity-equivalent force,29.85,deg,322.26093910181993,N
angle-force,Loaded gravity-equivalent force,29.9,deg,322.75087198101494,N
angle-force,Loaded gravity-equivalent force,29.95,deg,323.2405590713811,N
angle-force,Loaded gravity-equivalent force,29.999999999999996,deg,323.72999999999996,N
angle-force,Loaded gravity-equivalent force,30.05,deg,324.21919439414137,N
angle-force,Loaded gravity-equivalent force,30.100000000000005,deg,324.7081418812623,N
angle-force,Loaded gravity-equivalent force,30.150000000000002,deg,325.196842089008,N
angle-force,Loaded gravity-equivalent force,30.2,deg,325.68529464521197,N
angle-force,Loaded gravity-equivalent force,30.25,deg,326.17349917789653,N
angle-force,Loaded gravity-equivalent force,30.299999999999997,deg,326.6614553152724,N
angle-force,Loaded gravity-equivalent force,30.35,deg,327.14916268574,N
angle-force,Loaded gravity-equivalent force,30.4,deg,327.6366209178887,N
angle-force,Loaded gravity-equivalent force,30.450000000000003,deg,328.12382964049823,N
angle-force,Loaded gravity-equivalent force,30.5,deg,328.61078848253754,N
angle-force,Loaded gravity-equivalent force,30.55,deg,329.0974970731666,N
angle-force,Loaded gravity-equivalent force,30.600000000000005,deg,329.5839550417354,N
angle-force,Loaded gravity-equivalent force,30.650000000000002,deg,330.0701620177853,N
angle-force,Loaded gravity-equivalent force,30.7,deg,330.55611763104827,N
angle-force,Loaded gravity-equivalent force,30.750000000000004,deg,331.04182151144823,N
angle-force,Loaded gravity-equivalent force,30.799999999999997,deg,331.5272732891002,N
angle-force,Loaded gravity-equivalent force,30.85,deg,332.012472594312,N
angle-force,Loaded gravity-equivalent force,30.9,deg,332.4974190575828,N
angle-force,Loaded gravity-equivalent force,30.950000000000003,deg,332.9821123096051,N
angle-force,Loaded gravity-equivalent force,31.0,deg,333.4665519812637,N
angle-force,Loaded gravity-equivalent force,31.05,deg,333.95073770363683,N
angle-force,Loaded gravity-equivalent force,31.099999999999998,deg,334.434669107996,N
angle-force,Loaded gravity-equivalent force,31.149999999999995,deg,334.9183458258063,N
angle-force,Loaded gravity-equivalent force,31.2,deg,335.4017674887269,N
angle-force,Loaded gravity-equivalent force,31.250000000000004,deg,335.8849337286112,N
angle-force,Loaded gravity-equivalent force,31.3,deg,336.36784417750715,N
angle-force,Loaded gravity-equivalent force,31.35,deg,336.85049846765736,N
angle-force,Loaded gravity-equivalent force,31.4,deg,337.3328962314996,N
angle-force,Loaded gravity-equivalent force,31.450000000000003,deg,337.81503710166703,N
angle-force,Loaded gravity-equivalent force,31.5,deg,338.2969207109882,N
angle-force,Loaded gravity-equivalent force,31.550000000000004,deg,338.7785466924882,N
angle-force,Loaded gravity-equivalent force,31.6,deg,339.2599146793874,N
angle-force,Loaded gravity-equivalent force,31.65,deg,339.74102430510345,N
angle-force,Loaded gravity-equivalent force,31.7,deg,340.22187520325053,N
angle-force,Loaded gravity-equivalent force,31.750000000000004,deg,340.7024670076395,N
angle-force,Loaded gravity-equivalent force,31.8,deg,341.1827993522789,N
angle-force,Loaded gravity-equivalent force,31.850000000000005,deg,341.66287187137476,N
angle-force,Loaded gravity-equivalent force,31.900000000000002,deg,342.1426841993309,N
angle-force,Loaded gravity-equivalent force,31.949999999999996,deg,342.6222359707495,N
angle-force,Loaded gravity-equivalent force,32.0,deg,343.1015268204309,N
angle-force,Loaded gravity-equivalent force,32.05,deg,343.5805563833743,N
angle-force,Loaded gravity-equivalent force,32.1,deg,344.059324294778,N
angle-force,Loaded gravity-equivalent force,32.15,deg,344.53783019003913,N
angle-force,Loaded gravity-equivalent force,32.2,deg,345.0160737047549,N
angle-force,Loaded gravity-equivalent force,32.25,deg,345.49405447472185,N
angle-force,Loaded gravity-equivalent force,32.3,deg,345.97177213593693,N
angle-force,Loaded gravity-equivalent force,32.35,deg,346.44922632459753,N
angle-force,Loaded gravity-equivalent force,32.4,deg,346.9264166771012,N
angle-force,Loaded gravity-equivalent force,32.45,deg,347.4033428300469,N
angle-force,Loaded gravity-equivalent force,32.5,deg,347.8800044202346,N
angle-force,Loaded gravity-equivalent force,32.55,deg,348.35640108466566,N
angle-force,Loaded gravity-equivalent force,32.6,deg,348.8325324605436,N
angle-force,Loaded gravity-equivalent force,32.65,deg,349.30839818527335,N
angle-force,Loaded gravity-equivalent force,32.7,deg,349.7839978964625,N
angle-force,Loaded gravity-equivalent force,32.75,deg,350.25933123192135,N
angle-force,Loaded gravity-equivalent force,32.8,deg,350.7343978296627,N
angle-force,Loaded gravity-equivalent force,32.85,deg,351.20919732790287,N
angle-force,Loaded gravity-equivalent force,32.9,deg,351.6837293650612,N
angle-force,Loaded gravity-equivalent force,32.95,deg,352.15799357976107,N
angle-force,Loaded gravity-equivalent force,33.0,deg,352.63198961082946,N
angle-force,Loaded gravity-equivalent force,33.05,deg,353.1057170972979,N
angle-force,Loaded gravity-equivalent force,33.1,deg,353.5791756784023,N
angle-force,Loaded gravity-equivalent force,33.15,deg,354.05236499358324,N
angle-force,Loaded gravity-equivalent force,33.2,deg,354.52528468248664,N
angle-force,Loaded gravity-equivalent force,33.25,deg,354.9979343849634,N
angle-force,Loaded gravity-equivalent force,33.3,deg,355.4703137410704,N
angle-force,Loaded gravity-equivalent force,33.35,deg,355.94242239107007,N
angle-force,Loaded gravity-equivalent force,33.4,deg,356.4142599754312,N
angle-force,Loaded gravity-equivalent force,33.45,deg,356.8858261348291,N
angle-force,Loaded gravity-equivalent force,33.5,deg,357.3571205101452,N
angle-force,Loaded gravity-equivalent force,33.55,deg,357.82814274246874,N
angle-force,Loaded gravity-equivalent force,33.6,deg,358.2988924730956,N
angle-force,Loaded gravity-equivalent force,33.65,deg,358.76936934352943,N
angle-force,Loaded gravity-equivalent force,33.7,deg,359.2395729954817,N
angle-force,Loaded gravity-equivalent force,33.75,deg,359.7095030708716,N
angle-force,Loaded gravity-equivalent force,33.8,deg,360.1791592118273,N
angle-force,Loaded gravity-equivalent force,33.85,deg,360.64854106068515,N
angle-force,Loaded gravity-equivalent force,33.9,deg,361.1176482599902,N
angle-force,Loaded gravity-equivalent force,33.95000000000001,deg,361.58648045249726,N
angle-force,Loaded gravity-equivalent force,34.0,deg,362.05503728116986,N
angle-force,Loaded gravity-equivalent force,34.05,deg,362.52331838918167,N
angle-force,Loaded gravity-equivalent force,34.1,deg,362.9913234199165,N
angle-force,Loaded gravity-equivalent force,34.15,deg,363.459052016968,N
angle-force,Loaded gravity-equivalent force,34.2,deg,363.9265038241405,N
angle-force,Loaded gravity-equivalent force,34.25,deg,364.3936784854491,N
angle-force,Loaded gravity-equivalent force,34.3,deg,364.86057564512,N
angle-force,Loaded gravity-equivalent force,34.35,deg,365.3271949475908,N
angle-force,Loaded gravity-equivalent force,34.4,deg,365.7935360375103,N
angle-force,Loaded gravity-equivalent force,34.45,deg,366.2595985597398,N
angle-force,Loaded gravity-equivalent force,34.5,deg,366.7253821593523,N
angle-force,Loaded gravity-equivalent force,34.55,deg,367.1908864816332,N
angle-force,Loaded gravity-equivalent force,34.6,deg,367.656111172081,N
angle-force,Loaded gravity-equivalent force,34.65,deg,368.12105587640656,N
angle-force,Loaded gravity-equivalent force,34.7,deg,368.58572024053444,N
angle-force,Loaded gravity-equivalent force,34.75,deg,369.05010391060245,N
angle-force,Loaded gravity-equivalent force,34.8,deg,369.5142065329621,N
angle-force,Loaded gravity-equivalent force,34.85,deg,369.9780277541794,N
angle-force,Loaded gravity-equivalent force,34.9,deg,370.44156722103395,N
angle-force,Loaded gravity-equivalent force,34.95,deg,370.9048245805205,N
angle-force,Loaded gravity-equivalent force,35.0,deg,371.3677994798483,N
angle-force,Loaded gravity-equivalent force,35.05,deg,371.83049156644194,N
angle-force,Loaded gravity-equivalent force,35.1,deg,372.29290048794115,N
angle-force,Loaded gravity-equivalent force,35.15,deg,372.7550258922015,N
angle-force,Loaded gravity-equivalent force,35.2,deg,373.2168674272944,N
angle-force,Loaded gravity-equivalent force,35.25,deg,373.67842474150734,N
angle-force,Loaded gravity-equivalent force,35.3,deg,374.1396974833444,N
angle-force,Loaded gravity-equivalent force,35.35,deg,374.6006853015263,N
angle-force,Loaded gravity-equivalent force,35.4,deg,375.06138784499086,N
angle-force,Loaded gravity-equivalent force,35.45,deg,375.52180476289294,N
angle-force,Loaded gravity-equivalent force,35.5,deg,375.98193570460506,N
angle-force,Loaded gravity-equivalent force,35.55,deg,376.44178031971745,N
angle-force,Loaded gravity-equivalent force,35.6,deg,376.90133825803866,N
angle-force,Loaded gravity-equivalent force,35.65,deg,377.3606091695949,N
angle-force,Loaded gravity-equivalent force,35.7,deg,377.81959270463193,N
angle-force,Loaded gravity-equivalent force,35.75,deg,378.2782885136133,N
angle-force,Loaded gravity-equivalent force,35.8,deg,378.73669624722254,N
angle-force,Loaded gravity-equivalent force,35.85,deg,379.1948155563621,N
angle-force,Loaded gravity-equivalent force,35.9,deg,379.65264609215416,N
angle-force,Loaded gravity-equivalent force,35.95,deg,380.1101875059409,N
angle-force,Loaded gravity-equivalent force,36.0,deg,380.5674394492847,N
angle-force,Loaded gravity-equivalent force,36.05,deg,381.02440157396813,N
angle-force,Loaded gravity-equivalent force,36.1,deg,381.4810735319949,N
angle-force,Loaded gravity-equivalent force,36.15,deg,381.9374549755892,N
angle-force,Loaded gravity-equivalent force,36.20000000000001,deg,382.3935455571969,N
angle-force,Loaded gravity-equivalent force,36.25,deg,382.8493449294851,N
angle-force,Loaded gravity-equivalent force,36.3,deg,383.3048527453427,N
angle-force,Loaded gravity-equivalent force,36.35,deg,383.76006865788077,N
angle-force,Loaded gravity-equivalent force,36.4,deg,384.2149923204326,N
angle-force,Loaded gravity-equivalent force,36.45,deg,384.66962338655395,N
angle-force,Loaded gravity-equivalent force,36.5,deg,385.1239615100235,N
angle-force,Loaded gravity-equivalent force,36.55,deg,385.57800634484295,N
angle-force,Loaded gravity-equivalent force,36.6,deg,386.03175754523767,N
angle-force,Loaded gravity-equivalent force,36.65,deg,386.4852147656561,N
angle-force,Loaded gravity-equivalent force,36.7,deg,386.9383776607709,N
angle-force,Loaded gravity-equivalent force,36.75,deg,387.39124588547884,N
angle-force,Loaded gravity-equivalent force,36.800000000000004,deg,387.8438190949013,N
angle-force,Loaded gravity-equivalent force,36.85,deg,388.29609694438363,N
angle-force,Loaded gravity-equivalent force,36.9,deg,388.7480790894969,N
angle-force,Loaded gravity-equivalent force,36.95,deg,389.19976518603704,N
angle-force,Loaded gravity-equivalent force,37.0,deg,389.65115489002517,N
angle-force,Loaded gravity-equivalent force,37.05,deg,390.10224785770873,N
angle-force,Loaded gravity-equivalent force,37.1,deg,390.5530437455606,N
angle-force,Loaded gravity-equivalent force,37.15,deg,391.0035422102801,N
angle-force,Loaded gravity-equivalent force,37.2,deg,391.45374290879323,N
angle-force,Loaded gravity-equivalent force,37.25,deg,391.90364549825244,N
angle-force,Loaded gravity-equivalent force,37.3,deg,392.3532496360373,N
angle-force,Loaded gravity-equivalent force,37.35,deg,392.8025549797548,N
angle-force,Loaded gravity-equivalent force,37.4,deg,393.25156118723925,N
angle-force,Loaded gravity-equivalent force,37.45,deg,393.70026791655306,N
angle-force,Loaded gravity-equivalent force,37.5,deg,394.1486748259863,N
angle-force,Loaded gravity-equivalent force,37.55,deg,394.5967815740578,N
angle-force,Loaded gravity-equivalent force,37.6,deg,395.04458781951473,N
angle-force,Loaded gravity-equivalent force,37.65,deg,395.4920932213332,N
angle-force,Loaded gravity-equivalent force,37.7,deg,395.9392974387183,N
angle-force,Loaded gravity-equivalent force,37.75,deg,396.3862001311046,N
angle-force,Loaded gravity-equivalent force,37.8,deg,396.8328009581561,N
angle-force,Loaded gravity-equivalent force,37.85,deg,397.27909957976726,N
angle-force,Loaded gravity-equivalent force,37.9,deg,397.72509565606174,N
angle-force,Loaded gravity-equivalent force,37.95,deg,398.1707888473946,N
angle-force,Loaded gravity-equivalent force,38.0,deg,398.6161788143508,N
angle-force,Loaded gravity-equivalent force,38.05,deg,399.0612652177465,N
angle-force,Loaded gravity-equivalent force,38.1,deg,399.5060477186292,N
angle-force,Loaded gravity-equivalent force,38.15,deg,399.9505259782775,N
angle-force,Loaded gravity-equivalent force,38.2,deg,400.39469965820206,N
angle-force,Loaded gravity-equivalent force,38.25,deg,400.8385684201452,N
angle-force,Loaded gravity-equivalent force,38.3,deg,401.28213192608143,N
angle-force,Loaded gravity-equivalent force,38.35,deg,401.72538983821806,N
angle-force,Loaded gravity-equivalent force,38.4,deg,402.16834181899486,N
angle-force,Loaded gravity-equivalent force,38.45000000000001,deg,402.61098753108456,N
angle-force,Loaded gravity-equivalent force,38.5,deg,403.05332663739324,N
angle-force,Loaded gravity-equivalent force,38.55,deg,403.4953588010603,N
angle-force,Loaded gravity-equivalent force,38.6,deg,403.9370836854592,N
angle-force,Loaded gravity-equivalent force,38.65,deg,404.3785009541972,N
angle-force,Loaded gravity-equivalent force,38.7,deg,404.8196102711157,N
angle-force,Loaded gravity-equivalent force,38.75,deg,405.2604113002909,N
angle-force,Loaded gravity-equivalent force,38.8,deg,405.70090370603356,N
angle-force,Loaded gravity-equivalent force,38.85,deg,406.1410871528898,N
angle-force,Loaded gravity-equivalent force,38.9,deg,406.5809613056403,N
angle-force,Loaded gravity-equivalent force,38.95,deg,407.0205258293022,N
angle-force,Loaded gravity-equivalent force,39.0,deg,407.45978038912773,N
angle-force,Loaded gravity-equivalent force,39.050000000000004,deg,407.8987246506056,N
angle-force,Loaded gravity-equivalent force,39.1,deg,408.3373582794606,N
angle-force,Loaded gravity-equivalent force,39.15,deg,408.7756809416542,N
angle-force,Loaded gravity-equivalent force,39.2,deg,409.2136923033844,N
angle-force,Loaded gravity-equivalent force,39.25,deg,409.6513920310867,N
angle-force,Loaded gravity-equivalent force,39.3,deg,410.0887797914337,N
angle-force,Loaded gravity-equivalent force,39.35,deg,410.52585525133554,N
angle-force,Loaded gravity-equivalent force,39.4,deg,410.9626180779402,N
angle-force,Loaded gravity-equivalent force,39.45,deg,411.39906793863395,N
angle-force,Loaded gravity-equivalent force,39.5,deg,411.8352045010411,N
angle-force,Loaded gravity-equivalent force,39.55,deg,412.2710274330247,N
angle-force,Loaded gravity-equivalent force,39.6,deg,412.70653640268665,N
angle-force,Loaded gravity-equivalent force,39.65,deg,413.14173107836797,N
angle-force,Loaded gravity-equivalent force,39.7,deg,413.57661112864895,N
angle-force,Loaded gravity-equivalent force,39.75,deg,414.0111762223495,N
angle-force,Loaded gravity-equivalent force,39.8,deg,414.4454260285293,N
angle-force,Loaded gravity-equivalent force,39.85,deg,414.87936021648846,N
angle-force,Loaded gravity-equivalent force,39.9,deg,415.31297845576694,N
angle-force,Loaded gravity-equivalent force,39.95,deg,415.74628041614585,N
angle-force,Loaded gravity-equivalent force,40.0,deg,416.1792657676467,N
angle-force,Loaded gravity-equivalent force,40.05,deg,416.61193418053256,N
angle-force,Loaded gravity-equivalent force,40.1,deg,417.0442853253073,N
angle-force,Loaded gravity-equivalent force,40.15,deg,417.47631887271694,N
angle-force,Loaded gravity-equivalent force,40.2,deg,417.9080344937491,N
angle-force,Loaded gravity-equivalent force,40.25,deg,418.3394318596334,N
angle-force,Loaded gravity-equivalent force,40.3,deg,418.7705106418422,N
angle-force,Loaded gravity-equivalent force,40.35,deg,419.20127051209005,N
angle-force,Loaded gravity-equivalent force,40.4,deg,419.6317111423347,N
angle-force,Loaded gravity-equivalent force,40.45,deg,420.0618322047769,N
angle-force,Loaded gravity-equivalent force,40.5,deg,420.49163337186076,N
angle-force,Loaded gravity-equivalent force,40.55,deg,420.9211143162739,N
angle-force,Loaded gravity-equivalent force,40.6,deg,421.35027471094793,N
angle-force,Loaded gravity-equivalent force,40.65,deg,421.7791142290585,N
angle-force,Loaded gravity-equivalent force,40.70000000000001,deg,422.20763254402584,N
angle-force,Loaded gravity-equivalent force,40.75,deg,422.63582932951437,N
angle-force,Loaded gravity-equivalent force,40.8,deg,423.06370425943373,N
angle-force,Loaded gravity-equivalent force,40.85,deg,423.4912570079386,N
angle-force,Loaded gravity-equivalent force,40.9,deg,423.9184872494288,N
angle-force,Loaded gravity-equivalent force,40.95,deg,424.34539465855016,N
angle-force,Loaded gravity-equivalent force,41.0,deg,424.7719789101939,N
angle-force,Loaded gravity-equivalent force,41.05,deg,425.1982396794976,N
angle-force,Loaded gravity-equivalent force,41.1,deg,425.6241766418453,N
angle-force,Loaded gravity-equivalent force,41.150000000000006,deg,426.0497894728673,N
angle-force,Loaded gravity-equivalent force,41.2,deg,426.47507784844095,N
angle-force,Loaded gravity-equivalent force,41.25,deg,426.9000414446906,N
angle-force,Loaded gravity-equivalent force,41.300000000000004,deg,427.3246799379881,N
angle-force,Loaded gravity-equivalent force,41.35,deg,427.74899300495275,N
angle-force,Loaded gravity-equivalent force,41.400000000000006,deg,428.17298032245174,N
angle-force,Loaded gravity-equivalent force,41.45,deg,428.59664156760005,N
angle-force,Loaded gravity-equivalent force,41.5,deg,429.0199764177615,N
angle-force,Loaded gravity-equivalent force,41.55,deg,429.4429845505479,N
angle-force,Loaded gravity-equivalent force,41.6,deg,429.8656656438204,N
angle-force,Loaded gravity-equivalent force,41.650000000000006,deg,430.28801937568886,N
angle-force,Loaded gravity-equivalent force,41.7,deg,430.71004542451254,N
angle-force,Loaded gravity-equivalent force,41.75,deg,431.13174346890025,N
angle-force,Loaded gravity-equivalent force,41.8,deg,431.55311318771044,N
angle-force,Loaded gravity-equivalent force,41.85,deg,431.9741542600522,N
angle-force,Loaded gravity-equivalent force,41.900000000000006,deg,432.394866365284,N
angle-force,Loaded gravity-equivalent force,41.95,deg,432.81524918301534,N
angle-force,Loaded gravity-equivalent force,42.0,deg,433.2353023931064,N
angle-force,Loaded gravity-equivalent force,42.05,deg,433.65502567566847,N
angle-force,Loaded gravity-equivalent force,42.1,deg,434.07441871106414,N
angle-force,Loaded gravity-equivalent force,42.150000000000006,deg,434.49348117990723,N
angle-force,Loaded gravity-equivalent force,42.2,deg,434.91221276306334,N
angle-force,Loaded gravity-equivalent force,42.25,deg,435.33061314165025,N
angle-force,Loaded gravity-equivalent force,42.3,deg,435.74868199703786,N
angle-force,Loaded gravity-equivalent force,42.35,deg,436.1664190108486,N
angle-force,Loaded gravity-equivalent force,42.400000000000006,deg,436.58382386495765,N
angle-force,Loaded gravity-equivalent force,42.45,deg,437.00089624149274,N
angle-force,Loaded gravity-equivalent force,42.5,deg,437.41763582283545,N
angle-force,Loaded gravity-equivalent force,42.55,deg,437.8340422916202,N
angle-force,Loaded gravity-equivalent force,42.6,deg,438.2501153307355,N
angle-force,Loaded gravity-equivalent force,42.650000000000006,deg,438.6658546233238,N
angle-force,Loaded gravity-equivalent force,42.7,deg,439.08125985278105,N
angle-force,Loaded gravity-equivalent force,42.75,deg,439.49633070275854,N
angle-force,Loaded gravity-equivalent force,42.8,deg,439.91106685716153,N
angle-force,Loaded gravity-equivalent force,42.85,deg,440.3254680001505,N
angle-force,Loaded gravity-equivalent force,42.90000000000001,deg,440.73953381614103,N
angle-force,Loaded gravity-equivalent force,42.95000000000001,deg,441.15326398980375,N
angle-force,Loaded gravity-equivalent force,43.0,deg,441.5666582060653,N
angle-force,Loaded gravity-equivalent force,43.05,deg,441.979716150108,N
angle-force,Loaded gravity-equivalent force,43.1,deg,442.3924375073703,N
angle-force,Loaded gravity-equivalent force,43.150000000000006,deg,442.80482196354683,N
angle-force,Loaded gravity-equivalent force,43.2,deg,443.2168692045889,N
angle-force,Loaded gravity-equivalent force,43.25,deg,443.6285789167045,N
angle-force,Loaded gravity-equivalent force,43.3,deg,444.039950786359,N
angle-force,Loaded gravity-equivalent force,43.35,deg,444.4509845002748,N
angle-force,Loaded gravity-equivalent force,43.400000000000006,deg,444.8616797454318,N
angle-force,Loaded gravity-equivalent force,43.45,deg,445.2720362090676,N
angle-force,Loaded gravity-equivalent force,43.5,deg,445.68205357867794,N
angle-force,Loaded gravity-equivalent force,43.550000000000004,deg,446.0917315420169,N
angle-force,Loaded gravity-equivalent force,43.6,deg,446.50106978709687,N
angle-force,Loaded gravity-equivalent force,43.650000000000006,deg,446.9100680021888,N
angle-force,Loaded gravity-equivalent force,43.7,deg,447.3187258758228,N
angle-force,Loaded gravity-equivalent force,43.75,deg,447.7270430967882,N
angle-force,Loaded gravity-equivalent force,43.8,deg,448.1350193541336,N
angle-force,Loaded gravity-equivalent force,43.85,deg,448.54265433716745,N
angle-force,Loaded gravity-equivalent force,43.900000000000006,deg,448.94994773545795,N
angle-force,Loaded gravity-equivalent force,43.95,deg,449.3568992388333,N
angle-force,Loaded gravity-equivalent force,44.0,deg,449.7635085373824,N
angle-force,Loaded gravity-equivalent force,44.05,deg,450.1697753214545,N
angle-force,Loaded gravity-equivalent force,44.1,deg,450.5756992816599,N
angle-force,Loaded gravity-equivalent force,44.150000000000006,deg,450.9812801088697,N
angle-force,Loaded gravity-equivalent force,44.2,deg,451.3865174942164,N
angle-force,Loaded gravity-equivalent force,44.25,deg,451.79141112909423,N
angle-force,Loaded gravity-equivalent force,44.3,deg,452.1959607051591,N
angle-force,Loaded gravity-equivalent force,44.35,deg,452.60016591432884,N
angle-force,Loaded gravity-equivalent force,44.400000000000006,deg,453.00402644878363,N
angle-force,Loaded gravity-equivalent force,44.45,deg,453.4075420009661,N
angle-force,Loaded gravity-equivalent force,44.5,deg,453.8107122635815,N
angle-force,Loaded gravity-equivalent force,44.55,deg,454.21353692959826,N
angle-force,Loaded gravity-equivalent force,44.6,deg,454.61601569224786,N
angle-force,Loaded gravity-equivalent force,44.650000000000006,deg,455.0181482450253,N
angle-force,Loaded gravity-equivalent force,44.7,deg,455.41993428168894,N
angle-force,Loaded gravity-equivalent force,44.75,deg,455.8213734962613,N
angle-force,Loaded gravity-equivalent force,44.8,deg,456.222465583029,N
angle-force,Loaded gravity-equivalent force,44.85,deg,456.62321023654306,N
angle-force,Loaded gravity-equivalent force,44.900000000000006,deg,457.0236071516189,N
angle-force,Loaded gravity-equivalent force,44.95,deg,457.4236560233368,N
angle-force,Loaded gravity-equivalent force,45.0,deg,457.823356547042,N
angle-force,Loaded gravity-equivalent force,45.05,deg,458.22270841834563,N
angle-force,Loaded gravity-equivalent force,45.1,deg,458.62171133312347,N
angle-force,Loaded gravity-equivalent force,45.15000000000001,deg,459.02036498751767,N
angle-force,Loaded gravity-equivalent force,45.20000000000001,deg,459.41866907793593,N
angle-force,Loaded gravity-equivalent force,45.25,deg,459.8166233010524,N
angle-force,Loaded gravity-equivalent force,45.3,deg,460.2142273538077,N
angle-force,Loaded gravity-equivalent force,45.35,deg,460.61148093340915,N
angle-force,Loaded gravity-equivalent force,45.400000000000006,deg,461.0083837373307,N
angle-force,Loaded gravity-equivalent force,45.45,deg,461.40493546331356,N
angle-force,Loaded gravity-equivalent force,45.5,deg,461.8011358093665,N
angle-force,Loaded gravity-equivalent force,45.55,deg,462.19698447376555,N
angle-force,Loaded gravity-equivalent force,45.6,deg,462.5924811550549,N
angle-force,Loaded gravity-equivalent force,45.650000000000006,deg,462.9876255520466,N
angle-force,Loaded gravity-equivalent force,45.7,deg,463.3824173638209,N
angle-force,Loaded gravity-equivalent force,45.75,deg,463.7768562897266,N
angle-force,Loaded gravity-equivalent force,45.800000000000004,deg,464.17094202938165,N
angle-force,Loaded gravity-equivalent force,45.85,deg,464.56467428267223,N
angle-force,Loaded gravity-equivalent force,45.900000000000006,deg,464.95805274975436,N
angle-force,Loaded gravity-equivalent force,45.95,deg,465.35107713105293,N
angle-force,Loaded gravity-equivalent force,46.0,deg,465.7437471272631,N
angle-force,Loaded gravity-equivalent force,46.05,deg,466.1360624393494,N
angle-force,Loaded gravity-equivalent force,46.1,deg,466.52802276854675,N
angle-force,Loaded gravity-equivalent force,46.150000000000006,deg,466.9196278163603,N
angle-force,Loaded gravity-equivalent force,46.2,deg,467.3108772845656,N
angle-force,Loaded gravity-equivalent force,46.25,deg,467.7017708752093,N
angle-force,Loaded gravity-equivalent force,46.3,deg,468.09230829060897,N
angle-force,Loaded gravity-equivalent force,46.35,deg,468.4824892333535,N
angle-force,Loaded gravity-equivalent force,46.400000000000006,deg,468.87231340630285,N
angle-force,Loaded gravity-equivalent force,46.45,deg,469.2617805125889,N
angle-force,Loaded gravity-equivalent force,46.5,deg,469.6508902556158,N
angle-force,Loaded gravity-equivalent force,46.55,deg,470.03964233905936,N
angle-force,Loaded gravity-equivalent force,46.6,deg,470.4280364668681,N
angle-force,Loaded gravity-equivalent force,46.650000000000006,deg,470.8160723432629,N
angle-force,Loaded gravity-equivalent force,46.7,deg,471.2037496727375,N
angle-force,Loaded gravity-equivalent force,46.75,deg,471.5910681600589,N
angle-force,Loaded gravity-equivalent force,46.8,deg,471.9780275102671,N
angle-force,Loaded gravity-equivalent force,46.85,deg,472.36462742867576,N
angle-force,Loaded gravity-equivalent force,46.900000000000006,deg,472.7508676208724,N
angle-force,Loaded gravity-equivalent force,46.95,deg,473.136747792718,N
angle-force,Loaded gravity-equivalent force,47.0,deg,473.5222676503481,N
angle-force,Loaded gravity-equivalent force,47.05,deg,473.90742690017277,N
angle-force,Loaded gravity-equivalent force,47.1,deg,474.2922252488763,N
angle-force,Loaded gravity-equivalent force,47.150000000000006,deg,474.67666240341805,N
angle-force,Loaded gravity-equivalent force,47.2,deg,475.0607380710324,N
angle-force,Loaded gravity-equivalent force,47.25,deg,475.44445195922896,N
angle-force,Loaded gravity-equivalent force,47.3,deg,475.82780377579303,N
angle-force,Loaded gravity-equivalent force,47.35,deg,476.2107932287856,N
angle-force,Loaded gravity-equivalent force,47.40000000000001,deg,476.5934200265433,N
angle-force,Loaded gravity-equivalent force,47.45000000000001,deg,476.9756838776792,N
angle-force,Loaded gravity-equivalent force,47.5,deg,477.357584491083,N
angle-force,Loaded gravity-equivalent force,47.55,deg,477.7391215759205,N
angle-force,Loaded gravity-equivalent force,47.6,deg,478.1202948416348,N
angle-force,Loaded gravity-equivalent force,47.650000000000006,deg,478.50110399794585,N
angle-force,Loaded gravity-equivalent force,47.7,deg,478.88154875485077,N
angle-force,Loaded gravity-equivalent force,47.75,deg,479.26162882262435,N
angle-force,Loaded gravity-equivalent force,47.8,deg,479.6413439118192,N
angle-force,Loaded gravity-equivalent force,47.85,deg,480.0206937332658,N
angle-force,Loaded gravity-equivalent force,47.900000000000006,deg,480.3996779980726,N
angle-force,Loaded gravity-equivalent force,47.95,deg,480.77829641762673,N
angle-force,Loaded gravity-equivalent force,48.00000000000001,deg,481.15654870359367,N
angle-force,Loaded gravity-equivalent force,48.050000000000004,deg,481.534434567918,N
angle-force,Loaded gravity-equivalent force,48.1,deg,481.9119537228231,N
angle-force,Loaded gravity-equivalent force,48.150000000000006,deg,482.2891058808117,N
angle-force,Loaded gravity-equivalent force,48.2,deg,482.665890754666,N
angle-force,Loaded gravity-equivalent force,48.25,deg,483.04230805744805,N
angle-force,Loaded gravity-equivalent force,48.3,deg,483.4183575024995,N
angle-force,Loaded gravity-equivalent force,48.35,deg,483.7940388034426,N
angle-force,Loaded gravity-equivalent force,48.400000000000006,deg,484.1693516741795,N
angle-force,Loaded gravity-equivalent force,48.45,deg,484.5442958288932,N
angle-force,Loaded gravity-equivalent force,48.5,deg,484.91887098204734,N
angle-force,Loaded gravity-equivalent force,48.55,deg,485.29307684838676,N
angle-force,Loaded gravity-equivalent force,48.6,deg,485.6669131429374,N
angle-force,Loaded gravity-equivalent force,48.650000000000006,deg,486.0403795810066,N
angle-force,Loaded gravity-equivalent force,48.7,deg,486.4134758781834,N
angle-force,Loaded gravity-equivalent force,48.75,deg,486.78620175033876,N
angle-force,Loaded gravity-equivalent force,48.8,deg,487.1585569136258,N
angle-force,Loaded gravity-equivalent force,48.85,deg,487.5305410844797,N
angle-force,Loaded gravity-equivalent force,48.900000000000006,deg,487.90215397961856,N
angle-force,Loaded gravity-equivalent force,48.95,deg,488.2733953160428,N
angle-force,Loaded gravity-equivalent force,49.0,deg,488.64426481103607,N
angle-force,Loaded gravity-equivalent force,49.05,deg,489.014762182165,N
angle-force,Loaded gravity-equivalent force,49.1,deg,489.3848871472799,N
angle-force,Loaded gravity-equivalent force,49.150000000000006,deg,489.75463942451455,N
angle-force,Loaded gravity-equivalent force,49.2,deg,490.12401873228623,N
angle-force,Loaded gravity-equivalent force,49.25,deg,490.4930247892968,N
angle-force,Loaded gravity-equivalent force,49.3,deg,490.8616573145319,N
angle-force,Loaded gravity-equivalent force,49.35,deg,491.229916027262,N
angle-force,Loaded gravity-equivalent force,49.400000000000006,deg,491.59780064704205,N
angle-force,Loaded gravity-equivalent force,49.45,deg,491.96531089371166,N
angle-force,Loaded gravity-equivalent force,49.5,deg,492.33244648739606,N
angle-force,Loaded gravity-equivalent force,49.55,deg,492.6992071485054,N
angle-force,Loaded gravity-equivalent force,49.6,deg,493.06559259773564,N
angle-force,Loaded gravity-equivalent force,49.65000000000001,deg,493.4316025560682,N
angle-force,Loaded gravity-equivalent force,49.70000000000001,deg,493.7972367447704,N
angle-force,Loaded gravity-equivalent force,49.75,deg,494.1624948853962,N
angle-force,Loaded gravity-equivalent force,49.8,deg,494.52737669978546,N
angle-force,Loaded gravity-equivalent force,49.85,deg,494.89188191006497,N
angle-force,Loaded gravity-equivalent force,49.900000000000006,deg,495.25601023864795,N
angle-force,Loaded gravity-equivalent force,49.95,deg,495.61976140823487,N
angle-force,Loaded gravity-equivalent force,50.0,deg,495.98313514181353,N
angle-force,Loaded gravity-equivalent force,50.05,deg,496.34613116265893,N
angle-force,Loaded gravity-equivalent force,50.1,deg,496.70874919433385,N
angle-force,Loaded gravity-equivalent force,50.150000000000006,deg,497.0709889606889,N
angle-force,Loaded gravity-equivalent force,50.2,deg,497.43285018586266,N
angle-force,Loaded gravity-equivalent force,50.25000000000001,deg,497.7943325942822,N
angle-force,Loaded gravity-equivalent force,50.300000000000004,deg,498.15543591066273,N
angle-force,Loaded gravity-equivalent force,50.35,deg,498.5161598600085,N
angle-force,Loaded gravity-equivalent force,50.400000000000006,deg,498.8765041676126,N
angle-force,Loaded gravity-equivalent force,50.45,deg,499.236468559057,N
angle-force,Loaded gravity-equivalent force,50.5,deg,499.59605276021324,N
angle-force,Loaded gravity-equivalent force,50.55,deg,499.9552564972423,N
angle-force,Loaded gravity-equivalent force,50.6,deg,500.31407949659496,N
angle-force,Loaded gravity-equivalent force,50.650000000000006,deg,500.6725214850119,N
angle-force,Loaded gravity-equivalent force,50.7,deg,501.03058218952384,N
angle-force,Loaded gravity-equivalent force,50.75,deg,501.38826133745187,N
angle-force,Loaded gravity-equivalent force,50.8,deg,501.7455586564081,N
angle-force,Loaded gravity-equivalent force,50.85,deg,502.10247387429496,N
angle-force,Loaded gravity-equivalent force,50.900000000000006,deg,502.459006719306,N
angle-force,Loaded gravity-equivalent force,50.95,deg,502.81515691992564,N
angle-force,Loaded gravity-equivalent force,51.0,deg,503.17092420493043,N
angle-force,Loaded gravity-equivalent force,51.05,deg,503.52630830338785,N
angle-force,Loaded gravity-equivalent force,51.1,deg,503.8813089446576,N
angle-force,Loaded gravity-equivalent force,51.150000000000006,deg,504.23592585839117,N
angle-force,Loaded gravity-equivalent force,51.2,deg,504.5901587745323,N
angle-force,Loaded gravity-equivalent force,51.25,deg,504.94400742331726,N
angle-force,Loaded gravity-equivalent force,51.3,deg,505.297471535275,N
angle-force,Loaded gravity-equivalent force,51.35,deg,505.6505508412271,N
angle-force,Loaded gravity-equivalent force,51.400000000000006,deg,506.0032450722885,N
angle-force,Loaded gravity-equivalent force,51.45,deg,506.355553959867,N
angle-force,Loaded gravity-equivalent force,51.5,deg,506.707477235664,N
angle-force,Loaded gravity-equivalent force,51.55,deg,507.05901463167476,N
angle-force,Loaded gravity-equivalent force,51.6,deg,507.4101658801883,N
angle-force,Loaded gravity-equivalent force,51.650000000000006,deg,507.76093071378756,N
angle-force,Loaded gravity-equivalent force,51.7,deg,508.11130886534994,N
angle-force,Loaded gravity-equivalent force,51.75,deg,508.4613000680472,N
angle-force,Loaded gravity-equivalent force,51.8,deg,508.81090405534576,N
angle-force,Loaded gravity-equivalent force,51.85,deg,509.1601205610071,N
angle-force,Loaded gravity-equivalent force,51.90000000000001,deg,509.50894931908755,N
angle-force,Loaded gravity-equivalent force,51.95000000000001,deg,509.8573900639389,N
angle-force,Loaded gravity-equivalent force,52.0,deg,510.2054425302083,N
angle-force,Loaded gravity-equivalent force,52.05,deg,510.5531064528387,N
angle-force,Loaded gravity-equivalent force,52.1,deg,510.90038156706896,N
angle-force,Loaded gravity-equivalent force,52.150000000000006,deg,511.2472676084338,N
angle-force,Loaded gravity-equivalent force,52.2,deg,511.59376431276456,N
angle-force,Loaded gravity-equivalent force,52.25,deg,511.9398714161888,N
angle-force,Loaded gravity-equivalent force,52.3,deg,512.2855886551312,N
angle-force,Loaded gravity-equivalent force,52.35,deg,512.6309157663127,N
angle-force,Loaded gravity-equivalent force,52.400000000000006,deg,512.9758524867518,N
angle-force,Loaded gravity-equivalent force,52.45,deg,513.3203985537642,N
angle-force,Loaded gravity-equivalent force,52.50000000000001,deg,513.6645537049632,N
angle-force,Loaded gravity-equivalent force,52.550000000000004,deg,514.0083176782595,N
angle-force,Loaded gravity-equivalent force,52.6,deg,514.3516902118619,N
angle-force,Loaded gravity-equivalent force,52.650000000000006,deg,514.6946710442774,N
angle-force,Loaded gravity-equivalent force,52.7,deg,515.0372599143109,N
angle-force,Loaded gravity-equivalent force,52.75,deg,515.3794565610665,N
angle-force,Loaded gravity-equivalent force,52.8,deg,515.7212607239461,N
angle-force,Loaded gravity-equivalent force,52.85,deg,516.0626721426514,N
angle-force,Loaded gravity-equivalent force,52.900000000000006,deg,516.4036905571825,N
angle-force,Loaded gravity-equivalent force,52.95,deg,516.7443157078391,N
angle-force,Loaded gravity-equivalent force,53.0,deg,517.0845473352202,N
angle-force,Loaded gravity-equivalent force,53.05,deg,517.4243851802248,N
angle-force,Loaded gravity-equivalent force,53.1,deg,517.7638289840517,N
angle-force,Loaded gravity-equivalent force,53.150000000000006,deg,518.1028784881994,N
angle-force,Loaded gravity-equivalent force,53.2,deg,518.441533434467,N
angle-force,Loaded gravity-equivalent force,53.25,deg,518.7797935649542,N
angle-force,Loaded gravity-equivalent force,53.3,deg,519.117658622061,N
angle-force,Loaded gravity-equivalent force,53.35,deg,519.4551283484886,N
angle-force,Loaded gravity-equivalent force,53.400000000000006,deg,519.7922024872391,N
angle-force,Loaded gravity-equivalent force,53.45,deg,520.1288807816157,N
angle-force,Loaded gravity-equivalent force,53.5,deg,520.4651629752235,N
angle-force,Loaded gravity-equivalent force,53.55,deg,520.8010488119689,N
angle-force,Loaded gravity-equivalent force,53.6,deg,521.1365380360602,N
angle-force,Loaded gravity-equivalent force,53.650000000000006,deg,521.4716303920078,N
angle-force,Loaded gravity-equivalent force,53.7,deg,521.8063256246242,N
angle-force,Loaded gravity-equivalent force,53.75,deg,522.1406234790243,N
angle-force,Loaded gravity-equivalent force,53.8,deg,522.474523700626,N
angle-force,Loaded gravity-equivalent force,53.85,deg,522.8080260351497,N
angle-force,Loaded gravity-equivalent force,53.900000000000006,deg,523.141130228619,N
angle-force,Loaded gravity-equivalent force,53.95,deg,523.4738360273601,N
angle-force,Loaded gravity-equivalent force,54.0,deg,523.8061431780036,N
angle-force,Loaded gravity-equivalent force,54.05,deg,524.1380514274827,N
angle-force,Loaded gravity-equivalent force,54.1,deg,524.469560523035,N
angle-force,Loaded gravity-equivalent force,54.15000000000001,deg,524.8006702122022,N
angle-force,Loaded gravity-equivalent force,54.20000000000001,deg,525.1313802428294,N
angle-force,Loaded gravity-equivalent force,54.25,deg,525.4616903630669,N
angle-force,Loaded gravity-equivalent force,54.3,deg,525.7916003213688,N
angle-force,Loaded gravity-equivalent force,54.35,deg,526.1211098664947,N
angle-force,Loaded gravity-equivalent force,54.400000000000006,deg,526.4502187475085,N
angle-force,Loaded gravity-equivalent force,54.45,deg,526.7789267137797,N
angle-force,Loaded gravity-equivalent force,54.5,deg,527.1072335149825,N
angle-force,Loaded gravity-equivalent force,54.55,deg,527.4351389010972,N
angle-force,Loaded gravity-equivalent force,54.6,deg,527.7626426224098,N
angle-force,Loaded gravity-equivalent force,54.650000000000006,deg,528.0897444295116,N
angle-force,Loaded gravity-equivalent force,54.7,deg,528.4164440733006,N
angle-force,Loaded gravity-equivalent force,54.75000000000001,deg,528.7427413049807,N
angle-force,Loaded gravity-equivalent force,54.800000000000004,deg,529.0686358760623,N
angle-force,Loaded gravity-equivalent force,54.85,deg,529.3941275383628,N
angle-force,Loaded gravity-equivalent force,54.900000000000006,deg,529.7192160440057,N
angle-force,Loaded gravity-equivalent force,54.95,deg,530.0439011454223,N
angle-force,Loaded gravity-equivalent force,55.0,deg,530.3681825953506,N
angle-force,Loaded gravity-equivalent force,55.05,deg,530.6920601468363,N
angle-force,Loaded gravity-equivalent force,55.1,deg,531.0155335532326,N
angle-force,Loaded gravity-equivalent force,55.150000000000006,deg,531.3386025682001,N
angle-force,Loaded gravity-equivalent force,55.2,deg,531.661266945708,N
angle-force,Loaded gravity-equivalent force,55.25,deg,531.9835264400333,N
angle-force,Loaded gravity-equivalent force,55.3,deg,532.3053808057612,N
angle-force,Loaded gravity-equivalent force,55.35,deg,532.626829797786,N
angle-force,Loaded gravity-equivalent force,55.400000000000006,deg,532.9478731713098,N
angle-force,Loaded gravity-equivalent force,55.45,deg,533.2685106818443,N
angle-force,Loaded gravity-equivalent force,55.5,deg,533.5887420852104,N
angle-force,Loaded gravity-equivalent force,55.55,deg,533.9085671375374,N
angle-force,Loaded gravity-equivalent force,55.6,deg,534.2279855952651,N
angle-force,Loaded gravity-equivalent force,55.650000000000006,deg,534.546997215142,N
angle-force,Loaded gravity-equivalent force,55.7,deg,534.8656017542273,N
angle-force,Loaded gravity-equivalent force,55.75,deg,535.1837989698896,N
angle-force,Loaded gravity-equivalent force,55.8,deg,535.5015886198078,N
angle-force,Loaded gravity-equivalent force,55.85000000000001,deg,535.8189704619715,N
angle-force,Loaded gravity-equivalent force,55.900000000000006,deg,536.1359442546803,N
angle-force,Loaded gravity-equivalent force,55.95,deg,536.452509756545,N
angle-force,Loaded gravity-equivalent force,56.0,deg,536.7686667264874,N
angle-force,Loaded gravity-equivalent force,56.05,deg,537.0844149237399,N
angle-force,Loaded gravity-equivalent force,56.1,deg,537.3997541078467,N
angle-force,Loaded gravity-equivalent force,56.150000000000006,deg,537.7146840386632,N
angle-force,Loaded gravity-equivalent force,56.2,deg,538.0292044763567,N
angle-force,Loaded gravity-equivalent force,56.25,deg,538.343315181406,N
angle-force,Loaded gravity-equivalent force,56.3,deg,538.6570159146022,N
angle-force,Loaded gravity-equivalent force,56.35,deg,538.9703064370487,N
angle-force,Loaded gravity-equivalent force,56.40000000000001,deg,539.283186510161,N
angle-force,Loaded gravity-equivalent force,56.45000000000001,deg,539.5956558956674,N
angle-force,Loaded gravity-equivalent force,56.5,deg,539.9077143556087,N
angle-force,Loaded gravity-equivalent force,56.55,deg,540.219361652339,N
angle-force,Loaded gravity-equivalent force,56.6,deg,540.5305975485252,N
angle-force,Loaded gravity-equivalent force,56.650000000000006,deg,540.8414218071478,N
angle-force,Loaded gravity-equivalent force,56.7,deg,541.1518341915004,N
angle-force,Loaded gravity-equivalent force,56.75,deg,541.4618344651903,N
angle-force,Loaded gravity-equivalent force,56.8,deg,541.7714223921394,N
angle-force,Loaded gravity-equivalent force,56.85,deg,542.0805977365825,N
angle-force,Loaded gravity-equivalent force,56.900000000000006,deg,542.3893602630693,N
angle-force,Loaded gravity-equivalent force,56.95,deg,542.6977097364638,N
angle-force,Loaded gravity-equivalent force,57.00000000000001,deg,543.0056459219443,N
angle-force,Loaded gravity-equivalent force,57.050000000000004,deg,543.3131685850041,N
angle-force,Loaded gravity-equivalent force,57.1,deg,543.6202774914511,N
angle-force,Loaded gravity-equivalent force,57.15,deg,543.9269724074089,N
angle-force,Loaded gravity-equivalent force,57.2,deg,544.2332530993158,N
angle-force,Loaded gravity-equivalent force,57.25,deg,544.5391193339256,N
angle-force,Loaded gravity-equivalent force,57.30000000000001,deg,544.844570878308,N
angle-force,Loaded gravity-equivalent force,57.35000000000001,deg,545.1496074998483,N
angle-force,Loaded gravity-equivalent force,57.400000000000006,deg,545.4542289662478,N
angle-force,Loaded gravity-equivalent force,57.45,deg,545.7584350455242,N
angle-force,Loaded gravity-equivalent force,57.5,deg,546.0622255060109,N
angle-force,Loaded gravity-equivalent force,57.55000000000001,deg,546.3656001163589,N
angle-force,Loaded gravity-equivalent force,57.6,deg,546.6685586455347,N
angle-force,Loaded gravity-equivalent force,57.65,deg,546.9711008628225,N
angle-force,Loaded gravity-equivalent force,57.699999999999996,deg,547.273226537823,N
angle-force,Loaded gravity-equivalent force,57.74999999999999,deg,547.5749354404545,N
angle-force,Loaded gravity-equivalent force,57.800000000000004,deg,547.8762273409526,N
angle-force,Loaded gravity-equivalent force,57.85,deg,548.1771020098704,N
angle-force,Loaded gravity-equivalent force,57.9,deg,548.4775592180786,N
angle-force,Loaded gravity-equivalent force,57.95000000000001,deg,548.7775987367661,N
angle-force,Loaded gravity-equivalent force,58.00000000000001,deg,549.0772203374396,N
angle-force,Loaded gravity-equivalent force,58.050000000000004,deg,549.3764237919245,N
angle-force,Loaded gravity-equivalent force,58.1,deg,549.6752088723639,N
angle-force,Loaded gravity-equivalent force,58.15,deg,549.9735753512206,N
angle-force,Loaded gravity-equivalent force,58.2,deg,550.271523001275,N
angle-force,Loaded gravity-equivalent force,58.25,deg,550.5690515956271,N
angle-force,Loaded gravity-equivalent force,58.3,deg,550.8661609076963,N
angle-force,Loaded gravity-equivalent force,58.349999999999994,deg,551.1628507112204,N
angle-force,Loaded gravity-equivalent force,58.400000000000006,deg,551.4591207802576,N
angle-force,Loaded gravity-equivalent force,58.45,deg,551.7549708891853,N
angle-force,Loaded gravity-equivalent force,58.5,deg,552.0504008127006,N
angle-force,Loaded gravity-equivalent force,58.55000000000001,deg,552.3454103258209,N
angle-force,Loaded gravity-equivalent force,58.60000000000001,deg,552.6399992038836,N
angle-force,Loaded gravity-equivalent force,58.650000000000006,deg,552.9341672225463,N
angle-force,Loaded gravity-equivalent force,58.7,deg,553.2279141577876,N
angle-force,Loaded gravity-equivalent force,58.75,deg,553.521239785906,N
angle-force,Loaded gravity-equivalent force,58.800000000000004,deg,553.8141438835218,N
angle-force,Loaded gravity-equivalent force,58.85,deg,554.1066262275751,N
angle-force,Loaded gravity-equivalent force,58.9,deg,554.3986865953285,N
angle-force,Loaded gravity-equivalent force,58.95000000000001,deg,554.6903247643652,N
angle-force,Loaded gravity-equivalent force,59.00000000000001,deg,554.9815405125897,N
angle-force,Loaded gravity-equivalent force,59.050000000000004,deg,555.2723336182288,N
angle-force,Loaded gravity-equivalent force,59.1,deg,555.5627038598309,N
angle-force,Loaded gravity-equivalent force,59.15,deg,555.8526510162665,N
angle-force,Loaded gravity-equivalent force,59.20000000000001,deg,556.142174866728,N
angle-force,Loaded gravity-equivalent force,59.25000000000001,deg,556.4312751907306,N
angle-force,Loaded gravity-equivalent force,59.300000000000004,deg,556.7199517681117,N
angle-force,Loaded gravity-equivalent force,59.349999999999994,deg,557.0082043790316,N
angle-force,Loaded gravity-equivalent force,59.39999999999999,deg,557.2960328039733,N
angle-force,Loaded gravity-equivalent force,59.45,deg,557.5834368237432,N
angle-force,Loaded gravity-equivalent force,59.5,deg,557.8704162194703,N
angle-force,Loaded gravity-equivalent force,59.55000000000001,deg,558.1569707726076,N
angle-force,Loaded gravity-equivalent force,59.60000000000001,deg,558.443100264931,N
angle-force,Loaded gravity-equivalent force,59.650000000000006,deg,558.7288044785407,N
angle-force,Loaded gravity-equivalent force,59.7,deg,559.0140831958604,N
angle-force,Loaded gravity-equivalent force,59.75,deg,559.2989361996381,N
angle-force,Loaded gravity-equivalent force,59.80000000000001,deg,559.5833632729457,N
angle-force,Loaded gravity-equivalent force,59.85,deg,559.8673641991796,N
angle-force,Loaded gravity-equivalent force,59.9,deg,560.150938762061,N
angle-force,Loaded gravity-equivalent force,59.949999999999996,deg,560.4340867456351,N
angle-force,Loaded gravity-equivalent force,59.99999999999999,deg,560.7168079342727,N
angle-force,Loaded gravity-equivalent force,60.050000000000004,deg,560.9991021126692,N
angle-force,Loaded gravity-equivalent force,60.1,deg,561.2809690658454,N
angle-force,Loaded gravity-equivalent force,60.15,deg,561.5624085791472,N
angle-force,Loaded gravity-equivalent force,60.20000000000001,deg,561.8434204382465,N
angle-force,Loaded gravity-equivalent force,60.25000000000001,deg,562.1240044291401,N
angle-force,Loaded gravity-equivalent force,60.300000000000004,deg,562.4041603381514,N
angle-force,Loaded gravity-equivalent force,60.35,deg,562.6838879519293,N
angle-force,Loaded gravity-equivalent force,60.4,deg,562.9631870574491,N
angle-force,Loaded gravity-equivalent force,60.45,deg,563.2420574420125,N
angle-force,Loaded gravity-equivalent force,60.5,deg,563.5204988932475,N
angle-force,Loaded gravity-equivalent force,60.55,deg,563.7985111991088,N
angle-force,Loaded gravity-equivalent force,60.599999999999994,deg,564.0760941478778,N
angle-force,Loaded gravity-equivalent force,60.650000000000006,deg,564.3532475281634,N
angle-force,Loaded gravity-equivalent force,60.7,deg,564.6299711289009,N
angle-force,Loaded gravity-equivalent force,60.75,deg,564.9062647393532,N
angle-force,Loaded gravity-equivalent force,60.80000000000001,deg,565.182128149111,N
angle-force,Loaded gravity-equivalent force,60.85000000000001,deg,565.4575611480922,N
angle-force,Loaded gravity-equivalent force,60.900000000000006,deg,565.7325635265423,N
angle-force,Loaded gravity-equivalent force,60.95,deg,566.0071350750354,N
angle-force,Loaded gravity-equivalent force,61.0,deg,566.2812755844732,N
angle-force,Loaded gravity-equivalent force,61.050000000000004,deg,566.5549848460859,N
angle-force,Loaded gravity-equivalent force,61.1,deg,566.8282626514316,N
angle-force,Loaded gravity-equivalent force,61.15,deg,567.1011087923977,N
angle-force,Loaded gravity-equivalent force,61.20000000000001,deg,567.3735230612001,N
angle-force,Loaded gravity-equivalent force,61.25000000000001,deg,567.645505250383,N
angle-force,Loaded gravity-equivalent force,61.300000000000004,deg,567.9170551528205,N
angle-force,Loaded gravity-equivalent force,61.35,deg,568.1881725617156,N
angle-force,Loaded gravity-equivalent force,61.4,deg,568.4588572706003,N
angle-force,Loaded gravity-equivalent force,61.45000000000001,deg,568.7291090733368,N
angle-force,Loaded gravity-equivalent force,61.50000000000001,deg,568.9989277641162,N
angle-force,Loaded gravity-equivalent force,61.550000000000004,deg,569.26831313746,N
angle-force,Loaded gravity-equivalent force,61.599999999999994,deg,569.5372649882196,N
angle-force,Loaded gravity-equivalent force,61.64999999999999,deg,569.8057831115763,N
angle-force,Loaded gravity-equivalent force,61.7,deg,570.0738673030421,N
angle-force,Loaded gravity-equivalent force,61.75,deg,570.341517358459,N
angle-force,Loaded gravity-equivalent force,61.80000000000001,deg,570.6087330739999,N
angle-force,Loaded gravity-equivalent force,61.85000000000001,deg,570.8755142461686,N
angle-force,Loaded gravity-equivalent force,61.900000000000006,deg,571.1418606717992,N
angle-force,Loaded gravity-equivalent force,61.95,deg,571.4077721480578,N
angle-force,Loaded gravity-equivalent force,62.0,deg,571.6732484724408,N
angle-force,Loaded gravity-equivalent force,62.05000000000001,deg,571.938289442777,N
angle-force,Loaded gravity-equivalent force,62.1,deg,572.2028948572255,N
angle-force,Loaded gravity-equivalent force,62.15,deg,572.4670645142783,N
angle-force,Loaded gravity-equivalent force,62.199999999999996,deg,572.7307982127584,N
angle-force,Loaded gravity-equivalent force,62.24999999999999,deg,572.9940957518211,N
angle-force,Loaded gravity-equivalent force,62.300000000000004,deg,573.2569569309542,N
angle-force,Loaded gravity-equivalent force,62.35,deg,573.5193815499772,N
angle-force,Loaded gravity-equivalent force,62.4,deg,573.7813694090422,N
angle-force,Loaded gravity-equivalent force,62.45000000000001,deg,574.0429203086345,N
angle-force,Loaded gravity-equivalent force,62.50000000000001,deg,574.3040340495716,N
angle-force,Loaded gravity-equivalent force,62.550000000000004,deg,574.5647104330036,N
angle-force,Loaded gravity-equivalent force,62.6,deg,574.8249492604144,N
angle-force,Loaded gravity-equivalent force,62.65,deg,575.0847503336208,N
angle-force,Loaded gravity-equivalent force,62.7,deg,575.3441134547732,N
angle-force,Loaded gravity-equivalent force,62.75,deg,575.6030384263549,N
angle-force,Loaded gravity-equivalent force,62.8,deg,575.8615250511835,N
angle-force,Loaded gravity-equivalent force,62.849999999999994,deg,576.1195731324102,N
angle-force,Loaded gravity-equivalent force,62.900000000000006,deg,576.3771824735201,N
angle-force,Loaded gravity-equivalent force,62.95,deg,576.6343528783324,N
angle-force,Loaded gravity-equivalent force,63.0,deg,576.8910841510008,N
angle-force,Loaded gravity-equivalent force,63.05000000000001,deg,577.1473760960131,N
angle-force,Loaded gravity-equivalent force,63.10000000000001,deg,577.403228518192,N
angle-force,Loaded gravity-equivalent force,63.150000000000006,deg,577.6586412226947,N
angle-force,Loaded gravity-equivalent force,63.2,deg,577.9136140150132,N
angle-force,Loaded gravity-equivalent force,63.25,deg,578.1681467009747,N
angle-force,Loaded gravity-equivalent force,63.300000000000004,deg,578.4222390867418,N
angle-force,Loaded gravity-equivalent force,63.35,deg,578.6758909788116,N
angle-force,Loaded gravity-equivalent force,63.40000000000001,deg,578.9291021840174,N
angle-force,Loaded gravity-equivalent force,63.45000000000001,deg,579.1818725095278,N
angle-force,Loaded gravity-equivalent force,63.50000000000001,deg,579.4342017628472,N
angle-force,Loaded gravity-equivalent force,63.550000000000004,deg,579.6860897518159,N
angle-force,Loaded gravity-equivalent force,63.6,deg,579.9375362846102,N
angle-force,Loaded gravity-equivalent force,63.65000000000001,deg,580.1885411697428,N
angle-force,Loaded gravity-equivalent force,63.70000000000001,deg,580.4391042160624,N
angle-force,Loaded gravity-equivalent force,63.75000000000001,deg,580.6892252327544,N
angle-force,Loaded gravity-equivalent force,63.800000000000004,deg,580.9389040293407,N
angle-force,Loaded gravity-equivalent force,63.849999999999994,deg,581.1881404156801,N
angle-force,Loaded gravity-equivalent force,63.900000000000006,deg,581.4369342019683,N
angle-force,Loaded gravity-equivalent force,63.95,deg,581.6852851987378,N
angle-force,Loaded gravity-equivalent force,64.0,deg,581.9331932168586,N
angle-force,Loaded gravity-equivalent force,64.05000000000001,deg,582.1806580675383,N
angle-force,Loaded gravity-equivalent force,64.1,deg,582.4276795623211,N
angle-force,Loaded gravity-equivalent force,64.15,deg,582.6742575130897,N
angle-force,Loaded gravity-equivalent force,64.2,deg,582.9203917320643,N
angle-force,Loaded gravity-equivalent force,64.25,deg,583.1660820318027,N
angle-force,Loaded gravity-equivalent force,64.30000000000001,deg,583.4113282252016,N
angle-force,Loaded gravity-equivalent force,64.35,deg,583.6561301254945,N
angle-force,Loaded gravity-equivalent force,64.4,deg,583.900487546255,N
angle-force,Loaded gravity-equivalent force,64.45,deg,584.1444003013938,N
angle-force,Loaded gravity-equivalent force,64.5,deg,584.3878682051608,N
angle-force,Loaded gravity-equivalent force,64.55000000000001,deg,584.6308910721448,N
angle-force,Loaded gravity-equivalent force,64.6,deg,584.8734687172728,N
angle-force,Loaded gravity-equivalent force,64.65,deg,585.1156009558119,N
angle-force,Loaded gravity-equivalent force,64.7,deg,585.3572876033676,N
angle-force,Loaded gravity-equivalent force,64.75,deg,585.5985284758851,N
angle-force,Loaded gravity-equivalent force,64.80000000000001,deg,585.839323389649,N
angle-force,Loaded gravity-equivalent force,64.85,deg,586.0796721612835,N
angle-force,Loaded gravity-equivalent force,64.9,deg,586.3195746077525,N
angle-force,Loaded gravity-equivalent force,64.95,deg,586.5590305463598,N
angle-force,Loaded gravity-equivalent force,65.0,deg,586.7980397947495,N
angle-force,Loaded gravity-equivalent force,65.05000000000001,deg,587.0366021709054,N
angle-force,Loaded gravity-equivalent force,65.1,deg,587.2747174931519,N
angle-force,Loaded gravity-equivalent force,65.15,deg,587.5123855801542,N
angle-force,Loaded gravity-equivalent force,65.2,deg,587.7496062509172,N
angle-force,Loaded gravity-equivalent force,65.25,deg,587.9863793247872,N
angle-force,Loaded gravity-equivalent force,65.30000000000001,deg,588.2227046214514,N
angle-force,Loaded gravity-equivalent force,65.35,deg,588.4585819609376,N
angle-force,Loaded gravity-equivalent force,65.4,deg,588.6940111636151,N
angle-force,Loaded gravity-equivalent force,65.45,deg,588.9289920501941,N
angle-force,Loaded gravity-equivalent force,65.5,deg,589.1635244417267,N
angle-force,Loaded gravity-equivalent force,65.55000000000001,deg,589.3976081596062,N
angle-force,Loaded gravity-equivalent force,65.6,deg,589.6312430255674,N
angle-force,Loaded gravity-equivalent force,65.65000000000002,deg,589.8644288616877,N
angle-force,Loaded gravity-equivalent force,65.7,deg,590.0971654903855,N
angle-force,Loaded gravity-equivalent force,65.75,deg,590.3294527344218,N
angle-force,Loaded gravity-equivalent force,65.80000000000001,deg,590.5612904169,N
angle-force,Loaded gravity-equivalent force,65.85,deg,590.7926783612653,N
angle-force,Loaded gravity-equivalent force,65.9,deg,591.023616391306,N
angle-force,Loaded gravity-equivalent force,65.95,deg,591.2541043311526,N
angle-force,Loaded gravity-equivalent force,66.0,deg,591.4841420052784,N
angle-force,Loaded gravity-equivalent force,66.05000000000001,deg,591.7137292384999,N
angle-force,Loaded gravity-equivalent force,66.1,deg,591.9428658559764,N
angle-force,Loaded gravity-equivalent force,66.15,deg,592.1715516832105,N
angle-force,Loaded gravity-equivalent force,66.2,deg,592.3997865460476,N
angle-force,Loaded gravity-equivalent force,66.25,deg,592.6275702706772,N
angle-force,Loaded gravity-equivalent force,66.30000000000001,deg,592.8549026836323,N
angle-force,Loaded gravity-equivalent force,66.35,deg,593.081783611789,N
angle-force,Loaded gravity-equivalent force,66.4,deg,593.3082128823677,N
angle-force,Loaded gravity-equivalent force,66.45,deg,593.5341903229328,N
angle-force,Loaded gravity-equivalent force,66.5,deg,593.7597157613925,N
angle-force,Loaded gravity-equivalent force,66.55000000000001,deg,593.9847890259995,N
angle-force,Loaded gravity-equivalent force,66.6,deg,594.2094099453504,N
angle-force,Loaded gravity-equivalent force,66.65,deg,594.4335783483871,N
angle-force,Loaded gravity-equivalent force,66.7,deg,594.6572940643953,N
angle-force,Loaded gravity-equivalent force,66.75,deg,594.8805569230058,N
angle-force,Loaded gravity-equivalent force,66.80000000000001,deg,595.1033667541942,N
angle-force,Loaded gravity-equivalent force,66.85,deg,595.325723388281,N
angle-force,Loaded gravity-equivalent force,66.9,deg,595.5476266559324,N
angle-force,Loaded gravity-equivalent force,66.95,deg,595.7690763881589,N
angle-force,Loaded gravity-equivalent force,67.0,deg,595.990072416317,N
angle-force,Loaded gravity-equivalent force,67.05000000000001,deg,596.210614572109,N
angle-force,Loaded gravity-equivalent force,67.1,deg,596.4307026875819,N
angle-force,Loaded gravity-equivalent force,67.15,deg,596.6503365951294,N
angle-force,Loaded gravity-equivalent force,67.2,deg,596.8695161274906,N
angle-force,Loaded gravity-equivalent force,67.25,deg,597.0882411177507,N
angle-force,Loaded gravity-equivalent force,67.30000000000001,deg,597.3065113993414,N
angle-force,Loaded gravity-equivalent force,67.35,deg,597.5243268060399,N
angle-force,Loaded gravity-equivalent force,67.4,deg,597.7416871719706,N
angle-force,Loaded gravity-equivalent force,67.45,deg,597.9585923316042,N
angle-force,Loaded gravity-equivalent force,67.5,deg,598.1750421197578,N
angle-force,Loaded gravity-equivalent force,67.55000000000001,deg,598.3910363715955,N
angle-force,Loaded gravity-equivalent force,67.6,deg,598.6065749226282,N
angle-force,Loaded gravity-equivalent force,67.65,deg,598.8216576087143,N
angle-force,Loaded gravity-equivalent force,67.7,deg,599.0362842660585,N
angle-force,Loaded gravity-equivalent force,67.75,deg,599.2504547312135,N
angle-force,Loaded gravity-equivalent force,67.80000000000001,deg,599.4641688410792,N
angle-force,Loaded gravity-equivalent force,67.85,deg,599.6774264329028,N
angle-force,Loaded gravity-equivalent force,67.90000000000002,deg,599.8902273442799,N
angle-force,Loaded gravity-equivalent force,67.95,deg,600.1025714131528,N
angle-force,Loaded gravity-equivalent force,68.0,deg,600.3144584778122,N
angle-force,Loaded gravity-equivalent force,68.05000000000001,deg,600.5258883768973,N
angle-force,Loaded gravity-equivalent force,68.1,deg,600.7368609493948,N
angle-force,Loaded gravity-equivalent force,68.15,deg,600.94737603464,N
angle-force,Loaded gravity-equivalent force,68.2,deg,601.1574334723164,N
angle-force,Loaded gravity-equivalent force,68.25,deg,601.3670331024562,N
angle-force,Loaded gravity-equivalent force,68.30000000000001,deg,601.5761747654401,N
angle-force,Loaded gravity-equivalent force,68.35,deg,601.7848583019977,N
angle-force,Loaded gravity-equivalent force,68.4,deg,601.9930835532074,N
angle-force,Loaded gravity-equivalent force,68.45,deg,602.2008503604965,N
angle-force,Loaded gravity-equivalent force,68.5,deg,602.4081585656417,N
angle-force,Loaded gravity-equivalent force,68.55000000000001,deg,602.6150080107686,N
angle-force,Loaded gravity-equivalent force,68.6,deg,602.8213985383527,N
angle-force,Loaded gravity-equivalent force,68.65,deg,603.0273299912182,N
angle-force,Loaded gravity-equivalent force,68.7,deg,603.2328022125396,N
angle-force,Loaded gravity-equivalent force,68.75,deg,603.4378150458408,N
angle-force,Loaded gravity-equivalent force,68.80000000000001,deg,603.6423683349957,N
angle-force,Loaded gravity-equivalent force,68.85,deg,603.8464619242277,N
angle-force,Loaded gravity-equivalent force,68.9,deg,604.0500956581112,N
angle-force,Loaded gravity-equivalent force,68.95,deg,604.2532693815699,N
angle-force,Loaded gravity-equivalent force,69.0,deg,604.4559829398784,N
angle-force,Loaded gravity-equivalent force,69.05000000000001,deg,604.6582361786611,N
angle-force,Loaded gravity-equivalent force,69.1,deg,604.8600289438938,N
angle-force,Loaded gravity-equivalent force,69.15,deg,605.0613610819024,N
angle-force,Loaded gravity-equivalent force,69.2,deg,605.2622324393635,N
angle-force,Loaded gravity-equivalent force,69.25,deg,605.4626428633052,N
angle-force,Loaded gravity-equivalent force,69.30000000000001,deg,605.662592201106,N
angle-force,Loaded gravity-equivalent force,69.35,deg,605.8620803004957,N
angle-force,Loaded gravity-equivalent force,69.4,deg,606.0611070095557,N
angle-force,Loaded gravity-equivalent force,69.45,deg,606.2596721767184,N
angle-force,Loaded gravity-equivalent force,69.5,deg,606.4577756507675,N
angle-force,Loaded gravity-equivalent force,69.55000000000001,deg,606.6554172808392,N
angle-force,Loaded gravity-equivalent force,69.6,deg,606.8525969164201,N
angle-force,Loaded gravity-equivalent force,69.65,deg,607.0493144073498,N
angle-force,Loaded gravity-equivalent force,69.7,deg,607.2455696038193,N
angle-force,Loaded gravity-equivalent force,69.75,deg,607.4413623563717,N
angle-force,Loaded gravity-equivalent force,69.80000000000001,deg,607.6366925159022,N
angle-force,Loaded gravity-equivalent force,69.85,deg,607.8315599336584,N
angle-force,Loaded gravity-equivalent force,69.9,deg,608.0259644612404,N
angle-force,Loaded gravity-equivalent force,69.95,deg,608.2199059506007,N
angle-force,Loaded gravity-equivalent force,70.0,deg,608.4133842540442,N
angle-force,Loaded gravity-equivalent force,70.05000000000001,deg,608.6063992242291,N
angle-force,Loaded gravity-equivalent force,70.1,deg,608.7989507141659,N
angle-force,Loaded gravity-equivalent force,70.15000000000002,deg,608.9910385772183,N
angle-force,Loaded gravity-equivalent force,70.2,deg,609.1826626671029,N
angle-force,Loaded gravity-equivalent force,70.25,deg,609.3738228378899,N
angle-force,Loaded gravity-equivalent force,70.30000000000001,deg,609.5645189440021,N
angle-force,Loaded gravity-equivalent force,70.35,deg,609.7547508402166,N
angle-force,Loaded gravity-equivalent force,70.4,deg,609.9445183816632,N
angle-force,Loaded gravity-equivalent force,70.45,deg,610.1338214238258,N
angle-force,Loaded gravity-equivalent force,70.5,deg,610.3226598225419,N
angle-force,Loaded gravity-equivalent force,70.55000000000001,deg,610.5110334340028,N
angle-force,Loaded gravity-equivalent force,70.6,deg,610.6989421147538,N
angle-force,Loaded gravity-equivalent force,70.65,deg,610.8863857216943,N
angle-force,Loaded gravity-equivalent force,70.7,deg,611.0733641120778,N
angle-force,Loaded gravity-equivalent force,70.75,deg,611.2598771435121,N
angle-force,Loaded gravity-equivalent force,70.80000000000001,deg,611.4459246739596,N
angle-force,Loaded gravity-equivalent force,70.85,deg,611.6315065617366,N
angle-force,Loaded gravity-equivalent force,70.9,deg,611.816622665515,N
angle-force,Loaded gravity-equivalent force,70.95,deg,612.0012728443204,N
angle-force,Loaded gravity-equivalent force,71.0,deg,612.1854569575337,N
angle-force,Loaded gravity-equivalent force,71.05000000000001,deg,612.3691748648909,N
angle-force,Loaded gravity-equivalent force,71.1,deg,612.5524264264825,N
angle-force,Loaded gravity-equivalent force,71.15,deg,612.7352115027549,N
angle-force,Loaded gravity-equivalent force,71.2,deg,612.9175299545088,N
angle-force,Loaded gravity-equivalent force,71.25,deg,613.0993816429011,N
angle-force,Loaded gravity-equivalent force,71.30000000000001,deg,613.2807664294439,N
angle-force,Loaded gravity-equivalent force,71.35,deg,613.4616841760045,N
angle-force,Loaded gravity-equivalent force,71.4,deg,613.6421347448064,N
angle-force,Loaded gravity-equivalent force,71.45,deg,613.8221179984286,N
angle-force,Loaded gravity-equivalent force,71.5,deg,614.0016337998059,N
angle-force,Loaded gravity-equivalent force,71.55000000000001,deg,614.1806820122293,N
angle-force,Loaded gravity-equivalent force,71.6,deg,614.3592624993457,N
angle-force,Loaded gravity-equivalent force,71.65,deg,614.5373751251586,N
angle-force,Loaded gravity-equivalent force,71.7,deg,614.7150197540271,N
angle-force,Loaded gravity-equivalent force,71.75,deg,614.8921962506673,N
angle-force,Loaded gravity-equivalent force,71.80000000000001,deg,615.0689044801516,N
angle-force,Loaded gravity-equivalent force,71.85,deg,615.2451443079088,N
angle-force,Loaded gravity-equivalent force,71.9,deg,615.4209155997248,N
angle-force,Loaded gravity-equivalent force,71.95,deg,615.5962182217422,N
angle-force,Loaded gravity-equivalent force,72.0,deg,615.7710520404602,N
angle-force,Loaded gravity-equivalent force,72.05000000000001,deg,615.9454169227353,N
angle-force,Loaded gravity-equivalent force,72.1,deg,616.1193127357811,N
angle-force,Loaded gravity-equivalent force,72.15,deg,616.2927393471684,N
angle-force,Loaded gravity-equivalent force,72.2,deg,616.4656966248251,N
angle-force,Loaded gravity-equivalent force,72.25,deg,616.6381844370371,N
angle-force,Loaded gravity-equivalent force,72.30000000000001,deg,616.8102026524471,N
angle-force,Loaded gravity-equivalent force,72.35,deg,616.9817511400557,N
angle-force,Loaded gravity-equivalent force,72.40000000000002,deg,617.1528297692215,N
angle-force,Loaded gravity-equivalent force,72.45,deg,617.3234384096606,N
angle-force,Loaded gravity-equivalent force,72.5,deg,617.493576931447,N
angle-force,Loaded gravity-equivalent force,72.55000000000001,deg,617.663245205013,N
angle-force,Loaded gravity-equivalent force,72.6,deg,617.8324431011487,N
angle-force,Loaded gravity-equivalent force,72.65,deg,618.0011704910025,N
angle-force,Loaded gravity-equivalent force,72.7,deg,618.1694272460813,N
angle-force,Loaded gravity-equivalent force,72.75,deg,618.3372132382501,N
angle-force,Loaded gravity-equivalent force,72.80000000000001,deg,618.5045283397327,N
angle-force,Loaded gravity-equivalent force,72.85,deg,618.6713724231113,N
angle-force,Loaded gravity-equivalent force,72.9,deg,618.8377453613268,N
angle-force,Loaded gravity-equivalent force,72.95,deg,619.0036470276792,N
angle-force,Loaded gravity-equivalent force,73.0,deg,619.169077295827,N
angle-force,Loaded gravity-equivalent force,73.05000000000001,deg,619.334036039788,N
angle-force,Loaded gravity-equivalent force,73.1,deg,619.4985231339385,N
angle-force,Loaded gravity-equivalent force,73.15,deg,619.662538453015,N
angle-force,Loaded gravity-equivalent force,73.2,deg,619.8260818721124,N
angle-force,Loaded gravity-equivalent force,73.25,deg,619.9891532666852,N
angle-force,Loaded gravity-equivalent force,73.30000000000001,deg,620.1517525125477,N
angle-force,Loaded gravity-equivalent force,73.35,deg,620.3138794858731,N
angle-force,Loaded gravity-equivalent force,73.4,deg,620.4755340631951,N
angle-force,Loaded gravity-equivalent force,73.45,deg,620.6367161214066,N
angle-force,Loaded gravity-equivalent force,73.5,deg,620.7974255377603,N
angle-force,Loaded gravity-equivalent force,73.55000000000001,deg,620.9576621898691,N
angle-force,Loaded gravity-equivalent force,73.60000000000001,deg,621.1174259557057,N
angle-force,Loaded gravity-equivalent force,73.65,deg,621.2767167136033,N
angle-force,Loaded gravity-equivalent force,73.7,deg,621.4355343422545,N
angle-force,Loaded gravity-equivalent force,73.75,deg,621.5938787207134,N
angle-force,Loaded gravity-equivalent force,73.80000000000001,deg,621.7517497283936,N
angle-force,Loaded gravity-equivalent force,73.85,deg,621.9091472450694,N
angle-force,Loaded gravity-equivalent force,73.9,deg,622.0660711508759,N
angle-force,Loaded gravity-equivalent force,73.95,deg,622.2225213263087,N
angle-force,Loaded gravity-equivalent force,74.0,deg,622.378497652224,N
angle-force,Loaded gravity-equivalent force,74.05000000000001,deg,622.5340000098392,N
angle-force,Loaded gravity-equivalent force,74.1,deg,622.6890282807324,N
angle-force,Loaded gravity-equivalent force,74.15,deg,622.8435823468429,N
angle-force,Loaded gravity-equivalent force,74.2,deg,622.9976620904712,N
angle-force,Loaded gravity-equivalent force,74.25,deg,623.1512673942785,N
angle-force,Loaded gravity-equivalent force,74.30000000000001,deg,623.3043981412881,N
angle-force,Loaded gravity-equivalent force,74.35,deg,623.4570542148839,N
angle-force,Loaded gravity-equivalent force,74.4,deg,623.6092354988118,N
angle-force,Loaded gravity-equivalent force,74.45,deg,623.7609418771792,N
angle-force,Loaded gravity-equivalent force,74.5,deg,623.912173234455,N
angle-force,Loaded gravity-equivalent force,74.55000000000001,deg,624.0629294554702,N
angle-force,Loaded gravity-equivalent force,74.6,deg,624.213210425417,N
angle-force,Loaded gravity-equivalent force,74.65000000000002,deg,624.3630160298502,N
angle-force,Loaded gravity-equivalent force,74.7,deg,624.5123461546859,N
angle-force,Loaded gravity-equivalent force,74.75,deg,624.6612006862034,N
angle-force,Loaded gravity-equivalent force,74.80000000000001,deg,624.8095795110429,N
angle-force,Loaded gravity-equivalent force,74.85,deg,624.9574825162076,N
angle-force,Loaded gravity-equivalent force,74.9,deg,625.1049095890631,N
angle-force,Loaded gravity-equivalent force,74.95,deg,625.2518606173371,N
angle-force,Loaded gravity-equivalent force,75.0,deg,625.3983354891202,N
angle-force,25 kg gross; retuned k = 5.34 N/mm,25.0,deg,197.81119946001078,N
angle-force,25 kg gross; retuned k = 5.34 N/mm,25.05,deg,198.04441636971993,N
angle-force,25 kg gross; retuned k = 5.34 N/mm,25.1,deg,198.27763327942904,N
angle-force,25 kg gross; retuned k = 5.34 N/mm,25.150000000000002,deg,198.51085018913818,N
angle-force,25 kg gross; retuned k = 5.34 N/mm,25.2,deg,198.74406709884732,N
angle-force,25 kg gross; retuned k = 5.34 N/mm,25.25,deg,198.97728400855644,N
angle-force,25 kg gross; retuned k = 5.34 N/mm,25.3,deg,199.21050091826558,N
angle-force,25 kg gross; retuned k = 5.34 N/mm,25.35,deg,199.4437178279747,N
angle-force,25 kg gross; retuned k = 5.34 N/mm,25.4,deg,199.67693473768384,N
angle-force,25 kg gross; retuned k = 5.34 N/mm,25.45,deg,199.91015164739298,N
angle-force,25 kg gross; retuned k = 5.34 N/mm,25.5,deg,200.1433685571021,N
angle-force,25 kg gross; retuned k = 5.34 N/mm,25.55,deg,200.37658546681124,N
angle-force,25 kg gross; retuned k = 5.34 N/mm,25.6,deg,200.60980237652038,N
angle-force,25 kg gross; retuned k = 5.34 N/mm,25.65,deg,200.8430192862295,N
angle-force,25 kg gross; retuned k = 5.34 N/mm,25.700000000000003,deg,201.07623619593863,N
angle-force,25 kg gross; retuned k = 5.34 N/mm,25.75,deg,201.30945310564775,N
angle-force,25 kg gross; retuned k = 5.34 N/mm,25.8,deg,201.5426700153569,N
angle-force,25 kg gross; retuned k = 5.34 N/mm,25.85,deg,201.77588692506603,N
angle-force,25 kg gross; retuned k = 5.34 N/mm,25.9,deg,202.00910383477515,N
angle-force,25 kg gross; retuned k = 5.34 N/mm,25.95,deg,202.24232074448426,N
angle-force,25 kg gross; retuned k = 5.34 N/mm,26.0,deg,202.47553765419343,N
angle-force,25 kg gross; retuned k = 5.34 N/mm,26.05,deg,202.70875456390254,N
angle-force,25 kg gross; retuned k = 5.34 N/mm,26.1,deg,202.9419714736117,N
angle-force,25 kg gross; retuned k = 5.34 N/mm,26.15,deg,203.1751883833208,N
angle-force,25 kg gross; retuned k = 5.34 N/mm,26.2,deg,203.40840529302994,N
angle-force,25 kg gross; retuned k = 5.34 N/mm,26.250000000000004,deg,203.6416222027391,N
angle-force,25 kg gross; retuned k = 5.34 N/mm,26.3,deg,203.8748391124482,N
angle-force,25 kg gross; retuned k = 5.34 N/mm,26.35,deg,204.10805602215734,N
angle-force,25 kg gross; retuned k = 5.34 N/mm,26.4,deg,204.34127293186646,N
angle-force,25 kg gross; retuned k = 5.34 N/mm,26.45,deg,204.5744898415756,N
angle-force,25 kg gross; retuned k = 5.34 N/mm,26.5,deg,204.8077067512847,N
angle-force,25 kg gross; retuned k = 5.34 N/mm,26.55,deg,205.04092366099388,N
angle-force,25 kg gross; retuned k = 5.34 N/mm,26.6,deg,205.274140570703,N
angle-force,25 kg gross; retuned k = 5.34 N/mm,26.65,deg,205.5073574804121,N
angle-force,25 kg gross; retuned k = 5.34 N/mm,26.7,deg,205.74057439012125,N
angle-force,25 kg gross; retuned k = 5.34 N/mm,26.75,deg,205.9737912998304,N
angle-force,25 kg gross; retuned k = 5.34 N/mm,26.8,deg,206.2070082095395,N
angle-force,25 kg gross; retuned k = 5.34 N/mm,26.85,deg,206.44022511924865,N
angle-force,25 kg gross; retuned k = 5.34 N/mm,26.9,deg,206.67344202895777,N
angle-force,25 kg gross; retuned k = 5.34 N/mm,26.95,deg,206.9066589386669,N
angle-force,25 kg gross; retuned k = 5.34 N/mm,27.0,deg,207.13987584837605,N
angle-force,25 kg gross; retuned k = 5.34 N/mm,27.05,deg,207.37309275808516,N
angle-force,25 kg gross; retuned k = 5.34 N/mm,27.100000000000005,deg,207.60630966779433,N
angle-force,25 kg gross; retuned k = 5.34 N/mm,27.15,deg,207.83952657750345,N
angle-force,25 kg gross; retuned k = 5.34 N/mm,27.2,deg,208.07274348721256,N
angle-force,25 kg gross; retuned k = 5.34 N/mm,27.25,deg,208.3059603969217,N
angle-force,25 kg gross; retuned k = 5.34 N/mm,27.3,deg,208.53917730663085,N
angle-force,25 kg gross; retuned k = 5.34 N/mm,27.35,deg,208.77239421633996,N
angle-force,25 kg gross; retuned k = 5.34 N/mm,27.400000000000002,deg,209.0056111260491,N
angle-force,25 kg gross; retuned k = 5.34 N/mm,27.45,deg,209.23882803575822,N
angle-force,25 kg gross; retuned k = 5.34 N/mm,27.5,deg,209.47204494546736,N
angle-force,25 kg gross; retuned k = 5.34 N/mm,27.55,deg,209.7052618551765,N
angle-force,25 kg gross; retuned k = 5.34 N/mm,27.6,deg,209.93847876488562,N
angle-force,25 kg gross; retuned k = 5.34 N/mm,27.65,deg,210.17169567459473,N
angle-force,25 kg gross; retuned k = 5.34 N/mm,27.7,deg,210.4049125843039,N
angle-force,25 kg gross; retuned k = 5.34 N/mm,27.75,deg,210.63812949401301,N
angle-force,25 kg gross; retuned k = 5.34 N/mm,27.8,deg,210.87134640372216,N
angle-force,25 kg gross; retuned k = 5.34 N/mm,27.85,deg,211.1045633134313,N
angle-force,25 kg gross; retuned k = 5.34 N/mm,27.9,deg,211.3377802231404,N
angle-force,25 kg gross; retuned k = 5.34 N/mm,27.950000000000003,deg,211.57099713284956,N
angle-force,25 kg gross; retuned k = 5.34 N/mm,28.0,deg,211.80421404255867,N
angle-force,25 kg gross; retuned k = 5.34 N/mm,28.05,deg,212.0374309522678,N
angle-force,25 kg gross; retuned k = 5.34 N/mm,28.1,deg,212.27064786197695,N
angle-force,25 kg gross; retuned k = 5.34 N/mm,28.15,deg,212.50386477168607,N
angle-force,25 kg gross; retuned k = 5.34 N/mm,28.2,deg,212.73708168139518,N
angle-force,25 kg gross; retuned k = 5.34 N/mm,28.25,deg,212.97029859110435,N
angle-force,25 kg gross; retuned k = 5.34 N/mm,28.3,deg,213.20351550081347,N
angle-force,25 kg gross; retuned k = 5.34 N/mm,28.35,deg,213.4367324105226,N
angle-force,25 kg gross; retuned k = 5.34 N/mm,28.4,deg,213.66994932023172,N
angle-force,25 kg gross; retuned k = 5.34 N/mm,28.45,deg,213.90316622994084,N
angle-force,25 kg gross; retuned k = 5.34 N/mm,28.500000000000004,deg,214.13638313965,N
angle-force,25 kg gross; retuned k = 5.34 N/mm,28.55,deg,214.36960004935912,N
angle-force,25 kg gross; retuned k = 5.34 N/mm,28.6,deg,214.60281695906826,N
angle-force,25 kg gross; retuned k = 5.34 N/mm,28.65,deg,214.83603386877738,N
angle-force,25 kg gross; retuned k = 5.34 N/mm,28.700000000000003,deg,215.06925077848652,N
angle-force,25 kg gross; retuned k = 5.34 N/mm,28.75,deg,215.30246768819563,N
angle-force,25 kg gross; retuned k = 5.34 N/mm,28.8,deg,215.53568459790478,N
angle-force,25 kg gross; retuned k = 5.34 N/mm,28.849999999999998,deg,215.76890150761392,N
angle-force,25 kg gross; retuned k = 5.34 N/mm,28.899999999999995,deg,216.00211841732303,N
angle-force,25 kg gross; retuned k = 5.34 N/mm,28.95,deg,216.23533532703217,N
angle-force,25 kg gross; retuned k = 5.34 N/mm,29.000000000000004,deg,216.46855223674132,N
angle-force,25 kg gross; retuned k = 5.34 N/mm,29.05,deg,216.70176914645043,N
angle-force,25 kg gross; retuned k = 5.34 N/mm,29.1,deg,216.93498605615957,N
angle-force,25 kg gross; retuned k = 5.34 N/mm,29.15,deg,217.1682029658687,N
angle-force,25 kg gross; retuned k = 5.34 N/mm,29.200000000000003,deg,217.40141987557786,N
angle-force,25 kg gross; retuned k = 5.34 N/mm,29.25,deg,217.63463678528697,N
angle-force,25 kg gross; retuned k = 5.34 N/mm,29.300000000000004,deg,217.8678536949961,N
angle-force,25 kg gross; retuned k = 5.34 N/mm,29.35,deg,218.10107060470523,N
angle-force,25 kg gross; retuned k = 5.34 N/mm,29.4,deg,218.33428751441434,N
angle-force,25 kg gross; retuned k = 5.34 N/mm,29.45,deg,218.56750442412348,N
angle-force,25 kg gross; retuned k = 5.34 N/mm,29.500000000000004,deg,218.80072133383263,N
angle-force,25 kg gross; retuned k = 5.34 N/mm,29.55,deg,219.03393824354174,N
angle-force,25 kg gross; retuned k = 5.34 N/mm,29.600000000000005,deg,219.2671551532509,N
angle-force,25 kg gross; retuned k = 5.34 N/mm,29.650000000000002,deg,219.50037206296003,N
angle-force,25 kg gross; retuned k = 5.34 N/mm,29.699999999999996,deg,219.73358897266914,N
angle-force,25 kg gross; retuned k = 5.34 N/mm,29.75,deg,219.96680588237828,N
angle-force,25 kg gross; retuned k = 5.34 N/mm,29.800000000000004,deg,220.20002279208742,N
angle-force,25 kg gross; retuned k = 5.34 N/mm,29.85,deg,220.43323970179654,N
angle-force,25 kg gross; retuned k = 5.34 N/mm,29.9,deg,220.66645661150565,N
angle-force,25 kg gross; retuned k = 5.34 N/mm,29.95,deg,220.89967352121482,N
angle-force,25 kg gross; retuned k = 5.34 N/mm,29.999999999999996,deg,221.13289043092394,N
angle-force,25 kg gross; retuned k = 5.34 N/mm,30.05,deg,221.36610734063308,N
angle-force,25 kg gross; retuned k = 5.34 N/mm,30.100000000000005,deg,221.59932425034222,N
angle-force,25 kg gross; retuned k = 5.34 N/mm,30.150000000000002,deg,221.83254116005133,N
angle-force,25 kg gross; retuned k = 5.34 N/mm,30.2,deg,222.06575806976045,N
angle-force,25 kg gross; retuned k = 5.34 N/mm,30.25,deg,222.2989749794696,N
angle-force,25 kg gross; retuned k = 5.34 N/mm,30.299999999999997,deg,222.5321918891787,N
angle-force,25 kg gross; retuned k = 5.34 N/mm,30.35,deg,222.76540879888785,N
angle-force,25 kg gross; retuned k = 5.34 N/mm,30.4,deg,222.998625708597,N
angle-force,25 kg gross; retuned k = 5.34 N/mm,30.450000000000003,deg,223.23184261830613,N
angle-force,25 kg gross; retuned k = 5.34 N/mm,30.5,deg,223.46505952801525,N
angle-force,25 kg gross; retuned k = 5.34 N/mm,30.55,deg,223.6982764377244,N
angle-force,25 kg gross; retuned k = 5.34 N/mm,30.600000000000005,deg,223.93149334743353,N
angle-force,25 kg gross; retuned k = 5.34 N/mm,30.650000000000002,deg,224.16471025714264,N
angle-force,25 kg gross; retuned k = 5.34 N/mm,30.7,deg,224.3979271668518,N
angle-force,25 kg gross; retuned k = 5.34 N/mm,30.750000000000004,deg,224.63114407656093,N
angle-force,25 kg gross; retuned k = 5.34 N/mm,30.799999999999997,deg,224.86436098627004,N
angle-force,25 kg gross; retuned k = 5.34 N/mm,30.85,deg,225.09757789597919,N
angle-force,25 kg gross; retuned k = 5.34 N/mm,30.9,deg,225.3307948056883,N
angle-force,25 kg gross; retuned k = 5.34 N/mm,30.950000000000003,deg,225.56401171539744,N
angle-force,25 kg gross; retuned k = 5.34 N/mm,31.0,deg,225.79722862510656,N
angle-force,25 kg gross; retuned k = 5.34 N/mm,31.05,deg,226.0304455348157,N
angle-force,25 kg gross; retuned k = 5.34 N/mm,31.099999999999998,deg,226.2636624445248,N
angle-force,25 kg gross; retuned k = 5.34 N/mm,31.149999999999995,deg,226.49687935423395,N
angle-force,25 kg gross; retuned k = 5.34 N/mm,31.2,deg,226.7300962639431,N
angle-force,25 kg gross; retuned k = 5.34 N/mm,31.250000000000004,deg,226.96331317365224,N
angle-force,25 kg gross; retuned k = 5.34 N/mm,31.3,deg,227.19653008336135,N
angle-force,25 kg gross; retuned k = 5.34 N/mm,31.35,deg,227.4297469930705,N
angle-force,25 kg gross; retuned k = 5.34 N/mm,31.4,deg,227.6629639027796,N
angle-force,25 kg gross; retuned k = 5.34 N/mm,31.450000000000003,deg,227.89618081248875,N
angle-force,25 kg gross; retuned k = 5.34 N/mm,31.5,deg,228.1293977221979,N
angle-force,25 kg gross; retuned k = 5.34 N/mm,31.550000000000004,deg,228.36261463190704,N
angle-force,25 kg gross; retuned k = 5.34 N/mm,31.6,deg,228.59583154161615,N
angle-force,25 kg gross; retuned k = 5.34 N/mm,31.65,deg,228.82904845132526,N
angle-force,25 kg gross; retuned k = 5.34 N/mm,31.7,deg,229.0622653610344,N
angle-force,25 kg gross; retuned k = 5.34 N/mm,31.750000000000004,deg,229.29548227074355,N
angle-force,25 kg gross; retuned k = 5.34 N/mm,31.8,deg,229.52869918045266,N
angle-force,25 kg gross; retuned k = 5.34 N/mm,31.850000000000005,deg,229.76191609016183,N
angle-force,25 kg gross; retuned k = 5.34 N/mm,31.900000000000002,deg,229.99513299987092,N
angle-force,25 kg gross; retuned k = 5.34 N/mm,31.949999999999996,deg,230.22834990958006,N
angle-force,25 kg gross; retuned k = 5.34 N/mm,32.0,deg,230.4615668192892,N
angle-force,25 kg gross; retuned k = 5.34 N/mm,32.05,deg,230.69478372899832,N
angle-force,25 kg gross; retuned k = 5.34 N/mm,32.1,deg,230.92800063870746,N
angle-force,25 kg gross; retuned k = 5.34 N/mm,32.15,deg,231.16121754841657,N
angle-force,25 kg gross; retuned k = 5.34 N/mm,32.2,deg,231.39443445812572,N
angle-force,25 kg gross; retuned k = 5.34 N/mm,32.25,deg,231.62765136783486,N
angle-force,25 kg gross; retuned k = 5.34 N/mm,32.3,deg,231.86086827754394,N
angle-force,25 kg gross; retuned k = 5.34 N/mm,32.35,deg,232.09408518725314,N
angle-force,25 kg gross; retuned k = 5.34 N/mm,32.4,deg,232.32730209696226,N
angle-force,25 kg gross; retuned k = 5.34 N/mm,32.45,deg,232.5605190066714,N
angle-force,25 kg gross; retuned k = 5.34 N/mm,32.5,deg,232.7937359163805,N
angle-force,25 kg gross; retuned k = 5.34 N/mm,32.55,deg,233.02695282608963,N
angle-force,25 kg gross; retuned k = 5.34 N/mm,32.6,deg,233.2601697357988,N
angle-force,25 kg gross; retuned k = 5.34 N/mm,32.65,deg,233.49338664550788,N
angle-force,25 kg gross; retuned k = 5.34 N/mm,32.7,deg,233.72660355521705,N
angle-force,25 kg gross; retuned k = 5.34 N/mm,32.75,deg,233.95982046492617,N
angle-force,25 kg gross; retuned k = 5.34 N/mm,32.8,deg,234.19303737463528,N
angle-force,25 kg gross; retuned k = 5.34 N/mm,32.85,deg,234.42625428434445,N
angle-force,25 kg gross; retuned k = 5.34 N/mm,32.9,deg,234.65947119405357,N
angle-force,25 kg gross; retuned k = 5.34 N/mm,32.95,deg,234.89268810376274,N
angle-force,25 kg gross; retuned k = 5.34 N/mm,33.0,deg,235.12590501347182,N
angle-force,25 kg gross; retuned k = 5.34 N/mm,33.05,deg,235.35912192318096,N
angle-force,25 kg gross; retuned k = 5.34 N/mm,33.1,deg,235.5923388328901,N
angle-force,25 kg gross; retuned k = 5.34 N/mm,33.15,deg,235.82555574259922,N
angle-force,25 kg gross; retuned k = 5.34 N/mm,33.2,deg,236.05877265230836,N
angle-force,25 kg gross; retuned k = 5.34 N/mm,33.25,deg,236.29198956201748,N
angle-force,25 kg gross; retuned k = 5.34 N/mm,33.3,deg,236.5252064717266,N
angle-force,25 kg gross; retuned k = 5.34 N/mm,33.35,deg,236.75842338143576,N
angle-force,25 kg gross; retuned k = 5.34 N/mm,33.4,deg,236.99164029114485,N
angle-force,25 kg gross; retuned k = 5.34 N/mm,33.45,deg,237.22485720085405,N
angle-force,25 kg gross; retuned k = 5.34 N/mm,33.5,deg,237.45807411056316,N
angle-force,25 kg gross; retuned k = 5.34 N/mm,33.55,deg,237.69129102027227,N
angle-force,25 kg gross; retuned k = 5.34 N/mm,33.6,deg,237.92450792998142,N
angle-force,25 kg gross; retuned k = 5.34 N/mm,33.65,deg,238.15772483969053,N
angle-force,25 kg gross; retuned k = 5.34 N/mm,33.7,deg,238.39094174939967,N
angle-force,25 kg gross; retuned k = 5.34 N/mm,33.75,deg,238.6241586591088,N
angle-force,25 kg gross; retuned k = 5.34 N/mm,33.8,deg,238.85737556881793,N
angle-force,25 kg gross; retuned k = 5.34 N/mm,33.85,deg,239.09059247852707,N
angle-force,25 kg gross; retuned k = 5.34 N/mm,33.9,deg,239.32380938823619,N
angle-force,25 kg gross; retuned k = 5.34 N/mm,33.95000000000001,deg,239.55702629794536,N
angle-force,25 kg gross; retuned k = 5.34 N/mm,34.0,deg,239.79024320765447,N
angle-force,25 kg gross; retuned k = 5.34 N/mm,34.05,deg,240.02346011736358,N
angle-force,25 kg gross; retuned k = 5.34 N/mm,34.1,deg,240.25667702707273,N
angle-force,25 kg gross; retuned k = 5.34 N/mm,34.15,deg,240.48989393678187,N
angle-force,25 kg gross; retuned k = 5.34 N/mm,34.2,deg,240.723110846491,N
angle-force,25 kg gross; retuned k = 5.34 N/mm,34.25,deg,240.95632775620012,N
angle-force,25 kg gross; retuned k = 5.34 N/mm,34.3,deg,241.18954466590924,N
angle-force,25 kg gross; retuned k = 5.34 N/mm,34.35,deg,241.42276157561838,N
angle-force,25 kg gross; retuned k = 5.34 N/mm,34.4,deg,241.6559784853275,N
angle-force,25 kg gross; retuned k = 5.34 N/mm,34.45,deg,241.88919539503664,N
angle-force,25 kg gross; retuned k = 5.34 N/mm,34.5,deg,242.12241230474575,N
angle-force,25 kg gross; retuned k = 5.34 N/mm,34.55,deg,242.3556292144549,N
angle-force,25 kg gross; retuned k = 5.34 N/mm,34.6,deg,242.58884612416406,N
angle-force,25 kg gross; retuned k = 5.34 N/mm,34.65,deg,242.82206303387318,N
angle-force,25 kg gross; retuned k = 5.34 N/mm,34.7,deg,243.05527994358232,N
angle-force,25 kg gross; retuned k = 5.34 N/mm,34.75,deg,243.28849685329143,N
angle-force,25 kg gross; retuned k = 5.34 N/mm,34.8,deg,243.52171376300055,N
angle-force,25 kg gross; retuned k = 5.34 N/mm,34.85,deg,243.7549306727097,N
angle-force,25 kg gross; retuned k = 5.34 N/mm,34.9,deg,243.98814758241883,N
angle-force,25 kg gross; retuned k = 5.34 N/mm,34.95,deg,244.22136449212798,N
angle-force,25 kg gross; retuned k = 5.34 N/mm,35.0,deg,244.4545814018371,N
angle-force,25 kg gross; retuned k = 5.34 N/mm,35.05,deg,244.6877983115462,N
angle-force,25 kg gross; retuned k = 5.34 N/mm,35.1,deg,244.92101522125537,N
angle-force,25 kg gross; retuned k = 5.34 N/mm,35.15,deg,245.1542321309645,N
angle-force,25 kg gross; retuned k = 5.34 N/mm,35.2,deg,245.38744904067363,N
angle-force,25 kg gross; retuned k = 5.34 N/mm,35.25,deg,245.62066595038277,N
angle-force,25 kg gross; retuned k = 5.34 N/mm,35.3,deg,245.85388286009186,N
angle-force,25 kg gross; retuned k = 5.34 N/mm,35.35,deg,246.08709976980103,N
angle-force,25 kg gross; retuned k = 5.34 N/mm,35.4,deg,246.32031667951014,N
angle-force,25 kg gross; retuned k = 5.34 N/mm,35.45,deg,246.55353358921928,N
angle-force,25 kg gross; retuned k = 5.34 N/mm,35.5,deg,246.7867504989284,N
angle-force,25 kg gross; retuned k = 5.34 N/mm,35.55,deg,247.0199674086375,N
angle-force,25 kg gross; retuned k = 5.34 N/mm,35.6,deg,247.25318431834665,N
angle-force,25 kg gross; retuned k = 5.34 N/mm,35.65,deg,247.4864012280558,N
angle-force,25 kg gross; retuned k = 5.34 N/mm,35.7,deg,247.71961813776494,N
angle-force,25 kg gross; retuned k = 5.34 N/mm,35.75,deg,247.95283504747408,N
angle-force,25 kg gross; retuned k = 5.34 N/mm,35.8,deg,248.1860519571832,N
angle-force,25 kg gross; retuned k = 5.34 N/mm,35.85,deg,248.41926886689234,N
angle-force,25 kg gross; retuned k = 5.34 N/mm,35.9,deg,248.65248577660145,N
angle-force,25 kg gross; retuned k = 5.34 N/mm,35.95,deg,248.8857026863106,N
angle-force,25 kg gross; retuned k = 5.34 N/mm,36.0,deg,249.1189195960197,N
angle-force,25 kg gross; retuned k = 5.34 N/mm,36.05,deg,249.35213650572882,N
angle-force,25 kg gross; retuned k = 5.34 N/mm,36.1,deg,249.58535341543796,N
angle-force,25 kg gross; retuned k = 5.34 N/mm,36.15,deg,249.8185703251471,N
angle-force,25 kg gross; retuned k = 5.34 N/mm,36.20000000000001,deg,250.05178723485628,N
angle-force,25 kg gross; retuned k = 5.34 N/mm,36.25,deg,250.2850041445654,N
angle-force,25 kg gross; retuned k = 5.34 N/mm,36.3,deg,250.5182210542745,N
angle-force,25 kg gross; retuned k = 5.34 N/mm,36.35,deg,250.75143796398365,N
angle-force,25 kg gross; retuned k = 5.34 N/mm,36.4,deg,250.98465487369276,N
angle-force,25 kg gross; retuned k = 5.34 N/mm,36.45,deg,251.2178717834019,N
angle-force,25 kg gross; retuned k = 5.34 N/mm,36.5,deg,251.45108869311105,N
angle-force,25 kg gross; retuned k = 5.34 N/mm,36.55,deg,251.68430560282016,N
angle-force,25 kg gross; retuned k = 5.34 N/mm,36.6,deg,251.9175225125293,N
angle-force,25 kg gross; retuned k = 5.34 N/mm,36.65,deg,252.15073942223842,N
angle-force,25 kg gross; retuned k = 5.34 N/mm,36.7,deg,252.38395633194756,N
angle-force,25 kg gross; retuned k = 5.34 N/mm,36.75,deg,252.61717324165667,N
angle-force,25 kg gross; retuned k = 5.34 N/mm,36.800000000000004,deg,252.85039015136584,N
angle-force,25 kg gross; retuned k = 5.34 N/mm,36.85,deg,253.08360706107499,N
angle-force,25 kg gross; retuned k = 5.34 N/mm,36.9,deg,253.3168239707841,N
angle-force,25 kg gross; retuned k = 5.34 N/mm,36.95,deg,253.55004088049324,N
angle-force,25 kg gross; retuned k = 5.34 N/mm,37.0,deg,253.78325779020236,N
angle-force,25 kg gross; retuned k = 5.34 N/mm,37.05,deg,254.01647469991147,N
angle-force,25 kg gross; retuned k = 5.34 N/mm,37.1,deg,254.2496916096206,N
angle-force,25 kg gross; retuned k = 5.34 N/mm,37.15,deg,254.48290851932973,N
angle-force,25 kg gross; retuned k = 5.34 N/mm,37.2,deg,254.71612542903887,N
angle-force,25 kg gross; retuned k = 5.34 N/mm,37.25,deg,254.949342338748,N
angle-force,25 kg gross; retuned k = 5.34 N/mm,37.3,deg,255.18255924845712,N
angle-force,25 kg gross; retuned k = 5.34 N/mm,37.35,deg,255.4157761581663,N
angle-force,25 kg gross; retuned k = 5.34 N/mm,37.4,deg,255.6489930678754,N
angle-force,25 kg gross; retuned k = 5.34 N/mm,37.45,deg,255.88220997758455,N
angle-force,25 kg gross; retuned k = 5.34 N/mm,37.5,deg,256.11542688729367,N
angle-force,25 kg gross; retuned k = 5.34 N/mm,37.55,deg,256.3486437970028,N
angle-force,25 kg gross; retuned k = 5.34 N/mm,37.6,deg,256.58186070671195,N
angle-force,25 kg gross; retuned k = 5.34 N/mm,37.65,deg,256.81507761642104,N
angle-force,25 kg gross; retuned k = 5.34 N/mm,37.7,deg,257.0482945261302,N
angle-force,25 kg gross; retuned k = 5.34 N/mm,37.75,deg,257.2815114358393,N
angle-force,25 kg gross; retuned k = 5.34 N/mm,37.8,deg,257.5147283455484,N
angle-force,25 kg gross; retuned k = 5.34 N/mm,37.85,deg,257.7479452552576,N
angle-force,25 kg gross; retuned k = 5.34 N/mm,37.9,deg,257.9811621649667,N
angle-force,25 kg gross; retuned k = 5.34 N/mm,37.95,deg,258.2143790746759,N
angle-force,25 kg gross; retuned k = 5.34 N/mm,38.0,deg,258.447595984385,N
angle-force,25 kg gross; retuned k = 5.34 N/mm,38.05,deg,258.6808128940941,N
angle-force,25 kg gross; retuned k = 5.34 N/mm,38.1,deg,258.91402980380326,N
angle-force,25 kg gross; retuned k = 5.34 N/mm,38.15,deg,259.14724671351235,N
angle-force,25 kg gross; retuned k = 5.34 N/mm,38.2,deg,259.38046362322154,N
angle-force,25 kg gross; retuned k = 5.34 N/mm,38.25,deg,259.61368053293063,N
angle-force,25 kg gross; retuned k = 5.34 N/mm,38.3,deg,259.8468974426398,N
angle-force,25 kg gross; retuned k = 5.34 N/mm,38.35,deg,260.0801143523489,N
angle-force,25 kg gross; retuned k = 5.34 N/mm,38.4,deg,260.313331262058,N
angle-force,25 kg gross; retuned k = 5.34 N/mm,38.45000000000001,deg,260.5465481717672,N
angle-force,25 kg gross; retuned k = 5.34 N/mm,38.5,deg,260.7797650814763,N
angle-force,25 kg gross; retuned k = 5.34 N/mm,38.55,deg,261.0129819911854,N
angle-force,25 kg gross; retuned k = 5.34 N/mm,38.6,deg,261.24619890089457,N
angle-force,25 kg gross; retuned k = 5.34 N/mm,38.65,deg,261.4794158106037,N
angle-force,25 kg gross; retuned k = 5.34 N/mm,38.7,deg,261.71263272031285,N
angle-force,25 kg gross; retuned k = 5.34 N/mm,38.75,deg,261.94584963002194,N
angle-force,25 kg gross; retuned k = 5.34 N/mm,38.8,deg,262.1790665397311,N
angle-force,25 kg gross; retuned k = 5.34 N/mm,38.85,deg,262.4122834494402,N
angle-force,25 kg gross; retuned k = 5.34 N/mm,38.9,deg,262.6455003591493,N
angle-force,25 kg gross; retuned k = 5.34 N/mm,38.95,deg,262.8787172688585,N
angle-force,25 kg gross; retuned k = 5.34 N/mm,39.0,deg,263.1119341785676,N
angle-force,25 kg gross; retuned k = 5.34 N/mm,39.050000000000004,deg,263.34515108827674,N
angle-force,25 kg gross; retuned k = 5.34 N/mm,39.1,deg,263.5783679979859,N
angle-force,25 kg gross; retuned k = 5.34 N/mm,39.15,deg,263.811584907695,N
angle-force,25 kg gross; retuned k = 5.34 N/mm,39.2,deg,264.04480181740416,N
angle-force,25 kg gross; retuned k = 5.34 N/mm,39.25,deg,264.27801872711325,N
angle-force,25 kg gross; retuned k = 5.34 N/mm,39.3,deg,264.5112356368224,N
angle-force,25 kg gross; retuned k = 5.34 N/mm,39.35,deg,264.74445254653153,N
angle-force,25 kg gross; retuned k = 5.34 N/mm,39.4,deg,264.9776694562407,N
angle-force,25 kg gross; retuned k = 5.34 N/mm,39.45,deg,265.2108863659498,N
angle-force,25 kg gross; retuned k = 5.34 N/mm,39.5,deg,265.4441032756589,N
angle-force,25 kg gross; retuned k = 5.34 N/mm,39.55,deg,265.67732018536805,N
angle-force,25 kg gross; retuned k = 5.34 N/mm,39.6,deg,265.9105370950772,N
angle-force,25 kg gross; retuned k = 5.34 N/mm,39.65,deg,266.14375400478633,N
angle-force,25 kg gross; retuned k = 5.34 N/mm,39.7,deg,266.3769709144955,N
angle-force,25 kg gross; retuned k = 5.34 N/mm,39.75,deg,266.61018782420456,N
angle-force,25 kg gross; retuned k = 5.34 N/mm,39.8,deg,266.8434047339137,N
angle-force,25 kg gross; retuned k = 5.34 N/mm,39.85,deg,267.07662164362284,N
angle-force,25 kg gross; retuned k = 5.34 N/mm,39.9,deg,267.309838553332,N
angle-force,25 kg gross; retuned k = 5.34 N/mm,39.95,deg,267.5430554630411,N
angle-force,25 kg gross; retuned k = 5.34 N/mm,40.0,deg,267.7762723727502,N
angle-force,25 kg gross; retuned k = 5.34 N/mm,40.05,deg,268.00948928245936,N
angle-force,25 kg gross; retuned k = 5.34 N/mm,40.1,deg,268.2427061921685,N
angle-force,25 kg gross; retuned k = 5.34 N/mm,40.15,deg,268.4759231018776,N
angle-force,25 kg gross; retuned k = 5.34 N/mm,40.2,deg,268.7091400115868,N
angle-force,25 kg gross; retuned k = 5.34 N/mm,40.25,deg,268.9423569212959,N
angle-force,25 kg gross; retuned k = 5.34 N/mm,40.3,deg,269.175573831005,N
angle-force,25 kg gross; retuned k = 5.34 N/mm,40.35,deg,269.40879074071415,N
angle-force,25 kg gross; retuned k = 5.34 N/mm,40.4,deg,269.6420076504233,N
angle-force,25 kg gross; retuned k = 5.34 N/mm,40.45,deg,269.87522456013244,N
angle-force,25 kg gross; retuned k = 5.34 N/mm,40.5,deg,270.1084414698415,N
angle-force,25 kg gross; retuned k = 5.34 N/mm,40.55,deg,270.34165837955067,N
angle-force,25 kg gross; retuned k = 5.34 N/mm,40.6,deg,270.5748752892598,N
angle-force,25 kg gross; retuned k = 5.34 N/mm,40.65,deg,270.80809219896895,N
angle-force,25 kg gross; retuned k = 5.34 N/mm,40.70000000000001,deg,271.0413091086781,N
angle-force,25 kg gross; retuned k = 5.34 N/mm,40.75,deg,271.27452601838723,N
angle-force,25 kg gross; retuned k = 5.34 N/mm,40.8,deg,271.5077429280964,N
angle-force,25 kg gross; retuned k = 5.34 N/mm,40.85,deg,271.74095983780546,N
angle-force,25 kg gross; retuned k = 5.34 N/mm,40.9,deg,271.9741767475146,N
angle-force,25 kg gross; retuned k = 5.34 N/mm,40.95,deg,272.20739365722375,N
angle-force,25 kg gross; retuned k = 5.34 N/mm,41.0,deg,272.4406105669329,N
angle-force,25 kg gross; retuned k = 5.34 N/mm,41.05,deg,272.673827476642,N
angle-force,25 kg gross; retuned k = 5.34 N/mm,41.1,deg,272.9070443863511,N
angle-force,25 kg gross; retuned k = 5.34 N/mm,41.150000000000006,deg,273.1402612960603,N
angle-force,25 kg gross; retuned k = 5.34 N/mm,41.2,deg,273.3734782057694,N
angle-force,25 kg gross; retuned k = 5.34 N/mm,41.25,deg,273.6066951154785,N
angle-force,25 kg gross; retuned k = 5.34 N/mm,41.300000000000004,deg,273.8399120251877,N
angle-force,25 kg gross; retuned k = 5.34 N/mm,41.35,deg,274.07312893489683,N
angle-force,25 kg gross; retuned k = 5.34 N/mm,41.400000000000006,deg,274.30634584460597,N
angle-force,25 kg gross; retuned k = 5.34 N/mm,41.45,deg,274.53956275431506,N
angle-force,25 kg gross; retuned k = 5.34 N/mm,41.5,deg,274.7727796640242,N
angle-force,25 kg gross; retuned k = 5.34 N/mm,41.55,deg,275.00599657373334,N
angle-force,25 kg gross; retuned k = 5.34 N/mm,41.6,deg,275.2392134834424,N
angle-force,25 kg gross; retuned k = 5.34 N/mm,41.650000000000006,deg,275.4724303931516,N
angle-force,25 kg gross; retuned k = 5.34 N/mm,41.7,deg,275.7056473028607,N
angle-force,25 kg gross; retuned k = 5.34 N/mm,41.75,deg,275.93886421256985,N
angle-force,25 kg gross; retuned k = 5.34 N/mm,41.8,deg,276.17208112227894,N
angle-force,25 kg gross; retuned k = 5.34 N/mm,41.85,deg,276.40529803198814,N
angle-force,25 kg gross; retuned k = 5.34 N/mm,41.900000000000006,deg,276.6385149416973,N
angle-force,25 kg gross; retuned k = 5.34 N/mm,41.95,deg,276.87173185140637,N
angle-force,25 kg gross; retuned k = 5.34 N/mm,42.0,deg,277.1049487611155,N
angle-force,25 kg gross; retuned k = 5.34 N/mm,42.05,deg,277.33816567082465,N
angle-force,25 kg gross; retuned k = 5.34 N/mm,42.1,deg,277.5713825805338,N
angle-force,25 kg gross; retuned k = 5.34 N/mm,42.150000000000006,deg,277.80459949024294,N
angle-force,25 kg gross; retuned k = 5.34 N/mm,42.2,deg,278.037816399952,N
angle-force,25 kg gross; retuned k = 5.34 N/mm,42.25,deg,278.27103330966116,N
angle-force,25 kg gross; retuned k = 5.34 N/mm,42.3,deg,278.5042502193703,N
angle-force,25 kg gross; retuned k = 5.34 N/mm,42.35,deg,278.7374671290794,N
angle-force,25 kg gross; retuned k = 5.34 N/mm,42.400000000000006,deg,278.9706840387886,N
angle-force,25 kg gross; retuned k = 5.34 N/mm,42.45,deg,279.20390094849773,N
angle-force,25 kg gross; retuned k = 5.34 N/mm,42.5,deg,279.4371178582068,N
angle-force,25 kg gross; retuned k = 5.34 N/mm,42.55,deg,279.67033476791596,N
angle-force,25 kg gross; retuned k = 5.34 N/mm,42.6,deg,279.9035516776251,N
angle-force,25 kg gross; retuned k = 5.34 N/mm,42.650000000000006,deg,280.13676858733425,N
angle-force,25 kg gross; retuned k = 5.34 N/mm,42.7,deg,280.36998549704333,N
angle-force,25 kg gross; retuned k = 5.34 N/mm,42.75,deg,280.6032024067525,N
angle-force,25 kg gross; retuned k = 5.34 N/mm,42.8,deg,280.8364193164616,N
angle-force,25 kg gross; retuned k = 5.34 N/mm,42.85,deg,281.06963622617076,N
angle-force,25 kg gross; retuned k = 5.34 N/mm,42.90000000000001,deg,281.3028531358799,N
angle-force,25 kg gross; retuned k = 5.34 N/mm,42.95000000000001,deg,281.53607004558904,N
angle-force,25 kg gross; retuned k = 5.34 N/mm,43.0,deg,281.7692869552981,N
angle-force,25 kg gross; retuned k = 5.34 N/mm,43.05,deg,282.00250386500727,N
angle-force,25 kg gross; retuned k = 5.34 N/mm,43.1,deg,282.2357207747164,N
angle-force,25 kg gross; retuned k = 5.34 N/mm,43.150000000000006,deg,282.46893768442555,N
angle-force,25 kg gross; retuned k = 5.34 N/mm,43.2,deg,282.7021545941347,N
angle-force,25 kg gross; retuned k = 5.34 N/mm,43.25,deg,282.9353715038438,N
angle-force,25 kg gross; retuned k = 5.34 N/mm,43.3,deg,283.1685884135529,N
angle-force,25 kg gross; retuned k = 5.34 N/mm,43.35,deg,283.40180532326207,N
angle-force,25 kg gross; retuned k = 5.34 N/mm,43.400000000000006,deg,283.6350222329712,N
angle-force,25 kg gross; retuned k = 5.34 N/mm,43.45,deg,283.8682391426803,N
angle-force,25 kg gross; retuned k = 5.34 N/mm,43.5,deg,284.10145605238944,N
angle-force,25 kg gross; retuned k = 5.34 N/mm,43.550000000000004,deg,284.3346729620986,N
angle-force,25 kg gross; retuned k = 5.34 N/mm,43.6,deg,284.5678898718077,N
angle-force,25 kg gross; retuned k = 5.34 N/mm,43.650000000000006,deg,284.80110678151686,N
angle-force,25 kg gross; retuned k = 5.34 N/mm,43.7,deg,285.034323691226,N
angle-force,25 kg gross; retuned k = 5.34 N/mm,43.75,deg,285.2675406009351,N
angle-force,25 kg gross; retuned k = 5.34 N/mm,43.8,deg,285.50075751064423,N
angle-force,25 kg gross; retuned k = 5.34 N/mm,43.85,deg,285.7339744203534,N
angle-force,25 kg gross; retuned k = 5.34 N/mm,43.900000000000006,deg,285.9671913300625,N
angle-force,25 kg gross; retuned k = 5.34 N/mm,43.95,deg,286.2004082397716,N
angle-force,25 kg gross; retuned k = 5.34 N/mm,44.0,deg,286.43362514948075,N
angle-force,25 kg gross; retuned k = 5.34 N/mm,44.05,deg,286.6668420591899,N
angle-force,25 kg gross; retuned k = 5.34 N/mm,44.1,deg,286.90005896889903,N
angle-force,25 kg gross; retuned k = 5.34 N/mm,44.150000000000006,deg,287.1332758786082,N
angle-force,25 kg gross; retuned k = 5.34 N/mm,44.2,deg,287.3664927883173,N
angle-force,25 kg gross; retuned k = 5.34 N/mm,44.25,deg,287.59970969802646,N
angle-force,25 kg gross; retuned k = 5.34 N/mm,44.3,deg,287.83292660773554,N
angle-force,25 kg gross; retuned k = 5.34 N/mm,44.35,deg,288.0661435174447,N
angle-force,25 kg gross; retuned k = 5.34 N/mm,44.400000000000006,deg,288.29936042715383,N
angle-force,25 kg gross; retuned k = 5.34 N/mm,44.45,deg,288.53257733686297,N
angle-force,25 kg gross; retuned k = 5.34 N/mm,44.5,deg,288.76579424657206,N
angle-force,25 kg gross; retuned k = 5.34 N/mm,44.55,deg,288.9990111562812,N
angle-force,25 kg gross; retuned k = 5.34 N/mm,44.6,deg,289.23222806599034,N
angle-force,25 kg gross; retuned k = 5.34 N/mm,44.650000000000006,deg,289.4654449756995,N
angle-force,25 kg gross; retuned k = 5.34 N/mm,44.7,deg,289.6986618854086,N
angle-force,25 kg gross; retuned k = 5.34 N/mm,44.75,deg,289.93187879511777,N
angle-force,25 kg gross; retuned k = 5.34 N/mm,44.8,deg,290.16509570482685,N
angle-force,25 kg gross; retuned k = 5.34 N/mm,44.85,deg,290.398312614536,N
angle-force,25 kg gross; retuned k = 5.34 N/mm,44.900000000000006,deg,290.63152952424514,N
angle-force,25 kg gross; retuned k = 5.34 N/mm,44.95,deg,290.8647464339543,N
angle-force,25 kg gross; retuned k = 5.34 N/mm,45.0,deg,291.0979633436634,N
angle-force,25 kg gross; retuned k = 5.34 N/mm,45.05,deg,291.3311802533725,N
angle-force,25 kg gross; retuned k = 5.34 N/mm,45.1,deg,291.56439716308165,N
angle-force,25 kg gross; retuned k = 5.34 N/mm,45.15000000000001,deg,291.79761407279085,N
angle-force,25 kg gross; retuned k = 5.34 N/mm,45.20000000000001,deg,292.03083098249994,N
angle-force,25 kg gross; retuned k = 5.34 N/mm,45.25,deg,292.2640478922091,N
angle-force,25 kg gross; retuned k = 5.34 N/mm,45.3,deg,292.49726480191816,N
angle-force,25 kg gross; retuned k = 5.34 N/mm,45.35,deg,292.73048171162736,N
angle-force,25 kg gross; retuned k = 5.34 N/mm,45.400000000000006,deg,292.96369862133645,N
angle-force,25 kg gross; retuned k = 5.34 N/mm,45.45,deg,293.1969155310456,N
angle-force,25 kg gross; retuned k = 5.34 N/mm,45.5,deg,293.43013244075473,N
angle-force,25 kg gross; retuned k = 5.34 N/mm,45.55,deg,293.6633493504638,N
angle-force,25 kg gross; retuned k = 5.34 N/mm,45.6,deg,293.89656626017296,N
angle-force,25 kg gross; retuned k = 5.34 N/mm,45.650000000000006,deg,294.1297831698821,N
angle-force,25 kg gross; retuned k = 5.34 N/mm,45.7,deg,294.36300007959125,N
angle-force,25 kg gross; retuned k = 5.34 N/mm,45.75,deg,294.5962169893004,N
angle-force,25 kg gross; retuned k = 5.34 N/mm,45.800000000000004,deg,294.8294338990095,N
angle-force,25 kg gross; retuned k = 5.34 N/mm,45.85,deg,295.0626508087187,N
angle-force,25 kg gross; retuned k = 5.34 N/mm,45.900000000000006,deg,295.2958677184278,N
angle-force,25 kg gross; retuned k = 5.34 N/mm,45.95,deg,295.5290846281369,N
angle-force,25 kg gross; retuned k = 5.34 N/mm,46.0,deg,295.76230153784604,N
angle-force,25 kg gross; retuned k = 5.34 N/mm,46.05,deg,295.9955184475551,N
angle-force,25 kg gross; retuned k = 5.34 N/mm,46.1,deg,296.2287353572643,N
angle-force,25 kg gross; retuned k = 5.34 N/mm,46.150000000000006,deg,296.4619522669734,N
angle-force,25 kg gross; retuned k = 5.34 N/mm,46.2,deg,296.69516917668255,N
angle-force,25 kg gross; retuned k = 5.34 N/mm,46.25,deg,296.9283860863917,N
angle-force,25 kg gross; retuned k = 5.34 N/mm,46.3,deg,297.1616029961008,N
angle-force,25 kg gross; retuned k = 5.34 N/mm,46.35,deg,297.39481990581,N
angle-force,25 kg gross; retuned k = 5.34 N/mm,46.400000000000006,deg,297.6280368155191,N
angle-force,25 kg gross; retuned k = 5.34 N/mm,46.45,deg,297.86125372522827,N
angle-force,25 kg gross; retuned k = 5.34 N/mm,46.5,deg,298.09447063493735,N
angle-force,25 kg gross; retuned k = 5.34 N/mm,46.55,deg,298.32768754464644,N
angle-force,25 kg gross; retuned k = 5.34 N/mm,46.6,deg,298.56090445435564,N
angle-force,25 kg gross; retuned k = 5.34 N/mm,46.650000000000006,deg,298.7941213640648,N
angle-force,25 kg gross; retuned k = 5.34 N/mm,46.7,deg,299.02733827377386,N
angle-force,25 kg gross; retuned k = 5.34 N/mm,46.75,deg,299.260555183483,N
angle-force,25 kg gross; retuned k = 5.34 N/mm,46.8,deg,299.4937720931921,N
angle-force,25 kg gross; retuned k = 5.34 N/mm,46.85,deg,299.7269890029013,N
angle-force,25 kg gross; retuned k = 5.34 N/mm,46.900000000000006,deg,299.96020591261043,N
angle-force,25 kg gross; retuned k = 5.34 N/mm,46.95,deg,300.1934228223196,N
angle-force,25 kg gross; retuned k = 5.34 N/mm,47.0,deg,300.42663973202866,N
angle-force,25 kg gross; retuned k = 5.34 N/mm,47.05,deg,300.6598566417378,N
angle-force,25 kg gross; retuned k = 5.34 N/mm,47.1,deg,300.89307355144695,N
angle-force,25 kg gross; retuned k = 5.34 N/mm,47.150000000000006,deg,301.1262904611561,N
angle-force,25 kg gross; retuned k = 5.34 N/mm,47.2,deg,301.3595073708652,N
angle-force,25 kg gross; retuned k = 5.34 N/mm,47.25,deg,301.5927242805743,N
angle-force,25 kg gross; retuned k = 5.34 N/mm,47.3,deg,301.8259411902834,N
angle-force,25 kg gross; retuned k = 5.34 N/mm,47.35,deg,302.0591580999926,N
angle-force,25 kg gross; retuned k = 5.34 N/mm,47.40000000000001,deg,302.29237500970174,N
angle-force,25 kg gross; retuned k = 5.34 N/mm,47.45000000000001,deg,302.5255919194109,N
angle-force,25 kg gross; retuned k = 5.34 N/mm,47.5,deg,302.75880882911997,N
angle-force,25 kg gross; retuned k = 5.34 N/mm,47.55,deg,302.9920257388291,N
angle-force,25 kg gross; retuned k = 5.34 N/mm,47.6,deg,303.22524264853826,N
angle-force,25 kg gross; retuned k = 5.34 N/mm,47.650000000000006,deg,303.4584595582474,N
angle-force,25 kg gross; retuned k = 5.34 N/mm,47.7,deg,303.69167646795654,N
angle-force,25 kg gross; retuned k = 5.34 N/mm,47.75,deg,303.9248933776656,N
angle-force,25 kg gross; retuned k = 5.34 N/mm,47.8,deg,304.15811028737477,N
angle-force,25 kg gross; retuned k = 5.34 N/mm,47.85,deg,304.3913271970839,N
angle-force,25 kg gross; retuned k = 5.34 N/mm,47.900000000000006,deg,304.62454410679305,N
angle-force,25 kg gross; retuned k = 5.34 N/mm,47.95,deg,304.85776101650214,N
angle-force,25 kg gross; retuned k = 5.34 N/mm,48.00000000000001,deg,305.0909779262113,N
angle-force,25 kg gross; retuned k = 5.34 N/mm,48.050000000000004,deg,305.3241948359204,N
angle-force,25 kg gross; retuned k = 5.34 N/mm,48.1,deg,305.55741174562957,N
angle-force,25 kg gross; retuned k = 5.34 N/mm,48.150000000000006,deg,305.7906286553387,N
angle-force,25 kg gross; retuned k = 5.34 N/mm,48.2,deg,306.02384556504785,N
angle-force,25 kg gross; retuned k = 5.34 N/mm,48.25,deg,306.25706247475694,N
angle-force,25 kg gross; retuned k = 5.34 N/mm,48.3,deg,306.4902793844661,N
angle-force,25 kg gross; retuned k = 5.34 N/mm,48.35,deg,306.7234962941752,N
angle-force,25 kg gross; retuned k = 5.34 N/mm,48.400000000000006,deg,306.95671320388436,N
angle-force,25 kg gross; retuned k = 5.34 N/mm,48.45,deg,307.1899301135935,N
angle-force,25 kg gross; retuned k = 5.34 N/mm,48.5,deg,307.4231470233026,N
angle-force,25 kg gross; retuned k = 5.34 N/mm,48.55,deg,307.6563639330117,N
angle-force,25 kg gross; retuned k = 5.34 N/mm,48.6,deg,307.8895808427209,N
angle-force,25 kg gross; retuned k = 5.34 N/mm,48.650000000000006,deg,308.12279775243,N
angle-force,25 kg gross; retuned k = 5.34 N/mm,48.7,deg,308.35601466213916,N
angle-force,25 kg gross; retuned k = 5.34 N/mm,48.75,deg,308.58923157184825,N
angle-force,25 kg gross; retuned k = 5.34 N/mm,48.8,deg,308.8224484815574,N
angle-force,25 kg gross; retuned k = 5.34 N/mm,48.85,deg,309.05566539126653,N
angle-force,25 kg gross; retuned k = 5.34 N/mm,48.900000000000006,deg,309.2888823009757,N
angle-force,25 kg gross; retuned k = 5.34 N/mm,48.95,deg,309.5220992106848,N
angle-force,25 kg gross; retuned k = 5.34 N/mm,49.0,deg,309.7553161203939,N
angle-force,25 kg gross; retuned k = 5.34 N/mm,49.05,deg,309.98853303010304,N
angle-force,25 kg gross; retuned k = 5.34 N/mm,49.1,deg,310.2217499398122,N
angle-force,25 kg gross; retuned k = 5.34 N/mm,49.150000000000006,deg,310.4549668495214,N
angle-force,25 kg gross; retuned k = 5.34 N/mm,49.2,deg,310.68818375923047,N
angle-force,25 kg gross; retuned k = 5.34 N/mm,49.25,deg,310.92140066893955,N
angle-force,25 kg gross; retuned k = 5.34 N/mm,49.3,deg,311.1546175786487,N
angle-force,25 kg gross; retuned k = 5.34 N/mm,49.35,deg,311.38783448835784,N
angle-force,25 kg gross; retuned k = 5.34 N/mm,49.400000000000006,deg,311.621051398067,N
angle-force,25 kg gross; retuned k = 5.34 N/mm,49.45,deg,311.8542683077761,N
angle-force,25 kg gross; retuned k = 5.34 N/mm,49.5,deg,312.0874852174852,N
angle-force,25 kg gross; retuned k = 5.34 N/mm,49.55,deg,312.32070212719435,N
angle-force,25 kg gross; retuned k = 5.34 N/mm,49.6,deg,312.5539190369035,N
angle-force,25 kg gross; retuned k = 5.34 N/mm,49.65000000000001,deg,312.7871359466127,N
angle-force,25 kg gross; retuned k = 5.34 N/mm,49.70000000000001,deg,313.0203528563218,N
angle-force,25 kg gross; retuned k = 5.34 N/mm,49.75,deg,313.2535697660309,N
angle-force,25 kg gross; retuned k = 5.34 N/mm,49.8,deg,313.48678667574,N
angle-force,25 kg gross; retuned k = 5.34 N/mm,49.85,deg,313.72000358544915,N
angle-force,25 kg gross; retuned k = 5.34 N/mm,49.900000000000006,deg,313.95322049515835,N
angle-force,25 kg gross; retuned k = 5.34 N/mm,49.95,deg,314.18643740486743,N
angle-force,25 kg gross; retuned k = 5.34 N/mm,50.0,deg,314.4196543145765,N
angle-force,25 kg gross; retuned k = 5.34 N/mm,50.05,deg,314.65287122428566,N
angle-force,25 kg gross; retuned k = 5.34 N/mm,50.1,deg,314.8860881339948,N
angle-force,25 kg gross; retuned k = 5.34 N/mm,50.150000000000006,deg,315.11930504370395,N
angle-force,25 kg gross; retuned k = 5.34 N/mm,50.2,deg,315.3525219534131,N
angle-force,25 kg gross; retuned k = 5.34 N/mm,50.25000000000001,deg,315.58573886312223,N
angle-force,25 kg gross; retuned k = 5.34 N/mm,50.300000000000004,deg,315.8189557728314,N
angle-force,25 kg gross; retuned k = 5.34 N/mm,50.35,deg,316.05217268254046,N
angle-force,25 kg gross; retuned k = 5.34 N/mm,50.400000000000006,deg,316.28538959224966,N
angle-force,25 kg gross; retuned k = 5.34 N/mm,50.45,deg,316.51860650195874,N
angle-force,25 kg gross; retuned k = 5.34 N/mm,50.5,deg,316.7518234116679,N
angle-force,25 kg gross; retuned k = 5.34 N/mm,50.55,deg,316.98504032137697,N
angle-force,25 kg gross; retuned k = 5.34 N/mm,50.6,deg,317.2182572310861,N
angle-force,25 kg gross; retuned k = 5.34 N/mm,50.650000000000006,deg,317.4514741407953,N
angle-force,25 kg gross; retuned k = 5.34 N/mm,50.7,deg,317.6846910505044,N
angle-force,25 kg gross; retuned k = 5.34 N/mm,50.75,deg,317.9179079602135,N
angle-force,25 kg gross; retuned k = 5.34 N/mm,50.8,deg,318.1511248699226,N
angle-force,25 kg gross; retuned k = 5.34 N/mm,50.85,deg,318.3843417796318,N
angle-force,25 kg gross; retuned k = 5.34 N/mm,50.900000000000006,deg,318.61755868934097,N
angle-force,25 kg gross; retuned k = 5.34 N/mm,50.95,deg,318.85077559905005,N
angle-force,25 kg gross; retuned k = 5.34 N/mm,51.0,deg,319.0839925087592,N
angle-force,25 kg gross; retuned k = 5.34 N/mm,51.05,deg,319.31720941846834,N
angle-force,25 kg gross; retuned k = 5.34 N/mm,51.1,deg,319.5504263281774,N
angle-force,25 kg gross; retuned k = 5.34 N/mm,51.150000000000006,deg,319.7836432378866,N
angle-force,25 kg gross; retuned k = 5.34 N/mm,51.2,deg,320.0168601475957,N
angle-force,25 kg gross; retuned k = 5.34 N/mm,51.25,deg,320.25007705730485,N
angle-force,25 kg gross; retuned k = 5.34 N/mm,51.3,deg,320.48329396701394,N
angle-force,25 kg gross; retuned k = 5.34 N/mm,51.35,deg,320.7165108767231,N
angle-force,25 kg gross; retuned k = 5.34 N/mm,51.400000000000006,deg,320.9497277864323,N
angle-force,25 kg gross; retuned k = 5.34 N/mm,51.45,deg,321.18294469614136,N
angle-force,25 kg gross; retuned k = 5.34 N/mm,51.5,deg,321.4161616058505,N
angle-force,25 kg gross; retuned k = 5.34 N/mm,51.55,deg,321.64937851555965,N
angle-force,25 kg gross; retuned k = 5.34 N/mm,51.6,deg,321.8825954252688,N
angle-force,25 kg gross; retuned k = 5.34 N/mm,51.650000000000006,deg,322.11581233497793,N
angle-force,25 kg gross; retuned k = 5.34 N/mm,51.7,deg,322.349029244687,N
angle-force,25 kg gross; retuned k = 5.34 N/mm,51.75,deg,322.58224615439616,N
angle-force,25 kg gross; retuned k = 5.34 N/mm,51.8,deg,322.8154630641053,N
angle-force,25 kg gross; retuned k = 5.34 N/mm,51.85,deg,323.0486799738144,N
angle-force,25 kg gross; retuned k = 5.34 N/mm,51.90000000000001,deg,323.2818968835236,N
angle-force,25 kg gross; retuned k = 5.34 N/mm,51.95000000000001,deg,323.5151137932327,N
angle-force,25 kg gross; retuned k = 5.34 N/mm,52.0,deg,323.7483307029418,N
angle-force,25 kg gross; retuned k = 5.34 N/mm,52.05,deg,323.98154761265096,N
angle-force,25 kg gross; retuned k = 5.34 N/mm,52.1,deg,324.2147645223601,N
angle-force,25 kg gross; retuned k = 5.34 N/mm,52.150000000000006,deg,324.44798143206924,N
angle-force,25 kg gross; retuned k = 5.34 N/mm,52.2,deg,324.6811983417783,N
angle-force,25 kg gross; retuned k = 5.34 N/mm,52.25,deg,324.91441525148747,N
angle-force,25 kg gross; retuned k = 5.34 N/mm,52.3,deg,325.1476321611966,N
angle-force,25 kg gross; retuned k = 5.34 N/mm,52.35,deg,325.3808490709057,N
angle-force,25 kg gross; retuned k = 5.34 N/mm,52.400000000000006,deg,325.6140659806149,N
angle-force,25 kg gross; retuned k = 5.34 N/mm,52.45,deg,325.847282890324,N
angle-force,25 kg gross; retuned k = 5.34 N/mm,52.50000000000001,deg,326.0804998000332,N
angle-force,25 kg gross; retuned k = 5.34 N/mm,52.550000000000004,deg,326.31371670974227,N
angle-force,25 kg gross; retuned k = 5.34 N/mm,52.6,deg,326.5469336194514,N
angle-force,25 kg gross; retuned k = 5.34 N/mm,52.650000000000006,deg,326.78015052916055,N
angle-force,25 kg gross; retuned k = 5.34 N/mm,52.7,deg,327.01336743886964,N
angle-force,25 kg gross; retuned k = 5.34 N/mm,52.75,deg,327.2465843485788,N
angle-force,25 kg gross; retuned k = 5.34 N/mm,52.8,deg,327.4798012582879,N
angle-force,25 kg gross; retuned k = 5.34 N/mm,52.85,deg,327.71301816799706,N
angle-force,25 kg gross; retuned k = 5.34 N/mm,52.900000000000006,deg,327.9462350777062,N
angle-force,25 kg gross; retuned k = 5.34 N/mm,52.95,deg,328.1794519874153,N
angle-force,25 kg gross; retuned k = 5.34 N/mm,53.0,deg,328.41266889712443,N
angle-force,25 kg gross; retuned k = 5.34 N/mm,53.05,deg,328.6458858068336,N
angle-force,25 kg gross; retuned k = 5.34 N/mm,53.1,deg,328.8791027165427,N
angle-force,25 kg gross; retuned k = 5.34 N/mm,53.150000000000006,deg,329.11231962625186,N
angle-force,25 kg gross; retuned k = 5.34 N/mm,53.2,deg,329.34553653596095,N
angle-force,25 kg gross; retuned k = 5.34 N/mm,53.25,deg,329.57875344567015,N
angle-force,25 kg gross; retuned k = 5.34 N/mm,53.3,deg,329.81197035537923,N
angle-force,25 kg gross; retuned k = 5.34 N/mm,53.35,deg,330.0451872650884,N
angle-force,25 kg gross; retuned k = 5.34 N/mm,53.400000000000006,deg,330.2784041747975,N
angle-force,25 kg gross; retuned k = 5.34 N/mm,53.45,deg,330.5116210845066,N
angle-force,25 kg gross; retuned k = 5.34 N/mm,53.5,deg,330.74483799421574,N
angle-force,25 kg gross; retuned k = 5.34 N/mm,53.55,deg,330.9780549039249,N
angle-force,25 kg gross; retuned k = 5.34 N/mm,53.6,deg,331.211271813634,N
angle-force,25 kg gross; retuned k = 5.34 N/mm,53.650000000000006,deg,331.44448872334317,N
angle-force,25 kg gross; retuned k = 5.34 N/mm,53.7,deg,331.6777056330523,N
angle-force,25 kg gross; retuned k = 5.34 N/mm,53.75,deg,331.91092254276145,N
angle-force,25 kg gross; retuned k = 5.34 N/mm,53.8,deg,332.14413945247054,N
angle-force,25 kg gross; retuned k = 5.34 N/mm,53.85,deg,332.3773563621797,N
angle-force,25 kg gross; retuned k = 5.34 N/mm,53.900000000000006,deg,332.6105732718888,N
angle-force,25 kg gross; retuned k = 5.34 N/mm,53.95,deg,332.84379018159797,N
angle-force,25 kg gross; retuned k = 5.34 N/mm,54.0,deg,333.0770070913071,N
angle-force,25 kg gross; retuned k = 5.34 N/mm,54.05,deg,333.3102240010162,N
angle-force,25 kg gross; retuned k = 5.34 N/mm,54.1,deg,333.5434409107253,N
angle-force,25 kg gross; retuned k = 5.34 N/mm,54.15000000000001,deg,333.7766578204345,N
angle-force,25 kg gross; retuned k = 5.34 N/mm,54.20000000000001,deg,334.0098747301436,N
angle-force,25 kg gross; retuned k = 5.34 N/mm,54.25,deg,334.24309163985276,N
angle-force,25 kg gross; retuned k = 5.34 N/mm,54.3,deg,334.47630854956185,N
angle-force,25 kg gross; retuned k = 5.34 N/mm,54.35,deg,334.70952545927105,N
angle-force,25 kg gross; retuned k = 5.34 N/mm,54.400000000000006,deg,334.94274236898013,N
angle-force,25 kg gross; retuned k = 5.34 N/mm,54.45,deg,335.1759592786892,N
angle-force,25 kg gross; retuned k = 5.34 N/mm,54.5,deg,335.40917618839836,N
angle-force,25 kg gross; retuned k = 5.34 N/mm,54.55,deg,335.6423930981075,N
angle-force,25 kg gross; retuned k = 5.34 N/mm,54.6,deg,335.8756100078167,N
angle-force,25 kg gross; retuned k = 5.34 N/mm,54.650000000000006,deg,336.1088269175258,N
angle-force,25 kg gross; retuned k = 5.34 N/mm,54.7,deg,336.3420438272349,N
angle-force,25 kg gross; retuned k = 5.34 N/mm,54.75000000000001,deg,336.5752607369441,N
angle-force,25 kg gross; retuned k = 5.34 N/mm,54.800000000000004,deg,336.80847764665316,N
angle-force,25 kg gross; retuned k = 5.34 N/mm,54.85,deg,337.0416945563623,N
angle-force,25 kg gross; retuned k = 5.34 N/mm,54.900000000000006,deg,337.27491146607144,N
angle-force,25 kg gross; retuned k = 5.34 N/mm,54.95,deg,337.50812837578064,N
angle-force,25 kg gross; retuned k = 5.34 N/mm,55.0,deg,337.74134528548973,N
angle-force,25 kg gross; retuned k = 5.34 N/mm,55.05,deg,337.9745621951988,N
angle-force,25 kg gross; retuned k = 5.34 N/mm,55.1,deg,338.20777910490796,N
angle-force,25 kg gross; retuned k = 5.34 N/mm,55.150000000000006,deg,338.4409960146171,N
angle-force,25 kg gross; retuned k = 5.34 N/mm,55.2,deg,338.67421292432624,N
angle-force,25 kg gross; retuned k = 5.34 N/mm,55.25,deg,338.9074298340354,N
angle-force,25 kg gross; retuned k = 5.34 N/mm,55.3,deg,339.14064674374447,N
angle-force,25 kg gross; retuned k = 5.34 N/mm,55.35,deg,339.37386365345367,N
angle-force,25 kg gross; retuned k = 5.34 N/mm,55.400000000000006,deg,339.60708056316275,N
angle-force,25 kg gross; retuned k = 5.34 N/mm,55.45,deg,339.8402974728719,N
angle-force,25 kg gross; retuned k = 5.34 N/mm,55.5,deg,340.07351438258104,N
angle-force,25 kg gross; retuned k = 5.34 N/mm,55.55,deg,340.3067312922901,N
angle-force,25 kg gross; retuned k = 5.34 N/mm,55.6,deg,340.5399482019993,N
angle-force,25 kg gross; retuned k = 5.34 N/mm,55.650000000000006,deg,340.7731651117084,N
angle-force,25 kg gross; retuned k = 5.34 N/mm,55.7,deg,341.00638202141755,N
angle-force,25 kg gross; retuned k = 5.34 N/mm,55.75,deg,341.2395989311267,N
angle-force,25 kg gross; retuned k = 5.34 N/mm,55.8,deg,341.4728158408358,N
angle-force,25 kg gross; retuned k = 5.34 N/mm,55.85000000000001,deg,341.706032750545,N
angle-force,25 kg gross; retuned k = 5.34 N/mm,55.900000000000006,deg,341.9392496602541,N
angle-force,25 kg gross; retuned k = 5.34 N/mm,55.95,deg,342.17246656996326,N
angle-force,25 kg gross; retuned k = 5.34 N/mm,56.0,deg,342.40568347967235,N
angle-force,25 kg gross; retuned k = 5.34 N/mm,56.05,deg,342.63890038938143,N
angle-force,25 kg gross; retuned k = 5.34 N/mm,56.1,deg,342.87211729909063,N
angle-force,25 kg gross; retuned k = 5.34 N/mm,56.150000000000006,deg,343.1053342087998,N
angle-force,25 kg gross; retuned k = 5.34 N/mm,56.2,deg,343.3385511185089,N
angle-force,25 kg gross; retuned k = 5.34 N/mm,56.25,deg,343.571768028218,N
angle-force,25 kg gross; retuned k = 5.34 N/mm,56.3,deg,343.8049849379271,N
angle-force,25 kg gross; retuned k = 5.34 N/mm,56.35,deg,344.03820184763623,N
angle-force,25 kg gross; retuned k = 5.34 N/mm,56.40000000000001,deg,344.2714187573454,N
angle-force,25 kg gross; retuned k = 5.34 N/mm,56.45000000000001,deg,344.5046356670546,N
angle-force,25 kg gross; retuned k = 5.34 N/mm,56.5,deg,344.73785257676366,N
angle-force,25 kg gross; retuned k = 5.34 N/mm,56.55,deg,344.97106948647274,N
angle-force,25 kg gross; retuned k = 5.34 N/mm,56.6,deg,345.20428639618194,N
angle-force,25 kg gross; retuned k = 5.34 N/mm,56.650000000000006,deg,345.437503305891,N
angle-force,25 kg gross; retuned k = 5.34 N/mm,56.7,deg,345.67072021560017,N
angle-force,25 kg gross; retuned k = 5.34 N/mm,56.75,deg,345.9039371253093,N
angle-force,25 kg gross; retuned k = 5.34 N/mm,56.8,deg,346.1371540350184,N
angle-force,25 kg gross; retuned k = 5.34 N/mm,56.85,deg,346.3703709447276,N
angle-force,25 kg gross; retuned k = 5.34 N/mm,56.900000000000006,deg,346.6035878544367,N
angle-force,25 kg gross; retuned k = 5.34 N/mm,56.95,deg,346.8368047641458,N
angle-force,25 kg gross; retuned k = 5.34 N/mm,57.00000000000001,deg,347.07002167385497,N
angle-force,25 kg gross; retuned k = 5.34 N/mm,57.050000000000004,deg,347.3032385835641,N
angle-force,25 kg gross; retuned k = 5.34 N/mm,57.1,deg,347.53645549327325,N
angle-force,25 kg gross; retuned k = 5.34 N/mm,57.15,deg,347.76967240298234,N
angle-force,25 kg gross; retuned k = 5.34 N/mm,57.2,deg,348.00288931269154,N
angle-force,25 kg gross; retuned k = 5.34 N/mm,57.25,deg,348.2361062224006,N
angle-force,25 kg gross; retuned k = 5.34 N/mm,57.30000000000001,deg,348.4693231321098,N
angle-force,25 kg gross; retuned k = 5.34 N/mm,57.35000000000001,deg,348.7025400418189,N
angle-force,25 kg gross; retuned k = 5.34 N/mm,57.400000000000006,deg,348.93575695152805,N
angle-force,25 kg gross; retuned k = 5.34 N/mm,57.45,deg,349.1689738612372,N
angle-force,25 kg gross; retuned k = 5.34 N/mm,57.5,deg,349.4021907709463,N
angle-force,25 kg gross; retuned k = 5.34 N/mm,57.55000000000001,deg,349.6354076806555,N
angle-force,25 kg gross; retuned k = 5.34 N/mm,57.6,deg,349.86862459036456,N
angle-force,25 kg gross; retuned k = 5.34 N/mm,57.65,deg,350.1018415000737,N
angle-force,25 kg gross; retuned k = 5.34 N/mm,57.699999999999996,deg,350.33505840978285,N
angle-force,25 kg gross; retuned k = 5.34 N/mm,57.74999999999999,deg,350.56827531949193,N
angle-force,25 kg gross; retuned k = 5.34 N/mm,57.800000000000004,deg,350.80149222920113,N
angle-force,25 kg gross; retuned k = 5.34 N/mm,57.85,deg,351.0347091389102,N
angle-force,25 kg gross; retuned k = 5.34 N/mm,57.9,deg,351.2679260486193,N
angle-force,25 kg gross; retuned k = 5.34 N/mm,57.95000000000001,deg,351.5011429583285,N
angle-force,25 kg gross; retuned k = 5.34 N/mm,58.00000000000001,deg,351.73435986803764,N
angle-force,25 kg gross; retuned k = 5.34 N/mm,58.050000000000004,deg,351.9675767777468,N
angle-force,25 kg gross; retuned k = 5.34 N/mm,58.1,deg,352.20079368745587,N
angle-force,25 kg gross; retuned k = 5.34 N/mm,58.15,deg,352.43401059716496,N
angle-force,25 kg gross; retuned k = 5.34 N/mm,58.2,deg,352.66722750687416,N
angle-force,25 kg gross; retuned k = 5.34 N/mm,58.25,deg,352.90044441658324,N
angle-force,25 kg gross; retuned k = 5.34 N/mm,58.3,deg,353.1336613262924,N
angle-force,25 kg gross; retuned k = 5.34 N/mm,58.349999999999994,deg,353.3668782360015,N
angle-force,25 kg gross; retuned k = 5.34 N/mm,58.400000000000006,deg,353.6000951457107,N
angle-force,25 kg gross; retuned k = 5.34 N/mm,58.45,deg,353.8333120554198,N
angle-force,25 kg gross; retuned k = 5.34 N/mm,58.5,deg,354.0665289651289,N
angle-force,25 kg gross; retuned k = 5.34 N/mm,58.55000000000001,deg,354.2997458748381,N
angle-force,25 kg gross; retuned k = 5.34 N/mm,58.60000000000001,deg,354.5329627845472,N
angle-force,25 kg gross; retuned k = 5.34 N/mm,58.650000000000006,deg,354.7661796942563,N
angle-force,25 kg gross; retuned k = 5.34 N/mm,58.7,deg,354.99939660396547,N
angle-force,25 kg gross; retuned k = 5.34 N/mm,58.75,deg,355.23261351367455,N
angle-force,25 kg gross; retuned k = 5.34 N/mm,58.800000000000004,deg,355.46583042338375,N
angle-force,25 kg gross; retuned k = 5.34 N/mm,58.85,deg,355.69904733309284,N
angle-force,25 kg gross; retuned k = 5.34 N/mm,58.9,deg,355.932264242802,N
angle-force,25 kg gross; retuned k = 5.34 N/mm,58.95000000000001,deg,356.1654811525111,N
angle-force,25 kg gross; retuned k = 5.34 N/mm,59.00000000000001,deg,356.39869806222026,N
angle-force,25 kg gross; retuned k = 5.34 N/mm,59.050000000000004,deg,356.6319149719294,N
angle-force,25 kg gross; retuned k = 5.34 N/mm,59.1,deg,356.8651318816385,N
angle-force,25 kg gross; retuned k = 5.34 N/mm,59.15,deg,357.09834879134763,N
angle-force,25 kg gross; retuned k = 5.34 N/mm,59.20000000000001,deg,357.3315657010568,N
angle-force,25 kg gross; retuned k = 5.34 N/mm,59.25000000000001,deg,357.5647826107659,N
angle-force,25 kg gross; retuned k = 5.34 N/mm,59.300000000000004,deg,357.79799952047506,N
angle-force,25 kg gross; retuned k = 5.34 N/mm,59.349999999999994,deg,358.03121643018414,N
angle-force,25 kg gross; retuned k = 5.34 N/mm,59.39999999999999,deg,358.26443333989323,N
angle-force,25 kg gross; retuned k = 5.34 N/mm,59.45,deg,358.49765024960243,N
angle-force,25 kg gross; retuned k = 5.34 N/mm,59.5,deg,358.7308671593116,N
angle-force,25 kg gross; retuned k = 5.34 N/mm,59.55000000000001,deg,358.9640840690207,N
angle-force,25 kg gross; retuned k = 5.34 N/mm,59.60000000000001,deg,359.19730097872986,N
angle-force,25 kg gross; retuned k = 5.34 N/mm,59.650000000000006,deg,359.430517888439,N
angle-force,25 kg gross; retuned k = 5.34 N/mm,59.7,deg,359.6637347981481,N
angle-force,25 kg gross; retuned k = 5.34 N/mm,59.75,deg,359.89695170785717,N
angle-force,25 kg gross; retuned k = 5.34 N/mm,59.80000000000001,deg,360.13016861756637,N
angle-force,25 kg gross; retuned k = 5.34 N/mm,59.85,deg,360.36338552727545,N
angle-force,25 kg gross; retuned k = 5.34 N/mm,59.9,deg,360.59660243698465,N
angle-force,25 kg gross; retuned k = 5.34 N/mm,59.949999999999996,deg,360.82981934669374,N
angle-force,25 kg gross; retuned k = 5.34 N/mm,59.99999999999999,deg,361.0630362564028,N
angle-force,25 kg gross; retuned k = 5.34 N/mm,60.050000000000004,deg,361.296253166112,N
angle-force,25 kg gross; retuned k = 5.34 N/mm,60.1,deg,361.5294700758211,N
angle-force,25 kg gross; retuned k = 5.34 N/mm,60.15,deg,361.76268698553025,N
angle-force,25 kg gross; retuned k = 5.34 N/mm,60.20000000000001,deg,361.9959038952394,N
angle-force,25 kg gross; retuned k = 5.34 N/mm,60.25000000000001,deg,362.2291208049486,N
angle-force,25 kg gross; retuned k = 5.34 N/mm,60.300000000000004,deg,362.4623377146577,N
angle-force,25 kg gross; retuned k = 5.34 N/mm,60.35,deg,362.69555462436676,N
angle-force,25 kg gross; retuned k = 5.34 N/mm,60.4,deg,362.9287715340759,N
angle-force,25 kg gross; retuned k = 5.34 N/mm,60.45,deg,363.16198844378505,N
angle-force,25 kg gross; retuned k = 5.34 N/mm,60.5,deg,363.3952053534942,N
angle-force,25 kg gross; retuned k = 5.34 N/mm,60.55,deg,363.62842226320333,N
angle-force,25 kg gross; retuned k = 5.34 N/mm,60.599999999999994,deg,363.8616391729124,N
angle-force,25 kg gross; retuned k = 5.34 N/mm,60.650000000000006,deg,364.0948560826216,N
angle-force,25 kg gross; retuned k = 5.34 N/mm,60.7,deg,364.3280729923307,N
angle-force,25 kg gross; retuned k = 5.34 N/mm,60.75,deg,364.56128990203985,N
angle-force,25 kg gross; retuned k = 5.34 N/mm,60.80000000000001,deg,364.794506811749,N
angle-force,25 kg gross; retuned k = 5.34 N/mm,60.85000000000001,deg,365.02772372145813,N
angle-force,25 kg gross; retuned k = 5.34 N/mm,60.900000000000006,deg,365.2609406311673,N
angle-force,25 kg gross; retuned k = 5.34 N/mm,60.95,deg,365.49415754087636,N
angle-force,25 kg gross; retuned k = 5.34 N/mm,61.0,deg,365.72737445058544,N
angle-force,25 kg gross; retuned k = 5.34 N/mm,61.050000000000004,deg,365.96059136029464,N
angle-force,25 kg gross; retuned k = 5.34 N/mm,61.1,deg,366.1938082700038,N
angle-force,25 kg gross; retuned k = 5.34 N/mm,61.15,deg,366.4270251797129,N
angle-force,25 kg gross; retuned k = 5.34 N/mm,61.20000000000001,deg,366.66024208942207,N
angle-force,25 kg gross; retuned k = 5.34 N/mm,61.25000000000001,deg,366.8934589991312,N
angle-force,25 kg gross; retuned k = 5.34 N/mm,61.300000000000004,deg,367.1266759088403,N
angle-force,25 kg gross; retuned k = 5.34 N/mm,61.35,deg,367.3598928185494,N
angle-force,25 kg gross; retuned k = 5.34 N/mm,61.4,deg,367.5931097282585,N
angle-force,25 kg gross; retuned k = 5.34 N/mm,61.45000000000001,deg,367.8263266379677,N
angle-force,25 kg gross; retuned k = 5.34 N/mm,61.50000000000001,deg,368.05954354767687,N
angle-force,25 kg gross; retuned k = 5.34 N/mm,61.550000000000004,deg,368.29276045738595,N
angle-force,25 kg gross; retuned k = 5.34 N/mm,61.599999999999994,deg,368.52597736709504,N
angle-force,25 kg gross; retuned k = 5.34 N/mm,61.64999999999999,deg,368.7591942768042,N
angle-force,25 kg gross; retuned k = 5.34 N/mm,61.7,deg,368.9924111865133,N
angle-force,25 kg gross; retuned k = 5.34 N/mm,61.75,deg,369.22562809622247,N
angle-force,25 kg gross; retuned k = 5.34 N/mm,61.80000000000001,deg,369.45884500593166,N
angle-force,25 kg gross; retuned k = 5.34 N/mm,61.85000000000001,deg,369.6920619156408,N
angle-force,25 kg gross; retuned k = 5.34 N/mm,61.900000000000006,deg,369.9252788253499,N
angle-force,25 kg gross; retuned k = 5.34 N/mm,61.95,deg,370.158495735059,N
angle-force,25 kg gross; retuned k = 5.34 N/mm,62.0,deg,370.3917126447681,N
angle-force,25 kg gross; retuned k = 5.34 N/mm,62.05000000000001,deg,370.62492955447726,N
angle-force,25 kg gross; retuned k = 5.34 N/mm,62.1,deg,370.8581464641864,N
angle-force,25 kg gross; retuned k = 5.34 N/mm,62.15,deg,371.09136337389555,N
angle-force,25 kg gross; retuned k = 5.34 N/mm,62.199999999999996,deg,371.32458028360463,N
angle-force,25 kg gross; retuned k = 5.34 N/mm,62.24999999999999,deg,371.5577971933138,N
angle-force,25 kg gross; retuned k = 5.34 N/mm,62.300000000000004,deg,371.7910141030229,N
angle-force,25 kg gross; retuned k = 5.34 N/mm,62.35,deg,372.02423101273206,N
angle-force,25 kg gross; retuned k = 5.34 N/mm,62.4,deg,372.2574479224412,N
angle-force,25 kg gross; retuned k = 5.34 N/mm,62.45000000000001,deg,372.49066483215034,N
angle-force,25 kg gross; retuned k = 5.34 N/mm,62.50000000000001,deg,372.7238817418595,N
angle-force,25 kg gross; retuned k = 5.34 N/mm,62.550000000000004,deg,372.9570986515686,N
angle-force,25 kg gross; retuned k = 5.34 N/mm,62.6,deg,373.1903155612777,N
angle-force,25 kg gross; retuned k = 5.34 N/mm,62.65,deg,373.42353247098686,N
angle-force,25 kg gross; retuned k = 5.34 N/mm,62.7,deg,373.656749380696,N
angle-force,25 kg gross; retuned k = 5.34 N/mm,62.75,deg,373.88996629040514,N
angle-force,25 kg gross; retuned k = 5.34 N/mm,62.8,deg,374.1231832001142,N
angle-force,25 kg gross; retuned k = 5.34 N/mm,62.849999999999994,deg,374.3564001098233,N
angle-force,25 kg gross; retuned k = 5.34 N/mm,62.900000000000006,deg,374.5896170195325,N
angle-force,25 kg gross; retuned k = 5.34 N/mm,62.95,deg,374.82283392924165,N
angle-force,25 kg gross; retuned k = 5.34 N/mm,63.0,deg,375.0560508389508,N
angle-force,25 kg gross; retuned k = 5.34 N/mm,63.05000000000001,deg,375.28926774865994,N
angle-force,25 kg gross; retuned k = 5.34 N/mm,63.10000000000001,deg,375.5224846583691,N
angle-force,25 kg gross; retuned k = 5.34 N/mm,63.150000000000006,deg,375.75570156807817,N
angle-force,25 kg gross; retuned k = 5.34 N/mm,63.2,deg,375.98891847778725,N
angle-force,25 kg gross; retuned k = 5.34 N/mm,63.25,deg,376.2221353874964,N
angle-force,25 kg gross; retuned k = 5.34 N/mm,63.300000000000004,deg,376.4553522972056,N
angle-force,25 kg gross; retuned k = 5.34 N/mm,63.35,deg,376.68856920691474,N
angle-force,25 kg gross; retuned k = 5.34 N/mm,63.40000000000001,deg,376.9217861166239,N
angle-force,25 kg gross; retuned k = 5.34 N/mm,63.45000000000001,deg,377.155003026333,N
angle-force,25 kg gross; retuned k = 5.34 N/mm,63.50000000000001,deg,377.3882199360421,N
angle-force,25 kg gross; retuned k = 5.34 N/mm,63.550000000000004,deg,377.6214368457512,N
angle-force,25 kg gross; retuned k = 5.34 N/mm,63.6,deg,377.85465375546033,N
angle-force,25 kg gross; retuned k = 5.34 N/mm,63.65000000000001,deg,378.0878706651695,N
angle-force,25 kg gross; retuned k = 5.34 N/mm,63.70000000000001,deg,378.3210875748787,N
angle-force,25 kg gross; retuned k = 5.34 N/mm,63.75000000000001,deg,378.55430448458776,N
angle-force,25 kg gross; retuned k = 5.34 N/mm,63.800000000000004,deg,378.78752139429685,N
angle-force,25 kg gross; retuned k = 5.34 N/mm,63.849999999999994,deg,379.020738304006,N
angle-force,25 kg gross; retuned k = 5.34 N/mm,63.900000000000006,deg,379.25395521371513,N
angle-force,25 kg gross; retuned k = 5.34 N/mm,63.95,deg,379.4871721234243,N
angle-force,25 kg gross; retuned k = 5.34 N/mm,64.0,deg,379.7203890331334,N
angle-force,25 kg gross; retuned k = 5.34 N/mm,64.05000000000001,deg,379.9536059428426,N
angle-force,25 kg gross; retuned k = 5.34 N/mm,64.1,deg,380.18682285255164,N
angle-force,25 kg gross; retuned k = 5.34 N/mm,64.15,deg,380.4200397622608,N
angle-force,25 kg gross; retuned k = 5.34 N/mm,64.2,deg,380.6532566719699,N
angle-force,25 kg gross; retuned k = 5.34 N/mm,64.25,deg,380.88647358167907,N
angle-force,25 kg gross; retuned k = 5.34 N/mm,64.30000000000001,deg,381.1196904913882,N
angle-force,25 kg gross; retuned k = 5.34 N/mm,64.35,deg,381.35290740109724,N
angle-force,25 kg gross; retuned k = 5.34 N/mm,64.4,deg,381.58612431080644,N
angle-force,25 kg gross; retuned k = 5.34 N/mm,64.45,deg,381.8193412205155,N
angle-force,25 kg gross; retuned k = 5.34 N/mm,64.5,deg,382.0525581302247,N
angle-force,25 kg gross; retuned k = 5.34 N/mm,64.55000000000001,deg,382.2857750399339,N
angle-force,25 kg gross; retuned k = 5.34 N/mm,64.6,deg,382.5189919496429,N
angle-force,25 kg gross; retuned k = 5.34 N/mm,64.65,deg,382.75220885935215,N
angle-force,25 kg gross; retuned k = 5.34 N/mm,64.7,deg,382.9854257690613,N
angle-force,25 kg gross; retuned k = 5.34 N/mm,64.75,deg,383.2186426787704,N
angle-force,25 kg gross; retuned k = 5.34 N/mm,64.80000000000001,deg,383.4518595884796,N
angle-force,25 kg gross; retuned k = 5.34 N/mm,64.85,deg,383.68507649818866,N
angle-force,25 kg gross; retuned k = 5.34 N/mm,64.9,deg,383.9182934078978,N
angle-force,25 kg gross; retuned k = 5.34 N/mm,64.95,deg,384.15151031760695,N
angle-force,25 kg gross; retuned k = 5.34 N/mm,65.0,deg,384.38472722731603,N
angle-force,25 kg gross; retuned k = 5.34 N/mm,65.05000000000001,deg,384.61794413702523,N
angle-force,25 kg gross; retuned k = 5.34 N/mm,65.1,deg,384.85116104673426,N
angle-force,25 kg gross; retuned k = 5.34 N/mm,65.15,deg,385.0843779564434,N
angle-force,25 kg gross; retuned k = 5.34 N/mm,65.2,deg,385.31759486615255,N
angle-force,25 kg gross; retuned k = 5.34 N/mm,65.25,deg,385.5508117758617,N
angle-force,25 kg gross; retuned k = 5.34 N/mm,65.30000000000001,deg,385.7840286855709,N
angle-force,25 kg gross; retuned k = 5.34 N/mm,65.35,deg,386.0172455952799,N
angle-force,25 kg gross; retuned k = 5.34 N/mm,65.4,deg,386.25046250498906,N
angle-force,25 kg gross; retuned k = 5.34 N/mm,65.45,deg,386.4836794146982,N
angle-force,25 kg gross; retuned k = 5.34 N/mm,65.5,deg,386.71689632440734,N
angle-force,25 kg gross; retuned k = 5.34 N/mm,65.55000000000001,deg,386.9501132341165,N
angle-force,25 kg gross; retuned k = 5.34 N/mm,65.6,deg,387.1833301438255,N
angle-force,25 kg gross; retuned k = 5.34 N/mm,65.65000000000002,deg,387.4165470535348,N
angle-force,25 kg gross; retuned k = 5.34 N/mm,65.7,deg,387.6497639632439,N
angle-force,25 kg gross; retuned k = 5.34 N/mm,65.75,deg,387.882980872953,N
angle-force,25 kg gross; retuned k = 5.34 N/mm,65.80000000000001,deg,388.1161977826622,N
angle-force,25 kg gross; retuned k = 5.34 N/mm,65.85,deg,388.3494146923713,N
angle-force,25 kg gross; retuned k = 5.34 N/mm,65.9,deg,388.5826316020804,N
angle-force,25 kg gross; retuned k = 5.34 N/mm,65.95,deg,388.81584851178957,N
angle-force,25 kg gross; retuned k = 5.34 N/mm,66.0,deg,389.04906542149865,N
angle-force,25 kg gross; retuned k = 5.34 N/mm,66.05000000000001,deg,389.28228233120785,N
angle-force,25 kg gross; retuned k = 5.34 N/mm,66.1,deg,389.51549924091694,N
angle-force,25 kg gross; retuned k = 5.34 N/mm,66.15,deg,389.7487161506261,N
angle-force,25 kg gross; retuned k = 5.34 N/mm,66.2,deg,389.9819330603352,N
angle-force,25 kg gross; retuned k = 5.34 N/mm,66.25,deg,390.2151499700443,N
angle-force,25 kg gross; retuned k = 5.34 N/mm,66.30000000000001,deg,390.4483668797535,N
angle-force,25 kg gross; retuned k = 5.34 N/mm,66.35,deg,390.68158378946254,N
angle-force,25 kg gross; retuned k = 5.34 N/mm,66.4,deg,390.91480069917174,N
angle-force,25 kg gross; retuned k = 5.34 N/mm,66.45,deg,391.1480176088809,N
angle-force,25 kg gross; retuned k = 5.34 N/mm,66.5,deg,391.38123451858996,N
angle-force,25 kg gross; retuned k = 5.34 N/mm,66.55000000000001,deg,391.61445142829916,N
angle-force,25 kg gross; retuned k = 5.34 N/mm,66.6,deg,391.8476683380082,N
angle-force,25 kg gross; retuned k = 5.34 N/mm,66.65,deg,392.08088524771733,N
angle-force,25 kg gross; retuned k = 5.34 N/mm,66.7,deg,392.3141021574265,N
angle-force,25 kg gross; retuned k = 5.34 N/mm,66.75,deg,392.5473190671356,N
angle-force,25 kg gross; retuned k = 5.34 N/mm,66.80000000000001,deg,392.7805359768448,N
angle-force,25 kg gross; retuned k = 5.34 N/mm,66.85,deg,393.01375288655385,N
angle-force,25 kg gross; retuned k = 5.34 N/mm,66.9,deg,393.2469697962631,N
angle-force,25 kg gross; retuned k = 5.34 N/mm,66.95,deg,393.4801867059722,N
angle-force,25 kg gross; retuned k = 5.34 N/mm,67.0,deg,393.7134036156813,N
angle-force,25 kg gross; retuned k = 5.34 N/mm,67.05000000000001,deg,393.9466205253905,N
angle-force,25 kg gross; retuned k = 5.34 N/mm,67.1,deg,394.17983743509956,N
angle-force,25 kg gross; retuned k = 5.34 N/mm,67.15,deg,394.41305434480876,N
angle-force,25 kg gross; retuned k = 5.34 N/mm,67.2,deg,394.64627125451784,N
angle-force,25 kg gross; retuned k = 5.34 N/mm,67.25,deg,394.8794881642269,N
angle-force,25 kg gross; retuned k = 5.34 N/mm,67.30000000000001,deg,395.1127050739361,N
angle-force,25 kg gross; retuned k = 5.34 N/mm,67.35,deg,395.3459219836452,N
angle-force,25 kg gross; retuned k = 5.34 N/mm,67.4,deg,395.57913889335435,N
angle-force,25 kg gross; retuned k = 5.34 N/mm,67.45,deg,395.8123558030635,N
angle-force,25 kg gross; retuned k = 5.34 N/mm,67.5,deg,396.0455727127726,N
angle-force,25 kg gross; retuned k = 5.34 N/mm,67.55000000000001,deg,396.2787896224818,N
angle-force,25 kg gross; retuned k = 5.34 N/mm,67.6,deg,396.51200653219087,N
angle-force,25 kg gross; retuned k = 5.34 N/mm,67.65,deg,396.7452234419,N
angle-force,25 kg gross; retuned k = 5.34 N/mm,67.7,deg,396.97844035160915,N
angle-force,25 kg gross; retuned k = 5.34 N/mm,67.75,deg,397.21165726131824,N
angle-force,25 kg gross; retuned k = 5.34 N/mm,67.80000000000001,deg,397.44487417102744,N
angle-force,25 kg gross; retuned k = 5.34 N/mm,67.85,deg,397.67809108073646,N
angle-force,25 kg gross; retuned k = 5.34 N/mm,67.90000000000002,deg,397.9113079904457,N
angle-force,25 kg gross; retuned k = 5.34 N/mm,67.95,deg,398.1445249001548,N
angle-force,25 kg gross; retuned k = 5.34 N/mm,68.0,deg,398.37774180986395,N
angle-force,25 kg gross; retuned k = 5.34 N/mm,68.05000000000001,deg,398.6109587195731,N
angle-force,25 kg gross; retuned k = 5.34 N/mm,68.1,deg,398.8441756292822,N
angle-force,25 kg gross; retuned k = 5.34 N/mm,68.15,deg,399.0773925389914,N
angle-force,25 kg gross; retuned k = 5.34 N/mm,68.2,deg,399.31060944870046,N
angle-force,25 kg gross; retuned k = 5.34 N/mm,68.25,deg,399.54382635840955,N
angle-force,25 kg gross; retuned k = 5.34 N/mm,68.30000000000001,deg,399.77704326811875,N
angle-force,25 kg gross; retuned k = 5.34 N/mm,68.35,deg,400.01026017782783,N
angle-force,25 kg gross; retuned k = 5.34 N/mm,68.4,deg,400.24347708753703,N
angle-force,25 kg gross; retuned k = 5.34 N/mm,68.45,deg,400.4766939972461,N
angle-force,25 kg gross; retuned k = 5.34 N/mm,68.5,deg,400.7099109069552,N
angle-force,25 kg gross; retuned k = 5.34 N/mm,68.55000000000001,deg,400.9431278166644,N
angle-force,25 kg gross; retuned k = 5.34 N/mm,68.6,deg,401.1763447263735,N
angle-force,25 kg gross; retuned k = 5.34 N/mm,68.65,deg,401.4095616360827,N
angle-force,25 kg gross; retuned k = 5.34 N/mm,68.7,deg,401.64277854579177,N
angle-force,25 kg gross; retuned k = 5.34 N/mm,68.75,deg,401.87599545550086,N
angle-force,25 kg gross; retuned k = 5.34 N/mm,68.80000000000001,deg,402.10921236521006,N
angle-force,25 kg gross; retuned k = 5.34 N/mm,68.85,deg,402.34242927491914,N
angle-force,25 kg gross; retuned k = 5.34 N/mm,68.9,deg,402.5756461846283,N
angle-force,25 kg gross; retuned k = 5.34 N/mm,68.95,deg,402.8088630943374,N
angle-force,25 kg gross; retuned k = 5.34 N/mm,69.0,deg,403.0420800040465,N
angle-force,25 kg gross; retuned k = 5.34 N/mm,69.05000000000001,deg,403.27529691375577,N
angle-force,25 kg gross; retuned k = 5.34 N/mm,69.1,deg,403.5085138234648,N
angle-force,25 kg gross; retuned k = 5.34 N/mm,69.15,deg,403.741730733174,N
angle-force,25 kg gross; retuned k = 5.34 N/mm,69.2,deg,403.9749476428831,N
angle-force,25 kg gross; retuned k = 5.34 N/mm,69.25,deg,404.2081645525922,N
angle-force,25 kg gross; retuned k = 5.34 N/mm,69.30000000000001,deg,404.44138146230136,N
angle-force,25 kg gross; retuned k = 5.34 N/mm,69.35,deg,404.67459837201045,N
angle-force,25 kg gross; retuned k = 5.34 N/mm,69.4,deg,404.90781528171965,N
angle-force,25 kg gross; retuned k = 5.34 N/mm,69.45,deg,405.14103219142874,N
angle-force,25 kg gross; retuned k = 5.34 N/mm,69.5,deg,405.3742491011379,N
angle-force,25 kg gross; retuned k = 5.34 N/mm,69.55000000000001,deg,405.607466010847,N
angle-force,25 kg gross; retuned k = 5.34 N/mm,69.6,deg,405.8406829205561,N
angle-force,25 kg gross; retuned k = 5.34 N/mm,69.65,deg,406.0738998302653,N
angle-force,25 kg gross; retuned k = 5.34 N/mm,69.7,deg,406.3071167399744,N
angle-force,25 kg gross; retuned k = 5.34 N/mm,69.75,deg,406.5403336496835,N
angle-force,25 kg gross; retuned k = 5.34 N/mm,69.80000000000001,deg,406.7735505593927,N
angle-force,25 kg gross; retuned k = 5.34 N/mm,69.85,deg,407.00676746910176,N
angle-force,25 kg gross; retuned k = 5.34 N/mm,69.9,deg,407.23998437881096,N
angle-force,25 kg gross; retuned k = 5.34 N/mm,69.95,deg,407.47320128852004,N
angle-force,25 kg gross; retuned k = 5.34 N/mm,70.0,deg,407.70641819822913,N
angle-force,25 kg gross; retuned k = 5.34 N/mm,70.05000000000001,deg,407.93963510793833,N
angle-force,25 kg gross; retuned k = 5.34 N/mm,70.1,deg,408.1728520176474,N
angle-force,25 kg gross; retuned k = 5.34 N/mm,70.15000000000002,deg,408.4060689273566,N
angle-force,25 kg gross; retuned k = 5.34 N/mm,70.2,deg,408.63928583706576,N
angle-force,25 kg gross; retuned k = 5.34 N/mm,70.25,deg,408.8725027467749,N
angle-force,25 kg gross; retuned k = 5.34 N/mm,70.30000000000001,deg,409.10571965648404,N
angle-force,25 kg gross; retuned k = 5.34 N/mm,70.35,deg,409.33893656619307,N
angle-force,25 kg gross; retuned k = 5.34 N/mm,70.4,deg,409.57215347590227,N
angle-force,25 kg gross; retuned k = 5.34 N/mm,70.45,deg,409.80537038561135,N
angle-force,25 kg gross; retuned k = 5.34 N/mm,70.5,deg,410.0385872953205,N
angle-force,25 kg gross; retuned k = 5.34 N/mm,70.55000000000001,deg,410.2718042050297,N
angle-force,25 kg gross; retuned k = 5.34 N/mm,70.6,deg,410.5050211147387,N
angle-force,25 kg gross; retuned k = 5.34 N/mm,70.65,deg,410.7382380244479,N
angle-force,25 kg gross; retuned k = 5.34 N/mm,70.7,deg,410.971454934157,N
angle-force,25 kg gross; retuned k = 5.34 N/mm,70.75,deg,411.20467184386615,N
angle-force,25 kg gross; retuned k = 5.34 N/mm,70.80000000000001,deg,411.4378887535753,N
angle-force,25 kg gross; retuned k = 5.34 N/mm,70.85,deg,411.6711056632844,N
angle-force,25 kg gross; retuned k = 5.34 N/mm,70.9,deg,411.9043225729936,N
angle-force,25 kg gross; retuned k = 5.34 N/mm,70.95,deg,412.13753948270266,N
angle-force,25 kg gross; retuned k = 5.34 N/mm,71.0,deg,412.3707563924118,N
angle-force,25 kg gross; retuned k = 5.34 N/mm,71.05000000000001,deg,412.60397330212095,N
angle-force,25 kg gross; retuned k = 5.34 N/mm,71.1,deg,412.83719021183003,N
angle-force,25 kg gross; retuned k = 5.34 N/mm,71.15,deg,413.07040712153923,N
angle-force,25 kg gross; retuned k = 5.34 N/mm,71.2,deg,413.3036240312483,N
angle-force,25 kg gross; retuned k = 5.34 N/mm,71.25,deg,413.5368409409574,N
angle-force,25 kg gross; retuned k = 5.34 N/mm,71.30000000000001,deg,413.7700578506667,N
angle-force,25 kg gross; retuned k = 5.34 N/mm,71.35,deg,414.0032747603757,N
angle-force,25 kg gross; retuned k = 5.34 N/mm,71.4,deg,414.2364916700849,N
angle-force,25 kg gross; retuned k = 5.34 N/mm,71.45,deg,414.46970857979403,N
angle-force,25 kg gross; retuned k = 5.34 N/mm,71.5,deg,414.7029254895032,N
angle-force,25 kg gross; retuned k = 5.34 N/mm,71.55000000000001,deg,414.9361423992123,N
angle-force,25 kg gross; retuned k = 5.34 N/mm,71.6,deg,415.16935930892134,N
angle-force,25 kg gross; retuned k = 5.34 N/mm,71.65,deg,415.40257621863054,N
angle-force,25 kg gross; retuned k = 5.34 N/mm,71.7,deg,415.6357931283397,N
angle-force,25 kg gross; retuned k = 5.34 N/mm,71.75,deg,415.8690100380488,N
angle-force,25 kg gross; retuned k = 5.34 N/mm,71.80000000000001,deg,416.10222694775797,N
angle-force,25 kg gross; retuned k = 5.34 N/mm,71.85,deg,416.335443857467,N
angle-force,25 kg gross; retuned k = 5.34 N/mm,71.9,deg,416.5686607671762,N
angle-force,25 kg gross; retuned k = 5.34 N/mm,71.95,deg,416.8018776768853,N
angle-force,25 kg gross; retuned k = 5.34 N/mm,72.0,deg,417.0350945865944,N
angle-force,25 kg gross; retuned k = 5.34 N/mm,72.05000000000001,deg,417.26831149630357,N
angle-force,25 kg gross; retuned k = 5.34 N/mm,72.1,deg,417.50152840601265,N
angle-force,25 kg gross; retuned k = 5.34 N/mm,72.15,deg,417.73474531572185,N
angle-force,25 kg gross; retuned k = 5.34 N/mm,72.2,deg,417.96796222543094,N
angle-force,25 kg gross; retuned k = 5.34 N/mm,72.25,deg,418.2011791351401,N
angle-force,25 kg gross; retuned k = 5.34 N/mm,72.30000000000001,deg,418.4343960448492,N
angle-force,25 kg gross; retuned k = 5.34 N/mm,72.35,deg,418.6676129545583,N
angle-force,25 kg gross; retuned k = 5.34 N/mm,72.40000000000002,deg,418.9008298642675,N
angle-force,25 kg gross; retuned k = 5.34 N/mm,72.45,deg,419.1340467739767,N
angle-force,25 kg gross; retuned k = 5.34 N/mm,72.5,deg,419.3672636836858,N
angle-force,25 kg gross; retuned k = 5.34 N/mm,72.55000000000001,deg,419.600480593395,N
angle-force,25 kg gross; retuned k = 5.34 N/mm,72.6,deg,419.833697503104,N
angle-force,25 kg gross; retuned k = 5.34 N/mm,72.65,deg,420.06691441281316,N
angle-force,25 kg gross; retuned k = 5.34 N/mm,72.7,deg,420.3001313225223,N
angle-force,25 kg gross; retuned k = 5.34 N/mm,72.75,deg,420.53334823223145,N
angle-force,25 kg gross; retuned k = 5.34 N/mm,72.80000000000001,deg,420.7665651419406,N
angle-force,25 kg gross; retuned k = 5.34 N/mm,72.85,deg,420.9997820516496,N
angle-force,25 kg gross; retuned k = 5.34 N/mm,72.9,deg,421.2329989613588,N
angle-force,25 kg gross; retuned k = 5.34 N/mm,72.95,deg,421.46621587106796,N
angle-force,25 kg gross; retuned k = 5.34 N/mm,73.0,deg,421.6994327807771,N
angle-force,25 kg gross; retuned k = 5.34 N/mm,73.05000000000001,deg,421.93264969048624,N
angle-force,25 kg gross; retuned k = 5.34 N/mm,73.1,deg,422.1658666001953,N
angle-force,25 kg gross; retuned k = 5.34 N/mm,73.15,deg,422.3990835099045,N
angle-force,25 kg gross; retuned k = 5.34 N/mm,73.2,deg,422.63230041961356,N
angle-force,25 kg gross; retuned k = 5.34 N/mm,73.25,deg,422.86551732932276,N
angle-force,25 kg gross; retuned k = 5.34 N/mm,73.30000000000001,deg,423.0987342390319,N
angle-force,25 kg gross; retuned k = 5.34 N/mm,73.35,deg,423.3319511487409,N
angle-force,25 kg gross; retuned k = 5.34 N/mm,73.4,deg,423.5651680584501,N
angle-force,25 kg gross; retuned k = 5.34 N/mm,73.45,deg,423.7983849681592,N
angle-force,25 kg gross; retuned k = 5.34 N/mm,73.5,deg,424.03160187786835,N
angle-force,25 kg gross; retuned k = 5.34 N/mm,73.55000000000001,deg,424.2648187875776,N
angle-force,25 kg gross; retuned k = 5.34 N/mm,73.60000000000001,deg,424.49803569728664,N
angle-force,25 kg gross; retuned k = 5.34 N/mm,73.65,deg,424.73125260699584,N
angle-force,25 kg gross; retuned k = 5.34 N/mm,73.7,deg,424.964469516705,N
angle-force,25 kg gross; retuned k = 5.34 N/mm,73.75,deg,425.19768642641407,N
angle-force,25 kg gross; retuned k = 5.34 N/mm,73.80000000000001,deg,425.43090333612327,N
angle-force,25 kg gross; retuned k = 5.34 N/mm,73.85,deg,425.6641202458323,N
angle-force,25 kg gross; retuned k = 5.34 N/mm,73.9,deg,425.89733715554144,N
angle-force,25 kg gross; retuned k = 5.34 N/mm,73.95,deg,426.1305540652506,N
angle-force,25 kg gross; retuned k = 5.34 N/mm,74.0,deg,426.3637709749597,N
angle-force,25 kg gross; retuned k = 5.34 N/mm,74.05000000000001,deg,426.5969878846689,N
angle-force,25 kg gross; retuned k = 5.34 N/mm,74.1,deg,426.83020479437795,N
angle-force,25 kg gross; retuned k = 5.34 N/mm,74.15,deg,427.0634217040871,N
angle-force,25 kg gross; retuned k = 5.34 N/mm,74.2,deg,427.29663861379623,N
angle-force,25 kg gross; retuned k = 5.34 N/mm,74.25,deg,427.5298555235054,N
angle-force,25 kg gross; retuned k = 5.34 N/mm,74.30000000000001,deg,427.7630724332145,N
angle-force,25 kg gross; retuned k = 5.34 N/mm,74.35,deg,427.99628934292355,N
angle-force,25 kg gross; retuned k = 5.34 N/mm,74.4,deg,428.22950625263275,N
angle-force,25 kg gross; retuned k = 5.34 N/mm,74.45,deg,428.4627231623419,N
angle-force,25 kg gross; retuned k = 5.34 N/mm,74.5,deg,428.69594007205103,N
angle-force,25 kg gross; retuned k = 5.34 N/mm,74.55000000000001,deg,428.9291569817602,N
angle-force,25 kg gross; retuned k = 5.34 N/mm,74.6,deg,429.1623738914692,N
angle-force,25 kg gross; retuned k = 5.34 N/mm,74.65000000000002,deg,429.39559080117846,N
angle-force,25 kg gross; retuned k = 5.34 N/mm,74.7,deg,429.6288077108876,N
angle-force,25 kg gross; retuned k = 5.34 N/mm,74.75,deg,429.8620246205967,N
angle-force,25 kg gross; retuned k = 5.34 N/mm,74.80000000000001,deg,430.0952415303059,N
angle-force,25 kg gross; retuned k = 5.34 N/mm,74.85,deg,430.32845844001497,N
angle-force,25 kg gross; retuned k = 5.34 N/mm,74.9,deg,430.5616753497241,N
angle-force,25 kg gross; retuned k = 5.34 N/mm,74.95,deg,430.79489225943325,N
angle-force,25 kg gross; retuned k = 5.34 N/mm,75.0,deg,431.02810916914234,N
angle-force,32.5 kg gross; retuned k = 7.35 N/mm,25.0,deg,271.9903992575148,N
angle-force,32.5 kg gross; retuned k = 7.35 N/mm,25.05,deg,272.3110725083649,N
angle-force,32.5 kg gross; retuned k = 7.35 N/mm,25.1,deg,272.63174575921494,N
angle-force,32.5 kg gross; retuned k = 7.35 N/mm,25.150000000000002,deg,272.952419010065,N
angle-force,32.5 kg gross; retuned k = 7.35 N/mm,25.2,deg,273.273092260915,N
angle-force,32.5 kg gross; retuned k = 7.35 N/mm,25.25,deg,273.59376551176507,N
angle-force,32.5 kg gross; retuned k = 7.35 N/mm,25.3,deg,273.91443876261513,N
angle-force,32.5 kg gross; retuned k = 7.35 N/mm,25.35,deg,274.2351120134652,N
angle-force,32.5 kg gross; retuned k = 7.35 N/mm,25.4,deg,274.55578526431526,N
angle-force,32.5 kg gross; retuned k = 7.35 N/mm,25.45,deg,274.8764585151653,N
angle-force,32.5 kg gross; retuned k = 7.35 N/mm,25.5,deg,275.1971317660154,N
angle-force,32.5 kg gross; retuned k = 7.35 N/mm,25.55,deg,275.51780501686545,N
angle-force,32.5 kg gross; retuned k = 7.35 N/mm,25.6,deg,275.83847826771546,N
angle-force,32.5 kg gross; retuned k = 7.35 N/mm,25.65,deg,276.1591515185655,N
angle-force,32.5 kg gross; retuned k = 7.35 N/mm,25.700000000000003,deg,276.4798247694156,N
angle-force,32.5 kg gross; retuned k = 7.35 N/mm,25.75,deg,276.80049802026565,N
angle-force,32.5 kg gross; retuned k = 7.35 N/mm,25.8,deg,277.1211712711157,N
angle-force,32.5 kg gross; retuned k = 7.35 N/mm,25.85,deg,277.4418445219658,N
angle-force,32.5 kg gross; retuned k = 7.35 N/mm,25.9,deg,277.7625177728158,N
angle-force,32.5 kg gross; retuned k = 7.35 N/mm,25.95,deg,278.08319102366585,N
angle-force,32.5 kg gross; retuned k = 7.35 N/mm,26.0,deg,278.4038642745159,N
angle-force,32.5 kg gross; retuned k = 7.35 N/mm,26.05,deg,278.724537525366,N
angle-force,32.5 kg gross; retuned k = 7.35 N/mm,26.1,deg,279.04521077621604,N
angle-force,32.5 kg gross; retuned k = 7.35 N/mm,26.15,deg,279.3658840270661,N
angle-force,32.5 kg gross; retuned k = 7.35 N/mm,26.2,deg,279.68655727791617,N
angle-force,32.5 kg gross; retuned k = 7.35 N/mm,26.250000000000004,deg,280.00723052876623,N
angle-force,32.5 kg gross; retuned k = 7.35 N/mm,26.3,deg,280.3279037796163,N
angle-force,32.5 kg gross; retuned k = 7.35 N/mm,26.35,deg,280.64857703046636,N
angle-force,32.5 kg gross; retuned k = 7.35 N/mm,26.4,deg,280.96925028131636,N
angle-force,32.5 kg gross; retuned k = 7.35 N/mm,26.45,deg,281.2899235321664,N
angle-force,32.5 kg gross; retuned k = 7.35 N/mm,26.5,deg,281.6105967830165,N
angle-force,32.5 kg gross; retuned k = 7.35 N/mm,26.55,deg,281.93127003386655,N
angle-force,32.5 kg gross; retuned k = 7.35 N/mm,26.6,deg,282.2519432847166,N
angle-force,32.5 kg gross; retuned k = 7.35 N/mm,26.65,deg,282.5726165355666,N
angle-force,32.5 kg gross; retuned k = 7.35 N/mm,26.7,deg,282.8932897864167,N
angle-force,32.5 kg gross; retuned k = 7.35 N/mm,26.75,deg,283.21396303726675,N
angle-force,32.5 kg gross; retuned k = 7.35 N/mm,26.8,deg,283.5346362881168,N
angle-force,32.5 kg gross; retuned k = 7.35 N/mm,26.85,deg,283.8553095389669,N
angle-force,32.5 kg gross; retuned k = 7.35 N/mm,26.9,deg,284.17598278981694,N
angle-force,32.5 kg gross; retuned k = 7.35 N/mm,26.95,deg,284.496656040667,N
angle-force,32.5 kg gross; retuned k = 7.35 N/mm,27.0,deg,284.81732929151707,N
angle-force,32.5 kg gross; retuned k = 7.35 N/mm,27.05,deg,285.1380025423671,N
angle-force,32.5 kg gross; retuned k = 7.35 N/mm,27.100000000000005,deg,285.4586757932172,N
angle-force,32.5 kg gross; retuned k = 7.35 N/mm,27.15,deg,285.7793490440672,N
angle-force,32.5 kg gross; retuned k = 7.35 N/mm,27.2,deg,286.10002229491727,N
angle-force,32.5 kg gross; retuned k = 7.35 N/mm,27.25,deg,286.42069554576733,N
angle-force,32.5 kg gross; retuned k = 7.35 N/mm,27.3,deg,286.7413687966174,N
angle-force,32.5 kg gross; retuned k = 7.35 N/mm,27.35,deg,287.06204204746746,N
angle-force,32.5 kg gross; retuned k = 7.35 N/mm,27.400000000000002,deg,287.3827152983175,N
angle-force,32.5 kg gross; retuned k = 7.35 N/mm,27.45,deg,287.7033885491675,N
angle-force,32.5 kg gross; retuned k = 7.35 N/mm,27.5,deg,288.0240618000176,N
angle-force,32.5 kg gross; retuned k = 7.35 N/mm,27.55,deg,288.34473505086765,N
angle-force,32.5 kg gross; retuned k = 7.35 N/mm,27.6,deg,288.6654083017177,N
angle-force,32.5 kg gross; retuned k = 7.35 N/mm,27.65,deg,288.9860815525677,N
angle-force,32.5 kg gross; retuned k = 7.35 N/mm,27.7,deg,289.30675480341785,N
angle-force,32.5 kg gross; retuned k = 7.35 N/mm,27.75,deg,289.6274280542679,N
angle-force,32.5 kg gross; retuned k = 7.35 N/mm,27.8,deg,289.9481013051179,N
angle-force,32.5 kg gross; retuned k = 7.35 N/mm,27.85,deg,290.268774555968,N
angle-force,32.5 kg gross; retuned k = 7.35 N/mm,27.9,deg,290.58944780681804,N
angle-force,32.5 kg gross; retuned k = 7.35 N/mm,27.950000000000003,deg,290.9101210576681,N
angle-force,32.5 kg gross; retuned k = 7.35 N/mm,28.0,deg,291.23079430851817,N
angle-force,32.5 kg gross; retuned k = 7.35 N/mm,28.05,deg,291.55146755936823,N
angle-force,32.5 kg gross; retuned k = 7.35 N/mm,28.1,deg,291.8721408102183,N
angle-force,32.5 kg gross; retuned k = 7.35 N/mm,28.15,deg,292.1928140610683,N
angle-force,32.5 kg gross; retuned k = 7.35 N/mm,28.2,deg,292.51348731191837,N
angle-force,32.5 kg gross; retuned k = 7.35 N/mm,28.25,deg,292.83416056276843,N
angle-force,32.5 kg gross; retuned k = 7.35 N/mm,28.3,deg,293.1548338136185,N
angle-force,32.5 kg gross; retuned k = 7.35 N/mm,28.35,deg,293.47550706446856,N
angle-force,32.5 kg gross; retuned k = 7.35 N/mm,28.4,deg,293.7961803153186,N
angle-force,32.5 kg gross; retuned k = 7.35 N/mm,28.45,deg,294.11685356616863,N
angle-force,32.5 kg gross; retuned k = 7.35 N/mm,28.500000000000004,deg,294.43752681701875,N
angle-force,32.5 kg gross; retuned k = 7.35 N/mm,28.55,deg,294.7582000678688,N
angle-force,32.5 kg gross; retuned k = 7.35 N/mm,28.6,deg,295.0788733187188,N
angle-force,32.5 kg gross; retuned k = 7.35 N/mm,28.65,deg,295.3995465695689,N
angle-force,32.5 kg gross; retuned k = 7.35 N/mm,28.700000000000003,deg,295.72021982041895,N
angle-force,32.5 kg gross; retuned k = 7.35 N/mm,28.75,deg,296.040893071269,N
angle-force,32.5 kg gross; retuned k = 7.35 N/mm,28.8,deg,296.3615663221191,N
angle-force,32.5 kg gross; retuned k = 7.35 N/mm,28.849999999999998,deg,296.6822395729691,N
angle-force,32.5 kg gross; retuned k = 7.35 N/mm,28.899999999999995,deg,297.00291282381914,N
angle-force,32.5 kg gross; retuned k = 7.35 N/mm,28.95,deg,297.3235860746692,N
angle-force,32.5 kg gross; retuned k = 7.35 N/mm,29.000000000000004,deg,297.6442593255193,N
angle-force,32.5 kg gross; retuned k = 7.35 N/mm,29.05,deg,297.96493257636934,N
angle-force,32.5 kg gross; retuned k = 7.35 N/mm,29.1,deg,298.2856058272194,N
angle-force,32.5 kg gross; retuned k = 7.35 N/mm,29.15,deg,298.60627907806946,N
angle-force,32.5 kg gross; retuned k = 7.35 N/mm,29.200000000000003,deg,298.9269523289195,N
angle-force,32.5 kg gross; retuned k = 7.35 N/mm,29.25,deg,299.24762557976953,N
angle-force,32.5 kg gross; retuned k = 7.35 N/mm,29.300000000000004,deg,299.56829883061965,N
angle-force,32.5 kg gross; retuned k = 7.35 N/mm,29.35,deg,299.88897208146966,N
angle-force,32.5 kg gross; retuned k = 7.35 N/mm,29.4,deg,300.2096453323197,N
angle-force,32.5 kg gross; retuned k = 7.35 N/mm,29.45,deg,300.5303185831698,N
angle-force,32.5 kg gross; retuned k = 7.35 N/mm,29.500000000000004,deg,300.85099183401985,N
angle-force,32.5 kg gross; retuned k = 7.35 N/mm,29.55,deg,301.1716650848699,N
angle-force,32.5 kg gross; retuned k = 7.35 N/mm,29.600000000000005,deg,301.49233833572,N
angle-force,32.5 kg gross; retuned k = 7.35 N/mm,29.650000000000002,deg,301.81301158657,N
angle-force,32.5 kg gross; retuned k = 7.35 N/mm,29.699999999999996,deg,302.13368483742005,N
angle-force,32.5 kg gross; retuned k = 7.35 N/mm,29.75,deg,302.4543580882701,N
angle-force,32.5 kg gross; retuned k = 7.35 N/mm,29.800000000000004,deg,302.7750313391202,N
angle-force,32.5 kg gross; retuned k = 7.35 N/mm,29.85,deg,303.09570458997024,N
angle-force,32.5 kg gross; retuned k = 7.35 N/mm,29.9,deg,303.41637784082025,N
angle-force,32.5 kg gross; retuned k = 7.35 N/mm,29.95,deg,303.73705109167037,N
angle-force,32.5 kg gross; retuned k = 7.35 N/mm,29.999999999999996,deg,304.0577243425204,N
angle-force,32.5 kg gross; retuned k = 7.35 N/mm,30.05,deg,304.37839759337044,N
angle-force,32.5 kg gross; retuned k = 7.35 N/mm,30.100000000000005,deg,304.69907084422056,N
angle-force,32.5 kg gross; retuned k = 7.35 N/mm,30.150000000000002,deg,305.01974409507056,N
angle-force,32.5 kg gross; retuned k = 7.35 N/mm,30.2,deg,305.3404173459206,N
angle-force,32.5 kg gross; retuned k = 7.35 N/mm,30.25,deg,305.6610905967707,N
angle-force,32.5 kg gross; retuned k = 7.35 N/mm,30.299999999999997,deg,305.9817638476207,N
angle-force,32.5 kg gross; retuned k = 7.35 N/mm,30.35,deg,306.3024370984708,N
angle-force,32.5 kg gross; retuned k = 7.35 N/mm,30.4,deg,306.6231103493208,N
angle-force,32.5 kg gross; retuned k = 7.35 N/mm,30.450000000000003,deg,306.9437836001709,N
angle-force,32.5 kg gross; retuned k = 7.35 N/mm,30.5,deg,307.26445685102095,N
angle-force,32.5 kg gross; retuned k = 7.35 N/mm,30.55,deg,307.585130101871,N
angle-force,32.5 kg gross; retuned k = 7.35 N/mm,30.600000000000005,deg,307.9058033527211,N
angle-force,32.5 kg gross; retuned k = 7.35 N/mm,30.650000000000002,deg,308.22647660357114,N
angle-force,32.5 kg gross; retuned k = 7.35 N/mm,30.7,deg,308.54714985442115,N
angle-force,32.5 kg gross; retuned k = 7.35 N/mm,30.750000000000004,deg,308.8678231052712,N
angle-force,32.5 kg gross; retuned k = 7.35 N/mm,30.799999999999997,deg,309.1884963561213,N
angle-force,32.5 kg gross; retuned k = 7.35 N/mm,30.85,deg,309.50916960697134,N
angle-force,32.5 kg gross; retuned k = 7.35 N/mm,30.9,deg,309.8298428578214,N
angle-force,32.5 kg gross; retuned k = 7.35 N/mm,30.950000000000003,deg,310.15051610867147,N
angle-force,32.5 kg gross; retuned k = 7.35 N/mm,31.0,deg,310.47118935952153,N
angle-force,32.5 kg gross; retuned k = 7.35 N/mm,31.05,deg,310.7918626103716,N
angle-force,32.5 kg gross; retuned k = 7.35 N/mm,31.099999999999998,deg,311.1125358612216,N
angle-force,32.5 kg gross; retuned k = 7.35 N/mm,31.149999999999995,deg,311.43320911207167,N
angle-force,32.5 kg gross; retuned k = 7.35 N/mm,31.2,deg,311.75388236292173,N
angle-force,32.5 kg gross; retuned k = 7.35 N/mm,31.250000000000004,deg,312.0745556137718,N
angle-force,32.5 kg gross; retuned k = 7.35 N/mm,31.3,deg,312.39522886462186,N
angle-force,32.5 kg gross; retuned k = 7.35 N/mm,31.35,deg,312.7159021154719,N
angle-force,32.5 kg gross; retuned k = 7.35 N/mm,31.4,deg,313.0365753663219,N
angle-force,32.5 kg gross; retuned k = 7.35 N/mm,31.450000000000003,deg,313.35724861717205,N
angle-force,32.5 kg gross; retuned k = 7.35 N/mm,31.5,deg,313.67792186802205,N
angle-force,32.5 kg gross; retuned k = 7.35 N/mm,31.550000000000004,deg,313.9985951188721,N
angle-force,32.5 kg gross; retuned k = 7.35 N/mm,31.6,deg,314.3192683697222,N
angle-force,32.5 kg gross; retuned k = 7.35 N/mm,31.65,deg,314.63994162057224,N
angle-force,32.5 kg gross; retuned k = 7.35 N/mm,31.7,deg,314.9606148714223,N
angle-force,32.5 kg gross; retuned k = 7.35 N/mm,31.750000000000004,deg,315.2812881222724,N
angle-force,32.5 kg gross; retuned k = 7.35 N/mm,31.8,deg,315.60196137312244,N
angle-force,32.5 kg gross; retuned k = 7.35 N/mm,31.850000000000005,deg,315.9226346239725,N
angle-force,32.5 kg gross; retuned k = 7.35 N/mm,31.900000000000002,deg,316.2433078748225,N
angle-force,32.5 kg gross; retuned k = 7.35 N/mm,31.949999999999996,deg,316.56398112567257,N
angle-force,32.5 kg gross; retuned k = 7.35 N/mm,32.0,deg,316.88465437652263,N
angle-force,32.5 kg gross; retuned k = 7.35 N/mm,32.05,deg,317.20532762737264,N
angle-force,32.5 kg gross; retuned k = 7.35 N/mm,32.1,deg,317.52600087822276,N
angle-force,32.5 kg gross; retuned k = 7.35 N/mm,32.15,deg,317.84667412907277,N
angle-force,32.5 kg gross; retuned k = 7.35 N/mm,32.2,deg,318.16734737992283,N
angle-force,32.5 kg gross; retuned k = 7.35 N/mm,32.25,deg,318.4880206307729,N
angle-force,32.5 kg gross; retuned k = 7.35 N/mm,32.3,deg,318.80869388162296,N
angle-force,32.5 kg gross; retuned k = 7.35 N/mm,32.35,deg,319.129367132473,N
angle-force,32.5 kg gross; retuned k = 7.35 N/mm,32.4,deg,319.4500403833231,N
angle-force,32.5 kg gross; retuned k = 7.35 N/mm,32.45,deg,319.77071363417315,N
angle-force,32.5 kg gross; retuned k = 7.35 N/mm,32.5,deg,320.0913868850232,N
angle-force,32.5 kg gross; retuned k = 7.35 N/mm,32.55,deg,320.4120601358732,N
angle-force,32.5 kg gross; retuned k = 7.35 N/mm,32.6,deg,320.73273338672334,N
angle-force,32.5 kg gross; retuned k = 7.35 N/mm,32.65,deg,321.05340663757335,N
angle-force,32.5 kg gross; retuned k = 7.35 N/mm,32.7,deg,321.3740798884234,N
angle-force,32.5 kg gross; retuned k = 7.35 N/mm,32.75,deg,321.6947531392735,N
angle-force,32.5 kg gross; retuned k = 7.35 N/mm,32.8,deg,322.0154263901235,N
angle-force,32.5 kg gross; retuned k = 7.35 N/mm,32.85,deg,322.3360996409736,N
angle-force,32.5 kg gross; retuned k = 7.35 N/mm,32.9,deg,322.65677289182366,N
angle-force,32.5 kg gross; retuned k = 7.35 N/mm,32.95,deg,322.9774461426737,N
angle-force,32.5 kg gross; retuned k = 7.35 N/mm,33.0,deg,323.29811939352373,N
angle-force,32.5 kg gross; retuned k = 7.35 N/mm,33.05,deg,323.6187926443738,N
angle-force,32.5 kg gross; retuned k = 7.35 N/mm,33.1,deg,323.93946589522386,N
angle-force,32.5 kg gross; retuned k = 7.35 N/mm,33.15,deg,324.2601391460739,N
angle-force,32.5 kg gross; retuned k = 7.35 N/mm,33.2,deg,324.580812396924,N
angle-force,32.5 kg gross; retuned k = 7.35 N/mm,33.25,deg,324.901485647774,N
angle-force,32.5 kg gross; retuned k = 7.35 N/mm,33.3,deg,325.22215889862406,N
angle-force,32.5 kg gross; retuned k = 7.35 N/mm,33.35,deg,325.5428321494741,N
angle-force,32.5 kg gross; retuned k = 7.35 N/mm,33.4,deg,325.8635054003242,N
angle-force,32.5 kg gross; retuned k = 7.35 N/mm,33.45,deg,326.1841786511743,N
angle-force,32.5 kg gross; retuned k = 7.35 N/mm,33.5,deg,326.5048519020243,N
angle-force,32.5 kg gross; retuned k = 7.35 N/mm,33.55,deg,326.8255251528744,N
angle-force,32.5 kg gross; retuned k = 7.35 N/mm,33.6,deg,327.14619840372444,N
angle-force,32.5 kg gross; retuned k = 7.35 N/mm,33.65,deg,327.46687165457445,N
angle-force,32.5 kg gross; retuned k = 7.35 N/mm,33.7,deg,327.78754490542457,N
angle-force,32.5 kg gross; retuned k = 7.35 N/mm,33.75,deg,328.1082181562746,N
angle-force,32.5 kg gross; retuned k = 7.35 N/mm,33.8,deg,328.42889140712464,N
angle-force,32.5 kg gross; retuned k = 7.35 N/mm,33.85,deg,328.7495646579747,N
angle-force,32.5 kg gross; retuned k = 7.35 N/mm,33.9,deg,329.0702379088247,N
angle-force,32.5 kg gross; retuned k = 7.35 N/mm,33.95000000000001,deg,329.39091115967483,N
angle-force,32.5 kg gross; retuned k = 7.35 N/mm,34.0,deg,329.7115844105249,N
angle-force,32.5 kg gross; retuned k = 7.35 N/mm,34.05,deg,330.0322576613749,N
angle-force,32.5 kg gross; retuned k = 7.35 N/mm,34.1,deg,330.352930912225,N
angle-force,32.5 kg gross; retuned k = 7.35 N/mm,34.15,deg,330.673604163075,N
angle-force,32.5 kg gross; retuned k = 7.35 N/mm,34.2,deg,330.9942774139251,N
angle-force,32.5 kg gross; retuned k = 7.35 N/mm,34.25,deg,331.31495066477515,N
angle-force,32.5 kg gross; retuned k = 7.35 N/mm,34.3,deg,331.63562391562516,N
angle-force,32.5 kg gross; retuned k = 7.35 N/mm,34.35,deg,331.9562971664753,N
angle-force,32.5 kg gross; retuned k = 7.35 N/mm,34.4,deg,332.2769704173253,N
angle-force,32.5 kg gross; retuned k = 7.35 N/mm,34.45,deg,332.59764366817535,N
angle-force,32.5 kg gross; retuned k = 7.35 N/mm,34.5,deg,332.9183169190254,N
angle-force,32.5 kg gross; retuned k = 7.35 N/mm,34.55,deg,333.2389901698754,N
angle-force,32.5 kg gross; retuned k = 7.35 N/mm,34.6,deg,333.55966342072554,N
angle-force,32.5 kg gross; retuned k = 7.35 N/mm,34.65,deg,333.8803366715756,N
angle-force,32.5 kg gross; retuned k = 7.35 N/mm,34.7,deg,334.20100992242567,N
angle-force,32.5 kg gross; retuned k = 7.35 N/mm,34.75,deg,334.52168317327573,N
angle-force,32.5 kg gross; retuned k = 7.35 N/mm,34.8,deg,334.84235642412574,N
angle-force,32.5 kg gross; retuned k = 7.35 N/mm,34.85,deg,335.1630296749758,N
angle-force,32.5 kg gross; retuned k = 7.35 N/mm,34.9,deg,335.48370292582587,N
angle-force,32.5 kg gross; retuned k = 7.35 N/mm,34.95,deg,335.80437617667593,N
angle-force,32.5 kg gross; retuned k = 7.35 N/mm,35.0,deg,336.12504942752594,N
angle-force,32.5 kg gross; retuned k = 7.35 N/mm,35.05,deg,336.445722678376,N
angle-force,32.5 kg gross; retuned k = 7.35 N/mm,35.1,deg,336.7663959292261,N
angle-force,32.5 kg gross; retuned k = 7.35 N/mm,35.15,deg,337.0870691800761,N
angle-force,32.5 kg gross; retuned k = 7.35 N/mm,35.2,deg,337.40774243092625,N
angle-force,32.5 kg gross; retuned k = 7.35 N/mm,35.25,deg,337.72841568177626,N
angle-force,32.5 kg gross; retuned k = 7.35 N/mm,35.3,deg,338.0490889326263,N
angle-force,32.5 kg gross; retuned k = 7.35 N/mm,35.35,deg,338.3697621834764,N
angle-force,32.5 kg gross; retuned k = 7.35 N/mm,35.4,deg,338.69043543432645,N
angle-force,32.5 kg gross; retuned k = 7.35 N/mm,35.45,deg,339.0111086851765,N
angle-force,32.5 kg gross; retuned k = 7.35 N/mm,35.5,deg,339.3317819360265,N
angle-force,32.5 kg gross; retuned k = 7.35 N/mm,35.55,deg,339.6524551868766,N
angle-force,32.5 kg gross; retuned k = 7.35 N/mm,35.6,deg,339.97312843772664,N
angle-force,32.5 kg gross; retuned k = 7.35 N/mm,35.65,deg,340.29380168857665,N
angle-force,32.5 kg gross; retuned k = 7.35 N/mm,35.7,deg,340.6144749394268,N
angle-force,32.5 kg gross; retuned k = 7.35 N/mm,35.75,deg,340.93514819027683,N
angle-force,32.5 kg gross; retuned k = 7.35 N/mm,35.8,deg,341.25582144112684,N
angle-force,32.5 kg gross; retuned k = 7.35 N/mm,35.85,deg,341.57649469197696,N
angle-force,32.5 kg gross; retuned k = 7.35 N/mm,35.9,deg,341.89716794282697,N
angle-force,32.5 kg gross; retuned k = 7.35 N/mm,35.95,deg,342.21784119367703,N
angle-force,32.5 kg gross; retuned k = 7.35 N/mm,36.0,deg,342.5385144445271,N
angle-force,32.5 kg gross; retuned k = 7.35 N/mm,36.05,deg,342.85918769537716,N
angle-force,32.5 kg gross; retuned k = 7.35 N/mm,36.1,deg,343.1798609462272,N
angle-force,32.5 kg gross; retuned k = 7.35 N/mm,36.15,deg,343.50053419707723,N
angle-force,32.5 kg gross; retuned k = 7.35 N/mm,36.20000000000001,deg,343.82120744792735,N
angle-force,32.5 kg gross; retuned k = 7.35 N/mm,36.25,deg,344.1418806987774,N
angle-force,32.5 kg gross; retuned k = 7.35 N/mm,36.3,deg,344.4625539496274,N
angle-force,32.5 kg gross; retuned k = 7.35 N/mm,36.35,deg,344.78322720047754,N
angle-force,32.5 kg gross; retuned k = 7.35 N/mm,36.4,deg,345.10390045132755,N
angle-force,32.5 kg gross; retuned k = 7.35 N/mm,36.45,deg,345.4245737021776,N
angle-force,32.5 kg gross; retuned k = 7.35 N/mm,36.5,deg,345.7452469530277,N
angle-force,32.5 kg gross; retuned k = 7.35 N/mm,36.55,deg,346.0659202038777,N
angle-force,32.5 kg gross; retuned k = 7.35 N/mm,36.6,deg,346.38659345472774,N
angle-force,32.5 kg gross; retuned k = 7.35 N/mm,36.65,deg,346.7072667055778,N
angle-force,32.5 kg gross; retuned k = 7.35 N/mm,36.7,deg,347.0279399564279,N
angle-force,32.5 kg gross; retuned k = 7.35 N/mm,36.75,deg,347.34861320727794,N
angle-force,32.5 kg gross; retuned k = 7.35 N/mm,36.800000000000004,deg,347.669286458128,N
angle-force,32.5 kg gross; retuned k = 7.35 N/mm,36.85,deg,347.98995970897806,N
angle-force,32.5 kg gross; retuned k = 7.35 N/mm,36.9,deg,348.3106329598281,N
angle-force,32.5 kg gross; retuned k = 7.35 N/mm,36.95,deg,348.6313062106782,N
angle-force,32.5 kg gross; retuned k = 7.35 N/mm,37.0,deg,348.95197946152825,N
angle-force,32.5 kg gross; retuned k = 7.35 N/mm,37.05,deg,349.27265271237826,N
angle-force,32.5 kg gross; retuned k = 7.35 N/mm,37.1,deg,349.5933259632283,N
angle-force,32.5 kg gross; retuned k = 7.35 N/mm,37.15,deg,349.9139992140784,N
angle-force,32.5 kg gross; retuned k = 7.35 N/mm,37.2,deg,350.23467246492845,N
angle-force,32.5 kg gross; retuned k = 7.35 N/mm,37.25,deg,350.55534571577846,N
angle-force,32.5 kg gross; retuned k = 7.35 N/mm,37.3,deg,350.8760189666285,N
angle-force,32.5 kg gross; retuned k = 7.35 N/mm,37.35,deg,351.19669221747864,N
angle-force,32.5 kg gross; retuned k = 7.35 N/mm,37.4,deg,351.51736546832865,N
angle-force,32.5 kg gross; retuned k = 7.35 N/mm,37.45,deg,351.83803871917877,N
angle-force,32.5 kg gross; retuned k = 7.35 N/mm,37.5,deg,352.1587119700288,N
angle-force,32.5 kg gross; retuned k = 7.35 N/mm,37.55,deg,352.47938522087884,N
angle-force,32.5 kg gross; retuned k = 7.35 N/mm,37.6,deg,352.8000584717289,N
angle-force,32.5 kg gross; retuned k = 7.35 N/mm,37.65,deg,353.12073172257897,N
angle-force,32.5 kg gross; retuned k = 7.35 N/mm,37.7,deg,353.44140497342903,N
angle-force,32.5 kg gross; retuned k = 7.35 N/mm,37.75,deg,353.76207822427904,N
angle-force,32.5 kg gross; retuned k = 7.35 N/mm,37.8,deg,354.0827514751291,N
angle-force,32.5 kg gross; retuned k = 7.35 N/mm,37.85,deg,354.40342472597916,N
angle-force,32.5 kg gross; retuned k = 7.35 N/mm,37.9,deg,354.72409797682917,N
angle-force,32.5 kg gross; retuned k = 7.35 N/mm,37.95,deg,355.04477122767935,N
angle-force,32.5 kg gross; retuned k = 7.35 N/mm,38.0,deg,355.36544447852935,N
angle-force,32.5 kg gross; retuned k = 7.35 N/mm,38.05,deg,355.68611772937936,N
angle-force,32.5 kg gross; retuned k = 7.35 N/mm,38.1,deg,356.0067909802295,N
angle-force,32.5 kg gross; retuned k = 7.35 N/mm,38.15,deg,356.3274642310795,N
angle-force,32.5 kg gross; retuned k = 7.35 N/mm,38.2,deg,356.64813748192955,N
angle-force,32.5 kg gross; retuned k = 7.35 N/mm,38.25,deg,356.9688107327796,N
angle-force,32.5 kg gross; retuned k = 7.35 N/mm,38.3,deg,357.2894839836297,N
angle-force,32.5 kg gross; retuned k = 7.35 N/mm,38.35,deg,357.61015723447974,N
angle-force,32.5 kg gross; retuned k = 7.35 N/mm,38.4,deg,357.93083048532975,N
angle-force,32.5 kg gross; retuned k = 7.35 N/mm,38.45000000000001,deg,358.25150373617987,N
angle-force,32.5 kg gross; retuned k = 7.35 N/mm,38.5,deg,358.57217698702993,N
angle-force,32.5 kg gross; retuned k = 7.35 N/mm,38.55,deg,358.89285023787994,N
angle-force,32.5 kg gross; retuned k = 7.35 N/mm,38.6,deg,359.21352348873006,N
angle-force,32.5 kg gross; retuned k = 7.35 N/mm,38.65,deg,359.53419673958007,N
angle-force,32.5 kg gross; retuned k = 7.35 N/mm,38.7,deg,359.85486999043013,N
angle-force,32.5 kg gross; retuned k = 7.35 N/mm,38.75,deg,360.1755432412802,N
angle-force,32.5 kg gross; retuned k = 7.35 N/mm,38.8,deg,360.4962164921302,N
angle-force,32.5 kg gross; retuned k = 7.35 N/mm,38.85,deg,360.81688974298027,N
angle-force,32.5 kg gross; retuned k = 7.35 N/mm,38.9,deg,361.13756299383033,N
angle-force,32.5 kg gross; retuned k = 7.35 N/mm,38.95,deg,361.4582362446804,N
angle-force,32.5 kg gross; retuned k = 7.35 N/mm,39.0,deg,361.77890949553046,N
angle-force,32.5 kg gross; retuned k = 7.35 N/mm,39.050000000000004,deg,362.0995827463805,N
angle-force,32.5 kg gross; retuned k = 7.35 N/mm,39.1,deg,362.4202559972306,N
angle-force,32.5 kg gross; retuned k = 7.35 N/mm,39.15,deg,362.74092924808065,N
angle-force,32.5 kg gross; retuned k = 7.35 N/mm,39.2,deg,363.0616024989307,N
angle-force,32.5 kg gross; retuned k = 7.35 N/mm,39.25,deg,363.3822757497807,N
angle-force,32.5 kg gross; retuned k = 7.35 N/mm,39.3,deg,363.7029490006308,N
angle-force,32.5 kg gross; retuned k = 7.35 N/mm,39.35,deg,364.02362225148084,N
angle-force,32.5 kg gross; retuned k = 7.35 N/mm,39.4,deg,364.34429550233085,N
angle-force,32.5 kg gross; retuned k = 7.35 N/mm,39.45,deg,364.664968753181,N
angle-force,32.5 kg gross; retuned k = 7.35 N/mm,39.5,deg,364.985642004031,N
angle-force,32.5 kg gross; retuned k = 7.35 N/mm,39.55,deg,365.30631525488104,N
angle-force,32.5 kg gross; retuned k = 7.35 N/mm,39.6,deg,365.62698850573116,N
angle-force,32.5 kg gross; retuned k = 7.35 N/mm,39.65,deg,365.94766175658117,N
angle-force,32.5 kg gross; retuned k = 7.35 N/mm,39.7,deg,366.26833500743123,N
angle-force,32.5 kg gross; retuned k = 7.35 N/mm,39.75,deg,366.5890082582813,N
angle-force,32.5 kg gross; retuned k = 7.35 N/mm,39.8,deg,366.90968150913136,N
angle-force,32.5 kg gross; retuned k = 7.35 N/mm,39.85,deg,367.2303547599814,N
angle-force,32.5 kg gross; retuned k = 7.35 N/mm,39.9,deg,367.55102801083143,N
angle-force,32.5 kg gross; retuned k = 7.35 N/mm,39.95,deg,367.87170126168155,N
angle-force,32.5 kg gross; retuned k = 7.35 N/mm,40.0,deg,368.19237451253156,N
angle-force,32.5 kg gross; retuned k = 7.35 N/mm,40.05,deg,368.51304776338156,N
angle-force,32.5 kg gross; retuned k = 7.35 N/mm,40.1,deg,368.8337210142317,N
angle-force,32.5 kg gross; retuned k = 7.35 N/mm,40.15,deg,369.1543942650817,N
angle-force,32.5 kg gross; retuned k = 7.35 N/mm,40.2,deg,369.4750675159318,N
angle-force,32.5 kg gross; retuned k = 7.35 N/mm,40.25,deg,369.7957407667819,N
angle-force,32.5 kg gross; retuned k = 7.35 N/mm,40.3,deg,370.1164140176319,N
angle-force,32.5 kg gross; retuned k = 7.35 N/mm,40.35,deg,370.43708726848195,N
angle-force,32.5 kg gross; retuned k = 7.35 N/mm,40.4,deg,370.757760519332,N
angle-force,32.5 kg gross; retuned k = 7.35 N/mm,40.45,deg,371.0784337701821,N
angle-force,32.5 kg gross; retuned k = 7.35 N/mm,40.5,deg,371.39910702103214,N
angle-force,32.5 kg gross; retuned k = 7.35 N/mm,40.55,deg,371.71978027188214,N
angle-force,32.5 kg gross; retuned k = 7.35 N/mm,40.6,deg,372.04045352273226,N
angle-force,32.5 kg gross; retuned k = 7.35 N/mm,40.65,deg,372.36112677358227,N
angle-force,32.5 kg gross; retuned k = 7.35 N/mm,40.70000000000001,deg,372.6818000244324,N
angle-force,32.5 kg gross; retuned k = 7.35 N/mm,40.75,deg,373.00247327528245,N
angle-force,32.5 kg gross; retuned k = 7.35 N/mm,40.8,deg,373.32314652613246,N
angle-force,32.5 kg gross; retuned k = 7.35 N/mm,40.85,deg,373.6438197769825,N
angle-force,32.5 kg gross; retuned k = 7.35 N/mm,40.9,deg,373.9644930278326,N
angle-force,32.5 kg gross; retuned k = 7.35 N/mm,40.95,deg,374.28516627868265,N
angle-force,32.5 kg gross; retuned k = 7.35 N/mm,41.0,deg,374.60583952953266,N
angle-force,32.5 kg gross; retuned k = 7.35 N/mm,41.05,deg,374.9265127803827,N
angle-force,32.5 kg gross; retuned k = 7.35 N/mm,41.1,deg,375.2471860312328,N
angle-force,32.5 kg gross; retuned k = 7.35 N/mm,41.150000000000006,deg,375.56785928208285,N
angle-force,32.5 kg gross; retuned k = 7.35 N/mm,41.2,deg,375.8885325329329,N
angle-force,32.5 kg gross; retuned k = 7.35 N/mm,41.25,deg,376.209205783783,N
angle-force,32.5 kg gross; retuned k = 7.35 N/mm,41.300000000000004,deg,376.52987903463304,N
angle-force,32.5 kg gross; retuned k = 7.35 N/mm,41.35,deg,376.8505522854831,N
angle-force,32.5 kg gross; retuned k = 7.35 N/mm,41.400000000000006,deg,377.17122553633317,N
angle-force,32.5 kg gross; retuned k = 7.35 N/mm,41.45,deg,377.49189878718323,N
angle-force,32.5 kg gross; retuned k = 7.35 N/mm,41.5,deg,377.81257203803324,N
angle-force,32.5 kg gross; retuned k = 7.35 N/mm,41.55,deg,378.1332452888833,N
angle-force,32.5 kg gross; retuned k = 7.35 N/mm,41.6,deg,378.45391853973337,N
angle-force,32.5 kg gross; retuned k = 7.35 N/mm,41.650000000000006,deg,378.77459179058343,N
angle-force,32.5 kg gross; retuned k = 7.35 N/mm,41.7,deg,379.0952650414335,N
angle-force,32.5 kg gross; retuned k = 7.35 N/mm,41.75,deg,379.4159382922835,N
angle-force,32.5 kg gross; retuned k = 7.35 N/mm,41.8,deg,379.73661154313356,N
angle-force,32.5 kg gross; retuned k = 7.35 N/mm,41.85,deg,380.0572847939837,N
angle-force,32.5 kg gross; retuned k = 7.35 N/mm,41.900000000000006,deg,380.37795804483375,N
angle-force,32.5 kg gross; retuned k = 7.35 N/mm,41.95,deg,380.69863129568375,N
angle-force,32.5 kg gross; retuned k = 7.35 N/mm,42.0,deg,381.0193045465338,N
angle-force,32.5 kg gross; retuned k = 7.35 N/mm,42.05,deg,381.3399777973839,N
angle-force,32.5 kg gross; retuned k = 7.35 N/mm,42.1,deg,381.66065104823394,N
angle-force,32.5 kg gross; retuned k = 7.35 N/mm,42.150000000000006,deg,381.981324299084,N
angle-force,32.5 kg gross; retuned k = 7.35 N/mm,42.2,deg,382.3019975499341,N
angle-force,32.5 kg gross; retuned k = 7.35 N/mm,42.25,deg,382.6226708007841,N
angle-force,32.5 kg gross; retuned k = 7.35 N/mm,42.3,deg,382.9433440516341,N
angle-force,32.5 kg gross; retuned k = 7.35 N/mm,42.35,deg,383.2640173024842,N
angle-force,32.5 kg gross; retuned k = 7.35 N/mm,42.400000000000006,deg,383.5846905533343,N
angle-force,32.5 kg gross; retuned k = 7.35 N/mm,42.45,deg,383.90536380418433,N
angle-force,32.5 kg gross; retuned k = 7.35 N/mm,42.5,deg,384.2260370550344,N
angle-force,32.5 kg gross; retuned k = 7.35 N/mm,42.55,deg,384.5467103058844,N
angle-force,32.5 kg gross; retuned k = 7.35 N/mm,42.6,deg,384.86738355673447,N
angle-force,32.5 kg gross; retuned k = 7.35 N/mm,42.650000000000006,deg,385.1880568075846,N
angle-force,32.5 kg gross; retuned k = 7.35 N/mm,42.7,deg,385.5087300584346,N
angle-force,32.5 kg gross; retuned k = 7.35 N/mm,42.75,deg,385.82940330928466,N
angle-force,32.5 kg gross; retuned k = 7.35 N/mm,42.8,deg,386.15007656013466,N
angle-force,32.5 kg gross; retuned k = 7.35 N/mm,42.85,deg,386.4707498109848,N
angle-force,32.5 kg gross; retuned k = 7.35 N/mm,42.90000000000001,deg,386.79142306183485,N
angle-force,32.5 kg gross; retuned k = 7.35 N/mm,42.95000000000001,deg,387.1120963126849,N
angle-force,32.5 kg gross; retuned k = 7.35 N/mm,43.0,deg,387.432769563535,N
angle-force,32.5 kg gross; retuned k = 7.35 N/mm,43.05,deg,387.753442814385,N
angle-force,32.5 kg gross; retuned k = 7.35 N/mm,43.1,deg,388.07411606523505,N
angle-force,32.5 kg gross; retuned k = 7.35 N/mm,43.150000000000006,deg,388.3947893160851,N
angle-force,32.5 kg gross; retuned k = 7.35 N/mm,43.2,deg,388.7154625669352,N
angle-force,32.5 kg gross; retuned k = 7.35 N/mm,43.25,deg,389.0361358177852,N
angle-force,32.5 kg gross; retuned k = 7.35 N/mm,43.3,deg,389.35680906863524,N
angle-force,32.5 kg gross; retuned k = 7.35 N/mm,43.35,deg,389.6774823194853,N
angle-force,32.5 kg gross; retuned k = 7.35 N/mm,43.400000000000006,deg,389.99815557033537,N
angle-force,32.5 kg gross; retuned k = 7.35 N/mm,43.45,deg,390.31882882118543,N
angle-force,32.5 kg gross; retuned k = 7.35 N/mm,43.5,deg,390.6395020720355,N
angle-force,32.5 kg gross; retuned k = 7.35 N/mm,43.550000000000004,deg,390.96017532288556,N
angle-force,32.5 kg gross; retuned k = 7.35 N/mm,43.6,deg,391.2808485737356,N
angle-force,32.5 kg gross; retuned k = 7.35 N/mm,43.650000000000006,deg,391.6015218245857,N
angle-force,32.5 kg gross; retuned k = 7.35 N/mm,43.7,deg,391.92219507543575,N
angle-force,32.5 kg gross; retuned k = 7.35 N/mm,43.75,deg,392.24286832628576,N
angle-force,32.5 kg gross; retuned k = 7.35 N/mm,43.8,deg,392.5635415771358,N
angle-force,32.5 kg gross; retuned k = 7.35 N/mm,43.85,deg,392.8842148279859,N
angle-force,32.5 kg gross; retuned k = 7.35 N/mm,43.900000000000006,deg,393.20488807883595,N
angle-force,32.5 kg gross; retuned k = 7.35 N/mm,43.95,deg,393.52556132968596,N
angle-force,32.5 kg gross; retuned k = 7.35 N/mm,44.0,deg,393.846234580536,N
angle-force,32.5 kg gross; retuned k = 7.35 N/mm,44.05,deg,394.1669078313861,N
angle-force,32.5 kg gross; retuned k = 7.35 N/mm,44.1,deg,394.48758108223615,N
angle-force,32.5 kg gross; retuned k = 7.35 N/mm,44.150000000000006,deg,394.80825433308627,N
angle-force,32.5 kg gross; retuned k = 7.35 N/mm,44.2,deg,395.1289275839363,N
angle-force,32.5 kg gross; retuned k = 7.35 N/mm,44.25,deg,395.44960083478634,N
angle-force,32.5 kg gross; retuned k = 7.35 N/mm,44.3,deg,395.77027408563634,N
angle-force,32.5 kg gross; retuned k = 7.35 N/mm,44.35,deg,396.09094733648647,N
angle-force,32.5 kg gross; retuned k = 7.35 N/mm,44.400000000000006,deg,396.41162058733653,N
angle-force,32.5 kg gross; retuned k = 7.35 N/mm,44.45,deg,396.73229383818654,N
angle-force,32.5 kg gross; retuned k = 7.35 N/mm,44.5,deg,397.0529670890366,N
angle-force,32.5 kg gross; retuned k = 7.35 N/mm,44.55,deg,397.3736403398866,N
angle-force,32.5 kg gross; retuned k = 7.35 N/mm,44.6,deg,397.69431359073667,N
angle-force,32.5 kg gross; retuned k = 7.35 N/mm,44.650000000000006,deg,398.01498684158685,N
angle-force,32.5 kg gross; retuned k = 7.35 N/mm,44.7,deg,398.33566009243685,N
angle-force,32.5 kg gross; retuned k = 7.35 N/mm,44.75,deg,398.65633334328686,N
angle-force,32.5 kg gross; retuned k = 7.35 N/mm,44.8,deg,398.9770065941369,N
angle-force,32.5 kg gross; retuned k = 7.35 N/mm,44.85,deg,399.297679844987,N
angle-force,32.5 kg gross; retuned k = 7.35 N/mm,44.900000000000006,deg,399.61835309583705,N
angle-force,32.5 kg gross; retuned k = 7.35 N/mm,44.95,deg,399.9390263466871,N
angle-force,32.5 kg gross; retuned k = 7.35 N/mm,45.0,deg,400.2596995975372,N
angle-force,32.5 kg gross; retuned k = 7.35 N/mm,45.05,deg,400.5803728483872,N
angle-force,32.5 kg gross; retuned k = 7.35 N/mm,45.1,deg,400.9010460992373,N
angle-force,32.5 kg gross; retuned k = 7.35 N/mm,45.15000000000001,deg,401.22171935008737,N
angle-force,32.5 kg gross; retuned k = 7.35 N/mm,45.20000000000001,deg,401.54239260093743,N
angle-force,32.5 kg gross; retuned k = 7.35 N/mm,45.25,deg,401.8630658517875,N
angle-force,32.5 kg gross; retuned k = 7.35 N/mm,45.3,deg,402.1837391026375,N
angle-force,32.5 kg gross; retuned k = 7.35 N/mm,45.35,deg,402.50441235348757,N
angle-force,32.5 kg gross; retuned k = 7.35 N/mm,45.400000000000006,deg,402.82508560433763,N
angle-force,32.5 kg gross; retuned k = 7.35 N/mm,45.45,deg,403.1457588551877,N
angle-force,32.5 kg gross; retuned k = 7.35 N/mm,45.5,deg,403.4664321060377,N
angle-force,32.5 kg gross; retuned k = 7.35 N/mm,45.55,deg,403.78710535688776,N
angle-force,32.5 kg gross; retuned k = 7.35 N/mm,45.6,deg,404.1077786077378,N
angle-force,32.5 kg gross; retuned k = 7.35 N/mm,45.650000000000006,deg,404.4284518585879,N
angle-force,32.5 kg gross; retuned k = 7.35 N/mm,45.7,deg,404.74912510943795,N
angle-force,32.5 kg gross; retuned k = 7.35 N/mm,45.75,deg,405.069798360288,N
angle-force,32.5 kg gross; retuned k = 7.35 N/mm,45.800000000000004,deg,405.3904716111381,N
angle-force,32.5 kg gross; retuned k = 7.35 N/mm,45.85,deg,405.71114486198815,N
angle-force,32.5 kg gross; retuned k = 7.35 N/mm,45.900000000000006,deg,406.0318181128382,N
angle-force,32.5 kg gross; retuned k = 7.35 N/mm,45.95,deg,406.3524913636883,N
angle-force,32.5 kg gross; retuned k = 7.35 N/mm,46.0,deg,406.6731646145383,N
angle-force,32.5 kg gross; retuned k = 7.35 N/mm,46.05,deg,406.9938378653883,N
angle-force,32.5 kg gross; retuned k = 7.35 N/mm,46.1,deg,407.31451111623835,N
angle-force,32.5 kg gross; retuned k = 7.35 N/mm,46.150000000000006,deg,407.63518436708847,N
angle-force,32.5 kg gross; retuned k = 7.35 N/mm,46.2,deg,407.9558576179385,N
angle-force,32.5 kg gross; retuned k = 7.35 N/mm,46.25,deg,408.27653086878854,N
angle-force,32.5 kg gross; retuned k = 7.35 N/mm,46.3,deg,408.5972041196386,N
angle-force,32.5 kg gross; retuned k = 7.35 N/mm,46.35,deg,408.91787737048867,N
angle-force,32.5 kg gross; retuned k = 7.35 N/mm,46.400000000000006,deg,409.23855062133873,N
angle-force,32.5 kg gross; retuned k = 7.35 N/mm,46.45,deg,409.5592238721888,N
angle-force,32.5 kg gross; retuned k = 7.35 N/mm,46.5,deg,409.87989712303886,N
angle-force,32.5 kg gross; retuned k = 7.35 N/mm,46.55,deg,410.20057037388887,N
angle-force,32.5 kg gross; retuned k = 7.35 N/mm,46.6,deg,410.521243624739,N
angle-force,32.5 kg gross; retuned k = 7.35 N/mm,46.650000000000006,deg,410.84191687558905,N
angle-force,32.5 kg gross; retuned k = 7.35 N/mm,46.7,deg,411.16259012643906,N
angle-force,32.5 kg gross; retuned k = 7.35 N/mm,46.75,deg,411.48326337728906,N
angle-force,32.5 kg gross; retuned k = 7.35 N/mm,46.8,deg,411.8039366281391,N
angle-force,32.5 kg gross; retuned k = 7.35 N/mm,46.85,deg,412.1246098789892,N
angle-force,32.5 kg gross; retuned k = 7.35 N/mm,46.900000000000006,deg,412.44528312983937,N
angle-force,32.5 kg gross; retuned k = 7.35 N/mm,46.95,deg,412.7659563806894,N
angle-force,32.5 kg gross; retuned k = 7.35 N/mm,47.0,deg,413.0866296315394,N
angle-force,32.5 kg gross; retuned k = 7.35 N/mm,47.05,deg,413.40730288238944,N
angle-force,32.5 kg gross; retuned k = 7.35 N/mm,47.1,deg,413.7279761332395,N
angle-force,32.5 kg gross; retuned k = 7.35 N/mm,47.150000000000006,deg,414.0486493840896,N
angle-force,32.5 kg gross; retuned k = 7.35 N/mm,47.2,deg,414.36932263493964,N
angle-force,32.5 kg gross; retuned k = 7.35 N/mm,47.25,deg,414.6899958857897,N
angle-force,32.5 kg gross; retuned k = 7.35 N/mm,47.3,deg,415.0106691366397,N
angle-force,32.5 kg gross; retuned k = 7.35 N/mm,47.35,deg,415.33134238748977,N
angle-force,32.5 kg gross; retuned k = 7.35 N/mm,47.40000000000001,deg,415.6520156383399,N
angle-force,32.5 kg gross; retuned k = 7.35 N/mm,47.45000000000001,deg,415.97268888918995,N
angle-force,32.5 kg gross; retuned k = 7.35 N/mm,47.5,deg,416.29336214003996,N
angle-force,32.5 kg gross; retuned k = 7.35 N/mm,47.55,deg,416.61403539088997,N
angle-force,32.5 kg gross; retuned k = 7.35 N/mm,47.6,deg,416.9347086417401,N
angle-force,32.5 kg gross; retuned k = 7.35 N/mm,47.650000000000006,deg,417.25538189259015,N
angle-force,32.5 kg gross; retuned k = 7.35 N/mm,47.7,deg,417.57605514344016,N
angle-force,32.5 kg gross; retuned k = 7.35 N/mm,47.75,deg,417.8967283942902,N
angle-force,32.5 kg gross; retuned k = 7.35 N/mm,47.8,deg,418.2174016451403,N
angle-force,32.5 kg gross; retuned k = 7.35 N/mm,47.85,deg,418.53807489599035,N
angle-force,32.5 kg gross; retuned k = 7.35 N/mm,47.900000000000006,deg,418.8587481468404,N
angle-force,32.5 kg gross; retuned k = 7.35 N/mm,47.95,deg,419.1794213976905,N
angle-force,32.5 kg gross; retuned k = 7.35 N/mm,48.00000000000001,deg,419.50009464854054,N
angle-force,32.5 kg gross; retuned k = 7.35 N/mm,48.050000000000004,deg,419.8207678993906,N
angle-force,32.5 kg gross; retuned k = 7.35 N/mm,48.1,deg,420.14144115024067,N
angle-force,32.5 kg gross; retuned k = 7.35 N/mm,48.150000000000006,deg,420.46211440109073,N
angle-force,32.5 kg gross; retuned k = 7.35 N/mm,48.2,deg,420.7827876519408,N
angle-force,32.5 kg gross; retuned k = 7.35 N/mm,48.25,deg,421.1034609027908,N
angle-force,32.5 kg gross; retuned k = 7.35 N/mm,48.3,deg,421.4241341536408,N
angle-force,32.5 kg gross; retuned k = 7.35 N/mm,48.35,deg,421.74480740449087,N
angle-force,32.5 kg gross; retuned k = 7.35 N/mm,48.400000000000006,deg,422.065480655341,N
angle-force,32.5 kg gross; retuned k = 7.35 N/mm,48.45,deg,422.386153906191,N
angle-force,32.5 kg gross; retuned k = 7.35 N/mm,48.5,deg,422.70682715704106,N
angle-force,32.5 kg gross; retuned k = 7.35 N/mm,48.55,deg,423.0275004078911,N
angle-force,32.5 kg gross; retuned k = 7.35 N/mm,48.6,deg,423.3481736587412,N
angle-force,32.5 kg gross; retuned k = 7.35 N/mm,48.650000000000006,deg,423.66884690959125,N
angle-force,32.5 kg gross; retuned k = 7.35 N/mm,48.7,deg,423.9895201604413,N
angle-force,32.5 kg gross; retuned k = 7.35 N/mm,48.75,deg,424.3101934112914,N
angle-force,32.5 kg gross; retuned k = 7.35 N/mm,48.8,deg,424.6308666621414,N
angle-force,32.5 kg gross; retuned k = 7.35 N/mm,48.85,deg,424.9515399129915,N
angle-force,32.5 kg gross; retuned k = 7.35 N/mm,48.900000000000006,deg,425.27221316384157,N
angle-force,32.5 kg gross; retuned k = 7.35 N/mm,48.95,deg,425.5928864146916,N
angle-force,32.5 kg gross; retuned k = 7.35 N/mm,49.0,deg,425.9135596655416,N
angle-force,32.5 kg gross; retuned k = 7.35 N/mm,49.05,deg,426.23423291639165,N
angle-force,32.5 kg gross; retuned k = 7.35 N/mm,49.1,deg,426.5549061672417,N
angle-force,32.5 kg gross; retuned k = 7.35 N/mm,49.150000000000006,deg,426.8755794180919,N
angle-force,32.5 kg gross; retuned k = 7.35 N/mm,49.2,deg,427.1962526689419,N
angle-force,32.5 kg gross; retuned k = 7.35 N/mm,49.25,deg,427.5169259197919,N
angle-force,32.5 kg gross; retuned k = 7.35 N/mm,49.3,deg,427.83759917064197,N
angle-force,32.5 kg gross; retuned k = 7.35 N/mm,49.35,deg,428.15827242149203,N
angle-force,32.5 kg gross; retuned k = 7.35 N/mm,49.400000000000006,deg,428.4789456723421,N
angle-force,32.5 kg gross; retuned k = 7.35 N/mm,49.45,deg,428.79961892319216,N
angle-force,32.5 kg gross; retuned k = 7.35 N/mm,49.5,deg,429.1202921740422,N
angle-force,32.5 kg gross; retuned k = 7.35 N/mm,49.55,deg,429.4409654248922,N
angle-force,32.5 kg gross; retuned k = 7.35 N/mm,49.6,deg,429.7616386757423,N
angle-force,32.5 kg gross; retuned k = 7.35 N/mm,49.65000000000001,deg,430.0823119265924,N
angle-force,32.5 kg gross; retuned k = 7.35 N/mm,49.70000000000001,deg,430.4029851774425,N
angle-force,32.5 kg gross; retuned k = 7.35 N/mm,49.75,deg,430.7236584282925,N
angle-force,32.5 kg gross; retuned k = 7.35 N/mm,49.8,deg,431.0443316791425,N
angle-force,32.5 kg gross; retuned k = 7.35 N/mm,49.85,deg,431.3650049299926,N
angle-force,32.5 kg gross; retuned k = 7.35 N/mm,49.900000000000006,deg,431.6856781808427,N
angle-force,32.5 kg gross; retuned k = 7.35 N/mm,49.95,deg,432.0063514316927,N
angle-force,32.5 kg gross; retuned k = 7.35 N/mm,50.0,deg,432.32702468254274,N
angle-force,32.5 kg gross; retuned k = 7.35 N/mm,50.05,deg,432.6476979333928,N
angle-force,32.5 kg gross; retuned k = 7.35 N/mm,50.1,deg,432.96837118424287,N
angle-force,32.5 kg gross; retuned k = 7.35 N/mm,50.150000000000006,deg,433.28904443509293,N
angle-force,32.5 kg gross; retuned k = 7.35 N/mm,50.2,deg,433.609717685943,N
angle-force,32.5 kg gross; retuned k = 7.35 N/mm,50.25000000000001,deg,433.93039093679306,N
angle-force,32.5 kg gross; retuned k = 7.35 N/mm,50.300000000000004,deg,434.2510641876431,N
angle-force,32.5 kg gross; retuned k = 7.35 N/mm,50.35,deg,434.5717374384932,N
angle-force,32.5 kg gross; retuned k = 7.35 N/mm,50.400000000000006,deg,434.89241068934325,N
angle-force,32.5 kg gross; retuned k = 7.35 N/mm,50.45,deg,435.21308394019326,N
angle-force,32.5 kg gross; retuned k = 7.35 N/mm,50.5,deg,435.5337571910433,N
angle-force,32.5 kg gross; retuned k = 7.35 N/mm,50.55,deg,435.8544304418933,N
angle-force,32.5 kg gross; retuned k = 7.35 N/mm,50.6,deg,436.1751036927434,N
angle-force,32.5 kg gross; retuned k = 7.35 N/mm,50.650000000000006,deg,436.49577694359346,N
angle-force,32.5 kg gross; retuned k = 7.35 N/mm,50.7,deg,436.8164501944435,N
angle-force,32.5 kg gross; retuned k = 7.35 N/mm,50.75,deg,437.1371234452936,N
angle-force,32.5 kg gross; retuned k = 7.35 N/mm,50.8,deg,437.45779669614365,N
angle-force,32.5 kg gross; retuned k = 7.35 N/mm,50.85,deg,437.7784699469937,N
angle-force,32.5 kg gross; retuned k = 7.35 N/mm,50.900000000000006,deg,438.0991431978438,N
angle-force,32.5 kg gross; retuned k = 7.35 N/mm,50.95,deg,438.41981644869384,N
angle-force,32.5 kg gross; retuned k = 7.35 N/mm,51.0,deg,438.7404896995439,N
angle-force,32.5 kg gross; retuned k = 7.35 N/mm,51.05,deg,439.0611629503939,N
angle-force,32.5 kg gross; retuned k = 7.35 N/mm,51.1,deg,439.38183620124397,N
angle-force,32.5 kg gross; retuned k = 7.35 N/mm,51.150000000000006,deg,439.7025094520941,N
angle-force,32.5 kg gross; retuned k = 7.35 N/mm,51.2,deg,440.0231827029441,N
angle-force,32.5 kg gross; retuned k = 7.35 N/mm,51.25,deg,440.3438559537941,N
angle-force,32.5 kg gross; retuned k = 7.35 N/mm,51.3,deg,440.66452920464417,N
angle-force,32.5 kg gross; retuned k = 7.35 N/mm,51.35,deg,440.98520245549423,N
angle-force,32.5 kg gross; retuned k = 7.35 N/mm,51.400000000000006,deg,441.30587570634435,N
angle-force,32.5 kg gross; retuned k = 7.35 N/mm,51.45,deg,441.62654895719436,N
angle-force,32.5 kg gross; retuned k = 7.35 N/mm,51.5,deg,441.9472222080444,N
angle-force,32.5 kg gross; retuned k = 7.35 N/mm,51.55,deg,442.2678954588945,N
angle-force,32.5 kg gross; retuned k = 7.35 N/mm,51.6,deg,442.58856870974455,N
angle-force,32.5 kg gross; retuned k = 7.35 N/mm,51.650000000000006,deg,442.9092419605946,N
angle-force,32.5 kg gross; retuned k = 7.35 N/mm,51.7,deg,443.2299152114447,N
angle-force,32.5 kg gross; retuned k = 7.35 N/mm,51.75,deg,443.5505884622947,N
angle-force,32.5 kg gross; retuned k = 7.35 N/mm,51.8,deg,443.8712617131447,N
angle-force,32.5 kg gross; retuned k = 7.35 N/mm,51.85,deg,444.1919349639948,N
angle-force,32.5 kg gross; retuned k = 7.35 N/mm,51.90000000000001,deg,444.51260821484493,N
angle-force,32.5 kg gross; retuned k = 7.35 N/mm,51.95000000000001,deg,444.833281465695,N
angle-force,32.5 kg gross; retuned k = 7.35 N/mm,52.0,deg,445.153954716545,N
angle-force,32.5 kg gross; retuned k = 7.35 N/mm,52.05,deg,445.474627967395,N
angle-force,32.5 kg gross; retuned k = 7.35 N/mm,52.1,deg,445.7953012182451,N
angle-force,32.5 kg gross; retuned k = 7.35 N/mm,52.150000000000006,deg,446.1159744690952,N
angle-force,32.5 kg gross; retuned k = 7.35 N/mm,52.2,deg,446.4366477199452,N
angle-force,32.5 kg gross; retuned k = 7.35 N/mm,52.25,deg,446.75732097079526,N
angle-force,32.5 kg gross; retuned k = 7.35 N/mm,52.3,deg,447.0779942216453,N
angle-force,32.5 kg gross; retuned k = 7.35 N/mm,52.35,deg,447.3986674724954,N
angle-force,32.5 kg gross; retuned k = 7.35 N/mm,52.400000000000006,deg,447.71934072334545,N
angle-force,32.5 kg gross; retuned k = 7.35 N/mm,52.45,deg,448.0400139741955,N
angle-force,32.5 kg gross; retuned k = 7.35 N/mm,52.50000000000001,deg,448.3606872250456,N
angle-force,32.5 kg gross; retuned k = 7.35 N/mm,52.550000000000004,deg,448.6813604758956,N
angle-force,32.5 kg gross; retuned k = 7.35 N/mm,52.6,deg,449.0020337267457,N
angle-force,32.5 kg gross; retuned k = 7.35 N/mm,52.650000000000006,deg,449.3227069775958,N
angle-force,32.5 kg gross; retuned k = 7.35 N/mm,52.7,deg,449.6433802284458,N
angle-force,32.5 kg gross; retuned k = 7.35 N/mm,52.75,deg,449.9640534792958,N
angle-force,32.5 kg gross; retuned k = 7.35 N/mm,52.8,deg,450.28472673014585,N
angle-force,32.5 kg gross; retuned k = 7.35 N/mm,52.85,deg,450.6053999809959,N
angle-force,32.5 kg gross; retuned k = 7.35 N/mm,52.900000000000006,deg,450.926073231846,N
angle-force,32.5 kg gross; retuned k = 7.35 N/mm,52.95,deg,451.24674648269604,N
angle-force,32.5 kg gross; retuned k = 7.35 N/mm,53.0,deg,451.5674197335461,N
angle-force,32.5 kg gross; retuned k = 7.35 N/mm,53.05,deg,451.8880929843961,N
angle-force,32.5 kg gross; retuned k = 7.35 N/mm,53.1,deg,452.20876623524623,N
angle-force,32.5 kg gross; retuned k = 7.35 N/mm,53.150000000000006,deg,452.5294394860963,N
angle-force,32.5 kg gross; retuned k = 7.35 N/mm,53.2,deg,452.85011273694636,N
angle-force,32.5 kg gross; retuned k = 7.35 N/mm,53.25,deg,453.1707859877964,N
angle-force,32.5 kg gross; retuned k = 7.35 N/mm,53.3,deg,453.4914592386464,N
angle-force,32.5 kg gross; retuned k = 7.35 N/mm,53.35,deg,453.8121324894965,N
angle-force,32.5 kg gross; retuned k = 7.35 N/mm,53.400000000000006,deg,454.1328057403466,N
angle-force,32.5 kg gross; retuned k = 7.35 N/mm,53.45,deg,454.4534789911966,N
angle-force,32.5 kg gross; retuned k = 7.35 N/mm,53.5,deg,454.7741522420466,N
angle-force,32.5 kg gross; retuned k = 7.35 N/mm,53.55,deg,455.0948254928967,N
angle-force,32.5 kg gross; retuned k = 7.35 N/mm,53.6,deg,455.41549874374675,N
angle-force,32.5 kg gross; retuned k = 7.35 N/mm,53.650000000000006,deg,455.73617199459693,N
angle-force,32.5 kg gross; retuned k = 7.35 N/mm,53.7,deg,456.05684524544694,N
angle-force,32.5 kg gross; retuned k = 7.35 N/mm,53.75,deg,456.37751849629694,N
angle-force,32.5 kg gross; retuned k = 7.35 N/mm,53.8,deg,456.698191747147,N
angle-force,32.5 kg gross; retuned k = 7.35 N/mm,53.85,deg,457.01886499799707,N
angle-force,32.5 kg gross; retuned k = 7.35 N/mm,53.900000000000006,deg,457.33953824884713,N
angle-force,32.5 kg gross; retuned k = 7.35 N/mm,53.95,deg,457.6602114996972,N
angle-force,32.5 kg gross; retuned k = 7.35 N/mm,54.0,deg,457.98088475054726,N
angle-force,32.5 kg gross; retuned k = 7.35 N/mm,54.05,deg,458.30155800139727,N
angle-force,32.5 kg gross; retuned k = 7.35 N/mm,54.1,deg,458.6222312522473,N
angle-force,32.5 kg gross; retuned k = 7.35 N/mm,54.15000000000001,deg,458.94290450309745,N
angle-force,32.5 kg gross; retuned k = 7.35 N/mm,54.20000000000001,deg,459.26357775394746,N
angle-force,32.5 kg gross; retuned k = 7.35 N/mm,54.25,deg,459.58425100479747,N
angle-force,32.5 kg gross; retuned k = 7.35 N/mm,54.3,deg,459.90492425564753,N
angle-force,32.5 kg gross; retuned k = 7.35 N/mm,54.35,deg,460.22559750649765,N
angle-force,32.5 kg gross; retuned k = 7.35 N/mm,54.400000000000006,deg,460.54627075734766,N
angle-force,32.5 kg gross; retuned k = 7.35 N/mm,54.45,deg,460.8669440081977,N
angle-force,32.5 kg gross; retuned k = 7.35 N/mm,54.5,deg,461.1876172590478,N
angle-force,32.5 kg gross; retuned k = 7.35 N/mm,54.55,deg,461.5082905098978,N
angle-force,32.5 kg gross; retuned k = 7.35 N/mm,54.6,deg,461.8289637607479,N
angle-force,32.5 kg gross; retuned k = 7.35 N/mm,54.650000000000006,deg,462.149637011598,N
angle-force,32.5 kg gross; retuned k = 7.35 N/mm,54.7,deg,462.470310262448,N
angle-force,32.5 kg gross; retuned k = 7.35 N/mm,54.75000000000001,deg,462.7909835132981,N
angle-force,32.5 kg gross; retuned k = 7.35 N/mm,54.800000000000004,deg,463.11165676414817,N
angle-force,32.5 kg gross; retuned k = 7.35 N/mm,54.85,deg,463.4323300149982,N
angle-force,32.5 kg gross; retuned k = 7.35 N/mm,54.900000000000006,deg,463.7530032658483,N
angle-force,32.5 kg gross; retuned k = 7.35 N/mm,54.95,deg,464.07367651669836,N
angle-force,32.5 kg gross; retuned k = 7.35 N/mm,55.0,deg,464.39434976754836,N
angle-force,32.5 kg gross; retuned k = 7.35 N/mm,55.05,deg,464.71502301839837,N
angle-force,32.5 kg gross; retuned k = 7.35 N/mm,55.1,deg,465.03569626924843,N
angle-force,32.5 kg gross; retuned k = 7.35 N/mm,55.150000000000006,deg,465.35636952009855,N
angle-force,32.5 kg gross; retuned k = 7.35 N/mm,55.2,deg,465.67704277094856,N
angle-force,32.5 kg gross; retuned k = 7.35 N/mm,55.25,deg,465.9977160217986,N
angle-force,32.5 kg gross; retuned k = 7.35 N/mm,55.3,deg,466.3183892726487,N
angle-force,32.5 kg gross; retuned k = 7.35 N/mm,55.35,deg,466.63906252349875,N
angle-force,32.5 kg gross; retuned k = 7.35 N/mm,55.400000000000006,deg,466.9597357743488,N
angle-force,32.5 kg gross; retuned k = 7.35 N/mm,55.45,deg,467.2804090251989,N
angle-force,32.5 kg gross; retuned k = 7.35 N/mm,55.5,deg,467.6010822760489,N
angle-force,32.5 kg gross; retuned k = 7.35 N/mm,55.55,deg,467.9217555268989,N
angle-force,32.5 kg gross; retuned k = 7.35 N/mm,55.6,deg,468.24242877774907,N
angle-force,32.5 kg gross; retuned k = 7.35 N/mm,55.650000000000006,deg,468.5631020285991,N
angle-force,32.5 kg gross; retuned k = 7.35 N/mm,55.7,deg,468.8837752794491,N
angle-force,32.5 kg gross; retuned k = 7.35 N/mm,55.75,deg,469.20444853029915,N
angle-force,32.5 kg gross; retuned k = 7.35 N/mm,55.8,deg,469.5251217811492,N
angle-force,32.5 kg gross; retuned k = 7.35 N/mm,55.85000000000001,deg,469.8457950319993,N
angle-force,32.5 kg gross; retuned k = 7.35 N/mm,55.900000000000006,deg,470.16646828284945,N
angle-force,32.5 kg gross; retuned k = 7.35 N/mm,55.95,deg,470.48714153369946,N
angle-force,32.5 kg gross; retuned k = 7.35 N/mm,56.0,deg,470.80781478454946,N
angle-force,32.5 kg gross; retuned k = 7.35 N/mm,56.05,deg,471.1284880353995,N
angle-force,32.5 kg gross; retuned k = 7.35 N/mm,56.1,deg,471.4491612862496,N
angle-force,32.5 kg gross; retuned k = 7.35 N/mm,56.150000000000006,deg,471.76983453709965,N
angle-force,32.5 kg gross; retuned k = 7.35 N/mm,56.2,deg,472.0905077879497,N
angle-force,32.5 kg gross; retuned k = 7.35 N/mm,56.25,deg,472.4111810387998,N
angle-force,32.5 kg gross; retuned k = 7.35 N/mm,56.3,deg,472.7318542896498,N
angle-force,32.5 kg gross; retuned k = 7.35 N/mm,56.35,deg,473.0525275404998,N
angle-force,32.5 kg gross; retuned k = 7.35 N/mm,56.40000000000001,deg,473.37320079135,N
angle-force,32.5 kg gross; retuned k = 7.35 N/mm,56.45000000000001,deg,473.6938740422,N
angle-force,32.5 kg gross; retuned k = 7.35 N/mm,56.5,deg,474.01454729305,N
angle-force,32.5 kg gross; retuned k = 7.35 N/mm,56.55,deg,474.33522054390005,N
angle-force,32.5 kg gross; retuned k = 7.35 N/mm,56.6,deg,474.65589379475017,N
angle-force,32.5 kg gross; retuned k = 7.35 N/mm,56.650000000000006,deg,474.9765670456002,N
angle-force,32.5 kg gross; retuned k = 7.35 N/mm,56.7,deg,475.29724029645024,N
angle-force,32.5 kg gross; retuned k = 7.35 N/mm,56.75,deg,475.6179135473003,N
angle-force,32.5 kg gross; retuned k = 7.35 N/mm,56.8,deg,475.9385867981503,N
angle-force,32.5 kg gross; retuned k = 7.35 N/mm,56.85,deg,476.25926004900043,N
angle-force,32.5 kg gross; retuned k = 7.35 N/mm,56.900000000000006,deg,476.5799332998505,N
angle-force,32.5 kg gross; retuned k = 7.35 N/mm,56.95,deg,476.9006065507005,N
angle-force,32.5 kg gross; retuned k = 7.35 N/mm,57.00000000000001,deg,477.2212798015506,N
angle-force,32.5 kg gross; retuned k = 7.35 N/mm,57.050000000000004,deg,477.5419530524007,N
angle-force,32.5 kg gross; retuned k = 7.35 N/mm,57.1,deg,477.8626263032507,N
angle-force,32.5 kg gross; retuned k = 7.35 N/mm,57.15,deg,478.1832995541007,N
angle-force,32.5 kg gross; retuned k = 7.35 N/mm,57.2,deg,478.5039728049508,N
angle-force,32.5 kg gross; retuned k = 7.35 N/mm,57.25,deg,478.8246460558008,N
angle-force,32.5 kg gross; retuned k = 7.35 N/mm,57.30000000000001,deg,479.145319306651,N
angle-force,32.5 kg gross; retuned k = 7.35 N/mm,57.35000000000001,deg,479.465992557501,N
angle-force,32.5 kg gross; retuned k = 7.35 N/mm,57.400000000000006,deg,479.786665808351,N
angle-force,32.5 kg gross; retuned k = 7.35 N/mm,57.45,deg,480.1073390592011,N
angle-force,32.5 kg gross; retuned k = 7.35 N/mm,57.5,deg,480.42801231005114,N
angle-force,32.5 kg gross; retuned k = 7.35 N/mm,57.55000000000001,deg,480.7486855609012,N
angle-force,32.5 kg gross; retuned k = 7.35 N/mm,57.6,deg,481.0693588117513,N
angle-force,32.5 kg gross; retuned k = 7.35 N/mm,57.65,deg,481.39003206260134,N
angle-force,32.5 kg gross; retuned k = 7.35 N/mm,57.699999999999996,deg,481.71070531345134,N
angle-force,32.5 kg gross; retuned k = 7.35 N/mm,57.74999999999999,deg,482.03137856430135,N
angle-force,32.5 kg gross; retuned k = 7.35 N/mm,57.800000000000004,deg,482.3520518151515,N
angle-force,32.5 kg gross; retuned k = 7.35 N/mm,57.85,deg,482.67272506600153,N
angle-force,32.5 kg gross; retuned k = 7.35 N/mm,57.9,deg,482.99339831685154,N
angle-force,32.5 kg gross; retuned k = 7.35 N/mm,57.95000000000001,deg,483.3140715677017,N
angle-force,32.5 kg gross; retuned k = 7.35 N/mm,58.00000000000001,deg,483.6347448185517,N
angle-force,32.5 kg gross; retuned k = 7.35 N/mm,58.050000000000004,deg,483.95541806940173,N
angle-force,32.5 kg gross; retuned k = 7.35 N/mm,58.1,deg,484.2760913202518,N
angle-force,32.5 kg gross; retuned k = 7.35 N/mm,58.15,deg,484.59676457110186,N
angle-force,32.5 kg gross; retuned k = 7.35 N/mm,58.2,deg,484.9174378219519,N
angle-force,32.5 kg gross; retuned k = 7.35 N/mm,58.25,deg,485.238111072802,N
angle-force,32.5 kg gross; retuned k = 7.35 N/mm,58.3,deg,485.55878432365205,N
angle-force,32.5 kg gross; retuned k = 7.35 N/mm,58.349999999999994,deg,485.87945757450206,N
angle-force,32.5 kg gross; retuned k = 7.35 N/mm,58.400000000000006,deg,486.2001308253522,N
angle-force,32.5 kg gross; retuned k = 7.35 N/mm,58.45,deg,486.52080407620224,N
angle-force,32.5 kg gross; retuned k = 7.35 N/mm,58.5,deg,486.84147732705225,N
angle-force,32.5 kg gross; retuned k = 7.35 N/mm,58.55000000000001,deg,487.16215057790237,N
angle-force,32.5 kg gross; retuned k = 7.35 N/mm,58.60000000000001,deg,487.48282382875243,N
angle-force,32.5 kg gross; retuned k = 7.35 N/mm,58.650000000000006,deg,487.80349707960244,N
angle-force,32.5 kg gross; retuned k = 7.35 N/mm,58.7,deg,488.12417033045244,N
angle-force,32.5 kg gross; retuned k = 7.35 N/mm,58.75,deg,488.4448435813025,N
angle-force,32.5 kg gross; retuned k = 7.35 N/mm,58.800000000000004,deg,488.7655168321526,N
angle-force,32.5 kg gross; retuned k = 7.35 N/mm,58.85,deg,489.08619008300263,N
angle-force,32.5 kg gross; retuned k = 7.35 N/mm,58.9,deg,489.4068633338527,N
angle-force,32.5 kg gross; retuned k = 7.35 N/mm,58.95000000000001,deg,489.7275365847028,N
angle-force,32.5 kg gross; retuned k = 7.35 N/mm,59.00000000000001,deg,490.0482098355528,N
angle-force,32.5 kg gross; retuned k = 7.35 N/mm,59.050000000000004,deg,490.3688830864029,N
angle-force,32.5 kg gross; retuned k = 7.35 N/mm,59.1,deg,490.68955633725295,N
angle-force,32.5 kg gross; retuned k = 7.35 N/mm,59.15,deg,491.01022958810296,N
angle-force,32.5 kg gross; retuned k = 7.35 N/mm,59.20000000000001,deg,491.3309028389531,N
angle-force,32.5 kg gross; retuned k = 7.35 N/mm,59.25000000000001,deg,491.65157608980314,N
angle-force,32.5 kg gross; retuned k = 7.35 N/mm,59.300000000000004,deg,491.97224934065315,N
angle-force,32.5 kg gross; retuned k = 7.35 N/mm,59.349999999999994,deg,492.29292259150316,N
angle-force,32.5 kg gross; retuned k = 7.35 N/mm,59.39999999999999,deg,492.6135958423532,N
angle-force,32.5 kg gross; retuned k = 7.35 N/mm,59.45,deg,492.93426909320334,N
angle-force,32.5 kg gross; retuned k = 7.35 N/mm,59.5,deg,493.25494234405335,N
angle-force,32.5 kg gross; retuned k = 7.35 N/mm,59.55000000000001,deg,493.5756155949035,N
angle-force,32.5 kg gross; retuned k = 7.35 N/mm,59.60000000000001,deg,493.89628884575353,N
angle-force,32.5 kg gross; retuned k = 7.35 N/mm,59.650000000000006,deg,494.21696209660354,N
angle-force,32.5 kg gross; retuned k = 7.35 N/mm,59.7,deg,494.5376353474536,N
angle-force,32.5 kg gross; retuned k = 7.35 N/mm,59.75,deg,494.85830859830367,N
angle-force,32.5 kg gross; retuned k = 7.35 N/mm,59.80000000000001,deg,495.17898184915373,N
angle-force,32.5 kg gross; retuned k = 7.35 N/mm,59.85,deg,495.4996551000038,N
angle-force,32.5 kg gross; retuned k = 7.35 N/mm,59.9,deg,495.82032835085386,N
angle-force,32.5 kg gross; retuned k = 7.35 N/mm,59.949999999999996,deg,496.14100160170386,N
angle-force,32.5 kg gross; retuned k = 7.35 N/mm,59.99999999999999,deg,496.46167485255387,N
angle-force,32.5 kg gross; retuned k = 7.35 N/mm,60.050000000000004,deg,496.78234810340405,N
angle-force,32.5 kg gross; retuned k = 7.35 N/mm,60.1,deg,497.10302135425405,N
angle-force,32.5 kg gross; retuned k = 7.35 N/mm,60.15,deg,497.42369460510406,N
angle-force,32.5 kg gross; retuned k = 7.35 N/mm,60.20000000000001,deg,497.74436785595424,N
angle-force,32.5 kg gross; retuned k = 7.35 N/mm,60.25000000000001,deg,498.06504110680424,N
angle-force,32.5 kg gross; retuned k = 7.35 N/mm,60.300000000000004,deg,498.38571435765425,N
angle-force,32.5 kg gross; retuned k = 7.35 N/mm,60.35,deg,498.7063876085043,N
angle-force,32.5 kg gross; retuned k = 7.35 N/mm,60.4,deg,499.0270608593544,N
angle-force,32.5 kg gross; retuned k = 7.35 N/mm,60.45,deg,499.34773411020444,N
angle-force,32.5 kg gross; retuned k = 7.35 N/mm,60.5,deg,499.6684073610545,N
angle-force,32.5 kg gross; retuned k = 7.35 N/mm,60.55,deg,499.98908061190457,N
angle-force,32.5 kg gross; retuned k = 7.35 N/mm,60.599999999999994,deg,500.3097538627546,N
angle-force,32.5 kg gross; retuned k = 7.35 N/mm,60.650000000000006,deg,500.6304271136047,N
angle-force,32.5 kg gross; retuned k = 7.35 N/mm,60.7,deg,500.95110036445476,N
angle-force,32.5 kg gross; retuned k = 7.35 N/mm,60.75,deg,501.27177361530477,N
angle-force,32.5 kg gross; retuned k = 7.35 N/mm,60.80000000000001,deg,501.5924468661549,N
angle-force,32.5 kg gross; retuned k = 7.35 N/mm,60.85000000000001,deg,501.91312011700495,N
angle-force,32.5 kg gross; retuned k = 7.35 N/mm,60.900000000000006,deg,502.23379336785496,N
angle-force,32.5 kg gross; retuned k = 7.35 N/mm,60.95,deg,502.55446661870496,N
angle-force,32.5 kg gross; retuned k = 7.35 N/mm,61.0,deg,502.875139869555,N
angle-force,32.5 kg gross; retuned k = 7.35 N/mm,61.050000000000004,deg,503.19581312040515,N
angle-force,32.5 kg gross; retuned k = 7.35 N/mm,61.1,deg,503.51648637125516,N
angle-force,32.5 kg gross; retuned k = 7.35 N/mm,61.15,deg,503.8371596221052,N
angle-force,32.5 kg gross; retuned k = 7.35 N/mm,61.20000000000001,deg,504.15783287295534,N
angle-force,32.5 kg gross; retuned k = 7.35 N/mm,61.25000000000001,deg,504.47850612380535,N
angle-force,32.5 kg gross; retuned k = 7.35 N/mm,61.300000000000004,deg,504.7991793746554,N
angle-force,32.5 kg gross; retuned k = 7.35 N/mm,61.35,deg,505.1198526255055,N
angle-force,32.5 kg gross; retuned k = 7.35 N/mm,61.4,deg,505.4405258763555,N
angle-force,32.5 kg gross; retuned k = 7.35 N/mm,61.45000000000001,deg,505.7611991272056,N
angle-force,32.5 kg gross; retuned k = 7.35 N/mm,61.50000000000001,deg,506.08187237805566,N
angle-force,32.5 kg gross; retuned k = 7.35 N/mm,61.550000000000004,deg,506.40254562890567,N
angle-force,32.5 kg gross; retuned k = 7.35 N/mm,61.599999999999994,deg,506.7232188797557,N
angle-force,32.5 kg gross; retuned k = 7.35 N/mm,61.64999999999999,deg,507.04389213060574,N
angle-force,32.5 kg gross; retuned k = 7.35 N/mm,61.7,deg,507.36456538145586,N
angle-force,32.5 kg gross; retuned k = 7.35 N/mm,61.75,deg,507.68523863230587,N
angle-force,32.5 kg gross; retuned k = 7.35 N/mm,61.80000000000001,deg,508.00591188315605,N
angle-force,32.5 kg gross; retuned k = 7.35 N/mm,61.85000000000001,deg,508.32658513400605,N
angle-force,32.5 kg gross; retuned k = 7.35 N/mm,61.900000000000006,deg,508.64725838485606,N
angle-force,32.5 kg gross; retuned k = 7.35 N/mm,61.95,deg,508.9679316357061,N
angle-force,32.5 kg gross; retuned k = 7.35 N/mm,62.0,deg,509.2886048865562,N
angle-force,32.5 kg gross; retuned k = 7.35 N/mm,62.05000000000001,deg,509.60927813740625,N
angle-force,32.5 kg gross; retuned k = 7.35 N/mm,62.1,deg,509.9299513882563,N
angle-force,32.5 kg gross; retuned k = 7.35 N/mm,62.15,deg,510.2506246391064,N
angle-force,32.5 kg gross; retuned k = 7.35 N/mm,62.199999999999996,deg,510.5712978899564,N
angle-force,32.5 kg gross; retuned k = 7.35 N/mm,62.24999999999999,deg,510.8919711408064,N
angle-force,32.5 kg gross; retuned k = 7.35 N/mm,62.300000000000004,deg,511.21264439165657,N
angle-force,32.5 kg gross; retuned k = 7.35 N/mm,62.35,deg,511.5333176425066,N
angle-force,32.5 kg gross; retuned k = 7.35 N/mm,62.4,deg,511.8539908933566,N
angle-force,32.5 kg gross; retuned k = 7.35 N/mm,62.45000000000001,deg,512.1746641442068,N
angle-force,32.5 kg gross; retuned k = 7.35 N/mm,62.50000000000001,deg,512.4953373950568,N
angle-force,32.5 kg gross; retuned k = 7.35 N/mm,62.550000000000004,deg,512.8160106459068,N
angle-force,32.5 kg gross; retuned k = 7.35 N/mm,62.6,deg,513.1366838967568,N
angle-force,32.5 kg gross; retuned k = 7.35 N/mm,62.65,deg,513.4573571476069,N
angle-force,32.5 kg gross; retuned k = 7.35 N/mm,62.7,deg,513.778030398457,N
angle-force,32.5 kg gross; retuned k = 7.35 N/mm,62.75,deg,514.098703649307,N
angle-force,32.5 kg gross; retuned k = 7.35 N/mm,62.8,deg,514.4193769001571,N
angle-force,32.5 kg gross; retuned k = 7.35 N/mm,62.849999999999994,deg,514.7400501510072,N
angle-force,32.5 kg gross; retuned k = 7.35 N/mm,62.900000000000006,deg,515.0607234018572,N
angle-force,32.5 kg gross; retuned k = 7.35 N/mm,62.95,deg,515.3813966527073,N
angle-force,32.5 kg gross; retuned k = 7.35 N/mm,63.0,deg,515.7020699035572,N
angle-force,32.5 kg gross; retuned k = 7.35 N/mm,63.05000000000001,deg,516.0227431544074,N
angle-force,32.5 kg gross; retuned k = 7.35 N/mm,63.10000000000001,deg,516.3434164052575,N
angle-force,32.5 kg gross; retuned k = 7.35 N/mm,63.150000000000006,deg,516.6640896561075,N
angle-force,32.5 kg gross; retuned k = 7.35 N/mm,63.2,deg,516.9847629069575,N
angle-force,32.5 kg gross; retuned k = 7.35 N/mm,63.25,deg,517.3054361578075,N
angle-force,32.5 kg gross; retuned k = 7.35 N/mm,63.300000000000004,deg,517.6261094086576,N
angle-force,32.5 kg gross; retuned k = 7.35 N/mm,63.35,deg,517.9467826595077,N
angle-force,32.5 kg gross; retuned k = 7.35 N/mm,63.40000000000001,deg,518.2674559103579,N
angle-force,32.5 kg gross; retuned k = 7.35 N/mm,63.45000000000001,deg,518.5881291612079,N
angle-force,32.5 kg gross; retuned k = 7.35 N/mm,63.50000000000001,deg,518.9088024120579,N
angle-force,32.5 kg gross; retuned k = 7.35 N/mm,63.550000000000004,deg,519.2294756629079,N
angle-force,32.5 kg gross; retuned k = 7.35 N/mm,63.6,deg,519.550148913758,N
angle-force,32.5 kg gross; retuned k = 7.35 N/mm,63.65000000000001,deg,519.8708221646081,N
angle-force,32.5 kg gross; retuned k = 7.35 N/mm,63.70000000000001,deg,520.1914954154581,N
angle-force,32.5 kg gross; retuned k = 7.35 N/mm,63.75000000000001,deg,520.5121686663082,N
angle-force,32.5 kg gross; retuned k = 7.35 N/mm,63.800000000000004,deg,520.8328419171582,N
angle-force,32.5 kg gross; retuned k = 7.35 N/mm,63.849999999999994,deg,521.1535151680082,N
angle-force,32.5 kg gross; retuned k = 7.35 N/mm,63.900000000000006,deg,521.4741884188584,N
angle-force,32.5 kg gross; retuned k = 7.35 N/mm,63.95,deg,521.7948616697083,N
angle-force,32.5 kg gross; retuned k = 7.35 N/mm,64.0,deg,522.1155349205584,N
angle-force,32.5 kg gross; retuned k = 7.35 N/mm,64.05000000000001,deg,522.4362081714086,N
angle-force,32.5 kg gross; retuned k = 7.35 N/mm,64.1,deg,522.7568814222585,N
angle-force,32.5 kg gross; retuned k = 7.35 N/mm,64.15,deg,523.0775546731086,N
angle-force,32.5 kg gross; retuned k = 7.35 N/mm,64.2,deg,523.3982279239586,N
angle-force,32.5 kg gross; retuned k = 7.35 N/mm,64.25,deg,523.7189011748087,N
angle-force,32.5 kg gross; retuned k = 7.35 N/mm,64.30000000000001,deg,524.0395744256588,N
angle-force,32.5 kg gross; retuned k = 7.35 N/mm,64.35,deg,524.3602476765087,N
angle-force,32.5 kg gross; retuned k = 7.35 N/mm,64.4,deg,524.6809209273589,N
angle-force,32.5 kg gross; retuned k = 7.35 N/mm,64.45,deg,525.001594178209,N
angle-force,32.5 kg gross; retuned k = 7.35 N/mm,64.5,deg,525.3222674290589,N
angle-force,32.5 kg gross; retuned k = 7.35 N/mm,64.55000000000001,deg,525.6429406799091,N
angle-force,32.5 kg gross; retuned k = 7.35 N/mm,64.6,deg,525.963613930759,N
angle-force,32.5 kg gross; retuned k = 7.35 N/mm,64.65,deg,526.2842871816092,N
angle-force,32.5 kg gross; retuned k = 7.35 N/mm,64.7,deg,526.6049604324593,N
angle-force,32.5 kg gross; retuned k = 7.35 N/mm,64.75,deg,526.9256336833093,N
angle-force,32.5 kg gross; retuned k = 7.35 N/mm,64.80000000000001,deg,527.2463069341594,N
angle-force,32.5 kg gross; retuned k = 7.35 N/mm,64.85,deg,527.5669801850094,N
angle-force,32.5 kg gross; retuned k = 7.35 N/mm,64.9,deg,527.8876534358594,N
angle-force,32.5 kg gross; retuned k = 7.35 N/mm,64.95,deg,528.2083266867095,N
angle-force,32.5 kg gross; retuned k = 7.35 N/mm,65.0,deg,528.5289999375595,N
angle-force,32.5 kg gross; retuned k = 7.35 N/mm,65.05000000000001,deg,528.8496731884097,N
angle-force,32.5 kg gross; retuned k = 7.35 N/mm,65.1,deg,529.1703464392597,N
angle-force,32.5 kg gross; retuned k = 7.35 N/mm,65.15,deg,529.4910196901097,N
angle-force,32.5 kg gross; retuned k = 7.35 N/mm,65.2,deg,529.8116929409598,N
angle-force,32.5 kg gross; retuned k = 7.35 N/mm,65.25,deg,530.1323661918098,N
angle-force,32.5 kg gross; retuned k = 7.35 N/mm,65.30000000000001,deg,530.4530394426599,N
angle-force,32.5 kg gross; retuned k = 7.35 N/mm,65.35,deg,530.7737126935099,N
angle-force,32.5 kg gross; retuned k = 7.35 N/mm,65.4,deg,531.09438594436,N
angle-force,32.5 kg gross; retuned k = 7.35 N/mm,65.45,deg,531.41505919521,N
angle-force,32.5 kg gross; retuned k = 7.35 N/mm,65.5,deg,531.7357324460601,N
angle-force,32.5 kg gross; retuned k = 7.35 N/mm,65.55000000000001,deg,532.0564056969101,N
angle-force,32.5 kg gross; retuned k = 7.35 N/mm,65.6,deg,532.3770789477601,N
angle-force,32.5 kg gross; retuned k = 7.35 N/mm,65.65000000000002,deg,532.6977521986103,N
angle-force,32.5 kg gross; retuned k = 7.35 N/mm,65.7,deg,533.0184254494604,N
angle-force,32.5 kg gross; retuned k = 7.35 N/mm,65.75,deg,533.3390987003104,N
angle-force,32.5 kg gross; retuned k = 7.35 N/mm,65.80000000000001,deg,533.6597719511606,N
angle-force,32.5 kg gross; retuned k = 7.35 N/mm,65.85,deg,533.9804452020105,N
angle-force,32.5 kg gross; retuned k = 7.35 N/mm,65.9,deg,534.3011184528606,N
angle-force,32.5 kg gross; retuned k = 7.35 N/mm,65.95,deg,534.6217917037106,N
angle-force,32.5 kg gross; retuned k = 7.35 N/mm,66.0,deg,534.9424649545606,N
angle-force,32.5 kg gross; retuned k = 7.35 N/mm,66.05000000000001,deg,535.2631382054108,N
angle-force,32.5 kg gross; retuned k = 7.35 N/mm,66.1,deg,535.5838114562607,N
angle-force,32.5 kg gross; retuned k = 7.35 N/mm,66.15,deg,535.9044847071109,N
angle-force,32.5 kg gross; retuned k = 7.35 N/mm,66.2,deg,536.2251579579608,N
angle-force,32.5 kg gross; retuned k = 7.35 N/mm,66.25,deg,536.5458312088109,N
angle-force,32.5 kg gross; retuned k = 7.35 N/mm,66.30000000000001,deg,536.866504459661,N
angle-force,32.5 kg gross; retuned k = 7.35 N/mm,66.35,deg,537.1871777105109,N
angle-force,32.5 kg gross; retuned k = 7.35 N/mm,66.4,deg,537.5078509613611,N
angle-force,32.5 kg gross; retuned k = 7.35 N/mm,66.45,deg,537.8285242122112,N
angle-force,32.5 kg gross; retuned k = 7.35 N/mm,66.5,deg,538.1491974630612,N
angle-force,32.5 kg gross; retuned k = 7.35 N/mm,66.55000000000001,deg,538.4698707139113,N
angle-force,32.5 kg gross; retuned k = 7.35 N/mm,66.6,deg,538.7905439647612,N
angle-force,32.5 kg gross; retuned k = 7.35 N/mm,66.65,deg,539.1112172156113,N
angle-force,32.5 kg gross; retuned k = 7.35 N/mm,66.7,deg,539.4318904664615,N
angle-force,32.5 kg gross; retuned k = 7.35 N/mm,66.75,deg,539.7525637173114,N
angle-force,32.5 kg gross; retuned k = 7.35 N/mm,66.80000000000001,deg,540.0732369681616,N
angle-force,32.5 kg gross; retuned k = 7.35 N/mm,66.85,deg,540.3939102190116,N
angle-force,32.5 kg gross; retuned k = 7.35 N/mm,66.9,deg,540.7145834698617,N
angle-force,32.5 kg gross; retuned k = 7.35 N/mm,66.95,deg,541.0352567207117,N
angle-force,32.5 kg gross; retuned k = 7.35 N/mm,67.0,deg,541.3559299715619,N
angle-force,32.5 kg gross; retuned k = 7.35 N/mm,67.05000000000001,deg,541.6766032224119,N
angle-force,32.5 kg gross; retuned k = 7.35 N/mm,67.1,deg,541.9972764732619,N
angle-force,32.5 kg gross; retuned k = 7.35 N/mm,67.15,deg,542.3179497241119,N
angle-force,32.5 kg gross; retuned k = 7.35 N/mm,67.2,deg,542.638622974962,N
angle-force,32.5 kg gross; retuned k = 7.35 N/mm,67.25,deg,542.9592962258121,N
angle-force,32.5 kg gross; retuned k = 7.35 N/mm,67.30000000000001,deg,543.2799694766622,N
angle-force,32.5 kg gross; retuned k = 7.35 N/mm,67.35,deg,543.6006427275122,N
angle-force,32.5 kg gross; retuned k = 7.35 N/mm,67.4,deg,543.9213159783623,N
angle-force,32.5 kg gross; retuned k = 7.35 N/mm,67.45,deg,544.2419892292123,N
angle-force,32.5 kg gross; retuned k = 7.35 N/mm,67.5,deg,544.5626624800623,N
angle-force,32.5 kg gross; retuned k = 7.35 N/mm,67.55000000000001,deg,544.8833357309124,N
angle-force,32.5 kg gross; retuned k = 7.35 N/mm,67.6,deg,545.2040089817624,N
angle-force,32.5 kg gross; retuned k = 7.35 N/mm,67.65,deg,545.5246822326126,N
angle-force,32.5 kg gross; retuned k = 7.35 N/mm,67.7,deg,545.8453554834625,N
angle-force,32.5 kg gross; retuned k = 7.35 N/mm,67.75,deg,546.1660287343126,N
angle-force,32.5 kg gross; retuned k = 7.35 N/mm,67.80000000000001,deg,546.4867019851627,N
angle-force,32.5 kg gross; retuned k = 7.35 N/mm,67.85,deg,546.8073752360126,N
angle-force,32.5 kg gross; retuned k = 7.35 N/mm,67.90000000000002,deg,547.1280484868628,N
angle-force,32.5 kg gross; retuned k = 7.35 N/mm,67.95,deg,547.448721737713,N
angle-force,32.5 kg gross; retuned k = 7.35 N/mm,68.0,deg,547.7693949885629,N
angle-force,32.5 kg gross; retuned k = 7.35 N/mm,68.05000000000001,deg,548.0900682394131,N
angle-force,32.5 kg gross; retuned k = 7.35 N/mm,68.1,deg,548.410741490263,N
angle-force,32.5 kg gross; retuned k = 7.35 N/mm,68.15,deg,548.7314147411131,N
angle-force,32.5 kg gross; retuned k = 7.35 N/mm,68.2,deg,549.0520879919632,N
angle-force,32.5 kg gross; retuned k = 7.35 N/mm,68.25,deg,549.3727612428131,N
angle-force,32.5 kg gross; retuned k = 7.35 N/mm,68.30000000000001,deg,549.6934344936633,N
angle-force,32.5 kg gross; retuned k = 7.35 N/mm,68.35,deg,550.0141077445132,N
angle-force,32.5 kg gross; retuned k = 7.35 N/mm,68.4,deg,550.3347809953634,N
angle-force,32.5 kg gross; retuned k = 7.35 N/mm,68.45,deg,550.6554542462134,N
angle-force,32.5 kg gross; retuned k = 7.35 N/mm,68.5,deg,550.9761274970634,N
angle-force,32.5 kg gross; retuned k = 7.35 N/mm,68.55000000000001,deg,551.2968007479135,N
angle-force,32.5 kg gross; retuned k = 7.35 N/mm,68.6,deg,551.6174739987634,N
angle-force,32.5 kg gross; retuned k = 7.35 N/mm,68.65,deg,551.9381472496136,N
angle-force,32.5 kg gross; retuned k = 7.35 N/mm,68.7,deg,552.2588205004637,N
angle-force,32.5 kg gross; retuned k = 7.35 N/mm,68.75,deg,552.5794937513137,N
angle-force,32.5 kg gross; retuned k = 7.35 N/mm,68.80000000000001,deg,552.9001670021638,N
angle-force,32.5 kg gross; retuned k = 7.35 N/mm,68.85,deg,553.2208402530138,N
angle-force,32.5 kg gross; retuned k = 7.35 N/mm,68.9,deg,553.5415135038638,N
angle-force,32.5 kg gross; retuned k = 7.35 N/mm,68.95,deg,553.862186754714,N
angle-force,32.5 kg gross; retuned k = 7.35 N/mm,69.0,deg,554.182860005564,N
angle-force,32.5 kg gross; retuned k = 7.35 N/mm,69.05000000000001,deg,554.5035332564141,N
angle-force,32.5 kg gross; retuned k = 7.35 N/mm,69.1,deg,554.8242065072641,N
angle-force,32.5 kg gross; retuned k = 7.35 N/mm,69.15,deg,555.1448797581143,N
angle-force,32.5 kg gross; retuned k = 7.35 N/mm,69.2,deg,555.4655530089642,N
angle-force,32.5 kg gross; retuned k = 7.35 N/mm,69.25,deg,555.7862262598144,N
angle-force,32.5 kg gross; retuned k = 7.35 N/mm,69.30000000000001,deg,556.1068995106644,N
angle-force,32.5 kg gross; retuned k = 7.35 N/mm,69.35,deg,556.4275727615144,N
angle-force,32.5 kg gross; retuned k = 7.35 N/mm,69.4,deg,556.7482460123645,N
angle-force,32.5 kg gross; retuned k = 7.35 N/mm,69.45,deg,557.0689192632145,N
angle-force,32.5 kg gross; retuned k = 7.35 N/mm,69.5,deg,557.3895925140646,N
angle-force,32.5 kg gross; retuned k = 7.35 N/mm,69.55000000000001,deg,557.7102657649148,N
angle-force,32.5 kg gross; retuned k = 7.35 N/mm,69.6,deg,558.0309390157647,N
angle-force,32.5 kg gross; retuned k = 7.35 N/mm,69.65,deg,558.3516122666148,N
angle-force,32.5 kg gross; retuned k = 7.35 N/mm,69.7,deg,558.6722855174648,N
angle-force,32.5 kg gross; retuned k = 7.35 N/mm,69.75,deg,558.9929587683148,N
angle-force,32.5 kg gross; retuned k = 7.35 N/mm,69.80000000000001,deg,559.313632019165,N
angle-force,32.5 kg gross; retuned k = 7.35 N/mm,69.85,deg,559.6343052700149,N
angle-force,32.5 kg gross; retuned k = 7.35 N/mm,69.9,deg,559.9549785208651,N
angle-force,32.5 kg gross; retuned k = 7.35 N/mm,69.95,deg,560.275651771715,N
angle-force,32.5 kg gross; retuned k = 7.35 N/mm,70.0,deg,560.5963250225651,N
angle-force,32.5 kg gross; retuned k = 7.35 N/mm,70.05000000000001,deg,560.9169982734152,N
angle-force,32.5 kg gross; retuned k = 7.35 N/mm,70.1,deg,561.2376715242651,N
angle-force,32.5 kg gross; retuned k = 7.35 N/mm,70.15000000000002,deg,561.5583447751153,N
angle-force,32.5 kg gross; retuned k = 7.35 N/mm,70.2,deg,561.8790180259655,N
angle-force,32.5 kg gross; retuned k = 7.35 N/mm,70.25,deg,562.1996912768154,N
angle-force,32.5 kg gross; retuned k = 7.35 N/mm,70.30000000000001,deg,562.5203645276656,N
angle-force,32.5 kg gross; retuned k = 7.35 N/mm,70.35,deg,562.8410377785156,N
angle-force,32.5 kg gross; retuned k = 7.35 N/mm,70.4,deg,563.1617110293656,N
angle-force,32.5 kg gross; retuned k = 7.35 N/mm,70.45,deg,563.4823842802157,N
angle-force,32.5 kg gross; retuned k = 7.35 N/mm,70.5,deg,563.8030575310656,N
angle-force,32.5 kg gross; retuned k = 7.35 N/mm,70.55000000000001,deg,564.1237307819158,N
angle-force,32.5 kg gross; retuned k = 7.35 N/mm,70.6,deg,564.4444040327658,N
angle-force,32.5 kg gross; retuned k = 7.35 N/mm,70.65,deg,564.7650772836159,N
angle-force,32.5 kg gross; retuned k = 7.35 N/mm,70.7,deg,565.0857505344659,N
angle-force,32.5 kg gross; retuned k = 7.35 N/mm,70.75,deg,565.406423785316,N
angle-force,32.5 kg gross; retuned k = 7.35 N/mm,70.80000000000001,deg,565.727097036166,N
angle-force,32.5 kg gross; retuned k = 7.35 N/mm,70.85,deg,566.047770287016,N
angle-force,32.5 kg gross; retuned k = 7.35 N/mm,70.9,deg,566.3684435378661,N
angle-force,32.5 kg gross; retuned k = 7.35 N/mm,70.95,deg,566.6891167887162,N
angle-force,32.5 kg gross; retuned k = 7.35 N/mm,71.0,deg,567.0097900395663,N
angle-force,32.5 kg gross; retuned k = 7.35 N/mm,71.05000000000001,deg,567.3304632904163,N
angle-force,32.5 kg gross; retuned k = 7.35 N/mm,71.1,deg,567.6511365412663,N
angle-force,32.5 kg gross; retuned k = 7.35 N/mm,71.15,deg,567.9718097921163,N
angle-force,32.5 kg gross; retuned k = 7.35 N/mm,71.2,deg,568.2924830429665,N
angle-force,32.5 kg gross; retuned k = 7.35 N/mm,71.25,deg,568.6131562938165,N
angle-force,32.5 kg gross; retuned k = 7.35 N/mm,71.30000000000001,deg,568.9338295446667,N
angle-force,32.5 kg gross; retuned k = 7.35 N/mm,71.35,deg,569.2545027955166,N
angle-force,32.5 kg gross; retuned k = 7.35 N/mm,71.4,deg,569.5751760463668,N
angle-force,32.5 kg gross; retuned k = 7.35 N/mm,71.45,deg,569.8958492972167,N
angle-force,32.5 kg gross; retuned k = 7.35 N/mm,71.5,deg,570.2165225480668,N
angle-force,32.5 kg gross; retuned k = 7.35 N/mm,71.55000000000001,deg,570.5371957989169,N
angle-force,32.5 kg gross; retuned k = 7.35 N/mm,71.6,deg,570.8578690497668,N
angle-force,32.5 kg gross; retuned k = 7.35 N/mm,71.65,deg,571.178542300617,N
angle-force,32.5 kg gross; retuned k = 7.35 N/mm,71.7,deg,571.499215551467,N
angle-force,32.5 kg gross; retuned k = 7.35 N/mm,71.75,deg,571.8198888023171,N
angle-force,32.5 kg gross; retuned k = 7.35 N/mm,71.80000000000001,deg,572.1405620531672,N
angle-force,32.5 kg gross; retuned k = 7.35 N/mm,71.85,deg,572.4612353040171,N
angle-force,32.5 kg gross; retuned k = 7.35 N/mm,71.9,deg,572.7819085548672,N
angle-force,32.5 kg gross; retuned k = 7.35 N/mm,71.95,deg,573.1025818057174,N
angle-force,32.5 kg gross; retuned k = 7.35 N/mm,72.0,deg,573.4232550565673,N
angle-force,32.5 kg gross; retuned k = 7.35 N/mm,72.05000000000001,deg,573.7439283074175,N
angle-force,32.5 kg gross; retuned k = 7.35 N/mm,72.1,deg,574.0646015582674,N
angle-force,32.5 kg gross; retuned k = 7.35 N/mm,72.15,deg,574.3852748091175,N
angle-force,32.5 kg gross; retuned k = 7.35 N/mm,72.2,deg,574.7059480599676,N
angle-force,32.5 kg gross; retuned k = 7.35 N/mm,72.25,deg,575.0266213108175,N
angle-force,32.5 kg gross; retuned k = 7.35 N/mm,72.30000000000001,deg,575.3472945616677,N
angle-force,32.5 kg gross; retuned k = 7.35 N/mm,72.35,deg,575.6679678125176,N
angle-force,32.5 kg gross; retuned k = 7.35 N/mm,72.40000000000002,deg,575.9886410633678,N
angle-force,32.5 kg gross; retuned k = 7.35 N/mm,72.45,deg,576.3093143142179,N
angle-force,32.5 kg gross; retuned k = 7.35 N/mm,72.5,deg,576.629987565068,N
angle-force,32.5 kg gross; retuned k = 7.35 N/mm,72.55000000000001,deg,576.9506608159181,N
angle-force,32.5 kg gross; retuned k = 7.35 N/mm,72.6,deg,577.2713340667681,N
angle-force,32.5 kg gross; retuned k = 7.35 N/mm,72.65,deg,577.5920073176181,N
angle-force,32.5 kg gross; retuned k = 7.35 N/mm,72.7,deg,577.9126805684682,N
angle-force,32.5 kg gross; retuned k = 7.35 N/mm,72.75,deg,578.2333538193182,N
angle-force,32.5 kg gross; retuned k = 7.35 N/mm,72.80000000000001,deg,578.5540270701683,N
angle-force,32.5 kg gross; retuned k = 7.35 N/mm,72.85,deg,578.8747003210183,N
angle-force,32.5 kg gross; retuned k = 7.35 N/mm,72.9,deg,579.1953735718685,N
angle-force,32.5 kg gross; retuned k = 7.35 N/mm,72.95,deg,579.5160468227184,N
angle-force,32.5 kg gross; retuned k = 7.35 N/mm,73.0,deg,579.8367200735685,N
angle-force,32.5 kg gross; retuned k = 7.35 N/mm,73.05000000000001,deg,580.1573933244185,N
angle-force,32.5 kg gross; retuned k = 7.35 N/mm,73.1,deg,580.4780665752685,N
angle-force,32.5 kg gross; retuned k = 7.35 N/mm,73.15,deg,580.7987398261187,N
angle-force,32.5 kg gross; retuned k = 7.35 N/mm,73.2,deg,581.1194130769686,N
angle-force,32.5 kg gross; retuned k = 7.35 N/mm,73.25,deg,581.4400863278188,N
angle-force,32.5 kg gross; retuned k = 7.35 N/mm,73.30000000000001,deg,581.7607595786689,N
angle-force,32.5 kg gross; retuned k = 7.35 N/mm,73.35,deg,582.0814328295188,N
angle-force,32.5 kg gross; retuned k = 7.35 N/mm,73.4,deg,582.4021060803689,N
angle-force,32.5 kg gross; retuned k = 7.35 N/mm,73.45,deg,582.7227793312189,N
angle-force,32.5 kg gross; retuned k = 7.35 N/mm,73.5,deg,583.043452582069,N
angle-force,32.5 kg gross; retuned k = 7.35 N/mm,73.55000000000001,deg,583.3641258329192,N
angle-force,32.5 kg gross; retuned k = 7.35 N/mm,73.60000000000001,deg,583.6847990837691,N
angle-force,32.5 kg gross; retuned k = 7.35 N/mm,73.65,deg,584.0054723346193,N
angle-force,32.5 kg gross; retuned k = 7.35 N/mm,73.7,deg,584.3261455854692,N
angle-force,32.5 kg gross; retuned k = 7.35 N/mm,73.75,deg,584.6468188363193,N
angle-force,32.5 kg gross; retuned k = 7.35 N/mm,73.80000000000001,deg,584.9674920871694,N
angle-force,32.5 kg gross; retuned k = 7.35 N/mm,73.85,deg,585.2881653380193,N
angle-force,32.5 kg gross; retuned k = 7.35 N/mm,73.9,deg,585.6088385888695,N
angle-force,32.5 kg gross; retuned k = 7.35 N/mm,73.95,deg,585.9295118397196,N
angle-force,32.5 kg gross; retuned k = 7.35 N/mm,74.0,deg,586.2501850905696,N
angle-force,32.5 kg gross; retuned k = 7.35 N/mm,74.05000000000001,deg,586.5708583414197,N
angle-force,32.5 kg gross; retuned k = 7.35 N/mm,74.1,deg,586.8915315922696,N
angle-force,32.5 kg gross; retuned k = 7.35 N/mm,74.15,deg,587.2122048431197,N
angle-force,32.5 kg gross; retuned k = 7.35 N/mm,74.2,deg,587.5328780939699,N
angle-force,32.5 kg gross; retuned k = 7.35 N/mm,74.25,deg,587.8535513448198,N
angle-force,32.5 kg gross; retuned k = 7.35 N/mm,74.30000000000001,deg,588.17422459567,N
angle-force,32.5 kg gross; retuned k = 7.35 N/mm,74.35,deg,588.49489784652,N
angle-force,32.5 kg gross; retuned k = 7.35 N/mm,74.4,deg,588.81557109737,N
angle-force,32.5 kg gross; retuned k = 7.35 N/mm,74.45,deg,589.1362443482201,N
angle-force,32.5 kg gross; retuned k = 7.35 N/mm,74.5,deg,589.45691759907,N
angle-force,32.5 kg gross; retuned k = 7.35 N/mm,74.55000000000001,deg,589.7775908499202,N
angle-force,32.5 kg gross; retuned k = 7.35 N/mm,74.6,deg,590.0982641007702,N
angle-force,32.5 kg gross; retuned k = 7.35 N/mm,74.65000000000002,deg,590.4189373516203,N
angle-force,32.5 kg gross; retuned k = 7.35 N/mm,74.7,deg,590.7396106024704,N
angle-force,32.5 kg gross; retuned k = 7.35 N/mm,74.75,deg,591.0602838533205,N
angle-force,32.5 kg gross; retuned k = 7.35 N/mm,74.80000000000001,deg,591.3809571041706,N
angle-force,32.5 kg gross; retuned k = 7.35 N/mm,74.85,deg,591.7016303550206,N
angle-force,32.5 kg gross; retuned k = 7.35 N/mm,74.9,deg,592.0223036058707,N
angle-force,32.5 kg gross; retuned k = 7.35 N/mm,74.95,deg,592.3429768567207,N
angle-force,32.5 kg gross; retuned k = 7.35 N/mm,75.0,deg,592.6636501075707,N
preload-rms,25 kg gross; same 7.35 N/mm spring,100.0,N,2.2835490276298165,N m
preload-rms,25 kg gross; same 7.35 N/mm spring,102.0,N,2.234848942658105,N m
preload-rms,25 kg gross; same 7.35 N/mm spring,104.0,N,2.1862075453650367,N m
preload-rms,25 kg gross; same 7.35 N/mm spring,106.0,N,2.1376288420401672,N m
preload-rms,25 kg gross; same 7.35 N/mm spring,108.0,N,2.0891172061981,N m
preload-rms,25 kg gross; same 7.35 N/mm spring,110.0,N,2.040677420893347,N m
preload-rms,25 kg gross; same 7.35 N/mm spring,112.0,N,1.9923147269080985,N m
preload-rms,25 kg gross; same 7.35 N/mm spring,114.0,N,1.9440348777647638,N m
preload-rms,25 kg gross; same 7.35 N/mm spring,116.0,N,1.8958442026909352,N m
preload-rms,25 kg gross; same 7.35 N/mm spring,118.0,N,1.8477496788763885,N m
preload-rms,25 kg gross; same 7.35 N/mm spring,120.0,N,1.7997590146180031,N m
preload-rms,25 kg gross; same 7.35 N/mm spring,122.0,N,1.7518807452591438,N m
preload-rms,25 kg gross; same 7.35 N/mm spring,124.0,N,1.7041243442075176,N m
preload-rms,25 kg gross; same 7.35 N/mm spring,126.0,N,1.6565003517752934,N m
preload-rms,25 kg gross; same 7.35 N/mm spring,128.0,N,1.609020525146475,N m
preload-rms,25 kg gross; same 7.35 N/mm spring,130.0,N,1.5616980134627845,N m
preload-rms,25 kg gross; same 7.35 N/mm spring,132.0,N,1.514547562859805,N m
preload-rms,25 kg gross; same 7.35 N/mm spring,134.0,N,1.4675857573155797,N m
preload-rms,25 kg gross; same 7.35 N/mm spring,136.0,N,1.420831302437595,N m
preload-rms,25 kg gross; same 7.35 N/mm spring,138.0,N,1.3743053608632547,N m
preload-rms,25 kg gross; same 7.35 N/mm spring,140.0,N,1.3280319498447501,N m
preload-rms,25 kg gross; same 7.35 N/mm spring,142.0,N,1.2820384139016339,N m
preload-rms,25 kg gross; same 7.35 N/mm spring,144.0,N,1.2363559882292745,N m
preload-rms,25 kg gross; same 7.35 N/mm spring,146.0,N,1.1910204719237005,N m
preload-rms,25 kg gross; same 7.35 N/mm spring,148.0,N,1.1460730340830478,N m
preload-rms,25 kg gross; same 7.35 N/mm spring,150.0,N,1.101561180490349,N m
preload-rms,25 kg gross; same 7.35 N/mm spring,152.0,N,1.0575399137972332,N m
preload-rms,25 kg gross; same 7.35 N/mm spring,154.0,N,1.014073125659697,N m
preload-rms,25 kg gross; same 7.35 N/mm spring,156.0,N,0.9712352645452059,N m
preload-rms,25 kg gross; same 7.35 N/mm spring,158.0,N,0.9291133267837486,N m
preload-rms,25 kg gross; same 7.35 N/mm spring,160.0,N,0.8878092187616284,N m
preload-rms,25 kg gross; same 7.35 N/mm spring,162.0,N,0.8474425312840402,N m
preload-rms,25 kg gross; same 7.35 N/mm spring,164.0,N,0.8081537469690219,N m
preload-rms,25 kg gross; same 7.35 N/mm spring,166.0,N,0.7701078584529821,N m
preload-rms,25 kg gross; same 7.35 N/mm spring,168.0,N,0.733498294859645,N m
preload-rms,25 kg gross; same 7.35 N/mm spring,170.0,N,0.6985509168793461,N m
preload-rms,25 kg gross; same 7.35 N/mm spring,172.0,N,0.6655276240577422,N m
preload-rms,25 kg gross; same 7.35 N/mm spring,174.0,N,0.6347288029504506,N m
preload-rms,25 kg gross; same 7.35 N/mm spring,176.0,N,0.6064934362430318,N m
preload-rms,25 kg gross; same 7.35 N/mm spring,178.0,N,0.5811952538664169,N m
preload-rms,25 kg gross; same 7.35 N/mm spring,180.0,N,0.5592330087072983,N m
preload-rms,25 kg gross; same 7.35 N/mm spring,182.0,N,0.5410131171596356,N m
preload-rms,25 kg gross; same 7.35 N/mm spring,184.0,N,0.5269239298511258,N m
preload-rms,25 kg gross; same 7.35 N/mm spring,186.0,N,0.5173030666453877,N m
preload-rms,25 kg gross; same 7.35 N/mm spring,188.0,N,0.5124022810953235,N m
preload-rms,25 kg gross; same 7.35 N/mm spring,190.0,N,0.5123570362380703,N m
preload-rms,25 kg gross; same 7.35 N/mm spring,192.0,N,0.5171686064463191,N m
preload-rms,25 kg gross; same 7.35 N/mm spring,194.0,N,0.5267039039200262,N m
preload-rms,25 kg gross; same 7.35 N/mm spring,196.0,N,0.5407130822493242,N m
preload-rms,25 kg gross; same 7.35 N/mm spring,198.0,N,0.5588597965738213,N m
preload-rms,25 kg gross; same 7.35 N/mm spring,200.0,N,0.5807563233728079,N m
preload-rms,25 kg gross; same 7.35 N/mm spring,202.0,N,0.6059963218110072,N m
preload-rms,25 kg gross; same 7.35 N/mm spring,204.0,N,0.6341807131720723,N m
preload-rms,25 kg gross; same 7.35 N/mm spring,206.0,N,0.6649351937372593,N m
preload-rms,25 kg gross; same 7.35 N/mm spring,208.0,N,0.697920086242956,N m
preload-rms,25 kg gross; same 7.35 N/mm spring,210.0,N,0.7328342798289007,N m
preload-rms,25 kg gross; same 7.35 N/mm spring,212.0,N,0.7694151783031785,N m
preload-rms,25 kg gross; same 7.35 N/mm spring,214.0,N,0.8074362832535334,N m
preload-rms,25 kg gross; same 7.35 N/mm spring,216.0,N,0.8467036001017408,N m
preload-rms,25 kg gross; same 7.35 N/mm spring,218.0,N,0.8870516452474552,N m
preload-rms,25 kg gross; same 7.35 N/mm spring,220.0,N,0.9283395156122493,N m
preload-rms,25 kg gross; same 7.35 N/mm spring,222.0,N,0.9704472634605933,N m
preload-rms,25 kg gross; same 7.35 N/mm spring,224.0,N,1.0132726810040438,N m
preload-rms,25 kg gross; same 7.35 N/mm spring,226.0,N,1.0567285181067514,N m
preload-rms,25 kg gross; same 7.35 N/mm spring,228.0,N,1.100740112783694,N m
preload-rms,25 kg gross; same 7.35 N/mm spring,230.0,N,1.1452433936949944,N m
preload-rms,25 kg gross; same 7.35 N/mm spring,232.0,N,1.1901832067849873,N m
preload-rms,25 kg gross; same 7.35 N/mm spring,234.0,N,1.2355119184467485,N m
preload-rms,25 kg gross; same 7.35 N/mm spring,236.0,N,1.2811882514037245,N m
preload-rms,25 kg gross; same 7.35 N/mm spring,238.0,N,1.327176314754713,N m
preload-rms,25 kg gross; same 7.35 N/mm spring,240.0,N,1.3734447951617386,N m
preload-rms,25 kg gross; same 7.35 N/mm spring,242.0,N,1.4199662813841174,N m
preload-rms,25 kg gross; same 7.35 N/mm spring,244.0,N,1.466716699018187,N m
preload-rms,25 kg gross; same 7.35 N/mm spring,246.0,N,1.5136748363138548,N m
preload-rms,25 kg gross; same 7.35 N/mm spring,248.0,N,1.5608219453226377,N m
preload-rms,25 kg gross; same 7.35 N/mm spring,250.0,N,1.608141405446583,N m
preload-rms,25 kg gross; same 7.35 N/mm spring,252.0,N,1.6556184387782957,N m
preload-rms,25 kg gross; same 7.35 N/mm spring,254.0,N,1.703239868525173,N m
preload-rms,25 kg gross; same 7.35 N/mm spring,256.0,N,1.7509939133659538,N m
preload-rms,25 kg gross; same 7.35 N/mm spring,258.0,N,1.7988700118562169,N m
preload-rms,25 kg gross; same 7.35 N/mm spring,260.0,N,1.8468586720338278,N m
preload-rms,25 kg gross; same 7.35 N/mm spring,262.0,N,1.8949513422189823,N m
preload-rms,25 kg gross; same 7.35 N/mm spring,264.0,N,1.943140299692354,N m
preload-rms,25 kg gross; same 7.35 N/mm spring,266.0,N,1.9914185544981393,N m
preload-rms,25 kg gross; same 7.35 N/mm spring,268.0,N,2.0397797660802572,N m
preload-rms,25 kg gross; same 7.35 N/mm spring,270.0,N,2.088218170838813,N m
preload-rms,25 kg gross; same 7.35 N/mm spring,272.0,N,2.1367285190057173,N m
preload-rms,25 kg gross; same 7.35 N/mm spring,274.0,N,2.185306019495515,N m
preload-rms,25 kg gross; same 7.35 N/mm spring,276.0,N,2.2339462916002035,N m
preload-rms,25 kg gross; same 7.35 N/mm spring,278.0,N,2.2826453225731917,N m
preload-rms,25 kg gross; same 7.35 N/mm spring,280.0,N,2.3313994302942254,N m
preload-rms,25 kg gross; same 7.35 N/mm spring,282.0,N,2.3802052303293526,N m
preload-rms,25 kg gross; same 7.35 N/mm spring,284.0,N,2.429059606802224,N m
preload-rms,25 kg gross; same 7.35 N/mm spring,286.0,N,2.477959686578687,N m
preload-rms,25 kg gross; same 7.35 N/mm spring,288.0,N,2.5269028163386325,N m
preload-rms,25 kg gross; same 7.35 N/mm spring,290.0,N,2.575886542169721,N m
preload-rms,25 kg gross; same 7.35 N/mm spring,292.0,N,2.6249085913688592,N m
preload-rms,25 kg gross; same 7.35 N/mm spring,294.0,N,2.6739668561807224,N m
preload-rms,25 kg gross; same 7.35 N/mm spring,296.0,N,2.7230593792394586,N m
preload-rms,25 kg gross; same 7.35 N/mm spring,298.0,N,2.7721843405110986,N m
preload-rms,25 kg gross; same 7.35 N/mm spring,300.0,N,2.821340045560961,N m
preload-rms,25 kg gross; same 7.35 N/mm spring,302.0,N,2.87052491499323,N m
preload-rms,25 kg gross; same 7.35 N/mm spring,304.0,N,2.9197374749295286,N m
preload-rms,25 kg gross; same 7.35 N/mm spring,306.0,N,2.9689763484101435,N m
preload-rms,25 kg gross; same 7.35 N/mm spring,308.0,N,3.018240247616117,N m
preload-rms,25 kg gross; same 7.35 N/mm spring,310.0,N,3.0675279668229214,N m
preload-rms,25 kg gross; same 7.35 N/mm spring,312.0,N,3.1168383760072857,N m
preload-rms,25 kg gross; same 7.35 N/mm spring,314.0,N,3.1661704150381262,N m
preload-rms,25 kg gross; same 7.35 N/mm spring,316.0,N,3.2155230883907007,N m
preload-rms,25 kg gross; same 7.35 N/mm spring,318.0,N,3.2648954603301834,N m
preload-rms,25 kg gross; same 7.35 N/mm spring,320.0,N,3.314286650517062,N m
preload-rms,25 kg gross; same 7.35 N/mm spring,322.0,N,3.3636958299921496,N m
preload-rms,25 kg gross; same 7.35 N/mm spring,324.0,N,3.413122217503725,N m
preload-rms,25 kg gross; same 7.35 N/mm spring,326.0,N,3.4625650761434814,N m
preload-rms,25 kg gross; same 7.35 N/mm spring,328.0,N,3.512023710261575,N m
preload-rms,25 kg gross; same 7.35 N/mm spring,330.0,N,3.561497462634285,N m
preload-rms,25 kg gross; same 7.35 N/mm spring,332.0,N,3.610985711860602,N m
preload-rms,25 kg gross; same 7.35 N/mm spring,334.0,N,3.6604878699665684,N m
preload-rms,25 kg gross; same 7.35 N/mm spring,336.0,N,3.710003380198373,N m
preload-rms,25 kg gross; same 7.35 N/mm spring,338.0,N,3.7595317149871637,N m
preload-rms,25 kg gross; same 7.35 N/mm spring,340.0,N,3.809072374070266,N m
preload-rms,25 kg gross; same 7.35 N/mm spring,342.0,N,3.858624882755029,N m
preload-rms,25 kg gross; same 7.35 N/mm spring,344.0,N,3.9081887903128774,N m
preload-rms,25 kg gross; same 7.35 N/mm spring,346.0,N,3.9577636684923716,N m
preload-rms,25 kg gross; same 7.35 N/mm spring,348.0,N,4.0073491101411625,N m
preload-rms,25 kg gross; same 7.35 N/mm spring,350.0,N,4.0569447279276725,N m
preload-rms,25 kg gross; same 7.35 N/mm spring,352.0,N,4.106550153154239,N m
preload-rms,25 kg gross; same 7.35 N/mm spring,354.0,N,4.156165034654191,N m
preload-rms,25 kg gross; same 7.35 N/mm spring,356.0,N,4.205789037766046,N m
preload-rms,25 kg gross; same 7.35 N/mm spring,358.0,N,4.255421843378634,N m
preload-rms,25 kg gross; same 7.35 N/mm spring,360.0,N,4.305063147041513,N m
preload-rms,25 kg gross; same 7.35 N/mm spring,362.0,N,4.354712658135545,N m
preload-rms,25 kg gross; same 7.35 N/mm spring,364.0,N,4.404370099098952,N m
preload-rms,25 kg gross; same 7.35 N/mm spring,366.0,N,4.454035204704593,N m
preload-rms,25 kg gross; same 7.35 N/mm spring,368.0,N,4.503707721384554,N m
preload-rms,25 kg gross; same 7.35 N/mm spring,370.0,N,4.5533874065985005,N m
preload-rms,25 kg gross; same 7.35 N/mm spring,372.0,N,4.603074028242516,N m
preload-rms,25 kg gross; same 7.35 N/mm spring,374.0,N,4.652767364095454,N m
preload-rms,25 kg gross; same 7.35 N/mm spring,376.0,N,4.70246720130005,N m
preload-rms,25 kg gross; same 7.35 N/mm spring,378.0,N,4.752173335876301,N m
preload-rms,25 kg gross; same 7.35 N/mm spring,380.0,N,4.801885572264781,N m
preload-rms,25 kg gross; same 7.35 N/mm spring,382.0,N,4.851603722897782,N m
preload-rms,25 kg gross; same 7.35 N/mm spring,384.0,N,4.901327607796341,N m
preload-rms,25 kg gross; same 7.35 N/mm spring,386.0,N,4.951057054191313,N m
preload-rms,25 kg gross; same 7.35 N/mm spring,388.0,N,5.000791896166899,N m
preload-rms,25 kg gross; same 7.35 N/mm spring,390.0,N,5.050531974325032,N m
preload-rms,25 kg gross; same 7.35 N/mm spring,392.0,N,5.1002771354692555,N m
preload-rms,25 kg gross; same 7.35 N/mm spring,394.0,N,5.150027232306781,N m
preload-rms,25 kg gross; same 7.35 N/mm spring,396.0,N,5.199782123167509,N m
preload-rms,25 kg gross; same 7.35 N/mm spring,398.0,N,5.249541671738912,N m
preload-rms,25 kg gross; same 7.35 N/mm spring,400.0,N,5.299305746815741,N m
preload-rms,25 kg gross; same 7.35 N/mm spring,402.0,N,5.3490742220636,N m
preload-rms,25 kg gross; same 7.35 N/mm spring,404.0,N,5.398846975795506,N m
preload-rms,25 kg gross; same 7.35 N/mm spring,406.0,N,5.448623890760607,N m
preload-rms,25 kg gross; same 7.35 N/mm spring,408.0,N,5.498404853944298,N m
preload-rms,25 kg gross; same 7.35 N/mm spring,410.0,N,5.548189756379029,N m
preload-rms,25 kg gross; same 7.35 N/mm spring,412.0,N,5.59797849296513,N m
preload-rms,25 kg gross; same 7.35 N/mm spring,414.0,N,5.647770962301067,N m
preload-rms,25 kg gross; same 7.35 N/mm spring,416.0,N,5.6975670665225255,N m
preload-rms,25 kg gross; same 7.35 N/mm spring,418.0,N,5.747366711149817,N m
preload-rms,25 kg gross; same 7.35 N/mm spring,420.0,N,5.797169804943101,N m
preload-rms,32.5 kg gross; same 7.35 N/mm spring,100.0,N,5.51770473961478,N m
preload-rms,32.5 kg gross; same 7.35 N/mm spring,102.0,N,5.467860528143894,N m
preload-rms,32.5 kg gross; same 7.35 N/mm spring,104.0,N,5.418019187572211,N m
preload-rms,32.5 kg gross; same 7.35 N/mm spring,106.0,N,5.36818079786507,N m
preload-rms,32.5 kg gross; same 7.35 N/mm spring,108.0,N,5.318345441980417,N m
preload-rms,32.5 kg gross; same 7.35 N/mm spring,110.0,N,5.268513206009879,N m
preload-rms,32.5 kg gross; same 7.35 N/mm spring,112.0,N,5.21868417932788,N m
preload-rms,32.5 kg gross; same 7.35 N/mm spring,114.0,N,5.16885845474934,N m
preload-rms,32.5 kg gross; same 7.35 N/mm spring,116.0,N,5.119036128696529,N m
preload-rms,32.5 kg gross; same 7.35 N/mm spring,118.0,N,5.069217301375723,N m
preload-rms,32.5 kg gross; same 7.35 N/mm spring,120.0,N,5.019402076964305,N m
preload-rms,32.5 kg gross; same 7.35 N/mm spring,122.0,N,4.969590563809075,N m
preload-rms,32.5 kg gross; same 7.35 N/mm spring,124.0,N,4.919782874636524,N m
preload-rms,32.5 kg gross; same 7.35 N/mm spring,126.0,N,4.869979126775949,N m
preload-rms,32.5 kg gross; same 7.35 N/mm spring,128.0,N,4.820179442396315,N m
preload-rms,32.5 kg gross; same 7.35 N/mm spring,130.0,N,4.770383948757864,N m
preload-rms,32.5 kg gross; same 7.35 N/mm spring,132.0,N,4.720592778479551,N m
preload-rms,32.5 kg gross; same 7.35 N/mm spring,134.0,N,4.670806069823485,N m
preload-rms,32.5 kg gross; same 7.35 N/mm spring,136.0,N,4.621023966997631,N m
preload-rms,32.5 kg gross; same 7.35 N/mm spring,138.0,N,4.571246620478176,N m
preload-rms,32.5 kg gross; same 7.35 N/mm spring,140.0,N,4.521474187353032,N m
preload-rms,32.5 kg gross; same 7.35 N/mm spring,142.0,N,4.47170683168814,N m
preload-rms,32.5 kg gross; same 7.35 N/mm spring,144.0,N,4.421944724918324,N m
preload-rms,32.5 kg gross; same 7.35 N/mm spring,146.0,N,4.372188046264663,N m
preload-rms,32.5 kg gross; same 7.35 N/mm spring,148.0,N,4.322436983180464,N m
preload-rms,32.5 kg gross; same 7.35 N/mm spring,150.0,N,4.272691731828175,N m
preload-rms,32.5 kg gross; same 7.35 N/mm spring,152.0,N,4.222952497589746,N m
preload-rms,32.5 kg gross; same 7.35 N/mm spring,154.0,N,4.173219495613199,N m
preload-rms,32.5 kg gross; same 7.35 N/mm spring,156.0,N,4.12349295139845,N m
preload-rms,32.5 kg gross; same 7.35 N/mm spring,158.0,N,4.07377310142567,N m
preload-rms,32.5 kg gross; same 7.35 N/mm spring,160.0,N,4.024060193829851,N m
preload-rms,32.5 kg gross; same 7.35 N/mm spring,162.0,N,3.974354489125568,N m
preload-rms,32.5 kg gross; same 7.35 N/mm spring,164.0,N,3.924656260986327,N m
preload-rms,32.5 kg gross; same 7.35 N/mm spring,166.0,N,3.874965797083349,N m
preload-rms,32.5 kg gross; same 7.35 N/mm spring,168.0,N,3.825283399989132,N m
preload-rms,32.5 kg gross; same 7.35 N/mm spring,170.0,N,3.77560938815167,N m
preload-rms,32.5 kg gross; same 7.35 N/mm spring,172.0,N,3.725944096945853,N m
preload-rms,32.5 kg gross; same 7.35 N/mm spring,174.0,N,3.676287879809233,N m
preload-rms,32.5 kg gross; same 7.35 N/mm spring,176.0,N,3.62664110947015,N m
preload-rms,32.5 kg gross; same 7.35 N/mm spring,178.0,N,3.5770041792770524,N m
preload-rms,32.5 kg gross; same 7.35 N/mm spring,180.0,N,3.5273775046388383,N m
preload-rms,32.5 kg gross; same 7.35 N/mm spring,182.0,N,3.47776152458715,N m
preload-rms,32.5 kg gross; same 7.35 N/mm spring,184.0,N,3.4281567034727796,N m
preload-rms,32.5 kg gross; same 7.35 N/mm spring,186.0,N,3.3785635328097605,N m
preload-rms,32.5 kg gross; same 7.35 N/mm spring,188.0,N,3.3289825332822924,N m
preload-rms,32.5 kg gross; same 7.35 N/mm spring,190.0,N,3.2794142569314424,N m
preload-rms,32.5 kg gross; same 7.35 N/mm spring,192.0,N,3.229859289540618,N m
preload-rms,32.5 kg gross; same 7.35 N/mm spring,194.0,N,3.1803182532410874,N m
preload-rms,32.5 kg gross; same 7.35 N/mm spring,196.0,N,3.1307918093615004,N m
preload-rms,32.5 kg gross; same 7.35 N/mm spring,198.0,N,3.081280661548324,N m
preload-rms,32.5 kg gross; same 7.35 N/mm spring,200.0,N,3.0317855591875715,N m
preload-rms,32.5 kg gross; same 7.35 N/mm spring,202.0,N,2.9823073011621246,N m
preload-rms,32.5 kg gross; same 7.35 N/mm spring,204.0,N,2.932846739983447,N m
preload-rms,32.5 kg gross; same 7.35 N/mm spring,206.0,N,2.883404786341687,N m
preload-rms,32.5 kg gross; same 7.35 N/mm spring,208.0,N,2.8339824141241188,N m
preload-rms,32.5 kg gross; same 7.35 N/mm spring,210.0,N,2.7845806659587695,N m
preload-rms,32.5 kg gross; same 7.35 N/mm spring,212.0,N,2.7352006593480493,N m
preload-rms,32.5 kg gross; same 7.35 N/mm spring,214.0,N,2.685843593466422,N m
preload-rms,32.5 kg gross; same 7.35 N/mm spring,216.0,N,2.636510756706909,N m
preload-rms,32.5 kg gross; same 7.35 N/mm spring,218.0,N,2.5872035350737015,N m
preload-rms,32.5 kg gross; same 7.35 N/mm spring,220.0,N,2.537923421532745,N m
preload-rms,32.5 kg gross; same 7.35 N/mm spring,222.0,N,2.488672026449265,N m
preload-rms,32.5 kg gross; same 7.35 N/mm spring,224.0,N,2.4394510892612113,N m
preload-rms,32.5 kg gross; same 7.35 N/mm spring,226.0,N,2.3902624915611943,N m
preload-rms,32.5 kg gross; same 7.35 N/mm spring,228.0,N,2.3411082717873057,N m
preload-rms,32.5 kg gross; same 7.35 N/mm spring,230.0,N,2.2919906417561053,N m
preload-rms,32.5 kg gross; same 7.35 N/mm spring,232.0,N,2.2429120053101017,N m
preload-rms,32.5 kg gross; same 7.35 N/mm spring,234.0,N,2.193874979398507,N m
preload-rms,32.5 kg gross; same 7.35 N/mm spring,236.0,N,2.1448824179654737,N m
preload-rms,32.5 kg gross; same 7.35 N/mm spring,238.0,N,2.095937439086395,N m
preload-rms,32.5 kg gross; same 7.35 N/mm spring,240.0,N,2.047043455872555,N m
preload-rms,32.5 kg gross; same 7.35 N/mm spring,242.0,N,1.9982042117604675,N m
preload-rms,32.5 kg gross; same 7.35 N/mm spring,244.0,N,1.9494238209183476,N m
preload-rms,32.5 kg gross; same 7.35 N/mm spring,246.0,N,1.9007068146430441,N m
preload-rms,32.5 kg gross; same 7.35 N/mm spring,248.0,N,1.8520581947922494,N m
preload-rms,32.5 kg gross; same 7.35 N/mm spring,250.0,N,1.8034834955063335,N m
preload-rms,32.5 kg gross; same 7.35 N/mm spring,252.0,N,1.754988854731095,N m
preload-rms,32.5 kg gross; same 7.35 N/mm spring,254.0,N,1.706581097368941,N m
preload-rms,32.5 kg gross; same 7.35 N/mm spring,256.0,N,1.6582678322766793,N m
preload-rms,32.5 kg gross; same 7.35 N/mm spring,258.0,N,1.610057565812544,N m
preload-rms,32.5 kg gross; same 7.35 N/mm spring,260.0,N,1.5619598352380362,N m
preload-rms,32.5 kg gross; same 7.35 N/mm spring,262.0,N,1.5139853660334537,N m
preload-rms,32.5 kg gross; same 7.35 N/mm spring,264.0,N,1.4661462581305007,N m
preload-rms,32.5 kg gross; same 7.35 N/mm spring,266.0,N,1.4184562072537474,N m
preload-rms,32.5 kg gross; same 7.35 N/mm spring,268.0,N,1.3709307690628671,N m
preload-rms,32.5 kg gross; same 7.35 N/mm spring,270.0,N,1.323587675686776,N m
preload-rms,32.5 kg gross; same 7.35 N/mm spring,272.0,N,1.2764472166511782,N m
preload-rms,32.5 kg gross; same 7.35 N/mm spring,274.0,N,1.229532699265521,N m
preload-rms,32.5 kg gross; same 7.35 N/mm spring,276.0,N,1.182871007434782,N m
preload-rms,32.5 kg gross; same 7.35 N/mm spring,278.0,N,1.1364932828206218,N m
preload-rms,32.5 kg gross; same 7.35 N/mm spring,280.0,N,1.0904357585676523,N m
preload-rms,32.5 kg gross; same 7.35 N/mm spring,282.0,N,1.0447407837495526,N m
preload-rms,32.5 kg gross; same 7.35 N/mm spring,284.0,N,0.9994580866130641,N m
preload-rms,32.5 kg gross; same 7.35 N/mm spring,286.0,N,0.9546463369032875,N m
preload-rms,32.5 kg gross; same 7.35 N/mm spring,288.0,N,0.910375082166402,N m
preload-rms,32.5 kg gross; same 7.35 N/mm spring,290.0,N,0.8667271496244369,N m
preload-rms,32.5 kg gross; same 7.35 N/mm spring,292.0,N,0.8238016226997364,N m
preload-rms,32.5 kg gross; same 7.35 N/mm spring,294.0,N,0.7817175162610446,N m
preload-rms,32.5 kg gross; same 7.35 N/mm spring,296.0,N,0.7406182801524377,N m
preload-rms,32.5 kg gross; same 7.35 N/mm spring,298.0,N,0.7006772427891265,N m
preload-rms,32.5 kg gross; same 7.35 N/mm spring,300.0,N,0.6621040403359508,N m
preload-rms,32.5 kg gross; same 7.35 N/mm spring,302.0,N,0.6251519190531276,N m
preload-rms,32.5 kg gross; same 7.35 N/mm spring,304.0,N,0.5901254812007579,N m
preload-rms,32.5 kg gross; same 7.35 N/mm spring,306.0,N,0.5573878768228137,N m
preload-rms,32.5 kg gross; same 7.35 N/mm spring,308.0,N,0.5273655344214883,N m
preload-rms,32.5 kg gross; same 7.35 N/mm spring,310.0,N,0.5005472690588572,N m
preload-rms,32.5 kg gross; same 7.35 N/mm spring,312.0,N,0.477473276978825,N m
preload-rms,32.5 kg gross; same 7.35 N/mm spring,314.0,N,0.45870894028295944,N m
preload-rms,32.5 kg gross; same 7.35 N/mm spring,316.0,N,0.44480001524520385,N m
preload-rms,32.5 kg gross; same 7.35 N/mm spring,318.0,N,0.43621120484090214,N m
preload-rms,32.5 kg gross; same 7.35 N/mm spring,320.0,N,0.4332590182504796,N m
preload-rms,32.5 kg gross; same 7.35 N/mm spring,322.0,N,0.43605795321492224,N m
preload-rms,32.5 kg gross; same 7.35 N/mm spring,324.0,N,0.4444993815840526,N m
preload-rms,32.5 kg gross; same 7.35 N/mm spring,326.0,N,0.45827160275891315,N m
preload-rms,32.5 kg gross; same 7.35 N/mm spring,328.0,N,0.4769130146702237,N m
preload-rms,32.5 kg gross; same 7.35 N/mm spring,330.0,N,0.49987917062872195,N m
preload-rms,32.5 kg gross; same 7.35 N/mm spring,332.0,N,0.5266045450763569,N m
preload-rms,32.5 kg gross; same 7.35 N/mm spring,334.0,N,0.5565478493011132,N m
preload-rms,32.5 kg gross; same 7.35 N/mm spring,336.0,N,0.5892186947376268,N m
preload-rms,32.5 kg gross; same 7.35 N/mm spring,338.0,N,0.6241889392603257,N m
preload-rms,32.5 kg gross; same 7.35 N/mm spring,340.0,N,0.6610937857532383,N m
preload-rms,32.5 kg gross; same 7.35 N/mm spring,342.0,N,0.6996271544388242,N m
preload-rms,32.5 kg gross; same 7.35 N/mm spring,344.0,N,0.7395345271823244,N m
preload-rms,32.5 kg gross; same 7.35 N/mm spring,346.0,N,0.7806052001885473,N m
preload-rms,32.5 kg gross; same 7.35 N/mm spring,348.0,N,0.8226649623194244,N m
preload-rms,32.5 kg gross; same 7.35 N/mm spring,350.0,N,0.8655696401183662,N m
preload-rms,32.5 kg gross; same 7.35 N/mm spring,352.0,N,0.9091996280032543,N m
preload-rms,32.5 kg gross; same 7.35 N/mm spring,354.0,N,0.9534553608994362,N m
preload-rms,32.5 kg gross; same 7.35 N/mm spring,356.0,N,0.9982536185231146,N m
preload-rms,32.5 kg gross; same 7.35 N/mm spring,358.0,N,1.043524531844417,N m
preload-rms,32.5 kg gross; same 7.35 N/mm spring,360.0,N,1.0892091673446966,N m
preload-rms,32.5 kg gross; same 7.35 N/mm spring,362.0,N,1.1352575795361797,N m
preload-rms,32.5 kg gross; same 7.35 N/mm spring,364.0,N,1.1816272396830412,N m
preload-rms,32.5 kg gross; same 7.35 N/mm spring,366.0,N,1.2282817654054714,N m
preload-rms,32.5 kg gross; same 7.35 N/mm spring,368.0,N,1.2751898905238386,N m
preload-rms,32.5 kg gross; same 7.35 N/mm spring,370.0,N,1.322324626769394,N m
preload-rms,32.5 kg gross; same 7.35 N/mm spring,372.0,N,1.3696625789687895,N m
preload-rms,32.5 kg gross; same 7.35 N/mm spring,374.0,N,1.417183383297325,N m
preload-rms,32.5 kg gross; same 7.35 N/mm spring,376.0,N,1.4648692445268523,N m
preload-rms,32.5 kg gross; same 7.35 N/mm spring,378.0,N,1.5127045531852175,N m
preload-rms,32.5 kg gross; same 7.35 N/mm spring,380.0,N,1.5606755674687507,N m
preload-rms,32.5 kg gross; same 7.35 N/mm spring,382.0,N,1.608770147833594,N m
preload-rms,32.5 kg gross; same 7.35 N/mm spring,384.0,N,1.6569775346175164,N m
preload-rms,32.5 kg gross; same 7.35 N/mm spring,386.0,N,1.7052881609551391,N m
preload-rms,32.5 kg gross; same 7.35 N/mm spring,388.0,N,1.7536934947590979,N m
preload-rms,32.5 kg gross; same 7.35 N/mm spring,390.0,N,1.8021859047354123,N m
preload-rms,32.5 kg gross; same 7.35 N/mm spring,392.0,N,1.8507585463516343,N m
preload-rms,32.5 kg gross; same 7.35 N/mm spring,394.0,N,1.8994052644341681,N m
preload-rms,32.5 kg gross; same 7.35 N/mm spring,396.0,N,1.9481205096776868,N m
preload-rms,32.5 kg gross; same 7.35 N/mm spring,398.0,N,1.9968992668368295,N m
preload-rms,32.5 kg gross; same 7.35 N/mm spring,400.0,N,2.0457369927632647,N m
preload-rms,32.5 kg gross; same 7.35 N/mm spring,402.0,N,2.0946295627692035,N m
preload-rms,32.5 kg gross; same 7.35 N/mm spring,404.0,N,2.1435732240568135,N m
preload-rms,32.5 kg gross; same 7.35 N/mm spring,406.0,N,2.192564555163642,N m
preload-rms,32.5 kg gross; same 7.35 N/mm spring,408.0,N,2.2416004305465678,N m
preload-rms,32.5 kg gross; same 7.35 N/mm spring,410.0,N,2.2906779895684104,N m
preload-rms,32.5 kg gross; same 7.35 N/mm spring,412.0,N,2.339794609268043,N m
preload-rms,32.5 kg gross; same 7.35 N/mm spring,414.0,N,2.388947880391368,N m
preload-rms,32.5 kg gross; same 7.35 N/mm spring,416.0,N,2.438135586240648,N m
preload-rms,32.5 kg gross; same 7.35 N/mm spring,418.0,N,2.4873556839663373,N m
preload-rms,32.5 kg gross; same 7.35 N/mm spring,420.0,N,2.536606287981299,N m
drum-rate,25 kg gross,40.0,mm,8.35146539838552,N/mm
drum-rate,25 kg gross,40.25,mm,8.248042675771353,N/mm
drum-rate,25 kg gross,40.5,mm,8.146529271401818,N/mm
drum-rate,25 kg gross,40.75,mm,8.046878474864288,N/mm
drum-rate,25 kg gross,41.0,mm,7.949044995488893,N/mm
drum-rate,25 kg gross,41.25,mm,7.852984910878577,N/mm
drum-rate,25 kg gross,41.5,mm,7.758655617603036,N/mm
drum-rate,25 kg gross,41.75,mm,7.666015783953145,N/mm
drum-rate,25 kg gross,42.0,mm,7.575025304658067,N/mm
drum-rate,25 kg gross,42.25,mm,7.4856452574724015,N/mm
drum-rate,25 kg gross,42.5,mm,7.397837861545648,N/mm
drum-rate,25 kg gross,42.75,mm,7.311566437490827,N/mm
drum-rate,25 kg gross,43.0,mm,7.226795369073463,N/mm
drum-rate,25 kg gross,43.25,mm,7.143490066446233,N/mm
drum-rate,25 kg gross,43.5,mm,7.061616930858413,N/mm
drum-rate,25 kg gross,43.75,mm,6.981143320772876,N/mm
drum-rate,25 kg gross,44.0,mm,6.902037519326877,N/mm
drum-rate,25 kg gross,44.25,mm,6.824268703076042,N/mm
drum-rate,25 kg gross,44.5,mm,6.747806911964061,N/mm
drum-rate,25 kg gross,44.75,mm,6.672623020463447,N/mm
drum-rate,25 kg gross,45.0,mm,6.598688709835472,N/mm
drum-rate,25 kg gross,45.25,mm,6.525976441459947,N/mm
drum-rate,25 kg gross,45.5,mm,6.4544594311879395,N/mm
drum-rate,25 kg gross,45.75,mm,6.384111624672857,N/mm
drum-rate,25 kg gross,46.0,mm,6.314907673637444,N/mm
drum-rate,25 kg gross,46.25,mm,6.246822913036356,N/mm
drum-rate,25 kg gross,46.5,mm,6.179833339075883,N/mm
drum-rate,25 kg gross,46.75,mm,6.113915588054256,N/mm
drum-rate,25 kg gross,47.0,mm,6.0490469159877005,N/mm
drum-rate,25 kg gross,47.25,mm,5.985205178989089,N/mm
drum-rate,25 kg gross,47.5,mm,5.92236881436757,N/mm
drum-rate,25 kg gross,47.75,mm,5.860516822419048,N/mm
drum-rate,25 kg gross,48.0,mm,5.799628748878833,N/mm
drum-rate,25 kg gross,48.25,mm,5.739684668009055,N/mm
drum-rate,25 kg gross,48.5,mm,5.680665166294752,N/mm
drum-rate,25 kg gross,48.75,mm,5.622551326723715,N/mm
drum-rate,25 kg gross,49.0,mm,5.565324713626334,N/mm
drum-rate,25 kg gross,49.25,mm,5.508967358052752,N/mm
drum-rate,25 kg gross,49.5,mm,5.453461743665679,N/mm
drum-rate,25 kg gross,49.75,mm,5.398790793128185,N/mm
drum-rate,25 kg gross,50.0,mm,5.344937854966731,N/mm
drum-rate,25 kg gross,50.25,mm,5.2918866908905535,N/mm
drum-rate,25 kg gross,50.5,mm,5.239621463549389,N/mm
drum-rate,25 kg gross,50.75,mm,5.188126724712302,N/mm
drum-rate,25 kg gross,51.0,mm,5.137387403851147,N/mm
drum-rate,25 kg gross,51.25,mm,5.087388797112894,N/mm
drum-rate,25 kg gross,51.5,mm,5.038116556665787,N/mm
drum-rate,25 kg gross,51.75,mm,4.989556680404894,N/mm
drum-rate,25 kg gross,52.0,mm,4.941695502003267,N/mm
drum-rate,25 kg gross,52.25,mm,4.894519681295513,N/mm
drum-rate,25 kg gross,52.5,mm,4.848016194981164,N/mm
drum-rate,25 kg gross,52.75,mm,4.802172327635707,N/mm
drum-rate,25 kg gross,53.0,mm,4.75697566301774,N/mm
drum-rate,25 kg gross,53.25,mm,4.712414075661119,N/mm
drum-rate,25 kg gross,53.5,mm,4.668475722741491,N/mm
drum-rate,25 kg gross,53.75,mm,4.6251490362070165,N/mm
drum-rate,25 kg gross,54.0,mm,4.582422715163522,N/mm
drum-rate,25 kg gross,54.25,mm,4.540285718504731,N/mm
drum-rate,25 kg gross,54.5,mm,4.498727257778581,N/mm
drum-rate,25 kg gross,54.75,mm,4.457736790281047,N/mm
drum-rate,25 kg gross,55.0,mm,4.4173040123692004,N/mm
drum-rate,25 kg gross,55.25,mm,4.377418852985592,N/mm
drum-rate,25 kg gross,55.5,mm,4.338071467386358,N/mm
drum-rate,25 kg gross,55.75,mm,4.299252231065762,N/mm
drum-rate,25 kg gross,56.0,mm,4.260951733870162,N/mm
drum-rate,25 kg gross,56.25,mm,4.223160774294701,N/mm
drum-rate,25 kg gross,56.5,mm,4.185870353956248,N/mm
drum-rate,25 kg gross,56.75,mm,4.1490716722363965,N/mm
drum-rate,25 kg gross,57.0,mm,4.112756121088591,N/mm
drum-rate,25 kg gross,57.25,mm,4.076915280003609,N/mm
drum-rate,25 kg gross,57.5,mm,4.041540911127964,N/mm
drum-rate,25 kg gross,57.75,mm,4.006624954529887,N/mm
drum-rate,25 kg gross,58.0,mm,3.9721595236078566,N/mm
drum-rate,25 kg gross,58.25,mm,3.938136900636764,N/mm
drum-rate,25 kg gross,58.5,mm,3.9045495324470245,N/mm
drum-rate,25 kg gross,58.75,mm,3.8713900262321284,N/mm
drum-rate,25 kg gross,59.0,mm,3.8386511454802736,N/mm
drum-rate,25 kg gross,59.25,mm,3.8063258060259093,N/mm
drum-rate,25 kg gross,59.5,mm,3.774407072217169,N/mm
drum-rate,25 kg gross,59.75,mm,3.74288815319531,N/mm
drum-rate,25 kg gross,60.0,mm,3.7117623992824527,N/mm
drum-rate,32.5 kg gross,40.0,mm,11.483264922780087,N/mm
drum-rate,32.5 kg gross,40.25,mm,11.341058679185611,N/mm
drum-rate,32.5 kg gross,40.5,mm,11.201477748177497,N/mm
drum-rate,32.5 kg gross,40.75,mm,11.064457902938395,N/mm
drum-rate,32.5 kg gross,41.0,mm,10.929936868797228,N/mm
drum-rate,32.5 kg gross,41.25,mm,10.797854252458043,N/mm
drum-rate,32.5 kg gross,41.5,mm,10.668151474204173,N/mm
drum-rate,32.5 kg gross,41.75,mm,10.540771702935574,N/mm
drum-rate,32.5 kg gross,42.0,mm,10.41565979390484,N/mm
drum-rate,32.5 kg gross,42.25,mm,10.29276222902455,N/mm
drum-rate,32.5 kg gross,42.5,mm,10.172027059625266,N/mm
drum-rate,32.5 kg gross,42.75,mm,10.053403851549884,N/mm
drum-rate,32.5 kg gross,43.0,mm,9.936843632476009,N/mm
drum-rate,32.5 kg gross,43.25,mm,9.82229884136357,N/mm
drum-rate,32.5 kg gross,43.5,mm,9.709723279930316,N/mm
drum-rate,32.5 kg gross,43.75,mm,9.599072066062703,N/mm
drum-rate,32.5 kg gross,44.0,mm,9.490301589074454,N/mm
drum-rate,32.5 kg gross,44.25,mm,9.383369466729556,N/mm
drum-rate,32.5 kg gross,44.5,mm,9.278234503950584,N/mm
drum-rate,32.5 kg gross,44.75,mm,9.174856653137239,N/mm
drum-rate,32.5 kg gross,45.0,mm,9.073196976023773,N/mm
drum-rate,32.5 kg gross,45.25,mm,8.973217607007426,N/mm
drum-rate,32.5 kg gross,45.5,mm,8.874881717883413,N/mm
drum-rate,32.5 kg gross,45.75,mm,8.778153483925179,N/mm
drum-rate,32.5 kg gross,46.0,mm,8.682998051251484,N/mm
drum-rate,32.5 kg gross,46.25,mm,8.58938150542499,N/mm
drum-rate,32.5 kg gross,46.5,mm,8.497270841229339,N/mm
drum-rate,32.5 kg gross,46.75,mm,8.406633933574602,N/mm
drum-rate,32.5 kg gross,47.0,mm,8.317439509483087,N/mm
drum-rate,32.5 kg gross,47.25,mm,8.229657121109998,N/mm
drum-rate,32.5 kg gross,47.5,mm,8.143257119755408,N/mm
drum-rate,32.5 kg gross,47.75,mm,8.05821063082619,N/mm
drum-rate,32.5 kg gross,48.0,mm,7.974489529708394,N/mm
drum-rate,32.5 kg gross,48.25,mm,7.8920664185124485,N/mm
drum-rate,32.5 kg gross,48.5,mm,7.810914603655283,N/mm
drum-rate,32.5 kg gross,48.75,mm,7.731008074245107,N/mm
drum-rate,32.5 kg gross,49.0,mm,7.652321481236209,N/mm
drum-rate,32.5 kg gross,49.25,mm,7.574830117322533,N/mm
drum-rate,32.5 kg gross,49.5,mm,7.498509897540308,N/mm
drum-rate,32.5 kg gross,49.75,mm,7.423337340551254,N/mm
drum-rate,32.5 kg gross,50.0,mm,7.349289550579255,N/mm
drum-rate,32.5 kg gross,50.25,mm,7.27634419997451,N/mm
drum-rate,32.5 kg gross,50.5,mm,7.204479512380408,N/mm
drum-rate,32.5 kg gross,50.75,mm,7.133674246479415,N/mm
drum-rate,32.5 kg gross,51.0,mm,7.063907680295326,N/mm
drum-rate,32.5 kg gross,51.25,mm,6.995159596030227,N/mm
drum-rate,32.5 kg gross,51.5,mm,6.927410265415456,N/mm
drum-rate,32.5 kg gross,51.75,mm,6.8606404355567285,N/mm
drum-rate,32.5 kg gross,52.0,mm,6.79483131525449,N/mm
drum-rate,32.5 kg gross,52.25,mm,6.72996456178133,N/mm
drum-rate,32.5 kg gross,52.5,mm,6.666022268099099,N/mm
drum-rate,32.5 kg gross,52.75,mm,6.602986950499096,N/mm
drum-rate,32.5 kg gross,53.0,mm,6.540841536649392,N/mm
drum-rate,32.5 kg gross,53.25,mm,6.479569354034037,N/mm
drum-rate,32.5 kg gross,53.5,mm,6.4191541187695496,N/mm
drum-rate,32.5 kg gross,53.75,mm,6.359579924784646,N/mm
drum-rate,32.5 kg gross,54.0,mm,6.300831233349842,N/mm
drum-rate,32.5 kg gross,54.25,mm,6.2428928629440055,N/mm
drum-rate,32.5 kg gross,54.5,mm,6.185749979445549,N/mm
drum-rate,32.5 kg gross,54.75,mm,6.129388086636439,N/mm
drum-rate,32.5 kg gross,55.0,mm,6.07379301700765,N/mm
drum-rate,32.5 kg gross,55.25,mm,6.018950922855188,N/mm
drum-rate,32.5 kg gross,55.5,mm,5.964848267656242,N/mm
drum-rate,32.5 kg gross,55.75,mm,5.911471817715422,N/mm
drum-rate,32.5 kg gross,56.0,mm,5.8588086340714725,N/mm
drum-rate,32.5 kg gross,56.25,mm,5.806846064655214,N/mm
drum-rate,32.5 kg gross,56.5,mm,5.755571736689839,N/mm
drum-rate,32.5 kg gross,56.75,mm,5.704973549325045,N/mm
drum-rate,32.5 kg gross,57.0,mm,5.655039666496811,N/mm
drum-rate,32.5 kg gross,57.25,mm,5.6057585100049625,N/mm
drum-rate,32.5 kg gross,57.5,mm,5.55711875280095,N/mm
drum-rate,32.5 kg gross,57.75,mm,5.509109312478593,N/mm
drum-rate,32.5 kg gross,58.0,mm,5.461719344960802,N/mm
drum-rate,32.5 kg gross,58.25,mm,5.41493823837555,N/mm
drum-rate,32.5 kg gross,58.5,mm,5.368755607114658,N/mm
drum-rate,32.5 kg gross,58.75,mm,5.323161286069177,N/mm
drum-rate,32.5 kg gross,59.0,mm,5.278145325035375,N/mm
drum-rate,32.5 kg gross,59.25,mm,5.233697983285625,N/mm
drum-rate,32.5 kg gross,59.5,mm,5.189809724298607,N/mm
drum-rate,32.5 kg gross,59.75,mm,5.146471210643551,N/mm
drum-rate,32.5 kg gross,60.0,mm,5.103673299013372,N/mm
drum-force,Tension at 75° stop,40.0,mm,740.8295626344634,N
drum-force,Tension at 75° stop,40.25,mm,736.2281367795911,N
drum-force,Tension at 75° stop,40.5,mm,731.683518651322,N
drum-force,Tension at 75° stop,40.75,mm,727.1946627086758,N
drum-force,Tension at 75° stop,41.0,mm,722.7605489116718,N
drum-force,Tension at 75° stop,41.25,mm,718.3801819485707,N
drum-force,Tension at 75° stop,41.5,mm,714.052590491049,N
drum-force,Tension at 75° stop,41.75,mm,709.7768264761326,N
drum-force,Tension at 75° stop,42.0,mm,705.5519644137747,N
drum-force,Tension at 75° stop,42.25,mm,701.3771007190187,N
drum-force,Tension at 75° stop,42.5,mm,697.2513530677302,N
drum-force,Tension at 75° stop,42.75,mm,693.1738597749365,N
drum-force,Tension at 75° stop,43.0,mm,689.1437791948498,N
drum-force,Tension at 75° stop,43.25,mm,685.1602891417003,N
drum-force,Tension at 75° stop,43.5,mm,681.2225863305412,N
drum-force,Tension at 75° stop,43.75,mm,677.3298858372237,N
drum-force,Tension at 75° stop,44.0,mm,673.481420576785,N
drum-force,Tension at 75° stop,44.25,mm,669.6764407995149,N
drum-force,Tension at 75° stop,44.5,mm,665.9142136040122,N
drum-force,Tension at 75° stop,44.75,mm,662.1940224665595,N
drum-force,Tension at 75° stop,45.0,mm,658.5151667861898,N
drum-force,Tension at 75° stop,45.25,mm,654.8769614448296,N
drum-force,Tension at 75° stop,45.5,mm,651.2787363819459,N
drum-force,Tension at 75° stop,45.75,mm,647.7198361831375,N
drum-force,Tension at 75° stop,46.0,mm,644.1996196821422,N
drum-force,Tension at 75° stop,46.25,mm,640.7174595757522,N
drum-force,Tension at 75° stop,46.5,mm,637.2727420511513,N
drum-force,Tension at 75° stop,46.75,mm,633.8648664252094,N
drum-force,Tension at 75° stop,47.0,mm,630.493244795288,N
drum-force,Tension at 75° stop,47.25,mm,627.1573017011331,N
drum-force,Tension at 75° stop,47.5,mm,623.856473797443,N
drum-force,Tension at 75° stop,47.75,mm,620.5902095367233,N
drum-force,Tension at 75° stop,48.0,mm,617.3579688620529,N
drum-force,Tension at 75° stop,48.25,mm,614.1592229093997,N
drum-force,Tension at 75° stop,48.5,mm,610.9934537191451,N
drum-force,Tension at 75° stop,48.75,mm,607.8601539564827,N
drum-force,Tension at 75° stop,49.0,mm,604.7588266403783,N
drum-force,Tension at 75° stop,49.25,mm,601.6889848807825,N
drum-force,Tension at 75° stop,49.5,mm,598.6501516238088,N
drum-force,Tension at 75° stop,49.75,mm,595.6418594045938,N
drum-force,Tension at 75° stop,50.0,mm,592.6636501075707,N
drum-force,Tension at 75° stop,50.25,mm,589.7150747339012,N
drum-force,Tension at 75° stop,50.5,mm,586.7956931758126,N
drum-force,Tension at 75° stop,50.75,mm,583.9050739976067,N
drum-force,Tension at 75° stop,51.0,mm,581.0427942231086,N
drum-force,Tension at 75° stop,51.25,mm,578.2084391293374,N
drum-force,Tension at 75° stop,51.5,mm,575.4016020461853,N
drum-force,Tension at 75° stop,51.75,mm,572.6218841619041,N
drum-force,Tension at 75° stop,52.0,mm,569.8688943342028,N
drum-force,Tension at 75° stop,52.25,mm,567.1422489067663,N
drum-force,Tension at 75° stop,52.5,mm,564.4415715310198,N
drum-force,Tension at 75° stop,52.75,mm,561.7664929929581,N
drum-force,Tension at 75° stop,53.0,mm,559.1166510448782,N
drum-force,Tension at 75° stop,53.25,mm,556.4916902418505,N
drum-force,Tension at 75° stop,53.5,mm,553.8912617827765,N
drum-force,Tension at 75° stop,53.75,mm,551.3150233558798,N
drum-force,Tension at 75° stop,54.0,mm,548.7626389884915,N
drum-force,Tension at 75° stop,54.25,mm,546.2337789009869,N
drum-force,Tension at 75° stop,54.5,mm,543.7281193647439,N
drum-force,Tension at 75° stop,54.75,mm,541.2453425639916,N
drum-force,Tension at 75° stop,55.0,mm,538.785136461428,N
drum-force,Tension at 75° stop,55.25,mm,536.3471946674849,N
drum-force,Tension at 75° stop,55.5,mm,533.9312163131267,N
drum-force,Tension at 75° stop,55.75,mm,531.5369059260724,N
drum-force,Tension at 75° stop,56.0,mm,529.163973310331,N
drum-force,Tension at 75° stop,56.25,mm,526.8121334289518,N
drum-force,Tension at 75° stop,56.5,mm,524.4811062898856,N
drum-force,Tension at 75° stop,56.75,mm,522.1706168348641,N
drum-force,Tension at 75° stop,57.0,mm,519.8803948312025,N
drum-force,Tension at 75° stop,57.25,mm,517.6101747664374,N
drum-force,Tension at 75° stop,57.5,mm,515.3596957457137,N
drum-force,Tension at 75° stop,57.75,mm,513.1287013918361,N
drum-force,Tension at 75° stop,58.0,mm,510.9169397479059,N
drum-force,Tension at 75° stop,58.25,mm,508.72416318246417,N
drum-force,Tension at 75° stop,58.5,mm,506.550128297069,N
drum-force,Tension at 75° stop,58.75,mm,504.39459583623045,N
drum-force,Tension at 75° stop,59.0,mm,502.25733059963625,N
drum-force,Tension at 75° stop,59.25,mm,500.13810135659986,N
drum-force,Tension at 75° stop,59.5,mm,498.03668076266456,N
drum-force,Tension at 75° stop,59.75,mm,495.9528452783019,N
drum-force,Tension at 75° stop,60.0,mm,493.88637508964234,N
drum-force,Preload at 25° stop,40.0,mm,339.98799907189357,N
drum-force,Preload at 25° stop,40.25,mm,337.87627236958366,N
drum-force,Preload at 25° stop,40.5,mm,335.7906163673023,N
drum-force,Preload at 25° stop,40.75,mm,333.7305512362145,N
drum-force,Preload at 25° stop,41.0,mm,331.6956088506279,N
drum-force,Preload at 25° stop,41.25,mm,329.68533243335133,N
drum-force,Preload at 25° stop,41.5,mm,327.6992762138733,N
drum-force,Preload at 25° stop,41.75,mm,325.7370050988202,N
drum-force,Preload at 25° stop,42.0,mm,323.79809435418434,N
drum-force,Preload at 25° stop,42.25,mm,321.8821292988341,N
drum-force,Preload at 25° stop,42.5,mm,319.98870500884095,N
drum-force,Preload at 25° stop,42.75,mm,318.1174260321811,N
drum-force,Preload at 25° stop,43.0,mm,316.2679061133894,N
drum-force,Preload at 25° stop,43.25,mm,314.43976792776283,N
drum-force,Preload at 25° stop,43.5,mm,312.6326428247297,N
drum-force,Preload at 25° stop,43.75,mm,310.846170580017,N
drum-force,Preload at 25° stop,44.0,mm,309.0799991562669,N
drum-force,Preload at 25° stop,44.25,mm,307.3337844717682,N
drum-force,Preload at 25° stop,44.5,mm,305.607190176983,N
drum-force,Preload at 25° stop,44.75,mm,303.8998874385641,N
drum-force,Preload at 25° stop,45.0,mm,302.21155473057206,N
drum-force,Preload at 25° stop,45.25,mm,300.5418776326131,N
drum-force,Preload at 25° stop,45.5,mm,298.8905486346317,N
drum-force,Preload at 25° stop,45.75,mm,297.2572669481037,N
drum-force,Preload at 25° stop,46.0,mm,295.6417383233857,N
drum-force,Preload at 25° stop,46.25,mm,294.043674872989,N
drum-force,Preload at 25° stop,46.5,mm,292.4627949005536,N
drum-force,Preload at 25° stop,46.75,mm,290.89882273531,N
drum-force,Preload at 25° stop,47.0,mm,289.3514885718243,N
drum-force,Preload at 25° stop,47.25,mm,287.82052831483054,N
drum-force,Preload at 25° stop,47.5,mm,286.305683428963,N
drum-force,Preload at 25° stop,47.75,mm,284.80670079320925,N
drum-force,Preload at 25° stop,48.0,mm,283.3233325599113,N
drum-force,Preload at 25° stop,48.25,mm,281.8553360181501,N
drum-force,Preload at 25° stop,48.5,mm,280.4024734613555,N
drum-force,Preload at 25° stop,48.75,mm,278.96451205898956,N
drum-force,Preload at 25° stop,49.0,mm,277.541223732158,N
drum-force,Preload at 25° stop,49.25,mm,276.13238503301,N
drum-force,Preload at 25° stop,49.5,mm,274.7377770277928,N
drum-force,Preload at 25° stop,49.75,mm,273.357185183432,N
drum-force,Preload at 25° stop,50.0,mm,271.9903992575148,N
drum-force,Preload at 25° stop,50.25,mm,270.63721319155707,N
drum-force,Preload at 25° stop,50.5,mm,269.29742500744044,N
drum-force,Preload at 25° stop,50.75,mm,267.97083670691114,N
drum-force,Preload at 25° stop,51.0,mm,266.65725417403416,N
drum-force,Preload at 25° stop,51.25,mm,265.3564870805023,N
drum-force,Preload at 25° stop,51.5,mm,264.06834879370376,N
drum-force,Preload at 25° stop,51.75,mm,262.79265628745395,N
drum-force,Preload at 25° stop,52.0,mm,261.5292300553028,N
drum-force,Preload at 25° stop,52.25,mm,260.27789402633,N
drum-force,Preload at 25° stop,52.5,mm,259.0384754833475,N
drum-force,Preload at 25° stop,52.75,mm,257.8108049834264,N
drum-force,Preload at 25° stop,53.0,mm,256.5947162806744,N
drum-force,Preload at 25° stop,53.25,mm,255.39004625118767,N
drum-force,Preload at 25° stop,53.5,mm,254.19663482010733,N
drum-force,Preload at 25° stop,53.75,mm,253.0143248907115,N
drum-force,Preload at 25° stop,54.0,mm,251.8429622754767,N
drum-force,Preload at 25° stop,54.25,mm,250.68239562904594,N
drum-force,Preload at 25° stop,54.5,mm,249.53247638304114,N
drum-force,Preload at 25° stop,54.75,mm,248.39305868266197,N
drum-force,Preload at 25° stop,55.0,mm,247.26399932501351,N
drum-force,Preload at 25° stop,55.25,mm,246.14515769910847,N
drum-force,Preload at 25° stop,55.5,mm,245.03639572749086,N
drum-force,Preload at 25° stop,55.75,mm,243.93757780943037,N
drum-force,Preload at 25° stop,56.0,mm,242.84857076563824,N
drum-force,Preload at 25° stop,56.25,mm,241.76924378445764,N
drum-force,Preload at 25° stop,56.5,mm,240.69946836948216,N
drum-force,Preload at 25° stop,56.75,mm,239.63911828855933,N
drum-force,Preload at 25° stop,57.0,mm,238.58806952413582,N
drum-force,Preload at 25° stop,57.25,mm,237.5462002249038,N
drum-force,Preload at 25° stop,57.5,mm,236.51339065870854,N
drum-force,Preload at 25° stop,57.75,mm,235.4895231666795,N
drum-force,Preload at 25° stop,58.0,mm,234.4744821185473,N
drum-force,Preload at 25° stop,58.25,mm,233.46815386911146,N
drum-force,Preload at 25° stop,58.5,mm,232.47042671582466,N
drum-force,Preload at 25° stop,58.75,mm,231.48119085745947,N
drum-force,Preload at 25° stop,59.0,mm,230.50033835382615,N
drum-force,Preload at 25° stop,59.25,mm,229.52776308651045,N
drum-force,Preload at 25° stop,59.5,mm,228.5633607206007,N
drum-force,Preload at 25° stop,59.75,mm,227.60702866737645,N
drum-force,Preload at 25° stop,60.0,mm,226.65866604792905,N
mass-battery,Auxiliary + suspension = 30 W,12.0,kg,180.69324999999995,Wh
mass-battery,Auxiliary + suspension = 30 W,12.138333333333334,kg,180.8770171875,Wh
mass-battery,Auxiliary + suspension = 30 W,12.276666666666667,kg,181.06078437499997,Wh
mass-battery,Auxiliary + suspension = 30 W,12.415,kg,181.2445515625,Wh
mass-battery,Auxiliary + suspension = 30 W,12.553333333333333,kg,181.42831875,Wh
mass-battery,Auxiliary + suspension = 30 W,12.691666666666666,kg,181.61208593749998,Wh
mass-battery,Auxiliary + suspension = 30 W,12.83,kg,181.795853125,Wh
mass-battery,Auxiliary + suspension = 30 W,12.968333333333334,kg,181.9796203125,Wh
mass-battery,Auxiliary + suspension = 30 W,13.106666666666667,kg,182.16338749999997,Wh
mass-battery,Auxiliary + suspension = 30 W,13.245000000000001,kg,182.3471546875,Wh
mass-battery,Auxiliary + suspension = 30 W,13.383333333333333,kg,182.53092187500002,Wh
mass-battery,Auxiliary + suspension = 30 W,13.521666666666667,kg,182.71468906249996,Wh
mass-battery,Auxiliary + suspension = 30 W,13.66,kg,182.89845625,Wh
mass-battery,Auxiliary + suspension = 30 W,13.798333333333334,kg,183.08222343749995,Wh
mass-battery,Auxiliary + suspension = 30 W,13.936666666666667,kg,183.265990625,Wh
mass-battery,Auxiliary + suspension = 30 W,14.075,kg,183.4497578125,Wh
mass-battery,Auxiliary + suspension = 30 W,14.213333333333333,kg,183.63352499999996,Wh
mass-battery,Auxiliary + suspension = 30 W,14.351666666666667,kg,183.8172921875,Wh
mass-battery,Auxiliary + suspension = 30 W,14.49,kg,184.001059375,Wh
mass-battery,Auxiliary + suspension = 30 W,14.628333333333334,kg,184.18482656249998,Wh
mass-battery,Auxiliary + suspension = 30 W,14.766666666666666,kg,184.36859375,Wh
mass-battery,Auxiliary + suspension = 30 W,14.905000000000001,kg,184.55236093749997,Wh
mass-battery,Auxiliary + suspension = 30 W,15.043333333333333,kg,184.73612812499996,Wh
mass-battery,Auxiliary + suspension = 30 W,15.181666666666667,kg,184.91989531250002,Wh
mass-battery,Auxiliary + suspension = 30 W,15.32,kg,185.10366249999996,Wh
mass-battery,Auxiliary + suspension = 30 W,15.458333333333334,kg,185.2874296875,Wh
mass-battery,Auxiliary + suspension = 30 W,15.596666666666668,kg,185.47119687500003,Wh
mass-battery,Auxiliary + suspension = 30 W,15.735,kg,185.65496406249997,Wh
mass-battery,Auxiliary + suspension = 30 W,15.873333333333333,kg,185.83873125,Wh
mass-battery,Auxiliary + suspension = 30 W,16.011666666666667,kg,186.02249843749996,Wh
mass-battery,Auxiliary + suspension = 30 W,16.15,kg,186.206265625,Wh
mass-battery,Auxiliary + suspension = 30 W,16.288333333333334,kg,186.3900328125,Wh
mass-battery,Auxiliary + suspension = 30 W,16.426666666666666,kg,186.57379999999998,Wh
mass-battery,Auxiliary + suspension = 30 W,16.565,kg,186.75756718749997,Wh
mass-battery,Auxiliary + suspension = 30 W,16.703333333333333,kg,186.941334375,Wh
mass-battery,Auxiliary + suspension = 30 W,16.84166666666667,kg,187.12510156249996,Wh
mass-battery,Auxiliary + suspension = 30 W,16.98,kg,187.30886875000002,Wh
mass-battery,Auxiliary + suspension = 30 W,17.118333333333332,kg,187.49263593749995,Wh
mass-battery,Auxiliary + suspension = 30 W,17.256666666666668,kg,187.67640312499998,Wh
mass-battery,Auxiliary + suspension = 30 W,17.395,kg,187.86017031250003,Wh
mass-battery,Auxiliary + suspension = 30 W,17.53333333333333,kg,188.04393749999997,Wh
mass-battery,Auxiliary + suspension = 30 W,17.671666666666667,kg,188.2277046875,Wh
mass-battery,Auxiliary + suspension = 30 W,17.810000000000002,kg,188.411471875,Wh
mass-battery,Auxiliary + suspension = 30 W,17.948333333333334,kg,188.59523906249999,Wh
mass-battery,Auxiliary + suspension = 30 W,18.086666666666666,kg,188.77900624999998,Wh
mass-battery,Auxiliary + suspension = 30 W,18.225,kg,188.9627734375,Wh
mass-battery,Auxiliary + suspension = 30 W,18.363333333333333,kg,189.14654062499997,Wh
mass-battery,Auxiliary + suspension = 30 W,18.501666666666665,kg,189.3303078125,Wh
mass-battery,Auxiliary + suspension = 30 W,18.64,kg,189.51407500000002,Wh
mass-battery,Auxiliary + suspension = 30 W,18.778333333333332,kg,189.6978421875,Wh
mass-battery,Auxiliary + suspension = 30 W,18.916666666666668,kg,189.88160937499998,Wh
mass-battery,Auxiliary + suspension = 30 W,19.055,kg,190.06537656249998,Wh
mass-battery,Auxiliary + suspension = 30 W,19.193333333333335,kg,190.24914375,Wh
mass-battery,Auxiliary + suspension = 30 W,19.331666666666667,kg,190.4329109375,Wh
mass-battery,Auxiliary + suspension = 30 W,19.47,kg,190.616678125,Wh
mass-battery,Auxiliary + suspension = 30 W,19.608333333333334,kg,190.80044531249996,Wh
mass-battery,Auxiliary + suspension = 30 W,19.746666666666666,kg,190.9842125,Wh
mass-battery,Auxiliary + suspension = 30 W,19.884999999999998,kg,191.16797968749998,Wh
mass-battery,Auxiliary + suspension = 30 W,20.023333333333333,kg,191.351746875,Wh
mass-battery,Auxiliary + suspension = 30 W,20.16166666666667,kg,191.53551406249997,Wh
mass-battery,Auxiliary + suspension = 30 W,20.3,kg,191.71928124999997,Wh
mass-battery,Auxiliary + suspension = 30 W,20.438333333333333,kg,191.9030484375,Wh
mass-battery,Auxiliary + suspension = 30 W,20.576666666666668,kg,192.08681562499999,Wh
mass-battery,Auxiliary + suspension = 30 W,20.715,kg,192.27058281249998,Wh
mass-battery,Auxiliary + suspension = 30 W,20.85333333333333,kg,192.45435,Wh
mass-battery,Auxiliary + suspension = 30 W,20.991666666666667,kg,192.6381171875,Wh
mass-battery,Auxiliary + suspension = 30 W,21.130000000000003,kg,192.82188437499997,Wh
mass-battery,Auxiliary + suspension = 30 W,21.26833333333333,kg,193.00565156250002,Wh
mass-battery,Auxiliary + suspension = 30 W,21.406666666666666,kg,193.18941874999996,Wh
mass-battery,Auxiliary + suspension = 30 W,21.545,kg,193.3731859375,Wh
mass-battery,Auxiliary + suspension = 30 W,21.683333333333334,kg,193.55695312500004,Wh
mass-battery,Auxiliary + suspension = 30 W,21.821666666666665,kg,193.74072031249997,Wh
mass-battery,Auxiliary + suspension = 30 W,21.96,kg,193.9244875,Wh
mass-battery,Auxiliary + suspension = 30 W,22.098333333333333,kg,194.10825468749997,Wh
mass-battery,Auxiliary + suspension = 30 W,22.236666666666665,kg,194.292021875,Wh
mass-battery,Auxiliary + suspension = 30 W,22.375,kg,194.4757890625,Wh
mass-battery,Auxiliary + suspension = 30 W,22.513333333333335,kg,194.65955624999998,Wh
mass-battery,Auxiliary + suspension = 30 W,22.651666666666667,kg,194.84332343749998,Wh
mass-battery,Auxiliary + suspension = 30 W,22.79,kg,195.02709062500003,Wh
mass-battery,Auxiliary + suspension = 30 W,22.928333333333335,kg,195.2108578125,Wh
mass-battery,Auxiliary + suspension = 30 W,23.066666666666666,kg,195.39462500000002,Wh
mass-battery,Auxiliary + suspension = 30 W,23.205,kg,195.57839218749996,Wh
mass-battery,Auxiliary + suspension = 30 W,23.343333333333334,kg,195.76215937499998,Wh
mass-battery,Auxiliary + suspension = 30 W,23.48166666666667,kg,195.94592656250003,Wh
mass-battery,Auxiliary + suspension = 30 W,23.62,kg,196.12969374999997,Wh
mass-battery,Auxiliary + suspension = 30 W,23.758333333333333,kg,196.31346093749997,Wh
mass-battery,Auxiliary + suspension = 30 W,23.89666666666667,kg,196.49722812499996,Wh
mass-battery,Auxiliary + suspension = 30 W,24.035,kg,196.6809953125,Wh
mass-battery,Auxiliary + suspension = 30 W,24.173333333333332,kg,196.86476249999998,Wh
mass-battery,Auxiliary + suspension = 30 W,24.311666666666667,kg,197.04852968749998,Wh
mass-battery,Auxiliary + suspension = 30 W,24.450000000000003,kg,197.23229687499997,Wh
mass-battery,Auxiliary + suspension = 30 W,24.58833333333333,kg,197.41606406250003,Wh
mass-battery,Auxiliary + suspension = 30 W,24.726666666666667,kg,197.59983125,Wh
mass-battery,Auxiliary + suspension = 30 W,24.865000000000002,kg,197.7835984375,Wh
mass-battery,Auxiliary + suspension = 30 W,25.003333333333334,kg,197.96736562499996,Wh
mass-battery,Auxiliary + suspension = 30 W,25.141666666666666,kg,198.15113281249998,Wh
mass-battery,Auxiliary + suspension = 30 W,25.28,kg,198.3349,Wh
mass-battery,Auxiliary + suspension = 30 W,25.418333333333333,kg,198.51866718749997,Wh
mass-battery,Auxiliary + suspension = 30 W,25.556666666666665,kg,198.702434375,Wh
mass-battery,Auxiliary + suspension = 30 W,25.695,kg,198.8862015625,Wh
mass-battery,Auxiliary + suspension = 30 W,25.833333333333336,kg,199.06996875,Wh
mass-battery,Auxiliary + suspension = 30 W,25.971666666666668,kg,199.2537359375,Wh
mass-battery,Auxiliary + suspension = 30 W,26.11,kg,199.437503125,Wh
mass-battery,Auxiliary + suspension = 30 W,26.248333333333335,kg,199.62127031249997,Wh
mass-battery,Auxiliary + suspension = 30 W,26.386666666666667,kg,199.8050375,Wh
mass-battery,Auxiliary + suspension = 30 W,26.525,kg,199.98880468749996,Wh
mass-battery,Auxiliary + suspension = 30 W,26.663333333333334,kg,200.172571875,Wh
mass-battery,Auxiliary + suspension = 30 W,26.80166666666667,kg,200.35633906249998,Wh
mass-battery,Auxiliary + suspension = 30 W,26.939999999999998,kg,200.54010624999998,Wh
mass-battery,Auxiliary + suspension = 30 W,27.078333333333333,kg,200.7238734375,Wh
mass-battery,Auxiliary + suspension = 30 W,27.21666666666667,kg,200.907640625,Wh
mass-battery,Auxiliary + suspension = 30 W,27.355,kg,201.0914078125,Wh
mass-battery,Auxiliary + suspension = 30 W,27.493333333333332,kg,201.27517499999996,Wh
mass-battery,Auxiliary + suspension = 30 W,27.631666666666668,kg,201.4589421875,Wh
mass-battery,Auxiliary + suspension = 30 W,27.77,kg,201.642709375,Wh
mass-battery,Auxiliary + suspension = 30 W,27.90833333333333,kg,201.82647656249998,Wh
mass-battery,Auxiliary + suspension = 30 W,28.046666666666667,kg,202.01024374999997,Wh
mass-battery,Auxiliary + suspension = 30 W,28.185,kg,202.1940109375,Wh
mass-battery,Auxiliary + suspension = 30 W,28.323333333333334,kg,202.377778125,Wh
mass-battery,Auxiliary + suspension = 30 W,28.461666666666666,kg,202.5615453125,Wh
mass-battery,Auxiliary + suspension = 30 W,28.6,kg,202.74531249999998,Wh
mass-battery,Auxiliary + suspension = 50 W,12.0,kg,284.8599166666666,Wh
mass-battery,Auxiliary + suspension = 50 W,12.138333333333334,kg,285.04368385416666,Wh
mass-battery,Auxiliary + suspension = 50 W,12.276666666666667,kg,285.22745104166665,Wh
mass-battery,Auxiliary + suspension = 50 W,12.415,kg,285.41121822916665,Wh
mass-battery,Auxiliary + suspension = 50 W,12.553333333333333,kg,285.5949854166666,Wh
mass-battery,Auxiliary + suspension = 50 W,12.691666666666666,kg,285.77875260416664,Wh
mass-battery,Auxiliary + suspension = 50 W,12.83,kg,285.96251979166664,Wh
mass-battery,Auxiliary + suspension = 50 W,12.968333333333334,kg,286.14628697916663,Wh
mass-battery,Auxiliary + suspension = 50 W,13.106666666666667,kg,286.3300541666666,Wh
mass-battery,Auxiliary + suspension = 50 W,13.245000000000001,kg,286.5138213541666,Wh
mass-battery,Auxiliary + suspension = 50 W,13.383333333333333,kg,286.6975885416667,Wh
mass-battery,Auxiliary + suspension = 50 W,13.521666666666667,kg,286.8813557291666,Wh
mass-battery,Auxiliary + suspension = 50 W,13.66,kg,287.06512291666667,Wh
mass-battery,Auxiliary + suspension = 50 W,13.798333333333334,kg,287.2488901041666,Wh
mass-battery,Auxiliary + suspension = 50 W,13.936666666666667,kg,287.43265729166666,Wh
mass-battery,Auxiliary + suspension = 50 W,14.075,kg,287.6164244791666,Wh
mass-battery,Auxiliary + suspension = 50 W,14.213333333333333,kg,287.80019166666665,Wh
mass-battery,Auxiliary + suspension = 50 W,14.351666666666667,kg,287.98395885416664,Wh
mass-battery,Auxiliary + suspension = 50 W,14.49,kg,288.16772604166664,Wh
mass-battery,Auxiliary + suspension = 50 W,14.628333333333334,kg,288.35149322916664,Wh
mass-battery,Auxiliary + suspension = 50 W,14.766666666666666,kg,288.53526041666663,Wh
mass-battery,Auxiliary + suspension = 50 W,14.905000000000001,kg,288.7190276041666,Wh
mass-battery,Auxiliary + suspension = 50 W,15.043333333333333,kg,288.9027947916666,Wh
mass-battery,Auxiliary + suspension = 50 W,15.181666666666667,kg,289.0865619791667,Wh
mass-battery,Auxiliary + suspension = 50 W,15.32,kg,289.2703291666666,Wh
mass-battery,Auxiliary + suspension = 50 W,15.458333333333334,kg,289.45409635416667,Wh
mass-battery,Auxiliary + suspension = 50 W,15.596666666666668,kg,289.63786354166666,Wh
mass-battery,Auxiliary + suspension = 50 W,15.735,kg,289.82163072916666,Wh
mass-battery,Auxiliary + suspension = 50 W,15.873333333333333,kg,290.00539791666665,Wh
mass-battery,Auxiliary + suspension = 50 W,16.011666666666667,kg,290.18916510416665,Wh
mass-battery,Auxiliary + suspension = 50 W,16.15,kg,290.37293229166664,Wh
mass-battery,Auxiliary + suspension = 50 W,16.288333333333334,kg,290.55669947916664,Wh
mass-battery,Auxiliary + suspension = 50 W,16.426666666666666,kg,290.74046666666663,Wh
mass-battery,Auxiliary + suspension = 50 W,16.565,kg,290.92423385416663,Wh
mass-battery,Auxiliary + suspension = 50 W,16.703333333333333,kg,291.1080010416666,Wh
mass-battery,Auxiliary + suspension = 50 W,16.84166666666667,kg,291.2917682291666,Wh
mass-battery,Auxiliary + suspension = 50 W,16.98,kg,291.4755354166667,Wh
mass-battery,Auxiliary + suspension = 50 W,17.118333333333332,kg,291.6593026041666,Wh
mass-battery,Auxiliary + suspension = 50 W,17.256666666666668,kg,291.84306979166666,Wh
mass-battery,Auxiliary + suspension = 50 W,17.395,kg,292.02683697916666,Wh
mass-battery,Auxiliary + suspension = 50 W,17.53333333333333,kg,292.21060416666666,Wh
mass-battery,Auxiliary + suspension = 50 W,17.671666666666667,kg,292.39437135416665,Wh
mass-battery,Auxiliary + suspension = 50 W,17.810000000000002,kg,292.5781385416666,Wh
mass-battery,Auxiliary + suspension = 50 W,17.948333333333334,kg,292.76190572916664,Wh
mass-battery,Auxiliary + suspension = 50 W,18.086666666666666,kg,292.94567291666664,Wh
mass-battery,Auxiliary + suspension = 50 W,18.225,kg,293.12944010416663,Wh
mass-battery,Auxiliary + suspension = 50 W,18.363333333333333,kg,293.31320729166663,Wh
mass-battery,Auxiliary + suspension = 50 W,18.501666666666665,kg,293.4969744791666,Wh
mass-battery,Auxiliary + suspension = 50 W,18.64,kg,293.6807416666666,Wh
mass-battery,Auxiliary + suspension = 50 W,18.778333333333332,kg,293.8645088541667,Wh
mass-battery,Auxiliary + suspension = 50 W,18.916666666666668,kg,294.0482760416666,Wh
mass-battery,Auxiliary + suspension = 50 W,19.055,kg,294.23204322916666,Wh
mass-battery,Auxiliary + suspension = 50 W,19.193333333333335,kg,294.41581041666666,Wh
mass-battery,Auxiliary + suspension = 50 W,19.331666666666667,kg,294.5995776041666,Wh
mass-battery,Auxiliary + suspension = 50 W,19.47,kg,294.78334479166665,Wh
mass-battery,Auxiliary + suspension = 50 W,19.608333333333334,kg,294.96711197916665,Wh
mass-battery,Auxiliary + suspension = 50 W,19.746666666666666,kg,295.15087916666664,Wh
mass-battery,Auxiliary + suspension = 50 W,19.884999999999998,kg,295.33464635416664,Wh
mass-battery,Auxiliary + suspension = 50 W,20.023333333333333,kg,295.51841354166663,Wh
mass-battery,Auxiliary + suspension = 50 W,20.16166666666667,kg,295.7021807291666,Wh
mass-battery,Auxiliary + suspension = 50 W,20.3,kg,295.8859479166666,Wh
mass-battery,Auxiliary + suspension = 50 W,20.438333333333333,kg,296.0697151041666,Wh
mass-battery,Auxiliary + suspension = 50 W,20.576666666666668,kg,296.25348229166667,Wh
mass-battery,Auxiliary + suspension = 50 W,20.715,kg,296.43724947916667,Wh
mass-battery,Auxiliary + suspension = 50 W,20.85333333333333,kg,296.6210166666666,Wh
mass-battery,Auxiliary + suspension = 50 W,20.991666666666667,kg,296.80478385416666,Wh
mass-battery,Auxiliary + suspension = 50 W,21.130000000000003,kg,296.98855104166665,Wh
mass-battery,Auxiliary + suspension = 50 W,21.26833333333333,kg,297.17231822916665,Wh
mass-battery,Auxiliary + suspension = 50 W,21.406666666666666,kg,297.35608541666664,Wh
mass-battery,Auxiliary + suspension = 50 W,21.545,kg,297.53985260416664,Wh
mass-battery,Auxiliary + suspension = 50 W,21.683333333333334,kg,297.72361979166664,Wh
mass-battery,Auxiliary + suspension = 50 W,21.821666666666665,kg,297.90738697916663,Wh
mass-battery,Auxiliary + suspension = 50 W,21.96,kg,298.0911541666666,Wh
mass-battery,Auxiliary + suspension = 50 W,22.098333333333333,kg,298.2749213541666,Wh
mass-battery,Auxiliary + suspension = 50 W,22.236666666666665,kg,298.4586885416667,Wh
mass-battery,Auxiliary + suspension = 50 W,22.375,kg,298.6424557291666,Wh
mass-battery,Auxiliary + suspension = 50 W,22.513333333333335,kg,298.82622291666667,Wh
mass-battery,Auxiliary + suspension = 50 W,22.651666666666667,kg,299.00999010416666,Wh
mass-battery,Auxiliary + suspension = 50 W,22.79,kg,299.19375729166666,Wh
mass-battery,Auxiliary + suspension = 50 W,22.928333333333335,kg,299.37752447916665,Wh
mass-battery,Auxiliary + suspension = 50 W,23.066666666666666,kg,299.56129166666665,Wh
mass-battery,Auxiliary + suspension = 50 W,23.205,kg,299.74505885416664,Wh
mass-battery,Auxiliary + suspension = 50 W,23.343333333333334,kg,299.92882604166664,Wh
mass-battery,Auxiliary + suspension = 50 W,23.48166666666667,kg,300.11259322916663,Wh
mass-battery,Auxiliary + suspension = 50 W,23.62,kg,300.29636041666663,Wh
mass-battery,Auxiliary + suspension = 50 W,23.758333333333333,kg,300.4801276041666,Wh
mass-battery,Auxiliary + suspension = 50 W,23.89666666666667,kg,300.6638947916666,Wh
mass-battery,Auxiliary + suspension = 50 W,24.035,kg,300.8476619791667,Wh
mass-battery,Auxiliary + suspension = 50 W,24.173333333333332,kg,301.0314291666666,Wh
mass-battery,Auxiliary + suspension = 50 W,24.311666666666667,kg,301.21519635416666,Wh
mass-battery,Auxiliary + suspension = 50 W,24.450000000000003,kg,301.3989635416666,Wh
mass-battery,Auxiliary + suspension = 50 W,24.58833333333333,kg,301.58273072916666,Wh
mass-battery,Auxiliary + suspension = 50 W,24.726666666666667,kg,301.76649791666665,Wh
mass-battery,Auxiliary + suspension = 50 W,24.865000000000002,kg,301.95026510416665,Wh
mass-battery,Auxiliary + suspension = 50 W,25.003333333333334,kg,302.13403229166664,Wh
mass-battery,Auxiliary + suspension = 50 W,25.141666666666666,kg,302.31779947916664,Wh
mass-battery,Auxiliary + suspension = 50 W,25.28,kg,302.50156666666663,Wh
mass-battery,Auxiliary + suspension = 50 W,25.418333333333333,kg,302.68533385416663,Wh
mass-battery,Auxiliary + suspension = 50 W,25.556666666666665,kg,302.8691010416666,Wh
mass-battery,Auxiliary + suspension = 50 W,25.695,kg,303.0528682291666,Wh
mass-battery,Auxiliary + suspension = 50 W,25.833333333333336,kg,303.2366354166667,Wh
mass-battery,Auxiliary + suspension = 50 W,25.971666666666668,kg,303.42040260416667,Wh
mass-battery,Auxiliary + suspension = 50 W,26.11,kg,303.60416979166666,Wh
mass-battery,Auxiliary + suspension = 50 W,26.248333333333335,kg,303.7879369791666,Wh
mass-battery,Auxiliary + suspension = 50 W,26.386666666666667,kg,303.97170416666665,Wh
mass-battery,Auxiliary + suspension = 50 W,26.525,kg,304.15547135416665,Wh
mass-battery,Auxiliary + suspension = 50 W,26.663333333333334,kg,304.33923854166665,Wh
mass-battery,Auxiliary + suspension = 50 W,26.80166666666667,kg,304.52300572916664,Wh
mass-battery,Auxiliary + suspension = 50 W,26.939999999999998,kg,304.70677291666664,Wh
mass-battery,Auxiliary + suspension = 50 W,27.078333333333333,kg,304.89054010416663,Wh
mass-battery,Auxiliary + suspension = 50 W,27.21666666666667,kg,305.0743072916666,Wh
mass-battery,Auxiliary + suspension = 50 W,27.355,kg,305.2580744791666,Wh
mass-battery,Auxiliary + suspension = 50 W,27.493333333333332,kg,305.4418416666666,Wh
mass-battery,Auxiliary + suspension = 50 W,27.631666666666668,kg,305.62560885416667,Wh
mass-battery,Auxiliary + suspension = 50 W,27.77,kg,305.80937604166667,Wh
mass-battery,Auxiliary + suspension = 50 W,27.90833333333333,kg,305.99314322916666,Wh
mass-battery,Auxiliary + suspension = 50 W,28.046666666666667,kg,306.1769104166666,Wh
mass-battery,Auxiliary + suspension = 50 W,28.185,kg,306.36067760416665,Wh
mass-battery,Auxiliary + suspension = 50 W,28.323333333333334,kg,306.54444479166665,Wh
mass-battery,Auxiliary + suspension = 50 W,28.461666666666666,kg,306.72821197916664,Wh
mass-battery,Auxiliary + suspension = 50 W,28.6,kg,306.91197916666664,Wh
mass-battery,Auxiliary + suspension = 100 W,12.0,kg,545.2765833333333,Wh
mass-battery,Auxiliary + suspension = 100 W,12.138333333333334,kg,545.4603505208333,Wh
mass-battery,Auxiliary + suspension = 100 W,12.276666666666667,kg,545.6441177083333,Wh
mass-battery,Auxiliary + suspension = 100 W,12.415,kg,545.8278848958332,Wh
mass-battery,Auxiliary + suspension = 100 W,12.553333333333333,kg,546.0116520833333,Wh
mass-battery,Auxiliary + suspension = 100 W,12.691666666666666,kg,546.1954192708333,Wh
mass-battery,Auxiliary + suspension = 100 W,12.83,kg,546.3791864583333,Wh
mass-battery,Auxiliary + suspension = 100 W,12.968333333333334,kg,546.5629536458333,Wh
mass-battery,Auxiliary + suspension = 100 W,13.106666666666667,kg,546.7467208333333,Wh
mass-battery,Auxiliary + suspension = 100 W,13.245000000000001,kg,546.9304880208333,Wh
mass-battery,Auxiliary + suspension = 100 W,13.383333333333333,kg,547.1142552083332,Wh
mass-battery,Auxiliary + suspension = 100 W,13.521666666666667,kg,547.2980223958333,Wh
mass-battery,Auxiliary + suspension = 100 W,13.66,kg,547.4817895833334,Wh
mass-battery,Auxiliary + suspension = 100 W,13.798333333333334,kg,547.6655567708334,Wh
mass-battery,Auxiliary + suspension = 100 W,13.936666666666667,kg,547.8493239583332,Wh
mass-battery,Auxiliary + suspension = 100 W,14.075,kg,548.0330911458333,Wh
mass-battery,Auxiliary + suspension = 100 W,14.213333333333333,kg,548.2168583333332,Wh
mass-battery,Auxiliary + suspension = 100 W,14.351666666666667,kg,548.4006255208334,Wh
mass-battery,Auxiliary + suspension = 100 W,14.49,kg,548.5843927083333,Wh
mass-battery,Auxiliary + suspension = 100 W,14.628333333333334,kg,548.7681598958333,Wh
mass-battery,Auxiliary + suspension = 100 W,14.766666666666666,kg,548.9519270833333,Wh
mass-battery,Auxiliary + suspension = 100 W,14.905000000000001,kg,549.1356942708333,Wh
mass-battery,Auxiliary + suspension = 100 W,15.043333333333333,kg,549.3194614583333,Wh
mass-battery,Auxiliary + suspension = 100 W,15.181666666666667,kg,549.5032286458334,Wh
mass-battery,Auxiliary + suspension = 100 W,15.32,kg,549.6869958333333,Wh
mass-battery,Auxiliary + suspension = 100 W,15.458333333333334,kg,549.8707630208332,Wh
mass-battery,Auxiliary + suspension = 100 W,15.596666666666668,kg,550.0545302083333,Wh
mass-battery,Auxiliary + suspension = 100 W,15.735,kg,550.2382973958332,Wh
mass-battery,Auxiliary + suspension = 100 W,15.873333333333333,kg,550.4220645833333,Wh
mass-battery,Auxiliary + suspension = 100 W,16.011666666666667,kg,550.6058317708332,Wh
mass-battery,Auxiliary + suspension = 100 W,16.15,kg,550.7895989583333,Wh
mass-battery,Auxiliary + suspension = 100 W,16.288333333333334,kg,550.9733661458333,Wh
mass-battery,Auxiliary + suspension = 100 W,16.426666666666666,kg,551.1571333333333,Wh
mass-battery,Auxiliary + suspension = 100 W,16.565,kg,551.3409005208333,Wh
mass-battery,Auxiliary + suspension = 100 W,16.703333333333333,kg,551.5246677083334,Wh
mass-battery,Auxiliary + suspension = 100 W,16.84166666666667,kg,551.7084348958333,Wh
mass-battery,Auxiliary + suspension = 100 W,16.98,kg,551.8922020833334,Wh
mass-battery,Auxiliary + suspension = 100 W,17.118333333333332,kg,552.0759692708333,Wh
mass-battery,Auxiliary + suspension = 100 W,17.256666666666668,kg,552.2597364583332,Wh
mass-battery,Auxiliary + suspension = 100 W,17.395,kg,552.4435036458334,Wh
mass-battery,Auxiliary + suspension = 100 W,17.53333333333333,kg,552.6272708333332,Wh
mass-battery,Auxiliary + suspension = 100 W,17.671666666666667,kg,552.8110380208333,Wh
mass-battery,Auxiliary + suspension = 100 W,17.810000000000002,kg,552.9948052083332,Wh
mass-battery,Auxiliary + suspension = 100 W,17.948333333333334,kg,553.1785723958333,Wh
mass-battery,Auxiliary + suspension = 100 W,18.086666666666666,kg,553.3623395833333,Wh
mass-battery,Auxiliary + suspension = 100 W,18.225,kg,553.5461067708333,Wh
mass-battery,Auxiliary + suspension = 100 W,18.363333333333333,kg,553.7298739583333,Wh
mass-battery,Auxiliary + suspension = 100 W,18.501666666666665,kg,553.9136411458333,Wh
mass-battery,Auxiliary + suspension = 100 W,18.64,kg,554.0974083333333,Wh
mass-battery,Auxiliary + suspension = 100 W,18.778333333333332,kg,554.2811755208332,Wh
mass-battery,Auxiliary + suspension = 100 W,18.916666666666668,kg,554.4649427083333,Wh
mass-battery,Auxiliary + suspension = 100 W,19.055,kg,554.6487098958332,Wh
mass-battery,Auxiliary + suspension = 100 W,19.193333333333335,kg,554.8324770833333,Wh
mass-battery,Auxiliary + suspension = 100 W,19.331666666666667,kg,555.0162442708333,Wh
mass-battery,Auxiliary + suspension = 100 W,19.47,kg,555.2000114583333,Wh
mass-battery,Auxiliary + suspension = 100 W,19.608333333333334,kg,555.3837786458332,Wh
mass-battery,Auxiliary + suspension = 100 W,19.746666666666666,kg,555.5675458333334,Wh
mass-battery,Auxiliary + suspension = 100 W,19.884999999999998,kg,555.7513130208333,Wh
mass-battery,Auxiliary + suspension = 100 W,20.023333333333333,kg,555.9350802083333,Wh
mass-battery,Auxiliary + suspension = 100 W,20.16166666666667,kg,556.1188473958333,Wh
mass-battery,Auxiliary + suspension = 100 W,20.3,kg,556.3026145833333,Wh
mass-battery,Auxiliary + suspension = 100 W,20.438333333333333,kg,556.4863817708333,Wh
mass-battery,Auxiliary + suspension = 100 W,20.576666666666668,kg,556.6701489583334,Wh
mass-battery,Auxiliary + suspension = 100 W,20.715,kg,556.8539161458333,Wh
mass-battery,Auxiliary + suspension = 100 W,20.85333333333333,kg,557.0376833333332,Wh
mass-battery,Auxiliary + suspension = 100 W,20.991666666666667,kg,557.2214505208333,Wh
mass-battery,Auxiliary + suspension = 100 W,21.130000000000003,kg,557.4052177083333,Wh
mass-battery,Auxiliary + suspension = 100 W,21.26833333333333,kg,557.5889848958333,Wh
mass-battery,Auxiliary + suspension = 100 W,21.406666666666666,kg,557.7727520833332,Wh
mass-battery,Auxiliary + suspension = 100 W,21.545,kg,557.9565192708333,Wh
mass-battery,Auxiliary + suspension = 100 W,21.683333333333334,kg,558.1402864583333,Wh
mass-battery,Auxiliary + suspension = 100 W,21.821666666666665,kg,558.3240536458331,Wh
mass-battery,Auxiliary + suspension = 100 W,21.96,kg,558.5078208333333,Wh
mass-battery,Auxiliary + suspension = 100 W,22.098333333333333,kg,558.6915880208333,Wh
mass-battery,Auxiliary + suspension = 100 W,22.236666666666665,kg,558.8753552083333,Wh
mass-battery,Auxiliary + suspension = 100 W,22.375,kg,559.0591223958334,Wh
mass-battery,Auxiliary + suspension = 100 W,22.513333333333335,kg,559.2428895833333,Wh
mass-battery,Auxiliary + suspension = 100 W,22.651666666666667,kg,559.4266567708332,Wh
mass-battery,Auxiliary + suspension = 100 W,22.79,kg,559.6104239583334,Wh
mass-battery,Auxiliary + suspension = 100 W,22.928333333333335,kg,559.7941911458333,Wh
mass-battery,Auxiliary + suspension = 100 W,23.066666666666666,kg,559.9779583333333,Wh
mass-battery,Auxiliary + suspension = 100 W,23.205,kg,560.1617255208332,Wh
mass-battery,Auxiliary + suspension = 100 W,23.343333333333334,kg,560.3454927083333,Wh
mass-battery,Auxiliary + suspension = 100 W,23.48166666666667,kg,560.5292598958333,Wh
mass-battery,Auxiliary + suspension = 100 W,23.62,kg,560.7130270833333,Wh
mass-battery,Auxiliary + suspension = 100 W,23.758333333333333,kg,560.8967942708333,Wh
mass-battery,Auxiliary + suspension = 100 W,23.89666666666667,kg,561.0805614583332,Wh
mass-battery,Auxiliary + suspension = 100 W,24.035,kg,561.2643286458333,Wh
mass-battery,Auxiliary + suspension = 100 W,24.173333333333332,kg,561.4480958333334,Wh
mass-battery,Auxiliary + suspension = 100 W,24.311666666666667,kg,561.6318630208333,Wh
mass-battery,Auxiliary + suspension = 100 W,24.450000000000003,kg,561.8156302083332,Wh
mass-battery,Auxiliary + suspension = 100 W,24.58833333333333,kg,561.9993973958333,Wh
mass-battery,Auxiliary + suspension = 100 W,24.726666666666667,kg,562.1831645833333,Wh
mass-battery,Auxiliary + suspension = 100 W,24.865000000000002,kg,562.3669317708332,Wh
mass-battery,Auxiliary + suspension = 100 W,25.003333333333334,kg,562.5506989583332,Wh
mass-battery,Auxiliary + suspension = 100 W,25.141666666666666,kg,562.7344661458333,Wh
mass-battery,Auxiliary + suspension = 100 W,25.28,kg,562.9182333333333,Wh
mass-battery,Auxiliary + suspension = 100 W,25.418333333333333,kg,563.1020005208333,Wh
mass-battery,Auxiliary + suspension = 100 W,25.556666666666665,kg,563.2857677083333,Wh
mass-battery,Auxiliary + suspension = 100 W,25.695,kg,563.4695348958332,Wh
mass-battery,Auxiliary + suspension = 100 W,25.833333333333336,kg,563.6533020833333,Wh
mass-battery,Auxiliary + suspension = 100 W,25.971666666666668,kg,563.8370692708334,Wh
mass-battery,Auxiliary + suspension = 100 W,26.11,kg,564.0208364583333,Wh
mass-battery,Auxiliary + suspension = 100 W,26.248333333333335,kg,564.2046036458332,Wh
mass-battery,Auxiliary + suspension = 100 W,26.386666666666667,kg,564.3883708333333,Wh
mass-battery,Auxiliary + suspension = 100 W,26.525,kg,564.5721380208333,Wh
mass-battery,Auxiliary + suspension = 100 W,26.663333333333334,kg,564.7559052083333,Wh
mass-battery,Auxiliary + suspension = 100 W,26.80166666666667,kg,564.9396723958332,Wh
mass-battery,Auxiliary + suspension = 100 W,26.939999999999998,kg,565.1234395833333,Wh
mass-battery,Auxiliary + suspension = 100 W,27.078333333333333,kg,565.3072067708333,Wh
mass-battery,Auxiliary + suspension = 100 W,27.21666666666667,kg,565.4909739583333,Wh
mass-battery,Auxiliary + suspension = 100 W,27.355,kg,565.6747411458333,Wh
mass-battery,Auxiliary + suspension = 100 W,27.493333333333332,kg,565.8585083333332,Wh
mass-battery,Auxiliary + suspension = 100 W,27.631666666666668,kg,566.0422755208333,Wh
mass-battery,Auxiliary + suspension = 100 W,27.77,kg,566.2260427083334,Wh
mass-battery,Auxiliary + suspension = 100 W,27.90833333333333,kg,566.4098098958333,Wh
mass-battery,Auxiliary + suspension = 100 W,28.046666666666667,kg,566.5935770833332,Wh
mass-battery,Auxiliary + suspension = 100 W,28.185,kg,566.7773442708333,Wh
mass-battery,Auxiliary + suspension = 100 W,28.323333333333334,kg,566.9611114583333,Wh
mass-battery,Auxiliary + suspension = 100 W,28.461666666666666,kg,567.1448786458333,Wh
mass-battery,Auxiliary + suspension = 100 W,28.6,kg,567.3286458333332,Wh
power-range,400 Wh nominal battery,20.0,W,43.6752412185089,km
power-range,400 Wh nominal battery,21.0,W,42.07988603364199,km
power-range,400 Wh nominal battery,22.0,W,40.59697284725036,km
power-range,400 Wh nominal battery,23.0,W,39.21501880755025,km
power-range,400 Wh nominal battery,24.0,W,37.92405313317861,km
power-range,400 Wh nominal battery,25.0,W,36.715376157315184,km
power-range,400 Wh nominal battery,26.0,W,35.58136302565132,km
power-range,400 Wh nominal battery,27.0,W,34.51530268302548,km
power-range,400 Wh nominal battery,28.0,W,33.51126496298344,km
power-range,400 Wh nominal battery,29.0,W,32.56399021949599,km
power-range,400 Wh nominal battery,30.0,W,31.66879716300359,km
power-range,400 Wh nominal battery,31.0,W,30.821505491418407,km
power-range,400 Wh nominal battery,32.0,W,30.018370617435146,km
power-range,400 Wh nominal battery,33.0,W,29.25602834177746,km
power-range,400 Wh nominal battery,34.0,W,28.53144774807128,km
power-range,400 Wh nominal battery,35.0,W,27.841890928425556,km
power-range,400 Wh nominal battery,36.0,W,27.184878411383668,km
power-range,400 Wh nominal battery,37.0,W,26.55815937201019,km
power-range,400 Wh nominal battery,38.0,W,25.959685869773416,km
power-range,400 Wh nominal battery,39.0,W,25.38759049287627,km
power-range,400 Wh nominal battery,40.0,W,24.840166894871324,km
power-range,400 Wh nominal battery,41.0,W,24.315852796217538,km
power-range,400 Wh nominal battery,42.0,W,23.813215094105608,km
power-range,400 Wh nominal battery,43.0,W,23.330936781667393,km
power-range,400 Wh nominal battery,44.0,W,22.86780542514863,km
power-range,400 Wh nominal battery,45.0,W,22.42270298677411,km
power-range,400 Wh nominal battery,46.0,W,21.99459681345642,km
power-range,400 Wh nominal battery,47.0,W,21.582531638455126,km
power-range,400 Wh nominal battery,48.0,W,21.18562246558716,km
power-range,400 Wh nominal battery,49.0,W,20.80304822442733,km
power-range,400 Wh nominal battery,50.0,W,20.43404610076894,km
power-range,400 Wh nominal battery,51.0,W,20.07790645996183,km
power-range,400 Wh nominal battery,52.0,W,19.73396829203532,km
power-range,400 Wh nominal battery,53.0,W,19.401615117091776,km
power-range,400 Wh nominal battery,54.0,W,19.080271297607514,km
power-range,400 Wh nominal battery,55.0,W,18.769398711233126,km
power-range,400 Wh nominal battery,56.0,W,18.468493743637428,km
power-range,400 Wh nominal battery,57.0,W,18.177084566045774,km
power-range,400 Wh nominal battery,58.0,W,17.89472866651651,km
power-range,400 Wh nominal battery,59.0,W,17.621010607787202,km
power-range,400 Wh nominal battery,60.0,W,17.355539987796888,km
power-range,400 Wh nominal battery,61.0,W,17.097949581827496,km
power-range,400 Wh nominal battery,62.0,W,16.847893647671352,km
power-range,400 Wh nominal battery,63.0,W,16.605046377375626,km
power-range,400 Wh nominal battery,64.0,W,16.36910048098442,km
power-range,400 Wh nominal battery,65.0,W,16.139765889333326,km
power-range,400 Wh nominal battery,66.0,W,15.916768564382087,km
power-range,400 Wh nominal battery,67.0,W,15.699849406826438,km
power-range,400 Wh nominal battery,68.0,W,15.488763251833577,km
power-range,400 Wh nominal battery,69.0,W,15.28327794471752,km
power-range,400 Wh nominal battery,70.0,W,15.08317348922771,km
power-range,400 Wh nominal battery,71.0,W,14.88824126188184,km
power-range,400 Wh nominal battery,72.0,W,14.69828328644428,km
power-range,400 Wh nominal battery,73.0,W,14.51311156324605,km
power-range,400 Wh nominal battery,74.0,W,14.33254744857017,km
power-range,400 Wh nominal battery,75.0,W,14.156421079795766,km
power-range,400 Wh nominal battery,76.0,W,13.984570842412582,km
power-range,400 Wh nominal battery,77.0,W,13.816842875390549,km
power-range,400 Wh nominal battery,78.0,W,13.65309061172246,km
power-range,400 Wh nominal battery,79.0,W,13.49317435125591,km
power-range,400 Wh nominal battery,80.0,W,13.336960863197746,km
power-range,400 Wh nominal battery,81.0,W,13.184323015913892,km
power-range,400 Wh nominal battery,82.0,W,13.035139431862545,km
power-range,400 Wh nominal battery,83.0,W,12.889294165692325,km
power-range,400 Wh nominal battery,84.0,W,12.746676403711144,km
power-range,400 Wh nominal battery,85.0,W,12.607180183088651,km
power-range,400 Wh nominal battery,86.0,W,12.470704129296953,km
power-range,400 Wh nominal battery,87.0,W,12.337151210422324,km
power-range,400 Wh nominal battery,88.0,W,12.206428507096577,km
power-range,400 Wh nominal battery,89.0,W,12.078446996901754,km
power-range,400 Wh nominal battery,90.0,W,11.953121352196854,km
power-range,400 Wh nominal battery,91.0,W,11.830369750401793,km
power-range,400 Wh nominal battery,92.0,W,11.710113695852161,km
power-range,400 Wh nominal battery,93.0,W,11.592277852409776,km
power-range,400 Wh nominal battery,94.0,W,11.476789886078913,km
power-range,400 Wh nominal battery,95.0,W,11.363580316937357,km
power-range,400 Wh nominal battery,96.0,W,11.252582379745354,km
power-range,400 Wh nominal battery,97.0,W,11.143731892644848,km
power-range,400 Wh nominal battery,98.0,W,11.036967133406467,km
power-range,400 Wh nominal battery,99.0,W,10.932228722722808,km
power-range,400 Wh nominal battery,100.0,W,10.829459514084409,km
power-range,400 Wh nominal battery,101.0,W,10.728604489809223,km
power-range,400 Wh nominal battery,102.0,W,10.629610662828197,km
power-range,400 Wh nominal battery,103.0,W,10.532426983858509,km
power-range,400 Wh nominal battery,104.0,W,10.437004253622828,km
power-range,400 Wh nominal battery,105.0,W,10.343295039797445,km
power-range,400 Wh nominal battery,106.0,W,10.251253598394683,km
power-range,400 Wh nominal battery,107.0,W,10.160835799305854,km
power-range,400 Wh nominal battery,108.0,W,10.071999055750089,km
power-range,400 Wh nominal battery,109.0,W,9.984702257392104,km
power-range,400 Wh nominal battery,110.0,W,9.898905706908183,km
power-range,400 Wh nominal battery,111.0,W,9.814571059794764,km
power-range,400 Wh nominal battery,112.0,W,9.73166126722787,km
power-range,400 Wh nominal battery,113.0,W,9.65014052179449,km
power-range,400 Wh nominal battery,114.0,W,9.569974205928899,km
power-range,400 Wh nominal battery,115.0,W,9.491128842897925,km
power-range,400 Wh nominal battery,116.0,W,9.413572050189376,km
power-range,400 Wh nominal battery,117.0,W,9.337272495167234,km
power-range,400 Wh nominal battery,118.0,W,9.262199852866097,km
power-range,400 Wh nominal battery,119.0,W,9.188324765805396,km
power-range,400 Wh nominal battery,120.0,W,9.115618805711506,km
power-range,400 Wh nominal battery,121.0,W,9.04405443704294,km
power-range,400 Wh nominal battery,122.0,W,8.973604982220266,km
power-range,400 Wh nominal battery,123.0,W,8.90424458846854,km
power-range,400 Wh nominal battery,124.0,W,8.835948196185662,km
power-range,400 Wh nominal battery,125.0,W,8.768691508755373,km
power-range,400 Wh nominal battery,126.0,W,8.702450963728458,km
power-range,400 Wh nominal battery,127.0,W,8.63720370530041,km
power-range,400 Wh nominal battery,128.0,W,8.572927558017957,km
power-range,400 Wh nominal battery,129.0,W,8.509601001650951,km
power-range,400 Wh nominal battery,130.0,W,8.447203147169784,km
power-range,400 Wh nominal battery,131.0,W,8.385713713772006,km
power-range,400 Wh nominal battery,132.0,W,8.325113006905074,km
power-range,400 Wh nominal battery,133.0,W,8.265381897235187,km
power-range,400 Wh nominal battery,134.0,W,8.206501800515044,km
power-range,400 Wh nominal battery,135.0,W,8.148454658306013,km
power-range,400 Wh nominal battery,136.0,W,8.0912229195127,km
power-range,400 Wh nominal battery,137.0,W,8.03478952269026,km
power-range,400 Wh nominal battery,138.0,W,7.979137879086971,km
power-range,400 Wh nominal battery,139.0,W,7.924251856386693,km
power-range,400 Wh nominal battery,140.0,W,7.870115763117714,km
power-range,400 Wh nominal battery,141.0,W,7.816714333696349,km
power-range,400 Wh nominal battery,142.0,W,7.764032714075342,km
power-range,400 Wh nominal battery,143.0,W,7.712056447968725,km
power-range,400 Wh nominal battery,144.0,W,7.660771463626299,km
power-range,400 Wh nominal battery,145.0,W,7.610164061132343,km
power-range,400 Wh nominal battery,146.0,W,7.5602209002044285,km
power-range,400 Wh nominal battery,147.0,W,7.5109289884695505,km
power-range,400 Wh nominal battery,148.0,W,7.462275670195917,km
power-range,400 Wh nominal battery,149.0,W,7.414248615459867,km
power-range,400 Wh nominal battery,150.0,W,7.366835809728444,km
power-range,600 Wh nominal battery,20.0,W,65.51286182776334,km
power-range,600 Wh nominal battery,21.0,W,63.11982905046299,km
power-range,600 Wh nominal battery,22.0,W,60.89545927087555,km
power-range,600 Wh nominal battery,23.0,W,58.82252821132538,km
power-range,600 Wh nominal battery,24.0,W,56.88607969976792,km
power-range,600 Wh nominal battery,25.0,W,55.07306423597278,km
power-range,600 Wh nominal battery,26.0,W,53.372044538476985,km
power-range,600 Wh nominal battery,27.0,W,51.77295402453822,km
power-range,600 Wh nominal battery,28.0,W,50.266897444475156,km
power-range,600 Wh nominal battery,29.0,W,48.84598532924399,km
power-range,600 Wh nominal battery,30.0,W,47.50319574450538,km
power-range,600 Wh nominal battery,31.0,W,46.23225823712761,km
power-range,600 Wh nominal battery,32.0,W,45.02755592615272,km
power-range,600 Wh nominal battery,33.0,W,43.884042512666184,km
power-range,600 Wh nominal battery,34.0,W,42.797171622106916,km
power-range,600 Wh nominal battery,35.0,W,41.762836392638334,km
power-range,600 Wh nominal battery,36.0,W,40.777317617075504,km
power-range,600 Wh nominal battery,37.0,W,39.837239058015285,km
power-range,600 Wh nominal battery,38.0,W,38.93952880466012,km
power-range,600 Wh nominal battery,39.0,W,38.081385739314406,km
power-range,600 Wh nominal battery,40.0,W,37.26025034230699,km
power-range,600 Wh nominal battery,41.0,W,36.473779194326305,km
power-range,600 Wh nominal battery,42.0,W,35.719822641158416,km
power-range,600 Wh nominal battery,43.0,W,34.996405172501085,km
power-range,600 Wh nominal battery,44.0,W,34.30170813772295,km
power-range,600 Wh nominal battery,45.0,W,33.63405448016116,km
power-range,600 Wh nominal battery,46.0,W,32.991895220184624,km
power-range,600 Wh nominal battery,47.0,W,32.37379745768269,km
power-range,600 Wh nominal battery,48.0,W,31.778433698380738,km
power-range,600 Wh nominal battery,49.0,W,31.204572336640993,km
power-range,600 Wh nominal battery,50.0,W,30.651069151153408,km
power-range,600 Wh nominal battery,51.0,W,30.116859689942746,km
power-range,600 Wh nominal battery,52.0,W,29.600952438052982,km
power-range,600 Wh nominal battery,53.0,W,29.102422675637666,km
power-range,600 Wh nominal battery,54.0,W,28.620406946411272,km
power-range,600 Wh nominal battery,55.0,W,28.15409806684969,km
power-range,600 Wh nominal battery,56.0,W,27.70274061545614,km
power-range,600 Wh nominal battery,57.0,W,27.26562684906866,km
power-range,600 Wh nominal battery,58.0,W,26.842092999774767,km
power-range,600 Wh nominal battery,59.0,W,26.431515911680805,km
power-range,600 Wh nominal battery,60.0,W,26.033309981695336,km
power-range,600 Wh nominal battery,61.0,W,25.646924372741243,km
power-range,600 Wh nominal battery,62.0,W,25.271840471507026,km
power-range,600 Wh nominal battery,63.0,W,24.90756956606344,km
power-range,600 Wh nominal battery,64.0,W,24.55365072147663,km
power-range,600 Wh nominal battery,65.0,W,24.20964883399999,km
power-range,600 Wh nominal battery,66.0,W,23.87515284657313,km
power-range,600 Wh nominal battery,67.0,W,23.549774110239657,km
power-range,600 Wh nominal battery,68.0,W,23.233144877750366,km
power-range,600 Wh nominal battery,69.0,W,22.92491691707628,km
power-range,600 Wh nominal battery,70.0,W,22.624760233841563,km
power-range,600 Wh nominal battery,71.0,W,22.33236189282276,km
power-range,600 Wh nominal battery,72.0,W,22.04742492966642,km
power-range,600 Wh nominal battery,73.0,W,21.769667344869074,km
power-range,600 Wh nominal battery,74.0,W,21.498821172855255,km
power-range,600 Wh nominal battery,75.0,W,21.234631619693648,km
power-range,600 Wh nominal battery,76.0,W,20.976856263618874,km
power-range,600 Wh nominal battery,77.0,W,20.725264313085823,km
power-range,600 Wh nominal battery,78.0,W,20.47963591758369,km
power-range,600 Wh nominal battery,79.0,W,20.239761526883864,km
power-range,600 Wh nominal battery,80.0,W,20.00544129479662,km
power-range,600 Wh nominal battery,81.0,W,19.776484523870835,km
power-range,600 Wh nominal battery,82.0,W,19.552709147793816,km
power-range,600 Wh nominal battery,83.0,W,19.33394124853849,km
power-range,600 Wh nominal battery,84.0,W,19.120014605566716,km
power-range,600 Wh nominal battery,85.0,W,18.910770274632977,km
power-range,600 Wh nominal battery,86.0,W,18.706056193945432,km
power-range,600 Wh nominal battery,87.0,W,18.505726815633487,km
power-range,600 Wh nominal battery,88.0,W,18.309642760644866,km
power-range,600 Wh nominal battery,89.0,W,18.11767049535263,km
power-range,600 Wh nominal battery,90.0,W,17.929682028295282,km
power-range,600 Wh nominal battery,91.0,W,17.74555462560269,km
power-range,600 Wh nominal battery,92.0,W,17.56517054377824,km
power-range,600 Wh nominal battery,93.0,W,17.388416778614666,km
power-range,600 Wh nominal battery,94.0,W,17.21518482911837,km
power-range,600 Wh nominal battery,95.0,W,17.04537047540604,km
power-range,600 Wh nominal battery,96.0,W,16.87887356961803,km
power-range,600 Wh nominal battery,97.0,W,16.715597838967273,km
power-range,600 Wh nominal battery,98.0,W,16.5554507001097,km
power-range,600 Wh nominal battery,99.0,W,16.398343084084214,km
power-range,600 Wh nominal battery,100.0,W,16.244189271126615,km
power-range,600 Wh nominal battery,101.0,W,16.092906734713836,km
power-range,600 Wh nominal battery,102.0,W,15.944415994242295,km
power-range,600 Wh nominal battery,103.0,W,15.798640475787762,km
power-range,600 Wh nominal battery,104.0,W,15.655506380434241,km
power-range,600 Wh nominal battery,105.0,W,15.514942559696168,km
power-range,600 Wh nominal battery,106.0,W,15.376880397592025,km
power-range,600 Wh nominal battery,107.0,W,15.24125369895878,km
power-range,600 Wh nominal battery,108.0,W,15.107998583625134,km
power-range,600 Wh nominal battery,109.0,W,14.977053386088157,km
power-range,600 Wh nominal battery,110.0,W,14.848358560362273,km
power-range,600 Wh nominal battery,111.0,W,14.721856589692146,km
power-range,600 Wh nominal battery,112.0,W,14.597491900841806,km
power-range,600 Wh nominal battery,113.0,W,14.475210782691736,km
power-range,600 Wh nominal battery,114.0,W,14.354961308893348,km
power-range,600 Wh nominal battery,115.0,W,14.236693264346888,km
power-range,600 Wh nominal battery,116.0,W,14.120358075284065,km
power-range,600 Wh nominal battery,117.0,W,14.00590874275085,km
power-range,600 Wh nominal battery,118.0,W,13.893299779299145,km
power-range,600 Wh nominal battery,119.0,W,13.782487148708093,km
power-range,600 Wh nominal battery,120.0,W,13.673428208567259,km
power-range,600 Wh nominal battery,121.0,W,13.56608165556441,km
power-range,600 Wh nominal battery,122.0,W,13.460407473330399,km
power-range,600 Wh nominal battery,123.0,W,13.35636688270281,km
power-range,600 Wh nominal battery,124.0,W,13.253922294278492,km
power-range,600 Wh nominal battery,125.0,W,13.153037263133058,km
power-range,600 Wh nominal battery,126.0,W,13.053676445592686,km
power-range,600 Wh nominal battery,127.0,W,12.955805557950615,km
power-range,600 Wh nominal battery,128.0,W,12.859391337026937,km
power-range,600 Wh nominal battery,129.0,W,12.764401502476428,km
power-range,600 Wh nominal battery,130.0,W,12.670804720754676,km
power-range,600 Wh nominal battery,131.0,W,12.578570570658009,km
power-range,600 Wh nominal battery,132.0,W,12.48766951035761,km
power-range,600 Wh nominal battery,133.0,W,12.39807284585278,km
power-range,600 Wh nominal battery,134.0,W,12.309752700772567,km
power-range,600 Wh nominal battery,135.0,W,12.222681987459021,km
power-range,600 Wh nominal battery,136.0,W,12.136834379269052,km
power-range,600 Wh nominal battery,137.0,W,12.052184284035391,km
power-range,600 Wh nominal battery,138.0,W,11.968706818630457,km
power-range,600 Wh nominal battery,139.0,W,11.88637778458004,km
power-range,600 Wh nominal battery,140.0,W,11.80517364467657,km
power-range,600 Wh nominal battery,141.0,W,11.725071500544523,km
power-range,600 Wh nominal battery,142.0,W,11.646049071113014,km
power-range,600 Wh nominal battery,143.0,W,11.568084671953086,km
power-range,600 Wh nominal battery,144.0,W,11.491157195439449,km
power-range,600 Wh nominal battery,145.0,W,11.415246091698515,km
power-range,600 Wh nominal battery,146.0,W,11.340331350306643,km
power-range,600 Wh nominal battery,147.0,W,11.266393482704327,km
power-range,600 Wh nominal battery,148.0,W,11.193413505293876,km
power-range,600 Wh nominal battery,149.0,W,11.121372923189801,km
power-range,600 Wh nominal battery,150.0,W,11.050253714592666,km
slope-drive,32.5 kg gross,0.0,deg,0.55794375,N m
slope-drive,32.5 kg gross,0.25,deg,0.6796624960146953,N m
slope-drive,32.5 kg gross,0.5,deg,0.8013683022351789,N m
slope-drive,32.5 kg gross,0.75,deg,0.9230588515583353,N m
slope-drive,32.5 kg gross,1.0,deg,1.044731827171519,N m
slope-drive,32.5 kg gross,1.25,deg,1.1663849125966614,N m
slope-drive,32.5 kg gross,1.5,deg,1.288015791734376,N m
slope-drive,32.5 kg gross,1.75,deg,1.4096221489080507,N m
slope-drive,32.5 kg gross,2.0,deg,1.5312016689079369,N m
slope-drive,32.5 kg gross,2.25,deg,1.6527520370352264,N m
slope-drive,32.5 kg gross,2.5,deg,1.7742709391461218,N m
slope-drive,32.5 kg gross,2.75,deg,1.8957560616958922,N m
slope-drive,32.5 kg gross,3.0,deg,2.0172050917829223,N m
slope-drive,32.5 kg gross,3.25,deg,2.1386157171927422,N m
slope-drive,32.5 kg gross,3.5,deg,2.259985626442055,N m
slope-drive,32.5 kg gross,3.75,deg,2.3813125088227403,N m
slope-drive,32.5 kg gross,4.0,deg,2.5025940544458454,N m
slope-drive,32.5 kg gross,4.25,deg,2.623827954285565,N m
slope-drive,32.5 kg gross,4.5,deg,2.745011900223202,N m
slope-drive,32.5 kg gross,4.75,deg,2.866143585091108,N m
slope-drive,32.5 kg gross,5.0,deg,2.987220702716611,N m
slope-drive,32.5 kg gross,5.25,deg,3.1082409479659203,N m
slope-drive,32.5 kg gross,5.5,deg,3.229202016788013,N m
slope-drive,32.5 kg gross,5.75,deg,3.350101606258501,N m
slope-drive,32.5 kg gross,6.0,deg,3.4709374146234735,N m
slope-drive,32.5 kg gross,6.25,deg,3.59170714134332,N m
slope-drive,32.5 kg gross,6.5,deg,3.7124084871365284,N m
slope-drive,32.5 kg gross,6.75,deg,3.833039154023465,N m
slope-drive,32.5 kg gross,7.0,deg,3.953596845370115,N m
slope-drive,32.5 kg gross,7.25,deg,4.074079265931816,N m
slope-drive,32.5 kg gross,7.5,deg,4.194484121896954,N m
slope-drive,32.5 kg gross,7.75,deg,4.3148091209306285,N m
slope-drive,32.5 kg gross,8.0,deg,4.435051972218305,N m
slope-drive,32.5 kg gross,8.25,deg,4.55521038650942,N m
slope-drive,32.5 kg gross,8.5,deg,4.675282076160969,N m
slope-drive,32.5 kg gross,8.75,deg,4.795264755181063,N m
slope-drive,32.5 kg gross,9.0,deg,4.915156139272443,N m
slope-drive,32.5 kg gross,9.25,deg,5.034953945875977,N m
slope-drive,32.5 kg gross,9.5,deg,5.154655894214112,N m
slope-drive,32.5 kg gross,9.75,deg,5.274259705334296,N m
slope-drive,32.5 kg gross,10.0,deg,5.393763102152373,N m
slope-drive,32.5 kg gross,10.25,deg,5.513163809495927,N m
slope-drive,32.5 kg gross,10.5,deg,5.632459554147604,N m
slope-drive,32.5 kg gross,10.75,deg,5.751648064888384,N m
slope-drive,32.5 kg gross,11.0,deg,5.870727072540832,N m
slope-drive,32.5 kg gross,11.25,deg,5.989694310012287,N m
slope-drive,32.5 kg gross,11.5,deg,6.10854751233804,N m
slope-drive,32.5 kg gross,11.75,deg,6.227284416724441,N m
slope-drive,32.5 kg gross,12.0,deg,6.345902762591982,N m
slope-drive,32.5 kg gross,12.25,deg,6.464400291618347,N m
slope-drive,32.5 kg gross,12.5,deg,6.582774747781392,N m
slope-drive,32.5 kg gross,12.75,deg,6.701023877402103,N m
slope-drive,32.5 kg gross,13.0,deg,6.8191454291875075,N m
slope-drive,32.5 kg gross,13.25,deg,6.937137154273527,N m
slope-drive,32.5 kg gross,13.5,deg,7.054996806267797,N m
slope-drive,32.5 kg gross,13.75,deg,7.172722141292434,N m
slope-drive,32.5 kg gross,14.0,deg,7.2903109180267585,N m
slope-drive,32.5 kg gross,14.25,deg,7.407760897749959,N m
slope-drive,32.5 kg gross,14.5,deg,7.525069844383726,N m
slope-drive,32.5 kg gross,14.75,deg,7.642235524534809,N m
slope-drive,32.5 kg gross,15.0,deg,7.759255707537549,N m
slope-drive,32.5 kg gross,15.25,deg,7.876128165496345,N m
slope-drive,32.5 kg gross,15.5,deg,7.992850673328063,N m
slope-drive,32.5 kg gross,15.75,deg,8.10942100880441,N m
slope-drive,32.5 kg gross,16.0,deg,8.225836952594225,N m
slope-drive,32.5 kg gross,16.25,deg,8.342096288305754,N m
slope-drive,32.5 kg gross,16.5,deg,8.458196802528827,N m
slope-drive,32.5 kg gross,16.75,deg,8.574136284877007,N m
slope-drive,32.5 kg gross,17.0,deg,8.689912528029675,N m
slope-drive,32.5 kg gross,17.25,deg,8.805523327774043,N m
slope-drive,32.5 kg gross,17.5,deg,8.920966483047144,N m
slope-drive,32.5 kg gross,17.75,deg,9.036239795977702,N m
slope-drive,32.5 kg gross,18.0,deg,9.151341071928005,N m
slope-drive,32.5 kg gross,18.25,deg,9.266268119535674,N m
slope-drive,32.5 kg gross,18.5,deg,9.381018750755384,N m
slope-drive,32.5 kg gross,18.75,deg,9.495590780900526,N m
slope-drive,32.5 kg gross,19.0,deg,9.6099820286848,N m
slope-drive,32.5 kg gross,19.25,deg,9.72419031626374,N m
slope-drive,32.5 kg gross,19.5,deg,9.838213469276173,N m
slope-drive,32.5 kg gross,19.75,deg,9.952049316885633,N m
slope-drive,32.5 kg gross,20.0,deg,10.06569569182167,N m
slope-drive,32.5 kg gross,20.25,deg,10.179150430421123,N m
slope-drive,32.5 kg gross,20.5,deg,10.292411372669308,N m
slope-drive,32.5 kg gross,20.75,deg,10.405476362241151,N m
slope-drive,32.5 kg gross,21.0,deg,10.518343246542228,N m
slope-drive,32.5 kg gross,21.25,deg,10.631009876749758,N m
slope-drive,32.5 kg gross,21.5,deg,10.743474107853503,N m
slope-drive,32.5 kg gross,21.75,deg,10.855733798696617,N m
slope-drive,32.5 kg gross,22.0,deg,10.96778681201641,N m
slope-drive,32.5 kg gross,22.25,deg,11.079631014485024,N m
slope-drive,32.5 kg gross,22.5,deg,11.191264276750072,N m
slope-drive,32.5 kg gross,22.75,deg,11.302684473475145,N m
slope-drive,32.5 kg gross,23.0,deg,11.413889483380315,N m
slope-drive,32.5 kg gross,23.25,deg,11.524877189282488,N m
slope-drive,32.5 kg gross,23.5,deg,11.635645478135729,N m
slope-drive,32.5 kg gross,23.75,deg,11.74619224107149,N m
slope-drive,32.5 kg gross,24.0,deg,11.856515373438752,N m
slope-drive,32.5 kg gross,24.25,deg,11.966612774844103,N m
slope-drive,32.5 kg gross,24.5,deg,12.076482349191723,N m
slope-drive,32.5 kg gross,24.75,deg,12.186122004723286,N m
slope-drive,32.5 kg gross,25.0,deg,12.295529654057797,N m
slope-drive,32.5 kg gross,25.25,deg,12.40470321423132,N m
slope-drive,32.5 kg gross,25.5,deg,12.513640606736638,N m
slope-drive,32.5 kg gross,25.75,deg,12.622339757562829,N m
slope-drive,32.5 kg gross,26.0,deg,12.730798597234747,N m
slope-drive,32.5 kg gross,26.25,deg,12.839015060852423,N m
slope-drive,32.5 kg gross,26.5,deg,12.946987088130383,N m
slope-drive,32.5 kg gross,26.75,deg,13.054712623436863,N m
slope-drive,32.5 kg gross,27.0,deg,13.162189615832961,N m
slope-drive,32.5 kg gross,27.25,deg,13.26941601911166,N m
slope-drive,32.5 kg gross,27.5,deg,13.376389791836802,N m
slope-drive,32.5 kg gross,27.75,deg,13.483108897381962,N m
slope-drive,32.5 kg gross,28.0,deg,13.5895713039692,N m
slope-drive,32.5 kg gross,28.25,deg,13.695774984707755,N m
slope-drive,32.5 kg gross,28.5,deg,13.801717917632633,N m
slope-drive,32.5 kg gross,28.75,deg,13.90739808574311,N m
slope-drive,32.5 kg gross,29.0,deg,14.012813477041117,N m
slope-drive,32.5 kg gross,29.25,deg,14.117962084569553,N m
slope-drive,32.5 kg gross,29.5,deg,14.222841906450508,N m
slope-drive,32.5 kg gross,29.75,deg,14.327450945923346,N m
slope-drive,32.5 kg gross,30.0,deg,14.431787211382751,N m
slope-drive,32.5 kg gross,30.25,deg,14.535848716416629,N m
slope-drive,32.5 kg gross,30.5,deg,14.63963347984391,N m
slope-drive,32.5 kg gross,30.75,deg,14.743139525752326,N m
slope-drive,32.5 kg gross,31.0,deg,14.846364883535937,N m
slope-drive,32.5 kg gross,31.25,deg,14.949307587932749,N m
slope-drive,32.5 kg gross,31.5,deg,15.051965679062045,N m
slope-drive,32.5 kg gross,31.75,deg,15.154337202461758,N m
slope-drive,32.5 kg gross,32.0,deg,15.256420209125638,N m
slope-drive,32.5 kg gross,32.25,deg,15.358212755540393,N m
slope-drive,32.5 kg gross,32.5,deg,15.459712903722671,N m
slope-drive,32.5 kg gross,32.75,deg,15.560918721255955,N m
slope-drive,32.5 kg gross,33.0,deg,15.661828281327375,N m
slope-drive,32.5 kg gross,33.25,deg,15.76243966276435,N m
slope-drive,32.5 kg gross,33.5,deg,15.862750950071222,N m
slope-drive,32.5 kg gross,33.75,deg,15.96276023346566,N m
slope-drive,32.5 kg gross,34.0,deg,16.062465608915083,N m
slope-drive,32.5 kg gross,34.25,deg,16.16186517817285,N m
slope-drive,32.5 kg gross,34.5,deg,16.260957048814458,N m
slope-drive,32.5 kg gross,34.75,deg,16.35973933427352,N m
slope-drive,32.5 kg gross,35.0,deg,16.45821015387771,N m
slope-drive,32.5 kg gross,35.25,deg,16.556367632884577,N m
slope-drive,32.5 kg gross,35.5,deg,16.6542099025172,N m
slope-drive,32.5 kg gross,35.75,deg,16.751735099999806,N m
slope-drive,32.5 kg gross,36.0,deg,16.848941368593213,N m
slope-drive,32.5 kg gross,36.25,deg,16.945826857630188,N m
slope-drive,32.5 kg gross,36.5,deg,17.04238972255068,N m
slope-drive,32.5 kg gross,36.75,deg,17.138628124936925,N m
slope-drive,32.5 kg gross,37.0,deg,17.234540232548476,N m
slope-drive,32.5 kg gross,37.25,deg,17.330124219357057,N m
slope-drive,32.5 kg gross,37.5,deg,17.425378265581337,N m
slope-drive,32.5 kg gross,37.75,deg,17.520300557721576,N m
slope-drive,32.5 kg gross,38.0,deg,17.61488928859417,N m
slope-drive,32.5 kg gross,38.25,deg,17.709142657366026,N m
slope-drive,32.5 kg gross,38.5,deg,17.803058869588867,N m
slope-drive,32.5 kg gross,38.75,deg,17.896636137233383,N m
slope-drive,32.5 kg gross,39.0,deg,17.98987267872329,N m
slope-drive,32.5 kg gross,39.25,deg,18.082766718969243,N m
slope-drive,32.5 kg gross,39.5,deg,18.175316489402615,N m
slope-drive,32.5 kg gross,39.75,deg,18.26752022800918,N m
slope-drive,32.5 kg gross,40.0,deg,18.359376179362663,N m
slope-drive,45.5 kg gross (boundary),0.0,deg,0.7811212500000001,N m
slope-drive,45.5 kg gross (boundary),0.25,deg,0.9515274944205734,N m
slope-drive,45.5 kg gross (boundary),0.5,deg,1.1219156231292504,N m
slope-drive,45.5 kg gross (boundary),0.75,deg,1.2922823921816695,N m
slope-drive,45.5 kg gross (boundary),1.0,deg,1.4626245580401265,N m
slope-drive,45.5 kg gross (boundary),1.25,deg,1.6329388776353262,N m
slope-drive,45.5 kg gross (boundary),1.5,deg,1.8032221084281261,N m
slope-drive,45.5 kg gross (boundary),1.75,deg,1.9734710084712708,N m
slope-drive,45.5 kg gross (boundary),2.0,deg,2.143682336471112,N m
slope-drive,45.5 kg gross (boundary),2.25,deg,2.313852851849317,N m
slope-drive,45.5 kg gross (boundary),2.5,deg,2.4839793148045706,N m
slope-drive,45.5 kg gross (boundary),2.75,deg,2.6540584863742493,N m
slope-drive,45.5 kg gross (boundary),3.0,deg,2.824087128496091,N m
slope-drive,45.5 kg gross (boundary),3.25,deg,2.994062004069839,N m
slope-drive,45.5 kg gross (boundary),3.5,deg,3.1639798770188774,N m
slope-drive,45.5 kg gross (boundary),3.75,deg,3.333837512351836,N m
slope-drive,45.5 kg gross (boundary),4.0,deg,3.5036316762241833,N m
slope-drive,45.5 kg gross (boundary),4.25,deg,3.6733591359997915,N m
slope-drive,45.5 kg gross (boundary),4.5,deg,3.8430166603124833,N m
slope-drive,45.5 kg gross (boundary),4.75,deg,4.012601019127552,N m
slope-drive,45.5 kg gross (boundary),5.0,deg,4.182108983803256,N m
slope-drive,45.5 kg gross (boundary),5.25,deg,4.351537327152289,N m
slope-drive,45.5 kg gross (boundary),5.5,deg,4.520882823503219,N m
slope-drive,45.5 kg gross (boundary),5.75,deg,4.6901422487619016,N m
slope-drive,45.5 kg gross (boundary),6.0,deg,4.859312380472863,N m
slope-drive,45.5 kg gross (boundary),6.25,deg,5.028389997880648,N m
slope-drive,45.5 kg gross (boundary),6.5,deg,5.197371881991141,N m
slope-drive,45.5 kg gross (boundary),6.75,deg,5.366254815632852,N m
slope-drive,45.5 kg gross (boundary),7.0,deg,5.5350355835181615,N m
slope-drive,45.5 kg gross (boundary),7.25,deg,5.703710972304544,N m
slope-drive,45.5 kg gross (boundary),7.5,deg,5.872277770655735,N m
slope-drive,45.5 kg gross (boundary),7.75,deg,6.040732769302881,N m
slope-drive,45.5 kg gross (boundary),8.0,deg,6.209072761105627,N m
slope-drive,45.5 kg gross (boundary),8.25,deg,6.377294541113189,N m
slope-drive,45.5 kg gross (boundary),8.5,deg,6.545394906625358,N m
slope-drive,45.5 kg gross (boundary),8.75,deg,6.713370657253489,N m
slope-drive,45.5 kg gross (boundary),9.0,deg,6.881218594981421,N m
slope-drive,45.5 kg gross (boundary),9.25,deg,7.048935524226369,N m
slope-drive,45.5 kg gross (boundary),9.5,deg,7.216518251899757,N m
slope-drive,45.5 kg gross (boundary),9.75,deg,7.383963587468014,N m
slope-drive,45.5 kg gross (boundary),10.0,deg,7.551268343013322,N m
slope-drive,45.5 kg gross (boundary),10.25,deg,7.718429333294298,N m
slope-drive,45.5 kg gross (boundary),10.5,deg,7.885443375806645,N m
slope-drive,45.5 kg gross (boundary),10.75,deg,8.052307290843737,N m
slope-drive,45.5 kg gross (boundary),11.0,deg,8.219017901557164,N m
slope-drive,45.5 kg gross (boundary),11.25,deg,8.385572034017203,N m
slope-drive,45.5 kg gross (boundary),11.5,deg,8.551966517273257,N m
slope-drive,45.5 kg gross (boundary),11.75,deg,8.718198183414216,N m
slope-drive,45.5 kg gross (boundary),12.0,deg,8.884263867628775,N m
slope-drive,45.5 kg gross (boundary),12.25,deg,9.050160408265686,N m
slope-drive,45.5 kg gross (boundary),12.5,deg,9.215884646893949,N m
slope-drive,45.5 kg gross (boundary),12.75,deg,9.381433428362946,N m
slope-drive,45.5 kg gross (boundary),13.0,deg,9.54680360086251,N m
slope-drive,45.5 kg gross (boundary),13.25,deg,9.711992015982938,N m
slope-drive,45.5 kg gross (boundary),13.5,deg,9.876995528774916,N m
slope-drive,45.5 kg gross (boundary),13.75,deg,10.041810997809408,N m
slope-drive,45.5 kg gross (boundary),14.0,deg,10.206435285237463,N m
slope-drive,45.5 kg gross (boundary),14.25,deg,10.370865256849944,N m
slope-drive,45.5 kg gross (boundary),14.5,deg,10.535097782137218,N m
slope-drive,45.5 kg gross (boundary),14.75,deg,10.699129734348732,N m
slope-drive,45.5 kg gross (boundary),15.0,deg,10.86295799055257,N m
slope-drive,45.5 kg gross (boundary),15.25,deg,11.026579431694884,N m
slope-drive,45.5 kg gross (boundary),15.5,deg,11.18999094265929,N m
slope-drive,45.5 kg gross (boundary),15.75,deg,11.353189412326174,N m
slope-drive,45.5 kg gross (boundary),16.0,deg,11.516171733631916,N m
slope-drive,45.5 kg gross (boundary),16.25,deg,11.678934803628058,N m
slope-drive,45.5 kg gross (boundary),16.5,deg,11.841475523540359,N m
slope-drive,45.5 kg gross (boundary),16.75,deg,12.003790798827808,N m
slope-drive,45.5 kg gross (boundary),17.0,deg,12.165877539241544,N m
slope-drive,45.5 kg gross (boundary),17.25,deg,12.327732658883663,N m
slope-drive,45.5 kg gross (boundary),17.5,deg,12.489353076266003,N m
slope-drive,45.5 kg gross (boundary),17.75,deg,12.650735714368784,N m
slope-drive,45.5 kg gross (boundary),18.0,deg,12.81187750069921,N m
slope-drive,45.5 kg gross (boundary),18.25,deg,12.972775367349945,N m
slope-drive,45.5 kg gross (boundary),18.5,deg,13.13342625105754,N m
slope-drive,45.5 kg gross (boundary),18.75,deg,13.293827093260738,N m
slope-drive,45.5 kg gross (boundary),19.0,deg,13.453974840158724,N m
slope-drive,45.5 kg gross (boundary),19.25,deg,13.613866442769238,N m
slope-drive,45.5 kg gross (boundary),19.5,deg,13.773498856986643,N m
slope-drive,45.5 kg gross (boundary),19.75,deg,13.932869043639888,N m
slope-drive,45.5 kg gross (boundary),20.0,deg,14.09197396855034,N m
slope-drive,45.5 kg gross (boundary),20.25,deg,14.250810602589572,N m
slope-drive,45.5 kg gross (boundary),20.5,deg,14.409375921737032,N m
slope-drive,45.5 kg gross (boundary),20.75,deg,14.567666907137612,N m
slope-drive,45.5 kg gross (boundary),21.0,deg,14.72568054515912,N m
slope-drive,45.5 kg gross (boundary),21.25,deg,14.88341382744966,N m
slope-drive,45.5 kg gross (boundary),21.5,deg,15.040863750994905,N m
slope-drive,45.5 kg gross (boundary),21.75,deg,15.198027318175265,N m
slope-drive,45.5 kg gross (boundary),22.0,deg,15.354901536822975,N m
slope-drive,45.5 kg gross (boundary),22.25,deg,15.511483420279037,N m
slope-drive,45.5 kg gross (boundary),22.5,deg,15.667769987450102,N m
slope-drive,45.5 kg gross (boundary),22.75,deg,15.823758262865203,N m
slope-drive,45.5 kg gross (boundary),23.0,deg,15.979445276732442,N m
slope-drive,45.5 kg gross (boundary),23.25,deg,16.134828064995485,N m
slope-drive,45.5 kg gross (boundary),23.5,deg,16.289903669390025,N m
slope-drive,45.5 kg gross (boundary),23.75,deg,16.44466913750009,N m
slope-drive,45.5 kg gross (boundary),24.0,deg,16.599121522814254,N m
slope-drive,45.5 kg gross (boundary),24.25,deg,16.753257884781746,N m
slope-drive,45.5 kg gross (boundary),24.5,deg,16.907075288868413,N m
slope-drive,45.5 kg gross (boundary),24.75,deg,17.060570806612603,N m
slope-drive,45.5 kg gross (boundary),25.0,deg,17.21374151568092,N m
slope-drive,45.5 kg gross (boundary),25.25,deg,17.36658449992385,N m
slope-drive,45.5 kg gross (boundary),25.5,deg,17.519096849431293,N m
slope-drive,45.5 kg gross (boundary),25.75,deg,17.671275660587963,N m
slope-drive,45.5 kg gross (boundary),26.0,deg,17.823118036128648,N m
slope-drive,45.5 kg gross (boundary),26.25,deg,17.974621085193395,N m
slope-drive,45.5 kg gross (boundary),26.5,deg,18.125781923382537,N m
slope-drive,45.5 kg gross (boundary),26.75,deg,18.27659767281161,N m
slope-drive,45.5 kg gross (boundary),27.0,deg,18.427065462166148,N m
slope-drive,45.5 kg gross (boundary),27.25,deg,18.577182426756323,N m
slope-drive,45.5 kg gross (boundary),27.5,deg,18.726945708571527,N m
slope-drive,45.5 kg gross (boundary),27.75,deg,18.876352456334747,N m
slope-drive,45.5 kg gross (boundary),28.0,deg,19.02539982555688,N m
slope-drive,45.5 kg gross (boundary),28.25,deg,19.174084978590855,N m
slope-drive,45.5 kg gross (boundary),28.5,deg,19.322405084685684,N m
slope-drive,45.5 kg gross (boundary),28.75,deg,19.470357320040353,N m
slope-drive,45.5 kg gross (boundary),29.0,deg,19.617938867857564,N m
slope-drive,45.5 kg gross (boundary),29.25,deg,19.765146918397377,N m
slope-drive,45.5 kg gross (boundary),29.5,deg,19.911978669030713,N m
slope-drive,45.5 kg gross (boundary),29.75,deg,20.058431324292684,N m
slope-drive,45.5 kg gross (boundary),30.0,deg,20.204502095935855,N m
slope-drive,45.5 kg gross (boundary),30.25,deg,20.35018820298328,N m
slope-drive,45.5 kg gross (boundary),30.5,deg,20.495486871781477,N m
slope-drive,45.5 kg gross (boundary),30.75,deg,20.640395336053256,N m
slope-drive,45.5 kg gross (boundary),31.0,deg,20.784910836950317,N m
slope-drive,45.5 kg gross (boundary),31.25,deg,20.929030623105852,N m
slope-drive,45.5 kg gross (boundary),31.5,deg,21.072751950686865,N m
slope-drive,45.5 kg gross (boundary),31.75,deg,21.216072083446463,N m
slope-drive,45.5 kg gross (boundary),32.0,deg,21.358988292775894,N m
slope-drive,45.5 kg gross (boundary),32.25,deg,21.50149785775655,N m
slope-drive,45.5 kg gross (boundary),32.5,deg,21.643598065211744,N m
slope-drive,45.5 kg gross (boundary),32.75,deg,21.78528620975834,N m
slope-drive,45.5 kg gross (boundary),33.0,deg,21.926559593858325,N m
slope-drive,45.5 kg gross (boundary),33.25,deg,22.067415527870093,N m
slope-drive,45.5 kg gross (boundary),33.5,deg,22.20785133009971,N m
slope-drive,45.5 kg gross (boundary),33.75,deg,22.347864326851923,N m
slope-drive,45.5 kg gross (boundary),34.0,deg,22.487451852481115,N m
slope-drive,45.5 kg gross (boundary),34.25,deg,22.626611249441993,N m
slope-drive,45.5 kg gross (boundary),34.5,deg,22.765339868340245,N m
slope-drive,45.5 kg gross (boundary),34.75,deg,22.903635067982925,N m
slope-drive,45.5 kg gross (boundary),35.0,deg,23.041494215428795,N m
slope-drive,45.5 kg gross (boundary),35.25,deg,23.17891468603841,N m
slope-drive,45.5 kg gross (boundary),35.5,deg,23.31589386352408,N m
slope-drive,45.5 kg gross (boundary),35.75,deg,23.452429139999726,N m
slope-drive,45.5 kg gross (boundary),36.0,deg,23.588517916030497,N m
slope-drive,45.5 kg gross (boundary),36.25,deg,23.724157600682265,N m
slope-drive,45.5 kg gross (boundary),36.5,deg,23.85934561157095,N m
slope-drive,45.5 kg gross (boundary),36.75,deg,23.9940793749117,N m
slope-drive,45.5 kg gross (boundary),37.0,deg,24.128356325567868,N m
slope-drive,45.5 kg gross (boundary),37.25,deg,24.262173907099882,N m
slope-drive,45.5 kg gross (boundary),37.5,deg,24.39552957181387,N m
slope-drive,45.5 kg gross (boundary),37.75,deg,24.52842078081021,N m
slope-drive,45.5 kg gross (boundary),38.0,deg,24.66084500403184,N m
slope-drive,45.5 kg gross (boundary),38.25,deg,24.79279972031244,N m
slope-drive,45.5 kg gross (boundary),38.5,deg,24.92428241742442,N m
slope-drive,45.5 kg gross (boundary),38.75,deg,25.055290592126735,N m
slope-drive,45.5 kg gross (boundary),39.0,deg,25.18582175021261,N m
slope-drive,45.5 kg gross (boundary),39.25,deg,25.315873406556943,N m
slope-drive,45.5 kg gross (boundary),39.5,deg,25.44544308516366,N m
slope-drive,45.5 kg gross (boundary),39.75,deg,25.574528319212853,N m
slope-drive,45.5 kg gross (boundary),40.0,deg,25.70312665110773,N m
friction-slope,Ideal all-wheel traction bound,0.3,dimensionless,15.642246457208728,deg
friction-slope,Ideal all-wheel traction bound,0.305,dimensionless,15.907551930525841,deg
friction-slope,Ideal all-wheel traction bound,0.31,dimensionless,16.17215901578255,deg
friction-slope,Ideal all-wheel traction bound,0.315,dimensionless,16.436059224635645,deg
friction-slope,Ideal all-wheel traction bound,0.32,dimensionless,16.69924423399362,deg
friction-slope,Ideal all-wheel traction bound,0.325,dimensionless,16.961705886532908,deg
friction-slope,Ideal all-wheel traction bound,0.32999999999999996,dimensionless,17.223436191131462,deg
friction-slope,Ideal all-wheel traction bound,0.33499999999999996,dimensionless,17.4844273232207,deg
friction-slope,Ideal all-wheel traction bound,0.33999999999999997,dimensionless,17.74467162505693,deg
friction-slope,Ideal all-wheel traction bound,0.345,dimensionless,18.00416160591338,deg
friction-slope,Ideal all-wheel traction bound,0.35,dimensionless,18.26288994219413,deg
friction-slope,Ideal all-wheel traction bound,0.355,dimensionless,18.520849477471103,deg
friction-slope,Ideal all-wheel traction bound,0.36,dimensionless,18.77803322244554,deg
friction-slope,Ideal all-wheel traction bound,0.365,dimensionless,19.034434354835188,deg
friction-slope,Ideal all-wheel traction bound,0.37,dimensionless,19.290046219188735,deg
friction-slope,Ideal all-wheel traction bound,0.375,dimensionless,19.54486232662877,deg
friction-slope,Ideal all-wheel traction bound,0.38,dimensionless,19.798876354524932,deg
friction-slope,Ideal all-wheel traction bound,0.385,dimensionless,20.052082146098538,deg
friction-slope,Ideal all-wheel traction bound,0.39,dimensionless,20.304473709960437,deg
friction-slope,Ideal all-wheel traction bound,0.395,dimensionless,20.556045219583467,deg
friction-slope,Ideal all-wheel traction bound,0.4,dimensionless,20.80679101271123,deg
friction-slope,Ideal all-wheel traction bound,0.40499999999999997,dimensionless,21.056705590704773,deg
friction-slope,Ideal all-wheel traction bound,0.41,dimensionless,21.305783617828766,deg
friction-slope,Ideal all-wheel traction bound,0.415,dimensionless,21.55401992047884,deg
friction-slope,Ideal all-wheel traction bound,0.42,dimensionless,21.80140948635181,deg
friction-slope,Ideal all-wheel traction bound,0.425,dimensionless,22.047947463560384,deg
friction-slope,Ideal all-wheel traction bound,0.43,dimensionless,22.293629159694078,deg
friction-slope,Ideal all-wheel traction bound,0.435,dimensionless,22.538450040828085,deg
friction-slope,Ideal all-wheel traction bound,0.44,dimensionless,22.78240573048169,deg
friction-slope,Ideal all-wheel traction bound,0.44499999999999995,dimensionless,23.025492008528037,deg
friction-slope,Ideal all-wheel traction bound,0.44999999999999996,dimensionless,23.267704810056948,deg
friction-slope,Ideal all-wheel traction bound,0.45499999999999996,dimensionless,23.509040224192454,deg
friction-slope,Ideal all-wheel traction bound,0.45999999999999996,dimensionless,23.74949449286676,deg
friction-slope,Ideal all-wheel traction bound,0.46499999999999997,dimensionless,23.98906400955239,deg
friction-slope,Ideal all-wheel traction bound,0.47,dimensionless,24.22774531795417,deg
friction-slope,Ideal all-wheel traction bound,0.475,dimensionless,24.465535110662746,deg
friction-slope,Ideal all-wheel traction bound,0.48,dimensionless,24.70243022777131,deg
friction-slope,Ideal all-wheel traction bound,0.485,dimensionless,24.93842765545722,deg
friction-slope,Ideal all-wheel traction bound,0.49,dimensionless,25.173524524530166,deg
friction-slope,Ideal all-wheel traction bound,0.495,dimensionless,25.407718108948472,deg
friction-slope,Ideal all-wheel traction bound,0.5,dimensionless,25.64100582430528,deg
friction-slope,Ideal all-wheel traction bound,0.505,dimensionless,25.873385226286093,deg
friction-slope,Ideal all-wheel traction bound,0.51,dimensionless,26.104854009099295,deg
friction-slope,Ideal all-wheel traction bound,0.515,dimensionless,26.335410003881346,deg
friction-slope,Ideal all-wheel traction bound,0.52,dimensionless,26.565051177077994,deg
friction-slope,Ideal all-wheel traction bound,0.525,dimensionless,26.793775628803157,deg
friction-slope,Ideal all-wheel traction bound,0.53,dimensionless,27.02158159117704,deg
friction-slope,Ideal all-wheel traction bound,0.535,dimensionless,27.248467426644755,deg
friction-slope,Ideal all-wheel traction bound,0.54,dimensionless,27.474431626277134,deg
friction-slope,Ideal all-wheel traction bound,0.5449999999999999,dimensionless,27.699472808054992,deg
friction-slope,Ideal all-wheel traction bound,0.55,dimensionless,27.923589715138384,deg
friction-slope,Ideal all-wheel traction bound,0.5549999999999999,dimensionless,28.146781214122036,deg
friction-slope,Ideal all-wheel traction bound,0.56,dimensionless,28.369046293278583,deg
friction-slope,Ideal all-wheel traction bound,0.565,dimensionless,28.5903840607906,deg
friction-slope,Ideal all-wheel traction bound,0.5700000000000001,dimensionless,28.810793742973065,deg
friction-slope,Ideal all-wheel traction bound,0.575,dimensionless,29.030274682487153,deg
friction-slope,Ideal all-wheel traction bound,0.5800000000000001,dimensionless,29.24882633654698,deg
friction-slope,Ideal all-wheel traction bound,0.585,dimensionless,29.46644827512009,deg
friction-slope,Ideal all-wheel traction bound,0.59,dimensionless,29.683140179123296,deg
friction-slope,Ideal all-wheel traction bound,0.595,dimensionless,29.89890183861456,deg
friction-slope,Ideal all-wheel traction bound,0.6,dimensionless,30.113733150982437,deg
friction-slope,Ideal all-wheel traction bound,0.605,dimensionless,30.327634119133858,deg
friction-slope,Ideal all-wheel traction bound,0.61,dimensionless,30.5406048496815,deg
friction-slope,Ideal all-wheel traction bound,0.615,dimensionless,30.752645551131632,deg
friction-slope,Ideal all-wheel traction bound,0.62,dimensionless,30.96375653207352,deg
friction-slope,Ideal all-wheel traction bound,0.625,dimensionless,31.173938199371257,deg
friction-slope,Ideal all-wheel traction bound,0.63,dimensionless,31.38319105635903,deg
friction-slope,Ideal all-wheel traction bound,0.635,dimensionless,31.591515701040688,deg
friction-slope,Ideal all-wheel traction bound,0.64,dimensionless,31.79891282429442,deg
friction-slope,Ideal all-wheel traction bound,0.645,dimensionless,32.005383208083494,deg
friction-slope,Ideal all-wheel traction bound,0.65,dimensionless,32.210927723673755,deg
friction-slope,Ideal all-wheel traction bound,0.655,dimensionless,32.415547329858676,deg
friction-slope,Ideal all-wheel traction bound,0.6599999999999999,dimensionless,32.61924307119282,deg
friction-slope,Ideal all-wheel traction bound,0.665,dimensionless,32.82201607623425,deg
friction-slope,Ideal all-wheel traction bound,0.6699999999999999,dimensionless,33.02386755579664,deg
friction-slope,Ideal all-wheel traction bound,0.675,dimensionless,33.224798801211946,deg
friction-slope,Ideal all-wheel traction bound,0.6799999999999999,dimensionless,33.4248111826038,deg
friction-slope,Ideal all-wheel traction bound,0.685,dimensionless,33.62390614717284,deg
friction-slope,Ideal all-wheel traction bound,0.69,dimensionless,33.82208521749395,deg
friction-slope,Ideal all-wheel traction bound,0.6950000000000001,dimensionless,34.01934998982646,deg
friction-slope,Ideal all-wheel traction bound,0.7,dimensionless,34.2157021324374,deg
friction-slope,Ideal all-wheel traction bound,0.7050000000000001,dimensionless,34.41114338393872,deg
friction-slope,Ideal all-wheel traction bound,0.71,dimensionless,34.60567555163856,deg
friction-slope,Ideal all-wheel traction bound,0.7150000000000001,dimensionless,34.79930050990731,deg
friction-slope,Ideal all-wheel traction bound,0.72,dimensionless,34.99202019855866,deg
friction-slope,Ideal all-wheel traction bound,0.725,dimensionless,35.18383662124626,deg
friction-slope,Ideal all-wheel traction bound,0.73,dimensionless,35.37475184387608,deg
friction-slope,Ideal all-wheel traction bound,0.735,dimensionless,35.56476799303516,deg
friction-slope,Ideal all-wheel traction bound,0.74,dimensionless,35.75388725443675,deg
friction-slope,Ideal all-wheel traction bound,0.745,dimensionless,35.94211187138234,deg
friction-slope,Ideal all-wheel traction bound,0.75,dimensionless,36.12944414324086,deg
friction-slope,Ideal all-wheel traction bound,0.755,dimensionless,36.31588642394518,deg
friction-slope,Ideal all-wheel traction bound,0.76,dimensionless,36.501441120506314,deg
friction-slope,Ideal all-wheel traction bound,0.765,dimensionless,36.68611069154546,deg
friction-slope,Ideal all-wheel traction bound,0.77,dimensionless,36.86989764584402,deg
friction-slope,Ideal all-wheel traction bound,0.775,dimensionless,37.052804540912,deg
friction-slope,Ideal all-wheel traction bound,0.78,dimensionless,37.23483398157467,deg
friction-slope,Ideal all-wheel traction bound,0.7849999999999999,dimensionless,37.41598861857787,deg
friction-slope,Ideal all-wheel traction bound,0.79,dimensionless,37.59627114721198,deg
friction-slope,Ideal all-wheel traction bound,0.7949999999999999,dimensionless,37.775684305954655,deg
friction-slope,Ideal all-wheel traction bound,0.8,dimensionless,37.95423087513252,deg
friction-slope,Ideal all-wheel traction bound,0.8049999999999999,dimensionless,38.13191367560171,deg
friction-slope,Ideal all-wheel traction bound,0.81,dimensionless,38.30873556744772,deg
friction-slope,Ideal all-wheel traction bound,0.815,dimensionless,38.48469944870402,deg
friction-slope,Ideal all-wheel traction bound,0.8200000000000001,dimensionless,38.659808254090095,deg
friction-slope,Ideal all-wheel traction bound,0.825,dimensionless,38.834064953768475,deg
friction-slope,Ideal all-wheel traction bound,0.8300000000000001,dimensionless,39.007472552121044,deg
friction-slope,Ideal all-wheel traction bound,0.835,dimensionless,39.180034086544445,deg
friction-slope,Ideal all-wheel traction bound,0.8400000000000001,dimensionless,39.35175262626474,deg
friction-slope,Ideal all-wheel traction bound,0.845,dimensionless,39.52263127117112,deg
friction-slope,Ideal all-wheel traction bound,0.8500000000000001,dimensionless,39.692673150668824,deg
friction-slope,Ideal all-wheel traction bound,0.855,dimensionless,39.861881422551,deg
friction-slope,Ideal all-wheel traction bound,0.8600000000000001,dimensionless,40.030259271889705,deg
friction-slope,Ideal all-wheel traction bound,0.865,dimensionless,40.19780990994572,deg
friction-slope,Ideal all-wheel traction bound,0.8700000000000001,dimensionless,40.36453657309737,deg
friction-slope,Ideal all-wheel traction bound,0.875,dimensionless,40.53044252178794,deg
friction-slope,Ideal all-wheel traction bound,0.8799999999999999,dimensionless,40.69553103949201,deg
friction-slope,Ideal all-wheel traction bound,0.885,dimensionless,40.8598054317002,deg
friction-slope,Ideal all-wheel traction bound,0.8899999999999999,dimensionless,41.023269024922435,deg
friction-slope,Ideal all-wheel traction bound,0.895,dimensionless,41.18592516570965,deg
friction-slope,Ideal all-wheel traction bound,0.8999999999999999,dimensionless,41.34777721969367,deg
friction-slope,Ideal all-wheel traction bound,0.905,dimensionless,41.50882857064522,deg
friction-slope,Ideal all-wheel traction bound,0.9099999999999999,dimensionless,41.66908261954995,deg
friction-slope,Ideal all-wheel traction bound,0.915,dimensionless,41.82854278370222,deg
friction-slope,Ideal all-wheel traction bound,0.9199999999999999,dimensionless,41.98721249581666,deg
friction-slope,Ideal all-wheel traction bound,0.925,dimensionless,42.14509520315724,deg
friction-slope,Ideal all-wheel traction bound,0.9299999999999999,dimensionless,42.30219436668369,deg
friction-slope,Ideal all-wheel traction bound,0.935,dimensionless,42.45851346021523,deg
friction-slope,Ideal all-wheel traction bound,0.94,dimensionless,42.61405596961119,deg
friction-slope,Ideal all-wheel traction bound,0.9450000000000001,dimensionless,42.76882539196875,deg
friction-slope,Ideal all-wheel traction bound,0.95,dimensionless,42.922825234837184,deg
friction-slope,Ideal all-wheel traction bound,0.9550000000000001,dimensionless,43.07605901544876,deg
friction-slope,Ideal all-wheel traction bound,0.96,dimensionless,43.22853025996592,deg
friction-slope,Ideal all-wheel traction bound,0.9650000000000001,dimensionless,43.38024250274473,deg
friction-slope,Ideal all-wheel traction bound,0.97,dimensionless,43.53119928561418,deg
friction-slope,Ideal all-wheel traction bound,0.9750000000000001,dimensionless,43.681404157171436,deg
friction-slope,Ideal all-wheel traction bound,0.98,dimensionless,43.830860672092584,deg
friction-slope,Ideal all-wheel traction bound,0.9850000000000001,dimensionless,43.97957239045884,deg
friction-slope,Ideal all-wheel traction bound,0.99,dimensionless,44.127542877097966,deg
friction-slope,Ideal all-wheel traction bound,0.9950000000000001,dimensionless,44.27477570094075,deg
friction-slope,Ideal all-wheel traction bound,1.0,dimensionless,44.42127443439224,deg
