distance_m,relative_elevation_m,grade_component_m,roughness_component_m,obstacle_component_m,provenance
0.00,0.000000,0.000000,0.000000,0.000000,synthetic_chat_design_preset
0.01,0.003845,0.000300,0.003545,0.000000,synthetic_chat_design_preset
0.02,0.007634,0.000600,0.007034,0.000000,synthetic_chat_design_preset
0.03,0.011312,0.000900,0.010412,0.000000,synthetic_chat_design_preset
0.04,0.014826,0.001200,0.013626,0.000000,synthetic_chat_design_preset
0.05,0.018125,0.001500,0.016625,0.000000,synthetic_chat_design_preset
0.06,0.021162,0.001800,0.019362,0.000000,synthetic_chat_design_preset
0.07,0.023893,0.002100,0.021793,0.000000,synthetic_chat_design_preset
0.08,0.026281,0.002400,0.023881,0.000000,synthetic_chat_design_preset
0.09,0.028292,0.002700,0.025592,0.000000,synthetic_chat_design_preset
0.10,0.029900,0.003000,0.026900,0.000000,synthetic_chat_design_preset
0.11,0.031083,0.003300,0.027783,0.000000,synthetic_chat_design_preset
0.12,0.031828,0.003600,0.028228,0.000000,synthetic_chat_design_preset
0.13,0.032128,0.003900,0.028228,0.000000,synthetic_chat_design_preset
0.14,0.031983,0.004200,0.027783,0.000000,synthetic_chat_design_preset
0.15,0.031400,0.004500,0.026900,0.000000,synthetic_chat_design_preset
0.16,0.030392,0.004800,0.025592,0.000000,synthetic_chat_design_preset
0.17,0.028981,0.005100,0.023881,0.000000,synthetic_chat_design_preset
0.18,0.027193,0.005400,0.021793,0.000000,synthetic_chat_design_preset
0.19,0.025062,0.005700,0.019362,0.000000,synthetic_chat_design_preset
0.20,0.022625,0.006000,0.016625,0.000000,synthetic_chat_design_preset
0.21,0.019926,0.006300,0.013626,0.000000,synthetic_chat_design_preset
0.22,0.017012,0.006600,0.010412,0.000000,synthetic_chat_design_preset
0.23,0.013934,0.006900,0.007034,0.000000,synthetic_chat_design_preset
0.24,0.010745,0.007200,0.003545,0.000000,synthetic_chat_design_preset
0.25,0.007500,0.007500,0.000000,0.000000,synthetic_chat_design_preset
0.26,0.004255,0.007800,-0.003545,0.000000,synthetic_chat_design_preset
0.27,0.001066,0.008100,-0.007034,0.000000,synthetic_chat_design_preset
0.28,-0.002012,0.008400,-0.010412,0.000000,synthetic_chat_design_preset
0.29,-0.004926,0.008700,-0.013626,0.000000,synthetic_chat_design_preset
0.30,-0.007625,0.009000,-0.016625,0.000000,synthetic_chat_design_preset
0.31,-0.010062,0.009300,-0.019362,0.000000,synthetic_chat_design_preset
0.32,-0.012193,0.009600,-0.021793,0.000000,synthetic_chat_design_preset
0.33,-0.013981,0.009900,-0.023881,0.000000,synthetic_chat_design_preset
0.34,-0.015392,0.010200,-0.025592,0.000000,synthetic_chat_design_preset
0.35,-0.016400,0.010500,-0.026900,0.000000,synthetic_chat_design_preset
0.36,-0.016983,0.010800,-0.027783,0.000000,synthetic_chat_design_preset
0.37,-0.017128,0.011100,-0.028228,0.000000,synthetic_chat_design_preset
0.38,-0.016828,0.011400,-0.028228,0.000000,synthetic_chat_design_preset
0.39,-0.016083,0.011700,-0.027783,0.000000,synthetic_chat_design_preset
0.40,-0.014900,0.012000,-0.026900,0.000000,synthetic_chat_design_preset
0.41,-0.013292,0.012300,-0.025592,0.000000,synthetic_chat_design_preset
0.42,-0.011281,0.012600,-0.023881,0.000000,synthetic_chat_design_preset
0.43,-0.008893,0.012900,-0.021793,0.000000,synthetic_chat_design_preset
0.44,-0.006162,0.013200,-0.019362,0.000000,synthetic_chat_design_preset
0.45,-0.003125,0.013500,-0.016625,0.000000,synthetic_chat_design_preset
0.46,0.000174,0.013800,-0.013626,0.000000,synthetic_chat_design_preset
0.47,0.003688,0.014100,-0.010412,0.000000,synthetic_chat_design_preset
0.48,0.007366,0.014400,-0.007034,0.000000,synthetic_chat_design_preset
0.49,0.011155,0.014700,-0.003545,0.000000,synthetic_chat_design_preset
0.50,0.015000,0.015000,-0.000000,0.000000,synthetic_chat_design_preset
0.51,0.018845,0.015300,0.003545,0.000000,synthetic_chat_design_preset
0.52,0.022634,0.015600,0.007034,0.000000,synthetic_chat_design_preset
0.53,0.026312,0.015900,0.010412,0.000000,synthetic_chat_design_preset
0.54,0.029826,0.016200,0.013626,0.000000,synthetic_chat_design_preset
0.55,0.033125,0.016500,0.016625,0.000000,synthetic_chat_design_preset
0.56,0.036162,0.016800,0.019362,0.000000,synthetic_chat_design_preset
0.57,0.038893,0.017100,0.021793,0.000000,synthetic_chat_design_preset
0.58,0.041281,0.017400,0.023881,0.000000,synthetic_chat_design_preset
0.59,0.043292,0.017700,0.025592,0.000000,synthetic_chat_design_preset
0.60,0.044900,0.018000,0.026900,0.000000,synthetic_chat_design_preset
0.61,0.046083,0.018300,0.027783,0.000000,synthetic_chat_design_preset
0.62,0.046828,0.018600,0.028228,0.000000,synthetic_chat_design_preset
0.63,0.047128,0.018900,0.028228,0.000000,synthetic_chat_design_preset
0.64,0.046983,0.019200,0.027783,0.000000,synthetic_chat_design_preset
0.65,0.046400,0.019500,0.026900,0.000000,synthetic_chat_design_preset
0.66,0.045392,0.019800,0.025592,0.000000,synthetic_chat_design_preset
0.67,0.043981,0.020100,0.023881,0.000000,synthetic_chat_design_preset
0.68,0.042193,0.020400,0.021793,0.000000,synthetic_chat_design_preset
0.69,0.040062,0.020700,0.019362,0.000000,synthetic_chat_design_preset
0.70,0.037625,0.021000,0.016625,0.000000,synthetic_chat_design_preset
0.71,0.034926,0.021300,0.013626,0.000000,synthetic_chat_design_preset
0.72,0.032012,0.021600,0.010412,0.000000,synthetic_chat_design_preset
0.73,0.028934,0.021900,0.007034,0.000000,synthetic_chat_design_preset
0.74,0.025745,0.022200,0.003545,0.000000,synthetic_chat_design_preset
0.75,0.022500,0.022500,0.000000,0.000000,synthetic_chat_design_preset
0.76,0.019255,0.022800,-0.003545,0.000000,synthetic_chat_design_preset
0.77,0.016066,0.023100,-0.007034,0.000000,synthetic_chat_design_preset
0.78,0.012988,0.023400,-0.010412,0.000000,synthetic_chat_design_preset
0.79,0.010074,0.023700,-0.013626,0.000000,synthetic_chat_design_preset
0.80,0.007375,0.024000,-0.016625,0.000000,synthetic_chat_design_preset
0.81,0.004938,0.024300,-0.019362,0.000000,synthetic_chat_design_preset
0.82,0.002807,0.024600,-0.021793,0.000000,synthetic_chat_design_preset
0.83,0.001019,0.024900,-0.023881,0.000000,synthetic_chat_design_preset
0.84,-0.000392,0.025200,-0.025592,0.000000,synthetic_chat_design_preset
0.85,-0.001400,0.025500,-0.026900,0.000000,synthetic_chat_design_preset
0.86,-0.001983,0.025800,-0.027783,0.000000,synthetic_chat_design_preset
0.87,-0.002128,0.026100,-0.028228,0.000000,synthetic_chat_design_preset
0.88,-0.001828,0.026400,-0.028228,0.000000,synthetic_chat_design_preset
0.89,-0.001083,0.026700,-0.027783,0.000000,synthetic_chat_design_preset
0.90,0.000100,0.027000,-0.026900,0.000000,synthetic_chat_design_preset
0.91,0.001708,0.027300,-0.025592,0.000000,synthetic_chat_design_preset
0.92,0.003719,0.027600,-0.023881,0.000000,synthetic_chat_design_preset
0.93,0.006107,0.027900,-0.021793,0.000000,synthetic_chat_design_preset
0.94,0.008838,0.028200,-0.019362,0.000000,synthetic_chat_design_preset
0.95,0.011875,0.028500,-0.016625,0.000000,synthetic_chat_design_preset
0.96,0.015174,0.028800,-0.013626,0.000000,synthetic_chat_design_preset
0.97,0.018688,0.029100,-0.010412,0.000000,synthetic_chat_design_preset
0.98,0.022366,0.029400,-0.007034,0.000000,synthetic_chat_design_preset
0.99,0.026155,0.029700,-0.003545,0.000000,synthetic_chat_design_preset
1.00,0.030000,0.030000,-0.000000,0.000000,synthetic_chat_design_preset
1.01,0.033845,0.030300,0.003545,0.000000,synthetic_chat_design_preset
1.02,0.037634,0.030600,0.007034,0.000000,synthetic_chat_design_preset
1.03,0.041312,0.030900,0.010412,0.000000,synthetic_chat_design_preset
1.04,0.044826,0.031200,0.013626,0.000000,synthetic_chat_design_preset
1.05,0.048125,0.031500,0.016625,0.000000,synthetic_chat_design_preset
1.06,0.051162,0.031800,0.019362,0.000000,synthetic_chat_design_preset
1.07,0.053893,0.032100,0.021793,0.000000,synthetic_chat_design_preset
1.08,0.056281,0.032400,0.023881,0.000000,synthetic_chat_design_preset
1.09,0.058292,0.032700,0.025592,0.000000,synthetic_chat_design_preset
1.10,0.059900,0.033000,0.026900,0.000000,synthetic_chat_design_preset
1.11,0.061083,0.033300,0.027783,0.000000,synthetic_chat_design_preset
1.12,0.061828,0.033600,0.028228,0.000000,synthetic_chat_design_preset
1.13,0.062128,0.033900,0.028228,0.000000,synthetic_chat_design_preset
1.14,0.061983,0.034200,0.027783,0.000000,synthetic_chat_design_preset
1.15,0.061400,0.034500,0.026900,0.000000,synthetic_chat_design_preset
1.16,0.060392,0.034800,0.025592,0.000000,synthetic_chat_design_preset
1.17,0.058981,0.035100,0.023881,0.000000,synthetic_chat_design_preset
1.18,0.057193,0.035400,0.021793,0.000000,synthetic_chat_design_preset
1.19,0.055062,0.035700,0.019362,0.000000,synthetic_chat_design_preset
1.20,0.052625,0.036000,0.016625,0.000000,synthetic_chat_design_preset
1.21,0.049926,0.036300,0.013626,0.000000,synthetic_chat_design_preset
1.22,0.047012,0.036600,0.010412,0.000000,synthetic_chat_design_preset
1.23,0.043934,0.036900,0.007034,0.000000,synthetic_chat_design_preset
1.24,0.040745,0.037200,0.003545,0.000000,synthetic_chat_design_preset
1.25,0.037500,0.037500,0.000000,0.000000,synthetic_chat_design_preset
1.26,0.034255,0.037800,-0.003545,0.000000,synthetic_chat_design_preset
1.27,0.031066,0.038100,-0.007034,0.000000,synthetic_chat_design_preset
1.28,0.027988,0.038400,-0.010412,0.000000,synthetic_chat_design_preset
1.29,0.025074,0.038700,-0.013626,0.000000,synthetic_chat_design_preset
1.30,0.022375,0.039000,-0.016625,0.000000,synthetic_chat_design_preset
1.31,0.019938,0.039300,-0.019362,0.000000,synthetic_chat_design_preset
1.32,0.017807,0.039600,-0.021793,0.000000,synthetic_chat_design_preset
1.33,0.016019,0.039900,-0.023881,0.000000,synthetic_chat_design_preset
1.34,0.014608,0.040200,-0.025592,0.000000,synthetic_chat_design_preset
1.35,0.013600,0.040500,-0.026900,0.000000,synthetic_chat_design_preset
1.36,0.013017,0.040800,-0.027783,0.000000,synthetic_chat_design_preset
1.37,0.012872,0.041100,-0.028228,0.000000,synthetic_chat_design_preset
1.38,0.013172,0.041400,-0.028228,0.000000,synthetic_chat_design_preset
1.39,0.013917,0.041700,-0.027783,0.000000,synthetic_chat_design_preset
1.40,0.015100,0.042000,-0.026900,0.000000,synthetic_chat_design_preset
1.41,0.016708,0.042300,-0.025592,0.000000,synthetic_chat_design_preset
1.42,0.018719,0.042600,-0.023881,0.000000,synthetic_chat_design_preset
1.43,0.021107,0.042900,-0.021793,0.000000,synthetic_chat_design_preset
1.44,0.023838,0.043200,-0.019362,0.000000,synthetic_chat_design_preset
1.45,0.026875,0.043500,-0.016625,0.000000,synthetic_chat_design_preset
1.46,0.030174,0.043800,-0.013626,0.000000,synthetic_chat_design_preset
1.47,0.033688,0.044100,-0.010412,0.000000,synthetic_chat_design_preset
1.48,0.037366,0.044400,-0.007034,0.000000,synthetic_chat_design_preset
1.49,0.041155,0.044700,-0.003545,0.000000,synthetic_chat_design_preset
1.50,0.045000,0.045000,-0.000000,0.000000,synthetic_chat_design_preset
1.51,0.048845,0.045300,0.003545,0.000000,synthetic_chat_design_preset
1.52,0.052634,0.045600,0.007034,0.000000,synthetic_chat_design_preset
1.53,0.056312,0.045900,0.010412,0.000000,synthetic_chat_design_preset
1.54,0.059826,0.046200,0.013626,0.000000,synthetic_chat_design_preset
1.55,0.063125,0.046500,0.016625,0.000000,synthetic_chat_design_preset
1.56,0.066162,0.046800,0.019362,0.000000,synthetic_chat_design_preset
1.57,0.068893,0.047100,0.021793,0.000000,synthetic_chat_design_preset
1.58,0.071281,0.047400,0.023881,0.000000,synthetic_chat_design_preset
1.59,0.073292,0.047700,0.025592,0.000000,synthetic_chat_design_preset
1.60,0.074900,0.048000,0.026900,0.000000,synthetic_chat_design_preset
1.61,0.076083,0.048300,0.027783,0.000000,synthetic_chat_design_preset
1.62,0.076828,0.048600,0.028228,0.000000,synthetic_chat_design_preset
1.63,0.077128,0.048900,0.028228,0.000000,synthetic_chat_design_preset
1.64,0.076983,0.049200,0.027783,0.000000,synthetic_chat_design_preset
1.65,0.076400,0.049500,0.026900,0.000000,synthetic_chat_design_preset
1.66,0.075392,0.049800,0.025592,0.000000,synthetic_chat_design_preset
1.67,0.073981,0.050100,0.023881,0.000000,synthetic_chat_design_preset
1.68,0.072193,0.050400,0.021793,0.000000,synthetic_chat_design_preset
1.69,0.070062,0.050700,0.019362,0.000000,synthetic_chat_design_preset
1.70,0.067625,0.051000,0.016625,0.000000,synthetic_chat_design_preset
1.71,0.064926,0.051300,0.013626,0.000000,synthetic_chat_design_preset
1.72,0.062012,0.051600,0.010412,0.000000,synthetic_chat_design_preset
1.73,0.058934,0.051900,0.007034,0.000000,synthetic_chat_design_preset
1.74,0.055745,0.052200,0.003545,0.000000,synthetic_chat_design_preset
1.75,0.052500,0.052500,0.000000,0.000000,synthetic_chat_design_preset
1.76,0.049255,0.052800,-0.003545,0.000000,synthetic_chat_design_preset
1.77,0.046066,0.053100,-0.007034,0.000000,synthetic_chat_design_preset
1.78,0.042988,0.053400,-0.010412,0.000000,synthetic_chat_design_preset
1.79,0.040074,0.053700,-0.013626,0.000000,synthetic_chat_design_preset
1.80,0.037375,0.054000,-0.016625,0.000000,synthetic_chat_design_preset
1.81,0.034938,0.054300,-0.019362,0.000000,synthetic_chat_design_preset
1.82,0.032807,0.054600,-0.021793,0.000000,synthetic_chat_design_preset
1.83,0.031019,0.054900,-0.023881,0.000000,synthetic_chat_design_preset
1.84,0.029608,0.055200,-0.025592,0.000000,synthetic_chat_design_preset
1.85,0.028600,0.055500,-0.026900,0.000000,synthetic_chat_design_preset
1.86,0.028017,0.055800,-0.027783,0.000000,synthetic_chat_design_preset
1.87,0.027872,0.056100,-0.028228,0.000000,synthetic_chat_design_preset
1.88,0.028172,0.056400,-0.028228,0.000000,synthetic_chat_design_preset
1.89,0.028917,0.056700,-0.027783,0.000000,synthetic_chat_design_preset
1.90,0.030100,0.057000,-0.026900,0.000000,synthetic_chat_design_preset
1.91,0.031708,0.057300,-0.025592,0.000000,synthetic_chat_design_preset
1.92,0.033719,0.057600,-0.023881,0.000000,synthetic_chat_design_preset
1.93,0.036107,0.057900,-0.021793,0.000000,synthetic_chat_design_preset
1.94,0.038838,0.058200,-0.019362,0.000000,synthetic_chat_design_preset
1.95,0.041875,0.058500,-0.016625,0.000000,synthetic_chat_design_preset
1.96,0.045174,0.058800,-0.013626,0.000000,synthetic_chat_design_preset
1.97,0.048688,0.059100,-0.010412,0.000000,synthetic_chat_design_preset
1.98,0.052366,0.059400,-0.007034,0.000000,synthetic_chat_design_preset
1.99,0.056155,0.059700,-0.003545,0.000000,synthetic_chat_design_preset
2.00,0.060000,0.060000,-0.000000,0.000000,synthetic_chat_design_preset
2.01,0.063845,0.060300,0.003545,0.000000,synthetic_chat_design_preset
2.02,0.067634,0.060600,0.007034,0.000000,synthetic_chat_design_preset
2.03,0.071312,0.060900,0.010412,0.000000,synthetic_chat_design_preset
2.04,0.074826,0.061200,0.013626,0.000000,synthetic_chat_design_preset
2.05,0.078125,0.061500,0.016625,0.000000,synthetic_chat_design_preset
2.06,0.081162,0.061800,0.019362,0.000000,synthetic_chat_design_preset
2.07,0.083893,0.062100,0.021793,0.000000,synthetic_chat_design_preset
2.08,0.086281,0.062400,0.023881,0.000000,synthetic_chat_design_preset
2.09,0.088292,0.062700,0.025592,0.000000,synthetic_chat_design_preset
2.10,0.089900,0.063000,0.026900,0.000000,synthetic_chat_design_preset
2.11,0.091083,0.063300,0.027783,0.000000,synthetic_chat_design_preset
2.12,0.091828,0.063600,0.028228,0.000000,synthetic_chat_design_preset
2.13,0.092128,0.063900,0.028228,0.000000,synthetic_chat_design_preset
2.14,0.091983,0.064200,0.027783,0.000000,synthetic_chat_design_preset
2.15,0.091400,0.064500,0.026900,0.000000,synthetic_chat_design_preset
2.16,0.090392,0.064800,0.025592,0.000000,synthetic_chat_design_preset
2.17,0.088981,0.065100,0.023881,0.000000,synthetic_chat_design_preset
2.18,0.087193,0.065400,0.021793,0.000000,synthetic_chat_design_preset
2.19,0.085062,0.065700,0.019362,0.000000,synthetic_chat_design_preset
2.20,0.082625,0.066000,0.016625,0.000000,synthetic_chat_design_preset
2.21,0.079926,0.066300,0.013626,0.000000,synthetic_chat_design_preset
2.22,0.077012,0.066600,0.010412,0.000000,synthetic_chat_design_preset
2.23,0.073934,0.066900,0.007034,0.000000,synthetic_chat_design_preset
2.24,0.070745,0.067200,0.003545,0.000000,synthetic_chat_design_preset
2.25,0.067500,0.067500,0.000000,0.000000,synthetic_chat_design_preset
2.26,0.064255,0.067800,-0.003545,0.000000,synthetic_chat_design_preset
2.27,0.061066,0.068100,-0.007034,0.000000,synthetic_chat_design_preset
2.28,0.057988,0.068400,-0.010412,0.000000,synthetic_chat_design_preset
2.29,0.055074,0.068700,-0.013626,0.000000,synthetic_chat_design_preset
2.30,0.052375,0.069000,-0.016625,0.000000,synthetic_chat_design_preset
2.31,0.049938,0.069300,-0.019362,0.000000,synthetic_chat_design_preset
2.32,0.047807,0.069600,-0.021793,0.000000,synthetic_chat_design_preset
2.33,0.046019,0.069900,-0.023881,0.000000,synthetic_chat_design_preset
2.34,0.044608,0.070200,-0.025592,0.000000,synthetic_chat_design_preset
2.35,0.043600,0.070500,-0.026900,0.000000,synthetic_chat_design_preset
2.36,0.043017,0.070800,-0.027783,0.000000,synthetic_chat_design_preset
2.37,0.042872,0.071100,-0.028228,0.000000,synthetic_chat_design_preset
2.38,0.043172,0.071400,-0.028228,0.000000,synthetic_chat_design_preset
2.39,0.043917,0.071700,-0.027783,0.000000,synthetic_chat_design_preset
2.40,0.045100,0.072000,-0.026900,0.000000,synthetic_chat_design_preset
2.41,0.046708,0.072300,-0.025592,0.000000,synthetic_chat_design_preset
2.42,0.048719,0.072600,-0.023881,0.000000,synthetic_chat_design_preset
2.43,0.051107,0.072900,-0.021793,0.000000,synthetic_chat_design_preset
2.44,0.053838,0.073200,-0.019362,0.000000,synthetic_chat_design_preset
2.45,0.056875,0.073500,-0.016625,0.000000,synthetic_chat_design_preset
2.46,0.060174,0.073800,-0.013626,0.000000,synthetic_chat_design_preset
2.47,0.063688,0.074100,-0.010412,0.000000,synthetic_chat_design_preset
2.48,0.067366,0.074400,-0.007034,0.000000,synthetic_chat_design_preset
2.49,0.071155,0.074700,-0.003545,0.000000,synthetic_chat_design_preset
2.50,0.075000,0.075000,-0.000000,0.000000,synthetic_chat_design_preset
2.51,0.078845,0.075300,0.003545,0.000000,synthetic_chat_design_preset
2.52,0.082634,0.075600,0.007034,0.000000,synthetic_chat_design_preset
2.53,0.086312,0.075900,0.010412,0.000000,synthetic_chat_design_preset
2.54,0.089826,0.076200,0.013626,0.000000,synthetic_chat_design_preset
2.55,0.093125,0.076500,0.016625,0.000000,synthetic_chat_design_preset
2.56,0.096162,0.076800,0.019362,0.000000,synthetic_chat_design_preset
2.57,0.098893,0.077100,0.021793,0.000000,synthetic_chat_design_preset
2.58,0.101281,0.077400,0.023881,0.000000,synthetic_chat_design_preset
2.59,0.103292,0.077700,0.025592,0.000000,synthetic_chat_design_preset
2.60,0.104900,0.078000,0.026900,0.000000,synthetic_chat_design_preset
2.61,0.106083,0.078300,0.027783,0.000000,synthetic_chat_design_preset
2.62,0.106828,0.078600,0.028228,0.000000,synthetic_chat_design_preset
2.63,0.107128,0.078900,0.028228,0.000000,synthetic_chat_design_preset
2.64,0.106983,0.079200,0.027783,0.000000,synthetic_chat_design_preset
2.65,0.106400,0.079500,0.026900,0.000000,synthetic_chat_design_preset
2.66,0.105392,0.079800,0.025592,0.000000,synthetic_chat_design_preset
2.67,0.103981,0.080100,0.023881,0.000000,synthetic_chat_design_preset
2.68,0.102193,0.080400,0.021793,0.000000,synthetic_chat_design_preset
2.69,0.100062,0.080700,0.019362,0.000000,synthetic_chat_design_preset
2.70,0.097625,0.081000,0.016625,0.000000,synthetic_chat_design_preset
2.71,0.094926,0.081300,0.013626,0.000000,synthetic_chat_design_preset
2.72,0.092012,0.081600,0.010412,0.000000,synthetic_chat_design_preset
2.73,0.088934,0.081900,0.007034,0.000000,synthetic_chat_design_preset
2.74,0.085745,0.082200,0.003545,0.000000,synthetic_chat_design_preset
2.75,0.082500,0.082500,0.000000,0.000000,synthetic_chat_design_preset
2.76,0.079255,0.082800,-0.003545,0.000000,synthetic_chat_design_preset
2.77,0.076066,0.083100,-0.007034,0.000000,synthetic_chat_design_preset
2.78,0.072988,0.083400,-0.010412,0.000000,synthetic_chat_design_preset
2.79,0.070074,0.083700,-0.013626,0.000000,synthetic_chat_design_preset
2.80,0.067375,0.084000,-0.016625,0.000000,synthetic_chat_design_preset
2.81,0.064938,0.084300,-0.019362,0.000000,synthetic_chat_design_preset
2.82,0.062807,0.084600,-0.021793,0.000000,synthetic_chat_design_preset
2.83,0.061019,0.084900,-0.023881,0.000000,synthetic_chat_design_preset
2.84,0.059608,0.085200,-0.025592,0.000000,synthetic_chat_design_preset
2.85,0.058600,0.085500,-0.026900,0.000000,synthetic_chat_design_preset
2.86,0.058017,0.085800,-0.027783,0.000000,synthetic_chat_design_preset
2.87,0.057872,0.086100,-0.028228,0.000000,synthetic_chat_design_preset
2.88,0.058172,0.086400,-0.028228,0.000000,synthetic_chat_design_preset
2.89,0.058917,0.086700,-0.027783,0.000000,synthetic_chat_design_preset
2.90,0.060100,0.087000,-0.026900,0.000000,synthetic_chat_design_preset
2.91,0.061708,0.087300,-0.025592,0.000000,synthetic_chat_design_preset
2.92,0.063719,0.087600,-0.023881,0.000000,synthetic_chat_design_preset
2.93,0.066107,0.087900,-0.021793,0.000000,synthetic_chat_design_preset
2.94,0.068838,0.088200,-0.019362,0.000000,synthetic_chat_design_preset
2.95,0.071875,0.088500,-0.016625,0.000000,synthetic_chat_design_preset
2.96,0.075174,0.088800,-0.013626,0.000000,synthetic_chat_design_preset
2.97,0.078688,0.089100,-0.010412,0.000000,synthetic_chat_design_preset
2.98,0.082366,0.089400,-0.007034,0.000000,synthetic_chat_design_preset
2.99,0.086155,0.089700,-0.003545,0.000000,synthetic_chat_design_preset
3.00,0.090000,0.090000,-0.000000,0.000000,synthetic_chat_design_preset
3.01,0.093845,0.090300,0.003545,0.000000,synthetic_chat_design_preset
3.02,0.097634,0.090600,0.007034,0.000000,synthetic_chat_design_preset
3.03,0.101312,0.090900,0.010412,0.000000,synthetic_chat_design_preset
3.04,0.104826,0.091200,0.013626,0.000000,synthetic_chat_design_preset
3.05,0.108125,0.091500,0.016625,0.000000,synthetic_chat_design_preset
3.06,0.111162,0.091800,0.019362,0.000000,synthetic_chat_design_preset
3.07,0.113893,0.092100,0.021793,0.000000,synthetic_chat_design_preset
3.08,0.116281,0.092400,0.023881,0.000000,synthetic_chat_design_preset
3.09,0.118292,0.092700,0.025592,0.000000,synthetic_chat_design_preset
3.10,0.119900,0.093000,0.026900,0.000000,synthetic_chat_design_preset
3.11,0.121083,0.093300,0.027783,0.000000,synthetic_chat_design_preset
3.12,0.121828,0.093600,0.028228,0.000000,synthetic_chat_design_preset
3.13,0.122128,0.093900,0.028228,0.000000,synthetic_chat_design_preset
3.14,0.121983,0.094200,0.027783,0.000000,synthetic_chat_design_preset
3.15,0.121400,0.094500,0.026900,0.000000,synthetic_chat_design_preset
3.16,0.120392,0.094800,0.025592,0.000000,synthetic_chat_design_preset
3.17,0.118981,0.095100,0.023881,0.000000,synthetic_chat_design_preset
3.18,0.117193,0.095400,0.021793,0.000000,synthetic_chat_design_preset
3.19,0.115062,0.095700,0.019362,0.000000,synthetic_chat_design_preset
3.20,0.112625,0.096000,0.016625,0.000000,synthetic_chat_design_preset
3.21,0.109926,0.096300,0.013626,0.000000,synthetic_chat_design_preset
3.22,0.107012,0.096600,0.010412,0.000000,synthetic_chat_design_preset
3.23,0.103934,0.096900,0.007034,0.000000,synthetic_chat_design_preset
3.24,0.100745,0.097200,0.003545,0.000000,synthetic_chat_design_preset
3.25,0.097500,0.097500,-0.000000,0.000000,synthetic_chat_design_preset
3.26,0.094255,0.097800,-0.003545,0.000000,synthetic_chat_design_preset
3.27,0.091066,0.098100,-0.007034,0.000000,synthetic_chat_design_preset
3.28,0.087988,0.098400,-0.010412,0.000000,synthetic_chat_design_preset
3.29,0.085074,0.098700,-0.013626,0.000000,synthetic_chat_design_preset
3.30,0.082375,0.099000,-0.016625,0.000000,synthetic_chat_design_preset
3.31,0.079938,0.099300,-0.019362,0.000000,synthetic_chat_design_preset
3.32,0.077807,0.099600,-0.021793,0.000000,synthetic_chat_design_preset
3.33,0.076019,0.099900,-0.023881,0.000000,synthetic_chat_design_preset
3.34,0.074608,0.100200,-0.025592,0.000000,synthetic_chat_design_preset
3.35,0.073600,0.100500,-0.026900,0.000000,synthetic_chat_design_preset
3.36,0.073017,0.100800,-0.027783,0.000000,synthetic_chat_design_preset
3.37,0.072872,0.101100,-0.028228,0.000000,synthetic_chat_design_preset
3.38,0.073172,0.101400,-0.028228,0.000000,synthetic_chat_design_preset
3.39,0.073917,0.101700,-0.027783,0.000000,synthetic_chat_design_preset
3.40,0.075100,0.102000,-0.026900,0.000000,synthetic_chat_design_preset
3.41,0.076708,0.102300,-0.025592,0.000000,synthetic_chat_design_preset
3.42,0.078719,0.102600,-0.023881,0.000000,synthetic_chat_design_preset
3.43,0.081107,0.102900,-0.021793,0.000000,synthetic_chat_design_preset
3.44,0.083838,0.103200,-0.019362,0.000000,synthetic_chat_design_preset
3.45,0.086875,0.103500,-0.016625,0.000000,synthetic_chat_design_preset
3.46,0.090174,0.103800,-0.013626,0.000000,synthetic_chat_design_preset
3.47,0.093688,0.104100,-0.010412,0.000000,synthetic_chat_design_preset
3.48,0.097366,0.104400,-0.007034,0.000000,synthetic_chat_design_preset
3.49,0.101155,0.104700,-0.003545,0.000000,synthetic_chat_design_preset
3.50,0.105000,0.105000,-0.000000,0.000000,synthetic_chat_design_preset
3.51,0.108845,0.105300,0.003545,0.000000,synthetic_chat_design_preset
3.52,0.112634,0.105600,0.007034,0.000000,synthetic_chat_design_preset
3.53,0.116312,0.105900,0.010412,0.000000,synthetic_chat_design_preset
3.54,0.119826,0.106200,0.013626,0.000000,synthetic_chat_design_preset
3.55,0.123125,0.106500,0.016625,0.000000,synthetic_chat_design_preset
3.56,0.126162,0.106800,0.019362,0.000000,synthetic_chat_design_preset
3.57,0.128893,0.107100,0.021793,0.000000,synthetic_chat_design_preset
3.58,0.131281,0.107400,0.023881,0.000000,synthetic_chat_design_preset
3.59,0.133292,0.107700,0.025592,0.000000,synthetic_chat_design_preset
3.60,0.134900,0.108000,0.026900,0.000000,synthetic_chat_design_preset
3.61,0.136083,0.108300,0.027783,0.000000,synthetic_chat_design_preset
3.62,0.136828,0.108600,0.028228,0.000000,synthetic_chat_design_preset
3.63,0.137128,0.108900,0.028228,0.000000,synthetic_chat_design_preset
3.64,0.136983,0.109200,0.027783,0.000000,synthetic_chat_design_preset
3.65,0.136400,0.109500,0.026900,0.000000,synthetic_chat_design_preset
3.66,0.135392,0.109800,0.025592,0.000000,synthetic_chat_design_preset
3.67,0.133981,0.110100,0.023881,0.000000,synthetic_chat_design_preset
3.68,0.132193,0.110400,0.021793,0.000000,synthetic_chat_design_preset
3.69,0.130062,0.110700,0.019362,0.000000,synthetic_chat_design_preset
3.70,0.127625,0.111000,0.016625,0.000000,synthetic_chat_design_preset
3.71,0.124926,0.111300,0.013626,0.000000,synthetic_chat_design_preset
3.72,0.122012,0.111600,0.010412,0.000000,synthetic_chat_design_preset
3.73,0.118934,0.111900,0.007034,0.000000,synthetic_chat_design_preset
3.74,0.115745,0.112200,0.003545,0.000000,synthetic_chat_design_preset
3.75,0.112500,0.112500,0.000000,0.000000,synthetic_chat_design_preset
3.76,0.109255,0.112800,-0.003545,0.000000,synthetic_chat_design_preset
3.77,0.106066,0.113100,-0.007034,0.000000,synthetic_chat_design_preset
3.78,0.102988,0.113400,-0.010412,0.000000,synthetic_chat_design_preset
3.79,0.100074,0.113700,-0.013626,0.000000,synthetic_chat_design_preset
3.80,0.097375,0.114000,-0.016625,0.000000,synthetic_chat_design_preset
3.81,0.094938,0.114300,-0.019362,0.000000,synthetic_chat_design_preset
3.82,0.092807,0.114600,-0.021793,0.000000,synthetic_chat_design_preset
3.83,0.091019,0.114900,-0.023881,0.000000,synthetic_chat_design_preset
3.84,0.089608,0.115200,-0.025592,0.000000,synthetic_chat_design_preset
3.85,0.088600,0.115500,-0.026900,0.000000,synthetic_chat_design_preset
3.86,0.088017,0.115800,-0.027783,0.000000,synthetic_chat_design_preset
3.87,0.087872,0.116100,-0.028228,0.000000,synthetic_chat_design_preset
3.88,0.088172,0.116400,-0.028228,0.000000,synthetic_chat_design_preset
3.89,0.088917,0.116700,-0.027783,0.000000,synthetic_chat_design_preset
3.90,0.090100,0.117000,-0.026900,0.000000,synthetic_chat_design_preset
3.91,0.091708,0.117300,-0.025592,0.000000,synthetic_chat_design_preset
3.92,0.093719,0.117600,-0.023881,0.000000,synthetic_chat_design_preset
3.93,0.096107,0.117900,-0.021793,0.000000,synthetic_chat_design_preset
3.94,0.098838,0.118200,-0.019362,0.000000,synthetic_chat_design_preset
3.95,0.101875,0.118500,-0.016625,0.000000,synthetic_chat_design_preset
3.96,0.105174,0.118800,-0.013626,0.000000,synthetic_chat_design_preset
3.97,0.108688,0.119100,-0.010412,0.000000,synthetic_chat_design_preset
3.98,0.112366,0.119400,-0.007034,0.000000,synthetic_chat_design_preset
3.99,0.116155,0.119700,-0.003545,0.000000,synthetic_chat_design_preset
4.00,0.120000,0.120000,-0.000000,0.000000,synthetic_chat_design_preset
4.01,0.123845,0.120300,0.003545,0.000000,synthetic_chat_design_preset
4.02,0.127634,0.120600,0.007034,0.000000,synthetic_chat_design_preset
4.03,0.131312,0.120900,0.010412,0.000000,synthetic_chat_design_preset
4.04,0.134826,0.121200,0.013626,0.000000,synthetic_chat_design_preset
4.05,0.138125,0.121500,0.016625,0.000000,synthetic_chat_design_preset
4.06,0.141162,0.121800,0.019362,0.000000,synthetic_chat_design_preset
4.07,0.143893,0.122100,0.021793,0.000000,synthetic_chat_design_preset
4.08,0.146281,0.122400,0.023881,0.000000,synthetic_chat_design_preset
4.09,0.148292,0.122700,0.025592,0.000000,synthetic_chat_design_preset
4.10,0.149900,0.123000,0.026900,0.000000,synthetic_chat_design_preset
4.11,0.151083,0.123300,0.027783,0.000000,synthetic_chat_design_preset
4.12,0.151828,0.123600,0.028228,0.000000,synthetic_chat_design_preset
4.13,0.152128,0.123900,0.028228,0.000000,synthetic_chat_design_preset
4.14,0.151983,0.124200,0.027783,0.000000,synthetic_chat_design_preset
4.15,0.151400,0.124500,0.026900,0.000000,synthetic_chat_design_preset
4.16,0.150392,0.124800,0.025592,0.000000,synthetic_chat_design_preset
4.17,0.148981,0.125100,0.023881,0.000000,synthetic_chat_design_preset
4.18,0.147193,0.125400,0.021793,0.000000,synthetic_chat_design_preset
4.19,0.145062,0.125700,0.019362,0.000000,synthetic_chat_design_preset
4.20,0.142625,0.126000,0.016625,0.000000,synthetic_chat_design_preset
4.21,0.139926,0.126300,0.013626,0.000000,synthetic_chat_design_preset
4.22,0.137012,0.126600,0.010412,0.000000,synthetic_chat_design_preset
4.23,0.133934,0.126900,0.007034,0.000000,synthetic_chat_design_preset
4.24,0.130745,0.127200,0.003545,0.000000,synthetic_chat_design_preset
4.25,0.127500,0.127500,-0.000000,0.000000,synthetic_chat_design_preset
4.26,0.124255,0.127800,-0.003545,0.000000,synthetic_chat_design_preset
4.27,0.121066,0.128100,-0.007034,0.000000,synthetic_chat_design_preset
4.28,0.117988,0.128400,-0.010412,0.000000,synthetic_chat_design_preset
4.29,0.115074,0.128700,-0.013626,0.000000,synthetic_chat_design_preset
4.30,0.112375,0.129000,-0.016625,0.000000,synthetic_chat_design_preset
4.31,0.109938,0.129300,-0.019362,0.000000,synthetic_chat_design_preset
4.32,0.107807,0.129600,-0.021793,0.000000,synthetic_chat_design_preset
4.33,0.106019,0.129900,-0.023881,0.000000,synthetic_chat_design_preset
4.34,0.104608,0.130200,-0.025592,0.000000,synthetic_chat_design_preset
4.35,0.103600,0.130500,-0.026900,0.000000,synthetic_chat_design_preset
4.36,0.103017,0.130800,-0.027783,0.000000,synthetic_chat_design_preset
4.37,0.102872,0.131100,-0.028228,0.000000,synthetic_chat_design_preset
4.38,0.103172,0.131400,-0.028228,0.000000,synthetic_chat_design_preset
4.39,0.103917,0.131700,-0.027783,0.000000,synthetic_chat_design_preset
4.40,0.105100,0.132000,-0.026900,0.000000,synthetic_chat_design_preset
4.41,0.106708,0.132300,-0.025592,0.000000,synthetic_chat_design_preset
4.42,0.108719,0.132600,-0.023881,0.000000,synthetic_chat_design_preset
4.43,0.111107,0.132900,-0.021793,0.000000,synthetic_chat_design_preset
4.44,0.113838,0.133200,-0.019362,0.000000,synthetic_chat_design_preset
4.45,0.116875,0.133500,-0.016625,0.000000,synthetic_chat_design_preset
4.46,0.120174,0.133800,-0.013626,0.000000,synthetic_chat_design_preset
4.47,0.123688,0.134100,-0.010412,0.000000,synthetic_chat_design_preset
4.48,0.127366,0.134400,-0.007034,0.000000,synthetic_chat_design_preset
4.49,0.131172,0.134700,-0.003545,0.000017,synthetic_chat_design_preset
4.50,0.135023,0.135000,-0.000000,0.000023,synthetic_chat_design_preset
4.51,0.138876,0.135300,0.003545,0.000031,synthetic_chat_design_preset
4.52,0.142675,0.135600,0.007034,0.000041,synthetic_chat_design_preset
4.53,0.146368,0.135900,0.010412,0.000055,synthetic_chat_design_preset
4.54,0.149900,0.136200,0.013626,0.000074,synthetic_chat_design_preset
4.55,0.153223,0.136500,0.016625,0.000098,synthetic_chat_design_preset
4.56,0.156290,0.136800,0.019362,0.000128,synthetic_chat_design_preset
4.57,0.159061,0.137100,0.021793,0.000168,synthetic_chat_design_preset
4.58,0.161499,0.137400,0.023881,0.000218,synthetic_chat_design_preset
4.59,0.163574,0.137700,0.025592,0.000282,synthetic_chat_design_preset
4.60,0.165262,0.138000,0.026900,0.000362,synthetic_chat_design_preset
4.61,0.166545,0.138300,0.027783,0.000461,synthetic_chat_design_preset
4.62,0.167413,0.138600,0.028228,0.000585,synthetic_chat_design_preset
4.63,0.167865,0.138900,0.028228,0.000737,synthetic_chat_design_preset
4.64,0.167906,0.139200,0.027783,0.000923,synthetic_chat_design_preset
4.65,0.167548,0.139500,0.026900,0.001148,synthetic_chat_design_preset
4.66,0.166813,0.139800,0.025592,0.001420,synthetic_chat_design_preset
4.67,0.165727,0.140100,0.023881,0.001746,synthetic_chat_design_preset
4.68,0.164326,0.140400,0.021793,0.002133,synthetic_chat_design_preset
4.69,0.162652,0.140700,0.019362,0.002590,synthetic_chat_design_preset
4.70,0.160750,0.141000,0.016625,0.003125,synthetic_chat_design_preset
4.71,0.158674,0.141300,0.013626,0.003748,synthetic_chat_design_preset
4.72,0.156479,0.141600,0.010412,0.004467,synthetic_chat_design_preset
4.73,0.154226,0.141900,0.007034,0.005292,synthetic_chat_design_preset
4.74,0.151976,0.142200,0.003545,0.006231,synthetic_chat_design_preset
4.75,0.149791,0.142500,0.000000,0.007291,synthetic_chat_design_preset
4.76,0.147734,0.142800,-0.003545,0.008479,synthetic_chat_design_preset
4.77,0.145866,0.143100,-0.007034,0.009800,synthetic_chat_design_preset
4.78,0.144245,0.143400,-0.010412,0.011257,synthetic_chat_design_preset
4.79,0.142925,0.143700,-0.013626,0.012851,synthetic_chat_design_preset
4.80,0.141957,0.144000,-0.016625,0.014582,synthetic_chat_design_preset
4.81,0.141381,0.144300,-0.019362,0.016443,synthetic_chat_design_preset
4.82,0.141235,0.144600,-0.021793,0.018428,synthetic_chat_design_preset
4.83,0.141545,0.144900,-0.023881,0.020526,synthetic_chat_design_preset
4.84,0.142331,0.145200,-0.025592,0.022723,synthetic_chat_design_preset
4.85,0.143600,0.145500,-0.026900,0.025000,synthetic_chat_design_preset
4.86,0.145353,0.145800,-0.027783,0.027336,synthetic_chat_design_preset
4.87,0.147579,0.146100,-0.028228,0.029707,synthetic_chat_design_preset
4.88,0.150257,0.146400,-0.028228,0.032086,synthetic_chat_design_preset
4.89,0.153358,0.146700,-0.027783,0.034442,synthetic_chat_design_preset
4.90,0.156843,0.147000,-0.026900,0.036743,synthetic_chat_design_preset
4.91,0.160666,0.147300,-0.025592,0.038958,synthetic_chat_design_preset
4.92,0.164772,0.147600,-0.023881,0.041053,synthetic_chat_design_preset
4.93,0.169101,0.147900,-0.021793,0.042994,synthetic_chat_design_preset
4.94,0.173589,0.148200,-0.019362,0.044751,synthetic_chat_design_preset
4.95,0.178169,0.148500,-0.016625,0.046294,synthetic_chat_design_preset
4.96,0.182769,0.148800,-0.013626,0.047595,synthetic_chat_design_preset
4.97,0.187321,0.149100,-0.010412,0.048633,synthetic_chat_design_preset
4.98,0.191754,0.149400,-0.007034,0.049388,synthetic_chat_design_preset
4.99,0.196001,0.149700,-0.003545,0.049846,synthetic_chat_design_preset
5.00,0.200000,0.150000,-0.000000,0.050000,synthetic_chat_design_preset
5.01,0.203691,0.150300,0.003545,0.049846,synthetic_chat_design_preset
5.02,0.207022,0.150600,0.007034,0.049388,synthetic_chat_design_preset
5.03,0.209945,0.150900,0.010412,0.048633,synthetic_chat_design_preset
5.04,0.212421,0.151200,0.013626,0.047595,synthetic_chat_design_preset
5.05,0.214419,0.151500,0.016625,0.046294,synthetic_chat_design_preset
5.06,0.215913,0.151800,0.019362,0.044751,synthetic_chat_design_preset
5.07,0.216888,0.152100,0.021793,0.042994,synthetic_chat_design_preset
5.08,0.217334,0.152400,0.023881,0.041053,synthetic_chat_design_preset
5.09,0.217251,0.152700,0.025592,0.038958,synthetic_chat_design_preset
5.10,0.216643,0.153000,0.026900,0.036743,synthetic_chat_design_preset
5.11,0.215525,0.153300,0.027783,0.034442,synthetic_chat_design_preset
5.12,0.213914,0.153600,0.028228,0.032086,synthetic_chat_design_preset
5.13,0.211836,0.153900,0.028228,0.029707,synthetic_chat_design_preset
5.14,0.209320,0.154200,0.027783,0.027336,synthetic_chat_design_preset
5.15,0.206400,0.154500,0.026900,0.025000,synthetic_chat_design_preset
5.16,0.203115,0.154800,0.025592,0.022723,synthetic_chat_design_preset
5.17,0.199508,0.155100,0.023881,0.020526,synthetic_chat_design_preset
5.18,0.195622,0.155400,0.021793,0.018428,synthetic_chat_design_preset
5.19,0.191505,0.155700,0.019362,0.016443,synthetic_chat_design_preset
5.20,0.187207,0.156000,0.016625,0.014582,synthetic_chat_design_preset
5.21,0.182777,0.156300,0.013626,0.012851,synthetic_chat_design_preset
5.22,0.178269,0.156600,0.010412,0.011257,synthetic_chat_design_preset
5.23,0.173734,0.156900,0.007034,0.009800,synthetic_chat_design_preset
5.24,0.169224,0.157200,0.003545,0.008479,synthetic_chat_design_preset
5.25,0.164791,0.157500,-0.000000,0.007291,synthetic_chat_design_preset
5.26,0.160486,0.157800,-0.003545,0.006231,synthetic_chat_design_preset
5.27,0.156358,0.158100,-0.007034,0.005292,synthetic_chat_design_preset
5.28,0.152455,0.158400,-0.010412,0.004467,synthetic_chat_design_preset
5.29,0.148822,0.158700,-0.013626,0.003748,synthetic_chat_design_preset
5.30,0.145500,0.159000,-0.016625,0.003125,synthetic_chat_design_preset
5.31,0.142528,0.159300,-0.019362,0.002590,synthetic_chat_design_preset
5.32,0.139939,0.159600,-0.021793,0.002133,synthetic_chat_design_preset
5.33,0.137765,0.159900,-0.023881,0.001746,synthetic_chat_design_preset
5.34,0.136028,0.160200,-0.025592,0.001420,synthetic_chat_design_preset
5.35,0.134748,0.160500,-0.026900,0.001148,synthetic_chat_design_preset
5.36,0.133939,0.160800,-0.027783,0.000923,synthetic_chat_design_preset
5.37,0.133608,0.161100,-0.028228,0.000737,synthetic_chat_design_preset
5.38,0.133756,0.161400,-0.028228,0.000585,synthetic_chat_design_preset
5.39,0.134378,0.161700,-0.027783,0.000461,synthetic_chat_design_preset
5.40,0.135462,0.162000,-0.026900,0.000362,synthetic_chat_design_preset
5.41,0.136989,0.162300,-0.025592,0.000282,synthetic_chat_design_preset
5.42,0.138937,0.162600,-0.023881,0.000218,synthetic_chat_design_preset
5.43,0.141275,0.162900,-0.021793,0.000168,synthetic_chat_design_preset
5.44,0.143967,0.163200,-0.019362,0.000128,synthetic_chat_design_preset
5.45,0.146973,0.163500,-0.016625,0.000098,synthetic_chat_design_preset
5.46,0.150248,0.163800,-0.013626,0.000074,synthetic_chat_design_preset
5.47,0.153743,0.164100,-0.010412,0.000055,synthetic_chat_design_preset
5.48,0.157407,0.164400,-0.007034,0.000041,synthetic_chat_design_preset
5.49,0.161186,0.164700,-0.003545,0.000031,synthetic_chat_design_preset
5.50,0.165023,0.165000,-0.000000,0.000023,synthetic_chat_design_preset
5.51,0.168845,0.165300,0.003545,0.000000,synthetic_chat_design_preset
5.52,0.172634,0.165600,0.007034,0.000000,synthetic_chat_design_preset
5.53,0.176312,0.165900,0.010412,0.000000,synthetic_chat_design_preset
5.54,0.179826,0.166200,0.013626,0.000000,synthetic_chat_design_preset
5.55,0.183125,0.166500,0.016625,0.000000,synthetic_chat_design_preset
5.56,0.186162,0.166800,0.019362,0.000000,synthetic_chat_design_preset
5.57,0.188893,0.167100,0.021793,0.000000,synthetic_chat_design_preset
5.58,0.191281,0.167400,0.023881,0.000000,synthetic_chat_design_preset
5.59,0.193292,0.167700,0.025592,0.000000,synthetic_chat_design_preset
5.60,0.194900,0.168000,0.026900,0.000000,synthetic_chat_design_preset
5.61,0.196083,0.168300,0.027783,0.000000,synthetic_chat_design_preset
5.62,0.196828,0.168600,0.028228,0.000000,synthetic_chat_design_preset
5.63,0.197128,0.168900,0.028228,0.000000,synthetic_chat_design_preset
5.64,0.196983,0.169200,0.027783,0.000000,synthetic_chat_design_preset
5.65,0.196400,0.169500,0.026900,0.000000,synthetic_chat_design_preset
5.66,0.195392,0.169800,0.025592,0.000000,synthetic_chat_design_preset
5.67,0.193981,0.170100,0.023881,0.000000,synthetic_chat_design_preset
5.68,0.192193,0.170400,0.021793,0.000000,synthetic_chat_design_preset
5.69,0.190062,0.170700,0.019362,0.000000,synthetic_chat_design_preset
5.70,0.187625,0.171000,0.016625,0.000000,synthetic_chat_design_preset
5.71,0.184926,0.171300,0.013626,0.000000,synthetic_chat_design_preset
5.72,0.182012,0.171600,0.010412,0.000000,synthetic_chat_design_preset
5.73,0.178934,0.171900,0.007034,0.000000,synthetic_chat_design_preset
5.74,0.175745,0.172200,0.003545,0.000000,synthetic_chat_design_preset
5.75,0.172500,0.172500,0.000000,0.000000,synthetic_chat_design_preset
5.76,0.169255,0.172800,-0.003545,0.000000,synthetic_chat_design_preset
5.77,0.166066,0.173100,-0.007034,0.000000,synthetic_chat_design_preset
5.78,0.162988,0.173400,-0.010412,0.000000,synthetic_chat_design_preset
5.79,0.160074,0.173700,-0.013626,0.000000,synthetic_chat_design_preset
5.80,0.157375,0.174000,-0.016625,0.000000,synthetic_chat_design_preset
5.81,0.154938,0.174300,-0.019362,0.000000,synthetic_chat_design_preset
5.82,0.152807,0.174600,-0.021793,0.000000,synthetic_chat_design_preset
5.83,0.151019,0.174900,-0.023881,0.000000,synthetic_chat_design_preset
5.84,0.149608,0.175200,-0.025592,0.000000,synthetic_chat_design_preset
5.85,0.148600,0.175500,-0.026900,0.000000,synthetic_chat_design_preset
5.86,0.148017,0.175800,-0.027783,0.000000,synthetic_chat_design_preset
5.87,0.147872,0.176100,-0.028228,0.000000,synthetic_chat_design_preset
5.88,0.148172,0.176400,-0.028228,0.000000,synthetic_chat_design_preset
5.89,0.148917,0.176700,-0.027783,0.000000,synthetic_chat_design_preset
5.90,0.150100,0.177000,-0.026900,0.000000,synthetic_chat_design_preset
5.91,0.151708,0.177300,-0.025592,0.000000,synthetic_chat_design_preset
5.92,0.153719,0.177600,-0.023881,0.000000,synthetic_chat_design_preset
5.93,0.156107,0.177900,-0.021793,0.000000,synthetic_chat_design_preset
5.94,0.158838,0.178200,-0.019362,0.000000,synthetic_chat_design_preset
5.95,0.161875,0.178500,-0.016625,0.000000,synthetic_chat_design_preset
5.96,0.165174,0.178800,-0.013626,0.000000,synthetic_chat_design_preset
5.97,0.168688,0.179100,-0.010412,0.000000,synthetic_chat_design_preset
5.98,0.172366,0.179400,-0.007034,0.000000,synthetic_chat_design_preset
5.99,0.176155,0.179700,-0.003545,0.000000,synthetic_chat_design_preset
6.00,0.180000,0.180000,-0.000000,0.000000,synthetic_chat_design_preset
6.01,0.183845,0.180300,0.003545,0.000000,synthetic_chat_design_preset
6.02,0.187634,0.180600,0.007034,0.000000,synthetic_chat_design_preset
6.03,0.191312,0.180900,0.010412,0.000000,synthetic_chat_design_preset
6.04,0.194826,0.181200,0.013626,0.000000,synthetic_chat_design_preset
6.05,0.198125,0.181500,0.016625,0.000000,synthetic_chat_design_preset
6.06,0.201162,0.181800,0.019362,0.000000,synthetic_chat_design_preset
6.07,0.203893,0.182100,0.021793,0.000000,synthetic_chat_design_preset
6.08,0.206281,0.182400,0.023881,0.000000,synthetic_chat_design_preset
6.09,0.208292,0.182700,0.025592,0.000000,synthetic_chat_design_preset
6.10,0.209900,0.183000,0.026900,0.000000,synthetic_chat_design_preset
6.11,0.211083,0.183300,0.027783,0.000000,synthetic_chat_design_preset
6.12,0.211828,0.183600,0.028228,0.000000,synthetic_chat_design_preset
6.13,0.212128,0.183900,0.028228,0.000000,synthetic_chat_design_preset
6.14,0.211983,0.184200,0.027783,0.000000,synthetic_chat_design_preset
6.15,0.211400,0.184500,0.026900,0.000000,synthetic_chat_design_preset
6.16,0.210392,0.184800,0.025592,0.000000,synthetic_chat_design_preset
6.17,0.208981,0.185100,0.023881,0.000000,synthetic_chat_design_preset
6.18,0.207193,0.185400,0.021793,0.000000,synthetic_chat_design_preset
6.19,0.205062,0.185700,0.019362,0.000000,synthetic_chat_design_preset
6.20,0.202625,0.186000,0.016625,0.000000,synthetic_chat_design_preset
6.21,0.199926,0.186300,0.013626,0.000000,synthetic_chat_design_preset
6.22,0.197012,0.186600,0.010412,0.000000,synthetic_chat_design_preset
6.23,0.193934,0.186900,0.007034,0.000000,synthetic_chat_design_preset
6.24,0.190745,0.187200,0.003545,0.000000,synthetic_chat_design_preset
6.25,0.187500,0.187500,-0.000000,0.000000,synthetic_chat_design_preset
6.26,0.184255,0.187800,-0.003545,0.000000,synthetic_chat_design_preset
6.27,0.181066,0.188100,-0.007034,0.000000,synthetic_chat_design_preset
6.28,0.177988,0.188400,-0.010412,0.000000,synthetic_chat_design_preset
6.29,0.175074,0.188700,-0.013626,0.000000,synthetic_chat_design_preset
6.30,0.172375,0.189000,-0.016625,0.000000,synthetic_chat_design_preset
6.31,0.169938,0.189300,-0.019362,0.000000,synthetic_chat_design_preset
6.32,0.167807,0.189600,-0.021793,0.000000,synthetic_chat_design_preset
6.33,0.166019,0.189900,-0.023881,0.000000,synthetic_chat_design_preset
6.34,0.164608,0.190200,-0.025592,0.000000,synthetic_chat_design_preset
6.35,0.163600,0.190500,-0.026900,0.000000,synthetic_chat_design_preset
6.36,0.163017,0.190800,-0.027783,0.000000,synthetic_chat_design_preset
6.37,0.162872,0.191100,-0.028228,0.000000,synthetic_chat_design_preset
6.38,0.163172,0.191400,-0.028228,0.000000,synthetic_chat_design_preset
6.39,0.163917,0.191700,-0.027783,0.000000,synthetic_chat_design_preset
6.40,0.165100,0.192000,-0.026900,0.000000,synthetic_chat_design_preset
6.41,0.166708,0.192300,-0.025592,0.000000,synthetic_chat_design_preset
6.42,0.168719,0.192600,-0.023881,0.000000,synthetic_chat_design_preset
6.43,0.171107,0.192900,-0.021793,0.000000,synthetic_chat_design_preset
6.44,0.173838,0.193200,-0.019362,0.000000,synthetic_chat_design_preset
6.45,0.176875,0.193500,-0.016625,0.000000,synthetic_chat_design_preset
6.46,0.180174,0.193800,-0.013626,0.000000,synthetic_chat_design_preset
6.47,0.183688,0.194100,-0.010412,0.000000,synthetic_chat_design_preset
6.48,0.187366,0.194400,-0.007034,0.000000,synthetic_chat_design_preset
6.49,0.191155,0.194700,-0.003545,0.000000,synthetic_chat_design_preset
6.50,0.195000,0.195000,0.000000,0.000000,synthetic_chat_design_preset
6.51,0.198845,0.195300,0.003545,0.000000,synthetic_chat_design_preset
6.52,0.202634,0.195600,0.007034,0.000000,synthetic_chat_design_preset
6.53,0.206312,0.195900,0.010412,0.000000,synthetic_chat_design_preset
6.54,0.209826,0.196200,0.013626,0.000000,synthetic_chat_design_preset
6.55,0.213125,0.196500,0.016625,0.000000,synthetic_chat_design_preset
6.56,0.216162,0.196800,0.019362,0.000000,synthetic_chat_design_preset
6.57,0.218893,0.197100,0.021793,0.000000,synthetic_chat_design_preset
6.58,0.221281,0.197400,0.023881,0.000000,synthetic_chat_design_preset
6.59,0.223292,0.197700,0.025592,0.000000,synthetic_chat_design_preset
6.60,0.224900,0.198000,0.026900,0.000000,synthetic_chat_design_preset
6.61,0.226083,0.198300,0.027783,0.000000,synthetic_chat_design_preset
6.62,0.226828,0.198600,0.028228,0.000000,synthetic_chat_design_preset
6.63,0.227128,0.198900,0.028228,0.000000,synthetic_chat_design_preset
6.64,0.226983,0.199200,0.027783,0.000000,synthetic_chat_design_preset
6.65,0.226400,0.199500,0.026900,0.000000,synthetic_chat_design_preset
6.66,0.225392,0.199800,0.025592,0.000000,synthetic_chat_design_preset
6.67,0.223981,0.200100,0.023881,0.000000,synthetic_chat_design_preset
6.68,0.222193,0.200400,0.021793,0.000000,synthetic_chat_design_preset
6.69,0.220062,0.200700,0.019362,0.000000,synthetic_chat_design_preset
6.70,0.217625,0.201000,0.016625,0.000000,synthetic_chat_design_preset
6.71,0.214926,0.201300,0.013626,0.000000,synthetic_chat_design_preset
6.72,0.212012,0.201600,0.010412,0.000000,synthetic_chat_design_preset
6.73,0.208934,0.201900,0.007034,0.000000,synthetic_chat_design_preset
6.74,0.205745,0.202200,0.003545,0.000000,synthetic_chat_design_preset
6.75,0.202500,0.202500,0.000000,0.000000,synthetic_chat_design_preset
6.76,0.199255,0.202800,-0.003545,0.000000,synthetic_chat_design_preset
6.77,0.196066,0.203100,-0.007034,0.000000,synthetic_chat_design_preset
6.78,0.192988,0.203400,-0.010412,0.000000,synthetic_chat_design_preset
6.79,0.190074,0.203700,-0.013626,0.000000,synthetic_chat_design_preset
6.80,0.187375,0.204000,-0.016625,0.000000,synthetic_chat_design_preset
6.81,0.184938,0.204300,-0.019362,0.000000,synthetic_chat_design_preset
6.82,0.182807,0.204600,-0.021793,0.000000,synthetic_chat_design_preset
6.83,0.181019,0.204900,-0.023881,0.000000,synthetic_chat_design_preset
6.84,0.179608,0.205200,-0.025592,0.000000,synthetic_chat_design_preset
6.85,0.178600,0.205500,-0.026900,0.000000,synthetic_chat_design_preset
6.86,0.178017,0.205800,-0.027783,0.000000,synthetic_chat_design_preset
6.87,0.177872,0.206100,-0.028228,0.000000,synthetic_chat_design_preset
6.88,0.178172,0.206400,-0.028228,0.000000,synthetic_chat_design_preset
6.89,0.178917,0.206700,-0.027783,0.000000,synthetic_chat_design_preset
6.90,0.180100,0.207000,-0.026900,0.000000,synthetic_chat_design_preset
6.91,0.181708,0.207300,-0.025592,0.000000,synthetic_chat_design_preset
6.92,0.183719,0.207600,-0.023881,0.000000,synthetic_chat_design_preset
6.93,0.186107,0.207900,-0.021793,0.000000,synthetic_chat_design_preset
6.94,0.188838,0.208200,-0.019362,0.000000,synthetic_chat_design_preset
6.95,0.191875,0.208500,-0.016625,0.000000,synthetic_chat_design_preset
6.96,0.195174,0.208800,-0.013626,0.000000,synthetic_chat_design_preset
6.97,0.198688,0.209100,-0.010412,0.000000,synthetic_chat_design_preset
6.98,0.202366,0.209400,-0.007034,0.000000,synthetic_chat_design_preset
6.99,0.206155,0.209700,-0.003545,0.000000,synthetic_chat_design_preset
7.00,0.210000,0.210000,-0.000000,0.000000,synthetic_chat_design_preset
7.01,0.213845,0.210300,0.003545,0.000000,synthetic_chat_design_preset
7.02,0.217634,0.210600,0.007034,0.000000,synthetic_chat_design_preset
7.03,0.221312,0.210900,0.010412,0.000000,synthetic_chat_design_preset
7.04,0.224826,0.211200,0.013626,0.000000,synthetic_chat_design_preset
7.05,0.228125,0.211500,0.016625,0.000000,synthetic_chat_design_preset
7.06,0.231162,0.211800,0.019362,0.000000,synthetic_chat_design_preset
7.07,0.233893,0.212100,0.021793,0.000000,synthetic_chat_design_preset
7.08,0.236281,0.212400,0.023881,0.000000,synthetic_chat_design_preset
7.09,0.238292,0.212700,0.025592,0.000000,synthetic_chat_design_preset
7.10,0.239900,0.213000,0.026900,0.000000,synthetic_chat_design_preset
7.11,0.241083,0.213300,0.027783,0.000000,synthetic_chat_design_preset
7.12,0.241828,0.213600,0.028228,0.000000,synthetic_chat_design_preset
7.13,0.242128,0.213900,0.028228,0.000000,synthetic_chat_design_preset
7.14,0.241983,0.214200,0.027783,0.000000,synthetic_chat_design_preset
7.15,0.241400,0.214500,0.026900,0.000000,synthetic_chat_design_preset
7.16,0.240392,0.214800,0.025592,0.000000,synthetic_chat_design_preset
7.17,0.238981,0.215100,0.023881,0.000000,synthetic_chat_design_preset
7.18,0.237193,0.215400,0.021793,0.000000,synthetic_chat_design_preset
7.19,0.235062,0.215700,0.019362,0.000000,synthetic_chat_design_preset
7.20,0.232625,0.216000,0.016625,0.000000,synthetic_chat_design_preset
7.21,0.229926,0.216300,0.013626,0.000000,synthetic_chat_design_preset
7.22,0.227012,0.216600,0.010412,0.000000,synthetic_chat_design_preset
7.23,0.223934,0.216900,0.007034,0.000000,synthetic_chat_design_preset
7.24,0.220745,0.217200,0.003545,0.000000,synthetic_chat_design_preset
7.25,0.217500,0.217500,-0.000000,0.000000,synthetic_chat_design_preset
7.26,0.214255,0.217800,-0.003545,0.000000,synthetic_chat_design_preset
7.27,0.211066,0.218100,-0.007034,0.000000,synthetic_chat_design_preset
7.28,0.207988,0.218400,-0.010412,0.000000,synthetic_chat_design_preset
7.29,0.205074,0.218700,-0.013626,0.000000,synthetic_chat_design_preset
7.30,0.202375,0.219000,-0.016625,0.000000,synthetic_chat_design_preset
7.31,0.199938,0.219300,-0.019362,0.000000,synthetic_chat_design_preset
7.32,0.197807,0.219600,-0.021793,0.000000,synthetic_chat_design_preset
7.33,0.196019,0.219900,-0.023881,0.000000,synthetic_chat_design_preset
7.34,0.194608,0.220200,-0.025592,0.000000,synthetic_chat_design_preset
7.35,0.193600,0.220500,-0.026900,0.000000,synthetic_chat_design_preset
7.36,0.193017,0.220800,-0.027783,0.000000,synthetic_chat_design_preset
7.37,0.192872,0.221100,-0.028228,0.000000,synthetic_chat_design_preset
7.38,0.193172,0.221400,-0.028228,0.000000,synthetic_chat_design_preset
7.39,0.193917,0.221700,-0.027783,0.000000,synthetic_chat_design_preset
7.40,0.195100,0.222000,-0.026900,0.000000,synthetic_chat_design_preset
7.41,0.196708,0.222300,-0.025592,0.000000,synthetic_chat_design_preset
7.42,0.198719,0.222600,-0.023881,0.000000,synthetic_chat_design_preset
7.43,0.201107,0.222900,-0.021793,0.000000,synthetic_chat_design_preset
7.44,0.203838,0.223200,-0.019362,0.000000,synthetic_chat_design_preset
7.45,0.206875,0.223500,-0.016625,0.000000,synthetic_chat_design_preset
7.46,0.210174,0.223800,-0.013626,0.000000,synthetic_chat_design_preset
7.47,0.213688,0.224100,-0.010412,0.000000,synthetic_chat_design_preset
7.48,0.217366,0.224400,-0.007034,0.000000,synthetic_chat_design_preset
7.49,0.221155,0.224700,-0.003545,0.000000,synthetic_chat_design_preset
7.50,0.225000,0.225000,-0.000000,0.000000,synthetic_chat_design_preset
7.51,0.228845,0.225300,0.003545,0.000000,synthetic_chat_design_preset
7.52,0.232634,0.225600,0.007034,0.000000,synthetic_chat_design_preset
7.53,0.236312,0.225900,0.010412,0.000000,synthetic_chat_design_preset
7.54,0.239826,0.226200,0.013626,0.000000,synthetic_chat_design_preset
7.55,0.243125,0.226500,0.016625,0.000000,synthetic_chat_design_preset
7.56,0.246162,0.226800,0.019362,0.000000,synthetic_chat_design_preset
7.57,0.248893,0.227100,0.021793,0.000000,synthetic_chat_design_preset
7.58,0.251281,0.227400,0.023881,0.000000,synthetic_chat_design_preset
7.59,0.253292,0.227700,0.025592,0.000000,synthetic_chat_design_preset
7.60,0.254900,0.228000,0.026900,0.000000,synthetic_chat_design_preset
7.61,0.256083,0.228300,0.027783,0.000000,synthetic_chat_design_preset
7.62,0.256828,0.228600,0.028228,0.000000,synthetic_chat_design_preset
7.63,0.257128,0.228900,0.028228,0.000000,synthetic_chat_design_preset
7.64,0.256983,0.229200,0.027783,0.000000,synthetic_chat_design_preset
7.65,0.256400,0.229500,0.026900,0.000000,synthetic_chat_design_preset
7.66,0.255392,0.229800,0.025592,0.000000,synthetic_chat_design_preset
7.67,0.253981,0.230100,0.023881,0.000000,synthetic_chat_design_preset
7.68,0.252193,0.230400,0.021793,0.000000,synthetic_chat_design_preset
7.69,0.250062,0.230700,0.019362,0.000000,synthetic_chat_design_preset
7.70,0.247625,0.231000,0.016625,0.000000,synthetic_chat_design_preset
7.71,0.244926,0.231300,0.013626,0.000000,synthetic_chat_design_preset
7.72,0.242012,0.231600,0.010412,0.000000,synthetic_chat_design_preset
7.73,0.238934,0.231900,0.007034,0.000000,synthetic_chat_design_preset
7.74,0.235745,0.232200,0.003545,0.000000,synthetic_chat_design_preset
7.75,0.232500,0.232500,0.000000,0.000000,synthetic_chat_design_preset
7.76,0.229255,0.232800,-0.003545,0.000000,synthetic_chat_design_preset
7.77,0.226066,0.233100,-0.007034,0.000000,synthetic_chat_design_preset
7.78,0.222988,0.233400,-0.010412,0.000000,synthetic_chat_design_preset
7.79,0.220074,0.233700,-0.013626,0.000000,synthetic_chat_design_preset
7.80,0.217375,0.234000,-0.016625,0.000000,synthetic_chat_design_preset
7.81,0.214938,0.234300,-0.019362,0.000000,synthetic_chat_design_preset
7.82,0.212807,0.234600,-0.021793,0.000000,synthetic_chat_design_preset
7.83,0.211019,0.234900,-0.023881,0.000000,synthetic_chat_design_preset
7.84,0.209608,0.235200,-0.025592,0.000000,synthetic_chat_design_preset
7.85,0.208600,0.235500,-0.026900,0.000000,synthetic_chat_design_preset
7.86,0.208017,0.235800,-0.027783,0.000000,synthetic_chat_design_preset
7.87,0.207872,0.236100,-0.028228,0.000000,synthetic_chat_design_preset
7.88,0.208172,0.236400,-0.028228,0.000000,synthetic_chat_design_preset
7.89,0.208917,0.236700,-0.027783,0.000000,synthetic_chat_design_preset
7.90,0.210100,0.237000,-0.026900,0.000000,synthetic_chat_design_preset
7.91,0.211708,0.237300,-0.025592,0.000000,synthetic_chat_design_preset
7.92,0.213719,0.237600,-0.023881,0.000000,synthetic_chat_design_preset
7.93,0.216107,0.237900,-0.021793,0.000000,synthetic_chat_design_preset
7.94,0.218838,0.238200,-0.019362,0.000000,synthetic_chat_design_preset
7.95,0.221875,0.238500,-0.016625,0.000000,synthetic_chat_design_preset
7.96,0.225174,0.238800,-0.013626,0.000000,synthetic_chat_design_preset
7.97,0.228688,0.239100,-0.010412,0.000000,synthetic_chat_design_preset
7.98,0.232366,0.239400,-0.007034,0.000000,synthetic_chat_design_preset
7.99,0.236155,0.239700,-0.003545,0.000000,synthetic_chat_design_preset
8.00,0.240000,0.240000,-0.000000,0.000000,synthetic_chat_design_preset
8.01,0.243845,0.240300,0.003545,0.000000,synthetic_chat_design_preset
8.02,0.247634,0.240600,0.007034,0.000000,synthetic_chat_design_preset
8.03,0.251312,0.240900,0.010412,0.000000,synthetic_chat_design_preset
8.04,0.254826,0.241200,0.013626,0.000000,synthetic_chat_design_preset
8.05,0.258125,0.241500,0.016625,0.000000,synthetic_chat_design_preset
8.06,0.261162,0.241800,0.019362,0.000000,synthetic_chat_design_preset
8.07,0.263893,0.242100,0.021793,0.000000,synthetic_chat_design_preset
8.08,0.266281,0.242400,0.023881,0.000000,synthetic_chat_design_preset
8.09,0.268292,0.242700,0.025592,0.000000,synthetic_chat_design_preset
8.10,0.269900,0.243000,0.026900,0.000000,synthetic_chat_design_preset
8.11,0.271083,0.243300,0.027783,0.000000,synthetic_chat_design_preset
8.12,0.271828,0.243600,0.028228,0.000000,synthetic_chat_design_preset
8.13,0.272128,0.243900,0.028228,0.000000,synthetic_chat_design_preset
8.14,0.271983,0.244200,0.027783,0.000000,synthetic_chat_design_preset
8.15,0.271400,0.244500,0.026900,0.000000,synthetic_chat_design_preset
8.16,0.270392,0.244800,0.025592,0.000000,synthetic_chat_design_preset
8.17,0.268981,0.245100,0.023881,0.000000,synthetic_chat_design_preset
8.18,0.267193,0.245400,0.021793,0.000000,synthetic_chat_design_preset
8.19,0.265062,0.245700,0.019362,0.000000,synthetic_chat_design_preset
8.20,0.262625,0.246000,0.016625,0.000000,synthetic_chat_design_preset
8.21,0.259926,0.246300,0.013626,0.000000,synthetic_chat_design_preset
8.22,0.257012,0.246600,0.010412,0.000000,synthetic_chat_design_preset
8.23,0.253934,0.246900,0.007034,0.000000,synthetic_chat_design_preset
8.24,0.250745,0.247200,0.003545,0.000000,synthetic_chat_design_preset
8.25,0.247500,0.247500,0.000000,0.000000,synthetic_chat_design_preset
8.26,0.244255,0.247800,-0.003545,0.000000,synthetic_chat_design_preset
8.27,0.241066,0.248100,-0.007034,0.000000,synthetic_chat_design_preset
8.28,0.237988,0.248400,-0.010412,0.000000,synthetic_chat_design_preset
8.29,0.235074,0.248700,-0.013626,0.000000,synthetic_chat_design_preset
8.30,0.232375,0.249000,-0.016625,0.000000,synthetic_chat_design_preset
8.31,0.229938,0.249300,-0.019362,0.000000,synthetic_chat_design_preset
8.32,0.227807,0.249600,-0.021793,0.000000,synthetic_chat_design_preset
8.33,0.226019,0.249900,-0.023881,0.000000,synthetic_chat_design_preset
8.34,0.224608,0.250200,-0.025592,0.000000,synthetic_chat_design_preset
8.35,0.223600,0.250500,-0.026900,0.000000,synthetic_chat_design_preset
8.36,0.223017,0.250800,-0.027783,0.000000,synthetic_chat_design_preset
8.37,0.222872,0.251100,-0.028228,0.000000,synthetic_chat_design_preset
8.38,0.223172,0.251400,-0.028228,0.000000,synthetic_chat_design_preset
8.39,0.223917,0.251700,-0.027783,0.000000,synthetic_chat_design_preset
8.40,0.225100,0.252000,-0.026900,0.000000,synthetic_chat_design_preset
8.41,0.226708,0.252300,-0.025592,0.000000,synthetic_chat_design_preset
8.42,0.228719,0.252600,-0.023881,0.000000,synthetic_chat_design_preset
8.43,0.231107,0.252900,-0.021793,0.000000,synthetic_chat_design_preset
8.44,0.233838,0.253200,-0.019362,0.000000,synthetic_chat_design_preset
8.45,0.236875,0.253500,-0.016625,0.000000,synthetic_chat_design_preset
8.46,0.240174,0.253800,-0.013626,0.000000,synthetic_chat_design_preset
8.47,0.243688,0.254100,-0.010412,0.000000,synthetic_chat_design_preset
8.48,0.247366,0.254400,-0.007034,0.000000,synthetic_chat_design_preset
8.49,0.251155,0.254700,-0.003545,0.000000,synthetic_chat_design_preset
8.50,0.255000,0.255000,0.000000,0.000000,synthetic_chat_design_preset
8.51,0.258845,0.255300,0.003545,0.000000,synthetic_chat_design_preset
8.52,0.262634,0.255600,0.007034,0.000000,synthetic_chat_design_preset
8.53,0.266312,0.255900,0.010412,0.000000,synthetic_chat_design_preset
8.54,0.269826,0.256200,0.013626,0.000000,synthetic_chat_design_preset
8.55,0.273125,0.256500,0.016625,0.000000,synthetic_chat_design_preset
8.56,0.276162,0.256800,0.019362,0.000000,synthetic_chat_design_preset
8.57,0.278893,0.257100,0.021793,0.000000,synthetic_chat_design_preset
8.58,0.281281,0.257400,0.023881,0.000000,synthetic_chat_design_preset
8.59,0.283292,0.257700,0.025592,0.000000,synthetic_chat_design_preset
8.60,0.284900,0.258000,0.026900,0.000000,synthetic_chat_design_preset
8.61,0.286083,0.258300,0.027783,0.000000,synthetic_chat_design_preset
8.62,0.286828,0.258600,0.028228,0.000000,synthetic_chat_design_preset
8.63,0.287128,0.258900,0.028228,0.000000,synthetic_chat_design_preset
8.64,0.286983,0.259200,0.027783,0.000000,synthetic_chat_design_preset
8.65,0.286400,0.259500,0.026900,0.000000,synthetic_chat_design_preset
8.66,0.285392,0.259800,0.025592,0.000000,synthetic_chat_design_preset
8.67,0.283981,0.260100,0.023881,0.000000,synthetic_chat_design_preset
8.68,0.282193,0.260400,0.021793,0.000000,synthetic_chat_design_preset
8.69,0.280062,0.260700,0.019362,0.000000,synthetic_chat_design_preset
8.70,0.277625,0.261000,0.016625,0.000000,synthetic_chat_design_preset
8.71,0.274926,0.261300,0.013626,0.000000,synthetic_chat_design_preset
8.72,0.272012,0.261600,0.010412,0.000000,synthetic_chat_design_preset
8.73,0.268934,0.261900,0.007034,0.000000,synthetic_chat_design_preset
8.74,0.265745,0.262200,0.003545,0.000000,synthetic_chat_design_preset
8.75,0.262500,0.262500,0.000000,0.000000,synthetic_chat_design_preset
8.76,0.259255,0.262800,-0.003545,0.000000,synthetic_chat_design_preset
8.77,0.256066,0.263100,-0.007034,0.000000,synthetic_chat_design_preset
8.78,0.252988,0.263400,-0.010412,0.000000,synthetic_chat_design_preset
8.79,0.250074,0.263700,-0.013626,0.000000,synthetic_chat_design_preset
8.80,0.247375,0.264000,-0.016625,0.000000,synthetic_chat_design_preset
8.81,0.244938,0.264300,-0.019362,0.000000,synthetic_chat_design_preset
8.82,0.242807,0.264600,-0.021793,0.000000,synthetic_chat_design_preset
8.83,0.241019,0.264900,-0.023881,0.000000,synthetic_chat_design_preset
8.84,0.239608,0.265200,-0.025592,0.000000,synthetic_chat_design_preset
8.85,0.238600,0.265500,-0.026900,0.000000,synthetic_chat_design_preset
8.86,0.238017,0.265800,-0.027783,0.000000,synthetic_chat_design_preset
8.87,0.237872,0.266100,-0.028228,0.000000,synthetic_chat_design_preset
8.88,0.238172,0.266400,-0.028228,0.000000,synthetic_chat_design_preset
8.89,0.238917,0.266700,-0.027783,0.000000,synthetic_chat_design_preset
8.90,0.240100,0.267000,-0.026900,0.000000,synthetic_chat_design_preset
8.91,0.241708,0.267300,-0.025592,0.000000,synthetic_chat_design_preset
8.92,0.243719,0.267600,-0.023881,0.000000,synthetic_chat_design_preset
8.93,0.246107,0.267900,-0.021793,0.000000,synthetic_chat_design_preset
8.94,0.248838,0.268200,-0.019362,0.000000,synthetic_chat_design_preset
8.95,0.251875,0.268500,-0.016625,0.000000,synthetic_chat_design_preset
8.96,0.255174,0.268800,-0.013626,0.000000,synthetic_chat_design_preset
8.97,0.258688,0.269100,-0.010412,0.000000,synthetic_chat_design_preset
8.98,0.262366,0.269400,-0.007034,0.000000,synthetic_chat_design_preset
8.99,0.266155,0.269700,-0.003545,0.000000,synthetic_chat_design_preset
9.00,0.270000,0.270000,-0.000000,0.000000,synthetic_chat_design_preset
9.01,0.273845,0.270300,0.003545,0.000000,synthetic_chat_design_preset
9.02,0.277634,0.270600,0.007034,0.000000,synthetic_chat_design_preset
9.03,0.281312,0.270900,0.010412,0.000000,synthetic_chat_design_preset
9.04,0.284826,0.271200,0.013626,0.000000,synthetic_chat_design_preset
9.05,0.288125,0.271500,0.016625,0.000000,synthetic_chat_design_preset
9.06,0.291162,0.271800,0.019362,0.000000,synthetic_chat_design_preset
9.07,0.293893,0.272100,0.021793,0.000000,synthetic_chat_design_preset
9.08,0.296281,0.272400,0.023881,0.000000,synthetic_chat_design_preset
9.09,0.298292,0.272700,0.025592,0.000000,synthetic_chat_design_preset
9.10,0.299900,0.273000,0.026900,0.000000,synthetic_chat_design_preset
9.11,0.301083,0.273300,0.027783,0.000000,synthetic_chat_design_preset
9.12,0.301828,0.273600,0.028228,0.000000,synthetic_chat_design_preset
9.13,0.302128,0.273900,0.028228,0.000000,synthetic_chat_design_preset
9.14,0.301983,0.274200,0.027783,0.000000,synthetic_chat_design_preset
9.15,0.301400,0.274500,0.026900,0.000000,synthetic_chat_design_preset
9.16,0.300392,0.274800,0.025592,0.000000,synthetic_chat_design_preset
9.17,0.298981,0.275100,0.023881,0.000000,synthetic_chat_design_preset
9.18,0.297193,0.275400,0.021793,0.000000,synthetic_chat_design_preset
9.19,0.295062,0.275700,0.019362,0.000000,synthetic_chat_design_preset
9.20,0.292625,0.276000,0.016625,0.000000,synthetic_chat_design_preset
9.21,0.289926,0.276300,0.013626,0.000000,synthetic_chat_design_preset
9.22,0.287012,0.276600,0.010412,0.000000,synthetic_chat_design_preset
9.23,0.283934,0.276900,0.007034,0.000000,synthetic_chat_design_preset
9.24,0.280745,0.277200,0.003545,0.000000,synthetic_chat_design_preset
9.25,0.277500,0.277500,0.000000,0.000000,synthetic_chat_design_preset
9.26,0.274255,0.277800,-0.003545,0.000000,synthetic_chat_design_preset
9.27,0.271066,0.278100,-0.007034,0.000000,synthetic_chat_design_preset
9.28,0.267988,0.278400,-0.010412,0.000000,synthetic_chat_design_preset
9.29,0.265074,0.278700,-0.013626,0.000000,synthetic_chat_design_preset
9.30,0.262375,0.279000,-0.016625,0.000000,synthetic_chat_design_preset
9.31,0.259938,0.279300,-0.019362,0.000000,synthetic_chat_design_preset
9.32,0.257807,0.279600,-0.021793,0.000000,synthetic_chat_design_preset
9.33,0.256019,0.279900,-0.023881,0.000000,synthetic_chat_design_preset
9.34,0.254608,0.280200,-0.025592,0.000000,synthetic_chat_design_preset
9.35,0.253600,0.280500,-0.026900,0.000000,synthetic_chat_design_preset
9.36,0.253017,0.280800,-0.027783,0.000000,synthetic_chat_design_preset
9.37,0.252872,0.281100,-0.028228,0.000000,synthetic_chat_design_preset
9.38,0.253172,0.281400,-0.028228,0.000000,synthetic_chat_design_preset
9.39,0.253917,0.281700,-0.027783,0.000000,synthetic_chat_design_preset
9.40,0.255100,0.282000,-0.026900,0.000000,synthetic_chat_design_preset
9.41,0.256708,0.282300,-0.025592,0.000000,synthetic_chat_design_preset
9.42,0.258719,0.282600,-0.023881,0.000000,synthetic_chat_design_preset
9.43,0.261107,0.282900,-0.021793,0.000000,synthetic_chat_design_preset
9.44,0.263838,0.283200,-0.019362,0.000000,synthetic_chat_design_preset
9.45,0.266875,0.283500,-0.016625,0.000000,synthetic_chat_design_preset
9.46,0.270174,0.283800,-0.013626,0.000000,synthetic_chat_design_preset
9.47,0.273688,0.284100,-0.010412,0.000000,synthetic_chat_design_preset
9.48,0.277366,0.284400,-0.007034,0.000000,synthetic_chat_design_preset
9.49,0.281155,0.284700,-0.003545,0.000000,synthetic_chat_design_preset
9.50,0.285000,0.285000,-0.000000,0.000000,synthetic_chat_design_preset
9.51,0.288845,0.285300,0.003545,0.000000,synthetic_chat_design_preset
9.52,0.292634,0.285600,0.007034,0.000000,synthetic_chat_design_preset
9.53,0.296312,0.285900,0.010412,0.000000,synthetic_chat_design_preset
9.54,0.299826,0.286200,0.013626,0.000000,synthetic_chat_design_preset
9.55,0.303125,0.286500,0.016625,0.000000,synthetic_chat_design_preset
9.56,0.306162,0.286800,0.019362,0.000000,synthetic_chat_design_preset
9.57,0.308893,0.287100,0.021793,0.000000,synthetic_chat_design_preset
9.58,0.311281,0.287400,0.023881,0.000000,synthetic_chat_design_preset
9.59,0.313292,0.287700,0.025592,0.000000,synthetic_chat_design_preset
9.60,0.314900,0.288000,0.026900,0.000000,synthetic_chat_design_preset
9.61,0.316083,0.288300,0.027783,0.000000,synthetic_chat_design_preset
9.62,0.316828,0.288600,0.028228,0.000000,synthetic_chat_design_preset
9.63,0.317128,0.288900,0.028228,0.000000,synthetic_chat_design_preset
9.64,0.316983,0.289200,0.027783,0.000000,synthetic_chat_design_preset
9.65,0.316400,0.289500,0.026900,0.000000,synthetic_chat_design_preset
9.66,0.315392,0.289800,0.025592,0.000000,synthetic_chat_design_preset
9.67,0.313981,0.290100,0.023881,0.000000,synthetic_chat_design_preset
9.68,0.312193,0.290400,0.021793,0.000000,synthetic_chat_design_preset
9.69,0.310062,0.290700,0.019362,0.000000,synthetic_chat_design_preset
9.70,0.307625,0.291000,0.016625,0.000000,synthetic_chat_design_preset
9.71,0.304926,0.291300,0.013626,0.000000,synthetic_chat_design_preset
9.72,0.302012,0.291600,0.010412,0.000000,synthetic_chat_design_preset
9.73,0.298934,0.291900,0.007034,0.000000,synthetic_chat_design_preset
9.74,0.295745,0.292200,0.003545,0.000000,synthetic_chat_design_preset
9.75,0.292500,0.292500,0.000000,0.000000,synthetic_chat_design_preset
9.76,0.289255,0.292800,-0.003545,0.000000,synthetic_chat_design_preset
9.77,0.286066,0.293100,-0.007034,0.000000,synthetic_chat_design_preset
9.78,0.282988,0.293400,-0.010412,0.000000,synthetic_chat_design_preset
9.79,0.280074,0.293700,-0.013626,0.000000,synthetic_chat_design_preset
9.80,0.277375,0.294000,-0.016625,0.000000,synthetic_chat_design_preset
9.81,0.274938,0.294300,-0.019362,0.000000,synthetic_chat_design_preset
9.82,0.272807,0.294600,-0.021793,0.000000,synthetic_chat_design_preset
9.83,0.271019,0.294900,-0.023881,0.000000,synthetic_chat_design_preset
9.84,0.269608,0.295200,-0.025592,0.000000,synthetic_chat_design_preset
9.85,0.268600,0.295500,-0.026900,0.000000,synthetic_chat_design_preset
9.86,0.268017,0.295800,-0.027783,0.000000,synthetic_chat_design_preset
9.87,0.267872,0.296100,-0.028228,0.000000,synthetic_chat_design_preset
9.88,0.268172,0.296400,-0.028228,0.000000,synthetic_chat_design_preset
9.89,0.268917,0.296700,-0.027783,0.000000,synthetic_chat_design_preset
9.90,0.270100,0.297000,-0.026900,0.000000,synthetic_chat_design_preset
9.91,0.271708,0.297300,-0.025592,0.000000,synthetic_chat_design_preset
9.92,0.273719,0.297600,-0.023881,0.000000,synthetic_chat_design_preset
9.93,0.276107,0.297900,-0.021793,0.000000,synthetic_chat_design_preset
9.94,0.278838,0.298200,-0.019362,0.000000,synthetic_chat_design_preset
9.95,0.281875,0.298500,-0.016625,0.000000,synthetic_chat_design_preset
9.96,0.285174,0.298800,-0.013626,0.000000,synthetic_chat_design_preset
9.97,0.288688,0.299100,-0.010412,0.000000,synthetic_chat_design_preset
9.98,0.292366,0.299400,-0.007034,0.000000,synthetic_chat_design_preset
9.99,0.296155,0.299700,-0.003545,0.000000,synthetic_chat_design_preset
10.00,0.300000,0.300000,-0.000000,0.000000,synthetic_chat_design_preset
10.01,0.303845,0.300300,0.003545,0.000000,synthetic_chat_design_preset
10.02,0.307634,0.300600,0.007034,0.000000,synthetic_chat_design_preset
10.03,0.311312,0.300900,0.010412,0.000000,synthetic_chat_design_preset
10.04,0.314826,0.301200,0.013626,0.000000,synthetic_chat_design_preset
10.05,0.318125,0.301500,0.016625,0.000000,synthetic_chat_design_preset
10.06,0.321162,0.301800,0.019362,0.000000,synthetic_chat_design_preset
10.07,0.323893,0.302100,0.021793,0.000000,synthetic_chat_design_preset
10.08,0.326281,0.302400,0.023881,0.000000,synthetic_chat_design_preset
10.09,0.328292,0.302700,0.025592,0.000000,synthetic_chat_design_preset
10.10,0.329900,0.303000,0.026900,0.000000,synthetic_chat_design_preset
10.11,0.331083,0.303300,0.027783,0.000000,synthetic_chat_design_preset
10.12,0.331828,0.303600,0.028228,0.000000,synthetic_chat_design_preset
10.13,0.332128,0.303900,0.028228,0.000000,synthetic_chat_design_preset
10.14,0.331983,0.304200,0.027783,0.000000,synthetic_chat_design_preset
10.15,0.331400,0.304500,0.026900,0.000000,synthetic_chat_design_preset
10.16,0.330392,0.304800,0.025592,0.000000,synthetic_chat_design_preset
10.17,0.328981,0.305100,0.023881,0.000000,synthetic_chat_design_preset
10.18,0.327193,0.305400,0.021793,0.000000,synthetic_chat_design_preset
10.19,0.325062,0.305700,0.019362,0.000000,synthetic_chat_design_preset
10.20,0.322625,0.306000,0.016625,0.000000,synthetic_chat_design_preset
10.21,0.319926,0.306300,0.013626,0.000000,synthetic_chat_design_preset
10.22,0.317012,0.306600,0.010412,0.000000,synthetic_chat_design_preset
10.23,0.313934,0.306900,0.007034,0.000000,synthetic_chat_design_preset
10.24,0.310745,0.307200,0.003545,0.000000,synthetic_chat_design_preset
10.25,0.307500,0.307500,0.000000,0.000000,synthetic_chat_design_preset
10.26,0.304255,0.307800,-0.003545,0.000000,synthetic_chat_design_preset
10.27,0.301066,0.308100,-0.007034,0.000000,synthetic_chat_design_preset
10.28,0.297988,0.308400,-0.010412,0.000000,synthetic_chat_design_preset
10.29,0.295074,0.308700,-0.013626,0.000000,synthetic_chat_design_preset
10.30,0.292375,0.309000,-0.016625,0.000000,synthetic_chat_design_preset
10.31,0.289938,0.309300,-0.019362,0.000000,synthetic_chat_design_preset
10.32,0.287807,0.309600,-0.021793,0.000000,synthetic_chat_design_preset
10.33,0.286019,0.309900,-0.023881,0.000000,synthetic_chat_design_preset
10.34,0.284608,0.310200,-0.025592,0.000000,synthetic_chat_design_preset
10.35,0.283600,0.310500,-0.026900,0.000000,synthetic_chat_design_preset
10.36,0.283017,0.310800,-0.027783,0.000000,synthetic_chat_design_preset
10.37,0.282872,0.311100,-0.028228,0.000000,synthetic_chat_design_preset
10.38,0.283172,0.311400,-0.028228,0.000000,synthetic_chat_design_preset
10.39,0.283917,0.311700,-0.027783,0.000000,synthetic_chat_design_preset
10.40,0.285100,0.312000,-0.026900,0.000000,synthetic_chat_design_preset
10.41,0.286708,0.312300,-0.025592,0.000000,synthetic_chat_design_preset
10.42,0.288719,0.312600,-0.023881,0.000000,synthetic_chat_design_preset
10.43,0.291107,0.312900,-0.021793,0.000000,synthetic_chat_design_preset
10.44,0.293838,0.313200,-0.019362,0.000000,synthetic_chat_design_preset
10.45,0.296875,0.313500,-0.016625,0.000000,synthetic_chat_design_preset
10.46,0.300174,0.313800,-0.013626,0.000000,synthetic_chat_design_preset
10.47,0.303688,0.314100,-0.010412,0.000000,synthetic_chat_design_preset
10.48,0.307366,0.314400,-0.007034,0.000000,synthetic_chat_design_preset
10.49,0.311155,0.314700,-0.003545,0.000000,synthetic_chat_design_preset
10.50,0.315000,0.315000,0.000000,0.000000,synthetic_chat_design_preset
10.51,0.318845,0.315300,0.003545,0.000000,synthetic_chat_design_preset
10.52,0.322634,0.315600,0.007034,0.000000,synthetic_chat_design_preset
10.53,0.326312,0.315900,0.010412,0.000000,synthetic_chat_design_preset
10.54,0.329826,0.316200,0.013626,0.000000,synthetic_chat_design_preset
10.55,0.333125,0.316500,0.016625,0.000000,synthetic_chat_design_preset
10.56,0.336162,0.316800,0.019362,0.000000,synthetic_chat_design_preset
10.57,0.338893,0.317100,0.021793,0.000000,synthetic_chat_design_preset
10.58,0.341281,0.317400,0.023881,0.000000,synthetic_chat_design_preset
10.59,0.343292,0.317700,0.025592,0.000000,synthetic_chat_design_preset
10.60,0.344900,0.318000,0.026900,0.000000,synthetic_chat_design_preset
10.61,0.346083,0.318300,0.027783,0.000000,synthetic_chat_design_preset
10.62,0.346828,0.318600,0.028228,0.000000,synthetic_chat_design_preset
10.63,0.347128,0.318900,0.028228,0.000000,synthetic_chat_design_preset
10.64,0.346983,0.319200,0.027783,0.000000,synthetic_chat_design_preset
10.65,0.346400,0.319500,0.026900,0.000000,synthetic_chat_design_preset
10.66,0.345392,0.319800,0.025592,0.000000,synthetic_chat_design_preset
10.67,0.343981,0.320100,0.023881,0.000000,synthetic_chat_design_preset
10.68,0.342193,0.320400,0.021793,0.000000,synthetic_chat_design_preset
10.69,0.340062,0.320700,0.019362,0.000000,synthetic_chat_design_preset
10.70,0.337625,0.321000,0.016625,0.000000,synthetic_chat_design_preset
10.71,0.334926,0.321300,0.013626,0.000000,synthetic_chat_design_preset
10.72,0.332012,0.321600,0.010412,0.000000,synthetic_chat_design_preset
10.73,0.328934,0.321900,0.007034,0.000000,synthetic_chat_design_preset
10.74,0.325745,0.322200,0.003545,0.000000,synthetic_chat_design_preset
10.75,0.322500,0.322500,0.000000,0.000000,synthetic_chat_design_preset
10.76,0.319255,0.322800,-0.003545,0.000000,synthetic_chat_design_preset
10.77,0.316066,0.323100,-0.007034,0.000000,synthetic_chat_design_preset
10.78,0.312988,0.323400,-0.010412,0.000000,synthetic_chat_design_preset
10.79,0.310074,0.323700,-0.013626,0.000000,synthetic_chat_design_preset
10.80,0.307375,0.324000,-0.016625,0.000000,synthetic_chat_design_preset
10.81,0.304938,0.324300,-0.019362,0.000000,synthetic_chat_design_preset
10.82,0.302807,0.324600,-0.021793,0.000000,synthetic_chat_design_preset
10.83,0.301019,0.324900,-0.023881,0.000000,synthetic_chat_design_preset
10.84,0.299608,0.325200,-0.025592,0.000000,synthetic_chat_design_preset
10.85,0.298600,0.325500,-0.026900,0.000000,synthetic_chat_design_preset
10.86,0.298017,0.325800,-0.027783,0.000000,synthetic_chat_design_preset
10.87,0.297872,0.326100,-0.028228,0.000000,synthetic_chat_design_preset
10.88,0.298172,0.326400,-0.028228,0.000000,synthetic_chat_design_preset
10.89,0.298917,0.326700,-0.027783,0.000000,synthetic_chat_design_preset
10.90,0.300100,0.327000,-0.026900,0.000000,synthetic_chat_design_preset
10.91,0.301708,0.327300,-0.025592,0.000000,synthetic_chat_design_preset
10.92,0.303719,0.327600,-0.023881,0.000000,synthetic_chat_design_preset
10.93,0.306107,0.327900,-0.021793,0.000000,synthetic_chat_design_preset
10.94,0.308838,0.328200,-0.019362,0.000000,synthetic_chat_design_preset
10.95,0.311875,0.328500,-0.016625,0.000000,synthetic_chat_design_preset
10.96,0.315174,0.328800,-0.013626,0.000000,synthetic_chat_design_preset
10.97,0.318688,0.329100,-0.010412,0.000000,synthetic_chat_design_preset
10.98,0.322366,0.329400,-0.007034,0.000000,synthetic_chat_design_preset
10.99,0.326155,0.329700,-0.003545,0.000000,synthetic_chat_design_preset
11.00,0.330000,0.330000,-0.000000,0.000000,synthetic_chat_design_preset
11.01,0.333845,0.330300,0.003545,0.000000,synthetic_chat_design_preset
11.02,0.337634,0.330600,0.007034,0.000000,synthetic_chat_design_preset
11.03,0.341312,0.330900,0.010412,0.000000,synthetic_chat_design_preset
11.04,0.344826,0.331200,0.013626,0.000000,synthetic_chat_design_preset
11.05,0.348125,0.331500,0.016625,0.000000,synthetic_chat_design_preset
11.06,0.351162,0.331800,0.019362,0.000000,synthetic_chat_design_preset
11.07,0.353893,0.332100,0.021793,0.000000,synthetic_chat_design_preset
11.08,0.356281,0.332400,0.023881,0.000000,synthetic_chat_design_preset
11.09,0.358292,0.332700,0.025592,0.000000,synthetic_chat_design_preset
11.10,0.359900,0.333000,0.026900,0.000000,synthetic_chat_design_preset
11.11,0.361083,0.333300,0.027783,0.000000,synthetic_chat_design_preset
11.12,0.361828,0.333600,0.028228,0.000000,synthetic_chat_design_preset
11.13,0.362128,0.333900,0.028228,0.000000,synthetic_chat_design_preset
11.14,0.361983,0.334200,0.027783,0.000000,synthetic_chat_design_preset
11.15,0.361400,0.334500,0.026900,0.000000,synthetic_chat_design_preset
11.16,0.360392,0.334800,0.025592,0.000000,synthetic_chat_design_preset
11.17,0.358981,0.335100,0.023881,0.000000,synthetic_chat_design_preset
11.18,0.357193,0.335400,0.021793,0.000000,synthetic_chat_design_preset
11.19,0.355062,0.335700,0.019362,0.000000,synthetic_chat_design_preset
11.20,0.352625,0.336000,0.016625,0.000000,synthetic_chat_design_preset
11.21,0.349926,0.336300,0.013626,0.000000,synthetic_chat_design_preset
11.22,0.347012,0.336600,0.010412,0.000000,synthetic_chat_design_preset
11.23,0.343934,0.336900,0.007034,0.000000,synthetic_chat_design_preset
11.24,0.340745,0.337200,0.003545,0.000000,synthetic_chat_design_preset
11.25,0.337500,0.337500,0.000000,0.000000,synthetic_chat_design_preset
11.26,0.334255,0.337800,-0.003545,0.000000,synthetic_chat_design_preset
11.27,0.331066,0.338100,-0.007034,0.000000,synthetic_chat_design_preset
11.28,0.327988,0.338400,-0.010412,0.000000,synthetic_chat_design_preset
11.29,0.325074,0.338700,-0.013626,0.000000,synthetic_chat_design_preset
11.30,0.322375,0.339000,-0.016625,0.000000,synthetic_chat_design_preset
11.31,0.319938,0.339300,-0.019362,0.000000,synthetic_chat_design_preset
11.32,0.317807,0.339600,-0.021793,0.000000,synthetic_chat_design_preset
11.33,0.316019,0.339900,-0.023881,0.000000,synthetic_chat_design_preset
11.34,0.314608,0.340200,-0.025592,0.000000,synthetic_chat_design_preset
11.35,0.313600,0.340500,-0.026900,0.000000,synthetic_chat_design_preset
11.36,0.313017,0.340800,-0.027783,0.000000,synthetic_chat_design_preset
11.37,0.312872,0.341100,-0.028228,0.000000,synthetic_chat_design_preset
11.38,0.313172,0.341400,-0.028228,0.000000,synthetic_chat_design_preset
11.39,0.313917,0.341700,-0.027783,0.000000,synthetic_chat_design_preset
11.40,0.315100,0.342000,-0.026900,0.000000,synthetic_chat_design_preset
11.41,0.316708,0.342300,-0.025592,0.000000,synthetic_chat_design_preset
11.42,0.318719,0.342600,-0.023881,0.000000,synthetic_chat_design_preset
11.43,0.321107,0.342900,-0.021793,0.000000,synthetic_chat_design_preset
11.44,0.323838,0.343200,-0.019362,0.000000,synthetic_chat_design_preset
11.45,0.326875,0.343500,-0.016625,0.000000,synthetic_chat_design_preset
11.46,0.330174,0.343800,-0.013626,0.000000,synthetic_chat_design_preset
11.47,0.333688,0.344100,-0.010412,0.000000,synthetic_chat_design_preset
11.48,0.337366,0.344400,-0.007034,0.000000,synthetic_chat_design_preset
11.49,0.341155,0.344700,-0.003545,0.000000,synthetic_chat_design_preset
11.50,0.345000,0.345000,-0.000000,0.000000,synthetic_chat_design_preset
11.51,0.348845,0.345300,0.003545,0.000000,synthetic_chat_design_preset
11.52,0.352634,0.345600,0.007034,0.000000,synthetic_chat_design_preset
11.53,0.356312,0.345900,0.010412,0.000000,synthetic_chat_design_preset
11.54,0.359826,0.346200,0.013626,0.000000,synthetic_chat_design_preset
11.55,0.363125,0.346500,0.016625,0.000000,synthetic_chat_design_preset
11.56,0.366162,0.346800,0.019362,0.000000,synthetic_chat_design_preset
11.57,0.368893,0.347100,0.021793,0.000000,synthetic_chat_design_preset
11.58,0.371281,0.347400,0.023881,0.000000,synthetic_chat_design_preset
11.59,0.373292,0.347700,0.025592,0.000000,synthetic_chat_design_preset
11.60,0.374900,0.348000,0.026900,0.000000,synthetic_chat_design_preset
11.61,0.376083,0.348300,0.027783,0.000000,synthetic_chat_design_preset
11.62,0.376828,0.348600,0.028228,0.000000,synthetic_chat_design_preset
11.63,0.377128,0.348900,0.028228,0.000000,synthetic_chat_design_preset
11.64,0.376983,0.349200,0.027783,0.000000,synthetic_chat_design_preset
11.65,0.376400,0.349500,0.026900,0.000000,synthetic_chat_design_preset
11.66,0.375392,0.349800,0.025592,0.000000,synthetic_chat_design_preset
11.67,0.373981,0.350100,0.023881,0.000000,synthetic_chat_design_preset
11.68,0.372193,0.350400,0.021793,0.000000,synthetic_chat_design_preset
11.69,0.370062,0.350700,0.019362,0.000000,synthetic_chat_design_preset
11.70,0.367625,0.351000,0.016625,0.000000,synthetic_chat_design_preset
11.71,0.364926,0.351300,0.013626,0.000000,synthetic_chat_design_preset
11.72,0.362012,0.351600,0.010412,0.000000,synthetic_chat_design_preset
11.73,0.358934,0.351900,0.007034,0.000000,synthetic_chat_design_preset
11.74,0.355745,0.352200,0.003545,0.000000,synthetic_chat_design_preset
11.75,0.352500,0.352500,-0.000000,0.000000,synthetic_chat_design_preset
11.76,0.349255,0.352800,-0.003545,0.000000,synthetic_chat_design_preset
11.77,0.346066,0.353100,-0.007034,0.000000,synthetic_chat_design_preset
11.78,0.342988,0.353400,-0.010412,0.000000,synthetic_chat_design_preset
11.79,0.340074,0.353700,-0.013626,0.000000,synthetic_chat_design_preset
11.80,0.337375,0.354000,-0.016625,0.000000,synthetic_chat_design_preset
11.81,0.334938,0.354300,-0.019362,0.000000,synthetic_chat_design_preset
11.82,0.332807,0.354600,-0.021793,0.000000,synthetic_chat_design_preset
11.83,0.331019,0.354900,-0.023881,0.000000,synthetic_chat_design_preset
11.84,0.329608,0.355200,-0.025592,0.000000,synthetic_chat_design_preset
11.85,0.328600,0.355500,-0.026900,0.000000,synthetic_chat_design_preset
11.86,0.328017,0.355800,-0.027783,0.000000,synthetic_chat_design_preset
11.87,0.327872,0.356100,-0.028228,0.000000,synthetic_chat_design_preset
11.88,0.328172,0.356400,-0.028228,0.000000,synthetic_chat_design_preset
11.89,0.328917,0.356700,-0.027783,0.000000,synthetic_chat_design_preset
11.90,0.330100,0.357000,-0.026900,0.000000,synthetic_chat_design_preset
11.91,0.331708,0.357300,-0.025592,0.000000,synthetic_chat_design_preset
11.92,0.333719,0.357600,-0.023881,0.000000,synthetic_chat_design_preset
11.93,0.336107,0.357900,-0.021793,0.000000,synthetic_chat_design_preset
11.94,0.338838,0.358200,-0.019362,0.000000,synthetic_chat_design_preset
11.95,0.341875,0.358500,-0.016625,0.000000,synthetic_chat_design_preset
11.96,0.345174,0.358800,-0.013626,0.000000,synthetic_chat_design_preset
11.97,0.348688,0.359100,-0.010412,0.000000,synthetic_chat_design_preset
11.98,0.352366,0.359400,-0.007034,0.000000,synthetic_chat_design_preset
11.99,0.356155,0.359700,-0.003545,0.000000,synthetic_chat_design_preset
12.00,0.360000,0.360000,-0.000000,0.000000,synthetic_chat_design_preset
12.01,0.363845,0.360300,0.003545,0.000000,synthetic_chat_design_preset
12.02,0.367634,0.360600,0.007034,0.000000,synthetic_chat_design_preset
12.03,0.371312,0.360900,0.010412,0.000000,synthetic_chat_design_preset
12.04,0.374826,0.361200,0.013626,0.000000,synthetic_chat_design_preset
12.05,0.378125,0.361500,0.016625,0.000000,synthetic_chat_design_preset
12.06,0.381162,0.361800,0.019362,0.000000,synthetic_chat_design_preset
12.07,0.383893,0.362100,0.021793,0.000000,synthetic_chat_design_preset
12.08,0.386281,0.362400,0.023881,0.000000,synthetic_chat_design_preset
12.09,0.388292,0.362700,0.025592,0.000000,synthetic_chat_design_preset
12.10,0.389900,0.363000,0.026900,0.000000,synthetic_chat_design_preset
12.11,0.391083,0.363300,0.027783,0.000000,synthetic_chat_design_preset
12.12,0.391828,0.363600,0.028228,0.000000,synthetic_chat_design_preset
12.13,0.392128,0.363900,0.028228,0.000000,synthetic_chat_design_preset
12.14,0.391983,0.364200,0.027783,0.000000,synthetic_chat_design_preset
12.15,0.391400,0.364500,0.026900,0.000000,synthetic_chat_design_preset
12.16,0.390392,0.364800,0.025592,0.000000,synthetic_chat_design_preset
12.17,0.388981,0.365100,0.023881,0.000000,synthetic_chat_design_preset
12.18,0.387193,0.365400,0.021793,0.000000,synthetic_chat_design_preset
12.19,0.385062,0.365700,0.019362,0.000000,synthetic_chat_design_preset
12.20,0.382625,0.366000,0.016625,0.000000,synthetic_chat_design_preset
12.21,0.379926,0.366300,0.013626,0.000000,synthetic_chat_design_preset
12.22,0.377012,0.366600,0.010412,0.000000,synthetic_chat_design_preset
12.23,0.373934,0.366900,0.007034,0.000000,synthetic_chat_design_preset
12.24,0.370745,0.367200,0.003545,0.000000,synthetic_chat_design_preset
12.25,0.367500,0.367500,0.000000,0.000000,synthetic_chat_design_preset
12.26,0.364255,0.367800,-0.003545,0.000000,synthetic_chat_design_preset
12.27,0.361066,0.368100,-0.007034,0.000000,synthetic_chat_design_preset
12.28,0.357988,0.368400,-0.010412,0.000000,synthetic_chat_design_preset
12.29,0.355074,0.368700,-0.013626,0.000000,synthetic_chat_design_preset
12.30,0.352375,0.369000,-0.016625,0.000000,synthetic_chat_design_preset
12.31,0.349938,0.369300,-0.019362,0.000000,synthetic_chat_design_preset
12.32,0.347807,0.369600,-0.021793,0.000000,synthetic_chat_design_preset
12.33,0.346019,0.369900,-0.023881,0.000000,synthetic_chat_design_preset
12.34,0.344608,0.370200,-0.025592,0.000000,synthetic_chat_design_preset
12.35,0.343600,0.370500,-0.026900,0.000000,synthetic_chat_design_preset
12.36,0.343017,0.370800,-0.027783,0.000000,synthetic_chat_design_preset
12.37,0.342872,0.371100,-0.028228,0.000000,synthetic_chat_design_preset
12.38,0.343172,0.371400,-0.028228,0.000000,synthetic_chat_design_preset
12.39,0.343917,0.371700,-0.027783,0.000000,synthetic_chat_design_preset
12.40,0.345100,0.372000,-0.026900,0.000000,synthetic_chat_design_preset
12.41,0.346708,0.372300,-0.025592,0.000000,synthetic_chat_design_preset
12.42,0.348719,0.372600,-0.023881,0.000000,synthetic_chat_design_preset
12.43,0.351107,0.372900,-0.021793,0.000000,synthetic_chat_design_preset
12.44,0.353838,0.373200,-0.019362,0.000000,synthetic_chat_design_preset
12.45,0.356875,0.373500,-0.016625,0.000000,synthetic_chat_design_preset
12.46,0.360174,0.373800,-0.013626,0.000000,synthetic_chat_design_preset
12.47,0.363688,0.374100,-0.010412,0.000000,synthetic_chat_design_preset
12.48,0.367366,0.374400,-0.007034,0.000000,synthetic_chat_design_preset
12.49,0.371155,0.374700,-0.003545,0.000000,synthetic_chat_design_preset
12.50,0.375000,0.375000,0.000000,0.000000,synthetic_chat_design_preset
12.51,0.378845,0.375300,0.003545,0.000000,synthetic_chat_design_preset
12.52,0.382634,0.375600,0.007034,0.000000,synthetic_chat_design_preset
12.53,0.386312,0.375900,0.010412,0.000000,synthetic_chat_design_preset
12.54,0.389826,0.376200,0.013626,0.000000,synthetic_chat_design_preset
12.55,0.393125,0.376500,0.016625,0.000000,synthetic_chat_design_preset
12.56,0.396162,0.376800,0.019362,0.000000,synthetic_chat_design_preset
12.57,0.398893,0.377100,0.021793,0.000000,synthetic_chat_design_preset
12.58,0.401281,0.377400,0.023881,0.000000,synthetic_chat_design_preset
12.59,0.403292,0.377700,0.025592,0.000000,synthetic_chat_design_preset
12.60,0.404900,0.378000,0.026900,0.000000,synthetic_chat_design_preset
12.61,0.406083,0.378300,0.027783,0.000000,synthetic_chat_design_preset
12.62,0.406828,0.378600,0.028228,0.000000,synthetic_chat_design_preset
12.63,0.407128,0.378900,0.028228,0.000000,synthetic_chat_design_preset
12.64,0.406983,0.379200,0.027783,0.000000,synthetic_chat_design_preset
12.65,0.406400,0.379500,0.026900,0.000000,synthetic_chat_design_preset
12.66,0.405392,0.379800,0.025592,0.000000,synthetic_chat_design_preset
12.67,0.403981,0.380100,0.023881,0.000000,synthetic_chat_design_preset
12.68,0.402193,0.380400,0.021793,0.000000,synthetic_chat_design_preset
12.69,0.400062,0.380700,0.019362,0.000000,synthetic_chat_design_preset
12.70,0.397625,0.381000,0.016625,0.000000,synthetic_chat_design_preset
12.71,0.394926,0.381300,0.013626,0.000000,synthetic_chat_design_preset
12.72,0.392012,0.381600,0.010412,0.000000,synthetic_chat_design_preset
12.73,0.388934,0.381900,0.007034,0.000000,synthetic_chat_design_preset
12.74,0.385745,0.382200,0.003545,0.000000,synthetic_chat_design_preset
12.75,0.382500,0.382500,0.000000,0.000000,synthetic_chat_design_preset
12.76,0.379255,0.382800,-0.003545,0.000000,synthetic_chat_design_preset
12.77,0.376066,0.383100,-0.007034,0.000000,synthetic_chat_design_preset
12.78,0.372988,0.383400,-0.010412,0.000000,synthetic_chat_design_preset
12.79,0.370074,0.383700,-0.013626,0.000000,synthetic_chat_design_preset
12.80,0.367375,0.384000,-0.016625,0.000000,synthetic_chat_design_preset
12.81,0.364938,0.384300,-0.019362,0.000000,synthetic_chat_design_preset
12.82,0.362807,0.384600,-0.021793,0.000000,synthetic_chat_design_preset
12.83,0.361019,0.384900,-0.023881,0.000000,synthetic_chat_design_preset
12.84,0.359608,0.385200,-0.025592,0.000000,synthetic_chat_design_preset
12.85,0.358600,0.385500,-0.026900,0.000000,synthetic_chat_design_preset
12.86,0.358017,0.385800,-0.027783,0.000000,synthetic_chat_design_preset
12.87,0.357872,0.386100,-0.028228,0.000000,synthetic_chat_design_preset
12.88,0.358172,0.386400,-0.028228,0.000000,synthetic_chat_design_preset
12.89,0.358917,0.386700,-0.027783,0.000000,synthetic_chat_design_preset
12.90,0.360100,0.387000,-0.026900,0.000000,synthetic_chat_design_preset
12.91,0.361708,0.387300,-0.025592,0.000000,synthetic_chat_design_preset
12.92,0.363719,0.387600,-0.023881,0.000000,synthetic_chat_design_preset
12.93,0.366107,0.387900,-0.021793,0.000000,synthetic_chat_design_preset
12.94,0.368838,0.388200,-0.019362,0.000000,synthetic_chat_design_preset
12.95,0.371875,0.388500,-0.016625,0.000000,synthetic_chat_design_preset
12.96,0.375174,0.388800,-0.013626,0.000000,synthetic_chat_design_preset
12.97,0.378688,0.389100,-0.010412,0.000000,synthetic_chat_design_preset
12.98,0.382366,0.389400,-0.007034,0.000000,synthetic_chat_design_preset
12.99,0.386155,0.389700,-0.003545,0.000000,synthetic_chat_design_preset
13.00,0.390000,0.390000,0.000000,0.000000,synthetic_chat_design_preset
13.01,0.393845,0.390300,0.003545,0.000000,synthetic_chat_design_preset
13.02,0.397634,0.390600,0.007034,0.000000,synthetic_chat_design_preset
13.03,0.401312,0.390900,0.010412,0.000000,synthetic_chat_design_preset
13.04,0.404826,0.391200,0.013626,0.000000,synthetic_chat_design_preset
13.05,0.408125,0.391500,0.016625,0.000000,synthetic_chat_design_preset
13.06,0.411162,0.391800,0.019362,0.000000,synthetic_chat_design_preset
13.07,0.413893,0.392100,0.021793,0.000000,synthetic_chat_design_preset
13.08,0.416281,0.392400,0.023881,0.000000,synthetic_chat_design_preset
13.09,0.418292,0.392700,0.025592,0.000000,synthetic_chat_design_preset
13.10,0.419900,0.393000,0.026900,0.000000,synthetic_chat_design_preset
13.11,0.421083,0.393300,0.027783,0.000000,synthetic_chat_design_preset
13.12,0.421828,0.393600,0.028228,0.000000,synthetic_chat_design_preset
13.13,0.422128,0.393900,0.028228,0.000000,synthetic_chat_design_preset
13.14,0.421983,0.394200,0.027783,0.000000,synthetic_chat_design_preset
13.15,0.421400,0.394500,0.026900,0.000000,synthetic_chat_design_preset
13.16,0.420392,0.394800,0.025592,0.000000,synthetic_chat_design_preset
13.17,0.418981,0.395100,0.023881,0.000000,synthetic_chat_design_preset
13.18,0.417193,0.395400,0.021793,0.000000,synthetic_chat_design_preset
13.19,0.415062,0.395700,0.019362,0.000000,synthetic_chat_design_preset
13.20,0.412625,0.396000,0.016625,0.000000,synthetic_chat_design_preset
13.21,0.409926,0.396300,0.013626,0.000000,synthetic_chat_design_preset
13.22,0.407012,0.396600,0.010412,0.000000,synthetic_chat_design_preset
13.23,0.403934,0.396900,0.007034,0.000000,synthetic_chat_design_preset
13.24,0.400745,0.397200,0.003545,0.000000,synthetic_chat_design_preset
13.25,0.397500,0.397500,0.000000,0.000000,synthetic_chat_design_preset
13.26,0.394255,0.397800,-0.003545,0.000000,synthetic_chat_design_preset
13.27,0.391066,0.398100,-0.007034,0.000000,synthetic_chat_design_preset
13.28,0.387988,0.398400,-0.010412,0.000000,synthetic_chat_design_preset
13.29,0.385074,0.398700,-0.013626,0.000000,synthetic_chat_design_preset
13.30,0.382375,0.399000,-0.016625,0.000000,synthetic_chat_design_preset
13.31,0.379938,0.399300,-0.019362,0.000000,synthetic_chat_design_preset
13.32,0.377807,0.399600,-0.021793,0.000000,synthetic_chat_design_preset
13.33,0.376019,0.399900,-0.023881,0.000000,synthetic_chat_design_preset
13.34,0.374608,0.400200,-0.025592,0.000000,synthetic_chat_design_preset
13.35,0.373600,0.400500,-0.026900,0.000000,synthetic_chat_design_preset
13.36,0.373017,0.400800,-0.027783,0.000000,synthetic_chat_design_preset
13.37,0.372872,0.401100,-0.028228,0.000000,synthetic_chat_design_preset
13.38,0.373172,0.401400,-0.028228,0.000000,synthetic_chat_design_preset
13.39,0.373917,0.401700,-0.027783,0.000000,synthetic_chat_design_preset
13.40,0.375100,0.402000,-0.026900,0.000000,synthetic_chat_design_preset
13.41,0.376708,0.402300,-0.025592,0.000000,synthetic_chat_design_preset
13.42,0.378719,0.402600,-0.023881,0.000000,synthetic_chat_design_preset
13.43,0.381107,0.402900,-0.021793,0.000000,synthetic_chat_design_preset
13.44,0.383838,0.403200,-0.019362,0.000000,synthetic_chat_design_preset
13.45,0.386875,0.403500,-0.016625,0.000000,synthetic_chat_design_preset
13.46,0.390174,0.403800,-0.013626,0.000000,synthetic_chat_design_preset
13.47,0.393688,0.404100,-0.010412,0.000000,synthetic_chat_design_preset
13.48,0.397366,0.404400,-0.007034,0.000000,synthetic_chat_design_preset
13.49,0.401155,0.404700,-0.003545,0.000000,synthetic_chat_design_preset
13.50,0.405000,0.405000,-0.000000,0.000000,synthetic_chat_design_preset
13.51,0.408845,0.405300,0.003545,0.000000,synthetic_chat_design_preset
13.52,0.412634,0.405600,0.007034,0.000000,synthetic_chat_design_preset
13.53,0.416312,0.405900,0.010412,0.000000,synthetic_chat_design_preset
13.54,0.419826,0.406200,0.013626,0.000000,synthetic_chat_design_preset
13.55,0.423125,0.406500,0.016625,0.000000,synthetic_chat_design_preset
13.56,0.426162,0.406800,0.019362,0.000000,synthetic_chat_design_preset
13.57,0.428893,0.407100,0.021793,0.000000,synthetic_chat_design_preset
13.58,0.431281,0.407400,0.023881,0.000000,synthetic_chat_design_preset
13.59,0.433292,0.407700,0.025592,0.000000,synthetic_chat_design_preset
13.60,0.434900,0.408000,0.026900,0.000000,synthetic_chat_design_preset
13.61,0.436083,0.408300,0.027783,0.000000,synthetic_chat_design_preset
13.62,0.436828,0.408600,0.028228,0.000000,synthetic_chat_design_preset
13.63,0.437128,0.408900,0.028228,0.000000,synthetic_chat_design_preset
13.64,0.436983,0.409200,0.027783,0.000000,synthetic_chat_design_preset
13.65,0.436400,0.409500,0.026900,0.000000,synthetic_chat_design_preset
13.66,0.435392,0.409800,0.025592,0.000000,synthetic_chat_design_preset
13.67,0.433981,0.410100,0.023881,0.000000,synthetic_chat_design_preset
13.68,0.432193,0.410400,0.021793,0.000000,synthetic_chat_design_preset
13.69,0.430062,0.410700,0.019362,0.000000,synthetic_chat_design_preset
13.70,0.427625,0.411000,0.016625,0.000000,synthetic_chat_design_preset
13.71,0.424926,0.411300,0.013626,0.000000,synthetic_chat_design_preset
13.72,0.422012,0.411600,0.010412,0.000000,synthetic_chat_design_preset
13.73,0.418934,0.411900,0.007034,0.000000,synthetic_chat_design_preset
13.74,0.415745,0.412200,0.003545,0.000000,synthetic_chat_design_preset
13.75,0.412500,0.412500,-0.000000,0.000000,synthetic_chat_design_preset
13.76,0.409255,0.412800,-0.003545,0.000000,synthetic_chat_design_preset
13.77,0.406066,0.413100,-0.007034,0.000000,synthetic_chat_design_preset
13.78,0.402988,0.413400,-0.010412,0.000000,synthetic_chat_design_preset
13.79,0.400074,0.413700,-0.013626,0.000000,synthetic_chat_design_preset
13.80,0.397375,0.414000,-0.016625,0.000000,synthetic_chat_design_preset
13.81,0.394938,0.414300,-0.019362,0.000000,synthetic_chat_design_preset
13.82,0.392807,0.414600,-0.021793,0.000000,synthetic_chat_design_preset
13.83,0.391019,0.414900,-0.023881,0.000000,synthetic_chat_design_preset
13.84,0.389608,0.415200,-0.025592,0.000000,synthetic_chat_design_preset
13.85,0.388600,0.415500,-0.026900,0.000000,synthetic_chat_design_preset
13.86,0.388017,0.415800,-0.027783,0.000000,synthetic_chat_design_preset
13.87,0.387872,0.416100,-0.028228,0.000000,synthetic_chat_design_preset
13.88,0.388172,0.416400,-0.028228,0.000000,synthetic_chat_design_preset
13.89,0.388917,0.416700,-0.027783,0.000000,synthetic_chat_design_preset
13.90,0.390100,0.417000,-0.026900,0.000000,synthetic_chat_design_preset
13.91,0.391708,0.417300,-0.025592,0.000000,synthetic_chat_design_preset
13.92,0.393719,0.417600,-0.023881,0.000000,synthetic_chat_design_preset
13.93,0.396107,0.417900,-0.021793,0.000000,synthetic_chat_design_preset
13.94,0.398838,0.418200,-0.019362,0.000000,synthetic_chat_design_preset
13.95,0.401875,0.418500,-0.016625,0.000000,synthetic_chat_design_preset
13.96,0.405174,0.418800,-0.013626,0.000000,synthetic_chat_design_preset
13.97,0.408688,0.419100,-0.010412,0.000000,synthetic_chat_design_preset
13.98,0.412366,0.419400,-0.007034,0.000000,synthetic_chat_design_preset
13.99,0.416155,0.419700,-0.003545,0.000000,synthetic_chat_design_preset
14.00,0.420000,0.420000,-0.000000,0.000000,synthetic_chat_design_preset
14.01,0.423845,0.420300,0.003545,0.000000,synthetic_chat_design_preset
14.02,0.427634,0.420600,0.007034,0.000000,synthetic_chat_design_preset
14.03,0.431312,0.420900,0.010412,0.000000,synthetic_chat_design_preset
14.04,0.434826,0.421200,0.013626,0.000000,synthetic_chat_design_preset
14.05,0.438125,0.421500,0.016625,0.000000,synthetic_chat_design_preset
14.06,0.441162,0.421800,0.019362,0.000000,synthetic_chat_design_preset
14.07,0.443893,0.422100,0.021793,0.000000,synthetic_chat_design_preset
14.08,0.446281,0.422400,0.023881,0.000000,synthetic_chat_design_preset
14.09,0.448292,0.422700,0.025592,0.000000,synthetic_chat_design_preset
14.10,0.449900,0.423000,0.026900,0.000000,synthetic_chat_design_preset
14.11,0.451083,0.423300,0.027783,0.000000,synthetic_chat_design_preset
14.12,0.451828,0.423600,0.028228,0.000000,synthetic_chat_design_preset
14.13,0.452128,0.423900,0.028228,0.000000,synthetic_chat_design_preset
14.14,0.451983,0.424200,0.027783,0.000000,synthetic_chat_design_preset
14.15,0.451400,0.424500,0.026900,0.000000,synthetic_chat_design_preset
14.16,0.450392,0.424800,0.025592,0.000000,synthetic_chat_design_preset
14.17,0.448981,0.425100,0.023881,0.000000,synthetic_chat_design_preset
14.18,0.447193,0.425400,0.021793,0.000000,synthetic_chat_design_preset
14.19,0.445062,0.425700,0.019362,0.000000,synthetic_chat_design_preset
14.20,0.442625,0.426000,0.016625,0.000000,synthetic_chat_design_preset
14.21,0.439926,0.426300,0.013626,0.000000,synthetic_chat_design_preset
14.22,0.437012,0.426600,0.010412,0.000000,synthetic_chat_design_preset
14.23,0.433934,0.426900,0.007034,0.000000,synthetic_chat_design_preset
14.24,0.430745,0.427200,0.003545,0.000000,synthetic_chat_design_preset
14.25,0.427500,0.427500,0.000000,0.000000,synthetic_chat_design_preset
14.26,0.424255,0.427800,-0.003545,0.000000,synthetic_chat_design_preset
14.27,0.421066,0.428100,-0.007034,0.000000,synthetic_chat_design_preset
14.28,0.417988,0.428400,-0.010412,0.000000,synthetic_chat_design_preset
14.29,0.415074,0.428700,-0.013626,0.000000,synthetic_chat_design_preset
14.30,0.412375,0.429000,-0.016625,0.000000,synthetic_chat_design_preset
14.31,0.409938,0.429300,-0.019362,0.000000,synthetic_chat_design_preset
14.32,0.407807,0.429600,-0.021793,0.000000,synthetic_chat_design_preset
14.33,0.406019,0.429900,-0.023881,0.000000,synthetic_chat_design_preset
14.34,0.404608,0.430200,-0.025592,0.000000,synthetic_chat_design_preset
14.35,0.403600,0.430500,-0.026900,0.000000,synthetic_chat_design_preset
14.36,0.403017,0.430800,-0.027783,0.000000,synthetic_chat_design_preset
14.37,0.402872,0.431100,-0.028228,0.000000,synthetic_chat_design_preset
14.38,0.403172,0.431400,-0.028228,0.000000,synthetic_chat_design_preset
14.39,0.403917,0.431700,-0.027783,0.000000,synthetic_chat_design_preset
14.40,0.405100,0.432000,-0.026900,0.000000,synthetic_chat_design_preset
14.41,0.406708,0.432300,-0.025592,0.000000,synthetic_chat_design_preset
14.42,0.408719,0.432600,-0.023881,0.000000,synthetic_chat_design_preset
14.43,0.411107,0.432900,-0.021793,0.000000,synthetic_chat_design_preset
14.44,0.413838,0.433200,-0.019362,0.000000,synthetic_chat_design_preset
14.45,0.416875,0.433500,-0.016625,0.000000,synthetic_chat_design_preset
14.46,0.420174,0.433800,-0.013626,0.000000,synthetic_chat_design_preset
14.47,0.423688,0.434100,-0.010412,0.000000,synthetic_chat_design_preset
14.48,0.427366,0.434400,-0.007034,0.000000,synthetic_chat_design_preset
14.49,0.431172,0.434700,-0.003545,0.000017,synthetic_chat_design_preset
14.50,0.435023,0.435000,0.000000,0.000023,synthetic_chat_design_preset
14.51,0.438876,0.435300,0.003545,0.000031,synthetic_chat_design_preset
14.52,0.442675,0.435600,0.007034,0.000041,synthetic_chat_design_preset
14.53,0.446368,0.435900,0.010412,0.000055,synthetic_chat_design_preset
14.54,0.449900,0.436200,0.013626,0.000074,synthetic_chat_design_preset
14.55,0.453223,0.436500,0.016625,0.000098,synthetic_chat_design_preset
14.56,0.456290,0.436800,0.019362,0.000128,synthetic_chat_design_preset
14.57,0.459061,0.437100,0.021793,0.000168,synthetic_chat_design_preset
14.58,0.461499,0.437400,0.023881,0.000218,synthetic_chat_design_preset
14.59,0.463574,0.437700,0.025592,0.000282,synthetic_chat_design_preset
14.60,0.465262,0.438000,0.026900,0.000362,synthetic_chat_design_preset
14.61,0.466545,0.438300,0.027783,0.000461,synthetic_chat_design_preset
14.62,0.467413,0.438600,0.028228,0.000585,synthetic_chat_design_preset
14.63,0.467865,0.438900,0.028228,0.000737,synthetic_chat_design_preset
14.64,0.467906,0.439200,0.027783,0.000923,synthetic_chat_design_preset
14.65,0.467548,0.439500,0.026900,0.001148,synthetic_chat_design_preset
14.66,0.466813,0.439800,0.025592,0.001420,synthetic_chat_design_preset
14.67,0.465727,0.440100,0.023881,0.001746,synthetic_chat_design_preset
14.68,0.464326,0.440400,0.021793,0.002133,synthetic_chat_design_preset
14.69,0.462652,0.440700,0.019362,0.002590,synthetic_chat_design_preset
14.70,0.460750,0.441000,0.016625,0.003125,synthetic_chat_design_preset
14.71,0.458674,0.441300,0.013626,0.003748,synthetic_chat_design_preset
14.72,0.456479,0.441600,0.010412,0.004467,synthetic_chat_design_preset
14.73,0.454226,0.441900,0.007034,0.005292,synthetic_chat_design_preset
14.74,0.451976,0.442200,0.003545,0.006231,synthetic_chat_design_preset
14.75,0.449791,0.442500,0.000000,0.007291,synthetic_chat_design_preset
14.76,0.447734,0.442800,-0.003545,0.008479,synthetic_chat_design_preset
14.77,0.445866,0.443100,-0.007034,0.009800,synthetic_chat_design_preset
14.78,0.444245,0.443400,-0.010412,0.011257,synthetic_chat_design_preset
14.79,0.442925,0.443700,-0.013626,0.012851,synthetic_chat_design_preset
14.80,0.441957,0.444000,-0.016625,0.014582,synthetic_chat_design_preset
14.81,0.441381,0.444300,-0.019362,0.016443,synthetic_chat_design_preset
14.82,0.441235,0.444600,-0.021793,0.018428,synthetic_chat_design_preset
14.83,0.441545,0.444900,-0.023881,0.020526,synthetic_chat_design_preset
14.84,0.442331,0.445200,-0.025592,0.022723,synthetic_chat_design_preset
14.85,0.443600,0.445500,-0.026900,0.025000,synthetic_chat_design_preset
14.86,0.445353,0.445800,-0.027783,0.027336,synthetic_chat_design_preset
14.87,0.447579,0.446100,-0.028228,0.029707,synthetic_chat_design_preset
14.88,0.450257,0.446400,-0.028228,0.032086,synthetic_chat_design_preset
14.89,0.453358,0.446700,-0.027783,0.034442,synthetic_chat_design_preset
14.90,0.456843,0.447000,-0.026900,0.036743,synthetic_chat_design_preset
14.91,0.460666,0.447300,-0.025592,0.038958,synthetic_chat_design_preset
14.92,0.464772,0.447600,-0.023881,0.041053,synthetic_chat_design_preset
14.93,0.469101,0.447900,-0.021793,0.042994,synthetic_chat_design_preset
14.94,0.473589,0.448200,-0.019362,0.044751,synthetic_chat_design_preset
14.95,0.478169,0.448500,-0.016625,0.046294,synthetic_chat_design_preset
14.96,0.482769,0.448800,-0.013626,0.047595,synthetic_chat_design_preset
14.97,0.487321,0.449100,-0.010412,0.048633,synthetic_chat_design_preset
14.98,0.491754,0.449400,-0.007034,0.049388,synthetic_chat_design_preset
14.99,0.496001,0.449700,-0.003545,0.049846,synthetic_chat_design_preset
15.00,0.500000,0.450000,-0.000000,0.050000,synthetic_chat_design_preset
15.01,0.503691,0.450300,0.003545,0.049846,synthetic_chat_design_preset
15.02,0.507022,0.450600,0.007034,0.049388,synthetic_chat_design_preset
15.03,0.509945,0.450900,0.010412,0.048633,synthetic_chat_design_preset
15.04,0.512421,0.451200,0.013626,0.047595,synthetic_chat_design_preset
15.05,0.514419,0.451500,0.016625,0.046294,synthetic_chat_design_preset
15.06,0.515913,0.451800,0.019362,0.044751,synthetic_chat_design_preset
15.07,0.516888,0.452100,0.021793,0.042994,synthetic_chat_design_preset
15.08,0.517334,0.452400,0.023881,0.041053,synthetic_chat_design_preset
15.09,0.517251,0.452700,0.025592,0.038958,synthetic_chat_design_preset
15.10,0.516643,0.453000,0.026900,0.036743,synthetic_chat_design_preset
15.11,0.515525,0.453300,0.027783,0.034442,synthetic_chat_design_preset
15.12,0.513914,0.453600,0.028228,0.032086,synthetic_chat_design_preset
15.13,0.511836,0.453900,0.028228,0.029707,synthetic_chat_design_preset
15.14,0.509320,0.454200,0.027783,0.027336,synthetic_chat_design_preset
15.15,0.506400,0.454500,0.026900,0.025000,synthetic_chat_design_preset
15.16,0.503115,0.454800,0.025592,0.022723,synthetic_chat_design_preset
15.17,0.499508,0.455100,0.023881,0.020526,synthetic_chat_design_preset
15.18,0.495622,0.455400,0.021793,0.018428,synthetic_chat_design_preset
15.19,0.491505,0.455700,0.019362,0.016443,synthetic_chat_design_preset
15.20,0.487207,0.456000,0.016625,0.014582,synthetic_chat_design_preset
15.21,0.482777,0.456300,0.013626,0.012851,synthetic_chat_design_preset
15.22,0.478269,0.456600,0.010412,0.011257,synthetic_chat_design_preset
15.23,0.473734,0.456900,0.007034,0.009800,synthetic_chat_design_preset
15.24,0.469224,0.457200,0.003545,0.008479,synthetic_chat_design_preset
15.25,0.464791,0.457500,0.000000,0.007291,synthetic_chat_design_preset
15.26,0.460486,0.457800,-0.003545,0.006231,synthetic_chat_design_preset
15.27,0.456358,0.458100,-0.007034,0.005292,synthetic_chat_design_preset
15.28,0.452455,0.458400,-0.010412,0.004467,synthetic_chat_design_preset
15.29,0.448822,0.458700,-0.013626,0.003748,synthetic_chat_design_preset
15.30,0.445500,0.459000,-0.016625,0.003125,synthetic_chat_design_preset
15.31,0.442528,0.459300,-0.019362,0.002590,synthetic_chat_design_preset
15.32,0.439939,0.459600,-0.021793,0.002133,synthetic_chat_design_preset
15.33,0.437765,0.459900,-0.023881,0.001746,synthetic_chat_design_preset
15.34,0.436028,0.460200,-0.025592,0.001420,synthetic_chat_design_preset
15.35,0.434748,0.460500,-0.026900,0.001148,synthetic_chat_design_preset
15.36,0.433939,0.460800,-0.027783,0.000923,synthetic_chat_design_preset
15.37,0.433608,0.461100,-0.028228,0.000737,synthetic_chat_design_preset
15.38,0.433756,0.461400,-0.028228,0.000585,synthetic_chat_design_preset
15.39,0.434378,0.461700,-0.027783,0.000461,synthetic_chat_design_preset
15.40,0.435462,0.462000,-0.026900,0.000362,synthetic_chat_design_preset
15.41,0.436989,0.462300,-0.025592,0.000282,synthetic_chat_design_preset
15.42,0.438937,0.462600,-0.023881,0.000218,synthetic_chat_design_preset
15.43,0.441275,0.462900,-0.021793,0.000168,synthetic_chat_design_preset
15.44,0.443967,0.463200,-0.019362,0.000128,synthetic_chat_design_preset
15.45,0.446973,0.463500,-0.016625,0.000098,synthetic_chat_design_preset
15.46,0.450248,0.463800,-0.013626,0.000074,synthetic_chat_design_preset
15.47,0.453743,0.464100,-0.010412,0.000055,synthetic_chat_design_preset
15.48,0.457407,0.464400,-0.007034,0.000041,synthetic_chat_design_preset
15.49,0.461186,0.464700,-0.003545,0.000031,synthetic_chat_design_preset
15.50,0.465023,0.465000,-0.000000,0.000023,synthetic_chat_design_preset
15.51,0.468845,0.465300,0.003545,0.000000,synthetic_chat_design_preset
15.52,0.472634,0.465600,0.007034,0.000000,synthetic_chat_design_preset
15.53,0.476312,0.465900,0.010412,0.000000,synthetic_chat_design_preset
15.54,0.479826,0.466200,0.013626,0.000000,synthetic_chat_design_preset
15.55,0.483125,0.466500,0.016625,0.000000,synthetic_chat_design_preset
15.56,0.486162,0.466800,0.019362,0.000000,synthetic_chat_design_preset
15.57,0.488893,0.467100,0.021793,0.000000,synthetic_chat_design_preset
15.58,0.491281,0.467400,0.023881,0.000000,synthetic_chat_design_preset
15.59,0.493292,0.467700,0.025592,0.000000,synthetic_chat_design_preset
15.60,0.494900,0.468000,0.026900,0.000000,synthetic_chat_design_preset
15.61,0.496083,0.468300,0.027783,0.000000,synthetic_chat_design_preset
15.62,0.496828,0.468600,0.028228,0.000000,synthetic_chat_design_preset
15.63,0.497128,0.468900,0.028228,0.000000,synthetic_chat_design_preset
15.64,0.496983,0.469200,0.027783,0.000000,synthetic_chat_design_preset
15.65,0.496400,0.469500,0.026900,0.000000,synthetic_chat_design_preset
15.66,0.495392,0.469800,0.025592,0.000000,synthetic_chat_design_preset
15.67,0.493981,0.470100,0.023881,0.000000,synthetic_chat_design_preset
15.68,0.492193,0.470400,0.021793,0.000000,synthetic_chat_design_preset
15.69,0.490062,0.470700,0.019362,0.000000,synthetic_chat_design_preset
15.70,0.487625,0.471000,0.016625,0.000000,synthetic_chat_design_preset
15.71,0.484926,0.471300,0.013626,0.000000,synthetic_chat_design_preset
15.72,0.482012,0.471600,0.010412,0.000000,synthetic_chat_design_preset
15.73,0.478934,0.471900,0.007034,0.000000,synthetic_chat_design_preset
15.74,0.475745,0.472200,0.003545,0.000000,synthetic_chat_design_preset
15.75,0.472500,0.472500,-0.000000,0.000000,synthetic_chat_design_preset
15.76,0.469255,0.472800,-0.003545,0.000000,synthetic_chat_design_preset
15.77,0.466066,0.473100,-0.007034,0.000000,synthetic_chat_design_preset
15.78,0.462988,0.473400,-0.010412,0.000000,synthetic_chat_design_preset
15.79,0.460074,0.473700,-0.013626,0.000000,synthetic_chat_design_preset
15.80,0.457375,0.474000,-0.016625,0.000000,synthetic_chat_design_preset
15.81,0.454938,0.474300,-0.019362,0.000000,synthetic_chat_design_preset
15.82,0.452807,0.474600,-0.021793,0.000000,synthetic_chat_design_preset
15.83,0.451019,0.474900,-0.023881,0.000000,synthetic_chat_design_preset
15.84,0.449608,0.475200,-0.025592,0.000000,synthetic_chat_design_preset
15.85,0.448600,0.475500,-0.026900,0.000000,synthetic_chat_design_preset
15.86,0.448017,0.475800,-0.027783,0.000000,synthetic_chat_design_preset
15.87,0.447872,0.476100,-0.028228,0.000000,synthetic_chat_design_preset
15.88,0.448172,0.476400,-0.028228,0.000000,synthetic_chat_design_preset
15.89,0.448917,0.476700,-0.027783,0.000000,synthetic_chat_design_preset
15.90,0.450100,0.477000,-0.026900,0.000000,synthetic_chat_design_preset
15.91,0.451708,0.477300,-0.025592,0.000000,synthetic_chat_design_preset
15.92,0.453719,0.477600,-0.023881,0.000000,synthetic_chat_design_preset
15.93,0.456107,0.477900,-0.021793,0.000000,synthetic_chat_design_preset
15.94,0.458838,0.478200,-0.019362,0.000000,synthetic_chat_design_preset
15.95,0.461875,0.478500,-0.016625,0.000000,synthetic_chat_design_preset
15.96,0.465174,0.478800,-0.013626,0.000000,synthetic_chat_design_preset
15.97,0.468688,0.479100,-0.010412,0.000000,synthetic_chat_design_preset
15.98,0.472366,0.479400,-0.007034,0.000000,synthetic_chat_design_preset
15.99,0.476155,0.479700,-0.003545,0.000000,synthetic_chat_design_preset
16.00,0.480000,0.480000,-0.000000,0.000000,synthetic_chat_design_preset
16.01,0.483845,0.480300,0.003545,0.000000,synthetic_chat_design_preset
16.02,0.487634,0.480600,0.007034,0.000000,synthetic_chat_design_preset
16.03,0.491312,0.480900,0.010412,0.000000,synthetic_chat_design_preset
16.04,0.494826,0.481200,0.013626,0.000000,synthetic_chat_design_preset
16.05,0.498125,0.481500,0.016625,0.000000,synthetic_chat_design_preset
16.06,0.501162,0.481800,0.019362,0.000000,synthetic_chat_design_preset
16.07,0.503893,0.482100,0.021793,0.000000,synthetic_chat_design_preset
16.08,0.506281,0.482400,0.023881,0.000000,synthetic_chat_design_preset
16.09,0.508292,0.482700,0.025592,0.000000,synthetic_chat_design_preset
16.10,0.509900,0.483000,0.026900,0.000000,synthetic_chat_design_preset
16.11,0.511083,0.483300,0.027783,0.000000,synthetic_chat_design_preset
16.12,0.511828,0.483600,0.028228,0.000000,synthetic_chat_design_preset
16.13,0.512128,0.483900,0.028228,0.000000,synthetic_chat_design_preset
16.14,0.511983,0.484200,0.027783,0.000000,synthetic_chat_design_preset
16.15,0.511400,0.484500,0.026900,0.000000,synthetic_chat_design_preset
16.16,0.510392,0.484800,0.025592,0.000000,synthetic_chat_design_preset
16.17,0.508981,0.485100,0.023881,0.000000,synthetic_chat_design_preset
16.18,0.507193,0.485400,0.021793,0.000000,synthetic_chat_design_preset
16.19,0.505062,0.485700,0.019362,0.000000,synthetic_chat_design_preset
16.20,0.502625,0.486000,0.016625,0.000000,synthetic_chat_design_preset
16.21,0.499926,0.486300,0.013626,0.000000,synthetic_chat_design_preset
16.22,0.497012,0.486600,0.010412,0.000000,synthetic_chat_design_preset
16.23,0.493934,0.486900,0.007034,0.000000,synthetic_chat_design_preset
16.24,0.490745,0.487200,0.003545,0.000000,synthetic_chat_design_preset
16.25,0.487500,0.487500,0.000000,0.000000,synthetic_chat_design_preset
16.26,0.484255,0.487800,-0.003545,0.000000,synthetic_chat_design_preset
16.27,0.481066,0.488100,-0.007034,0.000000,synthetic_chat_design_preset
16.28,0.477988,0.488400,-0.010412,0.000000,synthetic_chat_design_preset
16.29,0.475074,0.488700,-0.013626,0.000000,synthetic_chat_design_preset
16.30,0.472375,0.489000,-0.016625,0.000000,synthetic_chat_design_preset
16.31,0.469938,0.489300,-0.019362,0.000000,synthetic_chat_design_preset
16.32,0.467807,0.489600,-0.021793,0.000000,synthetic_chat_design_preset
16.33,0.466019,0.489900,-0.023881,0.000000,synthetic_chat_design_preset
16.34,0.464608,0.490200,-0.025592,0.000000,synthetic_chat_design_preset
16.35,0.463600,0.490500,-0.026900,0.000000,synthetic_chat_design_preset
16.36,0.463017,0.490800,-0.027783,0.000000,synthetic_chat_design_preset
16.37,0.462872,0.491100,-0.028228,0.000000,synthetic_chat_design_preset
16.38,0.463172,0.491400,-0.028228,0.000000,synthetic_chat_design_preset
16.39,0.463917,0.491700,-0.027783,0.000000,synthetic_chat_design_preset
16.40,0.465100,0.492000,-0.026900,0.000000,synthetic_chat_design_preset
16.41,0.466708,0.492300,-0.025592,0.000000,synthetic_chat_design_preset
16.42,0.468719,0.492600,-0.023881,0.000000,synthetic_chat_design_preset
16.43,0.471107,0.492900,-0.021793,0.000000,synthetic_chat_design_preset
16.44,0.473838,0.493200,-0.019362,0.000000,synthetic_chat_design_preset
16.45,0.476875,0.493500,-0.016625,0.000000,synthetic_chat_design_preset
16.46,0.480174,0.493800,-0.013626,0.000000,synthetic_chat_design_preset
16.47,0.483688,0.494100,-0.010412,0.000000,synthetic_chat_design_preset
16.48,0.487366,0.494400,-0.007034,0.000000,synthetic_chat_design_preset
16.49,0.491155,0.494700,-0.003545,0.000000,synthetic_chat_design_preset
16.50,0.495000,0.495000,-0.000000,0.000000,synthetic_chat_design_preset
16.51,0.498845,0.495300,0.003545,0.000000,synthetic_chat_design_preset
16.52,0.502634,0.495600,0.007034,0.000000,synthetic_chat_design_preset
16.53,0.506312,0.495900,0.010412,0.000000,synthetic_chat_design_preset
16.54,0.509826,0.496200,0.013626,0.000000,synthetic_chat_design_preset
16.55,0.513125,0.496500,0.016625,0.000000,synthetic_chat_design_preset
16.56,0.516162,0.496800,0.019362,0.000000,synthetic_chat_design_preset
16.57,0.518893,0.497100,0.021793,0.000000,synthetic_chat_design_preset
16.58,0.521281,0.497400,0.023881,0.000000,synthetic_chat_design_preset
16.59,0.523292,0.497700,0.025592,0.000000,synthetic_chat_design_preset
16.60,0.524900,0.498000,0.026900,0.000000,synthetic_chat_design_preset
16.61,0.526083,0.498300,0.027783,0.000000,synthetic_chat_design_preset
16.62,0.526828,0.498600,0.028228,0.000000,synthetic_chat_design_preset
16.63,0.527128,0.498900,0.028228,0.000000,synthetic_chat_design_preset
16.64,0.526983,0.499200,0.027783,0.000000,synthetic_chat_design_preset
16.65,0.526400,0.499500,0.026900,0.000000,synthetic_chat_design_preset
16.66,0.525392,0.499800,0.025592,0.000000,synthetic_chat_design_preset
16.67,0.523981,0.500100,0.023881,0.000000,synthetic_chat_design_preset
16.68,0.522193,0.500400,0.021793,0.000000,synthetic_chat_design_preset
16.69,0.520062,0.500700,0.019362,0.000000,synthetic_chat_design_preset
16.70,0.517625,0.501000,0.016625,0.000000,synthetic_chat_design_preset
16.71,0.514926,0.501300,0.013626,0.000000,synthetic_chat_design_preset
16.72,0.512012,0.501600,0.010412,0.000000,synthetic_chat_design_preset
16.73,0.508934,0.501900,0.007034,0.000000,synthetic_chat_design_preset
16.74,0.505745,0.502200,0.003545,0.000000,synthetic_chat_design_preset
16.75,0.502500,0.502500,0.000000,0.000000,synthetic_chat_design_preset
16.76,0.499255,0.502800,-0.003545,0.000000,synthetic_chat_design_preset
16.77,0.496066,0.503100,-0.007034,0.000000,synthetic_chat_design_preset
16.78,0.492988,0.503400,-0.010412,0.000000,synthetic_chat_design_preset
16.79,0.490074,0.503700,-0.013626,0.000000,synthetic_chat_design_preset
16.80,0.487375,0.504000,-0.016625,0.000000,synthetic_chat_design_preset
16.81,0.484938,0.504300,-0.019362,0.000000,synthetic_chat_design_preset
16.82,0.482807,0.504600,-0.021793,0.000000,synthetic_chat_design_preset
16.83,0.481019,0.504900,-0.023881,0.000000,synthetic_chat_design_preset
16.84,0.479608,0.505200,-0.025592,0.000000,synthetic_chat_design_preset
16.85,0.478600,0.505500,-0.026900,0.000000,synthetic_chat_design_preset
16.86,0.478017,0.505800,-0.027783,0.000000,synthetic_chat_design_preset
16.87,0.477872,0.506100,-0.028228,0.000000,synthetic_chat_design_preset
16.88,0.478172,0.506400,-0.028228,0.000000,synthetic_chat_design_preset
16.89,0.478917,0.506700,-0.027783,0.000000,synthetic_chat_design_preset
16.90,0.480100,0.507000,-0.026900,0.000000,synthetic_chat_design_preset
16.91,0.481708,0.507300,-0.025592,0.000000,synthetic_chat_design_preset
16.92,0.483719,0.507600,-0.023881,0.000000,synthetic_chat_design_preset
16.93,0.486107,0.507900,-0.021793,0.000000,synthetic_chat_design_preset
16.94,0.488838,0.508200,-0.019362,0.000000,synthetic_chat_design_preset
16.95,0.491875,0.508500,-0.016625,0.000000,synthetic_chat_design_preset
16.96,0.495174,0.508800,-0.013626,0.000000,synthetic_chat_design_preset
16.97,0.498688,0.509100,-0.010412,0.000000,synthetic_chat_design_preset
16.98,0.502366,0.509400,-0.007034,0.000000,synthetic_chat_design_preset
16.99,0.506155,0.509700,-0.003545,0.000000,synthetic_chat_design_preset
17.00,0.510000,0.510000,0.000000,0.000000,synthetic_chat_design_preset
17.01,0.513845,0.510300,0.003545,0.000000,synthetic_chat_design_preset
17.02,0.517634,0.510600,0.007034,0.000000,synthetic_chat_design_preset
17.03,0.521312,0.510900,0.010412,0.000000,synthetic_chat_design_preset
17.04,0.524826,0.511200,0.013626,0.000000,synthetic_chat_design_preset
17.05,0.528125,0.511500,0.016625,0.000000,synthetic_chat_design_preset
17.06,0.531162,0.511800,0.019362,0.000000,synthetic_chat_design_preset
17.07,0.533893,0.512100,0.021793,0.000000,synthetic_chat_design_preset
17.08,0.536281,0.512400,0.023881,0.000000,synthetic_chat_design_preset
17.09,0.538292,0.512700,0.025592,0.000000,synthetic_chat_design_preset
17.10,0.539900,0.513000,0.026900,0.000000,synthetic_chat_design_preset
17.11,0.541083,0.513300,0.027783,0.000000,synthetic_chat_design_preset
17.12,0.541828,0.513600,0.028228,0.000000,synthetic_chat_design_preset
17.13,0.542128,0.513900,0.028228,0.000000,synthetic_chat_design_preset
17.14,0.541983,0.514200,0.027783,0.000000,synthetic_chat_design_preset
17.15,0.541400,0.514500,0.026900,0.000000,synthetic_chat_design_preset
17.16,0.540392,0.514800,0.025592,0.000000,synthetic_chat_design_preset
17.17,0.538981,0.515100,0.023881,0.000000,synthetic_chat_design_preset
17.18,0.537193,0.515400,0.021793,0.000000,synthetic_chat_design_preset
17.19,0.535062,0.515700,0.019362,0.000000,synthetic_chat_design_preset
17.20,0.532625,0.516000,0.016625,0.000000,synthetic_chat_design_preset
17.21,0.529926,0.516300,0.013626,0.000000,synthetic_chat_design_preset
17.22,0.527012,0.516600,0.010412,0.000000,synthetic_chat_design_preset
17.23,0.523934,0.516900,0.007034,0.000000,synthetic_chat_design_preset
17.24,0.520745,0.517200,0.003545,0.000000,synthetic_chat_design_preset
17.25,0.517500,0.517500,0.000000,0.000000,synthetic_chat_design_preset
17.26,0.514255,0.517800,-0.003545,0.000000,synthetic_chat_design_preset
17.27,0.511066,0.518100,-0.007034,0.000000,synthetic_chat_design_preset
17.28,0.507988,0.518400,-0.010412,0.000000,synthetic_chat_design_preset
17.29,0.505074,0.518700,-0.013626,0.000000,synthetic_chat_design_preset
17.30,0.502375,0.519000,-0.016625,0.000000,synthetic_chat_design_preset
17.31,0.499938,0.519300,-0.019362,0.000000,synthetic_chat_design_preset
17.32,0.497807,0.519600,-0.021793,0.000000,synthetic_chat_design_preset
17.33,0.496019,0.519900,-0.023881,0.000000,synthetic_chat_design_preset
17.34,0.494608,0.520200,-0.025592,0.000000,synthetic_chat_design_preset
17.35,0.493600,0.520500,-0.026900,0.000000,synthetic_chat_design_preset
17.36,0.493017,0.520800,-0.027783,0.000000,synthetic_chat_design_preset
17.37,0.492872,0.521100,-0.028228,0.000000,synthetic_chat_design_preset
17.38,0.493172,0.521400,-0.028228,0.000000,synthetic_chat_design_preset
17.39,0.493917,0.521700,-0.027783,0.000000,synthetic_chat_design_preset
17.40,0.495100,0.522000,-0.026900,0.000000,synthetic_chat_design_preset
17.41,0.496708,0.522300,-0.025592,0.000000,synthetic_chat_design_preset
17.42,0.498719,0.522600,-0.023881,0.000000,synthetic_chat_design_preset
17.43,0.501107,0.522900,-0.021793,0.000000,synthetic_chat_design_preset
17.44,0.503838,0.523200,-0.019362,0.000000,synthetic_chat_design_preset
17.45,0.506875,0.523500,-0.016625,0.000000,synthetic_chat_design_preset
17.46,0.510174,0.523800,-0.013626,0.000000,synthetic_chat_design_preset
17.47,0.513688,0.524100,-0.010412,0.000000,synthetic_chat_design_preset
17.48,0.517366,0.524400,-0.007034,0.000000,synthetic_chat_design_preset
17.49,0.521155,0.524700,-0.003545,0.000000,synthetic_chat_design_preset
17.50,0.525000,0.525000,-0.000000,0.000000,synthetic_chat_design_preset
17.51,0.528845,0.525300,0.003545,0.000000,synthetic_chat_design_preset
17.52,0.532634,0.525600,0.007034,0.000000,synthetic_chat_design_preset
17.53,0.536312,0.525900,0.010412,0.000000,synthetic_chat_design_preset
17.54,0.539826,0.526200,0.013626,0.000000,synthetic_chat_design_preset
17.55,0.543125,0.526500,0.016625,0.000000,synthetic_chat_design_preset
17.56,0.546162,0.526800,0.019362,0.000000,synthetic_chat_design_preset
17.57,0.548893,0.527100,0.021793,0.000000,synthetic_chat_design_preset
17.58,0.551281,0.527400,0.023881,0.000000,synthetic_chat_design_preset
17.59,0.553292,0.527700,0.025592,0.000000,synthetic_chat_design_preset
17.60,0.554900,0.528000,0.026900,0.000000,synthetic_chat_design_preset
17.61,0.556083,0.528300,0.027783,0.000000,synthetic_chat_design_preset
17.62,0.556828,0.528600,0.028228,0.000000,synthetic_chat_design_preset
17.63,0.557128,0.528900,0.028228,0.000000,synthetic_chat_design_preset
17.64,0.556983,0.529200,0.027783,0.000000,synthetic_chat_design_preset
17.65,0.556400,0.529500,0.026900,0.000000,synthetic_chat_design_preset
17.66,0.555392,0.529800,0.025592,0.000000,synthetic_chat_design_preset
17.67,0.553981,0.530100,0.023881,0.000000,synthetic_chat_design_preset
17.68,0.552193,0.530400,0.021793,0.000000,synthetic_chat_design_preset
17.69,0.550062,0.530700,0.019362,0.000000,synthetic_chat_design_preset
17.70,0.547625,0.531000,0.016625,0.000000,synthetic_chat_design_preset
17.71,0.544926,0.531300,0.013626,0.000000,synthetic_chat_design_preset
17.72,0.542012,0.531600,0.010412,0.000000,synthetic_chat_design_preset
17.73,0.538934,0.531900,0.007034,0.000000,synthetic_chat_design_preset
17.74,0.535745,0.532200,0.003545,0.000000,synthetic_chat_design_preset
17.75,0.532500,0.532500,-0.000000,0.000000,synthetic_chat_design_preset
17.76,0.529255,0.532800,-0.003545,0.000000,synthetic_chat_design_preset
17.77,0.526066,0.533100,-0.007034,0.000000,synthetic_chat_design_preset
17.78,0.522988,0.533400,-0.010412,0.000000,synthetic_chat_design_preset
17.79,0.520074,0.533700,-0.013626,0.000000,synthetic_chat_design_preset
17.80,0.517375,0.534000,-0.016625,0.000000,synthetic_chat_design_preset
17.81,0.514938,0.534300,-0.019362,0.000000,synthetic_chat_design_preset
17.82,0.512807,0.534600,-0.021793,0.000000,synthetic_chat_design_preset
17.83,0.511019,0.534900,-0.023881,0.000000,synthetic_chat_design_preset
17.84,0.509608,0.535200,-0.025592,0.000000,synthetic_chat_design_preset
17.85,0.508600,0.535500,-0.026900,0.000000,synthetic_chat_design_preset
17.86,0.508017,0.535800,-0.027783,0.000000,synthetic_chat_design_preset
17.87,0.507872,0.536100,-0.028228,0.000000,synthetic_chat_design_preset
17.88,0.508172,0.536400,-0.028228,0.000000,synthetic_chat_design_preset
17.89,0.508917,0.536700,-0.027783,0.000000,synthetic_chat_design_preset
17.90,0.510100,0.537000,-0.026900,0.000000,synthetic_chat_design_preset
17.91,0.511708,0.537300,-0.025592,0.000000,synthetic_chat_design_preset
17.92,0.513719,0.537600,-0.023881,0.000000,synthetic_chat_design_preset
17.93,0.516107,0.537900,-0.021793,0.000000,synthetic_chat_design_preset
17.94,0.518838,0.538200,-0.019362,0.000000,synthetic_chat_design_preset
17.95,0.521875,0.538500,-0.016625,0.000000,synthetic_chat_design_preset
17.96,0.525174,0.538800,-0.013626,0.000000,synthetic_chat_design_preset
17.97,0.528688,0.539100,-0.010412,0.000000,synthetic_chat_design_preset
17.98,0.532366,0.539400,-0.007034,0.000000,synthetic_chat_design_preset
17.99,0.536155,0.539700,-0.003545,0.000000,synthetic_chat_design_preset
18.00,0.540000,0.540000,-0.000000,0.000000,synthetic_chat_design_preset
18.01,0.543845,0.540300,0.003545,0.000000,synthetic_chat_design_preset
18.02,0.547634,0.540600,0.007034,0.000000,synthetic_chat_design_preset
18.03,0.551312,0.540900,0.010412,0.000000,synthetic_chat_design_preset
18.04,0.554826,0.541200,0.013626,0.000000,synthetic_chat_design_preset
18.05,0.558125,0.541500,0.016625,0.000000,synthetic_chat_design_preset
18.06,0.561162,0.541800,0.019362,0.000000,synthetic_chat_design_preset
18.07,0.563893,0.542100,0.021793,0.000000,synthetic_chat_design_preset
18.08,0.566281,0.542400,0.023881,0.000000,synthetic_chat_design_preset
18.09,0.568292,0.542700,0.025592,0.000000,synthetic_chat_design_preset
18.10,0.569900,0.543000,0.026900,0.000000,synthetic_chat_design_preset
18.11,0.571083,0.543300,0.027783,0.000000,synthetic_chat_design_preset
18.12,0.571828,0.543600,0.028228,0.000000,synthetic_chat_design_preset
18.13,0.572128,0.543900,0.028228,0.000000,synthetic_chat_design_preset
18.14,0.571983,0.544200,0.027783,0.000000,synthetic_chat_design_preset
18.15,0.571400,0.544500,0.026900,0.000000,synthetic_chat_design_preset
18.16,0.570392,0.544800,0.025592,0.000000,synthetic_chat_design_preset
18.17,0.568981,0.545100,0.023881,0.000000,synthetic_chat_design_preset
18.18,0.567193,0.545400,0.021793,0.000000,synthetic_chat_design_preset
18.19,0.565062,0.545700,0.019362,0.000000,synthetic_chat_design_preset
18.20,0.562625,0.546000,0.016625,0.000000,synthetic_chat_design_preset
18.21,0.559926,0.546300,0.013626,0.000000,synthetic_chat_design_preset
18.22,0.557012,0.546600,0.010412,0.000000,synthetic_chat_design_preset
18.23,0.553934,0.546900,0.007034,0.000000,synthetic_chat_design_preset
18.24,0.550745,0.547200,0.003545,0.000000,synthetic_chat_design_preset
18.25,0.547500,0.547500,0.000000,0.000000,synthetic_chat_design_preset
18.26,0.544255,0.547800,-0.003545,0.000000,synthetic_chat_design_preset
18.27,0.541066,0.548100,-0.007034,0.000000,synthetic_chat_design_preset
18.28,0.537988,0.548400,-0.010412,0.000000,synthetic_chat_design_preset
18.29,0.535074,0.548700,-0.013626,0.000000,synthetic_chat_design_preset
18.30,0.532375,0.549000,-0.016625,0.000000,synthetic_chat_design_preset
18.31,0.529938,0.549300,-0.019362,0.000000,synthetic_chat_design_preset
18.32,0.527807,0.549600,-0.021793,0.000000,synthetic_chat_design_preset
18.33,0.526019,0.549900,-0.023881,0.000000,synthetic_chat_design_preset
18.34,0.524608,0.550200,-0.025592,0.000000,synthetic_chat_design_preset
18.35,0.523600,0.550500,-0.026900,0.000000,synthetic_chat_design_preset
18.36,0.523017,0.550800,-0.027783,0.000000,synthetic_chat_design_preset
18.37,0.522872,0.551100,-0.028228,0.000000,synthetic_chat_design_preset
18.38,0.523172,0.551400,-0.028228,0.000000,synthetic_chat_design_preset
18.39,0.523917,0.551700,-0.027783,0.000000,synthetic_chat_design_preset
18.40,0.525100,0.552000,-0.026900,0.000000,synthetic_chat_design_preset
18.41,0.526708,0.552300,-0.025592,0.000000,synthetic_chat_design_preset
18.42,0.528719,0.552600,-0.023881,0.000000,synthetic_chat_design_preset
18.43,0.531107,0.552900,-0.021793,0.000000,synthetic_chat_design_preset
18.44,0.533838,0.553200,-0.019362,0.000000,synthetic_chat_design_preset
18.45,0.536875,0.553500,-0.016625,0.000000,synthetic_chat_design_preset
18.46,0.540174,0.553800,-0.013626,0.000000,synthetic_chat_design_preset
18.47,0.543688,0.554100,-0.010412,0.000000,synthetic_chat_design_preset
18.48,0.547366,0.554400,-0.007034,0.000000,synthetic_chat_design_preset
18.49,0.551155,0.554700,-0.003545,0.000000,synthetic_chat_design_preset
18.50,0.555000,0.555000,-0.000000,0.000000,synthetic_chat_design_preset
18.51,0.558845,0.555300,0.003545,0.000000,synthetic_chat_design_preset
18.52,0.562634,0.555600,0.007034,0.000000,synthetic_chat_design_preset
18.53,0.566312,0.555900,0.010412,0.000000,synthetic_chat_design_preset
18.54,0.569826,0.556200,0.013626,0.000000,synthetic_chat_design_preset
18.55,0.573125,0.556500,0.016625,0.000000,synthetic_chat_design_preset
18.56,0.576162,0.556800,0.019362,0.000000,synthetic_chat_design_preset
18.57,0.578893,0.557100,0.021793,0.000000,synthetic_chat_design_preset
18.58,0.581281,0.557400,0.023881,0.000000,synthetic_chat_design_preset
18.59,0.583292,0.557700,0.025592,0.000000,synthetic_chat_design_preset
18.60,0.584900,0.558000,0.026900,0.000000,synthetic_chat_design_preset
18.61,0.586083,0.558300,0.027783,0.000000,synthetic_chat_design_preset
18.62,0.586828,0.558600,0.028228,0.000000,synthetic_chat_design_preset
18.63,0.587128,0.558900,0.028228,0.000000,synthetic_chat_design_preset
18.64,0.586983,0.559200,0.027783,0.000000,synthetic_chat_design_preset
18.65,0.586400,0.559500,0.026900,0.000000,synthetic_chat_design_preset
18.66,0.585392,0.559800,0.025592,0.000000,synthetic_chat_design_preset
18.67,0.583981,0.560100,0.023881,0.000000,synthetic_chat_design_preset
18.68,0.582193,0.560400,0.021793,0.000000,synthetic_chat_design_preset
18.69,0.580062,0.560700,0.019362,0.000000,synthetic_chat_design_preset
18.70,0.577625,0.561000,0.016625,0.000000,synthetic_chat_design_preset
18.71,0.574926,0.561300,0.013626,0.000000,synthetic_chat_design_preset
18.72,0.572012,0.561600,0.010412,0.000000,synthetic_chat_design_preset
18.73,0.568934,0.561900,0.007034,0.000000,synthetic_chat_design_preset
18.74,0.565745,0.562200,0.003545,0.000000,synthetic_chat_design_preset
18.75,0.562500,0.562500,0.000000,0.000000,synthetic_chat_design_preset
18.76,0.559255,0.562800,-0.003545,0.000000,synthetic_chat_design_preset
18.77,0.556066,0.563100,-0.007034,0.000000,synthetic_chat_design_preset
18.78,0.552988,0.563400,-0.010412,0.000000,synthetic_chat_design_preset
18.79,0.550074,0.563700,-0.013626,0.000000,synthetic_chat_design_preset
18.80,0.547375,0.564000,-0.016625,0.000000,synthetic_chat_design_preset
18.81,0.544938,0.564300,-0.019362,0.000000,synthetic_chat_design_preset
18.82,0.542807,0.564600,-0.021793,0.000000,synthetic_chat_design_preset
18.83,0.541019,0.564900,-0.023881,0.000000,synthetic_chat_design_preset
18.84,0.539608,0.565200,-0.025592,0.000000,synthetic_chat_design_preset
18.85,0.538600,0.565500,-0.026900,0.000000,synthetic_chat_design_preset
18.86,0.538017,0.565800,-0.027783,0.000000,synthetic_chat_design_preset
18.87,0.537872,0.566100,-0.028228,0.000000,synthetic_chat_design_preset
18.88,0.538172,0.566400,-0.028228,0.000000,synthetic_chat_design_preset
18.89,0.538917,0.566700,-0.027783,0.000000,synthetic_chat_design_preset
18.90,0.540100,0.567000,-0.026900,0.000000,synthetic_chat_design_preset
18.91,0.541708,0.567300,-0.025592,0.000000,synthetic_chat_design_preset
18.92,0.543719,0.567600,-0.023881,0.000000,synthetic_chat_design_preset
18.93,0.546107,0.567900,-0.021793,0.000000,synthetic_chat_design_preset
18.94,0.548838,0.568200,-0.019362,0.000000,synthetic_chat_design_preset
18.95,0.551875,0.568500,-0.016625,0.000000,synthetic_chat_design_preset
18.96,0.555174,0.568800,-0.013626,0.000000,synthetic_chat_design_preset
18.97,0.558688,0.569100,-0.010412,0.000000,synthetic_chat_design_preset
18.98,0.562366,0.569400,-0.007034,0.000000,synthetic_chat_design_preset
18.99,0.566155,0.569700,-0.003545,0.000000,synthetic_chat_design_preset
19.00,0.570000,0.570000,-0.000000,0.000000,synthetic_chat_design_preset
19.01,0.573845,0.570300,0.003545,0.000000,synthetic_chat_design_preset
19.02,0.577634,0.570600,0.007034,0.000000,synthetic_chat_design_preset
19.03,0.581312,0.570900,0.010412,0.000000,synthetic_chat_design_preset
19.04,0.584826,0.571200,0.013626,0.000000,synthetic_chat_design_preset
19.05,0.588125,0.571500,0.016625,0.000000,synthetic_chat_design_preset
19.06,0.591162,0.571800,0.019362,0.000000,synthetic_chat_design_preset
19.07,0.593893,0.572100,0.021793,0.000000,synthetic_chat_design_preset
19.08,0.596281,0.572400,0.023881,0.000000,synthetic_chat_design_preset
19.09,0.598292,0.572700,0.025592,0.000000,synthetic_chat_design_preset
19.10,0.599900,0.573000,0.026900,0.000000,synthetic_chat_design_preset
19.11,0.601083,0.573300,0.027783,0.000000,synthetic_chat_design_preset
19.12,0.601828,0.573600,0.028228,0.000000,synthetic_chat_design_preset
19.13,0.602128,0.573900,0.028228,0.000000,synthetic_chat_design_preset
19.14,0.601983,0.574200,0.027783,0.000000,synthetic_chat_design_preset
19.15,0.601400,0.574500,0.026900,0.000000,synthetic_chat_design_preset
19.16,0.600392,0.574800,0.025592,0.000000,synthetic_chat_design_preset
19.17,0.598981,0.575100,0.023881,0.000000,synthetic_chat_design_preset
19.18,0.597193,0.575400,0.021793,0.000000,synthetic_chat_design_preset
19.19,0.595062,0.575700,0.019362,0.000000,synthetic_chat_design_preset
19.20,0.592625,0.576000,0.016625,0.000000,synthetic_chat_design_preset
19.21,0.589926,0.576300,0.013626,0.000000,synthetic_chat_design_preset
19.22,0.587012,0.576600,0.010412,0.000000,synthetic_chat_design_preset
19.23,0.583934,0.576900,0.007034,0.000000,synthetic_chat_design_preset
19.24,0.580745,0.577200,0.003545,0.000000,synthetic_chat_design_preset
19.25,0.577500,0.577500,0.000000,0.000000,synthetic_chat_design_preset
19.26,0.574255,0.577800,-0.003545,0.000000,synthetic_chat_design_preset
19.27,0.571066,0.578100,-0.007034,0.000000,synthetic_chat_design_preset
19.28,0.567988,0.578400,-0.010412,0.000000,synthetic_chat_design_preset
19.29,0.565074,0.578700,-0.013626,0.000000,synthetic_chat_design_preset
19.30,0.562375,0.579000,-0.016625,0.000000,synthetic_chat_design_preset
19.31,0.559938,0.579300,-0.019362,0.000000,synthetic_chat_design_preset
19.32,0.557807,0.579600,-0.021793,0.000000,synthetic_chat_design_preset
19.33,0.556019,0.579900,-0.023881,0.000000,synthetic_chat_design_preset
19.34,0.554608,0.580200,-0.025592,0.000000,synthetic_chat_design_preset
19.35,0.553600,0.580500,-0.026900,0.000000,synthetic_chat_design_preset
19.36,0.553017,0.580800,-0.027783,0.000000,synthetic_chat_design_preset
19.37,0.552872,0.581100,-0.028228,0.000000,synthetic_chat_design_preset
19.38,0.553172,0.581400,-0.028228,0.000000,synthetic_chat_design_preset
19.39,0.553917,0.581700,-0.027783,0.000000,synthetic_chat_design_preset
19.40,0.555100,0.582000,-0.026900,0.000000,synthetic_chat_design_preset
19.41,0.556708,0.582300,-0.025592,0.000000,synthetic_chat_design_preset
19.42,0.558719,0.582600,-0.023881,0.000000,synthetic_chat_design_preset
19.43,0.561107,0.582900,-0.021793,0.000000,synthetic_chat_design_preset
19.44,0.563838,0.583200,-0.019362,0.000000,synthetic_chat_design_preset
19.45,0.566875,0.583500,-0.016625,0.000000,synthetic_chat_design_preset
19.46,0.570174,0.583800,-0.013626,0.000000,synthetic_chat_design_preset
19.47,0.573688,0.584100,-0.010412,0.000000,synthetic_chat_design_preset
19.48,0.577366,0.584400,-0.007034,0.000000,synthetic_chat_design_preset
19.49,0.581155,0.584700,-0.003545,0.000000,synthetic_chat_design_preset
19.50,0.585000,0.585000,-0.000000,0.000000,synthetic_chat_design_preset
19.51,0.588845,0.585300,0.003545,0.000000,synthetic_chat_design_preset
19.52,0.592634,0.585600,0.007034,0.000000,synthetic_chat_design_preset
19.53,0.596312,0.585900,0.010412,0.000000,synthetic_chat_design_preset
19.54,0.599826,0.586200,0.013626,0.000000,synthetic_chat_design_preset
19.55,0.603125,0.586500,0.016625,0.000000,synthetic_chat_design_preset
19.56,0.606162,0.586800,0.019362,0.000000,synthetic_chat_design_preset
19.57,0.608893,0.587100,0.021793,0.000000,synthetic_chat_design_preset
19.58,0.611281,0.587400,0.023881,0.000000,synthetic_chat_design_preset
19.59,0.613292,0.587700,0.025592,0.000000,synthetic_chat_design_preset
19.60,0.614900,0.588000,0.026900,0.000000,synthetic_chat_design_preset
19.61,0.616083,0.588300,0.027783,0.000000,synthetic_chat_design_preset
19.62,0.616828,0.588600,0.028228,0.000000,synthetic_chat_design_preset
19.63,0.617128,0.588900,0.028228,0.000000,synthetic_chat_design_preset
19.64,0.616983,0.589200,0.027783,0.000000,synthetic_chat_design_preset
19.65,0.616400,0.589500,0.026900,0.000000,synthetic_chat_design_preset
19.66,0.615392,0.589800,0.025592,0.000000,synthetic_chat_design_preset
19.67,0.613981,0.590100,0.023881,0.000000,synthetic_chat_design_preset
19.68,0.612193,0.590400,0.021793,0.000000,synthetic_chat_design_preset
19.69,0.610062,0.590700,0.019362,0.000000,synthetic_chat_design_preset
19.70,0.607625,0.591000,0.016625,0.000000,synthetic_chat_design_preset
19.71,0.604926,0.591300,0.013626,0.000000,synthetic_chat_design_preset
19.72,0.602012,0.591600,0.010412,0.000000,synthetic_chat_design_preset
19.73,0.598934,0.591900,0.007034,0.000000,synthetic_chat_design_preset
19.74,0.595745,0.592200,0.003545,0.000000,synthetic_chat_design_preset
19.75,0.592500,0.592500,-0.000000,0.000000,synthetic_chat_design_preset
19.76,0.589255,0.592800,-0.003545,0.000000,synthetic_chat_design_preset
19.77,0.586066,0.593100,-0.007034,0.000000,synthetic_chat_design_preset
19.78,0.582988,0.593400,-0.010412,0.000000,synthetic_chat_design_preset
19.79,0.580074,0.593700,-0.013626,0.000000,synthetic_chat_design_preset
19.80,0.577375,0.594000,-0.016625,0.000000,synthetic_chat_design_preset
19.81,0.574938,0.594300,-0.019362,0.000000,synthetic_chat_design_preset
19.82,0.572807,0.594600,-0.021793,0.000000,synthetic_chat_design_preset
19.83,0.571019,0.594900,-0.023881,0.000000,synthetic_chat_design_preset
19.84,0.569608,0.595200,-0.025592,0.000000,synthetic_chat_design_preset
19.85,0.568600,0.595500,-0.026900,0.000000,synthetic_chat_design_preset
19.86,0.568017,0.595800,-0.027783,0.000000,synthetic_chat_design_preset
19.87,0.567872,0.596100,-0.028228,0.000000,synthetic_chat_design_preset
19.88,0.568172,0.596400,-0.028228,0.000000,synthetic_chat_design_preset
19.89,0.568917,0.596700,-0.027783,0.000000,synthetic_chat_design_preset
19.90,0.570100,0.597000,-0.026900,0.000000,synthetic_chat_design_preset
19.91,0.571708,0.597300,-0.025592,0.000000,synthetic_chat_design_preset
19.92,0.573719,0.597600,-0.023881,0.000000,synthetic_chat_design_preset
19.93,0.576107,0.597900,-0.021793,0.000000,synthetic_chat_design_preset
19.94,0.578838,0.598200,-0.019362,0.000000,synthetic_chat_design_preset
19.95,0.581875,0.598500,-0.016625,0.000000,synthetic_chat_design_preset
19.96,0.585174,0.598800,-0.013626,0.000000,synthetic_chat_design_preset
19.97,0.588688,0.599100,-0.010412,0.000000,synthetic_chat_design_preset
19.98,0.592366,0.599400,-0.007034,0.000000,synthetic_chat_design_preset
19.99,0.596155,0.599700,-0.003545,0.000000,synthetic_chat_design_preset
20.00,0.600000,0.600000,-0.000000,0.000000,synthetic_chat_design_preset
20.01,0.603845,0.600300,0.003545,0.000000,synthetic_chat_design_preset
20.02,0.607634,0.600600,0.007034,0.000000,synthetic_chat_design_preset
20.03,0.611312,0.600900,0.010412,0.000000,synthetic_chat_design_preset
20.04,0.614826,0.601200,0.013626,0.000000,synthetic_chat_design_preset
20.05,0.618125,0.601500,0.016625,0.000000,synthetic_chat_design_preset
20.06,0.621162,0.601800,0.019362,0.000000,synthetic_chat_design_preset
20.07,0.623893,0.602100,0.021793,0.000000,synthetic_chat_design_preset
20.08,0.626281,0.602400,0.023881,0.000000,synthetic_chat_design_preset
20.09,0.628292,0.602700,0.025592,0.000000,synthetic_chat_design_preset
20.10,0.629900,0.603000,0.026900,0.000000,synthetic_chat_design_preset
20.11,0.631083,0.603300,0.027783,0.000000,synthetic_chat_design_preset
20.12,0.631828,0.603600,0.028228,0.000000,synthetic_chat_design_preset
20.13,0.632128,0.603900,0.028228,0.000000,synthetic_chat_design_preset
20.14,0.631983,0.604200,0.027783,0.000000,synthetic_chat_design_preset
20.15,0.631400,0.604500,0.026900,0.000000,synthetic_chat_design_preset
20.16,0.630392,0.604800,0.025592,0.000000,synthetic_chat_design_preset
20.17,0.628981,0.605100,0.023881,0.000000,synthetic_chat_design_preset
20.18,0.627193,0.605400,0.021793,0.000000,synthetic_chat_design_preset
20.19,0.625062,0.605700,0.019362,0.000000,synthetic_chat_design_preset
20.20,0.622625,0.606000,0.016625,0.000000,synthetic_chat_design_preset
20.21,0.619926,0.606300,0.013626,0.000000,synthetic_chat_design_preset
20.22,0.617012,0.606600,0.010412,0.000000,synthetic_chat_design_preset
20.23,0.613934,0.606900,0.007034,0.000000,synthetic_chat_design_preset
20.24,0.610745,0.607200,0.003545,0.000000,synthetic_chat_design_preset
20.25,0.607500,0.607500,0.000000,0.000000,synthetic_chat_design_preset
20.26,0.604255,0.607800,-0.003545,0.000000,synthetic_chat_design_preset
20.27,0.601066,0.608100,-0.007034,0.000000,synthetic_chat_design_preset
20.28,0.597988,0.608400,-0.010412,0.000000,synthetic_chat_design_preset
20.29,0.595074,0.608700,-0.013626,0.000000,synthetic_chat_design_preset
20.30,0.592375,0.609000,-0.016625,0.000000,synthetic_chat_design_preset
20.31,0.589938,0.609300,-0.019362,0.000000,synthetic_chat_design_preset
20.32,0.587807,0.609600,-0.021793,0.000000,synthetic_chat_design_preset
20.33,0.586019,0.609900,-0.023881,0.000000,synthetic_chat_design_preset
20.34,0.584608,0.610200,-0.025592,0.000000,synthetic_chat_design_preset
20.35,0.583600,0.610500,-0.026900,0.000000,synthetic_chat_design_preset
20.36,0.583017,0.610800,-0.027783,0.000000,synthetic_chat_design_preset
20.37,0.582872,0.611100,-0.028228,0.000000,synthetic_chat_design_preset
20.38,0.583172,0.611400,-0.028228,0.000000,synthetic_chat_design_preset
20.39,0.583917,0.611700,-0.027783,0.000000,synthetic_chat_design_preset
20.40,0.585100,0.612000,-0.026900,0.000000,synthetic_chat_design_preset
20.41,0.586708,0.612300,-0.025592,0.000000,synthetic_chat_design_preset
20.42,0.588719,0.612600,-0.023881,0.000000,synthetic_chat_design_preset
20.43,0.591107,0.612900,-0.021793,0.000000,synthetic_chat_design_preset
20.44,0.593838,0.613200,-0.019362,0.000000,synthetic_chat_design_preset
20.45,0.596875,0.613500,-0.016625,0.000000,synthetic_chat_design_preset
20.46,0.600174,0.613800,-0.013626,0.000000,synthetic_chat_design_preset
20.47,0.603688,0.614100,-0.010412,0.000000,synthetic_chat_design_preset
20.48,0.607366,0.614400,-0.007034,0.000000,synthetic_chat_design_preset
20.49,0.611155,0.614700,-0.003545,0.000000,synthetic_chat_design_preset
20.50,0.615000,0.615000,-0.000000,0.000000,synthetic_chat_design_preset
20.51,0.618845,0.615300,0.003545,0.000000,synthetic_chat_design_preset
20.52,0.622634,0.615600,0.007034,0.000000,synthetic_chat_design_preset
20.53,0.626312,0.615900,0.010412,0.000000,synthetic_chat_design_preset
20.54,0.629826,0.616200,0.013626,0.000000,synthetic_chat_design_preset
20.55,0.633125,0.616500,0.016625,0.000000,synthetic_chat_design_preset
20.56,0.636162,0.616800,0.019362,0.000000,synthetic_chat_design_preset
20.57,0.638893,0.617100,0.021793,0.000000,synthetic_chat_design_preset
20.58,0.641281,0.617400,0.023881,0.000000,synthetic_chat_design_preset
20.59,0.643292,0.617700,0.025592,0.000000,synthetic_chat_design_preset
20.60,0.644900,0.618000,0.026900,0.000000,synthetic_chat_design_preset
20.61,0.646083,0.618300,0.027783,0.000000,synthetic_chat_design_preset
20.62,0.646828,0.618600,0.028228,0.000000,synthetic_chat_design_preset
20.63,0.647128,0.618900,0.028228,0.000000,synthetic_chat_design_preset
20.64,0.646983,0.619200,0.027783,0.000000,synthetic_chat_design_preset
20.65,0.646400,0.619500,0.026900,0.000000,synthetic_chat_design_preset
20.66,0.645392,0.619800,0.025592,0.000000,synthetic_chat_design_preset
20.67,0.643981,0.620100,0.023881,0.000000,synthetic_chat_design_preset
20.68,0.642193,0.620400,0.021793,0.000000,synthetic_chat_design_preset
20.69,0.640062,0.620700,0.019362,0.000000,synthetic_chat_design_preset
20.70,0.637625,0.621000,0.016625,0.000000,synthetic_chat_design_preset
20.71,0.634926,0.621300,0.013626,0.000000,synthetic_chat_design_preset
20.72,0.632012,0.621600,0.010412,0.000000,synthetic_chat_design_preset
20.73,0.628934,0.621900,0.007034,0.000000,synthetic_chat_design_preset
20.74,0.625745,0.622200,0.003545,0.000000,synthetic_chat_design_preset
20.75,0.622500,0.622500,-0.000000,0.000000,synthetic_chat_design_preset
20.76,0.619255,0.622800,-0.003545,0.000000,synthetic_chat_design_preset
20.77,0.616066,0.623100,-0.007034,0.000000,synthetic_chat_design_preset
20.78,0.612988,0.623400,-0.010412,0.000000,synthetic_chat_design_preset
20.79,0.610074,0.623700,-0.013626,0.000000,synthetic_chat_design_preset
20.80,0.607375,0.624000,-0.016625,0.000000,synthetic_chat_design_preset
20.81,0.604938,0.624300,-0.019362,0.000000,synthetic_chat_design_preset
20.82,0.602807,0.624600,-0.021793,0.000000,synthetic_chat_design_preset
20.83,0.601019,0.624900,-0.023881,0.000000,synthetic_chat_design_preset
20.84,0.599608,0.625200,-0.025592,0.000000,synthetic_chat_design_preset
20.85,0.598600,0.625500,-0.026900,0.000000,synthetic_chat_design_preset
20.86,0.598017,0.625800,-0.027783,0.000000,synthetic_chat_design_preset
20.87,0.597872,0.626100,-0.028228,0.000000,synthetic_chat_design_preset
20.88,0.598172,0.626400,-0.028228,0.000000,synthetic_chat_design_preset
20.89,0.598917,0.626700,-0.027783,0.000000,synthetic_chat_design_preset
20.90,0.600100,0.627000,-0.026900,0.000000,synthetic_chat_design_preset
20.91,0.601708,0.627300,-0.025592,0.000000,synthetic_chat_design_preset
20.92,0.603719,0.627600,-0.023881,0.000000,synthetic_chat_design_preset
20.93,0.606107,0.627900,-0.021793,0.000000,synthetic_chat_design_preset
20.94,0.608838,0.628200,-0.019362,0.000000,synthetic_chat_design_preset
20.95,0.611875,0.628500,-0.016625,0.000000,synthetic_chat_design_preset
20.96,0.615174,0.628800,-0.013626,0.000000,synthetic_chat_design_preset
20.97,0.618688,0.629100,-0.010412,0.000000,synthetic_chat_design_preset
20.98,0.622366,0.629400,-0.007034,0.000000,synthetic_chat_design_preset
20.99,0.626155,0.629700,-0.003545,0.000000,synthetic_chat_design_preset
21.00,0.630000,0.630000,0.000000,0.000000,synthetic_chat_design_preset
21.01,0.633845,0.630300,0.003545,0.000000,synthetic_chat_design_preset
21.02,0.637634,0.630600,0.007034,0.000000,synthetic_chat_design_preset
21.03,0.641312,0.630900,0.010412,0.000000,synthetic_chat_design_preset
21.04,0.644826,0.631200,0.013626,0.000000,synthetic_chat_design_preset
21.05,0.648125,0.631500,0.016625,0.000000,synthetic_chat_design_preset
21.06,0.651162,0.631800,0.019362,0.000000,synthetic_chat_design_preset
21.07,0.653893,0.632100,0.021793,0.000000,synthetic_chat_design_preset
21.08,0.656281,0.632400,0.023881,0.000000,synthetic_chat_design_preset
21.09,0.658292,0.632700,0.025592,0.000000,synthetic_chat_design_preset
21.10,0.659900,0.633000,0.026900,0.000000,synthetic_chat_design_preset
21.11,0.661083,0.633300,0.027783,0.000000,synthetic_chat_design_preset
21.12,0.661828,0.633600,0.028228,0.000000,synthetic_chat_design_preset
21.13,0.662128,0.633900,0.028228,0.000000,synthetic_chat_design_preset
21.14,0.661983,0.634200,0.027783,0.000000,synthetic_chat_design_preset
21.15,0.661400,0.634500,0.026900,0.000000,synthetic_chat_design_preset
21.16,0.660392,0.634800,0.025592,0.000000,synthetic_chat_design_preset
21.17,0.658981,0.635100,0.023881,0.000000,synthetic_chat_design_preset
21.18,0.657193,0.635400,0.021793,0.000000,synthetic_chat_design_preset
21.19,0.655062,0.635700,0.019362,0.000000,synthetic_chat_design_preset
21.20,0.652625,0.636000,0.016625,0.000000,synthetic_chat_design_preset
21.21,0.649926,0.636300,0.013626,0.000000,synthetic_chat_design_preset
21.22,0.647012,0.636600,0.010412,0.000000,synthetic_chat_design_preset
21.23,0.643934,0.636900,0.007034,0.000000,synthetic_chat_design_preset
21.24,0.640745,0.637200,0.003545,0.000000,synthetic_chat_design_preset
21.25,0.637500,0.637500,0.000000,0.000000,synthetic_chat_design_preset
21.26,0.634255,0.637800,-0.003545,0.000000,synthetic_chat_design_preset
21.27,0.631066,0.638100,-0.007034,0.000000,synthetic_chat_design_preset
21.28,0.627988,0.638400,-0.010412,0.000000,synthetic_chat_design_preset
21.29,0.625074,0.638700,-0.013626,0.000000,synthetic_chat_design_preset
21.30,0.622375,0.639000,-0.016625,0.000000,synthetic_chat_design_preset
21.31,0.619938,0.639300,-0.019362,0.000000,synthetic_chat_design_preset
21.32,0.617807,0.639600,-0.021793,0.000000,synthetic_chat_design_preset
21.33,0.616019,0.639900,-0.023881,0.000000,synthetic_chat_design_preset
21.34,0.614608,0.640200,-0.025592,0.000000,synthetic_chat_design_preset
21.35,0.613600,0.640500,-0.026900,0.000000,synthetic_chat_design_preset
21.36,0.613017,0.640800,-0.027783,0.000000,synthetic_chat_design_preset
21.37,0.612872,0.641100,-0.028228,0.000000,synthetic_chat_design_preset
21.38,0.613172,0.641400,-0.028228,0.000000,synthetic_chat_design_preset
21.39,0.613917,0.641700,-0.027783,0.000000,synthetic_chat_design_preset
21.40,0.615100,0.642000,-0.026900,0.000000,synthetic_chat_design_preset
21.41,0.616708,0.642300,-0.025592,0.000000,synthetic_chat_design_preset
21.42,0.618719,0.642600,-0.023881,0.000000,synthetic_chat_design_preset
21.43,0.621107,0.642900,-0.021793,0.000000,synthetic_chat_design_preset
21.44,0.623838,0.643200,-0.019362,0.000000,synthetic_chat_design_preset
21.45,0.626875,0.643500,-0.016625,0.000000,synthetic_chat_design_preset
21.46,0.630174,0.643800,-0.013626,0.000000,synthetic_chat_design_preset
21.47,0.633688,0.644100,-0.010412,0.000000,synthetic_chat_design_preset
21.48,0.637366,0.644400,-0.007034,0.000000,synthetic_chat_design_preset
21.49,0.641155,0.644700,-0.003545,0.000000,synthetic_chat_design_preset
21.50,0.645000,0.645000,-0.000000,0.000000,synthetic_chat_design_preset
21.51,0.648845,0.645300,0.003545,0.000000,synthetic_chat_design_preset
21.52,0.652634,0.645600,0.007034,0.000000,synthetic_chat_design_preset
21.53,0.656312,0.645900,0.010412,0.000000,synthetic_chat_design_preset
21.54,0.659826,0.646200,0.013626,0.000000,synthetic_chat_design_preset
21.55,0.663125,0.646500,0.016625,0.000000,synthetic_chat_design_preset
21.56,0.666162,0.646800,0.019362,0.000000,synthetic_chat_design_preset
21.57,0.668893,0.647100,0.021793,0.000000,synthetic_chat_design_preset
21.58,0.671281,0.647400,0.023881,0.000000,synthetic_chat_design_preset
21.59,0.673292,0.647700,0.025592,0.000000,synthetic_chat_design_preset
21.60,0.674900,0.648000,0.026900,0.000000,synthetic_chat_design_preset
21.61,0.676083,0.648300,0.027783,0.000000,synthetic_chat_design_preset
21.62,0.676828,0.648600,0.028228,0.000000,synthetic_chat_design_preset
21.63,0.677128,0.648900,0.028228,0.000000,synthetic_chat_design_preset
21.64,0.676983,0.649200,0.027783,0.000000,synthetic_chat_design_preset
21.65,0.676400,0.649500,0.026900,0.000000,synthetic_chat_design_preset
21.66,0.675392,0.649800,0.025592,0.000000,synthetic_chat_design_preset
21.67,0.673981,0.650100,0.023881,0.000000,synthetic_chat_design_preset
21.68,0.672193,0.650400,0.021793,0.000000,synthetic_chat_design_preset
21.69,0.670062,0.650700,0.019362,0.000000,synthetic_chat_design_preset
21.70,0.667625,0.651000,0.016625,0.000000,synthetic_chat_design_preset
21.71,0.664926,0.651300,0.013626,0.000000,synthetic_chat_design_preset
21.72,0.662012,0.651600,0.010412,0.000000,synthetic_chat_design_preset
21.73,0.658934,0.651900,0.007034,0.000000,synthetic_chat_design_preset
21.74,0.655745,0.652200,0.003545,0.000000,synthetic_chat_design_preset
21.75,0.652500,0.652500,0.000000,0.000000,synthetic_chat_design_preset
21.76,0.649255,0.652800,-0.003545,0.000000,synthetic_chat_design_preset
21.77,0.646066,0.653100,-0.007034,0.000000,synthetic_chat_design_preset
21.78,0.642988,0.653400,-0.010412,0.000000,synthetic_chat_design_preset
21.79,0.640074,0.653700,-0.013626,0.000000,synthetic_chat_design_preset
21.80,0.637375,0.654000,-0.016625,0.000000,synthetic_chat_design_preset
21.81,0.634938,0.654300,-0.019362,0.000000,synthetic_chat_design_preset
21.82,0.632807,0.654600,-0.021793,0.000000,synthetic_chat_design_preset
21.83,0.631019,0.654900,-0.023881,0.000000,synthetic_chat_design_preset
21.84,0.629608,0.655200,-0.025592,0.000000,synthetic_chat_design_preset
21.85,0.628600,0.655500,-0.026900,0.000000,synthetic_chat_design_preset
21.86,0.628017,0.655800,-0.027783,0.000000,synthetic_chat_design_preset
21.87,0.627872,0.656100,-0.028228,0.000000,synthetic_chat_design_preset
21.88,0.628172,0.656400,-0.028228,0.000000,synthetic_chat_design_preset
21.89,0.628917,0.656700,-0.027783,0.000000,synthetic_chat_design_preset
21.90,0.630100,0.657000,-0.026900,0.000000,synthetic_chat_design_preset
21.91,0.631708,0.657300,-0.025592,0.000000,synthetic_chat_design_preset
21.92,0.633719,0.657600,-0.023881,0.000000,synthetic_chat_design_preset
21.93,0.636107,0.657900,-0.021793,0.000000,synthetic_chat_design_preset
21.94,0.638838,0.658200,-0.019362,0.000000,synthetic_chat_design_preset
21.95,0.641875,0.658500,-0.016625,0.000000,synthetic_chat_design_preset
21.96,0.645174,0.658800,-0.013626,0.000000,synthetic_chat_design_preset
21.97,0.648688,0.659100,-0.010412,0.000000,synthetic_chat_design_preset
21.98,0.652366,0.659400,-0.007034,0.000000,synthetic_chat_design_preset
21.99,0.656155,0.659700,-0.003545,0.000000,synthetic_chat_design_preset
22.00,0.660000,0.660000,-0.000000,0.000000,synthetic_chat_design_preset
22.01,0.663845,0.660300,0.003545,0.000000,synthetic_chat_design_preset
22.02,0.667634,0.660600,0.007034,0.000000,synthetic_chat_design_preset
22.03,0.671312,0.660900,0.010412,0.000000,synthetic_chat_design_preset
22.04,0.674826,0.661200,0.013626,0.000000,synthetic_chat_design_preset
22.05,0.678125,0.661500,0.016625,0.000000,synthetic_chat_design_preset
22.06,0.681162,0.661800,0.019362,0.000000,synthetic_chat_design_preset
22.07,0.683893,0.662100,0.021793,0.000000,synthetic_chat_design_preset
22.08,0.686281,0.662400,0.023881,0.000000,synthetic_chat_design_preset
22.09,0.688292,0.662700,0.025592,0.000000,synthetic_chat_design_preset
22.10,0.689900,0.663000,0.026900,0.000000,synthetic_chat_design_preset
22.11,0.691083,0.663300,0.027783,0.000000,synthetic_chat_design_preset
22.12,0.691828,0.663600,0.028228,0.000000,synthetic_chat_design_preset
22.13,0.692128,0.663900,0.028228,0.000000,synthetic_chat_design_preset
22.14,0.691983,0.664200,0.027783,0.000000,synthetic_chat_design_preset
22.15,0.691400,0.664500,0.026900,0.000000,synthetic_chat_design_preset
22.16,0.690392,0.664800,0.025592,0.000000,synthetic_chat_design_preset
22.17,0.688981,0.665100,0.023881,0.000000,synthetic_chat_design_preset
22.18,0.687193,0.665400,0.021793,0.000000,synthetic_chat_design_preset
22.19,0.685062,0.665700,0.019362,0.000000,synthetic_chat_design_preset
22.20,0.682625,0.666000,0.016625,0.000000,synthetic_chat_design_preset
22.21,0.679926,0.666300,0.013626,0.000000,synthetic_chat_design_preset
22.22,0.677012,0.666600,0.010412,0.000000,synthetic_chat_design_preset
22.23,0.673934,0.666900,0.007034,0.000000,synthetic_chat_design_preset
22.24,0.670745,0.667200,0.003545,0.000000,synthetic_chat_design_preset
22.25,0.667500,0.667500,-0.000000,0.000000,synthetic_chat_design_preset
22.26,0.664255,0.667800,-0.003545,0.000000,synthetic_chat_design_preset
22.27,0.661066,0.668100,-0.007034,0.000000,synthetic_chat_design_preset
22.28,0.657988,0.668400,-0.010412,0.000000,synthetic_chat_design_preset
22.29,0.655074,0.668700,-0.013626,0.000000,synthetic_chat_design_preset
22.30,0.652375,0.669000,-0.016625,0.000000,synthetic_chat_design_preset
22.31,0.649938,0.669300,-0.019362,0.000000,synthetic_chat_design_preset
22.32,0.647807,0.669600,-0.021793,0.000000,synthetic_chat_design_preset
22.33,0.646019,0.669900,-0.023881,0.000000,synthetic_chat_design_preset
22.34,0.644608,0.670200,-0.025592,0.000000,synthetic_chat_design_preset
22.35,0.643600,0.670500,-0.026900,0.000000,synthetic_chat_design_preset
22.36,0.643017,0.670800,-0.027783,0.000000,synthetic_chat_design_preset
22.37,0.642872,0.671100,-0.028228,0.000000,synthetic_chat_design_preset
22.38,0.643172,0.671400,-0.028228,0.000000,synthetic_chat_design_preset
22.39,0.643917,0.671700,-0.027783,0.000000,synthetic_chat_design_preset
22.40,0.645100,0.672000,-0.026900,0.000000,synthetic_chat_design_preset
22.41,0.646708,0.672300,-0.025592,0.000000,synthetic_chat_design_preset
22.42,0.648719,0.672600,-0.023881,0.000000,synthetic_chat_design_preset
22.43,0.651107,0.672900,-0.021793,0.000000,synthetic_chat_design_preset
22.44,0.653838,0.673200,-0.019362,0.000000,synthetic_chat_design_preset
22.45,0.656875,0.673500,-0.016625,0.000000,synthetic_chat_design_preset
22.46,0.660174,0.673800,-0.013626,0.000000,synthetic_chat_design_preset
22.47,0.663688,0.674100,-0.010412,0.000000,synthetic_chat_design_preset
22.48,0.667366,0.674400,-0.007034,0.000000,synthetic_chat_design_preset
22.49,0.671155,0.674700,-0.003545,0.000000,synthetic_chat_design_preset
22.50,0.675000,0.675000,-0.000000,0.000000,synthetic_chat_design_preset
22.51,0.678845,0.675300,0.003545,0.000000,synthetic_chat_design_preset
22.52,0.682634,0.675600,0.007034,0.000000,synthetic_chat_design_preset
22.53,0.686312,0.675900,0.010412,0.000000,synthetic_chat_design_preset
22.54,0.689826,0.676200,0.013626,0.000000,synthetic_chat_design_preset
22.55,0.693125,0.676500,0.016625,0.000000,synthetic_chat_design_preset
22.56,0.696162,0.676800,0.019362,0.000000,synthetic_chat_design_preset
22.57,0.698893,0.677100,0.021793,0.000000,synthetic_chat_design_preset
22.58,0.701281,0.677400,0.023881,0.000000,synthetic_chat_design_preset
22.59,0.703292,0.677700,0.025592,0.000000,synthetic_chat_design_preset
22.60,0.704900,0.678000,0.026900,0.000000,synthetic_chat_design_preset
22.61,0.706083,0.678300,0.027783,0.000000,synthetic_chat_design_preset
22.62,0.706828,0.678600,0.028228,0.000000,synthetic_chat_design_preset
22.63,0.707128,0.678900,0.028228,0.000000,synthetic_chat_design_preset
22.64,0.706983,0.679200,0.027783,0.000000,synthetic_chat_design_preset
22.65,0.706400,0.679500,0.026900,0.000000,synthetic_chat_design_preset
22.66,0.705392,0.679800,0.025592,0.000000,synthetic_chat_design_preset
22.67,0.703981,0.680100,0.023881,0.000000,synthetic_chat_design_preset
22.68,0.702193,0.680400,0.021793,0.000000,synthetic_chat_design_preset
22.69,0.700062,0.680700,0.019362,0.000000,synthetic_chat_design_preset
22.70,0.697625,0.681000,0.016625,0.000000,synthetic_chat_design_preset
22.71,0.694926,0.681300,0.013626,0.000000,synthetic_chat_design_preset
22.72,0.692012,0.681600,0.010412,0.000000,synthetic_chat_design_preset
22.73,0.688934,0.681900,0.007034,0.000000,synthetic_chat_design_preset
22.74,0.685745,0.682200,0.003545,0.000000,synthetic_chat_design_preset
22.75,0.682500,0.682500,0.000000,0.000000,synthetic_chat_design_preset
22.76,0.679255,0.682800,-0.003545,0.000000,synthetic_chat_design_preset
22.77,0.676066,0.683100,-0.007034,0.000000,synthetic_chat_design_preset
22.78,0.672988,0.683400,-0.010412,0.000000,synthetic_chat_design_preset
22.79,0.670074,0.683700,-0.013626,0.000000,synthetic_chat_design_preset
22.80,0.667375,0.684000,-0.016625,0.000000,synthetic_chat_design_preset
22.81,0.664938,0.684300,-0.019362,0.000000,synthetic_chat_design_preset
22.82,0.662807,0.684600,-0.021793,0.000000,synthetic_chat_design_preset
22.83,0.661019,0.684900,-0.023881,0.000000,synthetic_chat_design_preset
22.84,0.659608,0.685200,-0.025592,0.000000,synthetic_chat_design_preset
22.85,0.658600,0.685500,-0.026900,0.000000,synthetic_chat_design_preset
22.86,0.658017,0.685800,-0.027783,0.000000,synthetic_chat_design_preset
22.87,0.657872,0.686100,-0.028228,0.000000,synthetic_chat_design_preset
22.88,0.658172,0.686400,-0.028228,0.000000,synthetic_chat_design_preset
22.89,0.658917,0.686700,-0.027783,0.000000,synthetic_chat_design_preset
22.90,0.660100,0.687000,-0.026900,0.000000,synthetic_chat_design_preset
22.91,0.661708,0.687300,-0.025592,0.000000,synthetic_chat_design_preset
22.92,0.663719,0.687600,-0.023881,0.000000,synthetic_chat_design_preset
22.93,0.666107,0.687900,-0.021793,0.000000,synthetic_chat_design_preset
22.94,0.668838,0.688200,-0.019362,0.000000,synthetic_chat_design_preset
22.95,0.671875,0.688500,-0.016625,0.000000,synthetic_chat_design_preset
22.96,0.675174,0.688800,-0.013626,0.000000,synthetic_chat_design_preset
22.97,0.678688,0.689100,-0.010412,0.000000,synthetic_chat_design_preset
22.98,0.682366,0.689400,-0.007034,0.000000,synthetic_chat_design_preset
22.99,0.686155,0.689700,-0.003545,0.000000,synthetic_chat_design_preset
23.00,0.690000,0.690000,-0.000000,0.000000,synthetic_chat_design_preset
23.01,0.693845,0.690300,0.003545,0.000000,synthetic_chat_design_preset
23.02,0.697634,0.690600,0.007034,0.000000,synthetic_chat_design_preset
23.03,0.701312,0.690900,0.010412,0.000000,synthetic_chat_design_preset
23.04,0.704826,0.691200,0.013626,0.000000,synthetic_chat_design_preset
23.05,0.708125,0.691500,0.016625,0.000000,synthetic_chat_design_preset
23.06,0.711162,0.691800,0.019362,0.000000,synthetic_chat_design_preset
23.07,0.713893,0.692100,0.021793,0.000000,synthetic_chat_design_preset
23.08,0.716281,0.692400,0.023881,0.000000,synthetic_chat_design_preset
23.09,0.718292,0.692700,0.025592,0.000000,synthetic_chat_design_preset
23.10,0.719900,0.693000,0.026900,0.000000,synthetic_chat_design_preset
23.11,0.721083,0.693300,0.027783,0.000000,synthetic_chat_design_preset
23.12,0.721828,0.693600,0.028228,0.000000,synthetic_chat_design_preset
23.13,0.722128,0.693900,0.028228,0.000000,synthetic_chat_design_preset
23.14,0.721983,0.694200,0.027783,0.000000,synthetic_chat_design_preset
23.15,0.721400,0.694500,0.026900,0.000000,synthetic_chat_design_preset
23.16,0.720392,0.694800,0.025592,0.000000,synthetic_chat_design_preset
23.17,0.718981,0.695100,0.023881,0.000000,synthetic_chat_design_preset
23.18,0.717193,0.695400,0.021793,0.000000,synthetic_chat_design_preset
23.19,0.715062,0.695700,0.019362,0.000000,synthetic_chat_design_preset
23.20,0.712625,0.696000,0.016625,0.000000,synthetic_chat_design_preset
23.21,0.709926,0.696300,0.013626,0.000000,synthetic_chat_design_preset
23.22,0.707012,0.696600,0.010412,0.000000,synthetic_chat_design_preset
23.23,0.703934,0.696900,0.007034,0.000000,synthetic_chat_design_preset
23.24,0.700745,0.697200,0.003545,0.000000,synthetic_chat_design_preset
23.25,0.697500,0.697500,0.000000,0.000000,synthetic_chat_design_preset
23.26,0.694255,0.697800,-0.003545,0.000000,synthetic_chat_design_preset
23.27,0.691066,0.698100,-0.007034,0.000000,synthetic_chat_design_preset
23.28,0.687988,0.698400,-0.010412,0.000000,synthetic_chat_design_preset
23.29,0.685074,0.698700,-0.013626,0.000000,synthetic_chat_design_preset
23.30,0.682375,0.699000,-0.016625,0.000000,synthetic_chat_design_preset
23.31,0.679938,0.699300,-0.019362,0.000000,synthetic_chat_design_preset
23.32,0.677807,0.699600,-0.021793,0.000000,synthetic_chat_design_preset
23.33,0.676019,0.699900,-0.023881,0.000000,synthetic_chat_design_preset
23.34,0.674608,0.700200,-0.025592,0.000000,synthetic_chat_design_preset
23.35,0.673600,0.700500,-0.026900,0.000000,synthetic_chat_design_preset
23.36,0.673017,0.700800,-0.027783,0.000000,synthetic_chat_design_preset
23.37,0.672872,0.701100,-0.028228,0.000000,synthetic_chat_design_preset
23.38,0.673172,0.701400,-0.028228,0.000000,synthetic_chat_design_preset
23.39,0.673917,0.701700,-0.027783,0.000000,synthetic_chat_design_preset
23.40,0.675100,0.702000,-0.026900,0.000000,synthetic_chat_design_preset
23.41,0.676708,0.702300,-0.025592,0.000000,synthetic_chat_design_preset
23.42,0.678719,0.702600,-0.023881,0.000000,synthetic_chat_design_preset
23.43,0.681107,0.702900,-0.021793,0.000000,synthetic_chat_design_preset
23.44,0.683838,0.703200,-0.019362,0.000000,synthetic_chat_design_preset
23.45,0.686875,0.703500,-0.016625,0.000000,synthetic_chat_design_preset
23.46,0.690174,0.703800,-0.013626,0.000000,synthetic_chat_design_preset
23.47,0.693688,0.704100,-0.010412,0.000000,synthetic_chat_design_preset
23.48,0.697366,0.704400,-0.007034,0.000000,synthetic_chat_design_preset
23.49,0.701155,0.704700,-0.003545,0.000000,synthetic_chat_design_preset
23.50,0.705000,0.705000,0.000000,0.000000,synthetic_chat_design_preset
23.51,0.708845,0.705300,0.003545,0.000000,synthetic_chat_design_preset
23.52,0.712634,0.705600,0.007034,0.000000,synthetic_chat_design_preset
23.53,0.716312,0.705900,0.010412,0.000000,synthetic_chat_design_preset
23.54,0.719826,0.706200,0.013626,0.000000,synthetic_chat_design_preset
23.55,0.723125,0.706500,0.016625,0.000000,synthetic_chat_design_preset
23.56,0.726162,0.706800,0.019362,0.000000,synthetic_chat_design_preset
23.57,0.728893,0.707100,0.021793,0.000000,synthetic_chat_design_preset
23.58,0.731281,0.707400,0.023881,0.000000,synthetic_chat_design_preset
23.59,0.733292,0.707700,0.025592,0.000000,synthetic_chat_design_preset
23.60,0.734900,0.708000,0.026900,0.000000,synthetic_chat_design_preset
23.61,0.736083,0.708300,0.027783,0.000000,synthetic_chat_design_preset
23.62,0.736828,0.708600,0.028228,0.000000,synthetic_chat_design_preset
23.63,0.737128,0.708900,0.028228,0.000000,synthetic_chat_design_preset
23.64,0.736983,0.709200,0.027783,0.000000,synthetic_chat_design_preset
23.65,0.736400,0.709500,0.026900,0.000000,synthetic_chat_design_preset
23.66,0.735392,0.709800,0.025592,0.000000,synthetic_chat_design_preset
23.67,0.733981,0.710100,0.023881,0.000000,synthetic_chat_design_preset
23.68,0.732193,0.710400,0.021793,0.000000,synthetic_chat_design_preset
23.69,0.730062,0.710700,0.019362,0.000000,synthetic_chat_design_preset
23.70,0.727625,0.711000,0.016625,0.000000,synthetic_chat_design_preset
23.71,0.724926,0.711300,0.013626,0.000000,synthetic_chat_design_preset
23.72,0.722012,0.711600,0.010412,0.000000,synthetic_chat_design_preset
23.73,0.718934,0.711900,0.007034,0.000000,synthetic_chat_design_preset
23.74,0.715745,0.712200,0.003545,0.000000,synthetic_chat_design_preset
23.75,0.712500,0.712500,0.000000,0.000000,synthetic_chat_design_preset
23.76,0.709255,0.712800,-0.003545,0.000000,synthetic_chat_design_preset
23.77,0.706066,0.713100,-0.007034,0.000000,synthetic_chat_design_preset
23.78,0.702988,0.713400,-0.010412,0.000000,synthetic_chat_design_preset
23.79,0.700074,0.713700,-0.013626,0.000000,synthetic_chat_design_preset
23.80,0.697375,0.714000,-0.016625,0.000000,synthetic_chat_design_preset
23.81,0.694938,0.714300,-0.019362,0.000000,synthetic_chat_design_preset
23.82,0.692807,0.714600,-0.021793,0.000000,synthetic_chat_design_preset
23.83,0.691019,0.714900,-0.023881,0.000000,synthetic_chat_design_preset
23.84,0.689608,0.715200,-0.025592,0.000000,synthetic_chat_design_preset
23.85,0.688600,0.715500,-0.026900,0.000000,synthetic_chat_design_preset
23.86,0.688017,0.715800,-0.027783,0.000000,synthetic_chat_design_preset
23.87,0.687872,0.716100,-0.028228,0.000000,synthetic_chat_design_preset
23.88,0.688172,0.716400,-0.028228,0.000000,synthetic_chat_design_preset
23.89,0.688917,0.716700,-0.027783,0.000000,synthetic_chat_design_preset
23.90,0.690100,0.717000,-0.026900,0.000000,synthetic_chat_design_preset
23.91,0.691708,0.717300,-0.025592,0.000000,synthetic_chat_design_preset
23.92,0.693719,0.717600,-0.023881,0.000000,synthetic_chat_design_preset
23.93,0.696107,0.717900,-0.021793,0.000000,synthetic_chat_design_preset
23.94,0.698838,0.718200,-0.019362,0.000000,synthetic_chat_design_preset
23.95,0.701875,0.718500,-0.016625,0.000000,synthetic_chat_design_preset
23.96,0.705174,0.718800,-0.013626,0.000000,synthetic_chat_design_preset
23.97,0.708688,0.719100,-0.010412,0.000000,synthetic_chat_design_preset
23.98,0.712366,0.719400,-0.007034,0.000000,synthetic_chat_design_preset
23.99,0.716155,0.719700,-0.003545,0.000000,synthetic_chat_design_preset
24.00,0.720000,0.720000,-0.000000,0.000000,synthetic_chat_design_preset
24.01,0.723845,0.720300,0.003545,0.000000,synthetic_chat_design_preset
24.02,0.727634,0.720600,0.007034,0.000000,synthetic_chat_design_preset
24.03,0.731312,0.720900,0.010412,0.000000,synthetic_chat_design_preset
24.04,0.734826,0.721200,0.013626,0.000000,synthetic_chat_design_preset
24.05,0.738125,0.721500,0.016625,0.000000,synthetic_chat_design_preset
24.06,0.741162,0.721800,0.019362,0.000000,synthetic_chat_design_preset
24.07,0.743893,0.722100,0.021793,0.000000,synthetic_chat_design_preset
24.08,0.746281,0.722400,0.023881,0.000000,synthetic_chat_design_preset
24.09,0.748292,0.722700,0.025592,0.000000,synthetic_chat_design_preset
24.10,0.749900,0.723000,0.026900,0.000000,synthetic_chat_design_preset
24.11,0.751083,0.723300,0.027783,0.000000,synthetic_chat_design_preset
24.12,0.751828,0.723600,0.028228,0.000000,synthetic_chat_design_preset
24.13,0.752128,0.723900,0.028228,0.000000,synthetic_chat_design_preset
24.14,0.751983,0.724200,0.027783,0.000000,synthetic_chat_design_preset
24.15,0.751400,0.724500,0.026900,0.000000,synthetic_chat_design_preset
24.16,0.750392,0.724800,0.025592,0.000000,synthetic_chat_design_preset
24.17,0.748981,0.725100,0.023881,0.000000,synthetic_chat_design_preset
24.18,0.747193,0.725400,0.021793,0.000000,synthetic_chat_design_preset
24.19,0.745062,0.725700,0.019362,0.000000,synthetic_chat_design_preset
24.20,0.742625,0.726000,0.016625,0.000000,synthetic_chat_design_preset
24.21,0.739926,0.726300,0.013626,0.000000,synthetic_chat_design_preset
24.22,0.737012,0.726600,0.010412,0.000000,synthetic_chat_design_preset
24.23,0.733934,0.726900,0.007034,0.000000,synthetic_chat_design_preset
24.24,0.730745,0.727200,0.003545,0.000000,synthetic_chat_design_preset
24.25,0.727500,0.727500,0.000000,0.000000,synthetic_chat_design_preset
24.26,0.724255,0.727800,-0.003545,0.000000,synthetic_chat_design_preset
24.27,0.721066,0.728100,-0.007034,0.000000,synthetic_chat_design_preset
24.28,0.717988,0.728400,-0.010412,0.000000,synthetic_chat_design_preset
24.29,0.715074,0.728700,-0.013626,0.000000,synthetic_chat_design_preset
24.30,0.712375,0.729000,-0.016625,0.000000,synthetic_chat_design_preset
24.31,0.709938,0.729300,-0.019362,0.000000,synthetic_chat_design_preset
24.32,0.707807,0.729600,-0.021793,0.000000,synthetic_chat_design_preset
24.33,0.706019,0.729900,-0.023881,0.000000,synthetic_chat_design_preset
24.34,0.704608,0.730200,-0.025592,0.000000,synthetic_chat_design_preset
24.35,0.703600,0.730500,-0.026900,0.000000,synthetic_chat_design_preset
24.36,0.703017,0.730800,-0.027783,0.000000,synthetic_chat_design_preset
24.37,0.702872,0.731100,-0.028228,0.000000,synthetic_chat_design_preset
24.38,0.703172,0.731400,-0.028228,0.000000,synthetic_chat_design_preset
24.39,0.703917,0.731700,-0.027783,0.000000,synthetic_chat_design_preset
24.40,0.705100,0.732000,-0.026900,0.000000,synthetic_chat_design_preset
24.41,0.706708,0.732300,-0.025592,0.000000,synthetic_chat_design_preset
24.42,0.708719,0.732600,-0.023881,0.000000,synthetic_chat_design_preset
24.43,0.711107,0.732900,-0.021793,0.000000,synthetic_chat_design_preset
24.44,0.713838,0.733200,-0.019362,0.000000,synthetic_chat_design_preset
24.45,0.716875,0.733500,-0.016625,0.000000,synthetic_chat_design_preset
24.46,0.720174,0.733800,-0.013626,0.000000,synthetic_chat_design_preset
24.47,0.723688,0.734100,-0.010412,0.000000,synthetic_chat_design_preset
24.48,0.727366,0.734400,-0.007034,0.000000,synthetic_chat_design_preset
24.49,0.731172,0.734700,-0.003545,0.000017,synthetic_chat_design_preset
24.50,0.735023,0.735000,-0.000000,0.000023,synthetic_chat_design_preset
24.51,0.738876,0.735300,0.003545,0.000031,synthetic_chat_design_preset
24.52,0.742675,0.735600,0.007034,0.000041,synthetic_chat_design_preset
24.53,0.746368,0.735900,0.010412,0.000055,synthetic_chat_design_preset
24.54,0.749900,0.736200,0.013626,0.000074,synthetic_chat_design_preset
24.55,0.753223,0.736500,0.016625,0.000098,synthetic_chat_design_preset
24.56,0.756290,0.736800,0.019362,0.000128,synthetic_chat_design_preset
24.57,0.759061,0.737100,0.021793,0.000168,synthetic_chat_design_preset
24.58,0.761499,0.737400,0.023881,0.000218,synthetic_chat_design_preset
24.59,0.763574,0.737700,0.025592,0.000282,synthetic_chat_design_preset
24.60,0.765262,0.738000,0.026900,0.000362,synthetic_chat_design_preset
24.61,0.766545,0.738300,0.027783,0.000461,synthetic_chat_design_preset
24.62,0.767413,0.738600,0.028228,0.000585,synthetic_chat_design_preset
24.63,0.767865,0.738900,0.028228,0.000737,synthetic_chat_design_preset
24.64,0.767906,0.739200,0.027783,0.000923,synthetic_chat_design_preset
24.65,0.767548,0.739500,0.026900,0.001148,synthetic_chat_design_preset
24.66,0.766813,0.739800,0.025592,0.001420,synthetic_chat_design_preset
24.67,0.765727,0.740100,0.023881,0.001746,synthetic_chat_design_preset
24.68,0.764326,0.740400,0.021793,0.002133,synthetic_chat_design_preset
24.69,0.762652,0.740700,0.019362,0.002590,synthetic_chat_design_preset
24.70,0.760750,0.741000,0.016625,0.003125,synthetic_chat_design_preset
24.71,0.758674,0.741300,0.013626,0.003748,synthetic_chat_design_preset
24.72,0.756479,0.741600,0.010412,0.004467,synthetic_chat_design_preset
24.73,0.754226,0.741900,0.007034,0.005292,synthetic_chat_design_preset
24.74,0.751976,0.742200,0.003545,0.006231,synthetic_chat_design_preset
24.75,0.749791,0.742500,-0.000000,0.007291,synthetic_chat_design_preset
24.76,0.747734,0.742800,-0.003545,0.008479,synthetic_chat_design_preset
24.77,0.745866,0.743100,-0.007034,0.009800,synthetic_chat_design_preset
24.78,0.744245,0.743400,-0.010412,0.011257,synthetic_chat_design_preset
24.79,0.742925,0.743700,-0.013626,0.012851,synthetic_chat_design_preset
24.80,0.741957,0.744000,-0.016625,0.014582,synthetic_chat_design_preset
24.81,0.741381,0.744300,-0.019362,0.016443,synthetic_chat_design_preset
24.82,0.741235,0.744600,-0.021793,0.018428,synthetic_chat_design_preset
24.83,0.741545,0.744900,-0.023881,0.020526,synthetic_chat_design_preset
24.84,0.742331,0.745200,-0.025592,0.022723,synthetic_chat_design_preset
24.85,0.743600,0.745500,-0.026900,0.025000,synthetic_chat_design_preset
24.86,0.745353,0.745800,-0.027783,0.027336,synthetic_chat_design_preset
24.87,0.747579,0.746100,-0.028228,0.029707,synthetic_chat_design_preset
24.88,0.750257,0.746400,-0.028228,0.032086,synthetic_chat_design_preset
24.89,0.753358,0.746700,-0.027783,0.034442,synthetic_chat_design_preset
24.90,0.756843,0.747000,-0.026900,0.036743,synthetic_chat_design_preset
24.91,0.760666,0.747300,-0.025592,0.038958,synthetic_chat_design_preset
24.92,0.764772,0.747600,-0.023881,0.041053,synthetic_chat_design_preset
24.93,0.769101,0.747900,-0.021793,0.042994,synthetic_chat_design_preset
24.94,0.773589,0.748200,-0.019362,0.044751,synthetic_chat_design_preset
24.95,0.778169,0.748500,-0.016625,0.046294,synthetic_chat_design_preset
24.96,0.782769,0.748800,-0.013626,0.047595,synthetic_chat_design_preset
24.97,0.787321,0.749100,-0.010412,0.048633,synthetic_chat_design_preset
24.98,0.791754,0.749400,-0.007034,0.049388,synthetic_chat_design_preset
24.99,0.796001,0.749700,-0.003545,0.049846,synthetic_chat_design_preset
25.00,0.800000,0.750000,0.000000,0.050000,synthetic_chat_design_preset
25.01,0.803691,0.750300,0.003545,0.049846,synthetic_chat_design_preset
25.02,0.807022,0.750600,0.007034,0.049388,synthetic_chat_design_preset
25.03,0.809945,0.750900,0.010412,0.048633,synthetic_chat_design_preset
25.04,0.812421,0.751200,0.013626,0.047595,synthetic_chat_design_preset
25.05,0.814419,0.751500,0.016625,0.046294,synthetic_chat_design_preset
25.06,0.815913,0.751800,0.019362,0.044751,synthetic_chat_design_preset
25.07,0.816888,0.752100,0.021793,0.042994,synthetic_chat_design_preset
25.08,0.817334,0.752400,0.023881,0.041053,synthetic_chat_design_preset
25.09,0.817251,0.752700,0.025592,0.038958,synthetic_chat_design_preset
25.10,0.816643,0.753000,0.026900,0.036743,synthetic_chat_design_preset
25.11,0.815525,0.753300,0.027783,0.034442,synthetic_chat_design_preset
25.12,0.813914,0.753600,0.028228,0.032086,synthetic_chat_design_preset
25.13,0.811836,0.753900,0.028228,0.029707,synthetic_chat_design_preset
25.14,0.809320,0.754200,0.027783,0.027336,synthetic_chat_design_preset
25.15,0.806400,0.754500,0.026900,0.025000,synthetic_chat_design_preset
25.16,0.803115,0.754800,0.025592,0.022723,synthetic_chat_design_preset
25.17,0.799508,0.755100,0.023881,0.020526,synthetic_chat_design_preset
25.18,0.795622,0.755400,0.021793,0.018428,synthetic_chat_design_preset
25.19,0.791505,0.755700,0.019362,0.016443,synthetic_chat_design_preset
25.20,0.787207,0.756000,0.016625,0.014582,synthetic_chat_design_preset
25.21,0.782777,0.756300,0.013626,0.012851,synthetic_chat_design_preset
25.22,0.778269,0.756600,0.010412,0.011257,synthetic_chat_design_preset
25.23,0.773734,0.756900,0.007034,0.009800,synthetic_chat_design_preset
25.24,0.769224,0.757200,0.003545,0.008479,synthetic_chat_design_preset
25.25,0.764791,0.757500,0.000000,0.007291,synthetic_chat_design_preset
25.26,0.760486,0.757800,-0.003545,0.006231,synthetic_chat_design_preset
25.27,0.756358,0.758100,-0.007034,0.005292,synthetic_chat_design_preset
25.28,0.752455,0.758400,-0.010412,0.004467,synthetic_chat_design_preset
25.29,0.748822,0.758700,-0.013626,0.003748,synthetic_chat_design_preset
25.30,0.745500,0.759000,-0.016625,0.003125,synthetic_chat_design_preset
25.31,0.742528,0.759300,-0.019362,0.002590,synthetic_chat_design_preset
25.32,0.739939,0.759600,-0.021793,0.002133,synthetic_chat_design_preset
25.33,0.737765,0.759900,-0.023881,0.001746,synthetic_chat_design_preset
25.34,0.736028,0.760200,-0.025592,0.001420,synthetic_chat_design_preset
25.35,0.734748,0.760500,-0.026900,0.001148,synthetic_chat_design_preset
25.36,0.733939,0.760800,-0.027783,0.000923,synthetic_chat_design_preset
25.37,0.733608,0.761100,-0.028228,0.000737,synthetic_chat_design_preset
25.38,0.733756,0.761400,-0.028228,0.000585,synthetic_chat_design_preset
25.39,0.734378,0.761700,-0.027783,0.000461,synthetic_chat_design_preset
25.40,0.735462,0.762000,-0.026900,0.000362,synthetic_chat_design_preset
25.41,0.736989,0.762300,-0.025592,0.000282,synthetic_chat_design_preset
25.42,0.738937,0.762600,-0.023881,0.000218,synthetic_chat_design_preset
25.43,0.741275,0.762900,-0.021793,0.000168,synthetic_chat_design_preset
25.44,0.743967,0.763200,-0.019362,0.000128,synthetic_chat_design_preset
25.45,0.746973,0.763500,-0.016625,0.000098,synthetic_chat_design_preset
25.46,0.750248,0.763800,-0.013626,0.000074,synthetic_chat_design_preset
25.47,0.753743,0.764100,-0.010412,0.000055,synthetic_chat_design_preset
25.48,0.757407,0.764400,-0.007034,0.000041,synthetic_chat_design_preset
25.49,0.761186,0.764700,-0.003545,0.000031,synthetic_chat_design_preset
25.50,0.765023,0.765000,-0.000000,0.000023,synthetic_chat_design_preset
25.51,0.768845,0.765300,0.003545,0.000000,synthetic_chat_design_preset
25.52,0.772634,0.765600,0.007034,0.000000,synthetic_chat_design_preset
25.53,0.776312,0.765900,0.010412,0.000000,synthetic_chat_design_preset
25.54,0.779826,0.766200,0.013626,0.000000,synthetic_chat_design_preset
25.55,0.783125,0.766500,0.016625,0.000000,synthetic_chat_design_preset
25.56,0.786162,0.766800,0.019362,0.000000,synthetic_chat_design_preset
25.57,0.788893,0.767100,0.021793,0.000000,synthetic_chat_design_preset
25.58,0.791281,0.767400,0.023881,0.000000,synthetic_chat_design_preset
25.59,0.793292,0.767700,0.025592,0.000000,synthetic_chat_design_preset
25.60,0.794900,0.768000,0.026900,0.000000,synthetic_chat_design_preset
25.61,0.796083,0.768300,0.027783,0.000000,synthetic_chat_design_preset
25.62,0.796828,0.768600,0.028228,0.000000,synthetic_chat_design_preset
25.63,0.797128,0.768900,0.028228,0.000000,synthetic_chat_design_preset
25.64,0.796983,0.769200,0.027783,0.000000,synthetic_chat_design_preset
25.65,0.796400,0.769500,0.026900,0.000000,synthetic_chat_design_preset
25.66,0.795392,0.769800,0.025592,0.000000,synthetic_chat_design_preset
25.67,0.793981,0.770100,0.023881,0.000000,synthetic_chat_design_preset
25.68,0.792193,0.770400,0.021793,0.000000,synthetic_chat_design_preset
25.69,0.790062,0.770700,0.019362,0.000000,synthetic_chat_design_preset
25.70,0.787625,0.771000,0.016625,0.000000,synthetic_chat_design_preset
25.71,0.784926,0.771300,0.013626,0.000000,synthetic_chat_design_preset
25.72,0.782012,0.771600,0.010412,0.000000,synthetic_chat_design_preset
25.73,0.778934,0.771900,0.007034,0.000000,synthetic_chat_design_preset
25.74,0.775745,0.772200,0.003545,0.000000,synthetic_chat_design_preset
25.75,0.772500,0.772500,0.000000,0.000000,synthetic_chat_design_preset
25.76,0.769255,0.772800,-0.003545,0.000000,synthetic_chat_design_preset
25.77,0.766066,0.773100,-0.007034,0.000000,synthetic_chat_design_preset
25.78,0.762988,0.773400,-0.010412,0.000000,synthetic_chat_design_preset
25.79,0.760074,0.773700,-0.013626,0.000000,synthetic_chat_design_preset
25.80,0.757375,0.774000,-0.016625,0.000000,synthetic_chat_design_preset
25.81,0.754938,0.774300,-0.019362,0.000000,synthetic_chat_design_preset
25.82,0.752807,0.774600,-0.021793,0.000000,synthetic_chat_design_preset
25.83,0.751019,0.774900,-0.023881,0.000000,synthetic_chat_design_preset
25.84,0.749608,0.775200,-0.025592,0.000000,synthetic_chat_design_preset
25.85,0.748600,0.775500,-0.026900,0.000000,synthetic_chat_design_preset
25.86,0.748017,0.775800,-0.027783,0.000000,synthetic_chat_design_preset
25.87,0.747872,0.776100,-0.028228,0.000000,synthetic_chat_design_preset
25.88,0.748172,0.776400,-0.028228,0.000000,synthetic_chat_design_preset
25.89,0.748917,0.776700,-0.027783,0.000000,synthetic_chat_design_preset
25.90,0.750100,0.777000,-0.026900,0.000000,synthetic_chat_design_preset
25.91,0.751708,0.777300,-0.025592,0.000000,synthetic_chat_design_preset
25.92,0.753719,0.777600,-0.023881,0.000000,synthetic_chat_design_preset
25.93,0.756107,0.777900,-0.021793,0.000000,synthetic_chat_design_preset
25.94,0.758838,0.778200,-0.019362,0.000000,synthetic_chat_design_preset
25.95,0.761875,0.778500,-0.016625,0.000000,synthetic_chat_design_preset
25.96,0.765174,0.778800,-0.013626,0.000000,synthetic_chat_design_preset
25.97,0.768688,0.779100,-0.010412,0.000000,synthetic_chat_design_preset
25.98,0.772366,0.779400,-0.007034,0.000000,synthetic_chat_design_preset
25.99,0.776155,0.779700,-0.003545,0.000000,synthetic_chat_design_preset
26.00,0.780000,0.780000,0.000000,0.000000,synthetic_chat_design_preset
26.01,0.783845,0.780300,0.003545,0.000000,synthetic_chat_design_preset
26.02,0.787634,0.780600,0.007034,0.000000,synthetic_chat_design_preset
26.03,0.791312,0.780900,0.010412,0.000000,synthetic_chat_design_preset
26.04,0.794826,0.781200,0.013626,0.000000,synthetic_chat_design_preset
26.05,0.798125,0.781500,0.016625,0.000000,synthetic_chat_design_preset
26.06,0.801162,0.781800,0.019362,0.000000,synthetic_chat_design_preset
26.07,0.803893,0.782100,0.021793,0.000000,synthetic_chat_design_preset
26.08,0.806281,0.782400,0.023881,0.000000,synthetic_chat_design_preset
26.09,0.808292,0.782700,0.025592,0.000000,synthetic_chat_design_preset
26.10,0.809900,0.783000,0.026900,0.000000,synthetic_chat_design_preset
26.11,0.811083,0.783300,0.027783,0.000000,synthetic_chat_design_preset
26.12,0.811828,0.783600,0.028228,0.000000,synthetic_chat_design_preset
26.13,0.812128,0.783900,0.028228,0.000000,synthetic_chat_design_preset
26.14,0.811983,0.784200,0.027783,0.000000,synthetic_chat_design_preset
26.15,0.811400,0.784500,0.026900,0.000000,synthetic_chat_design_preset
26.16,0.810392,0.784800,0.025592,0.000000,synthetic_chat_design_preset
26.17,0.808981,0.785100,0.023881,0.000000,synthetic_chat_design_preset
26.18,0.807193,0.785400,0.021793,0.000000,synthetic_chat_design_preset
26.19,0.805062,0.785700,0.019362,0.000000,synthetic_chat_design_preset
26.20,0.802625,0.786000,0.016625,0.000000,synthetic_chat_design_preset
26.21,0.799926,0.786300,0.013626,0.000000,synthetic_chat_design_preset
26.22,0.797012,0.786600,0.010412,0.000000,synthetic_chat_design_preset
26.23,0.793934,0.786900,0.007034,0.000000,synthetic_chat_design_preset
26.24,0.790745,0.787200,0.003545,0.000000,synthetic_chat_design_preset
26.25,0.787500,0.787500,-0.000000,0.000000,synthetic_chat_design_preset
26.26,0.784255,0.787800,-0.003545,0.000000,synthetic_chat_design_preset
26.27,0.781066,0.788100,-0.007034,0.000000,synthetic_chat_design_preset
26.28,0.777988,0.788400,-0.010412,0.000000,synthetic_chat_design_preset
26.29,0.775074,0.788700,-0.013626,0.000000,synthetic_chat_design_preset
26.30,0.772375,0.789000,-0.016625,0.000000,synthetic_chat_design_preset
26.31,0.769938,0.789300,-0.019362,0.000000,synthetic_chat_design_preset
26.32,0.767807,0.789600,-0.021793,0.000000,synthetic_chat_design_preset
26.33,0.766019,0.789900,-0.023881,0.000000,synthetic_chat_design_preset
26.34,0.764608,0.790200,-0.025592,0.000000,synthetic_chat_design_preset
26.35,0.763600,0.790500,-0.026900,0.000000,synthetic_chat_design_preset
26.36,0.763017,0.790800,-0.027783,0.000000,synthetic_chat_design_preset
26.37,0.762872,0.791100,-0.028228,0.000000,synthetic_chat_design_preset
26.38,0.763172,0.791400,-0.028228,0.000000,synthetic_chat_design_preset
26.39,0.763917,0.791700,-0.027783,0.000000,synthetic_chat_design_preset
26.40,0.765100,0.792000,-0.026900,0.000000,synthetic_chat_design_preset
26.41,0.766708,0.792300,-0.025592,0.000000,synthetic_chat_design_preset
26.42,0.768719,0.792600,-0.023881,0.000000,synthetic_chat_design_preset
26.43,0.771107,0.792900,-0.021793,0.000000,synthetic_chat_design_preset
26.44,0.773838,0.793200,-0.019362,0.000000,synthetic_chat_design_preset
26.45,0.776875,0.793500,-0.016625,0.000000,synthetic_chat_design_preset
26.46,0.780174,0.793800,-0.013626,0.000000,synthetic_chat_design_preset
26.47,0.783688,0.794100,-0.010412,0.000000,synthetic_chat_design_preset
26.48,0.787366,0.794400,-0.007034,0.000000,synthetic_chat_design_preset
26.49,0.791155,0.794700,-0.003545,0.000000,synthetic_chat_design_preset
26.50,0.795000,0.795000,-0.000000,0.000000,synthetic_chat_design_preset
26.51,0.798845,0.795300,0.003545,0.000000,synthetic_chat_design_preset
26.52,0.802634,0.795600,0.007034,0.000000,synthetic_chat_design_preset
26.53,0.806312,0.795900,0.010412,0.000000,synthetic_chat_design_preset
26.54,0.809826,0.796200,0.013626,0.000000,synthetic_chat_design_preset
26.55,0.813125,0.796500,0.016625,0.000000,synthetic_chat_design_preset
26.56,0.816162,0.796800,0.019362,0.000000,synthetic_chat_design_preset
26.57,0.818893,0.797100,0.021793,0.000000,synthetic_chat_design_preset
26.58,0.821281,0.797400,0.023881,0.000000,synthetic_chat_design_preset
26.59,0.823292,0.797700,0.025592,0.000000,synthetic_chat_design_preset
26.60,0.824900,0.798000,0.026900,0.000000,synthetic_chat_design_preset
26.61,0.826083,0.798300,0.027783,0.000000,synthetic_chat_design_preset
26.62,0.826828,0.798600,0.028228,0.000000,synthetic_chat_design_preset
26.63,0.827128,0.798900,0.028228,0.000000,synthetic_chat_design_preset
26.64,0.826983,0.799200,0.027783,0.000000,synthetic_chat_design_preset
26.65,0.826400,0.799500,0.026900,0.000000,synthetic_chat_design_preset
26.66,0.825392,0.799800,0.025592,0.000000,synthetic_chat_design_preset
26.67,0.823981,0.800100,0.023881,0.000000,synthetic_chat_design_preset
26.68,0.822193,0.800400,0.021793,0.000000,synthetic_chat_design_preset
26.69,0.820062,0.800700,0.019362,0.000000,synthetic_chat_design_preset
26.70,0.817625,0.801000,0.016625,0.000000,synthetic_chat_design_preset
26.71,0.814926,0.801300,0.013626,0.000000,synthetic_chat_design_preset
26.72,0.812012,0.801600,0.010412,0.000000,synthetic_chat_design_preset
26.73,0.808934,0.801900,0.007034,0.000000,synthetic_chat_design_preset
26.74,0.805745,0.802200,0.003545,0.000000,synthetic_chat_design_preset
26.75,0.802500,0.802500,0.000000,0.000000,synthetic_chat_design_preset
26.76,0.799255,0.802800,-0.003545,0.000000,synthetic_chat_design_preset
26.77,0.796066,0.803100,-0.007034,0.000000,synthetic_chat_design_preset
26.78,0.792988,0.803400,-0.010412,0.000000,synthetic_chat_design_preset
26.79,0.790074,0.803700,-0.013626,0.000000,synthetic_chat_design_preset
26.80,0.787375,0.804000,-0.016625,0.000000,synthetic_chat_design_preset
26.81,0.784938,0.804300,-0.019362,0.000000,synthetic_chat_design_preset
26.82,0.782807,0.804600,-0.021793,0.000000,synthetic_chat_design_preset
26.83,0.781019,0.804900,-0.023881,0.000000,synthetic_chat_design_preset
26.84,0.779608,0.805200,-0.025592,0.000000,synthetic_chat_design_preset
26.85,0.778600,0.805500,-0.026900,0.000000,synthetic_chat_design_preset
26.86,0.778017,0.805800,-0.027783,0.000000,synthetic_chat_design_preset
26.87,0.777872,0.806100,-0.028228,0.000000,synthetic_chat_design_preset
26.88,0.778172,0.806400,-0.028228,0.000000,synthetic_chat_design_preset
26.89,0.778917,0.806700,-0.027783,0.000000,synthetic_chat_design_preset
26.90,0.780100,0.807000,-0.026900,0.000000,synthetic_chat_design_preset
26.91,0.781708,0.807300,-0.025592,0.000000,synthetic_chat_design_preset
26.92,0.783719,0.807600,-0.023881,0.000000,synthetic_chat_design_preset
26.93,0.786107,0.807900,-0.021793,0.000000,synthetic_chat_design_preset
26.94,0.788838,0.808200,-0.019362,0.000000,synthetic_chat_design_preset
26.95,0.791875,0.808500,-0.016625,0.000000,synthetic_chat_design_preset
26.96,0.795174,0.808800,-0.013626,0.000000,synthetic_chat_design_preset
26.97,0.798688,0.809100,-0.010412,0.000000,synthetic_chat_design_preset
26.98,0.802366,0.809400,-0.007034,0.000000,synthetic_chat_design_preset
26.99,0.806155,0.809700,-0.003545,0.000000,synthetic_chat_design_preset
27.00,0.810000,0.810000,-0.000000,0.000000,synthetic_chat_design_preset
27.01,0.813845,0.810300,0.003545,0.000000,synthetic_chat_design_preset
27.02,0.817634,0.810600,0.007034,0.000000,synthetic_chat_design_preset
27.03,0.821312,0.810900,0.010412,0.000000,synthetic_chat_design_preset
27.04,0.824826,0.811200,0.013626,0.000000,synthetic_chat_design_preset
27.05,0.828125,0.811500,0.016625,0.000000,synthetic_chat_design_preset
27.06,0.831162,0.811800,0.019362,0.000000,synthetic_chat_design_preset
27.07,0.833893,0.812100,0.021793,0.000000,synthetic_chat_design_preset
27.08,0.836281,0.812400,0.023881,0.000000,synthetic_chat_design_preset
27.09,0.838292,0.812700,0.025592,0.000000,synthetic_chat_design_preset
27.10,0.839900,0.813000,0.026900,0.000000,synthetic_chat_design_preset
27.11,0.841083,0.813300,0.027783,0.000000,synthetic_chat_design_preset
27.12,0.841828,0.813600,0.028228,0.000000,synthetic_chat_design_preset
27.13,0.842128,0.813900,0.028228,0.000000,synthetic_chat_design_preset
27.14,0.841983,0.814200,0.027783,0.000000,synthetic_chat_design_preset
27.15,0.841400,0.814500,0.026900,0.000000,synthetic_chat_design_preset
27.16,0.840392,0.814800,0.025592,0.000000,synthetic_chat_design_preset
27.17,0.838981,0.815100,0.023881,0.000000,synthetic_chat_design_preset
27.18,0.837193,0.815400,0.021793,0.000000,synthetic_chat_design_preset
27.19,0.835062,0.815700,0.019362,0.000000,synthetic_chat_design_preset
27.20,0.832625,0.816000,0.016625,0.000000,synthetic_chat_design_preset
27.21,0.829926,0.816300,0.013626,0.000000,synthetic_chat_design_preset
27.22,0.827012,0.816600,0.010412,0.000000,synthetic_chat_design_preset
27.23,0.823934,0.816900,0.007034,0.000000,synthetic_chat_design_preset
27.24,0.820745,0.817200,0.003545,0.000000,synthetic_chat_design_preset
27.25,0.817500,0.817500,0.000000,0.000000,synthetic_chat_design_preset
27.26,0.814255,0.817800,-0.003545,0.000000,synthetic_chat_design_preset
27.27,0.811066,0.818100,-0.007034,0.000000,synthetic_chat_design_preset
27.28,0.807988,0.818400,-0.010412,0.000000,synthetic_chat_design_preset
27.29,0.805074,0.818700,-0.013626,0.000000,synthetic_chat_design_preset
27.30,0.802375,0.819000,-0.016625,0.000000,synthetic_chat_design_preset
27.31,0.799938,0.819300,-0.019362,0.000000,synthetic_chat_design_preset
27.32,0.797807,0.819600,-0.021793,0.000000,synthetic_chat_design_preset
27.33,0.796019,0.819900,-0.023881,0.000000,synthetic_chat_design_preset
27.34,0.794608,0.820200,-0.025592,0.000000,synthetic_chat_design_preset
27.35,0.793600,0.820500,-0.026900,0.000000,synthetic_chat_design_preset
27.36,0.793017,0.820800,-0.027783,0.000000,synthetic_chat_design_preset
27.37,0.792872,0.821100,-0.028228,0.000000,synthetic_chat_design_preset
27.38,0.793172,0.821400,-0.028228,0.000000,synthetic_chat_design_preset
27.39,0.793917,0.821700,-0.027783,0.000000,synthetic_chat_design_preset
27.40,0.795100,0.822000,-0.026900,0.000000,synthetic_chat_design_preset
27.41,0.796708,0.822300,-0.025592,0.000000,synthetic_chat_design_preset
27.42,0.798719,0.822600,-0.023881,0.000000,synthetic_chat_design_preset
27.43,0.801107,0.822900,-0.021793,0.000000,synthetic_chat_design_preset
27.44,0.803838,0.823200,-0.019362,0.000000,synthetic_chat_design_preset
27.45,0.806875,0.823500,-0.016625,0.000000,synthetic_chat_design_preset
27.46,0.810174,0.823800,-0.013626,0.000000,synthetic_chat_design_preset
27.47,0.813688,0.824100,-0.010412,0.000000,synthetic_chat_design_preset
27.48,0.817366,0.824400,-0.007034,0.000000,synthetic_chat_design_preset
27.49,0.821155,0.824700,-0.003545,0.000000,synthetic_chat_design_preset
27.50,0.825000,0.825000,0.000000,0.000000,synthetic_chat_design_preset
27.51,0.828845,0.825300,0.003545,0.000000,synthetic_chat_design_preset
27.52,0.832634,0.825600,0.007034,0.000000,synthetic_chat_design_preset
27.53,0.836312,0.825900,0.010412,0.000000,synthetic_chat_design_preset
27.54,0.839826,0.826200,0.013626,0.000000,synthetic_chat_design_preset
27.55,0.843125,0.826500,0.016625,0.000000,synthetic_chat_design_preset
27.56,0.846162,0.826800,0.019362,0.000000,synthetic_chat_design_preset
27.57,0.848893,0.827100,0.021793,0.000000,synthetic_chat_design_preset
27.58,0.851281,0.827400,0.023881,0.000000,synthetic_chat_design_preset
27.59,0.853292,0.827700,0.025592,0.000000,synthetic_chat_design_preset
27.60,0.854900,0.828000,0.026900,0.000000,synthetic_chat_design_preset
27.61,0.856083,0.828300,0.027783,0.000000,synthetic_chat_design_preset
27.62,0.856828,0.828600,0.028228,0.000000,synthetic_chat_design_preset
27.63,0.857128,0.828900,0.028228,0.000000,synthetic_chat_design_preset
27.64,0.856983,0.829200,0.027783,0.000000,synthetic_chat_design_preset
27.65,0.856400,0.829500,0.026900,0.000000,synthetic_chat_design_preset
27.66,0.855392,0.829800,0.025592,0.000000,synthetic_chat_design_preset
27.67,0.853981,0.830100,0.023881,0.000000,synthetic_chat_design_preset
27.68,0.852193,0.830400,0.021793,0.000000,synthetic_chat_design_preset
27.69,0.850062,0.830700,0.019362,0.000000,synthetic_chat_design_preset
27.70,0.847625,0.831000,0.016625,0.000000,synthetic_chat_design_preset
27.71,0.844926,0.831300,0.013626,0.000000,synthetic_chat_design_preset
27.72,0.842012,0.831600,0.010412,0.000000,synthetic_chat_design_preset
27.73,0.838934,0.831900,0.007034,0.000000,synthetic_chat_design_preset
27.74,0.835745,0.832200,0.003545,0.000000,synthetic_chat_design_preset
27.75,0.832500,0.832500,0.000000,0.000000,synthetic_chat_design_preset
27.76,0.829255,0.832800,-0.003545,0.000000,synthetic_chat_design_preset
27.77,0.826066,0.833100,-0.007034,0.000000,synthetic_chat_design_preset
27.78,0.822988,0.833400,-0.010412,0.000000,synthetic_chat_design_preset
27.79,0.820074,0.833700,-0.013626,0.000000,synthetic_chat_design_preset
27.80,0.817375,0.834000,-0.016625,0.000000,synthetic_chat_design_preset
27.81,0.814938,0.834300,-0.019362,0.000000,synthetic_chat_design_preset
27.82,0.812807,0.834600,-0.021793,0.000000,synthetic_chat_design_preset
27.83,0.811019,0.834900,-0.023881,0.000000,synthetic_chat_design_preset
27.84,0.809608,0.835200,-0.025592,0.000000,synthetic_chat_design_preset
27.85,0.808600,0.835500,-0.026900,0.000000,synthetic_chat_design_preset
27.86,0.808017,0.835800,-0.027783,0.000000,synthetic_chat_design_preset
27.87,0.807872,0.836100,-0.028228,0.000000,synthetic_chat_design_preset
27.88,0.808172,0.836400,-0.028228,0.000000,synthetic_chat_design_preset
27.89,0.808917,0.836700,-0.027783,0.000000,synthetic_chat_design_preset
27.90,0.810100,0.837000,-0.026900,0.000000,synthetic_chat_design_preset
27.91,0.811708,0.837300,-0.025592,0.000000,synthetic_chat_design_preset
27.92,0.813719,0.837600,-0.023881,0.000000,synthetic_chat_design_preset
27.93,0.816107,0.837900,-0.021793,0.000000,synthetic_chat_design_preset
27.94,0.818838,0.838200,-0.019362,0.000000,synthetic_chat_design_preset
27.95,0.821875,0.838500,-0.016625,0.000000,synthetic_chat_design_preset
27.96,0.825174,0.838800,-0.013626,0.000000,synthetic_chat_design_preset
27.97,0.828688,0.839100,-0.010412,0.000000,synthetic_chat_design_preset
27.98,0.832366,0.839400,-0.007034,0.000000,synthetic_chat_design_preset
27.99,0.836155,0.839700,-0.003545,0.000000,synthetic_chat_design_preset
28.00,0.840000,0.840000,-0.000000,0.000000,synthetic_chat_design_preset
28.01,0.843845,0.840300,0.003545,0.000000,synthetic_chat_design_preset
28.02,0.847634,0.840600,0.007034,0.000000,synthetic_chat_design_preset
28.03,0.851312,0.840900,0.010412,0.000000,synthetic_chat_design_preset
28.04,0.854826,0.841200,0.013626,0.000000,synthetic_chat_design_preset
28.05,0.858125,0.841500,0.016625,0.000000,synthetic_chat_design_preset
28.06,0.861162,0.841800,0.019362,0.000000,synthetic_chat_design_preset
28.07,0.863893,0.842100,0.021793,0.000000,synthetic_chat_design_preset
28.08,0.866281,0.842400,0.023881,0.000000,synthetic_chat_design_preset
28.09,0.868292,0.842700,0.025592,0.000000,synthetic_chat_design_preset
28.10,0.869900,0.843000,0.026900,0.000000,synthetic_chat_design_preset
28.11,0.871083,0.843300,0.027783,0.000000,synthetic_chat_design_preset
28.12,0.871828,0.843600,0.028228,0.000000,synthetic_chat_design_preset
28.13,0.872128,0.843900,0.028228,0.000000,synthetic_chat_design_preset
28.14,0.871983,0.844200,0.027783,0.000000,synthetic_chat_design_preset
28.15,0.871400,0.844500,0.026900,0.000000,synthetic_chat_design_preset
28.16,0.870392,0.844800,0.025592,0.000000,synthetic_chat_design_preset
28.17,0.868981,0.845100,0.023881,0.000000,synthetic_chat_design_preset
28.18,0.867193,0.845400,0.021793,0.000000,synthetic_chat_design_preset
28.19,0.865062,0.845700,0.019362,0.000000,synthetic_chat_design_preset
28.20,0.862625,0.846000,0.016625,0.000000,synthetic_chat_design_preset
28.21,0.859926,0.846300,0.013626,0.000000,synthetic_chat_design_preset
28.22,0.857012,0.846600,0.010412,0.000000,synthetic_chat_design_preset
28.23,0.853934,0.846900,0.007034,0.000000,synthetic_chat_design_preset
28.24,0.850745,0.847200,0.003545,0.000000,synthetic_chat_design_preset
28.25,0.847500,0.847500,0.000000,0.000000,synthetic_chat_design_preset
28.26,0.844255,0.847800,-0.003545,0.000000,synthetic_chat_design_preset
28.27,0.841066,0.848100,-0.007034,0.000000,synthetic_chat_design_preset
28.28,0.837988,0.848400,-0.010412,0.000000,synthetic_chat_design_preset
28.29,0.835074,0.848700,-0.013626,0.000000,synthetic_chat_design_preset
28.30,0.832375,0.849000,-0.016625,0.000000,synthetic_chat_design_preset
28.31,0.829938,0.849300,-0.019362,0.000000,synthetic_chat_design_preset
28.32,0.827807,0.849600,-0.021793,0.000000,synthetic_chat_design_preset
28.33,0.826019,0.849900,-0.023881,0.000000,synthetic_chat_design_preset
28.34,0.824608,0.850200,-0.025592,0.000000,synthetic_chat_design_preset
28.35,0.823600,0.850500,-0.026900,0.000000,synthetic_chat_design_preset
28.36,0.823017,0.850800,-0.027783,0.000000,synthetic_chat_design_preset
28.37,0.822872,0.851100,-0.028228,0.000000,synthetic_chat_design_preset
28.38,0.823172,0.851400,-0.028228,0.000000,synthetic_chat_design_preset
28.39,0.823917,0.851700,-0.027783,0.000000,synthetic_chat_design_preset
28.40,0.825100,0.852000,-0.026900,0.000000,synthetic_chat_design_preset
28.41,0.826708,0.852300,-0.025592,0.000000,synthetic_chat_design_preset
28.42,0.828719,0.852600,-0.023881,0.000000,synthetic_chat_design_preset
28.43,0.831107,0.852900,-0.021793,0.000000,synthetic_chat_design_preset
28.44,0.833838,0.853200,-0.019362,0.000000,synthetic_chat_design_preset
28.45,0.836875,0.853500,-0.016625,0.000000,synthetic_chat_design_preset
28.46,0.840174,0.853800,-0.013626,0.000000,synthetic_chat_design_preset
28.47,0.843688,0.854100,-0.010412,0.000000,synthetic_chat_design_preset
28.48,0.847366,0.854400,-0.007034,0.000000,synthetic_chat_design_preset
28.49,0.851155,0.854700,-0.003545,0.000000,synthetic_chat_design_preset
28.50,0.855000,0.855000,-0.000000,0.000000,synthetic_chat_design_preset
28.51,0.858845,0.855300,0.003545,0.000000,synthetic_chat_design_preset
28.52,0.862634,0.855600,0.007034,0.000000,synthetic_chat_design_preset
28.53,0.866312,0.855900,0.010412,0.000000,synthetic_chat_design_preset
28.54,0.869826,0.856200,0.013626,0.000000,synthetic_chat_design_preset
28.55,0.873125,0.856500,0.016625,0.000000,synthetic_chat_design_preset
28.56,0.876162,0.856800,0.019362,0.000000,synthetic_chat_design_preset
28.57,0.878893,0.857100,0.021793,0.000000,synthetic_chat_design_preset
28.58,0.881281,0.857400,0.023881,0.000000,synthetic_chat_design_preset
28.59,0.883292,0.857700,0.025592,0.000000,synthetic_chat_design_preset
28.60,0.884900,0.858000,0.026900,0.000000,synthetic_chat_design_preset
28.61,0.886083,0.858300,0.027783,0.000000,synthetic_chat_design_preset
28.62,0.886828,0.858600,0.028228,0.000000,synthetic_chat_design_preset
28.63,0.887128,0.858900,0.028228,0.000000,synthetic_chat_design_preset
28.64,0.886983,0.859200,0.027783,0.000000,synthetic_chat_design_preset
28.65,0.886400,0.859500,0.026900,0.000000,synthetic_chat_design_preset
28.66,0.885392,0.859800,0.025592,0.000000,synthetic_chat_design_preset
28.67,0.883981,0.860100,0.023881,0.000000,synthetic_chat_design_preset
28.68,0.882193,0.860400,0.021793,0.000000,synthetic_chat_design_preset
28.69,0.880062,0.860700,0.019362,0.000000,synthetic_chat_design_preset
28.70,0.877625,0.861000,0.016625,0.000000,synthetic_chat_design_preset
28.71,0.874926,0.861300,0.013626,0.000000,synthetic_chat_design_preset
28.72,0.872012,0.861600,0.010412,0.000000,synthetic_chat_design_preset
28.73,0.868934,0.861900,0.007034,0.000000,synthetic_chat_design_preset
28.74,0.865745,0.862200,0.003545,0.000000,synthetic_chat_design_preset
28.75,0.862500,0.862500,-0.000000,0.000000,synthetic_chat_design_preset
28.76,0.859255,0.862800,-0.003545,0.000000,synthetic_chat_design_preset
28.77,0.856066,0.863100,-0.007034,0.000000,synthetic_chat_design_preset
28.78,0.852988,0.863400,-0.010412,0.000000,synthetic_chat_design_preset
28.79,0.850074,0.863700,-0.013626,0.000000,synthetic_chat_design_preset
28.80,0.847375,0.864000,-0.016625,0.000000,synthetic_chat_design_preset
28.81,0.844938,0.864300,-0.019362,0.000000,synthetic_chat_design_preset
28.82,0.842807,0.864600,-0.021793,0.000000,synthetic_chat_design_preset
28.83,0.841019,0.864900,-0.023881,0.000000,synthetic_chat_design_preset
28.84,0.839608,0.865200,-0.025592,0.000000,synthetic_chat_design_preset
28.85,0.838600,0.865500,-0.026900,0.000000,synthetic_chat_design_preset
28.86,0.838017,0.865800,-0.027783,0.000000,synthetic_chat_design_preset
28.87,0.837872,0.866100,-0.028228,0.000000,synthetic_chat_design_preset
28.88,0.838172,0.866400,-0.028228,0.000000,synthetic_chat_design_preset
28.89,0.838917,0.866700,-0.027783,0.000000,synthetic_chat_design_preset
28.90,0.840100,0.867000,-0.026900,0.000000,synthetic_chat_design_preset
28.91,0.841708,0.867300,-0.025592,0.000000,synthetic_chat_design_preset
28.92,0.843719,0.867600,-0.023881,0.000000,synthetic_chat_design_preset
28.93,0.846107,0.867900,-0.021793,0.000000,synthetic_chat_design_preset
28.94,0.848838,0.868200,-0.019362,0.000000,synthetic_chat_design_preset
28.95,0.851875,0.868500,-0.016625,0.000000,synthetic_chat_design_preset
28.96,0.855174,0.868800,-0.013626,0.000000,synthetic_chat_design_preset
28.97,0.858688,0.869100,-0.010412,0.000000,synthetic_chat_design_preset
28.98,0.862366,0.869400,-0.007034,0.000000,synthetic_chat_design_preset
28.99,0.866155,0.869700,-0.003545,0.000000,synthetic_chat_design_preset
29.00,0.870000,0.870000,0.000000,0.000000,synthetic_chat_design_preset
29.01,0.873845,0.870300,0.003545,0.000000,synthetic_chat_design_preset
29.02,0.877634,0.870600,0.007034,0.000000,synthetic_chat_design_preset
29.03,0.881312,0.870900,0.010412,0.000000,synthetic_chat_design_preset
29.04,0.884826,0.871200,0.013626,0.000000,synthetic_chat_design_preset
29.05,0.888125,0.871500,0.016625,0.000000,synthetic_chat_design_preset
29.06,0.891162,0.871800,0.019362,0.000000,synthetic_chat_design_preset
29.07,0.893893,0.872100,0.021793,0.000000,synthetic_chat_design_preset
29.08,0.896281,0.872400,0.023881,0.000000,synthetic_chat_design_preset
29.09,0.898292,0.872700,0.025592,0.000000,synthetic_chat_design_preset
29.10,0.899900,0.873000,0.026900,0.000000,synthetic_chat_design_preset
29.11,0.901083,0.873300,0.027783,0.000000,synthetic_chat_design_preset
29.12,0.901828,0.873600,0.028228,0.000000,synthetic_chat_design_preset
29.13,0.902128,0.873900,0.028228,0.000000,synthetic_chat_design_preset
29.14,0.901983,0.874200,0.027783,0.000000,synthetic_chat_design_preset
29.15,0.901400,0.874500,0.026900,0.000000,synthetic_chat_design_preset
29.16,0.900392,0.874800,0.025592,0.000000,synthetic_chat_design_preset
29.17,0.898981,0.875100,0.023881,0.000000,synthetic_chat_design_preset
29.18,0.897193,0.875400,0.021793,0.000000,synthetic_chat_design_preset
29.19,0.895062,0.875700,0.019362,0.000000,synthetic_chat_design_preset
29.20,0.892625,0.876000,0.016625,0.000000,synthetic_chat_design_preset
29.21,0.889926,0.876300,0.013626,0.000000,synthetic_chat_design_preset
29.22,0.887012,0.876600,0.010412,0.000000,synthetic_chat_design_preset
29.23,0.883934,0.876900,0.007034,0.000000,synthetic_chat_design_preset
29.24,0.880745,0.877200,0.003545,0.000000,synthetic_chat_design_preset
29.25,0.877500,0.877500,0.000000,0.000000,synthetic_chat_design_preset
29.26,0.874255,0.877800,-0.003545,0.000000,synthetic_chat_design_preset
29.27,0.871066,0.878100,-0.007034,0.000000,synthetic_chat_design_preset
29.28,0.867988,0.878400,-0.010412,0.000000,synthetic_chat_design_preset
29.29,0.865074,0.878700,-0.013626,0.000000,synthetic_chat_design_preset
29.30,0.862375,0.879000,-0.016625,0.000000,synthetic_chat_design_preset
29.31,0.859938,0.879300,-0.019362,0.000000,synthetic_chat_design_preset
29.32,0.857807,0.879600,-0.021793,0.000000,synthetic_chat_design_preset
29.33,0.856019,0.879900,-0.023881,0.000000,synthetic_chat_design_preset
29.34,0.854608,0.880200,-0.025592,0.000000,synthetic_chat_design_preset
29.35,0.853600,0.880500,-0.026900,0.000000,synthetic_chat_design_preset
29.36,0.853017,0.880800,-0.027783,0.000000,synthetic_chat_design_preset
29.37,0.852872,0.881100,-0.028228,0.000000,synthetic_chat_design_preset
29.38,0.853172,0.881400,-0.028228,0.000000,synthetic_chat_design_preset
29.39,0.853917,0.881700,-0.027783,0.000000,synthetic_chat_design_preset
29.40,0.855100,0.882000,-0.026900,0.000000,synthetic_chat_design_preset
29.41,0.856708,0.882300,-0.025592,0.000000,synthetic_chat_design_preset
29.42,0.858719,0.882600,-0.023881,0.000000,synthetic_chat_design_preset
29.43,0.861107,0.882900,-0.021793,0.000000,synthetic_chat_design_preset
29.44,0.863838,0.883200,-0.019362,0.000000,synthetic_chat_design_preset
29.45,0.866875,0.883500,-0.016625,0.000000,synthetic_chat_design_preset
29.46,0.870174,0.883800,-0.013626,0.000000,synthetic_chat_design_preset
29.47,0.873688,0.884100,-0.010412,0.000000,synthetic_chat_design_preset
29.48,0.877366,0.884400,-0.007034,0.000000,synthetic_chat_design_preset
29.49,0.881155,0.884700,-0.003545,0.000000,synthetic_chat_design_preset
29.50,0.885000,0.885000,-0.000000,0.000000,synthetic_chat_design_preset
29.51,0.888845,0.885300,0.003545,0.000000,synthetic_chat_design_preset
29.52,0.892634,0.885600,0.007034,0.000000,synthetic_chat_design_preset
29.53,0.896312,0.885900,0.010412,0.000000,synthetic_chat_design_preset
29.54,0.899826,0.886200,0.013626,0.000000,synthetic_chat_design_preset
29.55,0.903125,0.886500,0.016625,0.000000,synthetic_chat_design_preset
29.56,0.906162,0.886800,0.019362,0.000000,synthetic_chat_design_preset
29.57,0.908893,0.887100,0.021793,0.000000,synthetic_chat_design_preset
29.58,0.911281,0.887400,0.023881,0.000000,synthetic_chat_design_preset
29.59,0.913292,0.887700,0.025592,0.000000,synthetic_chat_design_preset
29.60,0.914900,0.888000,0.026900,0.000000,synthetic_chat_design_preset
29.61,0.916083,0.888300,0.027783,0.000000,synthetic_chat_design_preset
29.62,0.916828,0.888600,0.028228,0.000000,synthetic_chat_design_preset
29.63,0.917128,0.888900,0.028228,0.000000,synthetic_chat_design_preset
29.64,0.916983,0.889200,0.027783,0.000000,synthetic_chat_design_preset
29.65,0.916400,0.889500,0.026900,0.000000,synthetic_chat_design_preset
29.66,0.915392,0.889800,0.025592,0.000000,synthetic_chat_design_preset
29.67,0.913981,0.890100,0.023881,0.000000,synthetic_chat_design_preset
29.68,0.912193,0.890400,0.021793,0.000000,synthetic_chat_design_preset
29.69,0.910062,0.890700,0.019362,0.000000,synthetic_chat_design_preset
29.70,0.907625,0.891000,0.016625,0.000000,synthetic_chat_design_preset
29.71,0.904926,0.891300,0.013626,0.000000,synthetic_chat_design_preset
29.72,0.902012,0.891600,0.010412,0.000000,synthetic_chat_design_preset
29.73,0.898934,0.891900,0.007034,0.000000,synthetic_chat_design_preset
29.74,0.895745,0.892200,0.003545,0.000000,synthetic_chat_design_preset
29.75,0.892500,0.892500,0.000000,0.000000,synthetic_chat_design_preset
29.76,0.889255,0.892800,-0.003545,0.000000,synthetic_chat_design_preset
29.77,0.886066,0.893100,-0.007034,0.000000,synthetic_chat_design_preset
29.78,0.882988,0.893400,-0.010412,0.000000,synthetic_chat_design_preset
29.79,0.880074,0.893700,-0.013626,0.000000,synthetic_chat_design_preset
29.80,0.877375,0.894000,-0.016625,0.000000,synthetic_chat_design_preset
29.81,0.874938,0.894300,-0.019362,0.000000,synthetic_chat_design_preset
29.82,0.872807,0.894600,-0.021793,0.000000,synthetic_chat_design_preset
29.83,0.871019,0.894900,-0.023881,0.000000,synthetic_chat_design_preset
29.84,0.869608,0.895200,-0.025592,0.000000,synthetic_chat_design_preset
29.85,0.868600,0.895500,-0.026900,0.000000,synthetic_chat_design_preset
29.86,0.868017,0.895800,-0.027783,0.000000,synthetic_chat_design_preset
29.87,0.867872,0.896100,-0.028228,0.000000,synthetic_chat_design_preset
29.88,0.868172,0.896400,-0.028228,0.000000,synthetic_chat_design_preset
29.89,0.868917,0.896700,-0.027783,0.000000,synthetic_chat_design_preset
29.90,0.870100,0.897000,-0.026900,0.000000,synthetic_chat_design_preset
29.91,0.871708,0.897300,-0.025592,0.000000,synthetic_chat_design_preset
29.92,0.873719,0.897600,-0.023881,0.000000,synthetic_chat_design_preset
29.93,0.876107,0.897900,-0.021793,0.000000,synthetic_chat_design_preset
29.94,0.878838,0.898200,-0.019362,0.000000,synthetic_chat_design_preset
29.95,0.881875,0.898500,-0.016625,0.000000,synthetic_chat_design_preset
29.96,0.885174,0.898800,-0.013626,0.000000,synthetic_chat_design_preset
29.97,0.888688,0.899100,-0.010412,0.000000,synthetic_chat_design_preset
29.98,0.892366,0.899400,-0.007034,0.000000,synthetic_chat_design_preset
29.99,0.896155,0.899700,-0.003545,0.000000,synthetic_chat_design_preset
30.00,0.900000,0.900000,-0.000000,0.000000,synthetic_chat_design_preset
30.01,0.903845,0.900300,0.003545,0.000000,synthetic_chat_design_preset
30.02,0.907634,0.900600,0.007034,0.000000,synthetic_chat_design_preset
30.03,0.911312,0.900900,0.010412,0.000000,synthetic_chat_design_preset
30.04,0.914826,0.901200,0.013626,0.000000,synthetic_chat_design_preset
30.05,0.918125,0.901500,0.016625,0.000000,synthetic_chat_design_preset
30.06,0.921162,0.901800,0.019362,0.000000,synthetic_chat_design_preset
30.07,0.923893,0.902100,0.021793,0.000000,synthetic_chat_design_preset
30.08,0.926281,0.902400,0.023881,0.000000,synthetic_chat_design_preset
30.09,0.928292,0.902700,0.025592,0.000000,synthetic_chat_design_preset
30.10,0.929900,0.903000,0.026900,0.000000,synthetic_chat_design_preset
30.11,0.931083,0.903300,0.027783,0.000000,synthetic_chat_design_preset
30.12,0.931828,0.903600,0.028228,0.000000,synthetic_chat_design_preset
30.13,0.932128,0.903900,0.028228,0.000000,synthetic_chat_design_preset
30.14,0.931983,0.904200,0.027783,0.000000,synthetic_chat_design_preset
30.15,0.931400,0.904500,0.026900,0.000000,synthetic_chat_design_preset
30.16,0.930392,0.904800,0.025592,0.000000,synthetic_chat_design_preset
30.17,0.928981,0.905100,0.023881,0.000000,synthetic_chat_design_preset
30.18,0.927193,0.905400,0.021793,0.000000,synthetic_chat_design_preset
30.19,0.925062,0.905700,0.019362,0.000000,synthetic_chat_design_preset
30.20,0.922625,0.906000,0.016625,0.000000,synthetic_chat_design_preset
30.21,0.919926,0.906300,0.013626,0.000000,synthetic_chat_design_preset
30.22,0.917012,0.906600,0.010412,0.000000,synthetic_chat_design_preset
30.23,0.913934,0.906900,0.007034,0.000000,synthetic_chat_design_preset
30.24,0.910745,0.907200,0.003545,0.000000,synthetic_chat_design_preset
30.25,0.907500,0.907500,-0.000000,0.000000,synthetic_chat_design_preset
30.26,0.904255,0.907800,-0.003545,0.000000,synthetic_chat_design_preset
30.27,0.901066,0.908100,-0.007034,0.000000,synthetic_chat_design_preset
30.28,0.897988,0.908400,-0.010412,0.000000,synthetic_chat_design_preset
30.29,0.895074,0.908700,-0.013626,0.000000,synthetic_chat_design_preset
30.30,0.892375,0.909000,-0.016625,0.000000,synthetic_chat_design_preset
30.31,0.889938,0.909300,-0.019362,0.000000,synthetic_chat_design_preset
30.32,0.887807,0.909600,-0.021793,0.000000,synthetic_chat_design_preset
30.33,0.886019,0.909900,-0.023881,0.000000,synthetic_chat_design_preset
30.34,0.884608,0.910200,-0.025592,0.000000,synthetic_chat_design_preset
30.35,0.883600,0.910500,-0.026900,0.000000,synthetic_chat_design_preset
30.36,0.883017,0.910800,-0.027783,0.000000,synthetic_chat_design_preset
30.37,0.882872,0.911100,-0.028228,0.000000,synthetic_chat_design_preset
30.38,0.883172,0.911400,-0.028228,0.000000,synthetic_chat_design_preset
30.39,0.883917,0.911700,-0.027783,0.000000,synthetic_chat_design_preset
30.40,0.885100,0.912000,-0.026900,0.000000,synthetic_chat_design_preset
30.41,0.886708,0.912300,-0.025592,0.000000,synthetic_chat_design_preset
30.42,0.888719,0.912600,-0.023881,0.000000,synthetic_chat_design_preset
30.43,0.891107,0.912900,-0.021793,0.000000,synthetic_chat_design_preset
30.44,0.893838,0.913200,-0.019362,0.000000,synthetic_chat_design_preset
30.45,0.896875,0.913500,-0.016625,0.000000,synthetic_chat_design_preset
30.46,0.900174,0.913800,-0.013626,0.000000,synthetic_chat_design_preset
30.47,0.903688,0.914100,-0.010412,0.000000,synthetic_chat_design_preset
30.48,0.907366,0.914400,-0.007034,0.000000,synthetic_chat_design_preset
30.49,0.911155,0.914700,-0.003545,0.000000,synthetic_chat_design_preset
30.50,0.915000,0.915000,-0.000000,0.000000,synthetic_chat_design_preset
30.51,0.918845,0.915300,0.003545,0.000000,synthetic_chat_design_preset
30.52,0.922634,0.915600,0.007034,0.000000,synthetic_chat_design_preset
30.53,0.926312,0.915900,0.010412,0.000000,synthetic_chat_design_preset
30.54,0.929826,0.916200,0.013626,0.000000,synthetic_chat_design_preset
30.55,0.933125,0.916500,0.016625,0.000000,synthetic_chat_design_preset
30.56,0.936162,0.916800,0.019362,0.000000,synthetic_chat_design_preset
30.57,0.938893,0.917100,0.021793,0.000000,synthetic_chat_design_preset
30.58,0.941281,0.917400,0.023881,0.000000,synthetic_chat_design_preset
30.59,0.943292,0.917700,0.025592,0.000000,synthetic_chat_design_preset
30.60,0.944900,0.918000,0.026900,0.000000,synthetic_chat_design_preset
30.61,0.946083,0.918300,0.027783,0.000000,synthetic_chat_design_preset
30.62,0.946828,0.918600,0.028228,0.000000,synthetic_chat_design_preset
30.63,0.947128,0.918900,0.028228,0.000000,synthetic_chat_design_preset
30.64,0.946983,0.919200,0.027783,0.000000,synthetic_chat_design_preset
30.65,0.946400,0.919500,0.026900,0.000000,synthetic_chat_design_preset
30.66,0.945392,0.919800,0.025592,0.000000,synthetic_chat_design_preset
30.67,0.943981,0.920100,0.023881,0.000000,synthetic_chat_design_preset
30.68,0.942193,0.920400,0.021793,0.000000,synthetic_chat_design_preset
30.69,0.940062,0.920700,0.019362,0.000000,synthetic_chat_design_preset
30.70,0.937625,0.921000,0.016625,0.000000,synthetic_chat_design_preset
30.71,0.934926,0.921300,0.013626,0.000000,synthetic_chat_design_preset
30.72,0.932012,0.921600,0.010412,0.000000,synthetic_chat_design_preset
30.73,0.928934,0.921900,0.007034,0.000000,synthetic_chat_design_preset
30.74,0.925745,0.922200,0.003545,0.000000,synthetic_chat_design_preset
30.75,0.922500,0.922500,0.000000,0.000000,synthetic_chat_design_preset
30.76,0.919255,0.922800,-0.003545,0.000000,synthetic_chat_design_preset
30.77,0.916066,0.923100,-0.007034,0.000000,synthetic_chat_design_preset
30.78,0.912988,0.923400,-0.010412,0.000000,synthetic_chat_design_preset
30.79,0.910074,0.923700,-0.013626,0.000000,synthetic_chat_design_preset
30.80,0.907375,0.924000,-0.016625,0.000000,synthetic_chat_design_preset
30.81,0.904938,0.924300,-0.019362,0.000000,synthetic_chat_design_preset
30.82,0.902807,0.924600,-0.021793,0.000000,synthetic_chat_design_preset
30.83,0.901019,0.924900,-0.023881,0.000000,synthetic_chat_design_preset
30.84,0.899608,0.925200,-0.025592,0.000000,synthetic_chat_design_preset
30.85,0.898600,0.925500,-0.026900,0.000000,synthetic_chat_design_preset
30.86,0.898017,0.925800,-0.027783,0.000000,synthetic_chat_design_preset
30.87,0.897872,0.926100,-0.028228,0.000000,synthetic_chat_design_preset
30.88,0.898172,0.926400,-0.028228,0.000000,synthetic_chat_design_preset
30.89,0.898917,0.926700,-0.027783,0.000000,synthetic_chat_design_preset
30.90,0.900100,0.927000,-0.026900,0.000000,synthetic_chat_design_preset
30.91,0.901708,0.927300,-0.025592,0.000000,synthetic_chat_design_preset
30.92,0.903719,0.927600,-0.023881,0.000000,synthetic_chat_design_preset
30.93,0.906107,0.927900,-0.021793,0.000000,synthetic_chat_design_preset
30.94,0.908838,0.928200,-0.019362,0.000000,synthetic_chat_design_preset
30.95,0.911875,0.928500,-0.016625,0.000000,synthetic_chat_design_preset
30.96,0.915174,0.928800,-0.013626,0.000000,synthetic_chat_design_preset
30.97,0.918688,0.929100,-0.010412,0.000000,synthetic_chat_design_preset
30.98,0.922366,0.929400,-0.007034,0.000000,synthetic_chat_design_preset
30.99,0.926155,0.929700,-0.003545,0.000000,synthetic_chat_design_preset
31.00,0.930000,0.930000,-0.000000,0.000000,synthetic_chat_design_preset
31.01,0.933845,0.930300,0.003545,0.000000,synthetic_chat_design_preset
31.02,0.937634,0.930600,0.007034,0.000000,synthetic_chat_design_preset
31.03,0.941312,0.930900,0.010412,0.000000,synthetic_chat_design_preset
31.04,0.944826,0.931200,0.013626,0.000000,synthetic_chat_design_preset
31.05,0.948125,0.931500,0.016625,0.000000,synthetic_chat_design_preset
31.06,0.951162,0.931800,0.019362,0.000000,synthetic_chat_design_preset
31.07,0.953893,0.932100,0.021793,0.000000,synthetic_chat_design_preset
31.08,0.956281,0.932400,0.023881,0.000000,synthetic_chat_design_preset
31.09,0.958292,0.932700,0.025592,0.000000,synthetic_chat_design_preset
31.10,0.959900,0.933000,0.026900,0.000000,synthetic_chat_design_preset
31.11,0.961083,0.933300,0.027783,0.000000,synthetic_chat_design_preset
31.12,0.961828,0.933600,0.028228,0.000000,synthetic_chat_design_preset
31.13,0.962128,0.933900,0.028228,0.000000,synthetic_chat_design_preset
31.14,0.961983,0.934200,0.027783,0.000000,synthetic_chat_design_preset
31.15,0.961400,0.934500,0.026900,0.000000,synthetic_chat_design_preset
31.16,0.960392,0.934800,0.025592,0.000000,synthetic_chat_design_preset
31.17,0.958981,0.935100,0.023881,0.000000,synthetic_chat_design_preset
31.18,0.957193,0.935400,0.021793,0.000000,synthetic_chat_design_preset
31.19,0.955062,0.935700,0.019362,0.000000,synthetic_chat_design_preset
31.20,0.952625,0.936000,0.016625,0.000000,synthetic_chat_design_preset
31.21,0.949926,0.936300,0.013626,0.000000,synthetic_chat_design_preset
31.22,0.947012,0.936600,0.010412,0.000000,synthetic_chat_design_preset
31.23,0.943934,0.936900,0.007034,0.000000,synthetic_chat_design_preset
31.24,0.940745,0.937200,0.003545,0.000000,synthetic_chat_design_preset
31.25,0.937500,0.937500,0.000000,0.000000,synthetic_chat_design_preset
31.26,0.934255,0.937800,-0.003545,0.000000,synthetic_chat_design_preset
31.27,0.931066,0.938100,-0.007034,0.000000,synthetic_chat_design_preset
31.28,0.927988,0.938400,-0.010412,0.000000,synthetic_chat_design_preset
31.29,0.925074,0.938700,-0.013626,0.000000,synthetic_chat_design_preset
31.30,0.922375,0.939000,-0.016625,0.000000,synthetic_chat_design_preset
31.31,0.919938,0.939300,-0.019362,0.000000,synthetic_chat_design_preset
31.32,0.917807,0.939600,-0.021793,0.000000,synthetic_chat_design_preset
31.33,0.916019,0.939900,-0.023881,0.000000,synthetic_chat_design_preset
31.34,0.914608,0.940200,-0.025592,0.000000,synthetic_chat_design_preset
31.35,0.913600,0.940500,-0.026900,0.000000,synthetic_chat_design_preset
31.36,0.913017,0.940800,-0.027783,0.000000,synthetic_chat_design_preset
31.37,0.912872,0.941100,-0.028228,0.000000,synthetic_chat_design_preset
31.38,0.913172,0.941400,-0.028228,0.000000,synthetic_chat_design_preset
31.39,0.913917,0.941700,-0.027783,0.000000,synthetic_chat_design_preset
31.40,0.915100,0.942000,-0.026900,0.000000,synthetic_chat_design_preset
31.41,0.916708,0.942300,-0.025592,0.000000,synthetic_chat_design_preset
31.42,0.918719,0.942600,-0.023881,0.000000,synthetic_chat_design_preset
31.43,0.921107,0.942900,-0.021793,0.000000,synthetic_chat_design_preset
31.44,0.923838,0.943200,-0.019362,0.000000,synthetic_chat_design_preset
31.45,0.926875,0.943500,-0.016625,0.000000,synthetic_chat_design_preset
31.46,0.930174,0.943800,-0.013626,0.000000,synthetic_chat_design_preset
31.47,0.933688,0.944100,-0.010412,0.000000,synthetic_chat_design_preset
31.48,0.937366,0.944400,-0.007034,0.000000,synthetic_chat_design_preset
31.49,0.941155,0.944700,-0.003545,0.000000,synthetic_chat_design_preset
31.50,0.945000,0.945000,0.000000,0.000000,synthetic_chat_design_preset
31.51,0.948845,0.945300,0.003545,0.000000,synthetic_chat_design_preset
31.52,0.952634,0.945600,0.007034,0.000000,synthetic_chat_design_preset
31.53,0.956312,0.945900,0.010412,0.000000,synthetic_chat_design_preset
31.54,0.959826,0.946200,0.013626,0.000000,synthetic_chat_design_preset
31.55,0.963125,0.946500,0.016625,0.000000,synthetic_chat_design_preset
31.56,0.966162,0.946800,0.019362,0.000000,synthetic_chat_design_preset
31.57,0.968893,0.947100,0.021793,0.000000,synthetic_chat_design_preset
31.58,0.971281,0.947400,0.023881,0.000000,synthetic_chat_design_preset
31.59,0.973292,0.947700,0.025592,0.000000,synthetic_chat_design_preset
31.60,0.974900,0.948000,0.026900,0.000000,synthetic_chat_design_preset
31.61,0.976083,0.948300,0.027783,0.000000,synthetic_chat_design_preset
31.62,0.976828,0.948600,0.028228,0.000000,synthetic_chat_design_preset
31.63,0.977128,0.948900,0.028228,0.000000,synthetic_chat_design_preset
31.64,0.976983,0.949200,0.027783,0.000000,synthetic_chat_design_preset
31.65,0.976400,0.949500,0.026900,0.000000,synthetic_chat_design_preset
31.66,0.975392,0.949800,0.025592,0.000000,synthetic_chat_design_preset
31.67,0.973981,0.950100,0.023881,0.000000,synthetic_chat_design_preset
31.68,0.972193,0.950400,0.021793,0.000000,synthetic_chat_design_preset
31.69,0.970062,0.950700,0.019362,0.000000,synthetic_chat_design_preset
31.70,0.967625,0.951000,0.016625,0.000000,synthetic_chat_design_preset
31.71,0.964926,0.951300,0.013626,0.000000,synthetic_chat_design_preset
31.72,0.962012,0.951600,0.010412,0.000000,synthetic_chat_design_preset
31.73,0.958934,0.951900,0.007034,0.000000,synthetic_chat_design_preset
31.74,0.955745,0.952200,0.003545,0.000000,synthetic_chat_design_preset
31.75,0.952500,0.952500,0.000000,0.000000,synthetic_chat_design_preset
31.76,0.949255,0.952800,-0.003545,0.000000,synthetic_chat_design_preset
31.77,0.946066,0.953100,-0.007034,0.000000,synthetic_chat_design_preset
31.78,0.942988,0.953400,-0.010412,0.000000,synthetic_chat_design_preset
31.79,0.940074,0.953700,-0.013626,0.000000,synthetic_chat_design_preset
31.80,0.937375,0.954000,-0.016625,0.000000,synthetic_chat_design_preset
31.81,0.934938,0.954300,-0.019362,0.000000,synthetic_chat_design_preset
31.82,0.932807,0.954600,-0.021793,0.000000,synthetic_chat_design_preset
31.83,0.931019,0.954900,-0.023881,0.000000,synthetic_chat_design_preset
31.84,0.929608,0.955200,-0.025592,0.000000,synthetic_chat_design_preset
31.85,0.928600,0.955500,-0.026900,0.000000,synthetic_chat_design_preset
31.86,0.928017,0.955800,-0.027783,0.000000,synthetic_chat_design_preset
31.87,0.927872,0.956100,-0.028228,0.000000,synthetic_chat_design_preset
31.88,0.928172,0.956400,-0.028228,0.000000,synthetic_chat_design_preset
31.89,0.928917,0.956700,-0.027783,0.000000,synthetic_chat_design_preset
31.90,0.930100,0.957000,-0.026900,0.000000,synthetic_chat_design_preset
31.91,0.931708,0.957300,-0.025592,0.000000,synthetic_chat_design_preset
31.92,0.933719,0.957600,-0.023881,0.000000,synthetic_chat_design_preset
31.93,0.936107,0.957900,-0.021793,0.000000,synthetic_chat_design_preset
31.94,0.938838,0.958200,-0.019362,0.000000,synthetic_chat_design_preset
31.95,0.941875,0.958500,-0.016625,0.000000,synthetic_chat_design_preset
31.96,0.945174,0.958800,-0.013626,0.000000,synthetic_chat_design_preset
31.97,0.948688,0.959100,-0.010412,0.000000,synthetic_chat_design_preset
31.98,0.952366,0.959400,-0.007034,0.000000,synthetic_chat_design_preset
31.99,0.956155,0.959700,-0.003545,0.000000,synthetic_chat_design_preset
32.00,0.960000,0.960000,-0.000000,0.000000,synthetic_chat_design_preset
32.01,0.963845,0.960300,0.003545,0.000000,synthetic_chat_design_preset
32.02,0.967634,0.960600,0.007034,0.000000,synthetic_chat_design_preset
32.03,0.971312,0.960900,0.010412,0.000000,synthetic_chat_design_preset
32.04,0.974826,0.961200,0.013626,0.000000,synthetic_chat_design_preset
32.05,0.978125,0.961500,0.016625,0.000000,synthetic_chat_design_preset
32.06,0.981162,0.961800,0.019362,0.000000,synthetic_chat_design_preset
32.07,0.983893,0.962100,0.021793,0.000000,synthetic_chat_design_preset
32.08,0.986281,0.962400,0.023881,0.000000,synthetic_chat_design_preset
32.09,0.988292,0.962700,0.025592,0.000000,synthetic_chat_design_preset
32.10,0.989900,0.963000,0.026900,0.000000,synthetic_chat_design_preset
32.11,0.991083,0.963300,0.027783,0.000000,synthetic_chat_design_preset
32.12,0.991828,0.963600,0.028228,0.000000,synthetic_chat_design_preset
32.13,0.992128,0.963900,0.028228,0.000000,synthetic_chat_design_preset
32.14,0.991983,0.964200,0.027783,0.000000,synthetic_chat_design_preset
32.15,0.991400,0.964500,0.026900,0.000000,synthetic_chat_design_preset
32.16,0.990392,0.964800,0.025592,0.000000,synthetic_chat_design_preset
32.17,0.988981,0.965100,0.023881,0.000000,synthetic_chat_design_preset
32.18,0.987193,0.965400,0.021793,0.000000,synthetic_chat_design_preset
32.19,0.985062,0.965700,0.019362,0.000000,synthetic_chat_design_preset
32.20,0.982625,0.966000,0.016625,0.000000,synthetic_chat_design_preset
32.21,0.979926,0.966300,0.013626,0.000000,synthetic_chat_design_preset
32.22,0.977012,0.966600,0.010412,0.000000,synthetic_chat_design_preset
32.23,0.973934,0.966900,0.007034,0.000000,synthetic_chat_design_preset
32.24,0.970745,0.967200,0.003545,0.000000,synthetic_chat_design_preset
32.25,0.967500,0.967500,0.000000,0.000000,synthetic_chat_design_preset
32.26,0.964255,0.967800,-0.003545,0.000000,synthetic_chat_design_preset
32.27,0.961066,0.968100,-0.007034,0.000000,synthetic_chat_design_preset
32.28,0.957988,0.968400,-0.010412,0.000000,synthetic_chat_design_preset
32.29,0.955074,0.968700,-0.013626,0.000000,synthetic_chat_design_preset
32.30,0.952375,0.969000,-0.016625,0.000000,synthetic_chat_design_preset
32.31,0.949938,0.969300,-0.019362,0.000000,synthetic_chat_design_preset
32.32,0.947807,0.969600,-0.021793,0.000000,synthetic_chat_design_preset
32.33,0.946019,0.969900,-0.023881,0.000000,synthetic_chat_design_preset
32.34,0.944608,0.970200,-0.025592,0.000000,synthetic_chat_design_preset
32.35,0.943600,0.970500,-0.026900,0.000000,synthetic_chat_design_preset
32.36,0.943017,0.970800,-0.027783,0.000000,synthetic_chat_design_preset
32.37,0.942872,0.971100,-0.028228,0.000000,synthetic_chat_design_preset
32.38,0.943172,0.971400,-0.028228,0.000000,synthetic_chat_design_preset
32.39,0.943917,0.971700,-0.027783,0.000000,synthetic_chat_design_preset
32.40,0.945100,0.972000,-0.026900,0.000000,synthetic_chat_design_preset
32.41,0.946708,0.972300,-0.025592,0.000000,synthetic_chat_design_preset
32.42,0.948719,0.972600,-0.023881,0.000000,synthetic_chat_design_preset
32.43,0.951107,0.972900,-0.021793,0.000000,synthetic_chat_design_preset
32.44,0.953838,0.973200,-0.019362,0.000000,synthetic_chat_design_preset
32.45,0.956875,0.973500,-0.016625,0.000000,synthetic_chat_design_preset
32.46,0.960174,0.973800,-0.013626,0.000000,synthetic_chat_design_preset
32.47,0.963688,0.974100,-0.010412,0.000000,synthetic_chat_design_preset
32.48,0.967366,0.974400,-0.007034,0.000000,synthetic_chat_design_preset
32.49,0.971155,0.974700,-0.003545,0.000000,synthetic_chat_design_preset
32.50,0.975000,0.975000,-0.000000,0.000000,synthetic_chat_design_preset
32.51,0.978845,0.975300,0.003545,0.000000,synthetic_chat_design_preset
32.52,0.982634,0.975600,0.007034,0.000000,synthetic_chat_design_preset
32.53,0.986312,0.975900,0.010412,0.000000,synthetic_chat_design_preset
32.54,0.989826,0.976200,0.013626,0.000000,synthetic_chat_design_preset
32.55,0.993125,0.976500,0.016625,0.000000,synthetic_chat_design_preset
32.56,0.996162,0.976800,0.019362,0.000000,synthetic_chat_design_preset
32.57,0.998893,0.977100,0.021793,0.000000,synthetic_chat_design_preset
32.58,1.001281,0.977400,0.023881,0.000000,synthetic_chat_design_preset
32.59,1.003292,0.977700,0.025592,0.000000,synthetic_chat_design_preset
32.60,1.004900,0.978000,0.026900,0.000000,synthetic_chat_design_preset
32.61,1.006083,0.978300,0.027783,0.000000,synthetic_chat_design_preset
32.62,1.006828,0.978600,0.028228,0.000000,synthetic_chat_design_preset
32.63,1.007128,0.978900,0.028228,0.000000,synthetic_chat_design_preset
32.64,1.006983,0.979200,0.027783,0.000000,synthetic_chat_design_preset
32.65,1.006400,0.979500,0.026900,0.000000,synthetic_chat_design_preset
32.66,1.005392,0.979800,0.025592,0.000000,synthetic_chat_design_preset
32.67,1.003981,0.980100,0.023881,0.000000,synthetic_chat_design_preset
32.68,1.002193,0.980400,0.021793,0.000000,synthetic_chat_design_preset
32.69,1.000062,0.980700,0.019362,0.000000,synthetic_chat_design_preset
32.70,0.997625,0.981000,0.016625,0.000000,synthetic_chat_design_preset
32.71,0.994926,0.981300,0.013626,0.000000,synthetic_chat_design_preset
32.72,0.992012,0.981600,0.010412,0.000000,synthetic_chat_design_preset
32.73,0.988934,0.981900,0.007034,0.000000,synthetic_chat_design_preset
32.74,0.985745,0.982200,0.003545,0.000000,synthetic_chat_design_preset
32.75,0.982500,0.982500,-0.000000,0.000000,synthetic_chat_design_preset
32.76,0.979255,0.982800,-0.003545,0.000000,synthetic_chat_design_preset
32.77,0.976066,0.983100,-0.007034,0.000000,synthetic_chat_design_preset
32.78,0.972988,0.983400,-0.010412,0.000000,synthetic_chat_design_preset
32.79,0.970074,0.983700,-0.013626,0.000000,synthetic_chat_design_preset
32.80,0.967375,0.984000,-0.016625,0.000000,synthetic_chat_design_preset
32.81,0.964938,0.984300,-0.019362,0.000000,synthetic_chat_design_preset
32.82,0.962807,0.984600,-0.021793,0.000000,synthetic_chat_design_preset
32.83,0.961019,0.984900,-0.023881,0.000000,synthetic_chat_design_preset
32.84,0.959608,0.985200,-0.025592,0.000000,synthetic_chat_design_preset
32.85,0.958600,0.985500,-0.026900,0.000000,synthetic_chat_design_preset
32.86,0.958017,0.985800,-0.027783,0.000000,synthetic_chat_design_preset
32.87,0.957872,0.986100,-0.028228,0.000000,synthetic_chat_design_preset
32.88,0.958172,0.986400,-0.028228,0.000000,synthetic_chat_design_preset
32.89,0.958917,0.986700,-0.027783,0.000000,synthetic_chat_design_preset
32.90,0.960100,0.987000,-0.026900,0.000000,synthetic_chat_design_preset
32.91,0.961708,0.987300,-0.025592,0.000000,synthetic_chat_design_preset
32.92,0.963719,0.987600,-0.023881,0.000000,synthetic_chat_design_preset
32.93,0.966107,0.987900,-0.021793,0.000000,synthetic_chat_design_preset
32.94,0.968838,0.988200,-0.019362,0.000000,synthetic_chat_design_preset
32.95,0.971875,0.988500,-0.016625,0.000000,synthetic_chat_design_preset
32.96,0.975174,0.988800,-0.013626,0.000000,synthetic_chat_design_preset
32.97,0.978688,0.989100,-0.010412,0.000000,synthetic_chat_design_preset
32.98,0.982366,0.989400,-0.007034,0.000000,synthetic_chat_design_preset
32.99,0.986155,0.989700,-0.003545,0.000000,synthetic_chat_design_preset
33.00,0.990000,0.990000,-0.000000,0.000000,synthetic_chat_design_preset
33.01,0.993845,0.990300,0.003545,0.000000,synthetic_chat_design_preset
33.02,0.997634,0.990600,0.007034,0.000000,synthetic_chat_design_preset
33.03,1.001312,0.990900,0.010412,0.000000,synthetic_chat_design_preset
33.04,1.004826,0.991200,0.013626,0.000000,synthetic_chat_design_preset
33.05,1.008125,0.991500,0.016625,0.000000,synthetic_chat_design_preset
33.06,1.011162,0.991800,0.019362,0.000000,synthetic_chat_design_preset
33.07,1.013893,0.992100,0.021793,0.000000,synthetic_chat_design_preset
33.08,1.016281,0.992400,0.023881,0.000000,synthetic_chat_design_preset
33.09,1.018292,0.992700,0.025592,0.000000,synthetic_chat_design_preset
33.10,1.019900,0.993000,0.026900,0.000000,synthetic_chat_design_preset
33.11,1.021083,0.993300,0.027783,0.000000,synthetic_chat_design_preset
33.12,1.021828,0.993600,0.028228,0.000000,synthetic_chat_design_preset
33.13,1.022128,0.993900,0.028228,0.000000,synthetic_chat_design_preset
33.14,1.021983,0.994200,0.027783,0.000000,synthetic_chat_design_preset
33.15,1.021400,0.994500,0.026900,0.000000,synthetic_chat_design_preset
33.16,1.020392,0.994800,0.025592,0.000000,synthetic_chat_design_preset
33.17,1.018981,0.995100,0.023881,0.000000,synthetic_chat_design_preset
33.18,1.017193,0.995400,0.021793,0.000000,synthetic_chat_design_preset
33.19,1.015062,0.995700,0.019362,0.000000,synthetic_chat_design_preset
33.20,1.012625,0.996000,0.016625,0.000000,synthetic_chat_design_preset
33.21,1.009926,0.996300,0.013626,0.000000,synthetic_chat_design_preset
33.22,1.007012,0.996600,0.010412,0.000000,synthetic_chat_design_preset
33.23,1.003934,0.996900,0.007034,0.000000,synthetic_chat_design_preset
33.24,1.000745,0.997200,0.003545,0.000000,synthetic_chat_design_preset
33.25,0.997500,0.997500,0.000000,0.000000,synthetic_chat_design_preset
33.26,0.994255,0.997800,-0.003545,0.000000,synthetic_chat_design_preset
33.27,0.991066,0.998100,-0.007034,0.000000,synthetic_chat_design_preset
33.28,0.987988,0.998400,-0.010412,0.000000,synthetic_chat_design_preset
33.29,0.985074,0.998700,-0.013626,0.000000,synthetic_chat_design_preset
33.30,0.982375,0.999000,-0.016625,0.000000,synthetic_chat_design_preset
33.31,0.979938,0.999300,-0.019362,0.000000,synthetic_chat_design_preset
33.32,0.977807,0.999600,-0.021793,0.000000,synthetic_chat_design_preset
33.33,0.976019,0.999900,-0.023881,0.000000,synthetic_chat_design_preset
33.34,0.974608,1.000200,-0.025592,0.000000,synthetic_chat_design_preset
33.35,0.973600,1.000500,-0.026900,0.000000,synthetic_chat_design_preset
33.36,0.973017,1.000800,-0.027783,0.000000,synthetic_chat_design_preset
33.37,0.972872,1.001100,-0.028228,0.000000,synthetic_chat_design_preset
33.38,0.973172,1.001400,-0.028228,0.000000,synthetic_chat_design_preset
33.39,0.973917,1.001700,-0.027783,0.000000,synthetic_chat_design_preset
33.40,0.975100,1.002000,-0.026900,0.000000,synthetic_chat_design_preset
33.41,0.976708,1.002300,-0.025592,0.000000,synthetic_chat_design_preset
33.42,0.978719,1.002600,-0.023881,0.000000,synthetic_chat_design_preset
33.43,0.981107,1.002900,-0.021793,0.000000,synthetic_chat_design_preset
33.44,0.983838,1.003200,-0.019362,0.000000,synthetic_chat_design_preset
33.45,0.986875,1.003500,-0.016625,0.000000,synthetic_chat_design_preset
33.46,0.990174,1.003800,-0.013626,0.000000,synthetic_chat_design_preset
33.47,0.993688,1.004100,-0.010412,0.000000,synthetic_chat_design_preset
33.48,0.997366,1.004400,-0.007034,0.000000,synthetic_chat_design_preset
33.49,1.001155,1.004700,-0.003545,0.000000,synthetic_chat_design_preset
33.50,1.005000,1.005000,-0.000000,0.000000,synthetic_chat_design_preset
33.51,1.008845,1.005300,0.003545,0.000000,synthetic_chat_design_preset
33.52,1.012634,1.005600,0.007034,0.000000,synthetic_chat_design_preset
33.53,1.016312,1.005900,0.010412,0.000000,synthetic_chat_design_preset
33.54,1.019826,1.006200,0.013626,0.000000,synthetic_chat_design_preset
33.55,1.023125,1.006500,0.016625,0.000000,synthetic_chat_design_preset
33.56,1.026162,1.006800,0.019362,0.000000,synthetic_chat_design_preset
33.57,1.028893,1.007100,0.021793,0.000000,synthetic_chat_design_preset
33.58,1.031281,1.007400,0.023881,0.000000,synthetic_chat_design_preset
33.59,1.033292,1.007700,0.025592,0.000000,synthetic_chat_design_preset
33.60,1.034900,1.008000,0.026900,0.000000,synthetic_chat_design_preset
33.61,1.036083,1.008300,0.027783,0.000000,synthetic_chat_design_preset
33.62,1.036828,1.008600,0.028228,0.000000,synthetic_chat_design_preset
33.63,1.037128,1.008900,0.028228,0.000000,synthetic_chat_design_preset
33.64,1.036983,1.009200,0.027783,0.000000,synthetic_chat_design_preset
33.65,1.036400,1.009500,0.026900,0.000000,synthetic_chat_design_preset
33.66,1.035392,1.009800,0.025592,0.000000,synthetic_chat_design_preset
33.67,1.033981,1.010100,0.023881,0.000000,synthetic_chat_design_preset
33.68,1.032193,1.010400,0.021793,0.000000,synthetic_chat_design_preset
33.69,1.030062,1.010700,0.019362,0.000000,synthetic_chat_design_preset
33.70,1.027625,1.011000,0.016625,0.000000,synthetic_chat_design_preset
33.71,1.024926,1.011300,0.013626,0.000000,synthetic_chat_design_preset
33.72,1.022012,1.011600,0.010412,0.000000,synthetic_chat_design_preset
33.73,1.018934,1.011900,0.007034,0.000000,synthetic_chat_design_preset
33.74,1.015745,1.012200,0.003545,0.000000,synthetic_chat_design_preset
33.75,1.012500,1.012500,0.000000,0.000000,synthetic_chat_design_preset
33.76,1.009255,1.012800,-0.003545,0.000000,synthetic_chat_design_preset
33.77,1.006066,1.013100,-0.007034,0.000000,synthetic_chat_design_preset
33.78,1.002988,1.013400,-0.010412,0.000000,synthetic_chat_design_preset
33.79,1.000074,1.013700,-0.013626,0.000000,synthetic_chat_design_preset
33.80,0.997375,1.014000,-0.016625,0.000000,synthetic_chat_design_preset
33.81,0.994938,1.014300,-0.019362,0.000000,synthetic_chat_design_preset
33.82,0.992807,1.014600,-0.021793,0.000000,synthetic_chat_design_preset
33.83,0.991019,1.014900,-0.023881,0.000000,synthetic_chat_design_preset
33.84,0.989608,1.015200,-0.025592,0.000000,synthetic_chat_design_preset
33.85,0.988600,1.015500,-0.026900,0.000000,synthetic_chat_design_preset
33.86,0.988017,1.015800,-0.027783,0.000000,synthetic_chat_design_preset
33.87,0.987872,1.016100,-0.028228,0.000000,synthetic_chat_design_preset
33.88,0.988172,1.016400,-0.028228,0.000000,synthetic_chat_design_preset
33.89,0.988917,1.016700,-0.027783,0.000000,synthetic_chat_design_preset
33.90,0.990100,1.017000,-0.026900,0.000000,synthetic_chat_design_preset
33.91,0.991708,1.017300,-0.025592,0.000000,synthetic_chat_design_preset
33.92,0.993719,1.017600,-0.023881,0.000000,synthetic_chat_design_preset
33.93,0.996107,1.017900,-0.021793,0.000000,synthetic_chat_design_preset
33.94,0.998838,1.018200,-0.019362,0.000000,synthetic_chat_design_preset
33.95,1.001875,1.018500,-0.016625,0.000000,synthetic_chat_design_preset
33.96,1.005174,1.018800,-0.013626,0.000000,synthetic_chat_design_preset
33.97,1.008688,1.019100,-0.010412,0.000000,synthetic_chat_design_preset
33.98,1.012366,1.019400,-0.007034,0.000000,synthetic_chat_design_preset
33.99,1.016155,1.019700,-0.003545,0.000000,synthetic_chat_design_preset
34.00,1.020000,1.020000,0.000000,0.000000,synthetic_chat_design_preset
34.01,1.023845,1.020300,0.003545,0.000000,synthetic_chat_design_preset
34.02,1.027634,1.020600,0.007034,0.000000,synthetic_chat_design_preset
34.03,1.031312,1.020900,0.010412,0.000000,synthetic_chat_design_preset
34.04,1.034826,1.021200,0.013626,0.000000,synthetic_chat_design_preset
34.05,1.038125,1.021500,0.016625,0.000000,synthetic_chat_design_preset
34.06,1.041162,1.021800,0.019362,0.000000,synthetic_chat_design_preset
34.07,1.043893,1.022100,0.021793,0.000000,synthetic_chat_design_preset
34.08,1.046281,1.022400,0.023881,0.000000,synthetic_chat_design_preset
34.09,1.048292,1.022700,0.025592,0.000000,synthetic_chat_design_preset
34.10,1.049900,1.023000,0.026900,0.000000,synthetic_chat_design_preset
34.11,1.051083,1.023300,0.027783,0.000000,synthetic_chat_design_preset
34.12,1.051828,1.023600,0.028228,0.000000,synthetic_chat_design_preset
34.13,1.052128,1.023900,0.028228,0.000000,synthetic_chat_design_preset
34.14,1.051983,1.024200,0.027783,0.000000,synthetic_chat_design_preset
34.15,1.051400,1.024500,0.026900,0.000000,synthetic_chat_design_preset
34.16,1.050392,1.024800,0.025592,0.000000,synthetic_chat_design_preset
34.17,1.048981,1.025100,0.023881,0.000000,synthetic_chat_design_preset
34.18,1.047193,1.025400,0.021793,0.000000,synthetic_chat_design_preset
34.19,1.045062,1.025700,0.019362,0.000000,synthetic_chat_design_preset
34.20,1.042625,1.026000,0.016625,0.000000,synthetic_chat_design_preset
34.21,1.039926,1.026300,0.013626,0.000000,synthetic_chat_design_preset
34.22,1.037012,1.026600,0.010412,0.000000,synthetic_chat_design_preset
34.23,1.033934,1.026900,0.007034,0.000000,synthetic_chat_design_preset
34.24,1.030745,1.027200,0.003545,0.000000,synthetic_chat_design_preset
34.25,1.027500,1.027500,-0.000000,0.000000,synthetic_chat_design_preset
34.26,1.024255,1.027800,-0.003545,0.000000,synthetic_chat_design_preset
34.27,1.021066,1.028100,-0.007034,0.000000,synthetic_chat_design_preset
34.28,1.017988,1.028400,-0.010412,0.000000,synthetic_chat_design_preset
34.29,1.015074,1.028700,-0.013626,0.000000,synthetic_chat_design_preset
34.30,1.012375,1.029000,-0.016625,0.000000,synthetic_chat_design_preset
34.31,1.009938,1.029300,-0.019362,0.000000,synthetic_chat_design_preset
34.32,1.007807,1.029600,-0.021793,0.000000,synthetic_chat_design_preset
34.33,1.006019,1.029900,-0.023881,0.000000,synthetic_chat_design_preset
34.34,1.004608,1.030200,-0.025592,0.000000,synthetic_chat_design_preset
34.35,1.003600,1.030500,-0.026900,0.000000,synthetic_chat_design_preset
34.36,1.003017,1.030800,-0.027783,0.000000,synthetic_chat_design_preset
34.37,1.002872,1.031100,-0.028228,0.000000,synthetic_chat_design_preset
34.38,1.003172,1.031400,-0.028228,0.000000,synthetic_chat_design_preset
34.39,1.003917,1.031700,-0.027783,0.000000,synthetic_chat_design_preset
34.40,1.005100,1.032000,-0.026900,0.000000,synthetic_chat_design_preset
34.41,1.006708,1.032300,-0.025592,0.000000,synthetic_chat_design_preset
34.42,1.008719,1.032600,-0.023881,0.000000,synthetic_chat_design_preset
34.43,1.011107,1.032900,-0.021793,0.000000,synthetic_chat_design_preset
34.44,1.013838,1.033200,-0.019362,0.000000,synthetic_chat_design_preset
34.45,1.016875,1.033500,-0.016625,0.000000,synthetic_chat_design_preset
34.46,1.020174,1.033800,-0.013626,0.000000,synthetic_chat_design_preset
34.47,1.023688,1.034100,-0.010412,0.000000,synthetic_chat_design_preset
34.48,1.027366,1.034400,-0.007034,0.000000,synthetic_chat_design_preset
34.49,1.031172,1.034700,-0.003545,0.000017,synthetic_chat_design_preset
34.50,1.035023,1.035000,-0.000000,0.000023,synthetic_chat_design_preset
34.51,1.038876,1.035300,0.003545,0.000031,synthetic_chat_design_preset
34.52,1.042675,1.035600,0.007034,0.000041,synthetic_chat_design_preset
34.53,1.046368,1.035900,0.010412,0.000055,synthetic_chat_design_preset
34.54,1.049900,1.036200,0.013626,0.000074,synthetic_chat_design_preset
34.55,1.053223,1.036500,0.016625,0.000098,synthetic_chat_design_preset
34.56,1.056290,1.036800,0.019362,0.000128,synthetic_chat_design_preset
34.57,1.059061,1.037100,0.021793,0.000168,synthetic_chat_design_preset
34.58,1.061499,1.037400,0.023881,0.000218,synthetic_chat_design_preset
34.59,1.063574,1.037700,0.025592,0.000282,synthetic_chat_design_preset
34.60,1.065262,1.038000,0.026900,0.000362,synthetic_chat_design_preset
34.61,1.066545,1.038300,0.027783,0.000461,synthetic_chat_design_preset
34.62,1.067413,1.038600,0.028228,0.000585,synthetic_chat_design_preset
34.63,1.067865,1.038900,0.028228,0.000737,synthetic_chat_design_preset
34.64,1.067906,1.039200,0.027783,0.000923,synthetic_chat_design_preset
34.65,1.067548,1.039500,0.026900,0.001148,synthetic_chat_design_preset
34.66,1.066813,1.039800,0.025592,0.001420,synthetic_chat_design_preset
34.67,1.065727,1.040100,0.023881,0.001746,synthetic_chat_design_preset
34.68,1.064326,1.040400,0.021793,0.002133,synthetic_chat_design_preset
34.69,1.062652,1.040700,0.019362,0.002590,synthetic_chat_design_preset
34.70,1.060750,1.041000,0.016625,0.003125,synthetic_chat_design_preset
34.71,1.058674,1.041300,0.013626,0.003748,synthetic_chat_design_preset
34.72,1.056479,1.041600,0.010412,0.004467,synthetic_chat_design_preset
34.73,1.054226,1.041900,0.007034,0.005292,synthetic_chat_design_preset
34.74,1.051976,1.042200,0.003545,0.006231,synthetic_chat_design_preset
34.75,1.049791,1.042500,0.000000,0.007291,synthetic_chat_design_preset
34.76,1.047734,1.042800,-0.003545,0.008479,synthetic_chat_design_preset
34.77,1.045866,1.043100,-0.007034,0.009800,synthetic_chat_design_preset
34.78,1.044245,1.043400,-0.010412,0.011257,synthetic_chat_design_preset
34.79,1.042925,1.043700,-0.013626,0.012851,synthetic_chat_design_preset
34.80,1.041957,1.044000,-0.016625,0.014582,synthetic_chat_design_preset
34.81,1.041381,1.044300,-0.019362,0.016443,synthetic_chat_design_preset
34.82,1.041235,1.044600,-0.021793,0.018428,synthetic_chat_design_preset
34.83,1.041545,1.044900,-0.023881,0.020526,synthetic_chat_design_preset
34.84,1.042331,1.045200,-0.025592,0.022723,synthetic_chat_design_preset
34.85,1.043600,1.045500,-0.026900,0.025000,synthetic_chat_design_preset
34.86,1.045353,1.045800,-0.027783,0.027336,synthetic_chat_design_preset
34.87,1.047579,1.046100,-0.028228,0.029707,synthetic_chat_design_preset
34.88,1.050257,1.046400,-0.028228,0.032086,synthetic_chat_design_preset
34.89,1.053358,1.046700,-0.027783,0.034442,synthetic_chat_design_preset
34.90,1.056843,1.047000,-0.026900,0.036743,synthetic_chat_design_preset
34.91,1.060666,1.047300,-0.025592,0.038958,synthetic_chat_design_preset
34.92,1.064772,1.047600,-0.023881,0.041053,synthetic_chat_design_preset
34.93,1.069101,1.047900,-0.021793,0.042994,synthetic_chat_design_preset
34.94,1.073589,1.048200,-0.019362,0.044751,synthetic_chat_design_preset
34.95,1.078169,1.048500,-0.016625,0.046294,synthetic_chat_design_preset
34.96,1.082769,1.048800,-0.013626,0.047595,synthetic_chat_design_preset
34.97,1.087321,1.049100,-0.010412,0.048633,synthetic_chat_design_preset
34.98,1.091754,1.049400,-0.007034,0.049388,synthetic_chat_design_preset
34.99,1.096001,1.049700,-0.003545,0.049846,synthetic_chat_design_preset
35.00,1.100000,1.050000,-0.000000,0.050000,synthetic_chat_design_preset
35.01,1.103691,1.050300,0.003545,0.049846,synthetic_chat_design_preset
35.02,1.107022,1.050600,0.007034,0.049388,synthetic_chat_design_preset
35.03,1.109945,1.050900,0.010412,0.048633,synthetic_chat_design_preset
35.04,1.112421,1.051200,0.013626,0.047595,synthetic_chat_design_preset
35.05,1.114419,1.051500,0.016625,0.046294,synthetic_chat_design_preset
35.06,1.115913,1.051800,0.019362,0.044751,synthetic_chat_design_preset
35.07,1.116888,1.052100,0.021793,0.042994,synthetic_chat_design_preset
35.08,1.117334,1.052400,0.023881,0.041053,synthetic_chat_design_preset
35.09,1.117251,1.052700,0.025592,0.038958,synthetic_chat_design_preset
35.10,1.116643,1.053000,0.026900,0.036743,synthetic_chat_design_preset
35.11,1.115525,1.053300,0.027783,0.034442,synthetic_chat_design_preset
35.12,1.113914,1.053600,0.028228,0.032086,synthetic_chat_design_preset
35.13,1.111836,1.053900,0.028228,0.029707,synthetic_chat_design_preset
35.14,1.109320,1.054200,0.027783,0.027336,synthetic_chat_design_preset
35.15,1.106400,1.054500,0.026900,0.025000,synthetic_chat_design_preset
35.16,1.103115,1.054800,0.025592,0.022723,synthetic_chat_design_preset
35.17,1.099508,1.055100,0.023881,0.020526,synthetic_chat_design_preset
35.18,1.095622,1.055400,0.021793,0.018428,synthetic_chat_design_preset
35.19,1.091505,1.055700,0.019362,0.016443,synthetic_chat_design_preset
35.20,1.087207,1.056000,0.016625,0.014582,synthetic_chat_design_preset
35.21,1.082777,1.056300,0.013626,0.012851,synthetic_chat_design_preset
35.22,1.078269,1.056600,0.010412,0.011257,synthetic_chat_design_preset
35.23,1.073734,1.056900,0.007034,0.009800,synthetic_chat_design_preset
35.24,1.069224,1.057200,0.003545,0.008479,synthetic_chat_design_preset
35.25,1.064791,1.057500,0.000000,0.007291,synthetic_chat_design_preset
35.26,1.060486,1.057800,-0.003545,0.006231,synthetic_chat_design_preset
35.27,1.056358,1.058100,-0.007034,0.005292,synthetic_chat_design_preset
35.28,1.052455,1.058400,-0.010412,0.004467,synthetic_chat_design_preset
35.29,1.048822,1.058700,-0.013626,0.003748,synthetic_chat_design_preset
35.30,1.045500,1.059000,-0.016625,0.003125,synthetic_chat_design_preset
35.31,1.042528,1.059300,-0.019362,0.002590,synthetic_chat_design_preset
35.32,1.039939,1.059600,-0.021793,0.002133,synthetic_chat_design_preset
35.33,1.037765,1.059900,-0.023881,0.001746,synthetic_chat_design_preset
35.34,1.036028,1.060200,-0.025592,0.001420,synthetic_chat_design_preset
35.35,1.034748,1.060500,-0.026900,0.001148,synthetic_chat_design_preset
35.36,1.033939,1.060800,-0.027783,0.000923,synthetic_chat_design_preset
35.37,1.033608,1.061100,-0.028228,0.000737,synthetic_chat_design_preset
35.38,1.033756,1.061400,-0.028228,0.000585,synthetic_chat_design_preset
35.39,1.034378,1.061700,-0.027783,0.000461,synthetic_chat_design_preset
35.40,1.035462,1.062000,-0.026900,0.000362,synthetic_chat_design_preset
35.41,1.036989,1.062300,-0.025592,0.000282,synthetic_chat_design_preset
35.42,1.038937,1.062600,-0.023881,0.000218,synthetic_chat_design_preset
35.43,1.041275,1.062900,-0.021793,0.000168,synthetic_chat_design_preset
35.44,1.043967,1.063200,-0.019362,0.000128,synthetic_chat_design_preset
35.45,1.046973,1.063500,-0.016625,0.000098,synthetic_chat_design_preset
35.46,1.050248,1.063800,-0.013626,0.000074,synthetic_chat_design_preset
35.47,1.053743,1.064100,-0.010412,0.000055,synthetic_chat_design_preset
35.48,1.057407,1.064400,-0.007034,0.000041,synthetic_chat_design_preset
35.49,1.061186,1.064700,-0.003545,0.000031,synthetic_chat_design_preset
35.50,1.065023,1.065000,0.000000,0.000023,synthetic_chat_design_preset
35.51,1.068845,1.065300,0.003545,0.000000,synthetic_chat_design_preset
35.52,1.072634,1.065600,0.007034,0.000000,synthetic_chat_design_preset
35.53,1.076312,1.065900,0.010412,0.000000,synthetic_chat_design_preset
35.54,1.079826,1.066200,0.013626,0.000000,synthetic_chat_design_preset
35.55,1.083125,1.066500,0.016625,0.000000,synthetic_chat_design_preset
35.56,1.086162,1.066800,0.019362,0.000000,synthetic_chat_design_preset
35.57,1.088893,1.067100,0.021793,0.000000,synthetic_chat_design_preset
35.58,1.091281,1.067400,0.023881,0.000000,synthetic_chat_design_preset
35.59,1.093292,1.067700,0.025592,0.000000,synthetic_chat_design_preset
35.60,1.094900,1.068000,0.026900,0.000000,synthetic_chat_design_preset
35.61,1.096083,1.068300,0.027783,0.000000,synthetic_chat_design_preset
35.62,1.096828,1.068600,0.028228,0.000000,synthetic_chat_design_preset
35.63,1.097128,1.068900,0.028228,0.000000,synthetic_chat_design_preset
35.64,1.096983,1.069200,0.027783,0.000000,synthetic_chat_design_preset
35.65,1.096400,1.069500,0.026900,0.000000,synthetic_chat_design_preset
35.66,1.095392,1.069800,0.025592,0.000000,synthetic_chat_design_preset
35.67,1.093981,1.070100,0.023881,0.000000,synthetic_chat_design_preset
35.68,1.092193,1.070400,0.021793,0.000000,synthetic_chat_design_preset
35.69,1.090062,1.070700,0.019362,0.000000,synthetic_chat_design_preset
35.70,1.087625,1.071000,0.016625,0.000000,synthetic_chat_design_preset
35.71,1.084926,1.071300,0.013626,0.000000,synthetic_chat_design_preset
35.72,1.082012,1.071600,0.010412,0.000000,synthetic_chat_design_preset
35.73,1.078934,1.071900,0.007034,0.000000,synthetic_chat_design_preset
35.74,1.075745,1.072200,0.003545,0.000000,synthetic_chat_design_preset
35.75,1.072500,1.072500,0.000000,0.000000,synthetic_chat_design_preset
35.76,1.069255,1.072800,-0.003545,0.000000,synthetic_chat_design_preset
35.77,1.066066,1.073100,-0.007034,0.000000,synthetic_chat_design_preset
35.78,1.062988,1.073400,-0.010412,0.000000,synthetic_chat_design_preset
35.79,1.060074,1.073700,-0.013626,0.000000,synthetic_chat_design_preset
35.80,1.057375,1.074000,-0.016625,0.000000,synthetic_chat_design_preset
35.81,1.054938,1.074300,-0.019362,0.000000,synthetic_chat_design_preset
35.82,1.052807,1.074600,-0.021793,0.000000,synthetic_chat_design_preset
35.83,1.051019,1.074900,-0.023881,0.000000,synthetic_chat_design_preset
35.84,1.049608,1.075200,-0.025592,0.000000,synthetic_chat_design_preset
35.85,1.048600,1.075500,-0.026900,0.000000,synthetic_chat_design_preset
35.86,1.048017,1.075800,-0.027783,0.000000,synthetic_chat_design_preset
35.87,1.047872,1.076100,-0.028228,0.000000,synthetic_chat_design_preset
35.88,1.048172,1.076400,-0.028228,0.000000,synthetic_chat_design_preset
35.89,1.048917,1.076700,-0.027783,0.000000,synthetic_chat_design_preset
35.90,1.050100,1.077000,-0.026900,0.000000,synthetic_chat_design_preset
35.91,1.051708,1.077300,-0.025592,0.000000,synthetic_chat_design_preset
35.92,1.053719,1.077600,-0.023881,0.000000,synthetic_chat_design_preset
35.93,1.056107,1.077900,-0.021793,0.000000,synthetic_chat_design_preset
35.94,1.058838,1.078200,-0.019362,0.000000,synthetic_chat_design_preset
35.95,1.061875,1.078500,-0.016625,0.000000,synthetic_chat_design_preset
35.96,1.065174,1.078800,-0.013626,0.000000,synthetic_chat_design_preset
35.97,1.068688,1.079100,-0.010412,0.000000,synthetic_chat_design_preset
35.98,1.072366,1.079400,-0.007034,0.000000,synthetic_chat_design_preset
35.99,1.076155,1.079700,-0.003545,0.000000,synthetic_chat_design_preset
36.00,1.080000,1.080000,-0.000000,0.000000,synthetic_chat_design_preset
36.01,1.083845,1.080300,0.003545,0.000000,synthetic_chat_design_preset
36.02,1.087634,1.080600,0.007034,0.000000,synthetic_chat_design_preset
36.03,1.091312,1.080900,0.010412,0.000000,synthetic_chat_design_preset
36.04,1.094826,1.081200,0.013626,0.000000,synthetic_chat_design_preset
36.05,1.098125,1.081500,0.016625,0.000000,synthetic_chat_design_preset
36.06,1.101162,1.081800,0.019362,0.000000,synthetic_chat_design_preset
36.07,1.103893,1.082100,0.021793,0.000000,synthetic_chat_design_preset
36.08,1.106281,1.082400,0.023881,0.000000,synthetic_chat_design_preset
36.09,1.108292,1.082700,0.025592,0.000000,synthetic_chat_design_preset
36.10,1.109900,1.083000,0.026900,0.000000,synthetic_chat_design_preset
36.11,1.111083,1.083300,0.027783,0.000000,synthetic_chat_design_preset
36.12,1.111828,1.083600,0.028228,0.000000,synthetic_chat_design_preset
36.13,1.112128,1.083900,0.028228,0.000000,synthetic_chat_design_preset
36.14,1.111983,1.084200,0.027783,0.000000,synthetic_chat_design_preset
36.15,1.111400,1.084500,0.026900,0.000000,synthetic_chat_design_preset
36.16,1.110392,1.084800,0.025592,0.000000,synthetic_chat_design_preset
36.17,1.108981,1.085100,0.023881,0.000000,synthetic_chat_design_preset
36.18,1.107193,1.085400,0.021793,0.000000,synthetic_chat_design_preset
36.19,1.105062,1.085700,0.019362,0.000000,synthetic_chat_design_preset
36.20,1.102625,1.086000,0.016625,0.000000,synthetic_chat_design_preset
36.21,1.099926,1.086300,0.013626,0.000000,synthetic_chat_design_preset
36.22,1.097012,1.086600,0.010412,0.000000,synthetic_chat_design_preset
36.23,1.093934,1.086900,0.007034,0.000000,synthetic_chat_design_preset
36.24,1.090745,1.087200,0.003545,0.000000,synthetic_chat_design_preset
36.25,1.087500,1.087500,0.000000,0.000000,synthetic_chat_design_preset
36.26,1.084255,1.087800,-0.003545,0.000000,synthetic_chat_design_preset
36.27,1.081066,1.088100,-0.007034,0.000000,synthetic_chat_design_preset
36.28,1.077988,1.088400,-0.010412,0.000000,synthetic_chat_design_preset
36.29,1.075074,1.088700,-0.013626,0.000000,synthetic_chat_design_preset
36.30,1.072375,1.089000,-0.016625,0.000000,synthetic_chat_design_preset
36.31,1.069938,1.089300,-0.019362,0.000000,synthetic_chat_design_preset
36.32,1.067807,1.089600,-0.021793,0.000000,synthetic_chat_design_preset
36.33,1.066019,1.089900,-0.023881,0.000000,synthetic_chat_design_preset
36.34,1.064608,1.090200,-0.025592,0.000000,synthetic_chat_design_preset
36.35,1.063600,1.090500,-0.026900,0.000000,synthetic_chat_design_preset
36.36,1.063017,1.090800,-0.027783,0.000000,synthetic_chat_design_preset
36.37,1.062872,1.091100,-0.028228,0.000000,synthetic_chat_design_preset
36.38,1.063172,1.091400,-0.028228,0.000000,synthetic_chat_design_preset
36.39,1.063917,1.091700,-0.027783,0.000000,synthetic_chat_design_preset
36.40,1.065100,1.092000,-0.026900,0.000000,synthetic_chat_design_preset
36.41,1.066708,1.092300,-0.025592,0.000000,synthetic_chat_design_preset
36.42,1.068719,1.092600,-0.023881,0.000000,synthetic_chat_design_preset
36.43,1.071107,1.092900,-0.021793,0.000000,synthetic_chat_design_preset
36.44,1.073838,1.093200,-0.019362,0.000000,synthetic_chat_design_preset
36.45,1.076875,1.093500,-0.016625,0.000000,synthetic_chat_design_preset
36.46,1.080174,1.093800,-0.013626,0.000000,synthetic_chat_design_preset
36.47,1.083688,1.094100,-0.010412,0.000000,synthetic_chat_design_preset
36.48,1.087366,1.094400,-0.007034,0.000000,synthetic_chat_design_preset
36.49,1.091155,1.094700,-0.003545,0.000000,synthetic_chat_design_preset
36.50,1.095000,1.095000,-0.000000,0.000000,synthetic_chat_design_preset
36.51,1.098845,1.095300,0.003545,0.000000,synthetic_chat_design_preset
36.52,1.102634,1.095600,0.007034,0.000000,synthetic_chat_design_preset
36.53,1.106312,1.095900,0.010412,0.000000,synthetic_chat_design_preset
36.54,1.109826,1.096200,0.013626,0.000000,synthetic_chat_design_preset
36.55,1.113125,1.096500,0.016625,0.000000,synthetic_chat_design_preset
36.56,1.116162,1.096800,0.019362,0.000000,synthetic_chat_design_preset
36.57,1.118893,1.097100,0.021793,0.000000,synthetic_chat_design_preset
36.58,1.121281,1.097400,0.023881,0.000000,synthetic_chat_design_preset
36.59,1.123292,1.097700,0.025592,0.000000,synthetic_chat_design_preset
36.60,1.124900,1.098000,0.026900,0.000000,synthetic_chat_design_preset
36.61,1.126083,1.098300,0.027783,0.000000,synthetic_chat_design_preset
36.62,1.126828,1.098600,0.028228,0.000000,synthetic_chat_design_preset
36.63,1.127128,1.098900,0.028228,0.000000,synthetic_chat_design_preset
36.64,1.126983,1.099200,0.027783,0.000000,synthetic_chat_design_preset
36.65,1.126400,1.099500,0.026900,0.000000,synthetic_chat_design_preset
36.66,1.125392,1.099800,0.025592,0.000000,synthetic_chat_design_preset
36.67,1.123981,1.100100,0.023881,0.000000,synthetic_chat_design_preset
36.68,1.122193,1.100400,0.021793,0.000000,synthetic_chat_design_preset
36.69,1.120062,1.100700,0.019362,0.000000,synthetic_chat_design_preset
36.70,1.117625,1.101000,0.016625,0.000000,synthetic_chat_design_preset
36.71,1.114926,1.101300,0.013626,0.000000,synthetic_chat_design_preset
36.72,1.112012,1.101600,0.010412,0.000000,synthetic_chat_design_preset
36.73,1.108934,1.101900,0.007034,0.000000,synthetic_chat_design_preset
36.74,1.105745,1.102200,0.003545,0.000000,synthetic_chat_design_preset
36.75,1.102500,1.102500,-0.000000,0.000000,synthetic_chat_design_preset
36.76,1.099255,1.102800,-0.003545,0.000000,synthetic_chat_design_preset
36.77,1.096066,1.103100,-0.007034,0.000000,synthetic_chat_design_preset
36.78,1.092988,1.103400,-0.010412,0.000000,synthetic_chat_design_preset
36.79,1.090074,1.103700,-0.013626,0.000000,synthetic_chat_design_preset
36.80,1.087375,1.104000,-0.016625,0.000000,synthetic_chat_design_preset
36.81,1.084938,1.104300,-0.019362,0.000000,synthetic_chat_design_preset
36.82,1.082807,1.104600,-0.021793,0.000000,synthetic_chat_design_preset
36.83,1.081019,1.104900,-0.023881,0.000000,synthetic_chat_design_preset
36.84,1.079608,1.105200,-0.025592,0.000000,synthetic_chat_design_preset
36.85,1.078600,1.105500,-0.026900,0.000000,synthetic_chat_design_preset
36.86,1.078017,1.105800,-0.027783,0.000000,synthetic_chat_design_preset
36.87,1.077872,1.106100,-0.028228,0.000000,synthetic_chat_design_preset
36.88,1.078172,1.106400,-0.028228,0.000000,synthetic_chat_design_preset
36.89,1.078917,1.106700,-0.027783,0.000000,synthetic_chat_design_preset
36.90,1.080100,1.107000,-0.026900,0.000000,synthetic_chat_design_preset
36.91,1.081708,1.107300,-0.025592,0.000000,synthetic_chat_design_preset
36.92,1.083719,1.107600,-0.023881,0.000000,synthetic_chat_design_preset
36.93,1.086107,1.107900,-0.021793,0.000000,synthetic_chat_design_preset
36.94,1.088838,1.108200,-0.019362,0.000000,synthetic_chat_design_preset
36.95,1.091875,1.108500,-0.016625,0.000000,synthetic_chat_design_preset
36.96,1.095174,1.108800,-0.013626,0.000000,synthetic_chat_design_preset
36.97,1.098688,1.109100,-0.010412,0.000000,synthetic_chat_design_preset
36.98,1.102366,1.109400,-0.007034,0.000000,synthetic_chat_design_preset
36.99,1.106155,1.109700,-0.003545,0.000000,synthetic_chat_design_preset
37.00,1.110000,1.110000,-0.000000,0.000000,synthetic_chat_design_preset
37.01,1.113845,1.110300,0.003545,0.000000,synthetic_chat_design_preset
37.02,1.117634,1.110600,0.007034,0.000000,synthetic_chat_design_preset
37.03,1.121312,1.110900,0.010412,0.000000,synthetic_chat_design_preset
37.04,1.124826,1.111200,0.013626,0.000000,synthetic_chat_design_preset
37.05,1.128125,1.111500,0.016625,0.000000,synthetic_chat_design_preset
37.06,1.131162,1.111800,0.019362,0.000000,synthetic_chat_design_preset
37.07,1.133893,1.112100,0.021793,0.000000,synthetic_chat_design_preset
37.08,1.136281,1.112400,0.023881,0.000000,synthetic_chat_design_preset
37.09,1.138292,1.112700,0.025592,0.000000,synthetic_chat_design_preset
37.10,1.139900,1.113000,0.026900,0.000000,synthetic_chat_design_preset
37.11,1.141083,1.113300,0.027783,0.000000,synthetic_chat_design_preset
37.12,1.141828,1.113600,0.028228,0.000000,synthetic_chat_design_preset
37.13,1.142128,1.113900,0.028228,0.000000,synthetic_chat_design_preset
37.14,1.141983,1.114200,0.027783,0.000000,synthetic_chat_design_preset
37.15,1.141400,1.114500,0.026900,0.000000,synthetic_chat_design_preset
37.16,1.140392,1.114800,0.025592,0.000000,synthetic_chat_design_preset
37.17,1.138981,1.115100,0.023881,0.000000,synthetic_chat_design_preset
37.18,1.137193,1.115400,0.021793,0.000000,synthetic_chat_design_preset
37.19,1.135062,1.115700,0.019362,0.000000,synthetic_chat_design_preset
37.20,1.132625,1.116000,0.016625,0.000000,synthetic_chat_design_preset
37.21,1.129926,1.116300,0.013626,0.000000,synthetic_chat_design_preset
37.22,1.127012,1.116600,0.010412,0.000000,synthetic_chat_design_preset
37.23,1.123934,1.116900,0.007034,0.000000,synthetic_chat_design_preset
37.24,1.120745,1.117200,0.003545,0.000000,synthetic_chat_design_preset
37.25,1.117500,1.117500,0.000000,0.000000,synthetic_chat_design_preset
37.26,1.114255,1.117800,-0.003545,0.000000,synthetic_chat_design_preset
37.27,1.111066,1.118100,-0.007034,0.000000,synthetic_chat_design_preset
37.28,1.107988,1.118400,-0.010412,0.000000,synthetic_chat_design_preset
37.29,1.105074,1.118700,-0.013626,0.000000,synthetic_chat_design_preset
37.30,1.102375,1.119000,-0.016625,0.000000,synthetic_chat_design_preset
37.31,1.099938,1.119300,-0.019362,0.000000,synthetic_chat_design_preset
37.32,1.097807,1.119600,-0.021793,0.000000,synthetic_chat_design_preset
37.33,1.096019,1.119900,-0.023881,0.000000,synthetic_chat_design_preset
37.34,1.094608,1.120200,-0.025592,0.000000,synthetic_chat_design_preset
37.35,1.093600,1.120500,-0.026900,0.000000,synthetic_chat_design_preset
37.36,1.093017,1.120800,-0.027783,0.000000,synthetic_chat_design_preset
37.37,1.092872,1.121100,-0.028228,0.000000,synthetic_chat_design_preset
37.38,1.093172,1.121400,-0.028228,0.000000,synthetic_chat_design_preset
37.39,1.093917,1.121700,-0.027783,0.000000,synthetic_chat_design_preset
37.40,1.095100,1.122000,-0.026900,0.000000,synthetic_chat_design_preset
37.41,1.096708,1.122300,-0.025592,0.000000,synthetic_chat_design_preset
37.42,1.098719,1.122600,-0.023881,0.000000,synthetic_chat_design_preset
37.43,1.101107,1.122900,-0.021793,0.000000,synthetic_chat_design_preset
37.44,1.103838,1.123200,-0.019362,0.000000,synthetic_chat_design_preset
37.45,1.106875,1.123500,-0.016625,0.000000,synthetic_chat_design_preset
37.46,1.110174,1.123800,-0.013626,0.000000,synthetic_chat_design_preset
37.47,1.113688,1.124100,-0.010412,0.000000,synthetic_chat_design_preset
37.48,1.117366,1.124400,-0.007034,0.000000,synthetic_chat_design_preset
37.49,1.121155,1.124700,-0.003545,0.000000,synthetic_chat_design_preset
37.50,1.125000,1.125000,-0.000000,0.000000,synthetic_chat_design_preset
37.51,1.128845,1.125300,0.003545,0.000000,synthetic_chat_design_preset
37.52,1.132634,1.125600,0.007034,0.000000,synthetic_chat_design_preset
37.53,1.136312,1.125900,0.010412,0.000000,synthetic_chat_design_preset
37.54,1.139826,1.126200,0.013626,0.000000,synthetic_chat_design_preset
37.55,1.143125,1.126500,0.016625,0.000000,synthetic_chat_design_preset
37.56,1.146162,1.126800,0.019362,0.000000,synthetic_chat_design_preset
37.57,1.148893,1.127100,0.021793,0.000000,synthetic_chat_design_preset
37.58,1.151281,1.127400,0.023881,0.000000,synthetic_chat_design_preset
37.59,1.153292,1.127700,0.025592,0.000000,synthetic_chat_design_preset
37.60,1.154900,1.128000,0.026900,0.000000,synthetic_chat_design_preset
37.61,1.156083,1.128300,0.027783,0.000000,synthetic_chat_design_preset
37.62,1.156828,1.128600,0.028228,0.000000,synthetic_chat_design_preset
37.63,1.157128,1.128900,0.028228,0.000000,synthetic_chat_design_preset
37.64,1.156983,1.129200,0.027783,0.000000,synthetic_chat_design_preset
37.65,1.156400,1.129500,0.026900,0.000000,synthetic_chat_design_preset
37.66,1.155392,1.129800,0.025592,0.000000,synthetic_chat_design_preset
37.67,1.153981,1.130100,0.023881,0.000000,synthetic_chat_design_preset
37.68,1.152193,1.130400,0.021793,0.000000,synthetic_chat_design_preset
37.69,1.150062,1.130700,0.019362,0.000000,synthetic_chat_design_preset
37.70,1.147625,1.131000,0.016625,0.000000,synthetic_chat_design_preset
37.71,1.144926,1.131300,0.013626,0.000000,synthetic_chat_design_preset
37.72,1.142012,1.131600,0.010412,0.000000,synthetic_chat_design_preset
37.73,1.138934,1.131900,0.007034,0.000000,synthetic_chat_design_preset
37.74,1.135745,1.132200,0.003545,0.000000,synthetic_chat_design_preset
37.75,1.132500,1.132500,0.000000,0.000000,synthetic_chat_design_preset
37.76,1.129255,1.132800,-0.003545,0.000000,synthetic_chat_design_preset
37.77,1.126066,1.133100,-0.007034,0.000000,synthetic_chat_design_preset
37.78,1.122988,1.133400,-0.010412,0.000000,synthetic_chat_design_preset
37.79,1.120074,1.133700,-0.013626,0.000000,synthetic_chat_design_preset
37.80,1.117375,1.134000,-0.016625,0.000000,synthetic_chat_design_preset
37.81,1.114938,1.134300,-0.019362,0.000000,synthetic_chat_design_preset
37.82,1.112807,1.134600,-0.021793,0.000000,synthetic_chat_design_preset
37.83,1.111019,1.134900,-0.023881,0.000000,synthetic_chat_design_preset
37.84,1.109608,1.135200,-0.025592,0.000000,synthetic_chat_design_preset
37.85,1.108600,1.135500,-0.026900,0.000000,synthetic_chat_design_preset
37.86,1.108017,1.135800,-0.027783,0.000000,synthetic_chat_design_preset
37.87,1.107872,1.136100,-0.028228,0.000000,synthetic_chat_design_preset
37.88,1.108172,1.136400,-0.028228,0.000000,synthetic_chat_design_preset
37.89,1.108917,1.136700,-0.027783,0.000000,synthetic_chat_design_preset
37.90,1.110100,1.137000,-0.026900,0.000000,synthetic_chat_design_preset
37.91,1.111708,1.137300,-0.025592,0.000000,synthetic_chat_design_preset
37.92,1.113719,1.137600,-0.023881,0.000000,synthetic_chat_design_preset
37.93,1.116107,1.137900,-0.021793,0.000000,synthetic_chat_design_preset
37.94,1.118838,1.138200,-0.019362,0.000000,synthetic_chat_design_preset
37.95,1.121875,1.138500,-0.016625,0.000000,synthetic_chat_design_preset
37.96,1.125174,1.138800,-0.013626,0.000000,synthetic_chat_design_preset
37.97,1.128688,1.139100,-0.010412,0.000000,synthetic_chat_design_preset
37.98,1.132366,1.139400,-0.007034,0.000000,synthetic_chat_design_preset
37.99,1.136155,1.139700,-0.003545,0.000000,synthetic_chat_design_preset
38.00,1.140000,1.140000,-0.000000,0.000000,synthetic_chat_design_preset
38.01,1.143845,1.140300,0.003545,0.000000,synthetic_chat_design_preset
38.02,1.147634,1.140600,0.007034,0.000000,synthetic_chat_design_preset
38.03,1.151312,1.140900,0.010412,0.000000,synthetic_chat_design_preset
38.04,1.154826,1.141200,0.013626,0.000000,synthetic_chat_design_preset
38.05,1.158125,1.141500,0.016625,0.000000,synthetic_chat_design_preset
38.06,1.161162,1.141800,0.019362,0.000000,synthetic_chat_design_preset
38.07,1.163893,1.142100,0.021793,0.000000,synthetic_chat_design_preset
38.08,1.166281,1.142400,0.023881,0.000000,synthetic_chat_design_preset
38.09,1.168292,1.142700,0.025592,0.000000,synthetic_chat_design_preset
38.10,1.169900,1.143000,0.026900,0.000000,synthetic_chat_design_preset
38.11,1.171083,1.143300,0.027783,0.000000,synthetic_chat_design_preset
38.12,1.171828,1.143600,0.028228,0.000000,synthetic_chat_design_preset
38.13,1.172128,1.143900,0.028228,0.000000,synthetic_chat_design_preset
38.14,1.171983,1.144200,0.027783,0.000000,synthetic_chat_design_preset
38.15,1.171400,1.144500,0.026900,0.000000,synthetic_chat_design_preset
38.16,1.170392,1.144800,0.025592,0.000000,synthetic_chat_design_preset
38.17,1.168981,1.145100,0.023881,0.000000,synthetic_chat_design_preset
38.18,1.167193,1.145400,0.021793,0.000000,synthetic_chat_design_preset
38.19,1.165062,1.145700,0.019362,0.000000,synthetic_chat_design_preset
38.20,1.162625,1.146000,0.016625,0.000000,synthetic_chat_design_preset
38.21,1.159926,1.146300,0.013626,0.000000,synthetic_chat_design_preset
38.22,1.157012,1.146600,0.010412,0.000000,synthetic_chat_design_preset
38.23,1.153934,1.146900,0.007034,0.000000,synthetic_chat_design_preset
38.24,1.150745,1.147200,0.003545,0.000000,synthetic_chat_design_preset
38.25,1.147500,1.147500,0.000000,0.000000,synthetic_chat_design_preset
38.26,1.144255,1.147800,-0.003545,0.000000,synthetic_chat_design_preset
38.27,1.141066,1.148100,-0.007034,0.000000,synthetic_chat_design_preset
38.28,1.137988,1.148400,-0.010412,0.000000,synthetic_chat_design_preset
38.29,1.135074,1.148700,-0.013626,0.000000,synthetic_chat_design_preset
38.30,1.132375,1.149000,-0.016625,0.000000,synthetic_chat_design_preset
38.31,1.129938,1.149300,-0.019362,0.000000,synthetic_chat_design_preset
38.32,1.127807,1.149600,-0.021793,0.000000,synthetic_chat_design_preset
38.33,1.126019,1.149900,-0.023881,0.000000,synthetic_chat_design_preset
38.34,1.124608,1.150200,-0.025592,0.000000,synthetic_chat_design_preset
38.35,1.123600,1.150500,-0.026900,0.000000,synthetic_chat_design_preset
38.36,1.123017,1.150800,-0.027783,0.000000,synthetic_chat_design_preset
38.37,1.122872,1.151100,-0.028228,0.000000,synthetic_chat_design_preset
38.38,1.123172,1.151400,-0.028228,0.000000,synthetic_chat_design_preset
38.39,1.123917,1.151700,-0.027783,0.000000,synthetic_chat_design_preset
38.40,1.125100,1.152000,-0.026900,0.000000,synthetic_chat_design_preset
38.41,1.126708,1.152300,-0.025592,0.000000,synthetic_chat_design_preset
38.42,1.128719,1.152600,-0.023881,0.000000,synthetic_chat_design_preset
38.43,1.131107,1.152900,-0.021793,0.000000,synthetic_chat_design_preset
38.44,1.133838,1.153200,-0.019362,0.000000,synthetic_chat_design_preset
38.45,1.136875,1.153500,-0.016625,0.000000,synthetic_chat_design_preset
38.46,1.140174,1.153800,-0.013626,0.000000,synthetic_chat_design_preset
38.47,1.143688,1.154100,-0.010412,0.000000,synthetic_chat_design_preset
38.48,1.147366,1.154400,-0.007034,0.000000,synthetic_chat_design_preset
38.49,1.151155,1.154700,-0.003545,0.000000,synthetic_chat_design_preset
38.50,1.155000,1.155000,-0.000000,0.000000,synthetic_chat_design_preset
38.51,1.158845,1.155300,0.003545,0.000000,synthetic_chat_design_preset
38.52,1.162634,1.155600,0.007034,0.000000,synthetic_chat_design_preset
38.53,1.166312,1.155900,0.010412,0.000000,synthetic_chat_design_preset
38.54,1.169826,1.156200,0.013626,0.000000,synthetic_chat_design_preset
38.55,1.173125,1.156500,0.016625,0.000000,synthetic_chat_design_preset
38.56,1.176162,1.156800,0.019362,0.000000,synthetic_chat_design_preset
38.57,1.178893,1.157100,0.021793,0.000000,synthetic_chat_design_preset
38.58,1.181281,1.157400,0.023881,0.000000,synthetic_chat_design_preset
38.59,1.183292,1.157700,0.025592,0.000000,synthetic_chat_design_preset
38.60,1.184900,1.158000,0.026900,0.000000,synthetic_chat_design_preset
38.61,1.186083,1.158300,0.027783,0.000000,synthetic_chat_design_preset
38.62,1.186828,1.158600,0.028228,0.000000,synthetic_chat_design_preset
38.63,1.187128,1.158900,0.028228,0.000000,synthetic_chat_design_preset
38.64,1.186983,1.159200,0.027783,0.000000,synthetic_chat_design_preset
38.65,1.186400,1.159500,0.026900,0.000000,synthetic_chat_design_preset
38.66,1.185392,1.159800,0.025592,0.000000,synthetic_chat_design_preset
38.67,1.183981,1.160100,0.023881,0.000000,synthetic_chat_design_preset
38.68,1.182193,1.160400,0.021793,0.000000,synthetic_chat_design_preset
38.69,1.180062,1.160700,0.019362,0.000000,synthetic_chat_design_preset
38.70,1.177625,1.161000,0.016625,0.000000,synthetic_chat_design_preset
38.71,1.174926,1.161300,0.013626,0.000000,synthetic_chat_design_preset
38.72,1.172012,1.161600,0.010412,0.000000,synthetic_chat_design_preset
38.73,1.168934,1.161900,0.007034,0.000000,synthetic_chat_design_preset
38.74,1.165745,1.162200,0.003545,0.000000,synthetic_chat_design_preset
38.75,1.162500,1.162500,0.000000,0.000000,synthetic_chat_design_preset
38.76,1.159255,1.162800,-0.003545,0.000000,synthetic_chat_design_preset
38.77,1.156066,1.163100,-0.007034,0.000000,synthetic_chat_design_preset
38.78,1.152988,1.163400,-0.010412,0.000000,synthetic_chat_design_preset
38.79,1.150074,1.163700,-0.013626,0.000000,synthetic_chat_design_preset
38.80,1.147375,1.164000,-0.016625,0.000000,synthetic_chat_design_preset
38.81,1.144938,1.164300,-0.019362,0.000000,synthetic_chat_design_preset
38.82,1.142807,1.164600,-0.021793,0.000000,synthetic_chat_design_preset
38.83,1.141019,1.164900,-0.023881,0.000000,synthetic_chat_design_preset
38.84,1.139608,1.165200,-0.025592,0.000000,synthetic_chat_design_preset
38.85,1.138600,1.165500,-0.026900,0.000000,synthetic_chat_design_preset
38.86,1.138017,1.165800,-0.027783,0.000000,synthetic_chat_design_preset
38.87,1.137872,1.166100,-0.028228,0.000000,synthetic_chat_design_preset
38.88,1.138172,1.166400,-0.028228,0.000000,synthetic_chat_design_preset
38.89,1.138917,1.166700,-0.027783,0.000000,synthetic_chat_design_preset
38.90,1.140100,1.167000,-0.026900,0.000000,synthetic_chat_design_preset
38.91,1.141708,1.167300,-0.025592,0.000000,synthetic_chat_design_preset
38.92,1.143719,1.167600,-0.023881,0.000000,synthetic_chat_design_preset
38.93,1.146107,1.167900,-0.021793,0.000000,synthetic_chat_design_preset
38.94,1.148838,1.168200,-0.019362,0.000000,synthetic_chat_design_preset
38.95,1.151875,1.168500,-0.016625,0.000000,synthetic_chat_design_preset
38.96,1.155174,1.168800,-0.013626,0.000000,synthetic_chat_design_preset
38.97,1.158688,1.169100,-0.010412,0.000000,synthetic_chat_design_preset
38.98,1.162366,1.169400,-0.007034,0.000000,synthetic_chat_design_preset
38.99,1.166155,1.169700,-0.003545,0.000000,synthetic_chat_design_preset
39.00,1.170000,1.170000,-0.000000,0.000000,synthetic_chat_design_preset
39.01,1.173845,1.170300,0.003545,0.000000,synthetic_chat_design_preset
39.02,1.177634,1.170600,0.007034,0.000000,synthetic_chat_design_preset
39.03,1.181312,1.170900,0.010412,0.000000,synthetic_chat_design_preset
39.04,1.184826,1.171200,0.013626,0.000000,synthetic_chat_design_preset
39.05,1.188125,1.171500,0.016625,0.000000,synthetic_chat_design_preset
39.06,1.191162,1.171800,0.019362,0.000000,synthetic_chat_design_preset
39.07,1.193893,1.172100,0.021793,0.000000,synthetic_chat_design_preset
39.08,1.196281,1.172400,0.023881,0.000000,synthetic_chat_design_preset
39.09,1.198292,1.172700,0.025592,0.000000,synthetic_chat_design_preset
39.10,1.199900,1.173000,0.026900,0.000000,synthetic_chat_design_preset
39.11,1.201083,1.173300,0.027783,0.000000,synthetic_chat_design_preset
39.12,1.201828,1.173600,0.028228,0.000000,synthetic_chat_design_preset
39.13,1.202128,1.173900,0.028228,0.000000,synthetic_chat_design_preset
39.14,1.201983,1.174200,0.027783,0.000000,synthetic_chat_design_preset
39.15,1.201400,1.174500,0.026900,0.000000,synthetic_chat_design_preset
39.16,1.200392,1.174800,0.025592,0.000000,synthetic_chat_design_preset
39.17,1.198981,1.175100,0.023881,0.000000,synthetic_chat_design_preset
39.18,1.197193,1.175400,0.021793,0.000000,synthetic_chat_design_preset
39.19,1.195062,1.175700,0.019362,0.000000,synthetic_chat_design_preset
39.20,1.192625,1.176000,0.016625,0.000000,synthetic_chat_design_preset
39.21,1.189926,1.176300,0.013626,0.000000,synthetic_chat_design_preset
39.22,1.187012,1.176600,0.010412,0.000000,synthetic_chat_design_preset
39.23,1.183934,1.176900,0.007034,0.000000,synthetic_chat_design_preset
39.24,1.180745,1.177200,0.003545,0.000000,synthetic_chat_design_preset
39.25,1.177500,1.177500,0.000000,0.000000,synthetic_chat_design_preset
39.26,1.174255,1.177800,-0.003545,0.000000,synthetic_chat_design_preset
39.27,1.171066,1.178100,-0.007034,0.000000,synthetic_chat_design_preset
39.28,1.167988,1.178400,-0.010412,0.000000,synthetic_chat_design_preset
39.29,1.165074,1.178700,-0.013626,0.000000,synthetic_chat_design_preset
39.30,1.162375,1.179000,-0.016625,0.000000,synthetic_chat_design_preset
39.31,1.159938,1.179300,-0.019362,0.000000,synthetic_chat_design_preset
39.32,1.157807,1.179600,-0.021793,0.000000,synthetic_chat_design_preset
39.33,1.156019,1.179900,-0.023881,0.000000,synthetic_chat_design_preset
39.34,1.154608,1.180200,-0.025592,0.000000,synthetic_chat_design_preset
39.35,1.153600,1.180500,-0.026900,0.000000,synthetic_chat_design_preset
39.36,1.153017,1.180800,-0.027783,0.000000,synthetic_chat_design_preset
39.37,1.152872,1.181100,-0.028228,0.000000,synthetic_chat_design_preset
39.38,1.153172,1.181400,-0.028228,0.000000,synthetic_chat_design_preset
39.39,1.153917,1.181700,-0.027783,0.000000,synthetic_chat_design_preset
39.40,1.155100,1.182000,-0.026900,0.000000,synthetic_chat_design_preset
39.41,1.156708,1.182300,-0.025592,0.000000,synthetic_chat_design_preset
39.42,1.158719,1.182600,-0.023881,0.000000,synthetic_chat_design_preset
39.43,1.161107,1.182900,-0.021793,0.000000,synthetic_chat_design_preset
39.44,1.163838,1.183200,-0.019362,0.000000,synthetic_chat_design_preset
39.45,1.166875,1.183500,-0.016625,0.000000,synthetic_chat_design_preset
39.46,1.170174,1.183800,-0.013626,0.000000,synthetic_chat_design_preset
39.47,1.173688,1.184100,-0.010412,0.000000,synthetic_chat_design_preset
39.48,1.177366,1.184400,-0.007034,0.000000,synthetic_chat_design_preset
39.49,1.181155,1.184700,-0.003545,0.000000,synthetic_chat_design_preset
39.50,1.185000,1.185000,0.000000,0.000000,synthetic_chat_design_preset
39.51,1.188845,1.185300,0.003545,0.000000,synthetic_chat_design_preset
39.52,1.192634,1.185600,0.007034,0.000000,synthetic_chat_design_preset
39.53,1.196312,1.185900,0.010412,0.000000,synthetic_chat_design_preset
39.54,1.199826,1.186200,0.013626,0.000000,synthetic_chat_design_preset
39.55,1.203125,1.186500,0.016625,0.000000,synthetic_chat_design_preset
39.56,1.206162,1.186800,0.019362,0.000000,synthetic_chat_design_preset
39.57,1.208893,1.187100,0.021793,0.000000,synthetic_chat_design_preset
39.58,1.211281,1.187400,0.023881,0.000000,synthetic_chat_design_preset
39.59,1.213292,1.187700,0.025592,0.000000,synthetic_chat_design_preset
39.60,1.214900,1.188000,0.026900,0.000000,synthetic_chat_design_preset
39.61,1.216083,1.188300,0.027783,0.000000,synthetic_chat_design_preset
39.62,1.216828,1.188600,0.028228,0.000000,synthetic_chat_design_preset
39.63,1.217128,1.188900,0.028228,0.000000,synthetic_chat_design_preset
39.64,1.216983,1.189200,0.027783,0.000000,synthetic_chat_design_preset
39.65,1.216400,1.189500,0.026900,0.000000,synthetic_chat_design_preset
39.66,1.215392,1.189800,0.025592,0.000000,synthetic_chat_design_preset
39.67,1.213981,1.190100,0.023881,0.000000,synthetic_chat_design_preset
39.68,1.212193,1.190400,0.021793,0.000000,synthetic_chat_design_preset
39.69,1.210062,1.190700,0.019362,0.000000,synthetic_chat_design_preset
39.70,1.207625,1.191000,0.016625,0.000000,synthetic_chat_design_preset
39.71,1.204926,1.191300,0.013626,0.000000,synthetic_chat_design_preset
39.72,1.202012,1.191600,0.010412,0.000000,synthetic_chat_design_preset
39.73,1.198934,1.191900,0.007034,0.000000,synthetic_chat_design_preset
39.74,1.195745,1.192200,0.003545,0.000000,synthetic_chat_design_preset
39.75,1.192500,1.192500,0.000000,0.000000,synthetic_chat_design_preset
39.76,1.189255,1.192800,-0.003545,0.000000,synthetic_chat_design_preset
39.77,1.186066,1.193100,-0.007034,0.000000,synthetic_chat_design_preset
39.78,1.182988,1.193400,-0.010412,0.000000,synthetic_chat_design_preset
39.79,1.180074,1.193700,-0.013626,0.000000,synthetic_chat_design_preset
39.80,1.177375,1.194000,-0.016625,0.000000,synthetic_chat_design_preset
39.81,1.174938,1.194300,-0.019362,0.000000,synthetic_chat_design_preset
39.82,1.172807,1.194600,-0.021793,0.000000,synthetic_chat_design_preset
39.83,1.171019,1.194900,-0.023881,0.000000,synthetic_chat_design_preset
39.84,1.169608,1.195200,-0.025592,0.000000,synthetic_chat_design_preset
39.85,1.168600,1.195500,-0.026900,0.000000,synthetic_chat_design_preset
39.86,1.168017,1.195800,-0.027783,0.000000,synthetic_chat_design_preset
39.87,1.167872,1.196100,-0.028228,0.000000,synthetic_chat_design_preset
39.88,1.168172,1.196400,-0.028228,0.000000,synthetic_chat_design_preset
39.89,1.168917,1.196700,-0.027783,0.000000,synthetic_chat_design_preset
39.90,1.170100,1.197000,-0.026900,0.000000,synthetic_chat_design_preset
39.91,1.171708,1.197300,-0.025592,0.000000,synthetic_chat_design_preset
39.92,1.173719,1.197600,-0.023881,0.000000,synthetic_chat_design_preset
39.93,1.176107,1.197900,-0.021793,0.000000,synthetic_chat_design_preset
39.94,1.178838,1.198200,-0.019362,0.000000,synthetic_chat_design_preset
39.95,1.181875,1.198500,-0.016625,0.000000,synthetic_chat_design_preset
39.96,1.185174,1.198800,-0.013626,0.000000,synthetic_chat_design_preset
39.97,1.188688,1.199100,-0.010412,0.000000,synthetic_chat_design_preset
39.98,1.192366,1.199400,-0.007034,0.000000,synthetic_chat_design_preset
39.99,1.196155,1.199700,-0.003545,0.000000,synthetic_chat_design_preset
40.00,1.200000,1.200000,-0.000000,0.000000,synthetic_chat_design_preset
40.01,1.203845,1.200300,0.003545,0.000000,synthetic_chat_design_preset
40.02,1.207634,1.200600,0.007034,0.000000,synthetic_chat_design_preset
40.03,1.211312,1.200900,0.010412,0.000000,synthetic_chat_design_preset
40.04,1.214826,1.201200,0.013626,0.000000,synthetic_chat_design_preset
40.05,1.218125,1.201500,0.016625,0.000000,synthetic_chat_design_preset
40.06,1.221162,1.201800,0.019362,0.000000,synthetic_chat_design_preset
40.07,1.223893,1.202100,0.021793,0.000000,synthetic_chat_design_preset
40.08,1.226281,1.202400,0.023881,0.000000,synthetic_chat_design_preset
40.09,1.228292,1.202700,0.025592,0.000000,synthetic_chat_design_preset
40.10,1.229900,1.203000,0.026900,0.000000,synthetic_chat_design_preset
40.11,1.231083,1.203300,0.027783,0.000000,synthetic_chat_design_preset
40.12,1.231828,1.203600,0.028228,0.000000,synthetic_chat_design_preset
40.13,1.232128,1.203900,0.028228,0.000000,synthetic_chat_design_preset
40.14,1.231983,1.204200,0.027783,0.000000,synthetic_chat_design_preset
40.15,1.231400,1.204500,0.026900,0.000000,synthetic_chat_design_preset
40.16,1.230392,1.204800,0.025592,0.000000,synthetic_chat_design_preset
40.17,1.228981,1.205100,0.023881,0.000000,synthetic_chat_design_preset
40.18,1.227193,1.205400,0.021793,0.000000,synthetic_chat_design_preset
40.19,1.225062,1.205700,0.019362,0.000000,synthetic_chat_design_preset
40.20,1.222625,1.206000,0.016625,0.000000,synthetic_chat_design_preset
40.21,1.219926,1.206300,0.013626,0.000000,synthetic_chat_design_preset
40.22,1.217012,1.206600,0.010412,0.000000,synthetic_chat_design_preset
40.23,1.213934,1.206900,0.007034,0.000000,synthetic_chat_design_preset
40.24,1.210745,1.207200,0.003545,0.000000,synthetic_chat_design_preset
40.25,1.207500,1.207500,0.000000,0.000000,synthetic_chat_design_preset
40.26,1.204255,1.207800,-0.003545,0.000000,synthetic_chat_design_preset
40.27,1.201066,1.208100,-0.007034,0.000000,synthetic_chat_design_preset
40.28,1.197988,1.208400,-0.010412,0.000000,synthetic_chat_design_preset
40.29,1.195074,1.208700,-0.013626,0.000000,synthetic_chat_design_preset
40.30,1.192375,1.209000,-0.016625,0.000000,synthetic_chat_design_preset
40.31,1.189938,1.209300,-0.019362,0.000000,synthetic_chat_design_preset
40.32,1.187807,1.209600,-0.021793,0.000000,synthetic_chat_design_preset
40.33,1.186019,1.209900,-0.023881,0.000000,synthetic_chat_design_preset
40.34,1.184608,1.210200,-0.025592,0.000000,synthetic_chat_design_preset
40.35,1.183600,1.210500,-0.026900,0.000000,synthetic_chat_design_preset
40.36,1.183017,1.210800,-0.027783,0.000000,synthetic_chat_design_preset
40.37,1.182872,1.211100,-0.028228,0.000000,synthetic_chat_design_preset
40.38,1.183172,1.211400,-0.028228,0.000000,synthetic_chat_design_preset
40.39,1.183917,1.211700,-0.027783,0.000000,synthetic_chat_design_preset
40.40,1.185100,1.212000,-0.026900,0.000000,synthetic_chat_design_preset
40.41,1.186708,1.212300,-0.025592,0.000000,synthetic_chat_design_preset
40.42,1.188719,1.212600,-0.023881,0.000000,synthetic_chat_design_preset
40.43,1.191107,1.212900,-0.021793,0.000000,synthetic_chat_design_preset
40.44,1.193838,1.213200,-0.019362,0.000000,synthetic_chat_design_preset
40.45,1.196875,1.213500,-0.016625,0.000000,synthetic_chat_design_preset
40.46,1.200174,1.213800,-0.013626,0.000000,synthetic_chat_design_preset
40.47,1.203688,1.214100,-0.010412,0.000000,synthetic_chat_design_preset
40.48,1.207366,1.214400,-0.007034,0.000000,synthetic_chat_design_preset
40.49,1.211155,1.214700,-0.003545,0.000000,synthetic_chat_design_preset
40.50,1.215000,1.215000,-0.000000,0.000000,synthetic_chat_design_preset
40.51,1.218845,1.215300,0.003545,0.000000,synthetic_chat_design_preset
40.52,1.222634,1.215600,0.007034,0.000000,synthetic_chat_design_preset
40.53,1.226312,1.215900,0.010412,0.000000,synthetic_chat_design_preset
40.54,1.229826,1.216200,0.013626,0.000000,synthetic_chat_design_preset
40.55,1.233125,1.216500,0.016625,0.000000,synthetic_chat_design_preset
40.56,1.236162,1.216800,0.019362,0.000000,synthetic_chat_design_preset
40.57,1.238893,1.217100,0.021793,0.000000,synthetic_chat_design_preset
40.58,1.241281,1.217400,0.023881,0.000000,synthetic_chat_design_preset
40.59,1.243292,1.217700,0.025592,0.000000,synthetic_chat_design_preset
40.60,1.244900,1.218000,0.026900,0.000000,synthetic_chat_design_preset
40.61,1.246083,1.218300,0.027783,0.000000,synthetic_chat_design_preset
40.62,1.246828,1.218600,0.028228,0.000000,synthetic_chat_design_preset
40.63,1.247128,1.218900,0.028228,0.000000,synthetic_chat_design_preset
40.64,1.246983,1.219200,0.027783,0.000000,synthetic_chat_design_preset
40.65,1.246400,1.219500,0.026900,0.000000,synthetic_chat_design_preset
40.66,1.245392,1.219800,0.025592,0.000000,synthetic_chat_design_preset
40.67,1.243981,1.220100,0.023881,0.000000,synthetic_chat_design_preset
40.68,1.242193,1.220400,0.021793,0.000000,synthetic_chat_design_preset
40.69,1.240062,1.220700,0.019362,0.000000,synthetic_chat_design_preset
40.70,1.237625,1.221000,0.016625,0.000000,synthetic_chat_design_preset
40.71,1.234926,1.221300,0.013626,0.000000,synthetic_chat_design_preset
40.72,1.232012,1.221600,0.010412,0.000000,synthetic_chat_design_preset
40.73,1.228934,1.221900,0.007034,0.000000,synthetic_chat_design_preset
40.74,1.225745,1.222200,0.003545,0.000000,synthetic_chat_design_preset
40.75,1.222500,1.222500,0.000000,0.000000,synthetic_chat_design_preset
40.76,1.219255,1.222800,-0.003545,0.000000,synthetic_chat_design_preset
40.77,1.216066,1.223100,-0.007034,0.000000,synthetic_chat_design_preset
40.78,1.212988,1.223400,-0.010412,0.000000,synthetic_chat_design_preset
40.79,1.210074,1.223700,-0.013626,0.000000,synthetic_chat_design_preset
40.80,1.207375,1.224000,-0.016625,0.000000,synthetic_chat_design_preset
40.81,1.204938,1.224300,-0.019362,0.000000,synthetic_chat_design_preset
40.82,1.202807,1.224600,-0.021793,0.000000,synthetic_chat_design_preset
40.83,1.201019,1.224900,-0.023881,0.000000,synthetic_chat_design_preset
40.84,1.199608,1.225200,-0.025592,0.000000,synthetic_chat_design_preset
40.85,1.198600,1.225500,-0.026900,0.000000,synthetic_chat_design_preset
40.86,1.198017,1.225800,-0.027783,0.000000,synthetic_chat_design_preset
40.87,1.197872,1.226100,-0.028228,0.000000,synthetic_chat_design_preset
40.88,1.198172,1.226400,-0.028228,0.000000,synthetic_chat_design_preset
40.89,1.198917,1.226700,-0.027783,0.000000,synthetic_chat_design_preset
40.90,1.200100,1.227000,-0.026900,0.000000,synthetic_chat_design_preset
40.91,1.201708,1.227300,-0.025592,0.000000,synthetic_chat_design_preset
40.92,1.203719,1.227600,-0.023881,0.000000,synthetic_chat_design_preset
40.93,1.206107,1.227900,-0.021793,0.000000,synthetic_chat_design_preset
40.94,1.208838,1.228200,-0.019362,0.000000,synthetic_chat_design_preset
40.95,1.211875,1.228500,-0.016625,0.000000,synthetic_chat_design_preset
40.96,1.215174,1.228800,-0.013626,0.000000,synthetic_chat_design_preset
40.97,1.218688,1.229100,-0.010412,0.000000,synthetic_chat_design_preset
40.98,1.222366,1.229400,-0.007034,0.000000,synthetic_chat_design_preset
40.99,1.226155,1.229700,-0.003545,0.000000,synthetic_chat_design_preset
41.00,1.230000,1.230000,-0.000000,0.000000,synthetic_chat_design_preset
41.01,1.233845,1.230300,0.003545,0.000000,synthetic_chat_design_preset
41.02,1.237634,1.230600,0.007034,0.000000,synthetic_chat_design_preset
41.03,1.241312,1.230900,0.010412,0.000000,synthetic_chat_design_preset
41.04,1.244826,1.231200,0.013626,0.000000,synthetic_chat_design_preset
41.05,1.248125,1.231500,0.016625,0.000000,synthetic_chat_design_preset
41.06,1.251162,1.231800,0.019362,0.000000,synthetic_chat_design_preset
41.07,1.253893,1.232100,0.021793,0.000000,synthetic_chat_design_preset
41.08,1.256281,1.232400,0.023881,0.000000,synthetic_chat_design_preset
41.09,1.258292,1.232700,0.025592,0.000000,synthetic_chat_design_preset
41.10,1.259900,1.233000,0.026900,0.000000,synthetic_chat_design_preset
41.11,1.261083,1.233300,0.027783,0.000000,synthetic_chat_design_preset
41.12,1.261828,1.233600,0.028228,0.000000,synthetic_chat_design_preset
41.13,1.262128,1.233900,0.028228,0.000000,synthetic_chat_design_preset
41.14,1.261983,1.234200,0.027783,0.000000,synthetic_chat_design_preset
41.15,1.261400,1.234500,0.026900,0.000000,synthetic_chat_design_preset
41.16,1.260392,1.234800,0.025592,0.000000,synthetic_chat_design_preset
41.17,1.258981,1.235100,0.023881,0.000000,synthetic_chat_design_preset
41.18,1.257193,1.235400,0.021793,0.000000,synthetic_chat_design_preset
41.19,1.255062,1.235700,0.019362,0.000000,synthetic_chat_design_preset
41.20,1.252625,1.236000,0.016625,0.000000,synthetic_chat_design_preset
41.21,1.249926,1.236300,0.013626,0.000000,synthetic_chat_design_preset
41.22,1.247012,1.236600,0.010412,0.000000,synthetic_chat_design_preset
41.23,1.243934,1.236900,0.007034,0.000000,synthetic_chat_design_preset
41.24,1.240745,1.237200,0.003545,0.000000,synthetic_chat_design_preset
41.25,1.237500,1.237500,0.000000,0.000000,synthetic_chat_design_preset
41.26,1.234255,1.237800,-0.003545,0.000000,synthetic_chat_design_preset
41.27,1.231066,1.238100,-0.007034,0.000000,synthetic_chat_design_preset
41.28,1.227988,1.238400,-0.010412,0.000000,synthetic_chat_design_preset
41.29,1.225074,1.238700,-0.013626,0.000000,synthetic_chat_design_preset
41.30,1.222375,1.239000,-0.016625,0.000000,synthetic_chat_design_preset
41.31,1.219938,1.239300,-0.019362,0.000000,synthetic_chat_design_preset
41.32,1.217807,1.239600,-0.021793,0.000000,synthetic_chat_design_preset
41.33,1.216019,1.239900,-0.023881,0.000000,synthetic_chat_design_preset
41.34,1.214608,1.240200,-0.025592,0.000000,synthetic_chat_design_preset
41.35,1.213600,1.240500,-0.026900,0.000000,synthetic_chat_design_preset
41.36,1.213017,1.240800,-0.027783,0.000000,synthetic_chat_design_preset
41.37,1.212872,1.241100,-0.028228,0.000000,synthetic_chat_design_preset
41.38,1.213172,1.241400,-0.028228,0.000000,synthetic_chat_design_preset
41.39,1.213917,1.241700,-0.027783,0.000000,synthetic_chat_design_preset
41.40,1.215100,1.242000,-0.026900,0.000000,synthetic_chat_design_preset
41.41,1.216708,1.242300,-0.025592,0.000000,synthetic_chat_design_preset
41.42,1.218719,1.242600,-0.023881,0.000000,synthetic_chat_design_preset
41.43,1.221107,1.242900,-0.021793,0.000000,synthetic_chat_design_preset
41.44,1.223838,1.243200,-0.019362,0.000000,synthetic_chat_design_preset
41.45,1.226875,1.243500,-0.016625,0.000000,synthetic_chat_design_preset
41.46,1.230174,1.243800,-0.013626,0.000000,synthetic_chat_design_preset
41.47,1.233688,1.244100,-0.010412,0.000000,synthetic_chat_design_preset
41.48,1.237366,1.244400,-0.007034,0.000000,synthetic_chat_design_preset
41.49,1.241155,1.244700,-0.003545,0.000000,synthetic_chat_design_preset
41.50,1.245000,1.245000,0.000000,0.000000,synthetic_chat_design_preset
41.51,1.248845,1.245300,0.003545,0.000000,synthetic_chat_design_preset
41.52,1.252634,1.245600,0.007034,0.000000,synthetic_chat_design_preset
41.53,1.256312,1.245900,0.010412,0.000000,synthetic_chat_design_preset
41.54,1.259826,1.246200,0.013626,0.000000,synthetic_chat_design_preset
41.55,1.263125,1.246500,0.016625,0.000000,synthetic_chat_design_preset
41.56,1.266162,1.246800,0.019362,0.000000,synthetic_chat_design_preset
41.57,1.268893,1.247100,0.021793,0.000000,synthetic_chat_design_preset
41.58,1.271281,1.247400,0.023881,0.000000,synthetic_chat_design_preset
41.59,1.273292,1.247700,0.025592,0.000000,synthetic_chat_design_preset
41.60,1.274900,1.248000,0.026900,0.000000,synthetic_chat_design_preset
41.61,1.276083,1.248300,0.027783,0.000000,synthetic_chat_design_preset
41.62,1.276828,1.248600,0.028228,0.000000,synthetic_chat_design_preset
41.63,1.277128,1.248900,0.028228,0.000000,synthetic_chat_design_preset
41.64,1.276983,1.249200,0.027783,0.000000,synthetic_chat_design_preset
41.65,1.276400,1.249500,0.026900,0.000000,synthetic_chat_design_preset
41.66,1.275392,1.249800,0.025592,0.000000,synthetic_chat_design_preset
41.67,1.273981,1.250100,0.023881,0.000000,synthetic_chat_design_preset
41.68,1.272193,1.250400,0.021793,0.000000,synthetic_chat_design_preset
41.69,1.270062,1.250700,0.019362,0.000000,synthetic_chat_design_preset
41.70,1.267625,1.251000,0.016625,0.000000,synthetic_chat_design_preset
41.71,1.264926,1.251300,0.013626,0.000000,synthetic_chat_design_preset
41.72,1.262012,1.251600,0.010412,0.000000,synthetic_chat_design_preset
41.73,1.258934,1.251900,0.007034,0.000000,synthetic_chat_design_preset
41.74,1.255745,1.252200,0.003545,0.000000,synthetic_chat_design_preset
41.75,1.252500,1.252500,-0.000000,0.000000,synthetic_chat_design_preset
41.76,1.249255,1.252800,-0.003545,0.000000,synthetic_chat_design_preset
41.77,1.246066,1.253100,-0.007034,0.000000,synthetic_chat_design_preset
41.78,1.242988,1.253400,-0.010412,0.000000,synthetic_chat_design_preset
41.79,1.240074,1.253700,-0.013626,0.000000,synthetic_chat_design_preset
41.80,1.237375,1.254000,-0.016625,0.000000,synthetic_chat_design_preset
41.81,1.234938,1.254300,-0.019362,0.000000,synthetic_chat_design_preset
41.82,1.232807,1.254600,-0.021793,0.000000,synthetic_chat_design_preset
41.83,1.231019,1.254900,-0.023881,0.000000,synthetic_chat_design_preset
41.84,1.229608,1.255200,-0.025592,0.000000,synthetic_chat_design_preset
41.85,1.228600,1.255500,-0.026900,0.000000,synthetic_chat_design_preset
41.86,1.228017,1.255800,-0.027783,0.000000,synthetic_chat_design_preset
41.87,1.227872,1.256100,-0.028228,0.000000,synthetic_chat_design_preset
41.88,1.228172,1.256400,-0.028228,0.000000,synthetic_chat_design_preset
41.89,1.228917,1.256700,-0.027783,0.000000,synthetic_chat_design_preset
41.90,1.230100,1.257000,-0.026900,0.000000,synthetic_chat_design_preset
41.91,1.231708,1.257300,-0.025592,0.000000,synthetic_chat_design_preset
41.92,1.233719,1.257600,-0.023881,0.000000,synthetic_chat_design_preset
41.93,1.236107,1.257900,-0.021793,0.000000,synthetic_chat_design_preset
41.94,1.238838,1.258200,-0.019362,0.000000,synthetic_chat_design_preset
41.95,1.241875,1.258500,-0.016625,0.000000,synthetic_chat_design_preset
41.96,1.245174,1.258800,-0.013626,0.000000,synthetic_chat_design_preset
41.97,1.248688,1.259100,-0.010412,0.000000,synthetic_chat_design_preset
41.98,1.252366,1.259400,-0.007034,0.000000,synthetic_chat_design_preset
41.99,1.256155,1.259700,-0.003545,0.000000,synthetic_chat_design_preset
42.00,1.260000,1.260000,0.000000,0.000000,synthetic_chat_design_preset
42.01,1.263845,1.260300,0.003545,0.000000,synthetic_chat_design_preset
42.02,1.267634,1.260600,0.007034,0.000000,synthetic_chat_design_preset
42.03,1.271312,1.260900,0.010412,0.000000,synthetic_chat_design_preset
42.04,1.274826,1.261200,0.013626,0.000000,synthetic_chat_design_preset
42.05,1.278125,1.261500,0.016625,0.000000,synthetic_chat_design_preset
42.06,1.281162,1.261800,0.019362,0.000000,synthetic_chat_design_preset
42.07,1.283893,1.262100,0.021793,0.000000,synthetic_chat_design_preset
42.08,1.286281,1.262400,0.023881,0.000000,synthetic_chat_design_preset
42.09,1.288292,1.262700,0.025592,0.000000,synthetic_chat_design_preset
42.10,1.289900,1.263000,0.026900,0.000000,synthetic_chat_design_preset
42.11,1.291083,1.263300,0.027783,0.000000,synthetic_chat_design_preset
42.12,1.291828,1.263600,0.028228,0.000000,synthetic_chat_design_preset
42.13,1.292128,1.263900,0.028228,0.000000,synthetic_chat_design_preset
42.14,1.291983,1.264200,0.027783,0.000000,synthetic_chat_design_preset
42.15,1.291400,1.264500,0.026900,0.000000,synthetic_chat_design_preset
42.16,1.290392,1.264800,0.025592,0.000000,synthetic_chat_design_preset
42.17,1.288981,1.265100,0.023881,0.000000,synthetic_chat_design_preset
42.18,1.287193,1.265400,0.021793,0.000000,synthetic_chat_design_preset
42.19,1.285062,1.265700,0.019362,0.000000,synthetic_chat_design_preset
42.20,1.282625,1.266000,0.016625,0.000000,synthetic_chat_design_preset
42.21,1.279926,1.266300,0.013626,0.000000,synthetic_chat_design_preset
42.22,1.277012,1.266600,0.010412,0.000000,synthetic_chat_design_preset
42.23,1.273934,1.266900,0.007034,0.000000,synthetic_chat_design_preset
42.24,1.270745,1.267200,0.003545,0.000000,synthetic_chat_design_preset
42.25,1.267500,1.267500,0.000000,0.000000,synthetic_chat_design_preset
42.26,1.264255,1.267800,-0.003545,0.000000,synthetic_chat_design_preset
42.27,1.261066,1.268100,-0.007034,0.000000,synthetic_chat_design_preset
42.28,1.257988,1.268400,-0.010412,0.000000,synthetic_chat_design_preset
42.29,1.255074,1.268700,-0.013626,0.000000,synthetic_chat_design_preset
42.30,1.252375,1.269000,-0.016625,0.000000,synthetic_chat_design_preset
42.31,1.249938,1.269300,-0.019362,0.000000,synthetic_chat_design_preset
42.32,1.247807,1.269600,-0.021793,0.000000,synthetic_chat_design_preset
42.33,1.246019,1.269900,-0.023881,0.000000,synthetic_chat_design_preset
42.34,1.244608,1.270200,-0.025592,0.000000,synthetic_chat_design_preset
42.35,1.243600,1.270500,-0.026900,0.000000,synthetic_chat_design_preset
42.36,1.243017,1.270800,-0.027783,0.000000,synthetic_chat_design_preset
42.37,1.242872,1.271100,-0.028228,0.000000,synthetic_chat_design_preset
42.38,1.243172,1.271400,-0.028228,0.000000,synthetic_chat_design_preset
42.39,1.243917,1.271700,-0.027783,0.000000,synthetic_chat_design_preset
42.40,1.245100,1.272000,-0.026900,0.000000,synthetic_chat_design_preset
42.41,1.246708,1.272300,-0.025592,0.000000,synthetic_chat_design_preset
42.42,1.248719,1.272600,-0.023881,0.000000,synthetic_chat_design_preset
42.43,1.251107,1.272900,-0.021793,0.000000,synthetic_chat_design_preset
42.44,1.253838,1.273200,-0.019362,0.000000,synthetic_chat_design_preset
42.45,1.256875,1.273500,-0.016625,0.000000,synthetic_chat_design_preset
42.46,1.260174,1.273800,-0.013626,0.000000,synthetic_chat_design_preset
42.47,1.263688,1.274100,-0.010412,0.000000,synthetic_chat_design_preset
42.48,1.267366,1.274400,-0.007034,0.000000,synthetic_chat_design_preset
42.49,1.271155,1.274700,-0.003545,0.000000,synthetic_chat_design_preset
42.50,1.275000,1.275000,-0.000000,0.000000,synthetic_chat_design_preset
42.51,1.278845,1.275300,0.003545,0.000000,synthetic_chat_design_preset
42.52,1.282634,1.275600,0.007034,0.000000,synthetic_chat_design_preset
42.53,1.286312,1.275900,0.010412,0.000000,synthetic_chat_design_preset
42.54,1.289826,1.276200,0.013626,0.000000,synthetic_chat_design_preset
42.55,1.293125,1.276500,0.016625,0.000000,synthetic_chat_design_preset
42.56,1.296162,1.276800,0.019362,0.000000,synthetic_chat_design_preset
42.57,1.298893,1.277100,0.021793,0.000000,synthetic_chat_design_preset
42.58,1.301281,1.277400,0.023881,0.000000,synthetic_chat_design_preset
42.59,1.303292,1.277700,0.025592,0.000000,synthetic_chat_design_preset
42.60,1.304900,1.278000,0.026900,0.000000,synthetic_chat_design_preset
42.61,1.306083,1.278300,0.027783,0.000000,synthetic_chat_design_preset
42.62,1.306828,1.278600,0.028228,0.000000,synthetic_chat_design_preset
42.63,1.307128,1.278900,0.028228,0.000000,synthetic_chat_design_preset
42.64,1.306983,1.279200,0.027783,0.000000,synthetic_chat_design_preset
42.65,1.306400,1.279500,0.026900,0.000000,synthetic_chat_design_preset
42.66,1.305392,1.279800,0.025592,0.000000,synthetic_chat_design_preset
42.67,1.303981,1.280100,0.023881,0.000000,synthetic_chat_design_preset
42.68,1.302193,1.280400,0.021793,0.000000,synthetic_chat_design_preset
42.69,1.300062,1.280700,0.019362,0.000000,synthetic_chat_design_preset
42.70,1.297625,1.281000,0.016625,0.000000,synthetic_chat_design_preset
42.71,1.294926,1.281300,0.013626,0.000000,synthetic_chat_design_preset
42.72,1.292012,1.281600,0.010412,0.000000,synthetic_chat_design_preset
42.73,1.288934,1.281900,0.007034,0.000000,synthetic_chat_design_preset
42.74,1.285745,1.282200,0.003545,0.000000,synthetic_chat_design_preset
42.75,1.282500,1.282500,0.000000,0.000000,synthetic_chat_design_preset
42.76,1.279255,1.282800,-0.003545,0.000000,synthetic_chat_design_preset
42.77,1.276066,1.283100,-0.007034,0.000000,synthetic_chat_design_preset
42.78,1.272988,1.283400,-0.010412,0.000000,synthetic_chat_design_preset
42.79,1.270074,1.283700,-0.013626,0.000000,synthetic_chat_design_preset
42.80,1.267375,1.284000,-0.016625,0.000000,synthetic_chat_design_preset
42.81,1.264938,1.284300,-0.019362,0.000000,synthetic_chat_design_preset
42.82,1.262807,1.284600,-0.021793,0.000000,synthetic_chat_design_preset
42.83,1.261019,1.284900,-0.023881,0.000000,synthetic_chat_design_preset
42.84,1.259608,1.285200,-0.025592,0.000000,synthetic_chat_design_preset
42.85,1.258600,1.285500,-0.026900,0.000000,synthetic_chat_design_preset
42.86,1.258017,1.285800,-0.027783,0.000000,synthetic_chat_design_preset
42.87,1.257872,1.286100,-0.028228,0.000000,synthetic_chat_design_preset
42.88,1.258172,1.286400,-0.028228,0.000000,synthetic_chat_design_preset
42.89,1.258917,1.286700,-0.027783,0.000000,synthetic_chat_design_preset
42.90,1.260100,1.287000,-0.026900,0.000000,synthetic_chat_design_preset
42.91,1.261708,1.287300,-0.025592,0.000000,synthetic_chat_design_preset
42.92,1.263719,1.287600,-0.023881,0.000000,synthetic_chat_design_preset
42.93,1.266107,1.287900,-0.021793,0.000000,synthetic_chat_design_preset
42.94,1.268838,1.288200,-0.019362,0.000000,synthetic_chat_design_preset
42.95,1.271875,1.288500,-0.016625,0.000000,synthetic_chat_design_preset
42.96,1.275174,1.288800,-0.013626,0.000000,synthetic_chat_design_preset
42.97,1.278688,1.289100,-0.010412,0.000000,synthetic_chat_design_preset
42.98,1.282366,1.289400,-0.007034,0.000000,synthetic_chat_design_preset
42.99,1.286155,1.289700,-0.003545,0.000000,synthetic_chat_design_preset
43.00,1.290000,1.290000,-0.000000,0.000000,synthetic_chat_design_preset
43.01,1.293845,1.290300,0.003545,0.000000,synthetic_chat_design_preset
43.02,1.297634,1.290600,0.007034,0.000000,synthetic_chat_design_preset
43.03,1.301312,1.290900,0.010412,0.000000,synthetic_chat_design_preset
43.04,1.304826,1.291200,0.013626,0.000000,synthetic_chat_design_preset
43.05,1.308125,1.291500,0.016625,0.000000,synthetic_chat_design_preset
43.06,1.311162,1.291800,0.019362,0.000000,synthetic_chat_design_preset
43.07,1.313893,1.292100,0.021793,0.000000,synthetic_chat_design_preset
43.08,1.316281,1.292400,0.023881,0.000000,synthetic_chat_design_preset
43.09,1.318292,1.292700,0.025592,0.000000,synthetic_chat_design_preset
43.10,1.319900,1.293000,0.026900,0.000000,synthetic_chat_design_preset
43.11,1.321083,1.293300,0.027783,0.000000,synthetic_chat_design_preset
43.12,1.321828,1.293600,0.028228,0.000000,synthetic_chat_design_preset
43.13,1.322128,1.293900,0.028228,0.000000,synthetic_chat_design_preset
43.14,1.321983,1.294200,0.027783,0.000000,synthetic_chat_design_preset
43.15,1.321400,1.294500,0.026900,0.000000,synthetic_chat_design_preset
43.16,1.320392,1.294800,0.025592,0.000000,synthetic_chat_design_preset
43.17,1.318981,1.295100,0.023881,0.000000,synthetic_chat_design_preset
43.18,1.317193,1.295400,0.021793,0.000000,synthetic_chat_design_preset
43.19,1.315062,1.295700,0.019362,0.000000,synthetic_chat_design_preset
43.20,1.312625,1.296000,0.016625,0.000000,synthetic_chat_design_preset
43.21,1.309926,1.296300,0.013626,0.000000,synthetic_chat_design_preset
43.22,1.307012,1.296600,0.010412,0.000000,synthetic_chat_design_preset
43.23,1.303934,1.296900,0.007034,0.000000,synthetic_chat_design_preset
43.24,1.300745,1.297200,0.003545,0.000000,synthetic_chat_design_preset
43.25,1.297500,1.297500,0.000000,0.000000,synthetic_chat_design_preset
43.26,1.294255,1.297800,-0.003545,0.000000,synthetic_chat_design_preset
43.27,1.291066,1.298100,-0.007034,0.000000,synthetic_chat_design_preset
43.28,1.287988,1.298400,-0.010412,0.000000,synthetic_chat_design_preset
43.29,1.285074,1.298700,-0.013626,0.000000,synthetic_chat_design_preset
43.30,1.282375,1.299000,-0.016625,0.000000,synthetic_chat_design_preset
43.31,1.279938,1.299300,-0.019362,0.000000,synthetic_chat_design_preset
43.32,1.277807,1.299600,-0.021793,0.000000,synthetic_chat_design_preset
43.33,1.276019,1.299900,-0.023881,0.000000,synthetic_chat_design_preset
43.34,1.274608,1.300200,-0.025592,0.000000,synthetic_chat_design_preset
43.35,1.273600,1.300500,-0.026900,0.000000,synthetic_chat_design_preset
43.36,1.273017,1.300800,-0.027783,0.000000,synthetic_chat_design_preset
43.37,1.272872,1.301100,-0.028228,0.000000,synthetic_chat_design_preset
43.38,1.273172,1.301400,-0.028228,0.000000,synthetic_chat_design_preset
43.39,1.273917,1.301700,-0.027783,0.000000,synthetic_chat_design_preset
43.40,1.275100,1.302000,-0.026900,0.000000,synthetic_chat_design_preset
43.41,1.276708,1.302300,-0.025592,0.000000,synthetic_chat_design_preset
43.42,1.278719,1.302600,-0.023881,0.000000,synthetic_chat_design_preset
43.43,1.281107,1.302900,-0.021793,0.000000,synthetic_chat_design_preset
43.44,1.283838,1.303200,-0.019362,0.000000,synthetic_chat_design_preset
43.45,1.286875,1.303500,-0.016625,0.000000,synthetic_chat_design_preset
43.46,1.290174,1.303800,-0.013626,0.000000,synthetic_chat_design_preset
43.47,1.293688,1.304100,-0.010412,0.000000,synthetic_chat_design_preset
43.48,1.297366,1.304400,-0.007034,0.000000,synthetic_chat_design_preset
43.49,1.301155,1.304700,-0.003545,0.000000,synthetic_chat_design_preset
43.50,1.305000,1.305000,-0.000000,0.000000,synthetic_chat_design_preset
43.51,1.308845,1.305300,0.003545,0.000000,synthetic_chat_design_preset
43.52,1.312634,1.305600,0.007034,0.000000,synthetic_chat_design_preset
43.53,1.316312,1.305900,0.010412,0.000000,synthetic_chat_design_preset
43.54,1.319826,1.306200,0.013626,0.000000,synthetic_chat_design_preset
43.55,1.323125,1.306500,0.016625,0.000000,synthetic_chat_design_preset
43.56,1.326162,1.306800,0.019362,0.000000,synthetic_chat_design_preset
43.57,1.328893,1.307100,0.021793,0.000000,synthetic_chat_design_preset
43.58,1.331281,1.307400,0.023881,0.000000,synthetic_chat_design_preset
43.59,1.333292,1.307700,0.025592,0.000000,synthetic_chat_design_preset
43.60,1.334900,1.308000,0.026900,0.000000,synthetic_chat_design_preset
43.61,1.336083,1.308300,0.027783,0.000000,synthetic_chat_design_preset
43.62,1.336828,1.308600,0.028228,0.000000,synthetic_chat_design_preset
43.63,1.337128,1.308900,0.028228,0.000000,synthetic_chat_design_preset
43.64,1.336983,1.309200,0.027783,0.000000,synthetic_chat_design_preset
43.65,1.336400,1.309500,0.026900,0.000000,synthetic_chat_design_preset
43.66,1.335392,1.309800,0.025592,0.000000,synthetic_chat_design_preset
43.67,1.333981,1.310100,0.023881,0.000000,synthetic_chat_design_preset
43.68,1.332193,1.310400,0.021793,0.000000,synthetic_chat_design_preset
43.69,1.330062,1.310700,0.019362,0.000000,synthetic_chat_design_preset
43.70,1.327625,1.311000,0.016625,0.000000,synthetic_chat_design_preset
43.71,1.324926,1.311300,0.013626,0.000000,synthetic_chat_design_preset
43.72,1.322012,1.311600,0.010412,0.000000,synthetic_chat_design_preset
43.73,1.318934,1.311900,0.007034,0.000000,synthetic_chat_design_preset
43.74,1.315745,1.312200,0.003545,0.000000,synthetic_chat_design_preset
43.75,1.312500,1.312500,0.000000,0.000000,synthetic_chat_design_preset
43.76,1.309255,1.312800,-0.003545,0.000000,synthetic_chat_design_preset
43.77,1.306066,1.313100,-0.007034,0.000000,synthetic_chat_design_preset
43.78,1.302988,1.313400,-0.010412,0.000000,synthetic_chat_design_preset
43.79,1.300074,1.313700,-0.013626,0.000000,synthetic_chat_design_preset
43.80,1.297375,1.314000,-0.016625,0.000000,synthetic_chat_design_preset
43.81,1.294938,1.314300,-0.019362,0.000000,synthetic_chat_design_preset
43.82,1.292807,1.314600,-0.021793,0.000000,synthetic_chat_design_preset
43.83,1.291019,1.314900,-0.023881,0.000000,synthetic_chat_design_preset
43.84,1.289608,1.315200,-0.025592,0.000000,synthetic_chat_design_preset
43.85,1.288600,1.315500,-0.026900,0.000000,synthetic_chat_design_preset
43.86,1.288017,1.315800,-0.027783,0.000000,synthetic_chat_design_preset
43.87,1.287872,1.316100,-0.028228,0.000000,synthetic_chat_design_preset
43.88,1.288172,1.316400,-0.028228,0.000000,synthetic_chat_design_preset
43.89,1.288917,1.316700,-0.027783,0.000000,synthetic_chat_design_preset
43.90,1.290100,1.317000,-0.026900,0.000000,synthetic_chat_design_preset
43.91,1.291708,1.317300,-0.025592,0.000000,synthetic_chat_design_preset
43.92,1.293719,1.317600,-0.023881,0.000000,synthetic_chat_design_preset
43.93,1.296107,1.317900,-0.021793,0.000000,synthetic_chat_design_preset
43.94,1.298838,1.318200,-0.019362,0.000000,synthetic_chat_design_preset
43.95,1.301875,1.318500,-0.016625,0.000000,synthetic_chat_design_preset
43.96,1.305174,1.318800,-0.013626,0.000000,synthetic_chat_design_preset
43.97,1.308688,1.319100,-0.010412,0.000000,synthetic_chat_design_preset
43.98,1.312366,1.319400,-0.007034,0.000000,synthetic_chat_design_preset
43.99,1.316155,1.319700,-0.003545,0.000000,synthetic_chat_design_preset
44.00,1.320000,1.320000,-0.000000,0.000000,synthetic_chat_design_preset
44.01,1.323845,1.320300,0.003545,0.000000,synthetic_chat_design_preset
44.02,1.327634,1.320600,0.007034,0.000000,synthetic_chat_design_preset
44.03,1.331312,1.320900,0.010412,0.000000,synthetic_chat_design_preset
44.04,1.334826,1.321200,0.013626,0.000000,synthetic_chat_design_preset
44.05,1.338125,1.321500,0.016625,0.000000,synthetic_chat_design_preset
44.06,1.341162,1.321800,0.019362,0.000000,synthetic_chat_design_preset
44.07,1.343893,1.322100,0.021793,0.000000,synthetic_chat_design_preset
44.08,1.346281,1.322400,0.023881,0.000000,synthetic_chat_design_preset
44.09,1.348292,1.322700,0.025592,0.000000,synthetic_chat_design_preset
44.10,1.349900,1.323000,0.026900,0.000000,synthetic_chat_design_preset
44.11,1.351083,1.323300,0.027783,0.000000,synthetic_chat_design_preset
44.12,1.351828,1.323600,0.028228,0.000000,synthetic_chat_design_preset
44.13,1.352128,1.323900,0.028228,0.000000,synthetic_chat_design_preset
44.14,1.351983,1.324200,0.027783,0.000000,synthetic_chat_design_preset
44.15,1.351400,1.324500,0.026900,0.000000,synthetic_chat_design_preset
44.16,1.350392,1.324800,0.025592,0.000000,synthetic_chat_design_preset
44.17,1.348981,1.325100,0.023881,0.000000,synthetic_chat_design_preset
44.18,1.347193,1.325400,0.021793,0.000000,synthetic_chat_design_preset
44.19,1.345062,1.325700,0.019362,0.000000,synthetic_chat_design_preset
44.20,1.342625,1.326000,0.016625,0.000000,synthetic_chat_design_preset
44.21,1.339926,1.326300,0.013626,0.000000,synthetic_chat_design_preset
44.22,1.337012,1.326600,0.010412,0.000000,synthetic_chat_design_preset
44.23,1.333934,1.326900,0.007034,0.000000,synthetic_chat_design_preset
44.24,1.330745,1.327200,0.003545,0.000000,synthetic_chat_design_preset
44.25,1.327500,1.327500,-0.000000,0.000000,synthetic_chat_design_preset
44.26,1.324255,1.327800,-0.003545,0.000000,synthetic_chat_design_preset
44.27,1.321066,1.328100,-0.007034,0.000000,synthetic_chat_design_preset
44.28,1.317988,1.328400,-0.010412,0.000000,synthetic_chat_design_preset
44.29,1.315074,1.328700,-0.013626,0.000000,synthetic_chat_design_preset
44.30,1.312375,1.329000,-0.016625,0.000000,synthetic_chat_design_preset
44.31,1.309938,1.329300,-0.019362,0.000000,synthetic_chat_design_preset
44.32,1.307807,1.329600,-0.021793,0.000000,synthetic_chat_design_preset
44.33,1.306019,1.329900,-0.023881,0.000000,synthetic_chat_design_preset
44.34,1.304608,1.330200,-0.025592,0.000000,synthetic_chat_design_preset
44.35,1.303600,1.330500,-0.026900,0.000000,synthetic_chat_design_preset
44.36,1.303017,1.330800,-0.027783,0.000000,synthetic_chat_design_preset
44.37,1.302872,1.331100,-0.028228,0.000000,synthetic_chat_design_preset
44.38,1.303172,1.331400,-0.028228,0.000000,synthetic_chat_design_preset
44.39,1.303917,1.331700,-0.027783,0.000000,synthetic_chat_design_preset
44.40,1.305100,1.332000,-0.026900,0.000000,synthetic_chat_design_preset
44.41,1.306708,1.332300,-0.025592,0.000000,synthetic_chat_design_preset
44.42,1.308719,1.332600,-0.023881,0.000000,synthetic_chat_design_preset
44.43,1.311107,1.332900,-0.021793,0.000000,synthetic_chat_design_preset
44.44,1.313838,1.333200,-0.019362,0.000000,synthetic_chat_design_preset
44.45,1.316875,1.333500,-0.016625,0.000000,synthetic_chat_design_preset
44.46,1.320174,1.333800,-0.013626,0.000000,synthetic_chat_design_preset
44.47,1.323688,1.334100,-0.010412,0.000000,synthetic_chat_design_preset
44.48,1.327366,1.334400,-0.007034,0.000000,synthetic_chat_design_preset
44.49,1.331172,1.334700,-0.003545,0.000017,synthetic_chat_design_preset
44.50,1.335023,1.335000,0.000000,0.000023,synthetic_chat_design_preset
44.51,1.338876,1.335300,0.003545,0.000031,synthetic_chat_design_preset
44.52,1.342675,1.335600,0.007034,0.000041,synthetic_chat_design_preset
44.53,1.346368,1.335900,0.010412,0.000055,synthetic_chat_design_preset
44.54,1.349900,1.336200,0.013626,0.000074,synthetic_chat_design_preset
44.55,1.353223,1.336500,0.016625,0.000098,synthetic_chat_design_preset
44.56,1.356290,1.336800,0.019362,0.000128,synthetic_chat_design_preset
44.57,1.359061,1.337100,0.021793,0.000168,synthetic_chat_design_preset
44.58,1.361499,1.337400,0.023881,0.000218,synthetic_chat_design_preset
44.59,1.363574,1.337700,0.025592,0.000282,synthetic_chat_design_preset
44.60,1.365262,1.338000,0.026900,0.000362,synthetic_chat_design_preset
44.61,1.366545,1.338300,0.027783,0.000461,synthetic_chat_design_preset
44.62,1.367413,1.338600,0.028228,0.000585,synthetic_chat_design_preset
44.63,1.367865,1.338900,0.028228,0.000737,synthetic_chat_design_preset
44.64,1.367906,1.339200,0.027783,0.000923,synthetic_chat_design_preset
44.65,1.367548,1.339500,0.026900,0.001148,synthetic_chat_design_preset
44.66,1.366813,1.339800,0.025592,0.001420,synthetic_chat_design_preset
44.67,1.365727,1.340100,0.023881,0.001746,synthetic_chat_design_preset
44.68,1.364326,1.340400,0.021793,0.002133,synthetic_chat_design_preset
44.69,1.362652,1.340700,0.019362,0.002590,synthetic_chat_design_preset
44.70,1.360750,1.341000,0.016625,0.003125,synthetic_chat_design_preset
44.71,1.358674,1.341300,0.013626,0.003748,synthetic_chat_design_preset
44.72,1.356479,1.341600,0.010412,0.004467,synthetic_chat_design_preset
44.73,1.354226,1.341900,0.007034,0.005292,synthetic_chat_design_preset
44.74,1.351976,1.342200,0.003545,0.006231,synthetic_chat_design_preset
44.75,1.349791,1.342500,-0.000000,0.007291,synthetic_chat_design_preset
44.76,1.347734,1.342800,-0.003545,0.008479,synthetic_chat_design_preset
44.77,1.345866,1.343100,-0.007034,0.009800,synthetic_chat_design_preset
44.78,1.344245,1.343400,-0.010412,0.011257,synthetic_chat_design_preset
44.79,1.342925,1.343700,-0.013626,0.012851,synthetic_chat_design_preset
44.80,1.341957,1.344000,-0.016625,0.014582,synthetic_chat_design_preset
44.81,1.341381,1.344300,-0.019362,0.016443,synthetic_chat_design_preset
44.82,1.341235,1.344600,-0.021793,0.018428,synthetic_chat_design_preset
44.83,1.341545,1.344900,-0.023881,0.020526,synthetic_chat_design_preset
44.84,1.342331,1.345200,-0.025592,0.022723,synthetic_chat_design_preset
44.85,1.343600,1.345500,-0.026900,0.025000,synthetic_chat_design_preset
44.86,1.345353,1.345800,-0.027783,0.027336,synthetic_chat_design_preset
44.87,1.347579,1.346100,-0.028228,0.029707,synthetic_chat_design_preset
44.88,1.350257,1.346400,-0.028228,0.032086,synthetic_chat_design_preset
44.89,1.353358,1.346700,-0.027783,0.034442,synthetic_chat_design_preset
44.90,1.356843,1.347000,-0.026900,0.036743,synthetic_chat_design_preset
44.91,1.360666,1.347300,-0.025592,0.038958,synthetic_chat_design_preset
44.92,1.364772,1.347600,-0.023881,0.041053,synthetic_chat_design_preset
44.93,1.369101,1.347900,-0.021793,0.042994,synthetic_chat_design_preset
44.94,1.373589,1.348200,-0.019362,0.044751,synthetic_chat_design_preset
44.95,1.378169,1.348500,-0.016625,0.046294,synthetic_chat_design_preset
44.96,1.382769,1.348800,-0.013626,0.047595,synthetic_chat_design_preset
44.97,1.387321,1.349100,-0.010412,0.048633,synthetic_chat_design_preset
44.98,1.391754,1.349400,-0.007034,0.049388,synthetic_chat_design_preset
44.99,1.396001,1.349700,-0.003545,0.049846,synthetic_chat_design_preset
45.00,1.400000,1.350000,-0.000000,0.050000,synthetic_chat_design_preset
45.01,1.403691,1.350300,0.003545,0.049846,synthetic_chat_design_preset
45.02,1.407022,1.350600,0.007034,0.049388,synthetic_chat_design_preset
45.03,1.409945,1.350900,0.010412,0.048633,synthetic_chat_design_preset
45.04,1.412421,1.351200,0.013626,0.047595,synthetic_chat_design_preset
45.05,1.414419,1.351500,0.016625,0.046294,synthetic_chat_design_preset
45.06,1.415913,1.351800,0.019362,0.044751,synthetic_chat_design_preset
45.07,1.416888,1.352100,0.021793,0.042994,synthetic_chat_design_preset
45.08,1.417334,1.352400,0.023881,0.041053,synthetic_chat_design_preset
45.09,1.417251,1.352700,0.025592,0.038958,synthetic_chat_design_preset
45.10,1.416643,1.353000,0.026900,0.036743,synthetic_chat_design_preset
45.11,1.415525,1.353300,0.027783,0.034442,synthetic_chat_design_preset
45.12,1.413914,1.353600,0.028228,0.032086,synthetic_chat_design_preset
45.13,1.411836,1.353900,0.028228,0.029707,synthetic_chat_design_preset
45.14,1.409320,1.354200,0.027783,0.027336,synthetic_chat_design_preset
45.15,1.406400,1.354500,0.026900,0.025000,synthetic_chat_design_preset
45.16,1.403115,1.354800,0.025592,0.022723,synthetic_chat_design_preset
45.17,1.399508,1.355100,0.023881,0.020526,synthetic_chat_design_preset
45.18,1.395622,1.355400,0.021793,0.018428,synthetic_chat_design_preset
45.19,1.391505,1.355700,0.019362,0.016443,synthetic_chat_design_preset
45.20,1.387207,1.356000,0.016625,0.014582,synthetic_chat_design_preset
45.21,1.382777,1.356300,0.013626,0.012851,synthetic_chat_design_preset
45.22,1.378269,1.356600,0.010412,0.011257,synthetic_chat_design_preset
45.23,1.373734,1.356900,0.007034,0.009800,synthetic_chat_design_preset
45.24,1.369224,1.357200,0.003545,0.008479,synthetic_chat_design_preset
45.25,1.364791,1.357500,0.000000,0.007291,synthetic_chat_design_preset
45.26,1.360486,1.357800,-0.003545,0.006231,synthetic_chat_design_preset
45.27,1.356358,1.358100,-0.007034,0.005292,synthetic_chat_design_preset
45.28,1.352455,1.358400,-0.010412,0.004467,synthetic_chat_design_preset
45.29,1.348822,1.358700,-0.013626,0.003748,synthetic_chat_design_preset
45.30,1.345500,1.359000,-0.016625,0.003125,synthetic_chat_design_preset
45.31,1.342528,1.359300,-0.019362,0.002590,synthetic_chat_design_preset
45.32,1.339939,1.359600,-0.021793,0.002133,synthetic_chat_design_preset
45.33,1.337765,1.359900,-0.023881,0.001746,synthetic_chat_design_preset
45.34,1.336028,1.360200,-0.025592,0.001420,synthetic_chat_design_preset
45.35,1.334748,1.360500,-0.026900,0.001148,synthetic_chat_design_preset
45.36,1.333939,1.360800,-0.027783,0.000923,synthetic_chat_design_preset
45.37,1.333608,1.361100,-0.028228,0.000737,synthetic_chat_design_preset
45.38,1.333756,1.361400,-0.028228,0.000585,synthetic_chat_design_preset
45.39,1.334378,1.361700,-0.027783,0.000461,synthetic_chat_design_preset
45.40,1.335462,1.362000,-0.026900,0.000362,synthetic_chat_design_preset
45.41,1.336989,1.362300,-0.025592,0.000282,synthetic_chat_design_preset
45.42,1.338937,1.362600,-0.023881,0.000218,synthetic_chat_design_preset
45.43,1.341275,1.362900,-0.021793,0.000168,synthetic_chat_design_preset
45.44,1.343967,1.363200,-0.019362,0.000128,synthetic_chat_design_preset
45.45,1.346973,1.363500,-0.016625,0.000098,synthetic_chat_design_preset
45.46,1.350248,1.363800,-0.013626,0.000074,synthetic_chat_design_preset
45.47,1.353743,1.364100,-0.010412,0.000055,synthetic_chat_design_preset
45.48,1.357407,1.364400,-0.007034,0.000041,synthetic_chat_design_preset
45.49,1.361186,1.364700,-0.003545,0.000031,synthetic_chat_design_preset
45.50,1.365023,1.365000,-0.000000,0.000023,synthetic_chat_design_preset
45.51,1.368845,1.365300,0.003545,0.000000,synthetic_chat_design_preset
45.52,1.372634,1.365600,0.007034,0.000000,synthetic_chat_design_preset
45.53,1.376312,1.365900,0.010412,0.000000,synthetic_chat_design_preset
45.54,1.379826,1.366200,0.013626,0.000000,synthetic_chat_design_preset
45.55,1.383125,1.366500,0.016625,0.000000,synthetic_chat_design_preset
45.56,1.386162,1.366800,0.019362,0.000000,synthetic_chat_design_preset
45.57,1.388893,1.367100,0.021793,0.000000,synthetic_chat_design_preset
45.58,1.391281,1.367400,0.023881,0.000000,synthetic_chat_design_preset
45.59,1.393292,1.367700,0.025592,0.000000,synthetic_chat_design_preset
45.60,1.394900,1.368000,0.026900,0.000000,synthetic_chat_design_preset
45.61,1.396083,1.368300,0.027783,0.000000,synthetic_chat_design_preset
45.62,1.396828,1.368600,0.028228,0.000000,synthetic_chat_design_preset
45.63,1.397128,1.368900,0.028228,0.000000,synthetic_chat_design_preset
45.64,1.396983,1.369200,0.027783,0.000000,synthetic_chat_design_preset
45.65,1.396400,1.369500,0.026900,0.000000,synthetic_chat_design_preset
45.66,1.395392,1.369800,0.025592,0.000000,synthetic_chat_design_preset
45.67,1.393981,1.370100,0.023881,0.000000,synthetic_chat_design_preset
45.68,1.392193,1.370400,0.021793,0.000000,synthetic_chat_design_preset
45.69,1.390062,1.370700,0.019362,0.000000,synthetic_chat_design_preset
45.70,1.387625,1.371000,0.016625,0.000000,synthetic_chat_design_preset
45.71,1.384926,1.371300,0.013626,0.000000,synthetic_chat_design_preset
45.72,1.382012,1.371600,0.010412,0.000000,synthetic_chat_design_preset
45.73,1.378934,1.371900,0.007034,0.000000,synthetic_chat_design_preset
45.74,1.375745,1.372200,0.003545,0.000000,synthetic_chat_design_preset
45.75,1.372500,1.372500,0.000000,0.000000,synthetic_chat_design_preset
45.76,1.369255,1.372800,-0.003545,0.000000,synthetic_chat_design_preset
45.77,1.366066,1.373100,-0.007034,0.000000,synthetic_chat_design_preset
45.78,1.362988,1.373400,-0.010412,0.000000,synthetic_chat_design_preset
45.79,1.360074,1.373700,-0.013626,0.000000,synthetic_chat_design_preset
45.80,1.357375,1.374000,-0.016625,0.000000,synthetic_chat_design_preset
45.81,1.354938,1.374300,-0.019362,0.000000,synthetic_chat_design_preset
45.82,1.352807,1.374600,-0.021793,0.000000,synthetic_chat_design_preset
45.83,1.351019,1.374900,-0.023881,0.000000,synthetic_chat_design_preset
45.84,1.349608,1.375200,-0.025592,0.000000,synthetic_chat_design_preset
45.85,1.348600,1.375500,-0.026900,0.000000,synthetic_chat_design_preset
45.86,1.348017,1.375800,-0.027783,0.000000,synthetic_chat_design_preset
45.87,1.347872,1.376100,-0.028228,0.000000,synthetic_chat_design_preset
45.88,1.348172,1.376400,-0.028228,0.000000,synthetic_chat_design_preset
45.89,1.348917,1.376700,-0.027783,0.000000,synthetic_chat_design_preset
45.90,1.350100,1.377000,-0.026900,0.000000,synthetic_chat_design_preset
45.91,1.351708,1.377300,-0.025592,0.000000,synthetic_chat_design_preset
45.92,1.353719,1.377600,-0.023881,0.000000,synthetic_chat_design_preset
45.93,1.356107,1.377900,-0.021793,0.000000,synthetic_chat_design_preset
45.94,1.358838,1.378200,-0.019362,0.000000,synthetic_chat_design_preset
45.95,1.361875,1.378500,-0.016625,0.000000,synthetic_chat_design_preset
45.96,1.365174,1.378800,-0.013626,0.000000,synthetic_chat_design_preset
45.97,1.368688,1.379100,-0.010412,0.000000,synthetic_chat_design_preset
45.98,1.372366,1.379400,-0.007034,0.000000,synthetic_chat_design_preset
45.99,1.376155,1.379700,-0.003545,0.000000,synthetic_chat_design_preset
46.00,1.380000,1.380000,-0.000000,0.000000,synthetic_chat_design_preset
46.01,1.383845,1.380300,0.003545,0.000000,synthetic_chat_design_preset
46.02,1.387634,1.380600,0.007034,0.000000,synthetic_chat_design_preset
46.03,1.391312,1.380900,0.010412,0.000000,synthetic_chat_design_preset
46.04,1.394826,1.381200,0.013626,0.000000,synthetic_chat_design_preset
46.05,1.398125,1.381500,0.016625,0.000000,synthetic_chat_design_preset
46.06,1.401162,1.381800,0.019362,0.000000,synthetic_chat_design_preset
46.07,1.403893,1.382100,0.021793,0.000000,synthetic_chat_design_preset
46.08,1.406281,1.382400,0.023881,0.000000,synthetic_chat_design_preset
46.09,1.408292,1.382700,0.025592,0.000000,synthetic_chat_design_preset
46.10,1.409900,1.383000,0.026900,0.000000,synthetic_chat_design_preset
46.11,1.411083,1.383300,0.027783,0.000000,synthetic_chat_design_preset
46.12,1.411828,1.383600,0.028228,0.000000,synthetic_chat_design_preset
46.13,1.412128,1.383900,0.028228,0.000000,synthetic_chat_design_preset
46.14,1.411983,1.384200,0.027783,0.000000,synthetic_chat_design_preset
46.15,1.411400,1.384500,0.026900,0.000000,synthetic_chat_design_preset
46.16,1.410392,1.384800,0.025592,0.000000,synthetic_chat_design_preset
46.17,1.408981,1.385100,0.023881,0.000000,synthetic_chat_design_preset
46.18,1.407193,1.385400,0.021793,0.000000,synthetic_chat_design_preset
46.19,1.405062,1.385700,0.019362,0.000000,synthetic_chat_design_preset
46.20,1.402625,1.386000,0.016625,0.000000,synthetic_chat_design_preset
46.21,1.399926,1.386300,0.013626,0.000000,synthetic_chat_design_preset
46.22,1.397012,1.386600,0.010412,0.000000,synthetic_chat_design_preset
46.23,1.393934,1.386900,0.007034,0.000000,synthetic_chat_design_preset
46.24,1.390745,1.387200,0.003545,0.000000,synthetic_chat_design_preset
46.25,1.387500,1.387500,0.000000,0.000000,synthetic_chat_design_preset
46.26,1.384255,1.387800,-0.003545,0.000000,synthetic_chat_design_preset
46.27,1.381066,1.388100,-0.007034,0.000000,synthetic_chat_design_preset
46.28,1.377988,1.388400,-0.010412,0.000000,synthetic_chat_design_preset
46.29,1.375074,1.388700,-0.013626,0.000000,synthetic_chat_design_preset
46.30,1.372375,1.389000,-0.016625,0.000000,synthetic_chat_design_preset
46.31,1.369938,1.389300,-0.019362,0.000000,synthetic_chat_design_preset
46.32,1.367807,1.389600,-0.021793,0.000000,synthetic_chat_design_preset
46.33,1.366019,1.389900,-0.023881,0.000000,synthetic_chat_design_preset
46.34,1.364608,1.390200,-0.025592,0.000000,synthetic_chat_design_preset
46.35,1.363600,1.390500,-0.026900,0.000000,synthetic_chat_design_preset
46.36,1.363017,1.390800,-0.027783,0.000000,synthetic_chat_design_preset
46.37,1.362872,1.391100,-0.028228,0.000000,synthetic_chat_design_preset
46.38,1.363172,1.391400,-0.028228,0.000000,synthetic_chat_design_preset
46.39,1.363917,1.391700,-0.027783,0.000000,synthetic_chat_design_preset
46.40,1.365100,1.392000,-0.026900,0.000000,synthetic_chat_design_preset
46.41,1.366708,1.392300,-0.025592,0.000000,synthetic_chat_design_preset
46.42,1.368719,1.392600,-0.023881,0.000000,synthetic_chat_design_preset
46.43,1.371107,1.392900,-0.021793,0.000000,synthetic_chat_design_preset
46.44,1.373838,1.393200,-0.019362,0.000000,synthetic_chat_design_preset
46.45,1.376875,1.393500,-0.016625,0.000000,synthetic_chat_design_preset
46.46,1.380174,1.393800,-0.013626,0.000000,synthetic_chat_design_preset
46.47,1.383688,1.394100,-0.010412,0.000000,synthetic_chat_design_preset
46.48,1.387366,1.394400,-0.007034,0.000000,synthetic_chat_design_preset
46.49,1.391155,1.394700,-0.003545,0.000000,synthetic_chat_design_preset
46.50,1.395000,1.395000,-0.000000,0.000000,synthetic_chat_design_preset
46.51,1.398845,1.395300,0.003545,0.000000,synthetic_chat_design_preset
46.52,1.402634,1.395600,0.007034,0.000000,synthetic_chat_design_preset
46.53,1.406312,1.395900,0.010412,0.000000,synthetic_chat_design_preset
46.54,1.409826,1.396200,0.013626,0.000000,synthetic_chat_design_preset
46.55,1.413125,1.396500,0.016625,0.000000,synthetic_chat_design_preset
46.56,1.416162,1.396800,0.019362,0.000000,synthetic_chat_design_preset
46.57,1.418893,1.397100,0.021793,0.000000,synthetic_chat_design_preset
46.58,1.421281,1.397400,0.023881,0.000000,synthetic_chat_design_preset
46.59,1.423292,1.397700,0.025592,0.000000,synthetic_chat_design_preset
46.60,1.424900,1.398000,0.026900,0.000000,synthetic_chat_design_preset
46.61,1.426083,1.398300,0.027783,0.000000,synthetic_chat_design_preset
46.62,1.426828,1.398600,0.028228,0.000000,synthetic_chat_design_preset
46.63,1.427128,1.398900,0.028228,0.000000,synthetic_chat_design_preset
46.64,1.426983,1.399200,0.027783,0.000000,synthetic_chat_design_preset
46.65,1.426400,1.399500,0.026900,0.000000,synthetic_chat_design_preset
46.66,1.425392,1.399800,0.025592,0.000000,synthetic_chat_design_preset
46.67,1.423981,1.400100,0.023881,0.000000,synthetic_chat_design_preset
46.68,1.422193,1.400400,0.021793,0.000000,synthetic_chat_design_preset
46.69,1.420062,1.400700,0.019362,0.000000,synthetic_chat_design_preset
46.70,1.417625,1.401000,0.016625,0.000000,synthetic_chat_design_preset
46.71,1.414926,1.401300,0.013626,0.000000,synthetic_chat_design_preset
46.72,1.412012,1.401600,0.010412,0.000000,synthetic_chat_design_preset
46.73,1.408934,1.401900,0.007034,0.000000,synthetic_chat_design_preset
46.74,1.405745,1.402200,0.003545,0.000000,synthetic_chat_design_preset
46.75,1.402500,1.402500,-0.000000,0.000000,synthetic_chat_design_preset
46.76,1.399255,1.402800,-0.003545,0.000000,synthetic_chat_design_preset
46.77,1.396066,1.403100,-0.007034,0.000000,synthetic_chat_design_preset
46.78,1.392988,1.403400,-0.010412,0.000000,synthetic_chat_design_preset
46.79,1.390074,1.403700,-0.013626,0.000000,synthetic_chat_design_preset
46.80,1.387375,1.404000,-0.016625,0.000000,synthetic_chat_design_preset
46.81,1.384938,1.404300,-0.019362,0.000000,synthetic_chat_design_preset
46.82,1.382807,1.404600,-0.021793,0.000000,synthetic_chat_design_preset
46.83,1.381019,1.404900,-0.023881,0.000000,synthetic_chat_design_preset
46.84,1.379608,1.405200,-0.025592,0.000000,synthetic_chat_design_preset
46.85,1.378600,1.405500,-0.026900,0.000000,synthetic_chat_design_preset
46.86,1.378017,1.405800,-0.027783,0.000000,synthetic_chat_design_preset
46.87,1.377872,1.406100,-0.028228,0.000000,synthetic_chat_design_preset
46.88,1.378172,1.406400,-0.028228,0.000000,synthetic_chat_design_preset
46.89,1.378917,1.406700,-0.027783,0.000000,synthetic_chat_design_preset
46.90,1.380100,1.407000,-0.026900,0.000000,synthetic_chat_design_preset
46.91,1.381708,1.407300,-0.025592,0.000000,synthetic_chat_design_preset
46.92,1.383719,1.407600,-0.023881,0.000000,synthetic_chat_design_preset
46.93,1.386107,1.407900,-0.021793,0.000000,synthetic_chat_design_preset
46.94,1.388838,1.408200,-0.019362,0.000000,synthetic_chat_design_preset
46.95,1.391875,1.408500,-0.016625,0.000000,synthetic_chat_design_preset
46.96,1.395174,1.408800,-0.013626,0.000000,synthetic_chat_design_preset
46.97,1.398688,1.409100,-0.010412,0.000000,synthetic_chat_design_preset
46.98,1.402366,1.409400,-0.007034,0.000000,synthetic_chat_design_preset
46.99,1.406155,1.409700,-0.003545,0.000000,synthetic_chat_design_preset
47.00,1.410000,1.410000,0.000000,0.000000,synthetic_chat_design_preset
47.01,1.413845,1.410300,0.003545,0.000000,synthetic_chat_design_preset
47.02,1.417634,1.410600,0.007034,0.000000,synthetic_chat_design_preset
47.03,1.421312,1.410900,0.010412,0.000000,synthetic_chat_design_preset
47.04,1.424826,1.411200,0.013626,0.000000,synthetic_chat_design_preset
47.05,1.428125,1.411500,0.016625,0.000000,synthetic_chat_design_preset
47.06,1.431162,1.411800,0.019362,0.000000,synthetic_chat_design_preset
47.07,1.433893,1.412100,0.021793,0.000000,synthetic_chat_design_preset
47.08,1.436281,1.412400,0.023881,0.000000,synthetic_chat_design_preset
47.09,1.438292,1.412700,0.025592,0.000000,synthetic_chat_design_preset
47.10,1.439900,1.413000,0.026900,0.000000,synthetic_chat_design_preset
47.11,1.441083,1.413300,0.027783,0.000000,synthetic_chat_design_preset
47.12,1.441828,1.413600,0.028228,0.000000,synthetic_chat_design_preset
47.13,1.442128,1.413900,0.028228,0.000000,synthetic_chat_design_preset
47.14,1.441983,1.414200,0.027783,0.000000,synthetic_chat_design_preset
47.15,1.441400,1.414500,0.026900,0.000000,synthetic_chat_design_preset
47.16,1.440392,1.414800,0.025592,0.000000,synthetic_chat_design_preset
47.17,1.438981,1.415100,0.023881,0.000000,synthetic_chat_design_preset
47.18,1.437193,1.415400,0.021793,0.000000,synthetic_chat_design_preset
47.19,1.435062,1.415700,0.019362,0.000000,synthetic_chat_design_preset
47.20,1.432625,1.416000,0.016625,0.000000,synthetic_chat_design_preset
47.21,1.429926,1.416300,0.013626,0.000000,synthetic_chat_design_preset
47.22,1.427012,1.416600,0.010412,0.000000,synthetic_chat_design_preset
47.23,1.423934,1.416900,0.007034,0.000000,synthetic_chat_design_preset
47.24,1.420745,1.417200,0.003545,0.000000,synthetic_chat_design_preset
47.25,1.417500,1.417500,-0.000000,0.000000,synthetic_chat_design_preset
47.26,1.414255,1.417800,-0.003545,0.000000,synthetic_chat_design_preset
47.27,1.411066,1.418100,-0.007034,0.000000,synthetic_chat_design_preset
47.28,1.407988,1.418400,-0.010412,0.000000,synthetic_chat_design_preset
47.29,1.405074,1.418700,-0.013626,0.000000,synthetic_chat_design_preset
47.30,1.402375,1.419000,-0.016625,0.000000,synthetic_chat_design_preset
47.31,1.399938,1.419300,-0.019362,0.000000,synthetic_chat_design_preset
47.32,1.397807,1.419600,-0.021793,0.000000,synthetic_chat_design_preset
47.33,1.396019,1.419900,-0.023881,0.000000,synthetic_chat_design_preset
47.34,1.394608,1.420200,-0.025592,0.000000,synthetic_chat_design_preset
47.35,1.393600,1.420500,-0.026900,0.000000,synthetic_chat_design_preset
47.36,1.393017,1.420800,-0.027783,0.000000,synthetic_chat_design_preset
47.37,1.392872,1.421100,-0.028228,0.000000,synthetic_chat_design_preset
47.38,1.393172,1.421400,-0.028228,0.000000,synthetic_chat_design_preset
47.39,1.393917,1.421700,-0.027783,0.000000,synthetic_chat_design_preset
47.40,1.395100,1.422000,-0.026900,0.000000,synthetic_chat_design_preset
47.41,1.396708,1.422300,-0.025592,0.000000,synthetic_chat_design_preset
47.42,1.398719,1.422600,-0.023881,0.000000,synthetic_chat_design_preset
47.43,1.401107,1.422900,-0.021793,0.000000,synthetic_chat_design_preset
47.44,1.403838,1.423200,-0.019362,0.000000,synthetic_chat_design_preset
47.45,1.406875,1.423500,-0.016625,0.000000,synthetic_chat_design_preset
47.46,1.410174,1.423800,-0.013626,0.000000,synthetic_chat_design_preset
47.47,1.413688,1.424100,-0.010412,0.000000,synthetic_chat_design_preset
47.48,1.417366,1.424400,-0.007034,0.000000,synthetic_chat_design_preset
47.49,1.421155,1.424700,-0.003545,0.000000,synthetic_chat_design_preset
47.50,1.425000,1.425000,-0.000000,0.000000,synthetic_chat_design_preset
47.51,1.428845,1.425300,0.003545,0.000000,synthetic_chat_design_preset
47.52,1.432634,1.425600,0.007034,0.000000,synthetic_chat_design_preset
47.53,1.436312,1.425900,0.010412,0.000000,synthetic_chat_design_preset
47.54,1.439826,1.426200,0.013626,0.000000,synthetic_chat_design_preset
47.55,1.443125,1.426500,0.016625,0.000000,synthetic_chat_design_preset
47.56,1.446162,1.426800,0.019362,0.000000,synthetic_chat_design_preset
47.57,1.448893,1.427100,0.021793,0.000000,synthetic_chat_design_preset
47.58,1.451281,1.427400,0.023881,0.000000,synthetic_chat_design_preset
47.59,1.453292,1.427700,0.025592,0.000000,synthetic_chat_design_preset
47.60,1.454900,1.428000,0.026900,0.000000,synthetic_chat_design_preset
47.61,1.456083,1.428300,0.027783,0.000000,synthetic_chat_design_preset
47.62,1.456828,1.428600,0.028228,0.000000,synthetic_chat_design_preset
47.63,1.457128,1.428900,0.028228,0.000000,synthetic_chat_design_preset
47.64,1.456983,1.429200,0.027783,0.000000,synthetic_chat_design_preset
47.65,1.456400,1.429500,0.026900,0.000000,synthetic_chat_design_preset
47.66,1.455392,1.429800,0.025592,0.000000,synthetic_chat_design_preset
47.67,1.453981,1.430100,0.023881,0.000000,synthetic_chat_design_preset
47.68,1.452193,1.430400,0.021793,0.000000,synthetic_chat_design_preset
47.69,1.450062,1.430700,0.019362,0.000000,synthetic_chat_design_preset
47.70,1.447625,1.431000,0.016625,0.000000,synthetic_chat_design_preset
47.71,1.444926,1.431300,0.013626,0.000000,synthetic_chat_design_preset
47.72,1.442012,1.431600,0.010412,0.000000,synthetic_chat_design_preset
47.73,1.438934,1.431900,0.007034,0.000000,synthetic_chat_design_preset
47.74,1.435745,1.432200,0.003545,0.000000,synthetic_chat_design_preset
47.75,1.432500,1.432500,0.000000,0.000000,synthetic_chat_design_preset
47.76,1.429255,1.432800,-0.003545,0.000000,synthetic_chat_design_preset
47.77,1.426066,1.433100,-0.007034,0.000000,synthetic_chat_design_preset
47.78,1.422988,1.433400,-0.010412,0.000000,synthetic_chat_design_preset
47.79,1.420074,1.433700,-0.013626,0.000000,synthetic_chat_design_preset
47.80,1.417375,1.434000,-0.016625,0.000000,synthetic_chat_design_preset
47.81,1.414938,1.434300,-0.019362,0.000000,synthetic_chat_design_preset
47.82,1.412807,1.434600,-0.021793,0.000000,synthetic_chat_design_preset
47.83,1.411019,1.434900,-0.023881,0.000000,synthetic_chat_design_preset
47.84,1.409608,1.435200,-0.025592,0.000000,synthetic_chat_design_preset
47.85,1.408600,1.435500,-0.026900,0.000000,synthetic_chat_design_preset
47.86,1.408017,1.435800,-0.027783,0.000000,synthetic_chat_design_preset
47.87,1.407872,1.436100,-0.028228,0.000000,synthetic_chat_design_preset
47.88,1.408172,1.436400,-0.028228,0.000000,synthetic_chat_design_preset
47.89,1.408917,1.436700,-0.027783,0.000000,synthetic_chat_design_preset
47.90,1.410100,1.437000,-0.026900,0.000000,synthetic_chat_design_preset
47.91,1.411708,1.437300,-0.025592,0.000000,synthetic_chat_design_preset
47.92,1.413719,1.437600,-0.023881,0.000000,synthetic_chat_design_preset
47.93,1.416107,1.437900,-0.021793,0.000000,synthetic_chat_design_preset
47.94,1.418838,1.438200,-0.019362,0.000000,synthetic_chat_design_preset
47.95,1.421875,1.438500,-0.016625,0.000000,synthetic_chat_design_preset
47.96,1.425174,1.438800,-0.013626,0.000000,synthetic_chat_design_preset
47.97,1.428688,1.439100,-0.010412,0.000000,synthetic_chat_design_preset
47.98,1.432366,1.439400,-0.007034,0.000000,synthetic_chat_design_preset
47.99,1.436155,1.439700,-0.003545,0.000000,synthetic_chat_design_preset
48.00,1.440000,1.440000,-0.000000,0.000000,synthetic_chat_design_preset
48.01,1.443845,1.440300,0.003545,0.000000,synthetic_chat_design_preset
48.02,1.447634,1.440600,0.007034,0.000000,synthetic_chat_design_preset
48.03,1.451312,1.440900,0.010412,0.000000,synthetic_chat_design_preset
48.04,1.454826,1.441200,0.013626,0.000000,synthetic_chat_design_preset
48.05,1.458125,1.441500,0.016625,0.000000,synthetic_chat_design_preset
48.06,1.461162,1.441800,0.019362,0.000000,synthetic_chat_design_preset
48.07,1.463893,1.442100,0.021793,0.000000,synthetic_chat_design_preset
48.08,1.466281,1.442400,0.023881,0.000000,synthetic_chat_design_preset
48.09,1.468292,1.442700,0.025592,0.000000,synthetic_chat_design_preset
48.10,1.469900,1.443000,0.026900,0.000000,synthetic_chat_design_preset
48.11,1.471083,1.443300,0.027783,0.000000,synthetic_chat_design_preset
48.12,1.471828,1.443600,0.028228,0.000000,synthetic_chat_design_preset
48.13,1.472128,1.443900,0.028228,0.000000,synthetic_chat_design_preset
48.14,1.471983,1.444200,0.027783,0.000000,synthetic_chat_design_preset
48.15,1.471400,1.444500,0.026900,0.000000,synthetic_chat_design_preset
48.16,1.470392,1.444800,0.025592,0.000000,synthetic_chat_design_preset
48.17,1.468981,1.445100,0.023881,0.000000,synthetic_chat_design_preset
48.18,1.467193,1.445400,0.021793,0.000000,synthetic_chat_design_preset
48.19,1.465062,1.445700,0.019362,0.000000,synthetic_chat_design_preset
48.20,1.462625,1.446000,0.016625,0.000000,synthetic_chat_design_preset
48.21,1.459926,1.446300,0.013626,0.000000,synthetic_chat_design_preset
48.22,1.457012,1.446600,0.010412,0.000000,synthetic_chat_design_preset
48.23,1.453934,1.446900,0.007034,0.000000,synthetic_chat_design_preset
48.24,1.450745,1.447200,0.003545,0.000000,synthetic_chat_design_preset
48.25,1.447500,1.447500,0.000000,0.000000,synthetic_chat_design_preset
48.26,1.444255,1.447800,-0.003545,0.000000,synthetic_chat_design_preset
48.27,1.441066,1.448100,-0.007034,0.000000,synthetic_chat_design_preset
48.28,1.437988,1.448400,-0.010412,0.000000,synthetic_chat_design_preset
48.29,1.435074,1.448700,-0.013626,0.000000,synthetic_chat_design_preset
48.30,1.432375,1.449000,-0.016625,0.000000,synthetic_chat_design_preset
48.31,1.429938,1.449300,-0.019362,0.000000,synthetic_chat_design_preset
48.32,1.427807,1.449600,-0.021793,0.000000,synthetic_chat_design_preset
48.33,1.426019,1.449900,-0.023881,0.000000,synthetic_chat_design_preset
48.34,1.424608,1.450200,-0.025592,0.000000,synthetic_chat_design_preset
48.35,1.423600,1.450500,-0.026900,0.000000,synthetic_chat_design_preset
48.36,1.423017,1.450800,-0.027783,0.000000,synthetic_chat_design_preset
48.37,1.422872,1.451100,-0.028228,0.000000,synthetic_chat_design_preset
48.38,1.423172,1.451400,-0.028228,0.000000,synthetic_chat_design_preset
48.39,1.423917,1.451700,-0.027783,0.000000,synthetic_chat_design_preset
48.40,1.425100,1.452000,-0.026900,0.000000,synthetic_chat_design_preset
48.41,1.426708,1.452300,-0.025592,0.000000,synthetic_chat_design_preset
48.42,1.428719,1.452600,-0.023881,0.000000,synthetic_chat_design_preset
48.43,1.431107,1.452900,-0.021793,0.000000,synthetic_chat_design_preset
48.44,1.433838,1.453200,-0.019362,0.000000,synthetic_chat_design_preset
48.45,1.436875,1.453500,-0.016625,0.000000,synthetic_chat_design_preset
48.46,1.440174,1.453800,-0.013626,0.000000,synthetic_chat_design_preset
48.47,1.443688,1.454100,-0.010412,0.000000,synthetic_chat_design_preset
48.48,1.447366,1.454400,-0.007034,0.000000,synthetic_chat_design_preset
48.49,1.451155,1.454700,-0.003545,0.000000,synthetic_chat_design_preset
48.50,1.455000,1.455000,-0.000000,0.000000,synthetic_chat_design_preset
48.51,1.458845,1.455300,0.003545,0.000000,synthetic_chat_design_preset
48.52,1.462634,1.455600,0.007034,0.000000,synthetic_chat_design_preset
48.53,1.466312,1.455900,0.010412,0.000000,synthetic_chat_design_preset
48.54,1.469826,1.456200,0.013626,0.000000,synthetic_chat_design_preset
48.55,1.473125,1.456500,0.016625,0.000000,synthetic_chat_design_preset
48.56,1.476162,1.456800,0.019362,0.000000,synthetic_chat_design_preset
48.57,1.478893,1.457100,0.021793,0.000000,synthetic_chat_design_preset
48.58,1.481281,1.457400,0.023881,0.000000,synthetic_chat_design_preset
48.59,1.483292,1.457700,0.025592,0.000000,synthetic_chat_design_preset
48.60,1.484900,1.458000,0.026900,0.000000,synthetic_chat_design_preset
48.61,1.486083,1.458300,0.027783,0.000000,synthetic_chat_design_preset
48.62,1.486828,1.458600,0.028228,0.000000,synthetic_chat_design_preset
48.63,1.487128,1.458900,0.028228,0.000000,synthetic_chat_design_preset
48.64,1.486983,1.459200,0.027783,0.000000,synthetic_chat_design_preset
48.65,1.486400,1.459500,0.026900,0.000000,synthetic_chat_design_preset
48.66,1.485392,1.459800,0.025592,0.000000,synthetic_chat_design_preset
48.67,1.483981,1.460100,0.023881,0.000000,synthetic_chat_design_preset
48.68,1.482193,1.460400,0.021793,0.000000,synthetic_chat_design_preset
48.69,1.480062,1.460700,0.019362,0.000000,synthetic_chat_design_preset
48.70,1.477625,1.461000,0.016625,0.000000,synthetic_chat_design_preset
48.71,1.474926,1.461300,0.013626,0.000000,synthetic_chat_design_preset
48.72,1.472012,1.461600,0.010412,0.000000,synthetic_chat_design_preset
48.73,1.468934,1.461900,0.007034,0.000000,synthetic_chat_design_preset
48.74,1.465745,1.462200,0.003545,0.000000,synthetic_chat_design_preset
48.75,1.462500,1.462500,0.000000,0.000000,synthetic_chat_design_preset
48.76,1.459255,1.462800,-0.003545,0.000000,synthetic_chat_design_preset
48.77,1.456066,1.463100,-0.007034,0.000000,synthetic_chat_design_preset
48.78,1.452988,1.463400,-0.010412,0.000000,synthetic_chat_design_preset
48.79,1.450074,1.463700,-0.013626,0.000000,synthetic_chat_design_preset
48.80,1.447375,1.464000,-0.016625,0.000000,synthetic_chat_design_preset
48.81,1.444938,1.464300,-0.019362,0.000000,synthetic_chat_design_preset
48.82,1.442807,1.464600,-0.021793,0.000000,synthetic_chat_design_preset
48.83,1.441019,1.464900,-0.023881,0.000000,synthetic_chat_design_preset
48.84,1.439608,1.465200,-0.025592,0.000000,synthetic_chat_design_preset
48.85,1.438600,1.465500,-0.026900,0.000000,synthetic_chat_design_preset
48.86,1.438017,1.465800,-0.027783,0.000000,synthetic_chat_design_preset
48.87,1.437872,1.466100,-0.028228,0.000000,synthetic_chat_design_preset
48.88,1.438172,1.466400,-0.028228,0.000000,synthetic_chat_design_preset
48.89,1.438917,1.466700,-0.027783,0.000000,synthetic_chat_design_preset
48.90,1.440100,1.467000,-0.026900,0.000000,synthetic_chat_design_preset
48.91,1.441708,1.467300,-0.025592,0.000000,synthetic_chat_design_preset
48.92,1.443719,1.467600,-0.023881,0.000000,synthetic_chat_design_preset
48.93,1.446107,1.467900,-0.021793,0.000000,synthetic_chat_design_preset
48.94,1.448838,1.468200,-0.019362,0.000000,synthetic_chat_design_preset
48.95,1.451875,1.468500,-0.016625,0.000000,synthetic_chat_design_preset
48.96,1.455174,1.468800,-0.013626,0.000000,synthetic_chat_design_preset
48.97,1.458688,1.469100,-0.010412,0.000000,synthetic_chat_design_preset
48.98,1.462366,1.469400,-0.007034,0.000000,synthetic_chat_design_preset
48.99,1.466155,1.469700,-0.003545,0.000000,synthetic_chat_design_preset
49.00,1.470000,1.470000,-0.000000,0.000000,synthetic_chat_design_preset
49.01,1.473845,1.470300,0.003545,0.000000,synthetic_chat_design_preset
49.02,1.477634,1.470600,0.007034,0.000000,synthetic_chat_design_preset
49.03,1.481312,1.470900,0.010412,0.000000,synthetic_chat_design_preset
49.04,1.484826,1.471200,0.013626,0.000000,synthetic_chat_design_preset
49.05,1.488125,1.471500,0.016625,0.000000,synthetic_chat_design_preset
49.06,1.491162,1.471800,0.019362,0.000000,synthetic_chat_design_preset
49.07,1.493893,1.472100,0.021793,0.000000,synthetic_chat_design_preset
49.08,1.496281,1.472400,0.023881,0.000000,synthetic_chat_design_preset
49.09,1.498292,1.472700,0.025592,0.000000,synthetic_chat_design_preset
49.10,1.499900,1.473000,0.026900,0.000000,synthetic_chat_design_preset
49.11,1.501083,1.473300,0.027783,0.000000,synthetic_chat_design_preset
49.12,1.501828,1.473600,0.028228,0.000000,synthetic_chat_design_preset
49.13,1.502128,1.473900,0.028228,0.000000,synthetic_chat_design_preset
49.14,1.501983,1.474200,0.027783,0.000000,synthetic_chat_design_preset
49.15,1.501400,1.474500,0.026900,0.000000,synthetic_chat_design_preset
49.16,1.500392,1.474800,0.025592,0.000000,synthetic_chat_design_preset
49.17,1.498981,1.475100,0.023881,0.000000,synthetic_chat_design_preset
49.18,1.497193,1.475400,0.021793,0.000000,synthetic_chat_design_preset
49.19,1.495062,1.475700,0.019362,0.000000,synthetic_chat_design_preset
49.20,1.492625,1.476000,0.016625,0.000000,synthetic_chat_design_preset
49.21,1.489926,1.476300,0.013626,0.000000,synthetic_chat_design_preset
49.22,1.487012,1.476600,0.010412,0.000000,synthetic_chat_design_preset
49.23,1.483934,1.476900,0.007034,0.000000,synthetic_chat_design_preset
49.24,1.480745,1.477200,0.003545,0.000000,synthetic_chat_design_preset
49.25,1.477500,1.477500,0.000000,0.000000,synthetic_chat_design_preset
49.26,1.474255,1.477800,-0.003545,0.000000,synthetic_chat_design_preset
49.27,1.471066,1.478100,-0.007034,0.000000,synthetic_chat_design_preset
49.28,1.467988,1.478400,-0.010412,0.000000,synthetic_chat_design_preset
49.29,1.465074,1.478700,-0.013626,0.000000,synthetic_chat_design_preset
49.30,1.462375,1.479000,-0.016625,0.000000,synthetic_chat_design_preset
49.31,1.459938,1.479300,-0.019362,0.000000,synthetic_chat_design_preset
49.32,1.457807,1.479600,-0.021793,0.000000,synthetic_chat_design_preset
49.33,1.456019,1.479900,-0.023881,0.000000,synthetic_chat_design_preset
49.34,1.454608,1.480200,-0.025592,0.000000,synthetic_chat_design_preset
49.35,1.453600,1.480500,-0.026900,0.000000,synthetic_chat_design_preset
49.36,1.453017,1.480800,-0.027783,0.000000,synthetic_chat_design_preset
49.37,1.452872,1.481100,-0.028228,0.000000,synthetic_chat_design_preset
49.38,1.453172,1.481400,-0.028228,0.000000,synthetic_chat_design_preset
49.39,1.453917,1.481700,-0.027783,0.000000,synthetic_chat_design_preset
49.40,1.455100,1.482000,-0.026900,0.000000,synthetic_chat_design_preset
49.41,1.456708,1.482300,-0.025592,0.000000,synthetic_chat_design_preset
49.42,1.458719,1.482600,-0.023881,0.000000,synthetic_chat_design_preset
49.43,1.461107,1.482900,-0.021793,0.000000,synthetic_chat_design_preset
49.44,1.463838,1.483200,-0.019362,0.000000,synthetic_chat_design_preset
49.45,1.466875,1.483500,-0.016625,0.000000,synthetic_chat_design_preset
49.46,1.470174,1.483800,-0.013626,0.000000,synthetic_chat_design_preset
49.47,1.473688,1.484100,-0.010412,0.000000,synthetic_chat_design_preset
49.48,1.477366,1.484400,-0.007034,0.000000,synthetic_chat_design_preset
49.49,1.481155,1.484700,-0.003545,0.000000,synthetic_chat_design_preset
49.50,1.485000,1.485000,0.000000,0.000000,synthetic_chat_design_preset
49.51,1.488845,1.485300,0.003545,0.000000,synthetic_chat_design_preset
49.52,1.492634,1.485600,0.007034,0.000000,synthetic_chat_design_preset
49.53,1.496312,1.485900,0.010412,0.000000,synthetic_chat_design_preset
49.54,1.499826,1.486200,0.013626,0.000000,synthetic_chat_design_preset
49.55,1.503125,1.486500,0.016625,0.000000,synthetic_chat_design_preset
49.56,1.506162,1.486800,0.019362,0.000000,synthetic_chat_design_preset
49.57,1.508893,1.487100,0.021793,0.000000,synthetic_chat_design_preset
49.58,1.511281,1.487400,0.023881,0.000000,synthetic_chat_design_preset
49.59,1.513292,1.487700,0.025592,0.000000,synthetic_chat_design_preset
49.60,1.514900,1.488000,0.026900,0.000000,synthetic_chat_design_preset
49.61,1.516083,1.488300,0.027783,0.000000,synthetic_chat_design_preset
49.62,1.516828,1.488600,0.028228,0.000000,synthetic_chat_design_preset
49.63,1.517128,1.488900,0.028228,0.000000,synthetic_chat_design_preset
49.64,1.516983,1.489200,0.027783,0.000000,synthetic_chat_design_preset
49.65,1.516400,1.489500,0.026900,0.000000,synthetic_chat_design_preset
49.66,1.515392,1.489800,0.025592,0.000000,synthetic_chat_design_preset
49.67,1.513981,1.490100,0.023881,0.000000,synthetic_chat_design_preset
49.68,1.512193,1.490400,0.021793,0.000000,synthetic_chat_design_preset
49.69,1.510062,1.490700,0.019362,0.000000,synthetic_chat_design_preset
49.70,1.507625,1.491000,0.016625,0.000000,synthetic_chat_design_preset
49.71,1.504926,1.491300,0.013626,0.000000,synthetic_chat_design_preset
49.72,1.502012,1.491600,0.010412,0.000000,synthetic_chat_design_preset
49.73,1.498934,1.491900,0.007034,0.000000,synthetic_chat_design_preset
49.74,1.495745,1.492200,0.003545,0.000000,synthetic_chat_design_preset
49.75,1.492500,1.492500,-0.000000,0.000000,synthetic_chat_design_preset
49.76,1.489255,1.492800,-0.003545,0.000000,synthetic_chat_design_preset
49.77,1.486066,1.493100,-0.007034,0.000000,synthetic_chat_design_preset
49.78,1.482988,1.493400,-0.010412,0.000000,synthetic_chat_design_preset
49.79,1.480074,1.493700,-0.013626,0.000000,synthetic_chat_design_preset
49.80,1.477375,1.494000,-0.016625,0.000000,synthetic_chat_design_preset
49.81,1.474938,1.494300,-0.019362,0.000000,synthetic_chat_design_preset
49.82,1.472807,1.494600,-0.021793,0.000000,synthetic_chat_design_preset
49.83,1.471019,1.494900,-0.023881,0.000000,synthetic_chat_design_preset
49.84,1.469608,1.495200,-0.025592,0.000000,synthetic_chat_design_preset
49.85,1.468600,1.495500,-0.026900,0.000000,synthetic_chat_design_preset
49.86,1.468017,1.495800,-0.027783,0.000000,synthetic_chat_design_preset
49.87,1.467872,1.496100,-0.028228,0.000000,synthetic_chat_design_preset
49.88,1.468172,1.496400,-0.028228,0.000000,synthetic_chat_design_preset
49.89,1.468917,1.496700,-0.027783,0.000000,synthetic_chat_design_preset
49.90,1.470100,1.497000,-0.026900,0.000000,synthetic_chat_design_preset
49.91,1.471708,1.497300,-0.025592,0.000000,synthetic_chat_design_preset
49.92,1.473719,1.497600,-0.023881,0.000000,synthetic_chat_design_preset
49.93,1.476107,1.497900,-0.021793,0.000000,synthetic_chat_design_preset
49.94,1.478838,1.498200,-0.019362,0.000000,synthetic_chat_design_preset
49.95,1.481875,1.498500,-0.016625,0.000000,synthetic_chat_design_preset
49.96,1.485174,1.498800,-0.013626,0.000000,synthetic_chat_design_preset
49.97,1.488688,1.499100,-0.010412,0.000000,synthetic_chat_design_preset
49.98,1.492366,1.499400,-0.007034,0.000000,synthetic_chat_design_preset
49.99,1.496155,1.499700,-0.003545,0.000000,synthetic_chat_design_preset
50.00,1.500000,1.500000,0.000000,0.000000,synthetic_chat_design_preset
50.01,1.503845,1.500300,0.003545,0.000000,synthetic_chat_design_preset
50.02,1.507634,1.500600,0.007034,0.000000,synthetic_chat_design_preset
50.03,1.511312,1.500900,0.010412,0.000000,synthetic_chat_design_preset
50.04,1.514826,1.501200,0.013626,0.000000,synthetic_chat_design_preset
50.05,1.518125,1.501500,0.016625,0.000000,synthetic_chat_design_preset
50.06,1.521162,1.501800,0.019362,0.000000,synthetic_chat_design_preset
50.07,1.523893,1.502100,0.021793,0.000000,synthetic_chat_design_preset
50.08,1.526281,1.502400,0.023881,0.000000,synthetic_chat_design_preset
50.09,1.528292,1.502700,0.025592,0.000000,synthetic_chat_design_preset
50.10,1.529900,1.503000,0.026900,0.000000,synthetic_chat_design_preset
50.11,1.531083,1.503300,0.027783,0.000000,synthetic_chat_design_preset
50.12,1.531828,1.503600,0.028228,0.000000,synthetic_chat_design_preset
50.13,1.532128,1.503900,0.028228,0.000000,synthetic_chat_design_preset
50.14,1.531983,1.504200,0.027783,0.000000,synthetic_chat_design_preset
50.15,1.531400,1.504500,0.026900,0.000000,synthetic_chat_design_preset
50.16,1.530392,1.504800,0.025592,0.000000,synthetic_chat_design_preset
50.17,1.528981,1.505100,0.023881,0.000000,synthetic_chat_design_preset
50.18,1.527193,1.505400,0.021793,0.000000,synthetic_chat_design_preset
50.19,1.525062,1.505700,0.019362,0.000000,synthetic_chat_design_preset
50.20,1.522625,1.506000,0.016625,0.000000,synthetic_chat_design_preset
50.21,1.519926,1.506300,0.013626,0.000000,synthetic_chat_design_preset
50.22,1.517012,1.506600,0.010412,0.000000,synthetic_chat_design_preset
50.23,1.513934,1.506900,0.007034,0.000000,synthetic_chat_design_preset
50.24,1.510745,1.507200,0.003545,0.000000,synthetic_chat_design_preset
50.25,1.507500,1.507500,0.000000,0.000000,synthetic_chat_design_preset
50.26,1.504255,1.507800,-0.003545,0.000000,synthetic_chat_design_preset
50.27,1.501066,1.508100,-0.007034,0.000000,synthetic_chat_design_preset
50.28,1.497988,1.508400,-0.010412,0.000000,synthetic_chat_design_preset
50.29,1.495074,1.508700,-0.013626,0.000000,synthetic_chat_design_preset
50.30,1.492375,1.509000,-0.016625,0.000000,synthetic_chat_design_preset
50.31,1.489938,1.509300,-0.019362,0.000000,synthetic_chat_design_preset
50.32,1.487807,1.509600,-0.021793,0.000000,synthetic_chat_design_preset
50.33,1.486019,1.509900,-0.023881,0.000000,synthetic_chat_design_preset
50.34,1.484608,1.510200,-0.025592,0.000000,synthetic_chat_design_preset
50.35,1.483600,1.510500,-0.026900,0.000000,synthetic_chat_design_preset
50.36,1.483017,1.510800,-0.027783,0.000000,synthetic_chat_design_preset
50.37,1.482872,1.511100,-0.028228,0.000000,synthetic_chat_design_preset
50.38,1.483172,1.511400,-0.028228,0.000000,synthetic_chat_design_preset
50.39,1.483917,1.511700,-0.027783,0.000000,synthetic_chat_design_preset
50.40,1.485100,1.512000,-0.026900,0.000000,synthetic_chat_design_preset
50.41,1.486708,1.512300,-0.025592,0.000000,synthetic_chat_design_preset
50.42,1.488719,1.512600,-0.023881,0.000000,synthetic_chat_design_preset
50.43,1.491107,1.512900,-0.021793,0.000000,synthetic_chat_design_preset
50.44,1.493838,1.513200,-0.019362,0.000000,synthetic_chat_design_preset
50.45,1.496875,1.513500,-0.016625,0.000000,synthetic_chat_design_preset
50.46,1.500174,1.513800,-0.013626,0.000000,synthetic_chat_design_preset
50.47,1.503688,1.514100,-0.010412,0.000000,synthetic_chat_design_preset
50.48,1.507366,1.514400,-0.007034,0.000000,synthetic_chat_design_preset
50.49,1.511155,1.514700,-0.003545,0.000000,synthetic_chat_design_preset
50.50,1.515000,1.515000,-0.000000,0.000000,synthetic_chat_design_preset
50.51,1.518845,1.515300,0.003545,0.000000,synthetic_chat_design_preset
50.52,1.522634,1.515600,0.007034,0.000000,synthetic_chat_design_preset
50.53,1.526312,1.515900,0.010412,0.000000,synthetic_chat_design_preset
50.54,1.529826,1.516200,0.013626,0.000000,synthetic_chat_design_preset
50.55,1.533125,1.516500,0.016625,0.000000,synthetic_chat_design_preset
50.56,1.536162,1.516800,0.019362,0.000000,synthetic_chat_design_preset
50.57,1.538893,1.517100,0.021793,0.000000,synthetic_chat_design_preset
50.58,1.541281,1.517400,0.023881,0.000000,synthetic_chat_design_preset
50.59,1.543292,1.517700,0.025592,0.000000,synthetic_chat_design_preset
50.60,1.544900,1.518000,0.026900,0.000000,synthetic_chat_design_preset
50.61,1.546083,1.518300,0.027783,0.000000,synthetic_chat_design_preset
50.62,1.546828,1.518600,0.028228,0.000000,synthetic_chat_design_preset
50.63,1.547128,1.518900,0.028228,0.000000,synthetic_chat_design_preset
50.64,1.546983,1.519200,0.027783,0.000000,synthetic_chat_design_preset
50.65,1.546400,1.519500,0.026900,0.000000,synthetic_chat_design_preset
50.66,1.545392,1.519800,0.025592,0.000000,synthetic_chat_design_preset
50.67,1.543981,1.520100,0.023881,0.000000,synthetic_chat_design_preset
50.68,1.542193,1.520400,0.021793,0.000000,synthetic_chat_design_preset
50.69,1.540062,1.520700,0.019362,0.000000,synthetic_chat_design_preset
50.70,1.537625,1.521000,0.016625,0.000000,synthetic_chat_design_preset
50.71,1.534926,1.521300,0.013626,0.000000,synthetic_chat_design_preset
50.72,1.532012,1.521600,0.010412,0.000000,synthetic_chat_design_preset
50.73,1.528934,1.521900,0.007034,0.000000,synthetic_chat_design_preset
50.74,1.525745,1.522200,0.003545,0.000000,synthetic_chat_design_preset
50.75,1.522500,1.522500,0.000000,0.000000,synthetic_chat_design_preset
50.76,1.519255,1.522800,-0.003545,0.000000,synthetic_chat_design_preset
50.77,1.516066,1.523100,-0.007034,0.000000,synthetic_chat_design_preset
50.78,1.512988,1.523400,-0.010412,0.000000,synthetic_chat_design_preset
50.79,1.510074,1.523700,-0.013626,0.000000,synthetic_chat_design_preset
50.80,1.507375,1.524000,-0.016625,0.000000,synthetic_chat_design_preset
50.81,1.504938,1.524300,-0.019362,0.000000,synthetic_chat_design_preset
50.82,1.502807,1.524600,-0.021793,0.000000,synthetic_chat_design_preset
50.83,1.501019,1.524900,-0.023881,0.000000,synthetic_chat_design_preset
50.84,1.499608,1.525200,-0.025592,0.000000,synthetic_chat_design_preset
50.85,1.498600,1.525500,-0.026900,0.000000,synthetic_chat_design_preset
50.86,1.498017,1.525800,-0.027783,0.000000,synthetic_chat_design_preset
50.87,1.497872,1.526100,-0.028228,0.000000,synthetic_chat_design_preset
50.88,1.498172,1.526400,-0.028228,0.000000,synthetic_chat_design_preset
50.89,1.498917,1.526700,-0.027783,0.000000,synthetic_chat_design_preset
50.90,1.500100,1.527000,-0.026900,0.000000,synthetic_chat_design_preset
50.91,1.501708,1.527300,-0.025592,0.000000,synthetic_chat_design_preset
50.92,1.503719,1.527600,-0.023881,0.000000,synthetic_chat_design_preset
50.93,1.506107,1.527900,-0.021793,0.000000,synthetic_chat_design_preset
50.94,1.508838,1.528200,-0.019362,0.000000,synthetic_chat_design_preset
50.95,1.511875,1.528500,-0.016625,0.000000,synthetic_chat_design_preset
50.96,1.515174,1.528800,-0.013626,0.000000,synthetic_chat_design_preset
50.97,1.518688,1.529100,-0.010412,0.000000,synthetic_chat_design_preset
50.98,1.522366,1.529400,-0.007034,0.000000,synthetic_chat_design_preset
50.99,1.526155,1.529700,-0.003545,0.000000,synthetic_chat_design_preset
51.00,1.530000,1.530000,-0.000000,0.000000,synthetic_chat_design_preset
51.01,1.533845,1.530300,0.003545,0.000000,synthetic_chat_design_preset
51.02,1.537634,1.530600,0.007034,0.000000,synthetic_chat_design_preset
51.03,1.541312,1.530900,0.010412,0.000000,synthetic_chat_design_preset
51.04,1.544826,1.531200,0.013626,0.000000,synthetic_chat_design_preset
51.05,1.548125,1.531500,0.016625,0.000000,synthetic_chat_design_preset
51.06,1.551162,1.531800,0.019362,0.000000,synthetic_chat_design_preset
51.07,1.553893,1.532100,0.021793,0.000000,synthetic_chat_design_preset
51.08,1.556281,1.532400,0.023881,0.000000,synthetic_chat_design_preset
51.09,1.558292,1.532700,0.025592,0.000000,synthetic_chat_design_preset
51.10,1.559900,1.533000,0.026900,0.000000,synthetic_chat_design_preset
51.11,1.561083,1.533300,0.027783,0.000000,synthetic_chat_design_preset
51.12,1.561828,1.533600,0.028228,0.000000,synthetic_chat_design_preset
51.13,1.562128,1.533900,0.028228,0.000000,synthetic_chat_design_preset
51.14,1.561983,1.534200,0.027783,0.000000,synthetic_chat_design_preset
51.15,1.561400,1.534500,0.026900,0.000000,synthetic_chat_design_preset
51.16,1.560392,1.534800,0.025592,0.000000,synthetic_chat_design_preset
51.17,1.558981,1.535100,0.023881,0.000000,synthetic_chat_design_preset
51.18,1.557193,1.535400,0.021793,0.000000,synthetic_chat_design_preset
51.19,1.555062,1.535700,0.019362,0.000000,synthetic_chat_design_preset
51.20,1.552625,1.536000,0.016625,0.000000,synthetic_chat_design_preset
51.21,1.549926,1.536300,0.013626,0.000000,synthetic_chat_design_preset
51.22,1.547012,1.536600,0.010412,0.000000,synthetic_chat_design_preset
51.23,1.543934,1.536900,0.007034,0.000000,synthetic_chat_design_preset
51.24,1.540745,1.537200,0.003545,0.000000,synthetic_chat_design_preset
51.25,1.537500,1.537500,0.000000,0.000000,synthetic_chat_design_preset
51.26,1.534255,1.537800,-0.003545,0.000000,synthetic_chat_design_preset
51.27,1.531066,1.538100,-0.007034,0.000000,synthetic_chat_design_preset
51.28,1.527988,1.538400,-0.010412,0.000000,synthetic_chat_design_preset
51.29,1.525074,1.538700,-0.013626,0.000000,synthetic_chat_design_preset
51.30,1.522375,1.539000,-0.016625,0.000000,synthetic_chat_design_preset
51.31,1.519938,1.539300,-0.019362,0.000000,synthetic_chat_design_preset
51.32,1.517807,1.539600,-0.021793,0.000000,synthetic_chat_design_preset
51.33,1.516019,1.539900,-0.023881,0.000000,synthetic_chat_design_preset
51.34,1.514608,1.540200,-0.025592,0.000000,synthetic_chat_design_preset
51.35,1.513600,1.540500,-0.026900,0.000000,synthetic_chat_design_preset
51.36,1.513017,1.540800,-0.027783,0.000000,synthetic_chat_design_preset
51.37,1.512872,1.541100,-0.028228,0.000000,synthetic_chat_design_preset
51.38,1.513172,1.541400,-0.028228,0.000000,synthetic_chat_design_preset
51.39,1.513917,1.541700,-0.027783,0.000000,synthetic_chat_design_preset
51.40,1.515100,1.542000,-0.026900,0.000000,synthetic_chat_design_preset
51.41,1.516708,1.542300,-0.025592,0.000000,synthetic_chat_design_preset
51.42,1.518719,1.542600,-0.023881,0.000000,synthetic_chat_design_preset
51.43,1.521107,1.542900,-0.021793,0.000000,synthetic_chat_design_preset
51.44,1.523838,1.543200,-0.019362,0.000000,synthetic_chat_design_preset
51.45,1.526875,1.543500,-0.016625,0.000000,synthetic_chat_design_preset
51.46,1.530174,1.543800,-0.013626,0.000000,synthetic_chat_design_preset
51.47,1.533688,1.544100,-0.010412,0.000000,synthetic_chat_design_preset
51.48,1.537366,1.544400,-0.007034,0.000000,synthetic_chat_design_preset
51.49,1.541155,1.544700,-0.003545,0.000000,synthetic_chat_design_preset
51.50,1.545000,1.545000,-0.000000,0.000000,synthetic_chat_design_preset
51.51,1.548845,1.545300,0.003545,0.000000,synthetic_chat_design_preset
51.52,1.552634,1.545600,0.007034,0.000000,synthetic_chat_design_preset
51.53,1.556312,1.545900,0.010412,0.000000,synthetic_chat_design_preset
51.54,1.559826,1.546200,0.013626,0.000000,synthetic_chat_design_preset
51.55,1.563125,1.546500,0.016625,0.000000,synthetic_chat_design_preset
51.56,1.566162,1.546800,0.019362,0.000000,synthetic_chat_design_preset
51.57,1.568893,1.547100,0.021793,0.000000,synthetic_chat_design_preset
51.58,1.571281,1.547400,0.023881,0.000000,synthetic_chat_design_preset
51.59,1.573292,1.547700,0.025592,0.000000,synthetic_chat_design_preset
51.60,1.574900,1.548000,0.026900,0.000000,synthetic_chat_design_preset
51.61,1.576083,1.548300,0.027783,0.000000,synthetic_chat_design_preset
51.62,1.576828,1.548600,0.028228,0.000000,synthetic_chat_design_preset
51.63,1.577128,1.548900,0.028228,0.000000,synthetic_chat_design_preset
51.64,1.576983,1.549200,0.027783,0.000000,synthetic_chat_design_preset
51.65,1.576400,1.549500,0.026900,0.000000,synthetic_chat_design_preset
51.66,1.575392,1.549800,0.025592,0.000000,synthetic_chat_design_preset
51.67,1.573981,1.550100,0.023881,0.000000,synthetic_chat_design_preset
51.68,1.572193,1.550400,0.021793,0.000000,synthetic_chat_design_preset
51.69,1.570062,1.550700,0.019362,0.000000,synthetic_chat_design_preset
51.70,1.567625,1.551000,0.016625,0.000000,synthetic_chat_design_preset
51.71,1.564926,1.551300,0.013626,0.000000,synthetic_chat_design_preset
51.72,1.562012,1.551600,0.010412,0.000000,synthetic_chat_design_preset
51.73,1.558934,1.551900,0.007034,0.000000,synthetic_chat_design_preset
51.74,1.555745,1.552200,0.003545,0.000000,synthetic_chat_design_preset
51.75,1.552500,1.552500,0.000000,0.000000,synthetic_chat_design_preset
51.76,1.549255,1.552800,-0.003545,0.000000,synthetic_chat_design_preset
51.77,1.546066,1.553100,-0.007034,0.000000,synthetic_chat_design_preset
51.78,1.542988,1.553400,-0.010412,0.000000,synthetic_chat_design_preset
51.79,1.540074,1.553700,-0.013626,0.000000,synthetic_chat_design_preset
51.80,1.537375,1.554000,-0.016625,0.000000,synthetic_chat_design_preset
51.81,1.534938,1.554300,-0.019362,0.000000,synthetic_chat_design_preset
51.82,1.532807,1.554600,-0.021793,0.000000,synthetic_chat_design_preset
51.83,1.531019,1.554900,-0.023881,0.000000,synthetic_chat_design_preset
51.84,1.529608,1.555200,-0.025592,0.000000,synthetic_chat_design_preset
51.85,1.528600,1.555500,-0.026900,0.000000,synthetic_chat_design_preset
51.86,1.528017,1.555800,-0.027783,0.000000,synthetic_chat_design_preset
51.87,1.527872,1.556100,-0.028228,0.000000,synthetic_chat_design_preset
51.88,1.528172,1.556400,-0.028228,0.000000,synthetic_chat_design_preset
51.89,1.528917,1.556700,-0.027783,0.000000,synthetic_chat_design_preset
51.90,1.530100,1.557000,-0.026900,0.000000,synthetic_chat_design_preset
51.91,1.531708,1.557300,-0.025592,0.000000,synthetic_chat_design_preset
51.92,1.533719,1.557600,-0.023881,0.000000,synthetic_chat_design_preset
51.93,1.536107,1.557900,-0.021793,0.000000,synthetic_chat_design_preset
51.94,1.538838,1.558200,-0.019362,0.000000,synthetic_chat_design_preset
51.95,1.541875,1.558500,-0.016625,0.000000,synthetic_chat_design_preset
51.96,1.545174,1.558800,-0.013626,0.000000,synthetic_chat_design_preset
51.97,1.548688,1.559100,-0.010412,0.000000,synthetic_chat_design_preset
51.98,1.552366,1.559400,-0.007034,0.000000,synthetic_chat_design_preset
51.99,1.556155,1.559700,-0.003545,0.000000,synthetic_chat_design_preset
52.00,1.560000,1.560000,0.000000,0.000000,synthetic_chat_design_preset
52.01,1.563845,1.560300,0.003545,0.000000,synthetic_chat_design_preset
52.02,1.567634,1.560600,0.007034,0.000000,synthetic_chat_design_preset
52.03,1.571312,1.560900,0.010412,0.000000,synthetic_chat_design_preset
52.04,1.574826,1.561200,0.013626,0.000000,synthetic_chat_design_preset
52.05,1.578125,1.561500,0.016625,0.000000,synthetic_chat_design_preset
52.06,1.581162,1.561800,0.019362,0.000000,synthetic_chat_design_preset
52.07,1.583893,1.562100,0.021793,0.000000,synthetic_chat_design_preset
52.08,1.586281,1.562400,0.023881,0.000000,synthetic_chat_design_preset
52.09,1.588292,1.562700,0.025592,0.000000,synthetic_chat_design_preset
52.10,1.589900,1.563000,0.026900,0.000000,synthetic_chat_design_preset
52.11,1.591083,1.563300,0.027783,0.000000,synthetic_chat_design_preset
52.12,1.591828,1.563600,0.028228,0.000000,synthetic_chat_design_preset
52.13,1.592128,1.563900,0.028228,0.000000,synthetic_chat_design_preset
52.14,1.591983,1.564200,0.027783,0.000000,synthetic_chat_design_preset
52.15,1.591400,1.564500,0.026900,0.000000,synthetic_chat_design_preset
52.16,1.590392,1.564800,0.025592,0.000000,synthetic_chat_design_preset
52.17,1.588981,1.565100,0.023881,0.000000,synthetic_chat_design_preset
52.18,1.587193,1.565400,0.021793,0.000000,synthetic_chat_design_preset
52.19,1.585062,1.565700,0.019362,0.000000,synthetic_chat_design_preset
52.20,1.582625,1.566000,0.016625,0.000000,synthetic_chat_design_preset
52.21,1.579926,1.566300,0.013626,0.000000,synthetic_chat_design_preset
52.22,1.577012,1.566600,0.010412,0.000000,synthetic_chat_design_preset
52.23,1.573934,1.566900,0.007034,0.000000,synthetic_chat_design_preset
52.24,1.570745,1.567200,0.003545,0.000000,synthetic_chat_design_preset
52.25,1.567500,1.567500,-0.000000,0.000000,synthetic_chat_design_preset
52.26,1.564255,1.567800,-0.003545,0.000000,synthetic_chat_design_preset
52.27,1.561066,1.568100,-0.007034,0.000000,synthetic_chat_design_preset
52.28,1.557988,1.568400,-0.010412,0.000000,synthetic_chat_design_preset
52.29,1.555074,1.568700,-0.013626,0.000000,synthetic_chat_design_preset
52.30,1.552375,1.569000,-0.016625,0.000000,synthetic_chat_design_preset
52.31,1.549938,1.569300,-0.019362,0.000000,synthetic_chat_design_preset
52.32,1.547807,1.569600,-0.021793,0.000000,synthetic_chat_design_preset
52.33,1.546019,1.569900,-0.023881,0.000000,synthetic_chat_design_preset
52.34,1.544608,1.570200,-0.025592,0.000000,synthetic_chat_design_preset
52.35,1.543600,1.570500,-0.026900,0.000000,synthetic_chat_design_preset
52.36,1.543017,1.570800,-0.027783,0.000000,synthetic_chat_design_preset
52.37,1.542872,1.571100,-0.028228,0.000000,synthetic_chat_design_preset
52.38,1.543172,1.571400,-0.028228,0.000000,synthetic_chat_design_preset
52.39,1.543917,1.571700,-0.027783,0.000000,synthetic_chat_design_preset
52.40,1.545100,1.572000,-0.026900,0.000000,synthetic_chat_design_preset
52.41,1.546708,1.572300,-0.025592,0.000000,synthetic_chat_design_preset
52.42,1.548719,1.572600,-0.023881,0.000000,synthetic_chat_design_preset
52.43,1.551107,1.572900,-0.021793,0.000000,synthetic_chat_design_preset
52.44,1.553838,1.573200,-0.019362,0.000000,synthetic_chat_design_preset
52.45,1.556875,1.573500,-0.016625,0.000000,synthetic_chat_design_preset
52.46,1.560174,1.573800,-0.013626,0.000000,synthetic_chat_design_preset
52.47,1.563688,1.574100,-0.010412,0.000000,synthetic_chat_design_preset
52.48,1.567366,1.574400,-0.007034,0.000000,synthetic_chat_design_preset
52.49,1.571155,1.574700,-0.003545,0.000000,synthetic_chat_design_preset
52.50,1.575000,1.575000,0.000000,0.000000,synthetic_chat_design_preset
52.51,1.578845,1.575300,0.003545,0.000000,synthetic_chat_design_preset
52.52,1.582634,1.575600,0.007034,0.000000,synthetic_chat_design_preset
52.53,1.586312,1.575900,0.010412,0.000000,synthetic_chat_design_preset
52.54,1.589826,1.576200,0.013626,0.000000,synthetic_chat_design_preset
52.55,1.593125,1.576500,0.016625,0.000000,synthetic_chat_design_preset
52.56,1.596162,1.576800,0.019362,0.000000,synthetic_chat_design_preset
52.57,1.598893,1.577100,0.021793,0.000000,synthetic_chat_design_preset
52.58,1.601281,1.577400,0.023881,0.000000,synthetic_chat_design_preset
52.59,1.603292,1.577700,0.025592,0.000000,synthetic_chat_design_preset
52.60,1.604900,1.578000,0.026900,0.000000,synthetic_chat_design_preset
52.61,1.606083,1.578300,0.027783,0.000000,synthetic_chat_design_preset
52.62,1.606828,1.578600,0.028228,0.000000,synthetic_chat_design_preset
52.63,1.607128,1.578900,0.028228,0.000000,synthetic_chat_design_preset
52.64,1.606983,1.579200,0.027783,0.000000,synthetic_chat_design_preset
52.65,1.606400,1.579500,0.026900,0.000000,synthetic_chat_design_preset
52.66,1.605392,1.579800,0.025592,0.000000,synthetic_chat_design_preset
52.67,1.603981,1.580100,0.023881,0.000000,synthetic_chat_design_preset
52.68,1.602193,1.580400,0.021793,0.000000,synthetic_chat_design_preset
52.69,1.600062,1.580700,0.019362,0.000000,synthetic_chat_design_preset
52.70,1.597625,1.581000,0.016625,0.000000,synthetic_chat_design_preset
52.71,1.594926,1.581300,0.013626,0.000000,synthetic_chat_design_preset
52.72,1.592012,1.581600,0.010412,0.000000,synthetic_chat_design_preset
52.73,1.588934,1.581900,0.007034,0.000000,synthetic_chat_design_preset
52.74,1.585745,1.582200,0.003545,0.000000,synthetic_chat_design_preset
52.75,1.582500,1.582500,0.000000,0.000000,synthetic_chat_design_preset
52.76,1.579255,1.582800,-0.003545,0.000000,synthetic_chat_design_preset
52.77,1.576066,1.583100,-0.007034,0.000000,synthetic_chat_design_preset
52.78,1.572988,1.583400,-0.010412,0.000000,synthetic_chat_design_preset
52.79,1.570074,1.583700,-0.013626,0.000000,synthetic_chat_design_preset
52.80,1.567375,1.584000,-0.016625,0.000000,synthetic_chat_design_preset
52.81,1.564938,1.584300,-0.019362,0.000000,synthetic_chat_design_preset
52.82,1.562807,1.584600,-0.021793,0.000000,synthetic_chat_design_preset
52.83,1.561019,1.584900,-0.023881,0.000000,synthetic_chat_design_preset
52.84,1.559608,1.585200,-0.025592,0.000000,synthetic_chat_design_preset
52.85,1.558600,1.585500,-0.026900,0.000000,synthetic_chat_design_preset
52.86,1.558017,1.585800,-0.027783,0.000000,synthetic_chat_design_preset
52.87,1.557872,1.586100,-0.028228,0.000000,synthetic_chat_design_preset
52.88,1.558172,1.586400,-0.028228,0.000000,synthetic_chat_design_preset
52.89,1.558917,1.586700,-0.027783,0.000000,synthetic_chat_design_preset
52.90,1.560100,1.587000,-0.026900,0.000000,synthetic_chat_design_preset
52.91,1.561708,1.587300,-0.025592,0.000000,synthetic_chat_design_preset
52.92,1.563719,1.587600,-0.023881,0.000000,synthetic_chat_design_preset
52.93,1.566107,1.587900,-0.021793,0.000000,synthetic_chat_design_preset
52.94,1.568838,1.588200,-0.019362,0.000000,synthetic_chat_design_preset
52.95,1.571875,1.588500,-0.016625,0.000000,synthetic_chat_design_preset
52.96,1.575174,1.588800,-0.013626,0.000000,synthetic_chat_design_preset
52.97,1.578688,1.589100,-0.010412,0.000000,synthetic_chat_design_preset
52.98,1.582366,1.589400,-0.007034,0.000000,synthetic_chat_design_preset
52.99,1.586155,1.589700,-0.003545,0.000000,synthetic_chat_design_preset
53.00,1.590000,1.590000,-0.000000,0.000000,synthetic_chat_design_preset
53.01,1.593845,1.590300,0.003545,0.000000,synthetic_chat_design_preset
53.02,1.597634,1.590600,0.007034,0.000000,synthetic_chat_design_preset
53.03,1.601312,1.590900,0.010412,0.000000,synthetic_chat_design_preset
53.04,1.604826,1.591200,0.013626,0.000000,synthetic_chat_design_preset
53.05,1.608125,1.591500,0.016625,0.000000,synthetic_chat_design_preset
53.06,1.611162,1.591800,0.019362,0.000000,synthetic_chat_design_preset
53.07,1.613893,1.592100,0.021793,0.000000,synthetic_chat_design_preset
53.08,1.616281,1.592400,0.023881,0.000000,synthetic_chat_design_preset
53.09,1.618292,1.592700,0.025592,0.000000,synthetic_chat_design_preset
53.10,1.619900,1.593000,0.026900,0.000000,synthetic_chat_design_preset
53.11,1.621083,1.593300,0.027783,0.000000,synthetic_chat_design_preset
53.12,1.621828,1.593600,0.028228,0.000000,synthetic_chat_design_preset
53.13,1.622128,1.593900,0.028228,0.000000,synthetic_chat_design_preset
53.14,1.621983,1.594200,0.027783,0.000000,synthetic_chat_design_preset
53.15,1.621400,1.594500,0.026900,0.000000,synthetic_chat_design_preset
53.16,1.620392,1.594800,0.025592,0.000000,synthetic_chat_design_preset
53.17,1.618981,1.595100,0.023881,0.000000,synthetic_chat_design_preset
53.18,1.617193,1.595400,0.021793,0.000000,synthetic_chat_design_preset
53.19,1.615062,1.595700,0.019362,0.000000,synthetic_chat_design_preset
53.20,1.612625,1.596000,0.016625,0.000000,synthetic_chat_design_preset
53.21,1.609926,1.596300,0.013626,0.000000,synthetic_chat_design_preset
53.22,1.607012,1.596600,0.010412,0.000000,synthetic_chat_design_preset
53.23,1.603934,1.596900,0.007034,0.000000,synthetic_chat_design_preset
53.24,1.600745,1.597200,0.003545,0.000000,synthetic_chat_design_preset
53.25,1.597500,1.597500,0.000000,0.000000,synthetic_chat_design_preset
53.26,1.594255,1.597800,-0.003545,0.000000,synthetic_chat_design_preset
53.27,1.591066,1.598100,-0.007034,0.000000,synthetic_chat_design_preset
53.28,1.587988,1.598400,-0.010412,0.000000,synthetic_chat_design_preset
53.29,1.585074,1.598700,-0.013626,0.000000,synthetic_chat_design_preset
53.30,1.582375,1.599000,-0.016625,0.000000,synthetic_chat_design_preset
53.31,1.579938,1.599300,-0.019362,0.000000,synthetic_chat_design_preset
53.32,1.577807,1.599600,-0.021793,0.000000,synthetic_chat_design_preset
53.33,1.576019,1.599900,-0.023881,0.000000,synthetic_chat_design_preset
53.34,1.574608,1.600200,-0.025592,0.000000,synthetic_chat_design_preset
53.35,1.573600,1.600500,-0.026900,0.000000,synthetic_chat_design_preset
53.36,1.573017,1.600800,-0.027783,0.000000,synthetic_chat_design_preset
53.37,1.572872,1.601100,-0.028228,0.000000,synthetic_chat_design_preset
53.38,1.573172,1.601400,-0.028228,0.000000,synthetic_chat_design_preset
53.39,1.573917,1.601700,-0.027783,0.000000,synthetic_chat_design_preset
53.40,1.575100,1.602000,-0.026900,0.000000,synthetic_chat_design_preset
53.41,1.576708,1.602300,-0.025592,0.000000,synthetic_chat_design_preset
53.42,1.578719,1.602600,-0.023881,0.000000,synthetic_chat_design_preset
53.43,1.581107,1.602900,-0.021793,0.000000,synthetic_chat_design_preset
53.44,1.583838,1.603200,-0.019362,0.000000,synthetic_chat_design_preset
53.45,1.586875,1.603500,-0.016625,0.000000,synthetic_chat_design_preset
53.46,1.590174,1.603800,-0.013626,0.000000,synthetic_chat_design_preset
53.47,1.593688,1.604100,-0.010412,0.000000,synthetic_chat_design_preset
53.48,1.597366,1.604400,-0.007034,0.000000,synthetic_chat_design_preset
53.49,1.601155,1.604700,-0.003545,0.000000,synthetic_chat_design_preset
53.50,1.605000,1.605000,-0.000000,0.000000,synthetic_chat_design_preset
53.51,1.608845,1.605300,0.003545,0.000000,synthetic_chat_design_preset
53.52,1.612634,1.605600,0.007034,0.000000,synthetic_chat_design_preset
53.53,1.616312,1.605900,0.010412,0.000000,synthetic_chat_design_preset
53.54,1.619826,1.606200,0.013626,0.000000,synthetic_chat_design_preset
53.55,1.623125,1.606500,0.016625,0.000000,synthetic_chat_design_preset
53.56,1.626162,1.606800,0.019362,0.000000,synthetic_chat_design_preset
53.57,1.628893,1.607100,0.021793,0.000000,synthetic_chat_design_preset
53.58,1.631281,1.607400,0.023881,0.000000,synthetic_chat_design_preset
53.59,1.633292,1.607700,0.025592,0.000000,synthetic_chat_design_preset
53.60,1.634900,1.608000,0.026900,0.000000,synthetic_chat_design_preset
53.61,1.636083,1.608300,0.027783,0.000000,synthetic_chat_design_preset
53.62,1.636828,1.608600,0.028228,0.000000,synthetic_chat_design_preset
53.63,1.637128,1.608900,0.028228,0.000000,synthetic_chat_design_preset
53.64,1.636983,1.609200,0.027783,0.000000,synthetic_chat_design_preset
53.65,1.636400,1.609500,0.026900,0.000000,synthetic_chat_design_preset
53.66,1.635392,1.609800,0.025592,0.000000,synthetic_chat_design_preset
53.67,1.633981,1.610100,0.023881,0.000000,synthetic_chat_design_preset
53.68,1.632193,1.610400,0.021793,0.000000,synthetic_chat_design_preset
53.69,1.630062,1.610700,0.019362,0.000000,synthetic_chat_design_preset
53.70,1.627625,1.611000,0.016625,0.000000,synthetic_chat_design_preset
53.71,1.624926,1.611300,0.013626,0.000000,synthetic_chat_design_preset
53.72,1.622012,1.611600,0.010412,0.000000,synthetic_chat_design_preset
53.73,1.618934,1.611900,0.007034,0.000000,synthetic_chat_design_preset
53.74,1.615745,1.612200,0.003545,0.000000,synthetic_chat_design_preset
53.75,1.612500,1.612500,0.000000,0.000000,synthetic_chat_design_preset
53.76,1.609255,1.612800,-0.003545,0.000000,synthetic_chat_design_preset
53.77,1.606066,1.613100,-0.007034,0.000000,synthetic_chat_design_preset
53.78,1.602988,1.613400,-0.010412,0.000000,synthetic_chat_design_preset
53.79,1.600074,1.613700,-0.013626,0.000000,synthetic_chat_design_preset
53.80,1.597375,1.614000,-0.016625,0.000000,synthetic_chat_design_preset
53.81,1.594938,1.614300,-0.019362,0.000000,synthetic_chat_design_preset
53.82,1.592807,1.614600,-0.021793,0.000000,synthetic_chat_design_preset
53.83,1.591019,1.614900,-0.023881,0.000000,synthetic_chat_design_preset
53.84,1.589608,1.615200,-0.025592,0.000000,synthetic_chat_design_preset
53.85,1.588600,1.615500,-0.026900,0.000000,synthetic_chat_design_preset
53.86,1.588017,1.615800,-0.027783,0.000000,synthetic_chat_design_preset
53.87,1.587872,1.616100,-0.028228,0.000000,synthetic_chat_design_preset
53.88,1.588172,1.616400,-0.028228,0.000000,synthetic_chat_design_preset
53.89,1.588917,1.616700,-0.027783,0.000000,synthetic_chat_design_preset
53.90,1.590100,1.617000,-0.026900,0.000000,synthetic_chat_design_preset
53.91,1.591708,1.617300,-0.025592,0.000000,synthetic_chat_design_preset
53.92,1.593719,1.617600,-0.023881,0.000000,synthetic_chat_design_preset
53.93,1.596107,1.617900,-0.021793,0.000000,synthetic_chat_design_preset
53.94,1.598838,1.618200,-0.019362,0.000000,synthetic_chat_design_preset
53.95,1.601875,1.618500,-0.016625,0.000000,synthetic_chat_design_preset
53.96,1.605174,1.618800,-0.013626,0.000000,synthetic_chat_design_preset
53.97,1.608688,1.619100,-0.010412,0.000000,synthetic_chat_design_preset
53.98,1.612366,1.619400,-0.007034,0.000000,synthetic_chat_design_preset
53.99,1.616155,1.619700,-0.003545,0.000000,synthetic_chat_design_preset
54.00,1.620000,1.620000,-0.000000,0.000000,synthetic_chat_design_preset
54.01,1.623845,1.620300,0.003545,0.000000,synthetic_chat_design_preset
54.02,1.627634,1.620600,0.007034,0.000000,synthetic_chat_design_preset
54.03,1.631312,1.620900,0.010412,0.000000,synthetic_chat_design_preset
54.04,1.634826,1.621200,0.013626,0.000000,synthetic_chat_design_preset
54.05,1.638125,1.621500,0.016625,0.000000,synthetic_chat_design_preset
54.06,1.641162,1.621800,0.019362,0.000000,synthetic_chat_design_preset
54.07,1.643893,1.622100,0.021793,0.000000,synthetic_chat_design_preset
54.08,1.646281,1.622400,0.023881,0.000000,synthetic_chat_design_preset
54.09,1.648292,1.622700,0.025592,0.000000,synthetic_chat_design_preset
54.10,1.649900,1.623000,0.026900,0.000000,synthetic_chat_design_preset
54.11,1.651083,1.623300,0.027783,0.000000,synthetic_chat_design_preset
54.12,1.651828,1.623600,0.028228,0.000000,synthetic_chat_design_preset
54.13,1.652128,1.623900,0.028228,0.000000,synthetic_chat_design_preset
54.14,1.651983,1.624200,0.027783,0.000000,synthetic_chat_design_preset
54.15,1.651400,1.624500,0.026900,0.000000,synthetic_chat_design_preset
54.16,1.650392,1.624800,0.025592,0.000000,synthetic_chat_design_preset
54.17,1.648981,1.625100,0.023881,0.000000,synthetic_chat_design_preset
54.18,1.647193,1.625400,0.021793,0.000000,synthetic_chat_design_preset
54.19,1.645062,1.625700,0.019362,0.000000,synthetic_chat_design_preset
54.20,1.642625,1.626000,0.016625,0.000000,synthetic_chat_design_preset
54.21,1.639926,1.626300,0.013626,0.000000,synthetic_chat_design_preset
54.22,1.637012,1.626600,0.010412,0.000000,synthetic_chat_design_preset
54.23,1.633934,1.626900,0.007034,0.000000,synthetic_chat_design_preset
54.24,1.630745,1.627200,0.003545,0.000000,synthetic_chat_design_preset
54.25,1.627500,1.627500,0.000000,0.000000,synthetic_chat_design_preset
54.26,1.624255,1.627800,-0.003545,0.000000,synthetic_chat_design_preset
54.27,1.621066,1.628100,-0.007034,0.000000,synthetic_chat_design_preset
54.28,1.617988,1.628400,-0.010412,0.000000,synthetic_chat_design_preset
54.29,1.615074,1.628700,-0.013626,0.000000,synthetic_chat_design_preset
54.30,1.612375,1.629000,-0.016625,0.000000,synthetic_chat_design_preset
54.31,1.609938,1.629300,-0.019362,0.000000,synthetic_chat_design_preset
54.32,1.607807,1.629600,-0.021793,0.000000,synthetic_chat_design_preset
54.33,1.606019,1.629900,-0.023881,0.000000,synthetic_chat_design_preset
54.34,1.604608,1.630200,-0.025592,0.000000,synthetic_chat_design_preset
54.35,1.603600,1.630500,-0.026900,0.000000,synthetic_chat_design_preset
54.36,1.603017,1.630800,-0.027783,0.000000,synthetic_chat_design_preset
54.37,1.602872,1.631100,-0.028228,0.000000,synthetic_chat_design_preset
54.38,1.603172,1.631400,-0.028228,0.000000,synthetic_chat_design_preset
54.39,1.603917,1.631700,-0.027783,0.000000,synthetic_chat_design_preset
54.40,1.605100,1.632000,-0.026900,0.000000,synthetic_chat_design_preset
54.41,1.606708,1.632300,-0.025592,0.000000,synthetic_chat_design_preset
54.42,1.608719,1.632600,-0.023881,0.000000,synthetic_chat_design_preset
54.43,1.611107,1.632900,-0.021793,0.000000,synthetic_chat_design_preset
54.44,1.613838,1.633200,-0.019362,0.000000,synthetic_chat_design_preset
54.45,1.616875,1.633500,-0.016625,0.000000,synthetic_chat_design_preset
54.46,1.620174,1.633800,-0.013626,0.000000,synthetic_chat_design_preset
54.47,1.623688,1.634100,-0.010412,0.000000,synthetic_chat_design_preset
54.48,1.627366,1.634400,-0.007034,0.000000,synthetic_chat_design_preset
54.49,1.631172,1.634700,-0.003545,0.000017,synthetic_chat_design_preset
54.50,1.635023,1.635000,-0.000000,0.000023,synthetic_chat_design_preset
54.51,1.638876,1.635300,0.003545,0.000031,synthetic_chat_design_preset
54.52,1.642675,1.635600,0.007034,0.000041,synthetic_chat_design_preset
54.53,1.646368,1.635900,0.010412,0.000055,synthetic_chat_design_preset
54.54,1.649900,1.636200,0.013626,0.000074,synthetic_chat_design_preset
54.55,1.653223,1.636500,0.016625,0.000098,synthetic_chat_design_preset
54.56,1.656290,1.636800,0.019362,0.000128,synthetic_chat_design_preset
54.57,1.659061,1.637100,0.021793,0.000168,synthetic_chat_design_preset
54.58,1.661499,1.637400,0.023881,0.000218,synthetic_chat_design_preset
54.59,1.663574,1.637700,0.025592,0.000282,synthetic_chat_design_preset
54.60,1.665262,1.638000,0.026900,0.000362,synthetic_chat_design_preset
54.61,1.666545,1.638300,0.027783,0.000461,synthetic_chat_design_preset
54.62,1.667413,1.638600,0.028228,0.000585,synthetic_chat_design_preset
54.63,1.667865,1.638900,0.028228,0.000737,synthetic_chat_design_preset
54.64,1.667906,1.639200,0.027783,0.000923,synthetic_chat_design_preset
54.65,1.667548,1.639500,0.026900,0.001148,synthetic_chat_design_preset
54.66,1.666813,1.639800,0.025592,0.001420,synthetic_chat_design_preset
54.67,1.665727,1.640100,0.023881,0.001746,synthetic_chat_design_preset
54.68,1.664326,1.640400,0.021793,0.002133,synthetic_chat_design_preset
54.69,1.662652,1.640700,0.019362,0.002590,synthetic_chat_design_preset
54.70,1.660750,1.641000,0.016625,0.003125,synthetic_chat_design_preset
54.71,1.658674,1.641300,0.013626,0.003748,synthetic_chat_design_preset
54.72,1.656479,1.641600,0.010412,0.004467,synthetic_chat_design_preset
54.73,1.654226,1.641900,0.007034,0.005292,synthetic_chat_design_preset
54.74,1.651976,1.642200,0.003545,0.006231,synthetic_chat_design_preset
54.75,1.649791,1.642500,-0.000000,0.007291,synthetic_chat_design_preset
54.76,1.647734,1.642800,-0.003545,0.008479,synthetic_chat_design_preset
54.77,1.645866,1.643100,-0.007034,0.009800,synthetic_chat_design_preset
54.78,1.644245,1.643400,-0.010412,0.011257,synthetic_chat_design_preset
54.79,1.642925,1.643700,-0.013626,0.012851,synthetic_chat_design_preset
54.80,1.641957,1.644000,-0.016625,0.014582,synthetic_chat_design_preset
54.81,1.641381,1.644300,-0.019362,0.016443,synthetic_chat_design_preset
54.82,1.641235,1.644600,-0.021793,0.018428,synthetic_chat_design_preset
54.83,1.641545,1.644900,-0.023881,0.020526,synthetic_chat_design_preset
54.84,1.642331,1.645200,-0.025592,0.022723,synthetic_chat_design_preset
54.85,1.643600,1.645500,-0.026900,0.025000,synthetic_chat_design_preset
54.86,1.645353,1.645800,-0.027783,0.027336,synthetic_chat_design_preset
54.87,1.647579,1.646100,-0.028228,0.029707,synthetic_chat_design_preset
54.88,1.650257,1.646400,-0.028228,0.032086,synthetic_chat_design_preset
54.89,1.653358,1.646700,-0.027783,0.034442,synthetic_chat_design_preset
54.90,1.656843,1.647000,-0.026900,0.036743,synthetic_chat_design_preset
54.91,1.660666,1.647300,-0.025592,0.038958,synthetic_chat_design_preset
54.92,1.664772,1.647600,-0.023881,0.041053,synthetic_chat_design_preset
54.93,1.669101,1.647900,-0.021793,0.042994,synthetic_chat_design_preset
54.94,1.673589,1.648200,-0.019362,0.044751,synthetic_chat_design_preset
54.95,1.678169,1.648500,-0.016625,0.046294,synthetic_chat_design_preset
54.96,1.682769,1.648800,-0.013626,0.047595,synthetic_chat_design_preset
54.97,1.687321,1.649100,-0.010412,0.048633,synthetic_chat_design_preset
54.98,1.691754,1.649400,-0.007034,0.049388,synthetic_chat_design_preset
54.99,1.696001,1.649700,-0.003545,0.049846,synthetic_chat_design_preset
55.00,1.700000,1.650000,0.000000,0.050000,synthetic_chat_design_preset
55.01,1.703691,1.650300,0.003545,0.049846,synthetic_chat_design_preset
55.02,1.707022,1.650600,0.007034,0.049388,synthetic_chat_design_preset
55.03,1.709945,1.650900,0.010412,0.048633,synthetic_chat_design_preset
55.04,1.712421,1.651200,0.013626,0.047595,synthetic_chat_design_preset
55.05,1.714419,1.651500,0.016625,0.046294,synthetic_chat_design_preset
55.06,1.715913,1.651800,0.019362,0.044751,synthetic_chat_design_preset
55.07,1.716888,1.652100,0.021793,0.042994,synthetic_chat_design_preset
55.08,1.717334,1.652400,0.023881,0.041053,synthetic_chat_design_preset
55.09,1.717251,1.652700,0.025592,0.038958,synthetic_chat_design_preset
55.10,1.716643,1.653000,0.026900,0.036743,synthetic_chat_design_preset
55.11,1.715525,1.653300,0.027783,0.034442,synthetic_chat_design_preset
55.12,1.713914,1.653600,0.028228,0.032086,synthetic_chat_design_preset
55.13,1.711836,1.653900,0.028228,0.029707,synthetic_chat_design_preset
55.14,1.709320,1.654200,0.027783,0.027336,synthetic_chat_design_preset
55.15,1.706400,1.654500,0.026900,0.025000,synthetic_chat_design_preset
55.16,1.703115,1.654800,0.025592,0.022723,synthetic_chat_design_preset
55.17,1.699508,1.655100,0.023881,0.020526,synthetic_chat_design_preset
55.18,1.695622,1.655400,0.021793,0.018428,synthetic_chat_design_preset
55.19,1.691505,1.655700,0.019362,0.016443,synthetic_chat_design_preset
55.20,1.687207,1.656000,0.016625,0.014582,synthetic_chat_design_preset
55.21,1.682777,1.656300,0.013626,0.012851,synthetic_chat_design_preset
55.22,1.678269,1.656600,0.010412,0.011257,synthetic_chat_design_preset
55.23,1.673734,1.656900,0.007034,0.009800,synthetic_chat_design_preset
55.24,1.669224,1.657200,0.003545,0.008479,synthetic_chat_design_preset
55.25,1.664791,1.657500,-0.000000,0.007291,synthetic_chat_design_preset
55.26,1.660486,1.657800,-0.003545,0.006231,synthetic_chat_design_preset
55.27,1.656358,1.658100,-0.007034,0.005292,synthetic_chat_design_preset
55.28,1.652455,1.658400,-0.010412,0.004467,synthetic_chat_design_preset
55.29,1.648822,1.658700,-0.013626,0.003748,synthetic_chat_design_preset
55.30,1.645500,1.659000,-0.016625,0.003125,synthetic_chat_design_preset
55.31,1.642528,1.659300,-0.019362,0.002590,synthetic_chat_design_preset
55.32,1.639939,1.659600,-0.021793,0.002133,synthetic_chat_design_preset
55.33,1.637765,1.659900,-0.023881,0.001746,synthetic_chat_design_preset
55.34,1.636028,1.660200,-0.025592,0.001420,synthetic_chat_design_preset
55.35,1.634748,1.660500,-0.026900,0.001148,synthetic_chat_design_preset
55.36,1.633939,1.660800,-0.027783,0.000923,synthetic_chat_design_preset
55.37,1.633608,1.661100,-0.028228,0.000737,synthetic_chat_design_preset
55.38,1.633756,1.661400,-0.028228,0.000585,synthetic_chat_design_preset
55.39,1.634378,1.661700,-0.027783,0.000461,synthetic_chat_design_preset
55.40,1.635462,1.662000,-0.026900,0.000362,synthetic_chat_design_preset
55.41,1.636989,1.662300,-0.025592,0.000282,synthetic_chat_design_preset
55.42,1.638937,1.662600,-0.023881,0.000218,synthetic_chat_design_preset
55.43,1.641275,1.662900,-0.021793,0.000168,synthetic_chat_design_preset
55.44,1.643967,1.663200,-0.019362,0.000128,synthetic_chat_design_preset
55.45,1.646973,1.663500,-0.016625,0.000098,synthetic_chat_design_preset
55.46,1.650248,1.663800,-0.013626,0.000074,synthetic_chat_design_preset
55.47,1.653743,1.664100,-0.010412,0.000055,synthetic_chat_design_preset
55.48,1.657407,1.664400,-0.007034,0.000041,synthetic_chat_design_preset
55.49,1.661186,1.664700,-0.003545,0.000031,synthetic_chat_design_preset
55.50,1.665023,1.665000,-0.000000,0.000023,synthetic_chat_design_preset
55.51,1.668845,1.665300,0.003545,0.000000,synthetic_chat_design_preset
55.52,1.672634,1.665600,0.007034,0.000000,synthetic_chat_design_preset
55.53,1.676312,1.665900,0.010412,0.000000,synthetic_chat_design_preset
55.54,1.679826,1.666200,0.013626,0.000000,synthetic_chat_design_preset
55.55,1.683125,1.666500,0.016625,0.000000,synthetic_chat_design_preset
55.56,1.686162,1.666800,0.019362,0.000000,synthetic_chat_design_preset
55.57,1.688893,1.667100,0.021793,0.000000,synthetic_chat_design_preset
55.58,1.691281,1.667400,0.023881,0.000000,synthetic_chat_design_preset
55.59,1.693292,1.667700,0.025592,0.000000,synthetic_chat_design_preset
55.60,1.694900,1.668000,0.026900,0.000000,synthetic_chat_design_preset
55.61,1.696083,1.668300,0.027783,0.000000,synthetic_chat_design_preset
55.62,1.696828,1.668600,0.028228,0.000000,synthetic_chat_design_preset
55.63,1.697128,1.668900,0.028228,0.000000,synthetic_chat_design_preset
55.64,1.696983,1.669200,0.027783,0.000000,synthetic_chat_design_preset
55.65,1.696400,1.669500,0.026900,0.000000,synthetic_chat_design_preset
55.66,1.695392,1.669800,0.025592,0.000000,synthetic_chat_design_preset
55.67,1.693981,1.670100,0.023881,0.000000,synthetic_chat_design_preset
55.68,1.692193,1.670400,0.021793,0.000000,synthetic_chat_design_preset
55.69,1.690062,1.670700,0.019362,0.000000,synthetic_chat_design_preset
55.70,1.687625,1.671000,0.016625,0.000000,synthetic_chat_design_preset
55.71,1.684926,1.671300,0.013626,0.000000,synthetic_chat_design_preset
55.72,1.682012,1.671600,0.010412,0.000000,synthetic_chat_design_preset
55.73,1.678934,1.671900,0.007034,0.000000,synthetic_chat_design_preset
55.74,1.675745,1.672200,0.003545,0.000000,synthetic_chat_design_preset
55.75,1.672500,1.672500,0.000000,0.000000,synthetic_chat_design_preset
55.76,1.669255,1.672800,-0.003545,0.000000,synthetic_chat_design_preset
55.77,1.666066,1.673100,-0.007034,0.000000,synthetic_chat_design_preset
55.78,1.662988,1.673400,-0.010412,0.000000,synthetic_chat_design_preset
55.79,1.660074,1.673700,-0.013626,0.000000,synthetic_chat_design_preset
55.80,1.657375,1.674000,-0.016625,0.000000,synthetic_chat_design_preset
55.81,1.654938,1.674300,-0.019362,0.000000,synthetic_chat_design_preset
55.82,1.652807,1.674600,-0.021793,0.000000,synthetic_chat_design_preset
55.83,1.651019,1.674900,-0.023881,0.000000,synthetic_chat_design_preset
55.84,1.649608,1.675200,-0.025592,0.000000,synthetic_chat_design_preset
55.85,1.648600,1.675500,-0.026900,0.000000,synthetic_chat_design_preset
55.86,1.648017,1.675800,-0.027783,0.000000,synthetic_chat_design_preset
55.87,1.647872,1.676100,-0.028228,0.000000,synthetic_chat_design_preset
55.88,1.648172,1.676400,-0.028228,0.000000,synthetic_chat_design_preset
55.89,1.648917,1.676700,-0.027783,0.000000,synthetic_chat_design_preset
55.90,1.650100,1.677000,-0.026900,0.000000,synthetic_chat_design_preset
55.91,1.651708,1.677300,-0.025592,0.000000,synthetic_chat_design_preset
55.92,1.653719,1.677600,-0.023881,0.000000,synthetic_chat_design_preset
55.93,1.656107,1.677900,-0.021793,0.000000,synthetic_chat_design_preset
55.94,1.658838,1.678200,-0.019362,0.000000,synthetic_chat_design_preset
55.95,1.661875,1.678500,-0.016625,0.000000,synthetic_chat_design_preset
55.96,1.665174,1.678800,-0.013626,0.000000,synthetic_chat_design_preset
55.97,1.668688,1.679100,-0.010412,0.000000,synthetic_chat_design_preset
55.98,1.672366,1.679400,-0.007034,0.000000,synthetic_chat_design_preset
55.99,1.676155,1.679700,-0.003545,0.000000,synthetic_chat_design_preset
56.00,1.680000,1.680000,-0.000000,0.000000,synthetic_chat_design_preset
56.01,1.683845,1.680300,0.003545,0.000000,synthetic_chat_design_preset
56.02,1.687634,1.680600,0.007034,0.000000,synthetic_chat_design_preset
56.03,1.691312,1.680900,0.010412,0.000000,synthetic_chat_design_preset
56.04,1.694826,1.681200,0.013626,0.000000,synthetic_chat_design_preset
56.05,1.698125,1.681500,0.016625,0.000000,synthetic_chat_design_preset
56.06,1.701162,1.681800,0.019362,0.000000,synthetic_chat_design_preset
56.07,1.703893,1.682100,0.021793,0.000000,synthetic_chat_design_preset
56.08,1.706281,1.682400,0.023881,0.000000,synthetic_chat_design_preset
56.09,1.708292,1.682700,0.025592,0.000000,synthetic_chat_design_preset
56.10,1.709900,1.683000,0.026900,0.000000,synthetic_chat_design_preset
56.11,1.711083,1.683300,0.027783,0.000000,synthetic_chat_design_preset
56.12,1.711828,1.683600,0.028228,0.000000,synthetic_chat_design_preset
56.13,1.712128,1.683900,0.028228,0.000000,synthetic_chat_design_preset
56.14,1.711983,1.684200,0.027783,0.000000,synthetic_chat_design_preset
56.15,1.711400,1.684500,0.026900,0.000000,synthetic_chat_design_preset
56.16,1.710392,1.684800,0.025592,0.000000,synthetic_chat_design_preset
56.17,1.708981,1.685100,0.023881,0.000000,synthetic_chat_design_preset
56.18,1.707193,1.685400,0.021793,0.000000,synthetic_chat_design_preset
56.19,1.705062,1.685700,0.019362,0.000000,synthetic_chat_design_preset
56.20,1.702625,1.686000,0.016625,0.000000,synthetic_chat_design_preset
56.21,1.699926,1.686300,0.013626,0.000000,synthetic_chat_design_preset
56.22,1.697012,1.686600,0.010412,0.000000,synthetic_chat_design_preset
56.23,1.693934,1.686900,0.007034,0.000000,synthetic_chat_design_preset
56.24,1.690745,1.687200,0.003545,0.000000,synthetic_chat_design_preset
56.25,1.687500,1.687500,0.000000,0.000000,synthetic_chat_design_preset
56.26,1.684255,1.687800,-0.003545,0.000000,synthetic_chat_design_preset
56.27,1.681066,1.688100,-0.007034,0.000000,synthetic_chat_design_preset
56.28,1.677988,1.688400,-0.010412,0.000000,synthetic_chat_design_preset
56.29,1.675074,1.688700,-0.013626,0.000000,synthetic_chat_design_preset
56.30,1.672375,1.689000,-0.016625,0.000000,synthetic_chat_design_preset
56.31,1.669938,1.689300,-0.019362,0.000000,synthetic_chat_design_preset
56.32,1.667807,1.689600,-0.021793,0.000000,synthetic_chat_design_preset
56.33,1.666019,1.689900,-0.023881,0.000000,synthetic_chat_design_preset
56.34,1.664608,1.690200,-0.025592,0.000000,synthetic_chat_design_preset
56.35,1.663600,1.690500,-0.026900,0.000000,synthetic_chat_design_preset
56.36,1.663017,1.690800,-0.027783,0.000000,synthetic_chat_design_preset
56.37,1.662872,1.691100,-0.028228,0.000000,synthetic_chat_design_preset
56.38,1.663172,1.691400,-0.028228,0.000000,synthetic_chat_design_preset
56.39,1.663917,1.691700,-0.027783,0.000000,synthetic_chat_design_preset
56.40,1.665100,1.692000,-0.026900,0.000000,synthetic_chat_design_preset
56.41,1.666708,1.692300,-0.025592,0.000000,synthetic_chat_design_preset
56.42,1.668719,1.692600,-0.023881,0.000000,synthetic_chat_design_preset
56.43,1.671107,1.692900,-0.021793,0.000000,synthetic_chat_design_preset
56.44,1.673838,1.693200,-0.019362,0.000000,synthetic_chat_design_preset
56.45,1.676875,1.693500,-0.016625,0.000000,synthetic_chat_design_preset
56.46,1.680174,1.693800,-0.013626,0.000000,synthetic_chat_design_preset
56.47,1.683688,1.694100,-0.010412,0.000000,synthetic_chat_design_preset
56.48,1.687366,1.694400,-0.007034,0.000000,synthetic_chat_design_preset
56.49,1.691155,1.694700,-0.003545,0.000000,synthetic_chat_design_preset
56.50,1.695000,1.695000,-0.000000,0.000000,synthetic_chat_design_preset
56.51,1.698845,1.695300,0.003545,0.000000,synthetic_chat_design_preset
56.52,1.702634,1.695600,0.007034,0.000000,synthetic_chat_design_preset
56.53,1.706312,1.695900,0.010412,0.000000,synthetic_chat_design_preset
56.54,1.709826,1.696200,0.013626,0.000000,synthetic_chat_design_preset
56.55,1.713125,1.696500,0.016625,0.000000,synthetic_chat_design_preset
56.56,1.716162,1.696800,0.019362,0.000000,synthetic_chat_design_preset
56.57,1.718893,1.697100,0.021793,0.000000,synthetic_chat_design_preset
56.58,1.721281,1.697400,0.023881,0.000000,synthetic_chat_design_preset
56.59,1.723292,1.697700,0.025592,0.000000,synthetic_chat_design_preset
56.60,1.724900,1.698000,0.026900,0.000000,synthetic_chat_design_preset
56.61,1.726083,1.698300,0.027783,0.000000,synthetic_chat_design_preset
56.62,1.726828,1.698600,0.028228,0.000000,synthetic_chat_design_preset
56.63,1.727128,1.698900,0.028228,0.000000,synthetic_chat_design_preset
56.64,1.726983,1.699200,0.027783,0.000000,synthetic_chat_design_preset
56.65,1.726400,1.699500,0.026900,0.000000,synthetic_chat_design_preset
56.66,1.725392,1.699800,0.025592,0.000000,synthetic_chat_design_preset
56.67,1.723981,1.700100,0.023881,0.000000,synthetic_chat_design_preset
56.68,1.722193,1.700400,0.021793,0.000000,synthetic_chat_design_preset
56.69,1.720062,1.700700,0.019362,0.000000,synthetic_chat_design_preset
56.70,1.717625,1.701000,0.016625,0.000000,synthetic_chat_design_preset
56.71,1.714926,1.701300,0.013626,0.000000,synthetic_chat_design_preset
56.72,1.712012,1.701600,0.010412,0.000000,synthetic_chat_design_preset
56.73,1.708934,1.701900,0.007034,0.000000,synthetic_chat_design_preset
56.74,1.705745,1.702200,0.003545,0.000000,synthetic_chat_design_preset
56.75,1.702500,1.702500,0.000000,0.000000,synthetic_chat_design_preset
56.76,1.699255,1.702800,-0.003545,0.000000,synthetic_chat_design_preset
56.77,1.696066,1.703100,-0.007034,0.000000,synthetic_chat_design_preset
56.78,1.692988,1.703400,-0.010412,0.000000,synthetic_chat_design_preset
56.79,1.690074,1.703700,-0.013626,0.000000,synthetic_chat_design_preset
56.80,1.687375,1.704000,-0.016625,0.000000,synthetic_chat_design_preset
56.81,1.684938,1.704300,-0.019362,0.000000,synthetic_chat_design_preset
56.82,1.682807,1.704600,-0.021793,0.000000,synthetic_chat_design_preset
56.83,1.681019,1.704900,-0.023881,0.000000,synthetic_chat_design_preset
56.84,1.679608,1.705200,-0.025592,0.000000,synthetic_chat_design_preset
56.85,1.678600,1.705500,-0.026900,0.000000,synthetic_chat_design_preset
56.86,1.678017,1.705800,-0.027783,0.000000,synthetic_chat_design_preset
56.87,1.677872,1.706100,-0.028228,0.000000,synthetic_chat_design_preset
56.88,1.678172,1.706400,-0.028228,0.000000,synthetic_chat_design_preset
56.89,1.678917,1.706700,-0.027783,0.000000,synthetic_chat_design_preset
56.90,1.680100,1.707000,-0.026900,0.000000,synthetic_chat_design_preset
56.91,1.681708,1.707300,-0.025592,0.000000,synthetic_chat_design_preset
56.92,1.683719,1.707600,-0.023881,0.000000,synthetic_chat_design_preset
56.93,1.686107,1.707900,-0.021793,0.000000,synthetic_chat_design_preset
56.94,1.688838,1.708200,-0.019362,0.000000,synthetic_chat_design_preset
56.95,1.691875,1.708500,-0.016625,0.000000,synthetic_chat_design_preset
56.96,1.695174,1.708800,-0.013626,0.000000,synthetic_chat_design_preset
56.97,1.698688,1.709100,-0.010412,0.000000,synthetic_chat_design_preset
56.98,1.702366,1.709400,-0.007034,0.000000,synthetic_chat_design_preset
56.99,1.706155,1.709700,-0.003545,0.000000,synthetic_chat_design_preset
57.00,1.710000,1.710000,-0.000000,0.000000,synthetic_chat_design_preset
57.01,1.713845,1.710300,0.003545,0.000000,synthetic_chat_design_preset
57.02,1.717634,1.710600,0.007034,0.000000,synthetic_chat_design_preset
57.03,1.721312,1.710900,0.010412,0.000000,synthetic_chat_design_preset
57.04,1.724826,1.711200,0.013626,0.000000,synthetic_chat_design_preset
57.05,1.728125,1.711500,0.016625,0.000000,synthetic_chat_design_preset
57.06,1.731162,1.711800,0.019362,0.000000,synthetic_chat_design_preset
57.07,1.733893,1.712100,0.021793,0.000000,synthetic_chat_design_preset
57.08,1.736281,1.712400,0.023881,0.000000,synthetic_chat_design_preset
57.09,1.738292,1.712700,0.025592,0.000000,synthetic_chat_design_preset
57.10,1.739900,1.713000,0.026900,0.000000,synthetic_chat_design_preset
57.11,1.741083,1.713300,0.027783,0.000000,synthetic_chat_design_preset
57.12,1.741828,1.713600,0.028228,0.000000,synthetic_chat_design_preset
57.13,1.742128,1.713900,0.028228,0.000000,synthetic_chat_design_preset
57.14,1.741983,1.714200,0.027783,0.000000,synthetic_chat_design_preset
57.15,1.741400,1.714500,0.026900,0.000000,synthetic_chat_design_preset
57.16,1.740392,1.714800,0.025592,0.000000,synthetic_chat_design_preset
57.17,1.738981,1.715100,0.023881,0.000000,synthetic_chat_design_preset
57.18,1.737193,1.715400,0.021793,0.000000,synthetic_chat_design_preset
57.19,1.735062,1.715700,0.019362,0.000000,synthetic_chat_design_preset
57.20,1.732625,1.716000,0.016625,0.000000,synthetic_chat_design_preset
57.21,1.729926,1.716300,0.013626,0.000000,synthetic_chat_design_preset
57.22,1.727012,1.716600,0.010412,0.000000,synthetic_chat_design_preset
57.23,1.723934,1.716900,0.007034,0.000000,synthetic_chat_design_preset
57.24,1.720745,1.717200,0.003545,0.000000,synthetic_chat_design_preset
57.25,1.717500,1.717500,0.000000,0.000000,synthetic_chat_design_preset
57.26,1.714255,1.717800,-0.003545,0.000000,synthetic_chat_design_preset
57.27,1.711066,1.718100,-0.007034,0.000000,synthetic_chat_design_preset
57.28,1.707988,1.718400,-0.010412,0.000000,synthetic_chat_design_preset
57.29,1.705074,1.718700,-0.013626,0.000000,synthetic_chat_design_preset
57.30,1.702375,1.719000,-0.016625,0.000000,synthetic_chat_design_preset
57.31,1.699938,1.719300,-0.019362,0.000000,synthetic_chat_design_preset
57.32,1.697807,1.719600,-0.021793,0.000000,synthetic_chat_design_preset
57.33,1.696019,1.719900,-0.023881,0.000000,synthetic_chat_design_preset
57.34,1.694608,1.720200,-0.025592,0.000000,synthetic_chat_design_preset
57.35,1.693600,1.720500,-0.026900,0.000000,synthetic_chat_design_preset
57.36,1.693017,1.720800,-0.027783,0.000000,synthetic_chat_design_preset
57.37,1.692872,1.721100,-0.028228,0.000000,synthetic_chat_design_preset
57.38,1.693172,1.721400,-0.028228,0.000000,synthetic_chat_design_preset
57.39,1.693917,1.721700,-0.027783,0.000000,synthetic_chat_design_preset
57.40,1.695100,1.722000,-0.026900,0.000000,synthetic_chat_design_preset
57.41,1.696708,1.722300,-0.025592,0.000000,synthetic_chat_design_preset
57.42,1.698719,1.722600,-0.023881,0.000000,synthetic_chat_design_preset
57.43,1.701107,1.722900,-0.021793,0.000000,synthetic_chat_design_preset
57.44,1.703838,1.723200,-0.019362,0.000000,synthetic_chat_design_preset
57.45,1.706875,1.723500,-0.016625,0.000000,synthetic_chat_design_preset
57.46,1.710174,1.723800,-0.013626,0.000000,synthetic_chat_design_preset
57.47,1.713688,1.724100,-0.010412,0.000000,synthetic_chat_design_preset
57.48,1.717366,1.724400,-0.007034,0.000000,synthetic_chat_design_preset
57.49,1.721155,1.724700,-0.003545,0.000000,synthetic_chat_design_preset
57.50,1.725000,1.725000,0.000000,0.000000,synthetic_chat_design_preset
57.51,1.728845,1.725300,0.003545,0.000000,synthetic_chat_design_preset
57.52,1.732634,1.725600,0.007034,0.000000,synthetic_chat_design_preset
57.53,1.736312,1.725900,0.010412,0.000000,synthetic_chat_design_preset
57.54,1.739826,1.726200,0.013626,0.000000,synthetic_chat_design_preset
57.55,1.743125,1.726500,0.016625,0.000000,synthetic_chat_design_preset
57.56,1.746162,1.726800,0.019362,0.000000,synthetic_chat_design_preset
57.57,1.748893,1.727100,0.021793,0.000000,synthetic_chat_design_preset
57.58,1.751281,1.727400,0.023881,0.000000,synthetic_chat_design_preset
57.59,1.753292,1.727700,0.025592,0.000000,synthetic_chat_design_preset
57.60,1.754900,1.728000,0.026900,0.000000,synthetic_chat_design_preset
57.61,1.756083,1.728300,0.027783,0.000000,synthetic_chat_design_preset
57.62,1.756828,1.728600,0.028228,0.000000,synthetic_chat_design_preset
57.63,1.757128,1.728900,0.028228,0.000000,synthetic_chat_design_preset
57.64,1.756983,1.729200,0.027783,0.000000,synthetic_chat_design_preset
57.65,1.756400,1.729500,0.026900,0.000000,synthetic_chat_design_preset
57.66,1.755392,1.729800,0.025592,0.000000,synthetic_chat_design_preset
57.67,1.753981,1.730100,0.023881,0.000000,synthetic_chat_design_preset
57.68,1.752193,1.730400,0.021793,0.000000,synthetic_chat_design_preset
57.69,1.750062,1.730700,0.019362,0.000000,synthetic_chat_design_preset
57.70,1.747625,1.731000,0.016625,0.000000,synthetic_chat_design_preset
57.71,1.744926,1.731300,0.013626,0.000000,synthetic_chat_design_preset
57.72,1.742012,1.731600,0.010412,0.000000,synthetic_chat_design_preset
57.73,1.738934,1.731900,0.007034,0.000000,synthetic_chat_design_preset
57.74,1.735745,1.732200,0.003545,0.000000,synthetic_chat_design_preset
57.75,1.732500,1.732500,-0.000000,0.000000,synthetic_chat_design_preset
57.76,1.729255,1.732800,-0.003545,0.000000,synthetic_chat_design_preset
57.77,1.726066,1.733100,-0.007034,0.000000,synthetic_chat_design_preset
57.78,1.722988,1.733400,-0.010412,0.000000,synthetic_chat_design_preset
57.79,1.720074,1.733700,-0.013626,0.000000,synthetic_chat_design_preset
57.80,1.717375,1.734000,-0.016625,0.000000,synthetic_chat_design_preset
57.81,1.714938,1.734300,-0.019362,0.000000,synthetic_chat_design_preset
57.82,1.712807,1.734600,-0.021793,0.000000,synthetic_chat_design_preset
57.83,1.711019,1.734900,-0.023881,0.000000,synthetic_chat_design_preset
57.84,1.709608,1.735200,-0.025592,0.000000,synthetic_chat_design_preset
57.85,1.708600,1.735500,-0.026900,0.000000,synthetic_chat_design_preset
57.86,1.708017,1.735800,-0.027783,0.000000,synthetic_chat_design_preset
57.87,1.707872,1.736100,-0.028228,0.000000,synthetic_chat_design_preset
57.88,1.708172,1.736400,-0.028228,0.000000,synthetic_chat_design_preset
57.89,1.708917,1.736700,-0.027783,0.000000,synthetic_chat_design_preset
57.90,1.710100,1.737000,-0.026900,0.000000,synthetic_chat_design_preset
57.91,1.711708,1.737300,-0.025592,0.000000,synthetic_chat_design_preset
57.92,1.713719,1.737600,-0.023881,0.000000,synthetic_chat_design_preset
57.93,1.716107,1.737900,-0.021793,0.000000,synthetic_chat_design_preset
57.94,1.718838,1.738200,-0.019362,0.000000,synthetic_chat_design_preset
57.95,1.721875,1.738500,-0.016625,0.000000,synthetic_chat_design_preset
57.96,1.725174,1.738800,-0.013626,0.000000,synthetic_chat_design_preset
57.97,1.728688,1.739100,-0.010412,0.000000,synthetic_chat_design_preset
57.98,1.732366,1.739400,-0.007034,0.000000,synthetic_chat_design_preset
57.99,1.736155,1.739700,-0.003545,0.000000,synthetic_chat_design_preset
58.00,1.740000,1.740000,0.000000,0.000000,synthetic_chat_design_preset
58.01,1.743845,1.740300,0.003545,0.000000,synthetic_chat_design_preset
58.02,1.747634,1.740600,0.007034,0.000000,synthetic_chat_design_preset
58.03,1.751312,1.740900,0.010412,0.000000,synthetic_chat_design_preset
58.04,1.754826,1.741200,0.013626,0.000000,synthetic_chat_design_preset
58.05,1.758125,1.741500,0.016625,0.000000,synthetic_chat_design_preset
58.06,1.761162,1.741800,0.019362,0.000000,synthetic_chat_design_preset
58.07,1.763893,1.742100,0.021793,0.000000,synthetic_chat_design_preset
58.08,1.766281,1.742400,0.023881,0.000000,synthetic_chat_design_preset
58.09,1.768292,1.742700,0.025592,0.000000,synthetic_chat_design_preset
58.10,1.769900,1.743000,0.026900,0.000000,synthetic_chat_design_preset
58.11,1.771083,1.743300,0.027783,0.000000,synthetic_chat_design_preset
58.12,1.771828,1.743600,0.028228,0.000000,synthetic_chat_design_preset
58.13,1.772128,1.743900,0.028228,0.000000,synthetic_chat_design_preset
58.14,1.771983,1.744200,0.027783,0.000000,synthetic_chat_design_preset
58.15,1.771400,1.744500,0.026900,0.000000,synthetic_chat_design_preset
58.16,1.770392,1.744800,0.025592,0.000000,synthetic_chat_design_preset
58.17,1.768981,1.745100,0.023881,0.000000,synthetic_chat_design_preset
58.18,1.767193,1.745400,0.021793,0.000000,synthetic_chat_design_preset
58.19,1.765062,1.745700,0.019362,0.000000,synthetic_chat_design_preset
58.20,1.762625,1.746000,0.016625,0.000000,synthetic_chat_design_preset
58.21,1.759926,1.746300,0.013626,0.000000,synthetic_chat_design_preset
58.22,1.757012,1.746600,0.010412,0.000000,synthetic_chat_design_preset
58.23,1.753934,1.746900,0.007034,0.000000,synthetic_chat_design_preset
58.24,1.750745,1.747200,0.003545,0.000000,synthetic_chat_design_preset
58.25,1.747500,1.747500,0.000000,0.000000,synthetic_chat_design_preset
58.26,1.744255,1.747800,-0.003545,0.000000,synthetic_chat_design_preset
58.27,1.741066,1.748100,-0.007034,0.000000,synthetic_chat_design_preset
58.28,1.737988,1.748400,-0.010412,0.000000,synthetic_chat_design_preset
58.29,1.735074,1.748700,-0.013626,0.000000,synthetic_chat_design_preset
58.30,1.732375,1.749000,-0.016625,0.000000,synthetic_chat_design_preset
58.31,1.729938,1.749300,-0.019362,0.000000,synthetic_chat_design_preset
58.32,1.727807,1.749600,-0.021793,0.000000,synthetic_chat_design_preset
58.33,1.726019,1.749900,-0.023881,0.000000,synthetic_chat_design_preset
58.34,1.724608,1.750200,-0.025592,0.000000,synthetic_chat_design_preset
58.35,1.723600,1.750500,-0.026900,0.000000,synthetic_chat_design_preset
58.36,1.723017,1.750800,-0.027783,0.000000,synthetic_chat_design_preset
58.37,1.722872,1.751100,-0.028228,0.000000,synthetic_chat_design_preset
58.38,1.723172,1.751400,-0.028228,0.000000,synthetic_chat_design_preset
58.39,1.723917,1.751700,-0.027783,0.000000,synthetic_chat_design_preset
58.40,1.725100,1.752000,-0.026900,0.000000,synthetic_chat_design_preset
58.41,1.726708,1.752300,-0.025592,0.000000,synthetic_chat_design_preset
58.42,1.728719,1.752600,-0.023881,0.000000,synthetic_chat_design_preset
58.43,1.731107,1.752900,-0.021793,0.000000,synthetic_chat_design_preset
58.44,1.733838,1.753200,-0.019362,0.000000,synthetic_chat_design_preset
58.45,1.736875,1.753500,-0.016625,0.000000,synthetic_chat_design_preset
58.46,1.740174,1.753800,-0.013626,0.000000,synthetic_chat_design_preset
58.47,1.743688,1.754100,-0.010412,0.000000,synthetic_chat_design_preset
58.48,1.747366,1.754400,-0.007034,0.000000,synthetic_chat_design_preset
58.49,1.751155,1.754700,-0.003545,0.000000,synthetic_chat_design_preset
58.50,1.755000,1.755000,-0.000000,0.000000,synthetic_chat_design_preset
58.51,1.758845,1.755300,0.003545,0.000000,synthetic_chat_design_preset
58.52,1.762634,1.755600,0.007034,0.000000,synthetic_chat_design_preset
58.53,1.766312,1.755900,0.010412,0.000000,synthetic_chat_design_preset
58.54,1.769826,1.756200,0.013626,0.000000,synthetic_chat_design_preset
58.55,1.773125,1.756500,0.016625,0.000000,synthetic_chat_design_preset
58.56,1.776162,1.756800,0.019362,0.000000,synthetic_chat_design_preset
58.57,1.778893,1.757100,0.021793,0.000000,synthetic_chat_design_preset
58.58,1.781281,1.757400,0.023881,0.000000,synthetic_chat_design_preset
58.59,1.783292,1.757700,0.025592,0.000000,synthetic_chat_design_preset
58.60,1.784900,1.758000,0.026900,0.000000,synthetic_chat_design_preset
58.61,1.786083,1.758300,0.027783,0.000000,synthetic_chat_design_preset
58.62,1.786828,1.758600,0.028228,0.000000,synthetic_chat_design_preset
58.63,1.787128,1.758900,0.028228,0.000000,synthetic_chat_design_preset
58.64,1.786983,1.759200,0.027783,0.000000,synthetic_chat_design_preset
58.65,1.786400,1.759500,0.026900,0.000000,synthetic_chat_design_preset
58.66,1.785392,1.759800,0.025592,0.000000,synthetic_chat_design_preset
58.67,1.783981,1.760100,0.023881,0.000000,synthetic_chat_design_preset
58.68,1.782193,1.760400,0.021793,0.000000,synthetic_chat_design_preset
58.69,1.780062,1.760700,0.019362,0.000000,synthetic_chat_design_preset
58.70,1.777625,1.761000,0.016625,0.000000,synthetic_chat_design_preset
58.71,1.774926,1.761300,0.013626,0.000000,synthetic_chat_design_preset
58.72,1.772012,1.761600,0.010412,0.000000,synthetic_chat_design_preset
58.73,1.768934,1.761900,0.007034,0.000000,synthetic_chat_design_preset
58.74,1.765745,1.762200,0.003545,0.000000,synthetic_chat_design_preset
58.75,1.762500,1.762500,0.000000,0.000000,synthetic_chat_design_preset
58.76,1.759255,1.762800,-0.003545,0.000000,synthetic_chat_design_preset
58.77,1.756066,1.763100,-0.007034,0.000000,synthetic_chat_design_preset
58.78,1.752988,1.763400,-0.010412,0.000000,synthetic_chat_design_preset
58.79,1.750074,1.763700,-0.013626,0.000000,synthetic_chat_design_preset
58.80,1.747375,1.764000,-0.016625,0.000000,synthetic_chat_design_preset
58.81,1.744938,1.764300,-0.019362,0.000000,synthetic_chat_design_preset
58.82,1.742807,1.764600,-0.021793,0.000000,synthetic_chat_design_preset
58.83,1.741019,1.764900,-0.023881,0.000000,synthetic_chat_design_preset
58.84,1.739608,1.765200,-0.025592,0.000000,synthetic_chat_design_preset
58.85,1.738600,1.765500,-0.026900,0.000000,synthetic_chat_design_preset
58.86,1.738017,1.765800,-0.027783,0.000000,synthetic_chat_design_preset
58.87,1.737872,1.766100,-0.028228,0.000000,synthetic_chat_design_preset
58.88,1.738172,1.766400,-0.028228,0.000000,synthetic_chat_design_preset
58.89,1.738917,1.766700,-0.027783,0.000000,synthetic_chat_design_preset
58.90,1.740100,1.767000,-0.026900,0.000000,synthetic_chat_design_preset
58.91,1.741708,1.767300,-0.025592,0.000000,synthetic_chat_design_preset
58.92,1.743719,1.767600,-0.023881,0.000000,synthetic_chat_design_preset
58.93,1.746107,1.767900,-0.021793,0.000000,synthetic_chat_design_preset
58.94,1.748838,1.768200,-0.019362,0.000000,synthetic_chat_design_preset
58.95,1.751875,1.768500,-0.016625,0.000000,synthetic_chat_design_preset
58.96,1.755174,1.768800,-0.013626,0.000000,synthetic_chat_design_preset
58.97,1.758688,1.769100,-0.010412,0.000000,synthetic_chat_design_preset
58.98,1.762366,1.769400,-0.007034,0.000000,synthetic_chat_design_preset
58.99,1.766155,1.769700,-0.003545,0.000000,synthetic_chat_design_preset
59.00,1.770000,1.770000,-0.000000,0.000000,synthetic_chat_design_preset
59.01,1.773845,1.770300,0.003545,0.000000,synthetic_chat_design_preset
59.02,1.777634,1.770600,0.007034,0.000000,synthetic_chat_design_preset
59.03,1.781312,1.770900,0.010412,0.000000,synthetic_chat_design_preset
59.04,1.784826,1.771200,0.013626,0.000000,synthetic_chat_design_preset
59.05,1.788125,1.771500,0.016625,0.000000,synthetic_chat_design_preset
59.06,1.791162,1.771800,0.019362,0.000000,synthetic_chat_design_preset
59.07,1.793893,1.772100,0.021793,0.000000,synthetic_chat_design_preset
59.08,1.796281,1.772400,0.023881,0.000000,synthetic_chat_design_preset
59.09,1.798292,1.772700,0.025592,0.000000,synthetic_chat_design_preset
59.10,1.799900,1.773000,0.026900,0.000000,synthetic_chat_design_preset
59.11,1.801083,1.773300,0.027783,0.000000,synthetic_chat_design_preset
59.12,1.801828,1.773600,0.028228,0.000000,synthetic_chat_design_preset
59.13,1.802128,1.773900,0.028228,0.000000,synthetic_chat_design_preset
59.14,1.801983,1.774200,0.027783,0.000000,synthetic_chat_design_preset
59.15,1.801400,1.774500,0.026900,0.000000,synthetic_chat_design_preset
59.16,1.800392,1.774800,0.025592,0.000000,synthetic_chat_design_preset
59.17,1.798981,1.775100,0.023881,0.000000,synthetic_chat_design_preset
59.18,1.797193,1.775400,0.021793,0.000000,synthetic_chat_design_preset
59.19,1.795062,1.775700,0.019362,0.000000,synthetic_chat_design_preset
59.20,1.792625,1.776000,0.016625,0.000000,synthetic_chat_design_preset
59.21,1.789926,1.776300,0.013626,0.000000,synthetic_chat_design_preset
59.22,1.787012,1.776600,0.010412,0.000000,synthetic_chat_design_preset
59.23,1.783934,1.776900,0.007034,0.000000,synthetic_chat_design_preset
59.24,1.780745,1.777200,0.003545,0.000000,synthetic_chat_design_preset
59.25,1.777500,1.777500,0.000000,0.000000,synthetic_chat_design_preset
59.26,1.774255,1.777800,-0.003545,0.000000,synthetic_chat_design_preset
59.27,1.771066,1.778100,-0.007034,0.000000,synthetic_chat_design_preset
59.28,1.767988,1.778400,-0.010412,0.000000,synthetic_chat_design_preset
59.29,1.765074,1.778700,-0.013626,0.000000,synthetic_chat_design_preset
59.30,1.762375,1.779000,-0.016625,0.000000,synthetic_chat_design_preset
59.31,1.759938,1.779300,-0.019362,0.000000,synthetic_chat_design_preset
59.32,1.757807,1.779600,-0.021793,0.000000,synthetic_chat_design_preset
59.33,1.756019,1.779900,-0.023881,0.000000,synthetic_chat_design_preset
59.34,1.754608,1.780200,-0.025592,0.000000,synthetic_chat_design_preset
59.35,1.753600,1.780500,-0.026900,0.000000,synthetic_chat_design_preset
59.36,1.753017,1.780800,-0.027783,0.000000,synthetic_chat_design_preset
59.37,1.752872,1.781100,-0.028228,0.000000,synthetic_chat_design_preset
59.38,1.753172,1.781400,-0.028228,0.000000,synthetic_chat_design_preset
59.39,1.753917,1.781700,-0.027783,0.000000,synthetic_chat_design_preset
59.40,1.755100,1.782000,-0.026900,0.000000,synthetic_chat_design_preset
59.41,1.756708,1.782300,-0.025592,0.000000,synthetic_chat_design_preset
59.42,1.758719,1.782600,-0.023881,0.000000,synthetic_chat_design_preset
59.43,1.761107,1.782900,-0.021793,0.000000,synthetic_chat_design_preset
59.44,1.763838,1.783200,-0.019362,0.000000,synthetic_chat_design_preset
59.45,1.766875,1.783500,-0.016625,0.000000,synthetic_chat_design_preset
59.46,1.770174,1.783800,-0.013626,0.000000,synthetic_chat_design_preset
59.47,1.773688,1.784100,-0.010412,0.000000,synthetic_chat_design_preset
59.48,1.777366,1.784400,-0.007034,0.000000,synthetic_chat_design_preset
59.49,1.781155,1.784700,-0.003545,0.000000,synthetic_chat_design_preset
59.50,1.785000,1.785000,-0.000000,0.000000,synthetic_chat_design_preset
59.51,1.788845,1.785300,0.003545,0.000000,synthetic_chat_design_preset
59.52,1.792634,1.785600,0.007034,0.000000,synthetic_chat_design_preset
59.53,1.796312,1.785900,0.010412,0.000000,synthetic_chat_design_preset
59.54,1.799826,1.786200,0.013626,0.000000,synthetic_chat_design_preset
59.55,1.803125,1.786500,0.016625,0.000000,synthetic_chat_design_preset
59.56,1.806162,1.786800,0.019362,0.000000,synthetic_chat_design_preset
59.57,1.808893,1.787100,0.021793,0.000000,synthetic_chat_design_preset
59.58,1.811281,1.787400,0.023881,0.000000,synthetic_chat_design_preset
59.59,1.813292,1.787700,0.025592,0.000000,synthetic_chat_design_preset
59.60,1.814900,1.788000,0.026900,0.000000,synthetic_chat_design_preset
59.61,1.816083,1.788300,0.027783,0.000000,synthetic_chat_design_preset
59.62,1.816828,1.788600,0.028228,0.000000,synthetic_chat_design_preset
59.63,1.817128,1.788900,0.028228,0.000000,synthetic_chat_design_preset
59.64,1.816983,1.789200,0.027783,0.000000,synthetic_chat_design_preset
59.65,1.816400,1.789500,0.026900,0.000000,synthetic_chat_design_preset
59.66,1.815392,1.789800,0.025592,0.000000,synthetic_chat_design_preset
59.67,1.813981,1.790100,0.023881,0.000000,synthetic_chat_design_preset
59.68,1.812193,1.790400,0.021793,0.000000,synthetic_chat_design_preset
59.69,1.810062,1.790700,0.019362,0.000000,synthetic_chat_design_preset
59.70,1.807625,1.791000,0.016625,0.000000,synthetic_chat_design_preset
59.71,1.804926,1.791300,0.013626,0.000000,synthetic_chat_design_preset
59.72,1.802012,1.791600,0.010412,0.000000,synthetic_chat_design_preset
59.73,1.798934,1.791900,0.007034,0.000000,synthetic_chat_design_preset
59.74,1.795745,1.792200,0.003545,0.000000,synthetic_chat_design_preset
59.75,1.792500,1.792500,0.000000,0.000000,synthetic_chat_design_preset
59.76,1.789255,1.792800,-0.003545,0.000000,synthetic_chat_design_preset
59.77,1.786066,1.793100,-0.007034,0.000000,synthetic_chat_design_preset
59.78,1.782988,1.793400,-0.010412,0.000000,synthetic_chat_design_preset
59.79,1.780074,1.793700,-0.013626,0.000000,synthetic_chat_design_preset
59.80,1.777375,1.794000,-0.016625,0.000000,synthetic_chat_design_preset
59.81,1.774938,1.794300,-0.019362,0.000000,synthetic_chat_design_preset
59.82,1.772807,1.794600,-0.021793,0.000000,synthetic_chat_design_preset
59.83,1.771019,1.794900,-0.023881,0.000000,synthetic_chat_design_preset
59.84,1.769608,1.795200,-0.025592,0.000000,synthetic_chat_design_preset
59.85,1.768600,1.795500,-0.026900,0.000000,synthetic_chat_design_preset
59.86,1.768017,1.795800,-0.027783,0.000000,synthetic_chat_design_preset
59.87,1.767872,1.796100,-0.028228,0.000000,synthetic_chat_design_preset
59.88,1.768172,1.796400,-0.028228,0.000000,synthetic_chat_design_preset
59.89,1.768917,1.796700,-0.027783,0.000000,synthetic_chat_design_preset
59.90,1.770100,1.797000,-0.026900,0.000000,synthetic_chat_design_preset
59.91,1.771708,1.797300,-0.025592,0.000000,synthetic_chat_design_preset
59.92,1.773719,1.797600,-0.023881,0.000000,synthetic_chat_design_preset
59.93,1.776107,1.797900,-0.021793,0.000000,synthetic_chat_design_preset
59.94,1.778838,1.798200,-0.019362,0.000000,synthetic_chat_design_preset
59.95,1.781875,1.798500,-0.016625,0.000000,synthetic_chat_design_preset
59.96,1.785174,1.798800,-0.013626,0.000000,synthetic_chat_design_preset
59.97,1.788688,1.799100,-0.010412,0.000000,synthetic_chat_design_preset
59.98,1.792366,1.799400,-0.007034,0.000000,synthetic_chat_design_preset
59.99,1.796155,1.799700,-0.003545,0.000000,synthetic_chat_design_preset
60.00,1.800000,1.800000,-0.000000,0.000000,synthetic_chat_design_preset
60.01,1.803845,1.800300,0.003545,0.000000,synthetic_chat_design_preset
60.02,1.807634,1.800600,0.007034,0.000000,synthetic_chat_design_preset
60.03,1.811312,1.800900,0.010412,0.000000,synthetic_chat_design_preset
60.04,1.814826,1.801200,0.013626,0.000000,synthetic_chat_design_preset
60.05,1.818125,1.801500,0.016625,0.000000,synthetic_chat_design_preset
60.06,1.821162,1.801800,0.019362,0.000000,synthetic_chat_design_preset
60.07,1.823893,1.802100,0.021793,0.000000,synthetic_chat_design_preset
60.08,1.826281,1.802400,0.023881,0.000000,synthetic_chat_design_preset
60.09,1.828292,1.802700,0.025592,0.000000,synthetic_chat_design_preset
60.10,1.829900,1.803000,0.026900,0.000000,synthetic_chat_design_preset
60.11,1.831083,1.803300,0.027783,0.000000,synthetic_chat_design_preset
60.12,1.831828,1.803600,0.028228,0.000000,synthetic_chat_design_preset
60.13,1.832128,1.803900,0.028228,0.000000,synthetic_chat_design_preset
60.14,1.831983,1.804200,0.027783,0.000000,synthetic_chat_design_preset
60.15,1.831400,1.804500,0.026900,0.000000,synthetic_chat_design_preset
60.16,1.830392,1.804800,0.025592,0.000000,synthetic_chat_design_preset
60.17,1.828981,1.805100,0.023881,0.000000,synthetic_chat_design_preset
60.18,1.827193,1.805400,0.021793,0.000000,synthetic_chat_design_preset
60.19,1.825062,1.805700,0.019362,0.000000,synthetic_chat_design_preset
60.20,1.822625,1.806000,0.016625,0.000000,synthetic_chat_design_preset
60.21,1.819926,1.806300,0.013626,0.000000,synthetic_chat_design_preset
60.22,1.817012,1.806600,0.010412,0.000000,synthetic_chat_design_preset
60.23,1.813934,1.806900,0.007034,0.000000,synthetic_chat_design_preset
60.24,1.810745,1.807200,0.003545,0.000000,synthetic_chat_design_preset
60.25,1.807500,1.807500,-0.000000,0.000000,synthetic_chat_design_preset
60.26,1.804255,1.807800,-0.003545,0.000000,synthetic_chat_design_preset
60.27,1.801066,1.808100,-0.007034,0.000000,synthetic_chat_design_preset
60.28,1.797988,1.808400,-0.010412,0.000000,synthetic_chat_design_preset
60.29,1.795074,1.808700,-0.013626,0.000000,synthetic_chat_design_preset
60.30,1.792375,1.809000,-0.016625,0.000000,synthetic_chat_design_preset
60.31,1.789938,1.809300,-0.019362,0.000000,synthetic_chat_design_preset
60.32,1.787807,1.809600,-0.021793,0.000000,synthetic_chat_design_preset
60.33,1.786019,1.809900,-0.023881,0.000000,synthetic_chat_design_preset
60.34,1.784608,1.810200,-0.025592,0.000000,synthetic_chat_design_preset
60.35,1.783600,1.810500,-0.026900,0.000000,synthetic_chat_design_preset
60.36,1.783017,1.810800,-0.027783,0.000000,synthetic_chat_design_preset
60.37,1.782872,1.811100,-0.028228,0.000000,synthetic_chat_design_preset
60.38,1.783172,1.811400,-0.028228,0.000000,synthetic_chat_design_preset
60.39,1.783917,1.811700,-0.027783,0.000000,synthetic_chat_design_preset
60.40,1.785100,1.812000,-0.026900,0.000000,synthetic_chat_design_preset
60.41,1.786708,1.812300,-0.025592,0.000000,synthetic_chat_design_preset
60.42,1.788719,1.812600,-0.023881,0.000000,synthetic_chat_design_preset
60.43,1.791107,1.812900,-0.021793,0.000000,synthetic_chat_design_preset
60.44,1.793838,1.813200,-0.019362,0.000000,synthetic_chat_design_preset
60.45,1.796875,1.813500,-0.016625,0.000000,synthetic_chat_design_preset
60.46,1.800174,1.813800,-0.013626,0.000000,synthetic_chat_design_preset
60.47,1.803688,1.814100,-0.010412,0.000000,synthetic_chat_design_preset
60.48,1.807366,1.814400,-0.007034,0.000000,synthetic_chat_design_preset
60.49,1.811155,1.814700,-0.003545,0.000000,synthetic_chat_design_preset
60.50,1.815000,1.815000,0.000000,0.000000,synthetic_chat_design_preset
60.51,1.818845,1.815300,0.003545,0.000000,synthetic_chat_design_preset
60.52,1.822634,1.815600,0.007034,0.000000,synthetic_chat_design_preset
60.53,1.826312,1.815900,0.010412,0.000000,synthetic_chat_design_preset
60.54,1.829826,1.816200,0.013626,0.000000,synthetic_chat_design_preset
60.55,1.833125,1.816500,0.016625,0.000000,synthetic_chat_design_preset
60.56,1.836162,1.816800,0.019362,0.000000,synthetic_chat_design_preset
60.57,1.838893,1.817100,0.021793,0.000000,synthetic_chat_design_preset
60.58,1.841281,1.817400,0.023881,0.000000,synthetic_chat_design_preset
60.59,1.843292,1.817700,0.025592,0.000000,synthetic_chat_design_preset
60.60,1.844900,1.818000,0.026900,0.000000,synthetic_chat_design_preset
60.61,1.846083,1.818300,0.027783,0.000000,synthetic_chat_design_preset
60.62,1.846828,1.818600,0.028228,0.000000,synthetic_chat_design_preset
60.63,1.847128,1.818900,0.028228,0.000000,synthetic_chat_design_preset
60.64,1.846983,1.819200,0.027783,0.000000,synthetic_chat_design_preset
60.65,1.846400,1.819500,0.026900,0.000000,synthetic_chat_design_preset
60.66,1.845392,1.819800,0.025592,0.000000,synthetic_chat_design_preset
60.67,1.843981,1.820100,0.023881,0.000000,synthetic_chat_design_preset
60.68,1.842193,1.820400,0.021793,0.000000,synthetic_chat_design_preset
60.69,1.840062,1.820700,0.019362,0.000000,synthetic_chat_design_preset
60.70,1.837625,1.821000,0.016625,0.000000,synthetic_chat_design_preset
60.71,1.834926,1.821300,0.013626,0.000000,synthetic_chat_design_preset
60.72,1.832012,1.821600,0.010412,0.000000,synthetic_chat_design_preset
60.73,1.828934,1.821900,0.007034,0.000000,synthetic_chat_design_preset
60.74,1.825745,1.822200,0.003545,0.000000,synthetic_chat_design_preset
60.75,1.822500,1.822500,0.000000,0.000000,synthetic_chat_design_preset
60.76,1.819255,1.822800,-0.003545,0.000000,synthetic_chat_design_preset
60.77,1.816066,1.823100,-0.007034,0.000000,synthetic_chat_design_preset
60.78,1.812988,1.823400,-0.010412,0.000000,synthetic_chat_design_preset
60.79,1.810074,1.823700,-0.013626,0.000000,synthetic_chat_design_preset
60.80,1.807375,1.824000,-0.016625,0.000000,synthetic_chat_design_preset
60.81,1.804938,1.824300,-0.019362,0.000000,synthetic_chat_design_preset
60.82,1.802807,1.824600,-0.021793,0.000000,synthetic_chat_design_preset
60.83,1.801019,1.824900,-0.023881,0.000000,synthetic_chat_design_preset
60.84,1.799608,1.825200,-0.025592,0.000000,synthetic_chat_design_preset
60.85,1.798600,1.825500,-0.026900,0.000000,synthetic_chat_design_preset
60.86,1.798017,1.825800,-0.027783,0.000000,synthetic_chat_design_preset
60.87,1.797872,1.826100,-0.028228,0.000000,synthetic_chat_design_preset
60.88,1.798172,1.826400,-0.028228,0.000000,synthetic_chat_design_preset
60.89,1.798917,1.826700,-0.027783,0.000000,synthetic_chat_design_preset
60.90,1.800100,1.827000,-0.026900,0.000000,synthetic_chat_design_preset
60.91,1.801708,1.827300,-0.025592,0.000000,synthetic_chat_design_preset
60.92,1.803719,1.827600,-0.023881,0.000000,synthetic_chat_design_preset
60.93,1.806107,1.827900,-0.021793,0.000000,synthetic_chat_design_preset
60.94,1.808838,1.828200,-0.019362,0.000000,synthetic_chat_design_preset
60.95,1.811875,1.828500,-0.016625,0.000000,synthetic_chat_design_preset
60.96,1.815174,1.828800,-0.013626,0.000000,synthetic_chat_design_preset
60.97,1.818688,1.829100,-0.010412,0.000000,synthetic_chat_design_preset
60.98,1.822366,1.829400,-0.007034,0.000000,synthetic_chat_design_preset
60.99,1.826155,1.829700,-0.003545,0.000000,synthetic_chat_design_preset
61.00,1.830000,1.830000,-0.000000,0.000000,synthetic_chat_design_preset
61.01,1.833845,1.830300,0.003545,0.000000,synthetic_chat_design_preset
61.02,1.837634,1.830600,0.007034,0.000000,synthetic_chat_design_preset
61.03,1.841312,1.830900,0.010412,0.000000,synthetic_chat_design_preset
61.04,1.844826,1.831200,0.013626,0.000000,synthetic_chat_design_preset
61.05,1.848125,1.831500,0.016625,0.000000,synthetic_chat_design_preset
61.06,1.851162,1.831800,0.019362,0.000000,synthetic_chat_design_preset
61.07,1.853893,1.832100,0.021793,0.000000,synthetic_chat_design_preset
61.08,1.856281,1.832400,0.023881,0.000000,synthetic_chat_design_preset
61.09,1.858292,1.832700,0.025592,0.000000,synthetic_chat_design_preset
61.10,1.859900,1.833000,0.026900,0.000000,synthetic_chat_design_preset
61.11,1.861083,1.833300,0.027783,0.000000,synthetic_chat_design_preset
61.12,1.861828,1.833600,0.028228,0.000000,synthetic_chat_design_preset
61.13,1.862128,1.833900,0.028228,0.000000,synthetic_chat_design_preset
61.14,1.861983,1.834200,0.027783,0.000000,synthetic_chat_design_preset
61.15,1.861400,1.834500,0.026900,0.000000,synthetic_chat_design_preset
61.16,1.860392,1.834800,0.025592,0.000000,synthetic_chat_design_preset
61.17,1.858981,1.835100,0.023881,0.000000,synthetic_chat_design_preset
61.18,1.857193,1.835400,0.021793,0.000000,synthetic_chat_design_preset
61.19,1.855062,1.835700,0.019362,0.000000,synthetic_chat_design_preset
61.20,1.852625,1.836000,0.016625,0.000000,synthetic_chat_design_preset
61.21,1.849926,1.836300,0.013626,0.000000,synthetic_chat_design_preset
61.22,1.847012,1.836600,0.010412,0.000000,synthetic_chat_design_preset
61.23,1.843934,1.836900,0.007034,0.000000,synthetic_chat_design_preset
61.24,1.840745,1.837200,0.003545,0.000000,synthetic_chat_design_preset
61.25,1.837500,1.837500,0.000000,0.000000,synthetic_chat_design_preset
61.26,1.834255,1.837800,-0.003545,0.000000,synthetic_chat_design_preset
61.27,1.831066,1.838100,-0.007034,0.000000,synthetic_chat_design_preset
61.28,1.827988,1.838400,-0.010412,0.000000,synthetic_chat_design_preset
61.29,1.825074,1.838700,-0.013626,0.000000,synthetic_chat_design_preset
61.30,1.822375,1.839000,-0.016625,0.000000,synthetic_chat_design_preset
61.31,1.819938,1.839300,-0.019362,0.000000,synthetic_chat_design_preset
61.32,1.817807,1.839600,-0.021793,0.000000,synthetic_chat_design_preset
61.33,1.816019,1.839900,-0.023881,0.000000,synthetic_chat_design_preset
61.34,1.814608,1.840200,-0.025592,0.000000,synthetic_chat_design_preset
61.35,1.813600,1.840500,-0.026900,0.000000,synthetic_chat_design_preset
61.36,1.813017,1.840800,-0.027783,0.000000,synthetic_chat_design_preset
61.37,1.812872,1.841100,-0.028228,0.000000,synthetic_chat_design_preset
61.38,1.813172,1.841400,-0.028228,0.000000,synthetic_chat_design_preset
61.39,1.813917,1.841700,-0.027783,0.000000,synthetic_chat_design_preset
61.40,1.815100,1.842000,-0.026900,0.000000,synthetic_chat_design_preset
61.41,1.816708,1.842300,-0.025592,0.000000,synthetic_chat_design_preset
61.42,1.818719,1.842600,-0.023881,0.000000,synthetic_chat_design_preset
61.43,1.821107,1.842900,-0.021793,0.000000,synthetic_chat_design_preset
61.44,1.823838,1.843200,-0.019362,0.000000,synthetic_chat_design_preset
61.45,1.826875,1.843500,-0.016625,0.000000,synthetic_chat_design_preset
61.46,1.830174,1.843800,-0.013626,0.000000,synthetic_chat_design_preset
61.47,1.833688,1.844100,-0.010412,0.000000,synthetic_chat_design_preset
61.48,1.837366,1.844400,-0.007034,0.000000,synthetic_chat_design_preset
61.49,1.841155,1.844700,-0.003545,0.000000,synthetic_chat_design_preset
61.50,1.845000,1.845000,-0.000000,0.000000,synthetic_chat_design_preset
61.51,1.848845,1.845300,0.003545,0.000000,synthetic_chat_design_preset
61.52,1.852634,1.845600,0.007034,0.000000,synthetic_chat_design_preset
61.53,1.856312,1.845900,0.010412,0.000000,synthetic_chat_design_preset
61.54,1.859826,1.846200,0.013626,0.000000,synthetic_chat_design_preset
61.55,1.863125,1.846500,0.016625,0.000000,synthetic_chat_design_preset
61.56,1.866162,1.846800,0.019362,0.000000,synthetic_chat_design_preset
61.57,1.868893,1.847100,0.021793,0.000000,synthetic_chat_design_preset
61.58,1.871281,1.847400,0.023881,0.000000,synthetic_chat_design_preset
61.59,1.873292,1.847700,0.025592,0.000000,synthetic_chat_design_preset
61.60,1.874900,1.848000,0.026900,0.000000,synthetic_chat_design_preset
61.61,1.876083,1.848300,0.027783,0.000000,synthetic_chat_design_preset
61.62,1.876828,1.848600,0.028228,0.000000,synthetic_chat_design_preset
61.63,1.877128,1.848900,0.028228,0.000000,synthetic_chat_design_preset
61.64,1.876983,1.849200,0.027783,0.000000,synthetic_chat_design_preset
61.65,1.876400,1.849500,0.026900,0.000000,synthetic_chat_design_preset
61.66,1.875392,1.849800,0.025592,0.000000,synthetic_chat_design_preset
61.67,1.873981,1.850100,0.023881,0.000000,synthetic_chat_design_preset
61.68,1.872193,1.850400,0.021793,0.000000,synthetic_chat_design_preset
61.69,1.870062,1.850700,0.019362,0.000000,synthetic_chat_design_preset
61.70,1.867625,1.851000,0.016625,0.000000,synthetic_chat_design_preset
61.71,1.864926,1.851300,0.013626,0.000000,synthetic_chat_design_preset
61.72,1.862012,1.851600,0.010412,0.000000,synthetic_chat_design_preset
61.73,1.858934,1.851900,0.007034,0.000000,synthetic_chat_design_preset
61.74,1.855745,1.852200,0.003545,0.000000,synthetic_chat_design_preset
61.75,1.852500,1.852500,0.000000,0.000000,synthetic_chat_design_preset
61.76,1.849255,1.852800,-0.003545,0.000000,synthetic_chat_design_preset
61.77,1.846066,1.853100,-0.007034,0.000000,synthetic_chat_design_preset
61.78,1.842988,1.853400,-0.010412,0.000000,synthetic_chat_design_preset
61.79,1.840074,1.853700,-0.013626,0.000000,synthetic_chat_design_preset
61.80,1.837375,1.854000,-0.016625,0.000000,synthetic_chat_design_preset
61.81,1.834938,1.854300,-0.019362,0.000000,synthetic_chat_design_preset
61.82,1.832807,1.854600,-0.021793,0.000000,synthetic_chat_design_preset
61.83,1.831019,1.854900,-0.023881,0.000000,synthetic_chat_design_preset
61.84,1.829608,1.855200,-0.025592,0.000000,synthetic_chat_design_preset
61.85,1.828600,1.855500,-0.026900,0.000000,synthetic_chat_design_preset
61.86,1.828017,1.855800,-0.027783,0.000000,synthetic_chat_design_preset
61.87,1.827872,1.856100,-0.028228,0.000000,synthetic_chat_design_preset
61.88,1.828172,1.856400,-0.028228,0.000000,synthetic_chat_design_preset
61.89,1.828917,1.856700,-0.027783,0.000000,synthetic_chat_design_preset
61.90,1.830100,1.857000,-0.026900,0.000000,synthetic_chat_design_preset
61.91,1.831708,1.857300,-0.025592,0.000000,synthetic_chat_design_preset
61.92,1.833719,1.857600,-0.023881,0.000000,synthetic_chat_design_preset
61.93,1.836107,1.857900,-0.021793,0.000000,synthetic_chat_design_preset
61.94,1.838838,1.858200,-0.019362,0.000000,synthetic_chat_design_preset
61.95,1.841875,1.858500,-0.016625,0.000000,synthetic_chat_design_preset
61.96,1.845174,1.858800,-0.013626,0.000000,synthetic_chat_design_preset
61.97,1.848688,1.859100,-0.010412,0.000000,synthetic_chat_design_preset
61.98,1.852366,1.859400,-0.007034,0.000000,synthetic_chat_design_preset
61.99,1.856155,1.859700,-0.003545,0.000000,synthetic_chat_design_preset
62.00,1.860000,1.860000,-0.000000,0.000000,synthetic_chat_design_preset
62.01,1.863845,1.860300,0.003545,0.000000,synthetic_chat_design_preset
62.02,1.867634,1.860600,0.007034,0.000000,synthetic_chat_design_preset
62.03,1.871312,1.860900,0.010412,0.000000,synthetic_chat_design_preset
62.04,1.874826,1.861200,0.013626,0.000000,synthetic_chat_design_preset
62.05,1.878125,1.861500,0.016625,0.000000,synthetic_chat_design_preset
62.06,1.881162,1.861800,0.019362,0.000000,synthetic_chat_design_preset
62.07,1.883893,1.862100,0.021793,0.000000,synthetic_chat_design_preset
62.08,1.886281,1.862400,0.023881,0.000000,synthetic_chat_design_preset
62.09,1.888292,1.862700,0.025592,0.000000,synthetic_chat_design_preset
62.10,1.889900,1.863000,0.026900,0.000000,synthetic_chat_design_preset
62.11,1.891083,1.863300,0.027783,0.000000,synthetic_chat_design_preset
62.12,1.891828,1.863600,0.028228,0.000000,synthetic_chat_design_preset
62.13,1.892128,1.863900,0.028228,0.000000,synthetic_chat_design_preset
62.14,1.891983,1.864200,0.027783,0.000000,synthetic_chat_design_preset
62.15,1.891400,1.864500,0.026900,0.000000,synthetic_chat_design_preset
62.16,1.890392,1.864800,0.025592,0.000000,synthetic_chat_design_preset
62.17,1.888981,1.865100,0.023881,0.000000,synthetic_chat_design_preset
62.18,1.887193,1.865400,0.021793,0.000000,synthetic_chat_design_preset
62.19,1.885062,1.865700,0.019362,0.000000,synthetic_chat_design_preset
62.20,1.882625,1.866000,0.016625,0.000000,synthetic_chat_design_preset
62.21,1.879926,1.866300,0.013626,0.000000,synthetic_chat_design_preset
62.22,1.877012,1.866600,0.010412,0.000000,synthetic_chat_design_preset
62.23,1.873934,1.866900,0.007034,0.000000,synthetic_chat_design_preset
62.24,1.870745,1.867200,0.003545,0.000000,synthetic_chat_design_preset
62.25,1.867500,1.867500,0.000000,0.000000,synthetic_chat_design_preset
62.26,1.864255,1.867800,-0.003545,0.000000,synthetic_chat_design_preset
62.27,1.861066,1.868100,-0.007034,0.000000,synthetic_chat_design_preset
62.28,1.857988,1.868400,-0.010412,0.000000,synthetic_chat_design_preset
62.29,1.855074,1.868700,-0.013626,0.000000,synthetic_chat_design_preset
62.30,1.852375,1.869000,-0.016625,0.000000,synthetic_chat_design_preset
62.31,1.849938,1.869300,-0.019362,0.000000,synthetic_chat_design_preset
62.32,1.847807,1.869600,-0.021793,0.000000,synthetic_chat_design_preset
62.33,1.846019,1.869900,-0.023881,0.000000,synthetic_chat_design_preset
62.34,1.844608,1.870200,-0.025592,0.000000,synthetic_chat_design_preset
62.35,1.843600,1.870500,-0.026900,0.000000,synthetic_chat_design_preset
62.36,1.843017,1.870800,-0.027783,0.000000,synthetic_chat_design_preset
62.37,1.842872,1.871100,-0.028228,0.000000,synthetic_chat_design_preset
62.38,1.843172,1.871400,-0.028228,0.000000,synthetic_chat_design_preset
62.39,1.843917,1.871700,-0.027783,0.000000,synthetic_chat_design_preset
62.40,1.845100,1.872000,-0.026900,0.000000,synthetic_chat_design_preset
62.41,1.846708,1.872300,-0.025592,0.000000,synthetic_chat_design_preset
62.42,1.848719,1.872600,-0.023881,0.000000,synthetic_chat_design_preset
62.43,1.851107,1.872900,-0.021793,0.000000,synthetic_chat_design_preset
62.44,1.853838,1.873200,-0.019362,0.000000,synthetic_chat_design_preset
62.45,1.856875,1.873500,-0.016625,0.000000,synthetic_chat_design_preset
62.46,1.860174,1.873800,-0.013626,0.000000,synthetic_chat_design_preset
62.47,1.863688,1.874100,-0.010412,0.000000,synthetic_chat_design_preset
62.48,1.867366,1.874400,-0.007034,0.000000,synthetic_chat_design_preset
62.49,1.871155,1.874700,-0.003545,0.000000,synthetic_chat_design_preset
62.50,1.875000,1.875000,-0.000000,0.000000,synthetic_chat_design_preset
62.51,1.878845,1.875300,0.003545,0.000000,synthetic_chat_design_preset
62.52,1.882634,1.875600,0.007034,0.000000,synthetic_chat_design_preset
62.53,1.886312,1.875900,0.010412,0.000000,synthetic_chat_design_preset
62.54,1.889826,1.876200,0.013626,0.000000,synthetic_chat_design_preset
62.55,1.893125,1.876500,0.016625,0.000000,synthetic_chat_design_preset
62.56,1.896162,1.876800,0.019362,0.000000,synthetic_chat_design_preset
62.57,1.898893,1.877100,0.021793,0.000000,synthetic_chat_design_preset
62.58,1.901281,1.877400,0.023881,0.000000,synthetic_chat_design_preset
62.59,1.903292,1.877700,0.025592,0.000000,synthetic_chat_design_preset
62.60,1.904900,1.878000,0.026900,0.000000,synthetic_chat_design_preset
62.61,1.906083,1.878300,0.027783,0.000000,synthetic_chat_design_preset
62.62,1.906828,1.878600,0.028228,0.000000,synthetic_chat_design_preset
62.63,1.907128,1.878900,0.028228,0.000000,synthetic_chat_design_preset
62.64,1.906983,1.879200,0.027783,0.000000,synthetic_chat_design_preset
62.65,1.906400,1.879500,0.026900,0.000000,synthetic_chat_design_preset
62.66,1.905392,1.879800,0.025592,0.000000,synthetic_chat_design_preset
62.67,1.903981,1.880100,0.023881,0.000000,synthetic_chat_design_preset
62.68,1.902193,1.880400,0.021793,0.000000,synthetic_chat_design_preset
62.69,1.900062,1.880700,0.019362,0.000000,synthetic_chat_design_preset
62.70,1.897625,1.881000,0.016625,0.000000,synthetic_chat_design_preset
62.71,1.894926,1.881300,0.013626,0.000000,synthetic_chat_design_preset
62.72,1.892012,1.881600,0.010412,0.000000,synthetic_chat_design_preset
62.73,1.888934,1.881900,0.007034,0.000000,synthetic_chat_design_preset
62.74,1.885745,1.882200,0.003545,0.000000,synthetic_chat_design_preset
62.75,1.882500,1.882500,-0.000000,0.000000,synthetic_chat_design_preset
62.76,1.879255,1.882800,-0.003545,0.000000,synthetic_chat_design_preset
62.77,1.876066,1.883100,-0.007034,0.000000,synthetic_chat_design_preset
62.78,1.872988,1.883400,-0.010412,0.000000,synthetic_chat_design_preset
62.79,1.870074,1.883700,-0.013626,0.000000,synthetic_chat_design_preset
62.80,1.867375,1.884000,-0.016625,0.000000,synthetic_chat_design_preset
62.81,1.864938,1.884300,-0.019362,0.000000,synthetic_chat_design_preset
62.82,1.862807,1.884600,-0.021793,0.000000,synthetic_chat_design_preset
62.83,1.861019,1.884900,-0.023881,0.000000,synthetic_chat_design_preset
62.84,1.859608,1.885200,-0.025592,0.000000,synthetic_chat_design_preset
62.85,1.858600,1.885500,-0.026900,0.000000,synthetic_chat_design_preset
62.86,1.858017,1.885800,-0.027783,0.000000,synthetic_chat_design_preset
62.87,1.857872,1.886100,-0.028228,0.000000,synthetic_chat_design_preset
62.88,1.858172,1.886400,-0.028228,0.000000,synthetic_chat_design_preset
62.89,1.858917,1.886700,-0.027783,0.000000,synthetic_chat_design_preset
62.90,1.860100,1.887000,-0.026900,0.000000,synthetic_chat_design_preset
62.91,1.861708,1.887300,-0.025592,0.000000,synthetic_chat_design_preset
62.92,1.863719,1.887600,-0.023881,0.000000,synthetic_chat_design_preset
62.93,1.866107,1.887900,-0.021793,0.000000,synthetic_chat_design_preset
62.94,1.868838,1.888200,-0.019362,0.000000,synthetic_chat_design_preset
62.95,1.871875,1.888500,-0.016625,0.000000,synthetic_chat_design_preset
62.96,1.875174,1.888800,-0.013626,0.000000,synthetic_chat_design_preset
62.97,1.878688,1.889100,-0.010412,0.000000,synthetic_chat_design_preset
62.98,1.882366,1.889400,-0.007034,0.000000,synthetic_chat_design_preset
62.99,1.886155,1.889700,-0.003545,0.000000,synthetic_chat_design_preset
63.00,1.890000,1.890000,0.000000,0.000000,synthetic_chat_design_preset
63.01,1.893845,1.890300,0.003545,0.000000,synthetic_chat_design_preset
63.02,1.897634,1.890600,0.007034,0.000000,synthetic_chat_design_preset
63.03,1.901312,1.890900,0.010412,0.000000,synthetic_chat_design_preset
63.04,1.904826,1.891200,0.013626,0.000000,synthetic_chat_design_preset
63.05,1.908125,1.891500,0.016625,0.000000,synthetic_chat_design_preset
63.06,1.911162,1.891800,0.019362,0.000000,synthetic_chat_design_preset
63.07,1.913893,1.892100,0.021793,0.000000,synthetic_chat_design_preset
63.08,1.916281,1.892400,0.023881,0.000000,synthetic_chat_design_preset
63.09,1.918292,1.892700,0.025592,0.000000,synthetic_chat_design_preset
63.10,1.919900,1.893000,0.026900,0.000000,synthetic_chat_design_preset
63.11,1.921083,1.893300,0.027783,0.000000,synthetic_chat_design_preset
63.12,1.921828,1.893600,0.028228,0.000000,synthetic_chat_design_preset
63.13,1.922128,1.893900,0.028228,0.000000,synthetic_chat_design_preset
63.14,1.921983,1.894200,0.027783,0.000000,synthetic_chat_design_preset
63.15,1.921400,1.894500,0.026900,0.000000,synthetic_chat_design_preset
63.16,1.920392,1.894800,0.025592,0.000000,synthetic_chat_design_preset
63.17,1.918981,1.895100,0.023881,0.000000,synthetic_chat_design_preset
63.18,1.917193,1.895400,0.021793,0.000000,synthetic_chat_design_preset
63.19,1.915062,1.895700,0.019362,0.000000,synthetic_chat_design_preset
63.20,1.912625,1.896000,0.016625,0.000000,synthetic_chat_design_preset
63.21,1.909926,1.896300,0.013626,0.000000,synthetic_chat_design_preset
63.22,1.907012,1.896600,0.010412,0.000000,synthetic_chat_design_preset
63.23,1.903934,1.896900,0.007034,0.000000,synthetic_chat_design_preset
63.24,1.900745,1.897200,0.003545,0.000000,synthetic_chat_design_preset
63.25,1.897500,1.897500,-0.000000,0.000000,synthetic_chat_design_preset
63.26,1.894255,1.897800,-0.003545,0.000000,synthetic_chat_design_preset
63.27,1.891066,1.898100,-0.007034,0.000000,synthetic_chat_design_preset
63.28,1.887988,1.898400,-0.010412,0.000000,synthetic_chat_design_preset
63.29,1.885074,1.898700,-0.013626,0.000000,synthetic_chat_design_preset
63.30,1.882375,1.899000,-0.016625,0.000000,synthetic_chat_design_preset
63.31,1.879938,1.899300,-0.019362,0.000000,synthetic_chat_design_preset
63.32,1.877807,1.899600,-0.021793,0.000000,synthetic_chat_design_preset
63.33,1.876019,1.899900,-0.023881,0.000000,synthetic_chat_design_preset
63.34,1.874608,1.900200,-0.025592,0.000000,synthetic_chat_design_preset
63.35,1.873600,1.900500,-0.026900,0.000000,synthetic_chat_design_preset
63.36,1.873017,1.900800,-0.027783,0.000000,synthetic_chat_design_preset
63.37,1.872872,1.901100,-0.028228,0.000000,synthetic_chat_design_preset
63.38,1.873172,1.901400,-0.028228,0.000000,synthetic_chat_design_preset
63.39,1.873917,1.901700,-0.027783,0.000000,synthetic_chat_design_preset
63.40,1.875100,1.902000,-0.026900,0.000000,synthetic_chat_design_preset
63.41,1.876708,1.902300,-0.025592,0.000000,synthetic_chat_design_preset
63.42,1.878719,1.902600,-0.023881,0.000000,synthetic_chat_design_preset
63.43,1.881107,1.902900,-0.021793,0.000000,synthetic_chat_design_preset
63.44,1.883838,1.903200,-0.019362,0.000000,synthetic_chat_design_preset
63.45,1.886875,1.903500,-0.016625,0.000000,synthetic_chat_design_preset
63.46,1.890174,1.903800,-0.013626,0.000000,synthetic_chat_design_preset
63.47,1.893688,1.904100,-0.010412,0.000000,synthetic_chat_design_preset
63.48,1.897366,1.904400,-0.007034,0.000000,synthetic_chat_design_preset
63.49,1.901155,1.904700,-0.003545,0.000000,synthetic_chat_design_preset
63.50,1.905000,1.905000,-0.000000,0.000000,synthetic_chat_design_preset
63.51,1.908845,1.905300,0.003545,0.000000,synthetic_chat_design_preset
63.52,1.912634,1.905600,0.007034,0.000000,synthetic_chat_design_preset
63.53,1.916312,1.905900,0.010412,0.000000,synthetic_chat_design_preset
63.54,1.919826,1.906200,0.013626,0.000000,synthetic_chat_design_preset
63.55,1.923125,1.906500,0.016625,0.000000,synthetic_chat_design_preset
63.56,1.926162,1.906800,0.019362,0.000000,synthetic_chat_design_preset
63.57,1.928893,1.907100,0.021793,0.000000,synthetic_chat_design_preset
63.58,1.931281,1.907400,0.023881,0.000000,synthetic_chat_design_preset
63.59,1.933292,1.907700,0.025592,0.000000,synthetic_chat_design_preset
63.60,1.934900,1.908000,0.026900,0.000000,synthetic_chat_design_preset
63.61,1.936083,1.908300,0.027783,0.000000,synthetic_chat_design_preset
63.62,1.936828,1.908600,0.028228,0.000000,synthetic_chat_design_preset
63.63,1.937128,1.908900,0.028228,0.000000,synthetic_chat_design_preset
63.64,1.936983,1.909200,0.027783,0.000000,synthetic_chat_design_preset
63.65,1.936400,1.909500,0.026900,0.000000,synthetic_chat_design_preset
63.66,1.935392,1.909800,0.025592,0.000000,synthetic_chat_design_preset
63.67,1.933981,1.910100,0.023881,0.000000,synthetic_chat_design_preset
63.68,1.932193,1.910400,0.021793,0.000000,synthetic_chat_design_preset
63.69,1.930062,1.910700,0.019362,0.000000,synthetic_chat_design_preset
63.70,1.927625,1.911000,0.016625,0.000000,synthetic_chat_design_preset
63.71,1.924926,1.911300,0.013626,0.000000,synthetic_chat_design_preset
63.72,1.922012,1.911600,0.010412,0.000000,synthetic_chat_design_preset
63.73,1.918934,1.911900,0.007034,0.000000,synthetic_chat_design_preset
63.74,1.915745,1.912200,0.003545,0.000000,synthetic_chat_design_preset
63.75,1.912500,1.912500,0.000000,0.000000,synthetic_chat_design_preset
63.76,1.909255,1.912800,-0.003545,0.000000,synthetic_chat_design_preset
63.77,1.906066,1.913100,-0.007034,0.000000,synthetic_chat_design_preset
63.78,1.902988,1.913400,-0.010412,0.000000,synthetic_chat_design_preset
63.79,1.900074,1.913700,-0.013626,0.000000,synthetic_chat_design_preset
63.80,1.897375,1.914000,-0.016625,0.000000,synthetic_chat_design_preset
63.81,1.894938,1.914300,-0.019362,0.000000,synthetic_chat_design_preset
63.82,1.892807,1.914600,-0.021793,0.000000,synthetic_chat_design_preset
63.83,1.891019,1.914900,-0.023881,0.000000,synthetic_chat_design_preset
63.84,1.889608,1.915200,-0.025592,0.000000,synthetic_chat_design_preset
63.85,1.888600,1.915500,-0.026900,0.000000,synthetic_chat_design_preset
63.86,1.888017,1.915800,-0.027783,0.000000,synthetic_chat_design_preset
63.87,1.887872,1.916100,-0.028228,0.000000,synthetic_chat_design_preset
63.88,1.888172,1.916400,-0.028228,0.000000,synthetic_chat_design_preset
63.89,1.888917,1.916700,-0.027783,0.000000,synthetic_chat_design_preset
63.90,1.890100,1.917000,-0.026900,0.000000,synthetic_chat_design_preset
63.91,1.891708,1.917300,-0.025592,0.000000,synthetic_chat_design_preset
63.92,1.893719,1.917600,-0.023881,0.000000,synthetic_chat_design_preset
63.93,1.896107,1.917900,-0.021793,0.000000,synthetic_chat_design_preset
63.94,1.898838,1.918200,-0.019362,0.000000,synthetic_chat_design_preset
63.95,1.901875,1.918500,-0.016625,0.000000,synthetic_chat_design_preset
63.96,1.905174,1.918800,-0.013626,0.000000,synthetic_chat_design_preset
63.97,1.908688,1.919100,-0.010412,0.000000,synthetic_chat_design_preset
63.98,1.912366,1.919400,-0.007034,0.000000,synthetic_chat_design_preset
63.99,1.916155,1.919700,-0.003545,0.000000,synthetic_chat_design_preset
64.00,1.920000,1.920000,-0.000000,0.000000,synthetic_chat_design_preset
64.01,1.923845,1.920300,0.003545,0.000000,synthetic_chat_design_preset
64.02,1.927634,1.920600,0.007034,0.000000,synthetic_chat_design_preset
64.03,1.931312,1.920900,0.010412,0.000000,synthetic_chat_design_preset
64.04,1.934826,1.921200,0.013626,0.000000,synthetic_chat_design_preset
64.05,1.938125,1.921500,0.016625,0.000000,synthetic_chat_design_preset
64.06,1.941162,1.921800,0.019362,0.000000,synthetic_chat_design_preset
64.07,1.943893,1.922100,0.021793,0.000000,synthetic_chat_design_preset
64.08,1.946281,1.922400,0.023881,0.000000,synthetic_chat_design_preset
64.09,1.948292,1.922700,0.025592,0.000000,synthetic_chat_design_preset
64.10,1.949900,1.923000,0.026900,0.000000,synthetic_chat_design_preset
64.11,1.951083,1.923300,0.027783,0.000000,synthetic_chat_design_preset
64.12,1.951828,1.923600,0.028228,0.000000,synthetic_chat_design_preset
64.13,1.952128,1.923900,0.028228,0.000000,synthetic_chat_design_preset
64.14,1.951983,1.924200,0.027783,0.000000,synthetic_chat_design_preset
64.15,1.951400,1.924500,0.026900,0.000000,synthetic_chat_design_preset
64.16,1.950392,1.924800,0.025592,0.000000,synthetic_chat_design_preset
64.17,1.948981,1.925100,0.023881,0.000000,synthetic_chat_design_preset
64.18,1.947193,1.925400,0.021793,0.000000,synthetic_chat_design_preset
64.19,1.945062,1.925700,0.019362,0.000000,synthetic_chat_design_preset
64.20,1.942625,1.926000,0.016625,0.000000,synthetic_chat_design_preset
64.21,1.939926,1.926300,0.013626,0.000000,synthetic_chat_design_preset
64.22,1.937012,1.926600,0.010412,0.000000,synthetic_chat_design_preset
64.23,1.933934,1.926900,0.007034,0.000000,synthetic_chat_design_preset
64.24,1.930745,1.927200,0.003545,0.000000,synthetic_chat_design_preset
64.25,1.927500,1.927500,0.000000,0.000000,synthetic_chat_design_preset
64.26,1.924255,1.927800,-0.003545,0.000000,synthetic_chat_design_preset
64.27,1.921066,1.928100,-0.007034,0.000000,synthetic_chat_design_preset
64.28,1.917988,1.928400,-0.010412,0.000000,synthetic_chat_design_preset
64.29,1.915074,1.928700,-0.013626,0.000000,synthetic_chat_design_preset
64.30,1.912375,1.929000,-0.016625,0.000000,synthetic_chat_design_preset
64.31,1.909938,1.929300,-0.019362,0.000000,synthetic_chat_design_preset
64.32,1.907807,1.929600,-0.021793,0.000000,synthetic_chat_design_preset
64.33,1.906019,1.929900,-0.023881,0.000000,synthetic_chat_design_preset
64.34,1.904608,1.930200,-0.025592,0.000000,synthetic_chat_design_preset
64.35,1.903600,1.930500,-0.026900,0.000000,synthetic_chat_design_preset
64.36,1.903017,1.930800,-0.027783,0.000000,synthetic_chat_design_preset
64.37,1.902872,1.931100,-0.028228,0.000000,synthetic_chat_design_preset
64.38,1.903172,1.931400,-0.028228,0.000000,synthetic_chat_design_preset
64.39,1.903917,1.931700,-0.027783,0.000000,synthetic_chat_design_preset
64.40,1.905100,1.932000,-0.026900,0.000000,synthetic_chat_design_preset
64.41,1.906708,1.932300,-0.025592,0.000000,synthetic_chat_design_preset
64.42,1.908719,1.932600,-0.023881,0.000000,synthetic_chat_design_preset
64.43,1.911107,1.932900,-0.021793,0.000000,synthetic_chat_design_preset
64.44,1.913838,1.933200,-0.019362,0.000000,synthetic_chat_design_preset
64.45,1.916875,1.933500,-0.016625,0.000000,synthetic_chat_design_preset
64.46,1.920174,1.933800,-0.013626,0.000000,synthetic_chat_design_preset
64.47,1.923688,1.934100,-0.010412,0.000000,synthetic_chat_design_preset
64.48,1.927366,1.934400,-0.007034,0.000000,synthetic_chat_design_preset
64.49,1.931172,1.934700,-0.003545,0.000017,synthetic_chat_design_preset
64.50,1.935023,1.935000,-0.000000,0.000023,synthetic_chat_design_preset
64.51,1.938876,1.935300,0.003545,0.000031,synthetic_chat_design_preset
64.52,1.942675,1.935600,0.007034,0.000041,synthetic_chat_design_preset
64.53,1.946368,1.935900,0.010412,0.000055,synthetic_chat_design_preset
64.54,1.949900,1.936200,0.013626,0.000074,synthetic_chat_design_preset
64.55,1.953223,1.936500,0.016625,0.000098,synthetic_chat_design_preset
64.56,1.956290,1.936800,0.019362,0.000128,synthetic_chat_design_preset
64.57,1.959061,1.937100,0.021793,0.000168,synthetic_chat_design_preset
64.58,1.961499,1.937400,0.023881,0.000218,synthetic_chat_design_preset
64.59,1.963574,1.937700,0.025592,0.000282,synthetic_chat_design_preset
64.60,1.965262,1.938000,0.026900,0.000362,synthetic_chat_design_preset
64.61,1.966545,1.938300,0.027783,0.000461,synthetic_chat_design_preset
64.62,1.967413,1.938600,0.028228,0.000585,synthetic_chat_design_preset
64.63,1.967865,1.938900,0.028228,0.000737,synthetic_chat_design_preset
64.64,1.967906,1.939200,0.027783,0.000923,synthetic_chat_design_preset
64.65,1.967548,1.939500,0.026900,0.001148,synthetic_chat_design_preset
64.66,1.966813,1.939800,0.025592,0.001420,synthetic_chat_design_preset
64.67,1.965727,1.940100,0.023881,0.001746,synthetic_chat_design_preset
64.68,1.964326,1.940400,0.021793,0.002133,synthetic_chat_design_preset
64.69,1.962652,1.940700,0.019362,0.002590,synthetic_chat_design_preset
64.70,1.960750,1.941000,0.016625,0.003125,synthetic_chat_design_preset
64.71,1.958674,1.941300,0.013626,0.003748,synthetic_chat_design_preset
64.72,1.956479,1.941600,0.010412,0.004467,synthetic_chat_design_preset
64.73,1.954226,1.941900,0.007034,0.005292,synthetic_chat_design_preset
64.74,1.951976,1.942200,0.003545,0.006231,synthetic_chat_design_preset
64.75,1.949791,1.942500,0.000000,0.007291,synthetic_chat_design_preset
64.76,1.947734,1.942800,-0.003545,0.008479,synthetic_chat_design_preset
64.77,1.945866,1.943100,-0.007034,0.009800,synthetic_chat_design_preset
64.78,1.944245,1.943400,-0.010412,0.011257,synthetic_chat_design_preset
64.79,1.942925,1.943700,-0.013626,0.012851,synthetic_chat_design_preset
64.80,1.941957,1.944000,-0.016625,0.014582,synthetic_chat_design_preset
64.81,1.941381,1.944300,-0.019362,0.016443,synthetic_chat_design_preset
64.82,1.941235,1.944600,-0.021793,0.018428,synthetic_chat_design_preset
64.83,1.941545,1.944900,-0.023881,0.020526,synthetic_chat_design_preset
64.84,1.942331,1.945200,-0.025592,0.022723,synthetic_chat_design_preset
64.85,1.943600,1.945500,-0.026900,0.025000,synthetic_chat_design_preset
64.86,1.945353,1.945800,-0.027783,0.027336,synthetic_chat_design_preset
64.87,1.947579,1.946100,-0.028228,0.029707,synthetic_chat_design_preset
64.88,1.950257,1.946400,-0.028228,0.032086,synthetic_chat_design_preset
64.89,1.953358,1.946700,-0.027783,0.034442,synthetic_chat_design_preset
64.90,1.956843,1.947000,-0.026900,0.036743,synthetic_chat_design_preset
64.91,1.960666,1.947300,-0.025592,0.038958,synthetic_chat_design_preset
64.92,1.964772,1.947600,-0.023881,0.041053,synthetic_chat_design_preset
64.93,1.969101,1.947900,-0.021793,0.042994,synthetic_chat_design_preset
64.94,1.973589,1.948200,-0.019362,0.044751,synthetic_chat_design_preset
64.95,1.978169,1.948500,-0.016625,0.046294,synthetic_chat_design_preset
64.96,1.982769,1.948800,-0.013626,0.047595,synthetic_chat_design_preset
64.97,1.987321,1.949100,-0.010412,0.048633,synthetic_chat_design_preset
64.98,1.991754,1.949400,-0.007034,0.049388,synthetic_chat_design_preset
64.99,1.996001,1.949700,-0.003545,0.049846,synthetic_chat_design_preset
65.00,2.000000,1.950000,-0.000000,0.050000,synthetic_chat_design_preset
65.01,2.003691,1.950300,0.003545,0.049846,synthetic_chat_design_preset
65.02,2.007022,1.950600,0.007034,0.049388,synthetic_chat_design_preset
65.03,2.009945,1.950900,0.010412,0.048633,synthetic_chat_design_preset
65.04,2.012421,1.951200,0.013626,0.047595,synthetic_chat_design_preset
65.05,2.014419,1.951500,0.016625,0.046294,synthetic_chat_design_preset
65.06,2.015913,1.951800,0.019362,0.044751,synthetic_chat_design_preset
65.07,2.016888,1.952100,0.021793,0.042994,synthetic_chat_design_preset
65.08,2.017334,1.952400,0.023881,0.041053,synthetic_chat_design_preset
65.09,2.017251,1.952700,0.025592,0.038958,synthetic_chat_design_preset
65.10,2.016643,1.953000,0.026900,0.036743,synthetic_chat_design_preset
65.11,2.015525,1.953300,0.027783,0.034442,synthetic_chat_design_preset
65.12,2.013914,1.953600,0.028228,0.032086,synthetic_chat_design_preset
65.13,2.011836,1.953900,0.028228,0.029707,synthetic_chat_design_preset
65.14,2.009320,1.954200,0.027783,0.027336,synthetic_chat_design_preset
65.15,2.006400,1.954500,0.026900,0.025000,synthetic_chat_design_preset
65.16,2.003115,1.954800,0.025592,0.022723,synthetic_chat_design_preset
65.17,1.999508,1.955100,0.023881,0.020526,synthetic_chat_design_preset
65.18,1.995622,1.955400,0.021793,0.018428,synthetic_chat_design_preset
65.19,1.991505,1.955700,0.019362,0.016443,synthetic_chat_design_preset
65.20,1.987207,1.956000,0.016625,0.014582,synthetic_chat_design_preset
65.21,1.982777,1.956300,0.013626,0.012851,synthetic_chat_design_preset
65.22,1.978269,1.956600,0.010412,0.011257,synthetic_chat_design_preset
65.23,1.973734,1.956900,0.007034,0.009800,synthetic_chat_design_preset
65.24,1.969224,1.957200,0.003545,0.008479,synthetic_chat_design_preset
65.25,1.964791,1.957500,0.000000,0.007291,synthetic_chat_design_preset
65.26,1.960486,1.957800,-0.003545,0.006231,synthetic_chat_design_preset
65.27,1.956358,1.958100,-0.007034,0.005292,synthetic_chat_design_preset
65.28,1.952455,1.958400,-0.010412,0.004467,synthetic_chat_design_preset
65.29,1.948822,1.958700,-0.013626,0.003748,synthetic_chat_design_preset
65.30,1.945500,1.959000,-0.016625,0.003125,synthetic_chat_design_preset
65.31,1.942528,1.959300,-0.019362,0.002590,synthetic_chat_design_preset
65.32,1.939939,1.959600,-0.021793,0.002133,synthetic_chat_design_preset
65.33,1.937765,1.959900,-0.023881,0.001746,synthetic_chat_design_preset
65.34,1.936028,1.960200,-0.025592,0.001420,synthetic_chat_design_preset
65.35,1.934748,1.960500,-0.026900,0.001148,synthetic_chat_design_preset
65.36,1.933939,1.960800,-0.027783,0.000923,synthetic_chat_design_preset
65.37,1.933608,1.961100,-0.028228,0.000737,synthetic_chat_design_preset
65.38,1.933756,1.961400,-0.028228,0.000585,synthetic_chat_design_preset
65.39,1.934378,1.961700,-0.027783,0.000461,synthetic_chat_design_preset
65.40,1.935462,1.962000,-0.026900,0.000362,synthetic_chat_design_preset
65.41,1.936989,1.962300,-0.025592,0.000282,synthetic_chat_design_preset
65.42,1.938937,1.962600,-0.023881,0.000218,synthetic_chat_design_preset
65.43,1.941275,1.962900,-0.021793,0.000168,synthetic_chat_design_preset
65.44,1.943967,1.963200,-0.019362,0.000128,synthetic_chat_design_preset
65.45,1.946973,1.963500,-0.016625,0.000098,synthetic_chat_design_preset
65.46,1.950248,1.963800,-0.013626,0.000074,synthetic_chat_design_preset
65.47,1.953743,1.964100,-0.010412,0.000055,synthetic_chat_design_preset
65.48,1.957407,1.964400,-0.007034,0.000041,synthetic_chat_design_preset
65.49,1.961186,1.964700,-0.003545,0.000031,synthetic_chat_design_preset
65.50,1.965023,1.965000,0.000000,0.000023,synthetic_chat_design_preset
65.51,1.968845,1.965300,0.003545,0.000000,synthetic_chat_design_preset
65.52,1.972634,1.965600,0.007034,0.000000,synthetic_chat_design_preset
65.53,1.976312,1.965900,0.010412,0.000000,synthetic_chat_design_preset
65.54,1.979826,1.966200,0.013626,0.000000,synthetic_chat_design_preset
65.55,1.983125,1.966500,0.016625,0.000000,synthetic_chat_design_preset
65.56,1.986162,1.966800,0.019362,0.000000,synthetic_chat_design_preset
65.57,1.988893,1.967100,0.021793,0.000000,synthetic_chat_design_preset
65.58,1.991281,1.967400,0.023881,0.000000,synthetic_chat_design_preset
65.59,1.993292,1.967700,0.025592,0.000000,synthetic_chat_design_preset
65.60,1.994900,1.968000,0.026900,0.000000,synthetic_chat_design_preset
65.61,1.996083,1.968300,0.027783,0.000000,synthetic_chat_design_preset
65.62,1.996828,1.968600,0.028228,0.000000,synthetic_chat_design_preset
65.63,1.997128,1.968900,0.028228,0.000000,synthetic_chat_design_preset
65.64,1.996983,1.969200,0.027783,0.000000,synthetic_chat_design_preset
65.65,1.996400,1.969500,0.026900,0.000000,synthetic_chat_design_preset
65.66,1.995392,1.969800,0.025592,0.000000,synthetic_chat_design_preset
65.67,1.993981,1.970100,0.023881,0.000000,synthetic_chat_design_preset
65.68,1.992193,1.970400,0.021793,0.000000,synthetic_chat_design_preset
65.69,1.990062,1.970700,0.019362,0.000000,synthetic_chat_design_preset
65.70,1.987625,1.971000,0.016625,0.000000,synthetic_chat_design_preset
65.71,1.984926,1.971300,0.013626,0.000000,synthetic_chat_design_preset
65.72,1.982012,1.971600,0.010412,0.000000,synthetic_chat_design_preset
65.73,1.978934,1.971900,0.007034,0.000000,synthetic_chat_design_preset
65.74,1.975745,1.972200,0.003545,0.000000,synthetic_chat_design_preset
65.75,1.972500,1.972500,-0.000000,0.000000,synthetic_chat_design_preset
65.76,1.969255,1.972800,-0.003545,0.000000,synthetic_chat_design_preset
65.77,1.966066,1.973100,-0.007034,0.000000,synthetic_chat_design_preset
65.78,1.962988,1.973400,-0.010412,0.000000,synthetic_chat_design_preset
65.79,1.960074,1.973700,-0.013626,0.000000,synthetic_chat_design_preset
65.80,1.957375,1.974000,-0.016625,0.000000,synthetic_chat_design_preset
65.81,1.954938,1.974300,-0.019362,0.000000,synthetic_chat_design_preset
65.82,1.952807,1.974600,-0.021793,0.000000,synthetic_chat_design_preset
65.83,1.951019,1.974900,-0.023881,0.000000,synthetic_chat_design_preset
65.84,1.949608,1.975200,-0.025592,0.000000,synthetic_chat_design_preset
65.85,1.948600,1.975500,-0.026900,0.000000,synthetic_chat_design_preset
65.86,1.948017,1.975800,-0.027783,0.000000,synthetic_chat_design_preset
65.87,1.947872,1.976100,-0.028228,0.000000,synthetic_chat_design_preset
65.88,1.948172,1.976400,-0.028228,0.000000,synthetic_chat_design_preset
65.89,1.948917,1.976700,-0.027783,0.000000,synthetic_chat_design_preset
65.90,1.950100,1.977000,-0.026900,0.000000,synthetic_chat_design_preset
65.91,1.951708,1.977300,-0.025592,0.000000,synthetic_chat_design_preset
65.92,1.953719,1.977600,-0.023881,0.000000,synthetic_chat_design_preset
65.93,1.956107,1.977900,-0.021793,0.000000,synthetic_chat_design_preset
65.94,1.958838,1.978200,-0.019362,0.000000,synthetic_chat_design_preset
65.95,1.961875,1.978500,-0.016625,0.000000,synthetic_chat_design_preset
65.96,1.965174,1.978800,-0.013626,0.000000,synthetic_chat_design_preset
65.97,1.968688,1.979100,-0.010412,0.000000,synthetic_chat_design_preset
65.98,1.972366,1.979400,-0.007034,0.000000,synthetic_chat_design_preset
65.99,1.976155,1.979700,-0.003545,0.000000,synthetic_chat_design_preset
66.00,1.980000,1.980000,-0.000000,0.000000,synthetic_chat_design_preset
66.01,1.983845,1.980300,0.003545,0.000000,synthetic_chat_design_preset
66.02,1.987634,1.980600,0.007034,0.000000,synthetic_chat_design_preset
66.03,1.991312,1.980900,0.010412,0.000000,synthetic_chat_design_preset
66.04,1.994826,1.981200,0.013626,0.000000,synthetic_chat_design_preset
66.05,1.998125,1.981500,0.016625,0.000000,synthetic_chat_design_preset
66.06,2.001162,1.981800,0.019362,0.000000,synthetic_chat_design_preset
66.07,2.003893,1.982100,0.021793,0.000000,synthetic_chat_design_preset
66.08,2.006281,1.982400,0.023881,0.000000,synthetic_chat_design_preset
66.09,2.008292,1.982700,0.025592,0.000000,synthetic_chat_design_preset
66.10,2.009900,1.983000,0.026900,0.000000,synthetic_chat_design_preset
66.11,2.011083,1.983300,0.027783,0.000000,synthetic_chat_design_preset
66.12,2.011828,1.983600,0.028228,0.000000,synthetic_chat_design_preset
66.13,2.012128,1.983900,0.028228,0.000000,synthetic_chat_design_preset
66.14,2.011983,1.984200,0.027783,0.000000,synthetic_chat_design_preset
66.15,2.011400,1.984500,0.026900,0.000000,synthetic_chat_design_preset
66.16,2.010392,1.984800,0.025592,0.000000,synthetic_chat_design_preset
66.17,2.008981,1.985100,0.023881,0.000000,synthetic_chat_design_preset
66.18,2.007193,1.985400,0.021793,0.000000,synthetic_chat_design_preset
66.19,2.005062,1.985700,0.019362,0.000000,synthetic_chat_design_preset
66.20,2.002625,1.986000,0.016625,0.000000,synthetic_chat_design_preset
66.21,1.999926,1.986300,0.013626,0.000000,synthetic_chat_design_preset
66.22,1.997012,1.986600,0.010412,0.000000,synthetic_chat_design_preset
66.23,1.993934,1.986900,0.007034,0.000000,synthetic_chat_design_preset
66.24,1.990745,1.987200,0.003545,0.000000,synthetic_chat_design_preset
66.25,1.987500,1.987500,0.000000,0.000000,synthetic_chat_design_preset
66.26,1.984255,1.987800,-0.003545,0.000000,synthetic_chat_design_preset
66.27,1.981066,1.988100,-0.007034,0.000000,synthetic_chat_design_preset
66.28,1.977988,1.988400,-0.010412,0.000000,synthetic_chat_design_preset
66.29,1.975074,1.988700,-0.013626,0.000000,synthetic_chat_design_preset
66.30,1.972375,1.989000,-0.016625,0.000000,synthetic_chat_design_preset
66.31,1.969938,1.989300,-0.019362,0.000000,synthetic_chat_design_preset
66.32,1.967807,1.989600,-0.021793,0.000000,synthetic_chat_design_preset
66.33,1.966019,1.989900,-0.023881,0.000000,synthetic_chat_design_preset
66.34,1.964608,1.990200,-0.025592,0.000000,synthetic_chat_design_preset
66.35,1.963600,1.990500,-0.026900,0.000000,synthetic_chat_design_preset
66.36,1.963017,1.990800,-0.027783,0.000000,synthetic_chat_design_preset
66.37,1.962872,1.991100,-0.028228,0.000000,synthetic_chat_design_preset
66.38,1.963172,1.991400,-0.028228,0.000000,synthetic_chat_design_preset
66.39,1.963917,1.991700,-0.027783,0.000000,synthetic_chat_design_preset
66.40,1.965100,1.992000,-0.026900,0.000000,synthetic_chat_design_preset
66.41,1.966708,1.992300,-0.025592,0.000000,synthetic_chat_design_preset
66.42,1.968719,1.992600,-0.023881,0.000000,synthetic_chat_design_preset
66.43,1.971107,1.992900,-0.021793,0.000000,synthetic_chat_design_preset
66.44,1.973838,1.993200,-0.019362,0.000000,synthetic_chat_design_preset
66.45,1.976875,1.993500,-0.016625,0.000000,synthetic_chat_design_preset
66.46,1.980174,1.993800,-0.013626,0.000000,synthetic_chat_design_preset
66.47,1.983688,1.994100,-0.010412,0.000000,synthetic_chat_design_preset
66.48,1.987366,1.994400,-0.007034,0.000000,synthetic_chat_design_preset
66.49,1.991155,1.994700,-0.003545,0.000000,synthetic_chat_design_preset
66.50,1.995000,1.995000,-0.000000,0.000000,synthetic_chat_design_preset
66.51,1.998845,1.995300,0.003545,0.000000,synthetic_chat_design_preset
66.52,2.002634,1.995600,0.007034,0.000000,synthetic_chat_design_preset
66.53,2.006312,1.995900,0.010412,0.000000,synthetic_chat_design_preset
66.54,2.009826,1.996200,0.013626,0.000000,synthetic_chat_design_preset
66.55,2.013125,1.996500,0.016625,0.000000,synthetic_chat_design_preset
66.56,2.016162,1.996800,0.019362,0.000000,synthetic_chat_design_preset
66.57,2.018893,1.997100,0.021793,0.000000,synthetic_chat_design_preset
66.58,2.021281,1.997400,0.023881,0.000000,synthetic_chat_design_preset
66.59,2.023292,1.997700,0.025592,0.000000,synthetic_chat_design_preset
66.60,2.024900,1.998000,0.026900,0.000000,synthetic_chat_design_preset
66.61,2.026083,1.998300,0.027783,0.000000,synthetic_chat_design_preset
66.62,2.026828,1.998600,0.028228,0.000000,synthetic_chat_design_preset
66.63,2.027128,1.998900,0.028228,0.000000,synthetic_chat_design_preset
66.64,2.026983,1.999200,0.027783,0.000000,synthetic_chat_design_preset
66.65,2.026400,1.999500,0.026900,0.000000,synthetic_chat_design_preset
66.66,2.025392,1.999800,0.025592,0.000000,synthetic_chat_design_preset
66.67,2.023981,2.000100,0.023881,0.000000,synthetic_chat_design_preset
66.68,2.022193,2.000400,0.021793,0.000000,synthetic_chat_design_preset
66.69,2.020062,2.000700,0.019362,0.000000,synthetic_chat_design_preset
66.70,2.017625,2.001000,0.016625,0.000000,synthetic_chat_design_preset
66.71,2.014926,2.001300,0.013626,0.000000,synthetic_chat_design_preset
66.72,2.012012,2.001600,0.010412,0.000000,synthetic_chat_design_preset
66.73,2.008934,2.001900,0.007034,0.000000,synthetic_chat_design_preset
66.74,2.005745,2.002200,0.003545,0.000000,synthetic_chat_design_preset
66.75,2.002500,2.002500,0.000000,0.000000,synthetic_chat_design_preset
66.76,1.999255,2.002800,-0.003545,0.000000,synthetic_chat_design_preset
66.77,1.996066,2.003100,-0.007034,0.000000,synthetic_chat_design_preset
66.78,1.992988,2.003400,-0.010412,0.000000,synthetic_chat_design_preset
66.79,1.990074,2.003700,-0.013626,0.000000,synthetic_chat_design_preset
66.80,1.987375,2.004000,-0.016625,0.000000,synthetic_chat_design_preset
66.81,1.984938,2.004300,-0.019362,0.000000,synthetic_chat_design_preset
66.82,1.982807,2.004600,-0.021793,0.000000,synthetic_chat_design_preset
66.83,1.981019,2.004900,-0.023881,0.000000,synthetic_chat_design_preset
66.84,1.979608,2.005200,-0.025592,0.000000,synthetic_chat_design_preset
66.85,1.978600,2.005500,-0.026900,0.000000,synthetic_chat_design_preset
66.86,1.978017,2.005800,-0.027783,0.000000,synthetic_chat_design_preset
66.87,1.977872,2.006100,-0.028228,0.000000,synthetic_chat_design_preset
66.88,1.978172,2.006400,-0.028228,0.000000,synthetic_chat_design_preset
66.89,1.978917,2.006700,-0.027783,0.000000,synthetic_chat_design_preset
66.90,1.980100,2.007000,-0.026900,0.000000,synthetic_chat_design_preset
66.91,1.981708,2.007300,-0.025592,0.000000,synthetic_chat_design_preset
66.92,1.983719,2.007600,-0.023881,0.000000,synthetic_chat_design_preset
66.93,1.986107,2.007900,-0.021793,0.000000,synthetic_chat_design_preset
66.94,1.988838,2.008200,-0.019362,0.000000,synthetic_chat_design_preset
66.95,1.991875,2.008500,-0.016625,0.000000,synthetic_chat_design_preset
66.96,1.995174,2.008800,-0.013626,0.000000,synthetic_chat_design_preset
66.97,1.998688,2.009100,-0.010412,0.000000,synthetic_chat_design_preset
66.98,2.002366,2.009400,-0.007034,0.000000,synthetic_chat_design_preset
66.99,2.006155,2.009700,-0.003545,0.000000,synthetic_chat_design_preset
67.00,2.010000,2.010000,-0.000000,0.000000,synthetic_chat_design_preset
67.01,2.013845,2.010300,0.003545,0.000000,synthetic_chat_design_preset
67.02,2.017634,2.010600,0.007034,0.000000,synthetic_chat_design_preset
67.03,2.021312,2.010900,0.010412,0.000000,synthetic_chat_design_preset
67.04,2.024826,2.011200,0.013626,0.000000,synthetic_chat_design_preset
67.05,2.028125,2.011500,0.016625,0.000000,synthetic_chat_design_preset
67.06,2.031162,2.011800,0.019362,0.000000,synthetic_chat_design_preset
67.07,2.033893,2.012100,0.021793,0.000000,synthetic_chat_design_preset
67.08,2.036281,2.012400,0.023881,0.000000,synthetic_chat_design_preset
67.09,2.038292,2.012700,0.025592,0.000000,synthetic_chat_design_preset
67.10,2.039900,2.013000,0.026900,0.000000,synthetic_chat_design_preset
67.11,2.041083,2.013300,0.027783,0.000000,synthetic_chat_design_preset
67.12,2.041828,2.013600,0.028228,0.000000,synthetic_chat_design_preset
67.13,2.042128,2.013900,0.028228,0.000000,synthetic_chat_design_preset
67.14,2.041983,2.014200,0.027783,0.000000,synthetic_chat_design_preset
67.15,2.041400,2.014500,0.026900,0.000000,synthetic_chat_design_preset
67.16,2.040392,2.014800,0.025592,0.000000,synthetic_chat_design_preset
67.17,2.038981,2.015100,0.023881,0.000000,synthetic_chat_design_preset
67.18,2.037193,2.015400,0.021793,0.000000,synthetic_chat_design_preset
67.19,2.035062,2.015700,0.019362,0.000000,synthetic_chat_design_preset
67.20,2.032625,2.016000,0.016625,0.000000,synthetic_chat_design_preset
67.21,2.029926,2.016300,0.013626,0.000000,synthetic_chat_design_preset
67.22,2.027012,2.016600,0.010412,0.000000,synthetic_chat_design_preset
67.23,2.023934,2.016900,0.007034,0.000000,synthetic_chat_design_preset
67.24,2.020745,2.017200,0.003545,0.000000,synthetic_chat_design_preset
67.25,2.017500,2.017500,0.000000,0.000000,synthetic_chat_design_preset
67.26,2.014255,2.017800,-0.003545,0.000000,synthetic_chat_design_preset
67.27,2.011066,2.018100,-0.007034,0.000000,synthetic_chat_design_preset
67.28,2.007988,2.018400,-0.010412,0.000000,synthetic_chat_design_preset
67.29,2.005074,2.018700,-0.013626,0.000000,synthetic_chat_design_preset
67.30,2.002375,2.019000,-0.016625,0.000000,synthetic_chat_design_preset
67.31,1.999938,2.019300,-0.019362,0.000000,synthetic_chat_design_preset
67.32,1.997807,2.019600,-0.021793,0.000000,synthetic_chat_design_preset
67.33,1.996019,2.019900,-0.023881,0.000000,synthetic_chat_design_preset
67.34,1.994608,2.020200,-0.025592,0.000000,synthetic_chat_design_preset
67.35,1.993600,2.020500,-0.026900,0.000000,synthetic_chat_design_preset
67.36,1.993017,2.020800,-0.027783,0.000000,synthetic_chat_design_preset
67.37,1.992872,2.021100,-0.028228,0.000000,synthetic_chat_design_preset
67.38,1.993172,2.021400,-0.028228,0.000000,synthetic_chat_design_preset
67.39,1.993917,2.021700,-0.027783,0.000000,synthetic_chat_design_preset
67.40,1.995100,2.022000,-0.026900,0.000000,synthetic_chat_design_preset
67.41,1.996708,2.022300,-0.025592,0.000000,synthetic_chat_design_preset
67.42,1.998719,2.022600,-0.023881,0.000000,synthetic_chat_design_preset
67.43,2.001107,2.022900,-0.021793,0.000000,synthetic_chat_design_preset
67.44,2.003838,2.023200,-0.019362,0.000000,synthetic_chat_design_preset
67.45,2.006875,2.023500,-0.016625,0.000000,synthetic_chat_design_preset
67.46,2.010174,2.023800,-0.013626,0.000000,synthetic_chat_design_preset
67.47,2.013688,2.024100,-0.010412,0.000000,synthetic_chat_design_preset
67.48,2.017366,2.024400,-0.007034,0.000000,synthetic_chat_design_preset
67.49,2.021155,2.024700,-0.003545,0.000000,synthetic_chat_design_preset
67.50,2.025000,2.025000,-0.000000,0.000000,synthetic_chat_design_preset
67.51,2.028845,2.025300,0.003545,0.000000,synthetic_chat_design_preset
67.52,2.032634,2.025600,0.007034,0.000000,synthetic_chat_design_preset
67.53,2.036312,2.025900,0.010412,0.000000,synthetic_chat_design_preset
67.54,2.039826,2.026200,0.013626,0.000000,synthetic_chat_design_preset
67.55,2.043125,2.026500,0.016625,0.000000,synthetic_chat_design_preset
67.56,2.046162,2.026800,0.019362,0.000000,synthetic_chat_design_preset
67.57,2.048893,2.027100,0.021793,0.000000,synthetic_chat_design_preset
67.58,2.051281,2.027400,0.023881,0.000000,synthetic_chat_design_preset
67.59,2.053292,2.027700,0.025592,0.000000,synthetic_chat_design_preset
67.60,2.054900,2.028000,0.026900,0.000000,synthetic_chat_design_preset
67.61,2.056083,2.028300,0.027783,0.000000,synthetic_chat_design_preset
67.62,2.056828,2.028600,0.028228,0.000000,synthetic_chat_design_preset
67.63,2.057128,2.028900,0.028228,0.000000,synthetic_chat_design_preset
67.64,2.056983,2.029200,0.027783,0.000000,synthetic_chat_design_preset
67.65,2.056400,2.029500,0.026900,0.000000,synthetic_chat_design_preset
67.66,2.055392,2.029800,0.025592,0.000000,synthetic_chat_design_preset
67.67,2.053981,2.030100,0.023881,0.000000,synthetic_chat_design_preset
67.68,2.052193,2.030400,0.021793,0.000000,synthetic_chat_design_preset
67.69,2.050062,2.030700,0.019362,0.000000,synthetic_chat_design_preset
67.70,2.047625,2.031000,0.016625,0.000000,synthetic_chat_design_preset
67.71,2.044926,2.031300,0.013626,0.000000,synthetic_chat_design_preset
67.72,2.042012,2.031600,0.010412,0.000000,synthetic_chat_design_preset
67.73,2.038934,2.031900,0.007034,0.000000,synthetic_chat_design_preset
67.74,2.035745,2.032200,0.003545,0.000000,synthetic_chat_design_preset
67.75,2.032500,2.032500,0.000000,0.000000,synthetic_chat_design_preset
67.76,2.029255,2.032800,-0.003545,0.000000,synthetic_chat_design_preset
67.77,2.026066,2.033100,-0.007034,0.000000,synthetic_chat_design_preset
67.78,2.022988,2.033400,-0.010412,0.000000,synthetic_chat_design_preset
67.79,2.020074,2.033700,-0.013626,0.000000,synthetic_chat_design_preset
67.80,2.017375,2.034000,-0.016625,0.000000,synthetic_chat_design_preset
67.81,2.014938,2.034300,-0.019362,0.000000,synthetic_chat_design_preset
67.82,2.012807,2.034600,-0.021793,0.000000,synthetic_chat_design_preset
67.83,2.011019,2.034900,-0.023881,0.000000,synthetic_chat_design_preset
67.84,2.009608,2.035200,-0.025592,0.000000,synthetic_chat_design_preset
67.85,2.008600,2.035500,-0.026900,0.000000,synthetic_chat_design_preset
67.86,2.008017,2.035800,-0.027783,0.000000,synthetic_chat_design_preset
67.87,2.007872,2.036100,-0.028228,0.000000,synthetic_chat_design_preset
67.88,2.008172,2.036400,-0.028228,0.000000,synthetic_chat_design_preset
67.89,2.008917,2.036700,-0.027783,0.000000,synthetic_chat_design_preset
67.90,2.010100,2.037000,-0.026900,0.000000,synthetic_chat_design_preset
67.91,2.011708,2.037300,-0.025592,0.000000,synthetic_chat_design_preset
67.92,2.013719,2.037600,-0.023881,0.000000,synthetic_chat_design_preset
67.93,2.016107,2.037900,-0.021793,0.000000,synthetic_chat_design_preset
67.94,2.018838,2.038200,-0.019362,0.000000,synthetic_chat_design_preset
67.95,2.021875,2.038500,-0.016625,0.000000,synthetic_chat_design_preset
67.96,2.025174,2.038800,-0.013626,0.000000,synthetic_chat_design_preset
67.97,2.028688,2.039100,-0.010412,0.000000,synthetic_chat_design_preset
67.98,2.032366,2.039400,-0.007034,0.000000,synthetic_chat_design_preset
67.99,2.036155,2.039700,-0.003545,0.000000,synthetic_chat_design_preset
68.00,2.040000,2.040000,0.000000,0.000000,synthetic_chat_design_preset
68.01,2.043845,2.040300,0.003545,0.000000,synthetic_chat_design_preset
68.02,2.047634,2.040600,0.007034,0.000000,synthetic_chat_design_preset
68.03,2.051312,2.040900,0.010412,0.000000,synthetic_chat_design_preset
68.04,2.054826,2.041200,0.013626,0.000000,synthetic_chat_design_preset
68.05,2.058125,2.041500,0.016625,0.000000,synthetic_chat_design_preset
68.06,2.061162,2.041800,0.019362,0.000000,synthetic_chat_design_preset
68.07,2.063893,2.042100,0.021793,0.000000,synthetic_chat_design_preset
68.08,2.066281,2.042400,0.023881,0.000000,synthetic_chat_design_preset
68.09,2.068292,2.042700,0.025592,0.000000,synthetic_chat_design_preset
68.10,2.069900,2.043000,0.026900,0.000000,synthetic_chat_design_preset
68.11,2.071083,2.043300,0.027783,0.000000,synthetic_chat_design_preset
68.12,2.071828,2.043600,0.028228,0.000000,synthetic_chat_design_preset
68.13,2.072128,2.043900,0.028228,0.000000,synthetic_chat_design_preset
68.14,2.071983,2.044200,0.027783,0.000000,synthetic_chat_design_preset
68.15,2.071400,2.044500,0.026900,0.000000,synthetic_chat_design_preset
68.16,2.070392,2.044800,0.025592,0.000000,synthetic_chat_design_preset
68.17,2.068981,2.045100,0.023881,0.000000,synthetic_chat_design_preset
68.18,2.067193,2.045400,0.021793,0.000000,synthetic_chat_design_preset
68.19,2.065062,2.045700,0.019362,0.000000,synthetic_chat_design_preset
68.20,2.062625,2.046000,0.016625,0.000000,synthetic_chat_design_preset
68.21,2.059926,2.046300,0.013626,0.000000,synthetic_chat_design_preset
68.22,2.057012,2.046600,0.010412,0.000000,synthetic_chat_design_preset
68.23,2.053934,2.046900,0.007034,0.000000,synthetic_chat_design_preset
68.24,2.050745,2.047200,0.003545,0.000000,synthetic_chat_design_preset
68.25,2.047500,2.047500,-0.000000,0.000000,synthetic_chat_design_preset
68.26,2.044255,2.047800,-0.003545,0.000000,synthetic_chat_design_preset
68.27,2.041066,2.048100,-0.007034,0.000000,synthetic_chat_design_preset
68.28,2.037988,2.048400,-0.010412,0.000000,synthetic_chat_design_preset
68.29,2.035074,2.048700,-0.013626,0.000000,synthetic_chat_design_preset
68.30,2.032375,2.049000,-0.016625,0.000000,synthetic_chat_design_preset
68.31,2.029938,2.049300,-0.019362,0.000000,synthetic_chat_design_preset
68.32,2.027807,2.049600,-0.021793,0.000000,synthetic_chat_design_preset
68.33,2.026019,2.049900,-0.023881,0.000000,synthetic_chat_design_preset
68.34,2.024608,2.050200,-0.025592,0.000000,synthetic_chat_design_preset
68.35,2.023600,2.050500,-0.026900,0.000000,synthetic_chat_design_preset
68.36,2.023017,2.050800,-0.027783,0.000000,synthetic_chat_design_preset
68.37,2.022872,2.051100,-0.028228,0.000000,synthetic_chat_design_preset
68.38,2.023172,2.051400,-0.028228,0.000000,synthetic_chat_design_preset
68.39,2.023917,2.051700,-0.027783,0.000000,synthetic_chat_design_preset
68.40,2.025100,2.052000,-0.026900,0.000000,synthetic_chat_design_preset
68.41,2.026708,2.052300,-0.025592,0.000000,synthetic_chat_design_preset
68.42,2.028719,2.052600,-0.023881,0.000000,synthetic_chat_design_preset
68.43,2.031107,2.052900,-0.021793,0.000000,synthetic_chat_design_preset
68.44,2.033838,2.053200,-0.019362,0.000000,synthetic_chat_design_preset
68.45,2.036875,2.053500,-0.016625,0.000000,synthetic_chat_design_preset
68.46,2.040174,2.053800,-0.013626,0.000000,synthetic_chat_design_preset
68.47,2.043688,2.054100,-0.010412,0.000000,synthetic_chat_design_preset
68.48,2.047366,2.054400,-0.007034,0.000000,synthetic_chat_design_preset
68.49,2.051155,2.054700,-0.003545,0.000000,synthetic_chat_design_preset
68.50,2.055000,2.055000,0.000000,0.000000,synthetic_chat_design_preset
68.51,2.058845,2.055300,0.003545,0.000000,synthetic_chat_design_preset
68.52,2.062634,2.055600,0.007034,0.000000,synthetic_chat_design_preset
68.53,2.066312,2.055900,0.010412,0.000000,synthetic_chat_design_preset
68.54,2.069826,2.056200,0.013626,0.000000,synthetic_chat_design_preset
68.55,2.073125,2.056500,0.016625,0.000000,synthetic_chat_design_preset
68.56,2.076162,2.056800,0.019362,0.000000,synthetic_chat_design_preset
68.57,2.078893,2.057100,0.021793,0.000000,synthetic_chat_design_preset
68.58,2.081281,2.057400,0.023881,0.000000,synthetic_chat_design_preset
68.59,2.083292,2.057700,0.025592,0.000000,synthetic_chat_design_preset
68.60,2.084900,2.058000,0.026900,0.000000,synthetic_chat_design_preset
68.61,2.086083,2.058300,0.027783,0.000000,synthetic_chat_design_preset
68.62,2.086828,2.058600,0.028228,0.000000,synthetic_chat_design_preset
68.63,2.087128,2.058900,0.028228,0.000000,synthetic_chat_design_preset
68.64,2.086983,2.059200,0.027783,0.000000,synthetic_chat_design_preset
68.65,2.086400,2.059500,0.026900,0.000000,synthetic_chat_design_preset
68.66,2.085392,2.059800,0.025592,0.000000,synthetic_chat_design_preset
68.67,2.083981,2.060100,0.023881,0.000000,synthetic_chat_design_preset
68.68,2.082193,2.060400,0.021793,0.000000,synthetic_chat_design_preset
68.69,2.080062,2.060700,0.019362,0.000000,synthetic_chat_design_preset
68.70,2.077625,2.061000,0.016625,0.000000,synthetic_chat_design_preset
68.71,2.074926,2.061300,0.013626,0.000000,synthetic_chat_design_preset
68.72,2.072012,2.061600,0.010412,0.000000,synthetic_chat_design_preset
68.73,2.068934,2.061900,0.007034,0.000000,synthetic_chat_design_preset
68.74,2.065745,2.062200,0.003545,0.000000,synthetic_chat_design_preset
68.75,2.062500,2.062500,0.000000,0.000000,synthetic_chat_design_preset
68.76,2.059255,2.062800,-0.003545,0.000000,synthetic_chat_design_preset
68.77,2.056066,2.063100,-0.007034,0.000000,synthetic_chat_design_preset
68.78,2.052988,2.063400,-0.010412,0.000000,synthetic_chat_design_preset
68.79,2.050074,2.063700,-0.013626,0.000000,synthetic_chat_design_preset
68.80,2.047375,2.064000,-0.016625,0.000000,synthetic_chat_design_preset
68.81,2.044938,2.064300,-0.019362,0.000000,synthetic_chat_design_preset
68.82,2.042807,2.064600,-0.021793,0.000000,synthetic_chat_design_preset
68.83,2.041019,2.064900,-0.023881,0.000000,synthetic_chat_design_preset
68.84,2.039608,2.065200,-0.025592,0.000000,synthetic_chat_design_preset
68.85,2.038600,2.065500,-0.026900,0.000000,synthetic_chat_design_preset
68.86,2.038017,2.065800,-0.027783,0.000000,synthetic_chat_design_preset
68.87,2.037872,2.066100,-0.028228,0.000000,synthetic_chat_design_preset
68.88,2.038172,2.066400,-0.028228,0.000000,synthetic_chat_design_preset
68.89,2.038917,2.066700,-0.027783,0.000000,synthetic_chat_design_preset
68.90,2.040100,2.067000,-0.026900,0.000000,synthetic_chat_design_preset
68.91,2.041708,2.067300,-0.025592,0.000000,synthetic_chat_design_preset
68.92,2.043719,2.067600,-0.023881,0.000000,synthetic_chat_design_preset
68.93,2.046107,2.067900,-0.021793,0.000000,synthetic_chat_design_preset
68.94,2.048838,2.068200,-0.019362,0.000000,synthetic_chat_design_preset
68.95,2.051875,2.068500,-0.016625,0.000000,synthetic_chat_design_preset
68.96,2.055174,2.068800,-0.013626,0.000000,synthetic_chat_design_preset
68.97,2.058688,2.069100,-0.010412,0.000000,synthetic_chat_design_preset
68.98,2.062366,2.069400,-0.007034,0.000000,synthetic_chat_design_preset
68.99,2.066155,2.069700,-0.003545,0.000000,synthetic_chat_design_preset
69.00,2.070000,2.070000,-0.000000,0.000000,synthetic_chat_design_preset
69.01,2.073845,2.070300,0.003545,0.000000,synthetic_chat_design_preset
69.02,2.077634,2.070600,0.007034,0.000000,synthetic_chat_design_preset
69.03,2.081312,2.070900,0.010412,0.000000,synthetic_chat_design_preset
69.04,2.084826,2.071200,0.013626,0.000000,synthetic_chat_design_preset
69.05,2.088125,2.071500,0.016625,0.000000,synthetic_chat_design_preset
69.06,2.091162,2.071800,0.019362,0.000000,synthetic_chat_design_preset
69.07,2.093893,2.072100,0.021793,0.000000,synthetic_chat_design_preset
69.08,2.096281,2.072400,0.023881,0.000000,synthetic_chat_design_preset
69.09,2.098292,2.072700,0.025592,0.000000,synthetic_chat_design_preset
69.10,2.099900,2.073000,0.026900,0.000000,synthetic_chat_design_preset
69.11,2.101083,2.073300,0.027783,0.000000,synthetic_chat_design_preset
69.12,2.101828,2.073600,0.028228,0.000000,synthetic_chat_design_preset
69.13,2.102128,2.073900,0.028228,0.000000,synthetic_chat_design_preset
69.14,2.101983,2.074200,0.027783,0.000000,synthetic_chat_design_preset
69.15,2.101400,2.074500,0.026900,0.000000,synthetic_chat_design_preset
69.16,2.100392,2.074800,0.025592,0.000000,synthetic_chat_design_preset
69.17,2.098981,2.075100,0.023881,0.000000,synthetic_chat_design_preset
69.18,2.097193,2.075400,0.021793,0.000000,synthetic_chat_design_preset
69.19,2.095062,2.075700,0.019362,0.000000,synthetic_chat_design_preset
69.20,2.092625,2.076000,0.016625,0.000000,synthetic_chat_design_preset
69.21,2.089926,2.076300,0.013626,0.000000,synthetic_chat_design_preset
69.22,2.087012,2.076600,0.010412,0.000000,synthetic_chat_design_preset
69.23,2.083934,2.076900,0.007034,0.000000,synthetic_chat_design_preset
69.24,2.080745,2.077200,0.003545,0.000000,synthetic_chat_design_preset
69.25,2.077500,2.077500,0.000000,0.000000,synthetic_chat_design_preset
69.26,2.074255,2.077800,-0.003545,0.000000,synthetic_chat_design_preset
69.27,2.071066,2.078100,-0.007034,0.000000,synthetic_chat_design_preset
69.28,2.067988,2.078400,-0.010412,0.000000,synthetic_chat_design_preset
69.29,2.065074,2.078700,-0.013626,0.000000,synthetic_chat_design_preset
69.30,2.062375,2.079000,-0.016625,0.000000,synthetic_chat_design_preset
69.31,2.059938,2.079300,-0.019362,0.000000,synthetic_chat_design_preset
69.32,2.057807,2.079600,-0.021793,0.000000,synthetic_chat_design_preset
69.33,2.056019,2.079900,-0.023881,0.000000,synthetic_chat_design_preset
69.34,2.054608,2.080200,-0.025592,0.000000,synthetic_chat_design_preset
69.35,2.053600,2.080500,-0.026900,0.000000,synthetic_chat_design_preset
69.36,2.053017,2.080800,-0.027783,0.000000,synthetic_chat_design_preset
69.37,2.052872,2.081100,-0.028228,0.000000,synthetic_chat_design_preset
69.38,2.053172,2.081400,-0.028228,0.000000,synthetic_chat_design_preset
69.39,2.053917,2.081700,-0.027783,0.000000,synthetic_chat_design_preset
69.40,2.055100,2.082000,-0.026900,0.000000,synthetic_chat_design_preset
69.41,2.056708,2.082300,-0.025592,0.000000,synthetic_chat_design_preset
69.42,2.058719,2.082600,-0.023881,0.000000,synthetic_chat_design_preset
69.43,2.061107,2.082900,-0.021793,0.000000,synthetic_chat_design_preset
69.44,2.063838,2.083200,-0.019362,0.000000,synthetic_chat_design_preset
69.45,2.066875,2.083500,-0.016625,0.000000,synthetic_chat_design_preset
69.46,2.070174,2.083800,-0.013626,0.000000,synthetic_chat_design_preset
69.47,2.073688,2.084100,-0.010412,0.000000,synthetic_chat_design_preset
69.48,2.077366,2.084400,-0.007034,0.000000,synthetic_chat_design_preset
69.49,2.081155,2.084700,-0.003545,0.000000,synthetic_chat_design_preset
69.50,2.085000,2.085000,-0.000000,0.000000,synthetic_chat_design_preset
69.51,2.088845,2.085300,0.003545,0.000000,synthetic_chat_design_preset
69.52,2.092634,2.085600,0.007034,0.000000,synthetic_chat_design_preset
69.53,2.096312,2.085900,0.010412,0.000000,synthetic_chat_design_preset
69.54,2.099826,2.086200,0.013626,0.000000,synthetic_chat_design_preset
69.55,2.103125,2.086500,0.016625,0.000000,synthetic_chat_design_preset
69.56,2.106162,2.086800,0.019362,0.000000,synthetic_chat_design_preset
69.57,2.108893,2.087100,0.021793,0.000000,synthetic_chat_design_preset
69.58,2.111281,2.087400,0.023881,0.000000,synthetic_chat_design_preset
69.59,2.113292,2.087700,0.025592,0.000000,synthetic_chat_design_preset
69.60,2.114900,2.088000,0.026900,0.000000,synthetic_chat_design_preset
69.61,2.116083,2.088300,0.027783,0.000000,synthetic_chat_design_preset
69.62,2.116828,2.088600,0.028228,0.000000,synthetic_chat_design_preset
69.63,2.117128,2.088900,0.028228,0.000000,synthetic_chat_design_preset
69.64,2.116983,2.089200,0.027783,0.000000,synthetic_chat_design_preset
69.65,2.116400,2.089500,0.026900,0.000000,synthetic_chat_design_preset
69.66,2.115392,2.089800,0.025592,0.000000,synthetic_chat_design_preset
69.67,2.113981,2.090100,0.023881,0.000000,synthetic_chat_design_preset
69.68,2.112193,2.090400,0.021793,0.000000,synthetic_chat_design_preset
69.69,2.110062,2.090700,0.019362,0.000000,synthetic_chat_design_preset
69.70,2.107625,2.091000,0.016625,0.000000,synthetic_chat_design_preset
69.71,2.104926,2.091300,0.013626,0.000000,synthetic_chat_design_preset
69.72,2.102012,2.091600,0.010412,0.000000,synthetic_chat_design_preset
69.73,2.098934,2.091900,0.007034,0.000000,synthetic_chat_design_preset
69.74,2.095745,2.092200,0.003545,0.000000,synthetic_chat_design_preset
69.75,2.092500,2.092500,0.000000,0.000000,synthetic_chat_design_preset
69.76,2.089255,2.092800,-0.003545,0.000000,synthetic_chat_design_preset
69.77,2.086066,2.093100,-0.007034,0.000000,synthetic_chat_design_preset
69.78,2.082988,2.093400,-0.010412,0.000000,synthetic_chat_design_preset
69.79,2.080074,2.093700,-0.013626,0.000000,synthetic_chat_design_preset
69.80,2.077375,2.094000,-0.016625,0.000000,synthetic_chat_design_preset
69.81,2.074938,2.094300,-0.019362,0.000000,synthetic_chat_design_preset
69.82,2.072807,2.094600,-0.021793,0.000000,synthetic_chat_design_preset
69.83,2.071019,2.094900,-0.023881,0.000000,synthetic_chat_design_preset
69.84,2.069608,2.095200,-0.025592,0.000000,synthetic_chat_design_preset
69.85,2.068600,2.095500,-0.026900,0.000000,synthetic_chat_design_preset
69.86,2.068017,2.095800,-0.027783,0.000000,synthetic_chat_design_preset
69.87,2.067872,2.096100,-0.028228,0.000000,synthetic_chat_design_preset
69.88,2.068172,2.096400,-0.028228,0.000000,synthetic_chat_design_preset
69.89,2.068917,2.096700,-0.027783,0.000000,synthetic_chat_design_preset
69.90,2.070100,2.097000,-0.026900,0.000000,synthetic_chat_design_preset
69.91,2.071708,2.097300,-0.025592,0.000000,synthetic_chat_design_preset
69.92,2.073719,2.097600,-0.023881,0.000000,synthetic_chat_design_preset
69.93,2.076107,2.097900,-0.021793,0.000000,synthetic_chat_design_preset
69.94,2.078838,2.098200,-0.019362,0.000000,synthetic_chat_design_preset
69.95,2.081875,2.098500,-0.016625,0.000000,synthetic_chat_design_preset
69.96,2.085174,2.098800,-0.013626,0.000000,synthetic_chat_design_preset
69.97,2.088688,2.099100,-0.010412,0.000000,synthetic_chat_design_preset
69.98,2.092366,2.099400,-0.007034,0.000000,synthetic_chat_design_preset
69.99,2.096155,2.099700,-0.003545,0.000000,synthetic_chat_design_preset
70.00,2.100000,2.100000,-0.000000,0.000000,synthetic_chat_design_preset
70.01,2.103845,2.100300,0.003545,0.000000,synthetic_chat_design_preset
70.02,2.107634,2.100600,0.007034,0.000000,synthetic_chat_design_preset
70.03,2.111312,2.100900,0.010412,0.000000,synthetic_chat_design_preset
70.04,2.114826,2.101200,0.013626,0.000000,synthetic_chat_design_preset
70.05,2.118125,2.101500,0.016625,0.000000,synthetic_chat_design_preset
70.06,2.121162,2.101800,0.019362,0.000000,synthetic_chat_design_preset
70.07,2.123893,2.102100,0.021793,0.000000,synthetic_chat_design_preset
70.08,2.126281,2.102400,0.023881,0.000000,synthetic_chat_design_preset
70.09,2.128292,2.102700,0.025592,0.000000,synthetic_chat_design_preset
70.10,2.129900,2.103000,0.026900,0.000000,synthetic_chat_design_preset
70.11,2.131083,2.103300,0.027783,0.000000,synthetic_chat_design_preset
70.12,2.131828,2.103600,0.028228,0.000000,synthetic_chat_design_preset
70.13,2.132128,2.103900,0.028228,0.000000,synthetic_chat_design_preset
70.14,2.131983,2.104200,0.027783,0.000000,synthetic_chat_design_preset
70.15,2.131400,2.104500,0.026900,0.000000,synthetic_chat_design_preset
70.16,2.130392,2.104800,0.025592,0.000000,synthetic_chat_design_preset
70.17,2.128981,2.105100,0.023881,0.000000,synthetic_chat_design_preset
70.18,2.127193,2.105400,0.021793,0.000000,synthetic_chat_design_preset
70.19,2.125062,2.105700,0.019362,0.000000,synthetic_chat_design_preset
70.20,2.122625,2.106000,0.016625,0.000000,synthetic_chat_design_preset
70.21,2.119926,2.106300,0.013626,0.000000,synthetic_chat_design_preset
70.22,2.117012,2.106600,0.010412,0.000000,synthetic_chat_design_preset
70.23,2.113934,2.106900,0.007034,0.000000,synthetic_chat_design_preset
70.24,2.110745,2.107200,0.003545,0.000000,synthetic_chat_design_preset
70.25,2.107500,2.107500,0.000000,0.000000,synthetic_chat_design_preset
70.26,2.104255,2.107800,-0.003545,0.000000,synthetic_chat_design_preset
70.27,2.101066,2.108100,-0.007034,0.000000,synthetic_chat_design_preset
70.28,2.097988,2.108400,-0.010412,0.000000,synthetic_chat_design_preset
70.29,2.095074,2.108700,-0.013626,0.000000,synthetic_chat_design_preset
70.30,2.092375,2.109000,-0.016625,0.000000,synthetic_chat_design_preset
70.31,2.089938,2.109300,-0.019362,0.000000,synthetic_chat_design_preset
70.32,2.087807,2.109600,-0.021793,0.000000,synthetic_chat_design_preset
70.33,2.086019,2.109900,-0.023881,0.000000,synthetic_chat_design_preset
70.34,2.084608,2.110200,-0.025592,0.000000,synthetic_chat_design_preset
70.35,2.083600,2.110500,-0.026900,0.000000,synthetic_chat_design_preset
70.36,2.083017,2.110800,-0.027783,0.000000,synthetic_chat_design_preset
70.37,2.082872,2.111100,-0.028228,0.000000,synthetic_chat_design_preset
70.38,2.083172,2.111400,-0.028228,0.000000,synthetic_chat_design_preset
70.39,2.083917,2.111700,-0.027783,0.000000,synthetic_chat_design_preset
70.40,2.085100,2.112000,-0.026900,0.000000,synthetic_chat_design_preset
70.41,2.086708,2.112300,-0.025592,0.000000,synthetic_chat_design_preset
70.42,2.088719,2.112600,-0.023881,0.000000,synthetic_chat_design_preset
70.43,2.091107,2.112900,-0.021793,0.000000,synthetic_chat_design_preset
70.44,2.093838,2.113200,-0.019362,0.000000,synthetic_chat_design_preset
70.45,2.096875,2.113500,-0.016625,0.000000,synthetic_chat_design_preset
70.46,2.100174,2.113800,-0.013626,0.000000,synthetic_chat_design_preset
70.47,2.103688,2.114100,-0.010412,0.000000,synthetic_chat_design_preset
70.48,2.107366,2.114400,-0.007034,0.000000,synthetic_chat_design_preset
70.49,2.111155,2.114700,-0.003545,0.000000,synthetic_chat_design_preset
70.50,2.115000,2.115000,-0.000000,0.000000,synthetic_chat_design_preset
70.51,2.118845,2.115300,0.003545,0.000000,synthetic_chat_design_preset
70.52,2.122634,2.115600,0.007034,0.000000,synthetic_chat_design_preset
70.53,2.126312,2.115900,0.010412,0.000000,synthetic_chat_design_preset
70.54,2.129826,2.116200,0.013626,0.000000,synthetic_chat_design_preset
70.55,2.133125,2.116500,0.016625,0.000000,synthetic_chat_design_preset
70.56,2.136162,2.116800,0.019362,0.000000,synthetic_chat_design_preset
70.57,2.138893,2.117100,0.021793,0.000000,synthetic_chat_design_preset
70.58,2.141281,2.117400,0.023881,0.000000,synthetic_chat_design_preset
70.59,2.143292,2.117700,0.025592,0.000000,synthetic_chat_design_preset
70.60,2.144900,2.118000,0.026900,0.000000,synthetic_chat_design_preset
70.61,2.146083,2.118300,0.027783,0.000000,synthetic_chat_design_preset
70.62,2.146828,2.118600,0.028228,0.000000,synthetic_chat_design_preset
70.63,2.147128,2.118900,0.028228,0.000000,synthetic_chat_design_preset
70.64,2.146983,2.119200,0.027783,0.000000,synthetic_chat_design_preset
70.65,2.146400,2.119500,0.026900,0.000000,synthetic_chat_design_preset
70.66,2.145392,2.119800,0.025592,0.000000,synthetic_chat_design_preset
70.67,2.143981,2.120100,0.023881,0.000000,synthetic_chat_design_preset
70.68,2.142193,2.120400,0.021793,0.000000,synthetic_chat_design_preset
70.69,2.140062,2.120700,0.019362,0.000000,synthetic_chat_design_preset
70.70,2.137625,2.121000,0.016625,0.000000,synthetic_chat_design_preset
70.71,2.134926,2.121300,0.013626,0.000000,synthetic_chat_design_preset
70.72,2.132012,2.121600,0.010412,0.000000,synthetic_chat_design_preset
70.73,2.128934,2.121900,0.007034,0.000000,synthetic_chat_design_preset
70.74,2.125745,2.122200,0.003545,0.000000,synthetic_chat_design_preset
70.75,2.122500,2.122500,-0.000000,0.000000,synthetic_chat_design_preset
70.76,2.119255,2.122800,-0.003545,0.000000,synthetic_chat_design_preset
70.77,2.116066,2.123100,-0.007034,0.000000,synthetic_chat_design_preset
70.78,2.112988,2.123400,-0.010412,0.000000,synthetic_chat_design_preset
70.79,2.110074,2.123700,-0.013626,0.000000,synthetic_chat_design_preset
70.80,2.107375,2.124000,-0.016625,0.000000,synthetic_chat_design_preset
70.81,2.104938,2.124300,-0.019362,0.000000,synthetic_chat_design_preset
70.82,2.102807,2.124600,-0.021793,0.000000,synthetic_chat_design_preset
70.83,2.101019,2.124900,-0.023881,0.000000,synthetic_chat_design_preset
70.84,2.099608,2.125200,-0.025592,0.000000,synthetic_chat_design_preset
70.85,2.098600,2.125500,-0.026900,0.000000,synthetic_chat_design_preset
70.86,2.098017,2.125800,-0.027783,0.000000,synthetic_chat_design_preset
70.87,2.097872,2.126100,-0.028228,0.000000,synthetic_chat_design_preset
70.88,2.098172,2.126400,-0.028228,0.000000,synthetic_chat_design_preset
70.89,2.098917,2.126700,-0.027783,0.000000,synthetic_chat_design_preset
70.90,2.100100,2.127000,-0.026900,0.000000,synthetic_chat_design_preset
70.91,2.101708,2.127300,-0.025592,0.000000,synthetic_chat_design_preset
70.92,2.103719,2.127600,-0.023881,0.000000,synthetic_chat_design_preset
70.93,2.106107,2.127900,-0.021793,0.000000,synthetic_chat_design_preset
70.94,2.108838,2.128200,-0.019362,0.000000,synthetic_chat_design_preset
70.95,2.111875,2.128500,-0.016625,0.000000,synthetic_chat_design_preset
70.96,2.115174,2.128800,-0.013626,0.000000,synthetic_chat_design_preset
70.97,2.118688,2.129100,-0.010412,0.000000,synthetic_chat_design_preset
70.98,2.122366,2.129400,-0.007034,0.000000,synthetic_chat_design_preset
70.99,2.126155,2.129700,-0.003545,0.000000,synthetic_chat_design_preset
71.00,2.130000,2.130000,0.000000,0.000000,synthetic_chat_design_preset
71.01,2.133845,2.130300,0.003545,0.000000,synthetic_chat_design_preset
71.02,2.137634,2.130600,0.007034,0.000000,synthetic_chat_design_preset
71.03,2.141312,2.130900,0.010412,0.000000,synthetic_chat_design_preset
71.04,2.144826,2.131200,0.013626,0.000000,synthetic_chat_design_preset
71.05,2.148125,2.131500,0.016625,0.000000,synthetic_chat_design_preset
71.06,2.151162,2.131800,0.019362,0.000000,synthetic_chat_design_preset
71.07,2.153893,2.132100,0.021793,0.000000,synthetic_chat_design_preset
71.08,2.156281,2.132400,0.023881,0.000000,synthetic_chat_design_preset
71.09,2.158292,2.132700,0.025592,0.000000,synthetic_chat_design_preset
71.10,2.159900,2.133000,0.026900,0.000000,synthetic_chat_design_preset
71.11,2.161083,2.133300,0.027783,0.000000,synthetic_chat_design_preset
71.12,2.161828,2.133600,0.028228,0.000000,synthetic_chat_design_preset
71.13,2.162128,2.133900,0.028228,0.000000,synthetic_chat_design_preset
71.14,2.161983,2.134200,0.027783,0.000000,synthetic_chat_design_preset
71.15,2.161400,2.134500,0.026900,0.000000,synthetic_chat_design_preset
71.16,2.160392,2.134800,0.025592,0.000000,synthetic_chat_design_preset
71.17,2.158981,2.135100,0.023881,0.000000,synthetic_chat_design_preset
71.18,2.157193,2.135400,0.021793,0.000000,synthetic_chat_design_preset
71.19,2.155062,2.135700,0.019362,0.000000,synthetic_chat_design_preset
71.20,2.152625,2.136000,0.016625,0.000000,synthetic_chat_design_preset
71.21,2.149926,2.136300,0.013626,0.000000,synthetic_chat_design_preset
71.22,2.147012,2.136600,0.010412,0.000000,synthetic_chat_design_preset
71.23,2.143934,2.136900,0.007034,0.000000,synthetic_chat_design_preset
71.24,2.140745,2.137200,0.003545,0.000000,synthetic_chat_design_preset
71.25,2.137500,2.137500,0.000000,0.000000,synthetic_chat_design_preset
71.26,2.134255,2.137800,-0.003545,0.000000,synthetic_chat_design_preset
71.27,2.131066,2.138100,-0.007034,0.000000,synthetic_chat_design_preset
71.28,2.127988,2.138400,-0.010412,0.000000,synthetic_chat_design_preset
71.29,2.125074,2.138700,-0.013626,0.000000,synthetic_chat_design_preset
71.30,2.122375,2.139000,-0.016625,0.000000,synthetic_chat_design_preset
71.31,2.119938,2.139300,-0.019362,0.000000,synthetic_chat_design_preset
71.32,2.117807,2.139600,-0.021793,0.000000,synthetic_chat_design_preset
71.33,2.116019,2.139900,-0.023881,0.000000,synthetic_chat_design_preset
71.34,2.114608,2.140200,-0.025592,0.000000,synthetic_chat_design_preset
71.35,2.113600,2.140500,-0.026900,0.000000,synthetic_chat_design_preset
71.36,2.113017,2.140800,-0.027783,0.000000,synthetic_chat_design_preset
71.37,2.112872,2.141100,-0.028228,0.000000,synthetic_chat_design_preset
71.38,2.113172,2.141400,-0.028228,0.000000,synthetic_chat_design_preset
71.39,2.113917,2.141700,-0.027783,0.000000,synthetic_chat_design_preset
71.40,2.115100,2.142000,-0.026900,0.000000,synthetic_chat_design_preset
71.41,2.116708,2.142300,-0.025592,0.000000,synthetic_chat_design_preset
71.42,2.118719,2.142600,-0.023881,0.000000,synthetic_chat_design_preset
71.43,2.121107,2.142900,-0.021793,0.000000,synthetic_chat_design_preset
71.44,2.123838,2.143200,-0.019362,0.000000,synthetic_chat_design_preset
71.45,2.126875,2.143500,-0.016625,0.000000,synthetic_chat_design_preset
71.46,2.130174,2.143800,-0.013626,0.000000,synthetic_chat_design_preset
71.47,2.133688,2.144100,-0.010412,0.000000,synthetic_chat_design_preset
71.48,2.137366,2.144400,-0.007034,0.000000,synthetic_chat_design_preset
71.49,2.141155,2.144700,-0.003545,0.000000,synthetic_chat_design_preset
71.50,2.145000,2.145000,-0.000000,0.000000,synthetic_chat_design_preset
71.51,2.148845,2.145300,0.003545,0.000000,synthetic_chat_design_preset
71.52,2.152634,2.145600,0.007034,0.000000,synthetic_chat_design_preset
71.53,2.156312,2.145900,0.010412,0.000000,synthetic_chat_design_preset
71.54,2.159826,2.146200,0.013626,0.000000,synthetic_chat_design_preset
71.55,2.163125,2.146500,0.016625,0.000000,synthetic_chat_design_preset
71.56,2.166162,2.146800,0.019362,0.000000,synthetic_chat_design_preset
71.57,2.168893,2.147100,0.021793,0.000000,synthetic_chat_design_preset
71.58,2.171281,2.147400,0.023881,0.000000,synthetic_chat_design_preset
71.59,2.173292,2.147700,0.025592,0.000000,synthetic_chat_design_preset
71.60,2.174900,2.148000,0.026900,0.000000,synthetic_chat_design_preset
71.61,2.176083,2.148300,0.027783,0.000000,synthetic_chat_design_preset
71.62,2.176828,2.148600,0.028228,0.000000,synthetic_chat_design_preset
71.63,2.177128,2.148900,0.028228,0.000000,synthetic_chat_design_preset
71.64,2.176983,2.149200,0.027783,0.000000,synthetic_chat_design_preset
71.65,2.176400,2.149500,0.026900,0.000000,synthetic_chat_design_preset
71.66,2.175392,2.149800,0.025592,0.000000,synthetic_chat_design_preset
71.67,2.173981,2.150100,0.023881,0.000000,synthetic_chat_design_preset
71.68,2.172193,2.150400,0.021793,0.000000,synthetic_chat_design_preset
71.69,2.170062,2.150700,0.019362,0.000000,synthetic_chat_design_preset
71.70,2.167625,2.151000,0.016625,0.000000,synthetic_chat_design_preset
71.71,2.164926,2.151300,0.013626,0.000000,synthetic_chat_design_preset
71.72,2.162012,2.151600,0.010412,0.000000,synthetic_chat_design_preset
71.73,2.158934,2.151900,0.007034,0.000000,synthetic_chat_design_preset
71.74,2.155745,2.152200,0.003545,0.000000,synthetic_chat_design_preset
71.75,2.152500,2.152500,0.000000,0.000000,synthetic_chat_design_preset
71.76,2.149255,2.152800,-0.003545,0.000000,synthetic_chat_design_preset
71.77,2.146066,2.153100,-0.007034,0.000000,synthetic_chat_design_preset
71.78,2.142988,2.153400,-0.010412,0.000000,synthetic_chat_design_preset
71.79,2.140074,2.153700,-0.013626,0.000000,synthetic_chat_design_preset
71.80,2.137375,2.154000,-0.016625,0.000000,synthetic_chat_design_preset
71.81,2.134938,2.154300,-0.019362,0.000000,synthetic_chat_design_preset
71.82,2.132807,2.154600,-0.021793,0.000000,synthetic_chat_design_preset
71.83,2.131019,2.154900,-0.023881,0.000000,synthetic_chat_design_preset
71.84,2.129608,2.155200,-0.025592,0.000000,synthetic_chat_design_preset
71.85,2.128600,2.155500,-0.026900,0.000000,synthetic_chat_design_preset
71.86,2.128017,2.155800,-0.027783,0.000000,synthetic_chat_design_preset
71.87,2.127872,2.156100,-0.028228,0.000000,synthetic_chat_design_preset
71.88,2.128172,2.156400,-0.028228,0.000000,synthetic_chat_design_preset
71.89,2.128917,2.156700,-0.027783,0.000000,synthetic_chat_design_preset
71.90,2.130100,2.157000,-0.026900,0.000000,synthetic_chat_design_preset
71.91,2.131708,2.157300,-0.025592,0.000000,synthetic_chat_design_preset
71.92,2.133719,2.157600,-0.023881,0.000000,synthetic_chat_design_preset
71.93,2.136107,2.157900,-0.021793,0.000000,synthetic_chat_design_preset
71.94,2.138838,2.158200,-0.019362,0.000000,synthetic_chat_design_preset
71.95,2.141875,2.158500,-0.016625,0.000000,synthetic_chat_design_preset
71.96,2.145174,2.158800,-0.013626,0.000000,synthetic_chat_design_preset
71.97,2.148688,2.159100,-0.010412,0.000000,synthetic_chat_design_preset
71.98,2.152366,2.159400,-0.007034,0.000000,synthetic_chat_design_preset
71.99,2.156155,2.159700,-0.003545,0.000000,synthetic_chat_design_preset
72.00,2.160000,2.160000,-0.000000,0.000000,synthetic_chat_design_preset
72.01,2.163845,2.160300,0.003545,0.000000,synthetic_chat_design_preset
72.02,2.167634,2.160600,0.007034,0.000000,synthetic_chat_design_preset
72.03,2.171312,2.160900,0.010412,0.000000,synthetic_chat_design_preset
72.04,2.174826,2.161200,0.013626,0.000000,synthetic_chat_design_preset
72.05,2.178125,2.161500,0.016625,0.000000,synthetic_chat_design_preset
72.06,2.181162,2.161800,0.019362,0.000000,synthetic_chat_design_preset
72.07,2.183893,2.162100,0.021793,0.000000,synthetic_chat_design_preset
72.08,2.186281,2.162400,0.023881,0.000000,synthetic_chat_design_preset
72.09,2.188292,2.162700,0.025592,0.000000,synthetic_chat_design_preset
72.10,2.189900,2.163000,0.026900,0.000000,synthetic_chat_design_preset
72.11,2.191083,2.163300,0.027783,0.000000,synthetic_chat_design_preset
72.12,2.191828,2.163600,0.028228,0.000000,synthetic_chat_design_preset
72.13,2.192128,2.163900,0.028228,0.000000,synthetic_chat_design_preset
72.14,2.191983,2.164200,0.027783,0.000000,synthetic_chat_design_preset
72.15,2.191400,2.164500,0.026900,0.000000,synthetic_chat_design_preset
72.16,2.190392,2.164800,0.025592,0.000000,synthetic_chat_design_preset
72.17,2.188981,2.165100,0.023881,0.000000,synthetic_chat_design_preset
72.18,2.187193,2.165400,0.021793,0.000000,synthetic_chat_design_preset
72.19,2.185062,2.165700,0.019362,0.000000,synthetic_chat_design_preset
72.20,2.182625,2.166000,0.016625,0.000000,synthetic_chat_design_preset
72.21,2.179926,2.166300,0.013626,0.000000,synthetic_chat_design_preset
72.22,2.177012,2.166600,0.010412,0.000000,synthetic_chat_design_preset
72.23,2.173934,2.166900,0.007034,0.000000,synthetic_chat_design_preset
72.24,2.170745,2.167200,0.003545,0.000000,synthetic_chat_design_preset
72.25,2.167500,2.167500,0.000000,0.000000,synthetic_chat_design_preset
72.26,2.164255,2.167800,-0.003545,0.000000,synthetic_chat_design_preset
72.27,2.161066,2.168100,-0.007034,0.000000,synthetic_chat_design_preset
72.28,2.157988,2.168400,-0.010412,0.000000,synthetic_chat_design_preset
72.29,2.155074,2.168700,-0.013626,0.000000,synthetic_chat_design_preset
72.30,2.152375,2.169000,-0.016625,0.000000,synthetic_chat_design_preset
72.31,2.149938,2.169300,-0.019362,0.000000,synthetic_chat_design_preset
72.32,2.147807,2.169600,-0.021793,0.000000,synthetic_chat_design_preset
72.33,2.146019,2.169900,-0.023881,0.000000,synthetic_chat_design_preset
72.34,2.144608,2.170200,-0.025592,0.000000,synthetic_chat_design_preset
72.35,2.143600,2.170500,-0.026900,0.000000,synthetic_chat_design_preset
72.36,2.143017,2.170800,-0.027783,0.000000,synthetic_chat_design_preset
72.37,2.142872,2.171100,-0.028228,0.000000,synthetic_chat_design_preset
72.38,2.143172,2.171400,-0.028228,0.000000,synthetic_chat_design_preset
72.39,2.143917,2.171700,-0.027783,0.000000,synthetic_chat_design_preset
72.40,2.145100,2.172000,-0.026900,0.000000,synthetic_chat_design_preset
72.41,2.146708,2.172300,-0.025592,0.000000,synthetic_chat_design_preset
72.42,2.148719,2.172600,-0.023881,0.000000,synthetic_chat_design_preset
72.43,2.151107,2.172900,-0.021793,0.000000,synthetic_chat_design_preset
72.44,2.153838,2.173200,-0.019362,0.000000,synthetic_chat_design_preset
72.45,2.156875,2.173500,-0.016625,0.000000,synthetic_chat_design_preset
72.46,2.160174,2.173800,-0.013626,0.000000,synthetic_chat_design_preset
72.47,2.163688,2.174100,-0.010412,0.000000,synthetic_chat_design_preset
72.48,2.167366,2.174400,-0.007034,0.000000,synthetic_chat_design_preset
72.49,2.171155,2.174700,-0.003545,0.000000,synthetic_chat_design_preset
72.50,2.175000,2.175000,-0.000000,0.000000,synthetic_chat_design_preset
72.51,2.178845,2.175300,0.003545,0.000000,synthetic_chat_design_preset
72.52,2.182634,2.175600,0.007034,0.000000,synthetic_chat_design_preset
72.53,2.186312,2.175900,0.010412,0.000000,synthetic_chat_design_preset
72.54,2.189826,2.176200,0.013626,0.000000,synthetic_chat_design_preset
72.55,2.193125,2.176500,0.016625,0.000000,synthetic_chat_design_preset
72.56,2.196162,2.176800,0.019362,0.000000,synthetic_chat_design_preset
72.57,2.198893,2.177100,0.021793,0.000000,synthetic_chat_design_preset
72.58,2.201281,2.177400,0.023881,0.000000,synthetic_chat_design_preset
72.59,2.203292,2.177700,0.025592,0.000000,synthetic_chat_design_preset
72.60,2.204900,2.178000,0.026900,0.000000,synthetic_chat_design_preset
72.61,2.206083,2.178300,0.027783,0.000000,synthetic_chat_design_preset
72.62,2.206828,2.178600,0.028228,0.000000,synthetic_chat_design_preset
72.63,2.207128,2.178900,0.028228,0.000000,synthetic_chat_design_preset
72.64,2.206983,2.179200,0.027783,0.000000,synthetic_chat_design_preset
72.65,2.206400,2.179500,0.026900,0.000000,synthetic_chat_design_preset
72.66,2.205392,2.179800,0.025592,0.000000,synthetic_chat_design_preset
72.67,2.203981,2.180100,0.023881,0.000000,synthetic_chat_design_preset
72.68,2.202193,2.180400,0.021793,0.000000,synthetic_chat_design_preset
72.69,2.200062,2.180700,0.019362,0.000000,synthetic_chat_design_preset
72.70,2.197625,2.181000,0.016625,0.000000,synthetic_chat_design_preset
72.71,2.194926,2.181300,0.013626,0.000000,synthetic_chat_design_preset
72.72,2.192012,2.181600,0.010412,0.000000,synthetic_chat_design_preset
72.73,2.188934,2.181900,0.007034,0.000000,synthetic_chat_design_preset
72.74,2.185745,2.182200,0.003545,0.000000,synthetic_chat_design_preset
72.75,2.182500,2.182500,0.000000,0.000000,synthetic_chat_design_preset
72.76,2.179255,2.182800,-0.003545,0.000000,synthetic_chat_design_preset
72.77,2.176066,2.183100,-0.007034,0.000000,synthetic_chat_design_preset
72.78,2.172988,2.183400,-0.010412,0.000000,synthetic_chat_design_preset
72.79,2.170074,2.183700,-0.013626,0.000000,synthetic_chat_design_preset
72.80,2.167375,2.184000,-0.016625,0.000000,synthetic_chat_design_preset
72.81,2.164938,2.184300,-0.019362,0.000000,synthetic_chat_design_preset
72.82,2.162807,2.184600,-0.021793,0.000000,synthetic_chat_design_preset
72.83,2.161019,2.184900,-0.023881,0.000000,synthetic_chat_design_preset
72.84,2.159608,2.185200,-0.025592,0.000000,synthetic_chat_design_preset
72.85,2.158600,2.185500,-0.026900,0.000000,synthetic_chat_design_preset
72.86,2.158017,2.185800,-0.027783,0.000000,synthetic_chat_design_preset
72.87,2.157872,2.186100,-0.028228,0.000000,synthetic_chat_design_preset
72.88,2.158172,2.186400,-0.028228,0.000000,synthetic_chat_design_preset
72.89,2.158917,2.186700,-0.027783,0.000000,synthetic_chat_design_preset
72.90,2.160100,2.187000,-0.026900,0.000000,synthetic_chat_design_preset
72.91,2.161708,2.187300,-0.025592,0.000000,synthetic_chat_design_preset
72.92,2.163719,2.187600,-0.023881,0.000000,synthetic_chat_design_preset
72.93,2.166107,2.187900,-0.021793,0.000000,synthetic_chat_design_preset
72.94,2.168838,2.188200,-0.019362,0.000000,synthetic_chat_design_preset
72.95,2.171875,2.188500,-0.016625,0.000000,synthetic_chat_design_preset
72.96,2.175174,2.188800,-0.013626,0.000000,synthetic_chat_design_preset
72.97,2.178688,2.189100,-0.010412,0.000000,synthetic_chat_design_preset
72.98,2.182366,2.189400,-0.007034,0.000000,synthetic_chat_design_preset
72.99,2.186155,2.189700,-0.003545,0.000000,synthetic_chat_design_preset
73.00,2.190000,2.190000,-0.000000,0.000000,synthetic_chat_design_preset
73.01,2.193845,2.190300,0.003545,0.000000,synthetic_chat_design_preset
73.02,2.197634,2.190600,0.007034,0.000000,synthetic_chat_design_preset
73.03,2.201312,2.190900,0.010412,0.000000,synthetic_chat_design_preset
73.04,2.204826,2.191200,0.013626,0.000000,synthetic_chat_design_preset
73.05,2.208125,2.191500,0.016625,0.000000,synthetic_chat_design_preset
73.06,2.211162,2.191800,0.019362,0.000000,synthetic_chat_design_preset
73.07,2.213893,2.192100,0.021793,0.000000,synthetic_chat_design_preset
73.08,2.216281,2.192400,0.023881,0.000000,synthetic_chat_design_preset
73.09,2.218292,2.192700,0.025592,0.000000,synthetic_chat_design_preset
73.10,2.219900,2.193000,0.026900,0.000000,synthetic_chat_design_preset
73.11,2.221083,2.193300,0.027783,0.000000,synthetic_chat_design_preset
73.12,2.221828,2.193600,0.028228,0.000000,synthetic_chat_design_preset
73.13,2.222128,2.193900,0.028228,0.000000,synthetic_chat_design_preset
73.14,2.221983,2.194200,0.027783,0.000000,synthetic_chat_design_preset
73.15,2.221400,2.194500,0.026900,0.000000,synthetic_chat_design_preset
73.16,2.220392,2.194800,0.025592,0.000000,synthetic_chat_design_preset
73.17,2.218981,2.195100,0.023881,0.000000,synthetic_chat_design_preset
73.18,2.217193,2.195400,0.021793,0.000000,synthetic_chat_design_preset
73.19,2.215062,2.195700,0.019362,0.000000,synthetic_chat_design_preset
73.20,2.212625,2.196000,0.016625,0.000000,synthetic_chat_design_preset
73.21,2.209926,2.196300,0.013626,0.000000,synthetic_chat_design_preset
73.22,2.207012,2.196600,0.010412,0.000000,synthetic_chat_design_preset
73.23,2.203934,2.196900,0.007034,0.000000,synthetic_chat_design_preset
73.24,2.200745,2.197200,0.003545,0.000000,synthetic_chat_design_preset
73.25,2.197500,2.197500,0.000000,0.000000,synthetic_chat_design_preset
73.26,2.194255,2.197800,-0.003545,0.000000,synthetic_chat_design_preset
73.27,2.191066,2.198100,-0.007034,0.000000,synthetic_chat_design_preset
73.28,2.187988,2.198400,-0.010412,0.000000,synthetic_chat_design_preset
73.29,2.185074,2.198700,-0.013626,0.000000,synthetic_chat_design_preset
73.30,2.182375,2.199000,-0.016625,0.000000,synthetic_chat_design_preset
73.31,2.179938,2.199300,-0.019362,0.000000,synthetic_chat_design_preset
73.32,2.177807,2.199600,-0.021793,0.000000,synthetic_chat_design_preset
73.33,2.176019,2.199900,-0.023881,0.000000,synthetic_chat_design_preset
73.34,2.174608,2.200200,-0.025592,0.000000,synthetic_chat_design_preset
73.35,2.173600,2.200500,-0.026900,0.000000,synthetic_chat_design_preset
73.36,2.173017,2.200800,-0.027783,0.000000,synthetic_chat_design_preset
73.37,2.172872,2.201100,-0.028228,0.000000,synthetic_chat_design_preset
73.38,2.173172,2.201400,-0.028228,0.000000,synthetic_chat_design_preset
73.39,2.173917,2.201700,-0.027783,0.000000,synthetic_chat_design_preset
73.40,2.175100,2.202000,-0.026900,0.000000,synthetic_chat_design_preset
73.41,2.176708,2.202300,-0.025592,0.000000,synthetic_chat_design_preset
73.42,2.178719,2.202600,-0.023881,0.000000,synthetic_chat_design_preset
73.43,2.181107,2.202900,-0.021793,0.000000,synthetic_chat_design_preset
73.44,2.183838,2.203200,-0.019362,0.000000,synthetic_chat_design_preset
73.45,2.186875,2.203500,-0.016625,0.000000,synthetic_chat_design_preset
73.46,2.190174,2.203800,-0.013626,0.000000,synthetic_chat_design_preset
73.47,2.193688,2.204100,-0.010412,0.000000,synthetic_chat_design_preset
73.48,2.197366,2.204400,-0.007034,0.000000,synthetic_chat_design_preset
73.49,2.201155,2.204700,-0.003545,0.000000,synthetic_chat_design_preset
73.50,2.205000,2.205000,0.000000,0.000000,synthetic_chat_design_preset
73.51,2.208845,2.205300,0.003545,0.000000,synthetic_chat_design_preset
73.52,2.212634,2.205600,0.007034,0.000000,synthetic_chat_design_preset
73.53,2.216312,2.205900,0.010412,0.000000,synthetic_chat_design_preset
73.54,2.219826,2.206200,0.013626,0.000000,synthetic_chat_design_preset
73.55,2.223125,2.206500,0.016625,0.000000,synthetic_chat_design_preset
73.56,2.226162,2.206800,0.019362,0.000000,synthetic_chat_design_preset
73.57,2.228893,2.207100,0.021793,0.000000,synthetic_chat_design_preset
73.58,2.231281,2.207400,0.023881,0.000000,synthetic_chat_design_preset
73.59,2.233292,2.207700,0.025592,0.000000,synthetic_chat_design_preset
73.60,2.234900,2.208000,0.026900,0.000000,synthetic_chat_design_preset
73.61,2.236083,2.208300,0.027783,0.000000,synthetic_chat_design_preset
73.62,2.236828,2.208600,0.028228,0.000000,synthetic_chat_design_preset
73.63,2.237128,2.208900,0.028228,0.000000,synthetic_chat_design_preset
73.64,2.236983,2.209200,0.027783,0.000000,synthetic_chat_design_preset
73.65,2.236400,2.209500,0.026900,0.000000,synthetic_chat_design_preset
73.66,2.235392,2.209800,0.025592,0.000000,synthetic_chat_design_preset
73.67,2.233981,2.210100,0.023881,0.000000,synthetic_chat_design_preset
73.68,2.232193,2.210400,0.021793,0.000000,synthetic_chat_design_preset
73.69,2.230062,2.210700,0.019362,0.000000,synthetic_chat_design_preset
73.70,2.227625,2.211000,0.016625,0.000000,synthetic_chat_design_preset
73.71,2.224926,2.211300,0.013626,0.000000,synthetic_chat_design_preset
73.72,2.222012,2.211600,0.010412,0.000000,synthetic_chat_design_preset
73.73,2.218934,2.211900,0.007034,0.000000,synthetic_chat_design_preset
73.74,2.215745,2.212200,0.003545,0.000000,synthetic_chat_design_preset
73.75,2.212500,2.212500,-0.000000,0.000000,synthetic_chat_design_preset
73.76,2.209255,2.212800,-0.003545,0.000000,synthetic_chat_design_preset
73.77,2.206066,2.213100,-0.007034,0.000000,synthetic_chat_design_preset
73.78,2.202988,2.213400,-0.010412,0.000000,synthetic_chat_design_preset
73.79,2.200074,2.213700,-0.013626,0.000000,synthetic_chat_design_preset
73.80,2.197375,2.214000,-0.016625,0.000000,synthetic_chat_design_preset
73.81,2.194938,2.214300,-0.019362,0.000000,synthetic_chat_design_preset
73.82,2.192807,2.214600,-0.021793,0.000000,synthetic_chat_design_preset
73.83,2.191019,2.214900,-0.023881,0.000000,synthetic_chat_design_preset
73.84,2.189608,2.215200,-0.025592,0.000000,synthetic_chat_design_preset
73.85,2.188600,2.215500,-0.026900,0.000000,synthetic_chat_design_preset
73.86,2.188017,2.215800,-0.027783,0.000000,synthetic_chat_design_preset
73.87,2.187872,2.216100,-0.028228,0.000000,synthetic_chat_design_preset
73.88,2.188172,2.216400,-0.028228,0.000000,synthetic_chat_design_preset
73.89,2.188917,2.216700,-0.027783,0.000000,synthetic_chat_design_preset
73.90,2.190100,2.217000,-0.026900,0.000000,synthetic_chat_design_preset
73.91,2.191708,2.217300,-0.025592,0.000000,synthetic_chat_design_preset
73.92,2.193719,2.217600,-0.023881,0.000000,synthetic_chat_design_preset
73.93,2.196107,2.217900,-0.021793,0.000000,synthetic_chat_design_preset
73.94,2.198838,2.218200,-0.019362,0.000000,synthetic_chat_design_preset
73.95,2.201875,2.218500,-0.016625,0.000000,synthetic_chat_design_preset
73.96,2.205174,2.218800,-0.013626,0.000000,synthetic_chat_design_preset
73.97,2.208688,2.219100,-0.010412,0.000000,synthetic_chat_design_preset
73.98,2.212366,2.219400,-0.007034,0.000000,synthetic_chat_design_preset
73.99,2.216155,2.219700,-0.003545,0.000000,synthetic_chat_design_preset
74.00,2.220000,2.220000,-0.000000,0.000000,synthetic_chat_design_preset
74.01,2.223845,2.220300,0.003545,0.000000,synthetic_chat_design_preset
74.02,2.227634,2.220600,0.007034,0.000000,synthetic_chat_design_preset
74.03,2.231312,2.220900,0.010412,0.000000,synthetic_chat_design_preset
74.04,2.234826,2.221200,0.013626,0.000000,synthetic_chat_design_preset
74.05,2.238125,2.221500,0.016625,0.000000,synthetic_chat_design_preset
74.06,2.241162,2.221800,0.019362,0.000000,synthetic_chat_design_preset
74.07,2.243893,2.222100,0.021793,0.000000,synthetic_chat_design_preset
74.08,2.246281,2.222400,0.023881,0.000000,synthetic_chat_design_preset
74.09,2.248292,2.222700,0.025592,0.000000,synthetic_chat_design_preset
74.10,2.249900,2.223000,0.026900,0.000000,synthetic_chat_design_preset
74.11,2.251083,2.223300,0.027783,0.000000,synthetic_chat_design_preset
74.12,2.251828,2.223600,0.028228,0.000000,synthetic_chat_design_preset
74.13,2.252128,2.223900,0.028228,0.000000,synthetic_chat_design_preset
74.14,2.251983,2.224200,0.027783,0.000000,synthetic_chat_design_preset
74.15,2.251400,2.224500,0.026900,0.000000,synthetic_chat_design_preset
74.16,2.250392,2.224800,0.025592,0.000000,synthetic_chat_design_preset
74.17,2.248981,2.225100,0.023881,0.000000,synthetic_chat_design_preset
74.18,2.247193,2.225400,0.021793,0.000000,synthetic_chat_design_preset
74.19,2.245062,2.225700,0.019362,0.000000,synthetic_chat_design_preset
74.20,2.242625,2.226000,0.016625,0.000000,synthetic_chat_design_preset
74.21,2.239926,2.226300,0.013626,0.000000,synthetic_chat_design_preset
74.22,2.237012,2.226600,0.010412,0.000000,synthetic_chat_design_preset
74.23,2.233934,2.226900,0.007034,0.000000,synthetic_chat_design_preset
74.24,2.230745,2.227200,0.003545,0.000000,synthetic_chat_design_preset
74.25,2.227500,2.227500,0.000000,0.000000,synthetic_chat_design_preset
74.26,2.224255,2.227800,-0.003545,0.000000,synthetic_chat_design_preset
74.27,2.221066,2.228100,-0.007034,0.000000,synthetic_chat_design_preset
74.28,2.217988,2.228400,-0.010412,0.000000,synthetic_chat_design_preset
74.29,2.215074,2.228700,-0.013626,0.000000,synthetic_chat_design_preset
74.30,2.212375,2.229000,-0.016625,0.000000,synthetic_chat_design_preset
74.31,2.209938,2.229300,-0.019362,0.000000,synthetic_chat_design_preset
74.32,2.207807,2.229600,-0.021793,0.000000,synthetic_chat_design_preset
74.33,2.206019,2.229900,-0.023881,0.000000,synthetic_chat_design_preset
74.34,2.204608,2.230200,-0.025592,0.000000,synthetic_chat_design_preset
74.35,2.203600,2.230500,-0.026900,0.000000,synthetic_chat_design_preset
74.36,2.203017,2.230800,-0.027783,0.000000,synthetic_chat_design_preset
74.37,2.202872,2.231100,-0.028228,0.000000,synthetic_chat_design_preset
74.38,2.203172,2.231400,-0.028228,0.000000,synthetic_chat_design_preset
74.39,2.203917,2.231700,-0.027783,0.000000,synthetic_chat_design_preset
74.40,2.205100,2.232000,-0.026900,0.000000,synthetic_chat_design_preset
74.41,2.206708,2.232300,-0.025592,0.000000,synthetic_chat_design_preset
74.42,2.208719,2.232600,-0.023881,0.000000,synthetic_chat_design_preset
74.43,2.211107,2.232900,-0.021793,0.000000,synthetic_chat_design_preset
74.44,2.213838,2.233200,-0.019362,0.000000,synthetic_chat_design_preset
74.45,2.216875,2.233500,-0.016625,0.000000,synthetic_chat_design_preset
74.46,2.220174,2.233800,-0.013626,0.000000,synthetic_chat_design_preset
74.47,2.223688,2.234100,-0.010412,0.000000,synthetic_chat_design_preset
74.48,2.227366,2.234400,-0.007034,0.000000,synthetic_chat_design_preset
74.49,2.231172,2.234700,-0.003545,0.000017,synthetic_chat_design_preset
74.50,2.235023,2.235000,-0.000000,0.000023,synthetic_chat_design_preset
74.51,2.238876,2.235300,0.003545,0.000031,synthetic_chat_design_preset
74.52,2.242675,2.235600,0.007034,0.000041,synthetic_chat_design_preset
74.53,2.246368,2.235900,0.010412,0.000055,synthetic_chat_design_preset
74.54,2.249900,2.236200,0.013626,0.000074,synthetic_chat_design_preset
74.55,2.253223,2.236500,0.016625,0.000098,synthetic_chat_design_preset
74.56,2.256290,2.236800,0.019362,0.000128,synthetic_chat_design_preset
74.57,2.259061,2.237100,0.021793,0.000168,synthetic_chat_design_preset
74.58,2.261499,2.237400,0.023881,0.000218,synthetic_chat_design_preset
74.59,2.263574,2.237700,0.025592,0.000282,synthetic_chat_design_preset
74.60,2.265262,2.238000,0.026900,0.000362,synthetic_chat_design_preset
74.61,2.266545,2.238300,0.027783,0.000461,synthetic_chat_design_preset
74.62,2.267413,2.238600,0.028228,0.000585,synthetic_chat_design_preset
74.63,2.267865,2.238900,0.028228,0.000737,synthetic_chat_design_preset
74.64,2.267906,2.239200,0.027783,0.000923,synthetic_chat_design_preset
74.65,2.267548,2.239500,0.026900,0.001148,synthetic_chat_design_preset
74.66,2.266813,2.239800,0.025592,0.001420,synthetic_chat_design_preset
74.67,2.265727,2.240100,0.023881,0.001746,synthetic_chat_design_preset
74.68,2.264326,2.240400,0.021793,0.002133,synthetic_chat_design_preset
74.69,2.262652,2.240700,0.019362,0.002590,synthetic_chat_design_preset
74.70,2.260750,2.241000,0.016625,0.003125,synthetic_chat_design_preset
74.71,2.258674,2.241300,0.013626,0.003748,synthetic_chat_design_preset
74.72,2.256479,2.241600,0.010412,0.004467,synthetic_chat_design_preset
74.73,2.254226,2.241900,0.007034,0.005292,synthetic_chat_design_preset
74.74,2.251976,2.242200,0.003545,0.006231,synthetic_chat_design_preset
74.75,2.249791,2.242500,0.000000,0.007291,synthetic_chat_design_preset
74.76,2.247734,2.242800,-0.003545,0.008479,synthetic_chat_design_preset
74.77,2.245866,2.243100,-0.007034,0.009800,synthetic_chat_design_preset
74.78,2.244245,2.243400,-0.010412,0.011257,synthetic_chat_design_preset
74.79,2.242925,2.243700,-0.013626,0.012851,synthetic_chat_design_preset
74.80,2.241957,2.244000,-0.016625,0.014582,synthetic_chat_design_preset
74.81,2.241381,2.244300,-0.019362,0.016443,synthetic_chat_design_preset
74.82,2.241235,2.244600,-0.021793,0.018428,synthetic_chat_design_preset
74.83,2.241545,2.244900,-0.023881,0.020526,synthetic_chat_design_preset
74.84,2.242331,2.245200,-0.025592,0.022723,synthetic_chat_design_preset
74.85,2.243600,2.245500,-0.026900,0.025000,synthetic_chat_design_preset
74.86,2.245353,2.245800,-0.027783,0.027336,synthetic_chat_design_preset
74.87,2.247579,2.246100,-0.028228,0.029707,synthetic_chat_design_preset
74.88,2.250257,2.246400,-0.028228,0.032086,synthetic_chat_design_preset
74.89,2.253358,2.246700,-0.027783,0.034442,synthetic_chat_design_preset
74.90,2.256843,2.247000,-0.026900,0.036743,synthetic_chat_design_preset
74.91,2.260666,2.247300,-0.025592,0.038958,synthetic_chat_design_preset
74.92,2.264772,2.247600,-0.023881,0.041053,synthetic_chat_design_preset
74.93,2.269101,2.247900,-0.021793,0.042994,synthetic_chat_design_preset
74.94,2.273589,2.248200,-0.019362,0.044751,synthetic_chat_design_preset
74.95,2.278169,2.248500,-0.016625,0.046294,synthetic_chat_design_preset
74.96,2.282769,2.248800,-0.013626,0.047595,synthetic_chat_design_preset
74.97,2.287321,2.249100,-0.010412,0.048633,synthetic_chat_design_preset
74.98,2.291754,2.249400,-0.007034,0.049388,synthetic_chat_design_preset
74.99,2.296001,2.249700,-0.003545,0.049846,synthetic_chat_design_preset
75.00,2.300000,2.250000,-0.000000,0.050000,synthetic_chat_design_preset
75.01,2.303691,2.250300,0.003545,0.049846,synthetic_chat_design_preset
75.02,2.307022,2.250600,0.007034,0.049388,synthetic_chat_design_preset
75.03,2.309945,2.250900,0.010412,0.048633,synthetic_chat_design_preset
75.04,2.312421,2.251200,0.013626,0.047595,synthetic_chat_design_preset
75.05,2.314419,2.251500,0.016625,0.046294,synthetic_chat_design_preset
75.06,2.315913,2.251800,0.019362,0.044751,synthetic_chat_design_preset
75.07,2.316888,2.252100,0.021793,0.042994,synthetic_chat_design_preset
75.08,2.317334,2.252400,0.023881,0.041053,synthetic_chat_design_preset
75.09,2.317251,2.252700,0.025592,0.038958,synthetic_chat_design_preset
75.10,2.316643,2.253000,0.026900,0.036743,synthetic_chat_design_preset
75.11,2.315525,2.253300,0.027783,0.034442,synthetic_chat_design_preset
75.12,2.313914,2.253600,0.028228,0.032086,synthetic_chat_design_preset
75.13,2.311836,2.253900,0.028228,0.029707,synthetic_chat_design_preset
75.14,2.309320,2.254200,0.027783,0.027336,synthetic_chat_design_preset
75.15,2.306400,2.254500,0.026900,0.025000,synthetic_chat_design_preset
75.16,2.303115,2.254800,0.025592,0.022723,synthetic_chat_design_preset
75.17,2.299508,2.255100,0.023881,0.020526,synthetic_chat_design_preset
75.18,2.295622,2.255400,0.021793,0.018428,synthetic_chat_design_preset
75.19,2.291505,2.255700,0.019362,0.016443,synthetic_chat_design_preset
75.20,2.287207,2.256000,0.016625,0.014582,synthetic_chat_design_preset
75.21,2.282777,2.256300,0.013626,0.012851,synthetic_chat_design_preset
75.22,2.278269,2.256600,0.010412,0.011257,synthetic_chat_design_preset
75.23,2.273734,2.256900,0.007034,0.009800,synthetic_chat_design_preset
75.24,2.269224,2.257200,0.003545,0.008479,synthetic_chat_design_preset
75.25,2.264791,2.257500,0.000000,0.007291,synthetic_chat_design_preset
75.26,2.260486,2.257800,-0.003545,0.006231,synthetic_chat_design_preset
75.27,2.256358,2.258100,-0.007034,0.005292,synthetic_chat_design_preset
75.28,2.252455,2.258400,-0.010412,0.004467,synthetic_chat_design_preset
75.29,2.248822,2.258700,-0.013626,0.003748,synthetic_chat_design_preset
75.30,2.245500,2.259000,-0.016625,0.003125,synthetic_chat_design_preset
75.31,2.242528,2.259300,-0.019362,0.002590,synthetic_chat_design_preset
75.32,2.239939,2.259600,-0.021793,0.002133,synthetic_chat_design_preset
75.33,2.237765,2.259900,-0.023881,0.001746,synthetic_chat_design_preset
75.34,2.236028,2.260200,-0.025592,0.001420,synthetic_chat_design_preset
75.35,2.234748,2.260500,-0.026900,0.001148,synthetic_chat_design_preset
75.36,2.233939,2.260800,-0.027783,0.000923,synthetic_chat_design_preset
75.37,2.233608,2.261100,-0.028228,0.000737,synthetic_chat_design_preset
75.38,2.233756,2.261400,-0.028228,0.000585,synthetic_chat_design_preset
75.39,2.234378,2.261700,-0.027783,0.000461,synthetic_chat_design_preset
75.40,2.235462,2.262000,-0.026900,0.000362,synthetic_chat_design_preset
75.41,2.236989,2.262300,-0.025592,0.000282,synthetic_chat_design_preset
75.42,2.238937,2.262600,-0.023881,0.000218,synthetic_chat_design_preset
75.43,2.241275,2.262900,-0.021793,0.000168,synthetic_chat_design_preset
75.44,2.243967,2.263200,-0.019362,0.000128,synthetic_chat_design_preset
75.45,2.246973,2.263500,-0.016625,0.000098,synthetic_chat_design_preset
75.46,2.250248,2.263800,-0.013626,0.000074,synthetic_chat_design_preset
75.47,2.253743,2.264100,-0.010412,0.000055,synthetic_chat_design_preset
75.48,2.257407,2.264400,-0.007034,0.000041,synthetic_chat_design_preset
75.49,2.261186,2.264700,-0.003545,0.000031,synthetic_chat_design_preset
75.50,2.265023,2.265000,-0.000000,0.000023,synthetic_chat_design_preset
75.51,2.268845,2.265300,0.003545,0.000000,synthetic_chat_design_preset
75.52,2.272634,2.265600,0.007034,0.000000,synthetic_chat_design_preset
75.53,2.276312,2.265900,0.010412,0.000000,synthetic_chat_design_preset
75.54,2.279826,2.266200,0.013626,0.000000,synthetic_chat_design_preset
75.55,2.283125,2.266500,0.016625,0.000000,synthetic_chat_design_preset
75.56,2.286162,2.266800,0.019362,0.000000,synthetic_chat_design_preset
75.57,2.288893,2.267100,0.021793,0.000000,synthetic_chat_design_preset
75.58,2.291281,2.267400,0.023881,0.000000,synthetic_chat_design_preset
75.59,2.293292,2.267700,0.025592,0.000000,synthetic_chat_design_preset
75.60,2.294900,2.268000,0.026900,0.000000,synthetic_chat_design_preset
75.61,2.296083,2.268300,0.027783,0.000000,synthetic_chat_design_preset
75.62,2.296828,2.268600,0.028228,0.000000,synthetic_chat_design_preset
75.63,2.297128,2.268900,0.028228,0.000000,synthetic_chat_design_preset
75.64,2.296983,2.269200,0.027783,0.000000,synthetic_chat_design_preset
75.65,2.296400,2.269500,0.026900,0.000000,synthetic_chat_design_preset
75.66,2.295392,2.269800,0.025592,0.000000,synthetic_chat_design_preset
75.67,2.293981,2.270100,0.023881,0.000000,synthetic_chat_design_preset
75.68,2.292193,2.270400,0.021793,0.000000,synthetic_chat_design_preset
75.69,2.290062,2.270700,0.019362,0.000000,synthetic_chat_design_preset
75.70,2.287625,2.271000,0.016625,0.000000,synthetic_chat_design_preset
75.71,2.284926,2.271300,0.013626,0.000000,synthetic_chat_design_preset
75.72,2.282012,2.271600,0.010412,0.000000,synthetic_chat_design_preset
75.73,2.278934,2.271900,0.007034,0.000000,synthetic_chat_design_preset
75.74,2.275745,2.272200,0.003545,0.000000,synthetic_chat_design_preset
75.75,2.272500,2.272500,0.000000,0.000000,synthetic_chat_design_preset
75.76,2.269255,2.272800,-0.003545,0.000000,synthetic_chat_design_preset
75.77,2.266066,2.273100,-0.007034,0.000000,synthetic_chat_design_preset
75.78,2.262988,2.273400,-0.010412,0.000000,synthetic_chat_design_preset
75.79,2.260074,2.273700,-0.013626,0.000000,synthetic_chat_design_preset
75.80,2.257375,2.274000,-0.016625,0.000000,synthetic_chat_design_preset
75.81,2.254938,2.274300,-0.019362,0.000000,synthetic_chat_design_preset
75.82,2.252807,2.274600,-0.021793,0.000000,synthetic_chat_design_preset
75.83,2.251019,2.274900,-0.023881,0.000000,synthetic_chat_design_preset
75.84,2.249608,2.275200,-0.025592,0.000000,synthetic_chat_design_preset
75.85,2.248600,2.275500,-0.026900,0.000000,synthetic_chat_design_preset
75.86,2.248017,2.275800,-0.027783,0.000000,synthetic_chat_design_preset
75.87,2.247872,2.276100,-0.028228,0.000000,synthetic_chat_design_preset
75.88,2.248172,2.276400,-0.028228,0.000000,synthetic_chat_design_preset
75.89,2.248917,2.276700,-0.027783,0.000000,synthetic_chat_design_preset
75.90,2.250100,2.277000,-0.026900,0.000000,synthetic_chat_design_preset
75.91,2.251708,2.277300,-0.025592,0.000000,synthetic_chat_design_preset
75.92,2.253719,2.277600,-0.023881,0.000000,synthetic_chat_design_preset
75.93,2.256107,2.277900,-0.021793,0.000000,synthetic_chat_design_preset
75.94,2.258838,2.278200,-0.019362,0.000000,synthetic_chat_design_preset
75.95,2.261875,2.278500,-0.016625,0.000000,synthetic_chat_design_preset
75.96,2.265174,2.278800,-0.013626,0.000000,synthetic_chat_design_preset
75.97,2.268688,2.279100,-0.010412,0.000000,synthetic_chat_design_preset
75.98,2.272366,2.279400,-0.007034,0.000000,synthetic_chat_design_preset
75.99,2.276155,2.279700,-0.003545,0.000000,synthetic_chat_design_preset
76.00,2.280000,2.280000,-0.000000,0.000000,synthetic_chat_design_preset
76.01,2.283845,2.280300,0.003545,0.000000,synthetic_chat_design_preset
76.02,2.287634,2.280600,0.007034,0.000000,synthetic_chat_design_preset
76.03,2.291312,2.280900,0.010412,0.000000,synthetic_chat_design_preset
76.04,2.294826,2.281200,0.013626,0.000000,synthetic_chat_design_preset
76.05,2.298125,2.281500,0.016625,0.000000,synthetic_chat_design_preset
76.06,2.301162,2.281800,0.019362,0.000000,synthetic_chat_design_preset
76.07,2.303893,2.282100,0.021793,0.000000,synthetic_chat_design_preset
76.08,2.306281,2.282400,0.023881,0.000000,synthetic_chat_design_preset
76.09,2.308292,2.282700,0.025592,0.000000,synthetic_chat_design_preset
76.10,2.309900,2.283000,0.026900,0.000000,synthetic_chat_design_preset
76.11,2.311083,2.283300,0.027783,0.000000,synthetic_chat_design_preset
76.12,2.311828,2.283600,0.028228,0.000000,synthetic_chat_design_preset
76.13,2.312128,2.283900,0.028228,0.000000,synthetic_chat_design_preset
76.14,2.311983,2.284200,0.027783,0.000000,synthetic_chat_design_preset
76.15,2.311400,2.284500,0.026900,0.000000,synthetic_chat_design_preset
76.16,2.310392,2.284800,0.025592,0.000000,synthetic_chat_design_preset
76.17,2.308981,2.285100,0.023881,0.000000,synthetic_chat_design_preset
76.18,2.307193,2.285400,0.021793,0.000000,synthetic_chat_design_preset
76.19,2.305062,2.285700,0.019362,0.000000,synthetic_chat_design_preset
76.20,2.302625,2.286000,0.016625,0.000000,synthetic_chat_design_preset
76.21,2.299926,2.286300,0.013626,0.000000,synthetic_chat_design_preset
76.22,2.297012,2.286600,0.010412,0.000000,synthetic_chat_design_preset
76.23,2.293934,2.286900,0.007034,0.000000,synthetic_chat_design_preset
76.24,2.290745,2.287200,0.003545,0.000000,synthetic_chat_design_preset
76.25,2.287500,2.287500,-0.000000,0.000000,synthetic_chat_design_preset
76.26,2.284255,2.287800,-0.003545,0.000000,synthetic_chat_design_preset
76.27,2.281066,2.288100,-0.007034,0.000000,synthetic_chat_design_preset
76.28,2.277988,2.288400,-0.010412,0.000000,synthetic_chat_design_preset
76.29,2.275074,2.288700,-0.013626,0.000000,synthetic_chat_design_preset
76.30,2.272375,2.289000,-0.016625,0.000000,synthetic_chat_design_preset
76.31,2.269938,2.289300,-0.019362,0.000000,synthetic_chat_design_preset
76.32,2.267807,2.289600,-0.021793,0.000000,synthetic_chat_design_preset
76.33,2.266019,2.289900,-0.023881,0.000000,synthetic_chat_design_preset
76.34,2.264608,2.290200,-0.025592,0.000000,synthetic_chat_design_preset
76.35,2.263600,2.290500,-0.026900,0.000000,synthetic_chat_design_preset
76.36,2.263017,2.290800,-0.027783,0.000000,synthetic_chat_design_preset
76.37,2.262872,2.291100,-0.028228,0.000000,synthetic_chat_design_preset
76.38,2.263172,2.291400,-0.028228,0.000000,synthetic_chat_design_preset
76.39,2.263917,2.291700,-0.027783,0.000000,synthetic_chat_design_preset
76.40,2.265100,2.292000,-0.026900,0.000000,synthetic_chat_design_preset
76.41,2.266708,2.292300,-0.025592,0.000000,synthetic_chat_design_preset
76.42,2.268719,2.292600,-0.023881,0.000000,synthetic_chat_design_preset
76.43,2.271107,2.292900,-0.021793,0.000000,synthetic_chat_design_preset
76.44,2.273838,2.293200,-0.019362,0.000000,synthetic_chat_design_preset
76.45,2.276875,2.293500,-0.016625,0.000000,synthetic_chat_design_preset
76.46,2.280174,2.293800,-0.013626,0.000000,synthetic_chat_design_preset
76.47,2.283688,2.294100,-0.010412,0.000000,synthetic_chat_design_preset
76.48,2.287366,2.294400,-0.007034,0.000000,synthetic_chat_design_preset
76.49,2.291155,2.294700,-0.003545,0.000000,synthetic_chat_design_preset
76.50,2.295000,2.295000,-0.000000,0.000000,synthetic_chat_design_preset
76.51,2.298845,2.295300,0.003545,0.000000,synthetic_chat_design_preset
76.52,2.302634,2.295600,0.007034,0.000000,synthetic_chat_design_preset
76.53,2.306312,2.295900,0.010412,0.000000,synthetic_chat_design_preset
76.54,2.309826,2.296200,0.013626,0.000000,synthetic_chat_design_preset
76.55,2.313125,2.296500,0.016625,0.000000,synthetic_chat_design_preset
76.56,2.316162,2.296800,0.019362,0.000000,synthetic_chat_design_preset
76.57,2.318893,2.297100,0.021793,0.000000,synthetic_chat_design_preset
76.58,2.321281,2.297400,0.023881,0.000000,synthetic_chat_design_preset
76.59,2.323292,2.297700,0.025592,0.000000,synthetic_chat_design_preset
76.60,2.324900,2.298000,0.026900,0.000000,synthetic_chat_design_preset
76.61,2.326083,2.298300,0.027783,0.000000,synthetic_chat_design_preset
76.62,2.326828,2.298600,0.028228,0.000000,synthetic_chat_design_preset
76.63,2.327128,2.298900,0.028228,0.000000,synthetic_chat_design_preset
76.64,2.326983,2.299200,0.027783,0.000000,synthetic_chat_design_preset
76.65,2.326400,2.299500,0.026900,0.000000,synthetic_chat_design_preset
76.66,2.325392,2.299800,0.025592,0.000000,synthetic_chat_design_preset
76.67,2.323981,2.300100,0.023881,0.000000,synthetic_chat_design_preset
76.68,2.322193,2.300400,0.021793,0.000000,synthetic_chat_design_preset
76.69,2.320062,2.300700,0.019362,0.000000,synthetic_chat_design_preset
76.70,2.317625,2.301000,0.016625,0.000000,synthetic_chat_design_preset
76.71,2.314926,2.301300,0.013626,0.000000,synthetic_chat_design_preset
76.72,2.312012,2.301600,0.010412,0.000000,synthetic_chat_design_preset
76.73,2.308934,2.301900,0.007034,0.000000,synthetic_chat_design_preset
76.74,2.305745,2.302200,0.003545,0.000000,synthetic_chat_design_preset
76.75,2.302500,2.302500,0.000000,0.000000,synthetic_chat_design_preset
76.76,2.299255,2.302800,-0.003545,0.000000,synthetic_chat_design_preset
76.77,2.296066,2.303100,-0.007034,0.000000,synthetic_chat_design_preset
76.78,2.292988,2.303400,-0.010412,0.000000,synthetic_chat_design_preset
76.79,2.290074,2.303700,-0.013626,0.000000,synthetic_chat_design_preset
76.80,2.287375,2.304000,-0.016625,0.000000,synthetic_chat_design_preset
76.81,2.284938,2.304300,-0.019362,0.000000,synthetic_chat_design_preset
76.82,2.282807,2.304600,-0.021793,0.000000,synthetic_chat_design_preset
76.83,2.281019,2.304900,-0.023881,0.000000,synthetic_chat_design_preset
76.84,2.279608,2.305200,-0.025592,0.000000,synthetic_chat_design_preset
76.85,2.278600,2.305500,-0.026900,0.000000,synthetic_chat_design_preset
76.86,2.278017,2.305800,-0.027783,0.000000,synthetic_chat_design_preset
76.87,2.277872,2.306100,-0.028228,0.000000,synthetic_chat_design_preset
76.88,2.278172,2.306400,-0.028228,0.000000,synthetic_chat_design_preset
76.89,2.278917,2.306700,-0.027783,0.000000,synthetic_chat_design_preset
76.90,2.280100,2.307000,-0.026900,0.000000,synthetic_chat_design_preset
76.91,2.281708,2.307300,-0.025592,0.000000,synthetic_chat_design_preset
76.92,2.283719,2.307600,-0.023881,0.000000,synthetic_chat_design_preset
76.93,2.286107,2.307900,-0.021793,0.000000,synthetic_chat_design_preset
76.94,2.288838,2.308200,-0.019362,0.000000,synthetic_chat_design_preset
76.95,2.291875,2.308500,-0.016625,0.000000,synthetic_chat_design_preset
76.96,2.295174,2.308800,-0.013626,0.000000,synthetic_chat_design_preset
76.97,2.298688,2.309100,-0.010412,0.000000,synthetic_chat_design_preset
76.98,2.302366,2.309400,-0.007034,0.000000,synthetic_chat_design_preset
76.99,2.306155,2.309700,-0.003545,0.000000,synthetic_chat_design_preset
77.00,2.310000,2.310000,-0.000000,0.000000,synthetic_chat_design_preset
77.01,2.313845,2.310300,0.003545,0.000000,synthetic_chat_design_preset
77.02,2.317634,2.310600,0.007034,0.000000,synthetic_chat_design_preset
77.03,2.321312,2.310900,0.010412,0.000000,synthetic_chat_design_preset
77.04,2.324826,2.311200,0.013626,0.000000,synthetic_chat_design_preset
77.05,2.328125,2.311500,0.016625,0.000000,synthetic_chat_design_preset
77.06,2.331162,2.311800,0.019362,0.000000,synthetic_chat_design_preset
77.07,2.333893,2.312100,0.021793,0.000000,synthetic_chat_design_preset
77.08,2.336281,2.312400,0.023881,0.000000,synthetic_chat_design_preset
77.09,2.338292,2.312700,0.025592,0.000000,synthetic_chat_design_preset
77.10,2.339900,2.313000,0.026900,0.000000,synthetic_chat_design_preset
77.11,2.341083,2.313300,0.027783,0.000000,synthetic_chat_design_preset
77.12,2.341828,2.313600,0.028228,0.000000,synthetic_chat_design_preset
77.13,2.342128,2.313900,0.028228,0.000000,synthetic_chat_design_preset
77.14,2.341983,2.314200,0.027783,0.000000,synthetic_chat_design_preset
77.15,2.341400,2.314500,0.026900,0.000000,synthetic_chat_design_preset
77.16,2.340392,2.314800,0.025592,0.000000,synthetic_chat_design_preset
77.17,2.338981,2.315100,0.023881,0.000000,synthetic_chat_design_preset
77.18,2.337193,2.315400,0.021793,0.000000,synthetic_chat_design_preset
77.19,2.335062,2.315700,0.019362,0.000000,synthetic_chat_design_preset
77.20,2.332625,2.316000,0.016625,0.000000,synthetic_chat_design_preset
77.21,2.329926,2.316300,0.013626,0.000000,synthetic_chat_design_preset
77.22,2.327012,2.316600,0.010412,0.000000,synthetic_chat_design_preset
77.23,2.323934,2.316900,0.007034,0.000000,synthetic_chat_design_preset
77.24,2.320745,2.317200,0.003545,0.000000,synthetic_chat_design_preset
77.25,2.317500,2.317500,0.000000,0.000000,synthetic_chat_design_preset
77.26,2.314255,2.317800,-0.003545,0.000000,synthetic_chat_design_preset
77.27,2.311066,2.318100,-0.007034,0.000000,synthetic_chat_design_preset
77.28,2.307988,2.318400,-0.010412,0.000000,synthetic_chat_design_preset
77.29,2.305074,2.318700,-0.013626,0.000000,synthetic_chat_design_preset
77.30,2.302375,2.319000,-0.016625,0.000000,synthetic_chat_design_preset
77.31,2.299938,2.319300,-0.019362,0.000000,synthetic_chat_design_preset
77.32,2.297807,2.319600,-0.021793,0.000000,synthetic_chat_design_preset
77.33,2.296019,2.319900,-0.023881,0.000000,synthetic_chat_design_preset
77.34,2.294608,2.320200,-0.025592,0.000000,synthetic_chat_design_preset
77.35,2.293600,2.320500,-0.026900,0.000000,synthetic_chat_design_preset
77.36,2.293017,2.320800,-0.027783,0.000000,synthetic_chat_design_preset
77.37,2.292872,2.321100,-0.028228,0.000000,synthetic_chat_design_preset
77.38,2.293172,2.321400,-0.028228,0.000000,synthetic_chat_design_preset
77.39,2.293917,2.321700,-0.027783,0.000000,synthetic_chat_design_preset
77.40,2.295100,2.322000,-0.026900,0.000000,synthetic_chat_design_preset
77.41,2.296708,2.322300,-0.025592,0.000000,synthetic_chat_design_preset
77.42,2.298719,2.322600,-0.023881,0.000000,synthetic_chat_design_preset
77.43,2.301107,2.322900,-0.021793,0.000000,synthetic_chat_design_preset
77.44,2.303838,2.323200,-0.019362,0.000000,synthetic_chat_design_preset
77.45,2.306875,2.323500,-0.016625,0.000000,synthetic_chat_design_preset
77.46,2.310174,2.323800,-0.013626,0.000000,synthetic_chat_design_preset
77.47,2.313688,2.324100,-0.010412,0.000000,synthetic_chat_design_preset
77.48,2.317366,2.324400,-0.007034,0.000000,synthetic_chat_design_preset
77.49,2.321155,2.324700,-0.003545,0.000000,synthetic_chat_design_preset
77.50,2.325000,2.325000,-0.000000,0.000000,synthetic_chat_design_preset
77.51,2.328845,2.325300,0.003545,0.000000,synthetic_chat_design_preset
77.52,2.332634,2.325600,0.007034,0.000000,synthetic_chat_design_preset
77.53,2.336312,2.325900,0.010412,0.000000,synthetic_chat_design_preset
77.54,2.339826,2.326200,0.013626,0.000000,synthetic_chat_design_preset
77.55,2.343125,2.326500,0.016625,0.000000,synthetic_chat_design_preset
77.56,2.346162,2.326800,0.019362,0.000000,synthetic_chat_design_preset
77.57,2.348893,2.327100,0.021793,0.000000,synthetic_chat_design_preset
77.58,2.351281,2.327400,0.023881,0.000000,synthetic_chat_design_preset
77.59,2.353292,2.327700,0.025592,0.000000,synthetic_chat_design_preset
77.60,2.354900,2.328000,0.026900,0.000000,synthetic_chat_design_preset
77.61,2.356083,2.328300,0.027783,0.000000,synthetic_chat_design_preset
77.62,2.356828,2.328600,0.028228,0.000000,synthetic_chat_design_preset
77.63,2.357128,2.328900,0.028228,0.000000,synthetic_chat_design_preset
77.64,2.356983,2.329200,0.027783,0.000000,synthetic_chat_design_preset
77.65,2.356400,2.329500,0.026900,0.000000,synthetic_chat_design_preset
77.66,2.355392,2.329800,0.025592,0.000000,synthetic_chat_design_preset
77.67,2.353981,2.330100,0.023881,0.000000,synthetic_chat_design_preset
77.68,2.352193,2.330400,0.021793,0.000000,synthetic_chat_design_preset
77.69,2.350062,2.330700,0.019362,0.000000,synthetic_chat_design_preset
77.70,2.347625,2.331000,0.016625,0.000000,synthetic_chat_design_preset
77.71,2.344926,2.331300,0.013626,0.000000,synthetic_chat_design_preset
77.72,2.342012,2.331600,0.010412,0.000000,synthetic_chat_design_preset
77.73,2.338934,2.331900,0.007034,0.000000,synthetic_chat_design_preset
77.74,2.335745,2.332200,0.003545,0.000000,synthetic_chat_design_preset
77.75,2.332500,2.332500,0.000000,0.000000,synthetic_chat_design_preset
77.76,2.329255,2.332800,-0.003545,0.000000,synthetic_chat_design_preset
77.77,2.326066,2.333100,-0.007034,0.000000,synthetic_chat_design_preset
77.78,2.322988,2.333400,-0.010412,0.000000,synthetic_chat_design_preset
77.79,2.320074,2.333700,-0.013626,0.000000,synthetic_chat_design_preset
77.80,2.317375,2.334000,-0.016625,0.000000,synthetic_chat_design_preset
77.81,2.314938,2.334300,-0.019362,0.000000,synthetic_chat_design_preset
77.82,2.312807,2.334600,-0.021793,0.000000,synthetic_chat_design_preset
77.83,2.311019,2.334900,-0.023881,0.000000,synthetic_chat_design_preset
77.84,2.309608,2.335200,-0.025592,0.000000,synthetic_chat_design_preset
77.85,2.308600,2.335500,-0.026900,0.000000,synthetic_chat_design_preset
77.86,2.308017,2.335800,-0.027783,0.000000,synthetic_chat_design_preset
77.87,2.307872,2.336100,-0.028228,0.000000,synthetic_chat_design_preset
77.88,2.308172,2.336400,-0.028228,0.000000,synthetic_chat_design_preset
77.89,2.308917,2.336700,-0.027783,0.000000,synthetic_chat_design_preset
77.90,2.310100,2.337000,-0.026900,0.000000,synthetic_chat_design_preset
77.91,2.311708,2.337300,-0.025592,0.000000,synthetic_chat_design_preset
77.92,2.313719,2.337600,-0.023881,0.000000,synthetic_chat_design_preset
77.93,2.316107,2.337900,-0.021793,0.000000,synthetic_chat_design_preset
77.94,2.318838,2.338200,-0.019362,0.000000,synthetic_chat_design_preset
77.95,2.321875,2.338500,-0.016625,0.000000,synthetic_chat_design_preset
77.96,2.325174,2.338800,-0.013626,0.000000,synthetic_chat_design_preset
77.97,2.328688,2.339100,-0.010412,0.000000,synthetic_chat_design_preset
77.98,2.332366,2.339400,-0.007034,0.000000,synthetic_chat_design_preset
77.99,2.336155,2.339700,-0.003545,0.000000,synthetic_chat_design_preset
78.00,2.340000,2.340000,-0.000000,0.000000,synthetic_chat_design_preset
78.01,2.343845,2.340300,0.003545,0.000000,synthetic_chat_design_preset
78.02,2.347634,2.340600,0.007034,0.000000,synthetic_chat_design_preset
78.03,2.351312,2.340900,0.010412,0.000000,synthetic_chat_design_preset
78.04,2.354826,2.341200,0.013626,0.000000,synthetic_chat_design_preset
78.05,2.358125,2.341500,0.016625,0.000000,synthetic_chat_design_preset
78.06,2.361162,2.341800,0.019362,0.000000,synthetic_chat_design_preset
78.07,2.363893,2.342100,0.021793,0.000000,synthetic_chat_design_preset
78.08,2.366281,2.342400,0.023881,0.000000,synthetic_chat_design_preset
78.09,2.368292,2.342700,0.025592,0.000000,synthetic_chat_design_preset
78.10,2.369900,2.343000,0.026900,0.000000,synthetic_chat_design_preset
78.11,2.371083,2.343300,0.027783,0.000000,synthetic_chat_design_preset
78.12,2.371828,2.343600,0.028228,0.000000,synthetic_chat_design_preset
78.13,2.372128,2.343900,0.028228,0.000000,synthetic_chat_design_preset
78.14,2.371983,2.344200,0.027783,0.000000,synthetic_chat_design_preset
78.15,2.371400,2.344500,0.026900,0.000000,synthetic_chat_design_preset
78.16,2.370392,2.344800,0.025592,0.000000,synthetic_chat_design_preset
78.17,2.368981,2.345100,0.023881,0.000000,synthetic_chat_design_preset
78.18,2.367193,2.345400,0.021793,0.000000,synthetic_chat_design_preset
78.19,2.365062,2.345700,0.019362,0.000000,synthetic_chat_design_preset
78.20,2.362625,2.346000,0.016625,0.000000,synthetic_chat_design_preset
78.21,2.359926,2.346300,0.013626,0.000000,synthetic_chat_design_preset
78.22,2.357012,2.346600,0.010412,0.000000,synthetic_chat_design_preset
78.23,2.353934,2.346900,0.007034,0.000000,synthetic_chat_design_preset
78.24,2.350745,2.347200,0.003545,0.000000,synthetic_chat_design_preset
78.25,2.347500,2.347500,0.000000,0.000000,synthetic_chat_design_preset
78.26,2.344255,2.347800,-0.003545,0.000000,synthetic_chat_design_preset
78.27,2.341066,2.348100,-0.007034,0.000000,synthetic_chat_design_preset
78.28,2.337988,2.348400,-0.010412,0.000000,synthetic_chat_design_preset
78.29,2.335074,2.348700,-0.013626,0.000000,synthetic_chat_design_preset
78.30,2.332375,2.349000,-0.016625,0.000000,synthetic_chat_design_preset
78.31,2.329938,2.349300,-0.019362,0.000000,synthetic_chat_design_preset
78.32,2.327807,2.349600,-0.021793,0.000000,synthetic_chat_design_preset
78.33,2.326019,2.349900,-0.023881,0.000000,synthetic_chat_design_preset
78.34,2.324608,2.350200,-0.025592,0.000000,synthetic_chat_design_preset
78.35,2.323600,2.350500,-0.026900,0.000000,synthetic_chat_design_preset
78.36,2.323017,2.350800,-0.027783,0.000000,synthetic_chat_design_preset
78.37,2.322872,2.351100,-0.028228,0.000000,synthetic_chat_design_preset
78.38,2.323172,2.351400,-0.028228,0.000000,synthetic_chat_design_preset
78.39,2.323917,2.351700,-0.027783,0.000000,synthetic_chat_design_preset
78.40,2.325100,2.352000,-0.026900,0.000000,synthetic_chat_design_preset
78.41,2.326708,2.352300,-0.025592,0.000000,synthetic_chat_design_preset
78.42,2.328719,2.352600,-0.023881,0.000000,synthetic_chat_design_preset
78.43,2.331107,2.352900,-0.021793,0.000000,synthetic_chat_design_preset
78.44,2.333838,2.353200,-0.019362,0.000000,synthetic_chat_design_preset
78.45,2.336875,2.353500,-0.016625,0.000000,synthetic_chat_design_preset
78.46,2.340174,2.353800,-0.013626,0.000000,synthetic_chat_design_preset
78.47,2.343688,2.354100,-0.010412,0.000000,synthetic_chat_design_preset
78.48,2.347366,2.354400,-0.007034,0.000000,synthetic_chat_design_preset
78.49,2.351155,2.354700,-0.003545,0.000000,synthetic_chat_design_preset
78.50,2.355000,2.355000,-0.000000,0.000000,synthetic_chat_design_preset
78.51,2.358845,2.355300,0.003545,0.000000,synthetic_chat_design_preset
78.52,2.362634,2.355600,0.007034,0.000000,synthetic_chat_design_preset
78.53,2.366312,2.355900,0.010412,0.000000,synthetic_chat_design_preset
78.54,2.369826,2.356200,0.013626,0.000000,synthetic_chat_design_preset
78.55,2.373125,2.356500,0.016625,0.000000,synthetic_chat_design_preset
78.56,2.376162,2.356800,0.019362,0.000000,synthetic_chat_design_preset
78.57,2.378893,2.357100,0.021793,0.000000,synthetic_chat_design_preset
78.58,2.381281,2.357400,0.023881,0.000000,synthetic_chat_design_preset
78.59,2.383292,2.357700,0.025592,0.000000,synthetic_chat_design_preset
78.60,2.384900,2.358000,0.026900,0.000000,synthetic_chat_design_preset
78.61,2.386083,2.358300,0.027783,0.000000,synthetic_chat_design_preset
78.62,2.386828,2.358600,0.028228,0.000000,synthetic_chat_design_preset
78.63,2.387128,2.358900,0.028228,0.000000,synthetic_chat_design_preset
78.64,2.386983,2.359200,0.027783,0.000000,synthetic_chat_design_preset
78.65,2.386400,2.359500,0.026900,0.000000,synthetic_chat_design_preset
78.66,2.385392,2.359800,0.025592,0.000000,synthetic_chat_design_preset
78.67,2.383981,2.360100,0.023881,0.000000,synthetic_chat_design_preset
78.68,2.382193,2.360400,0.021793,0.000000,synthetic_chat_design_preset
78.69,2.380062,2.360700,0.019362,0.000000,synthetic_chat_design_preset
78.70,2.377625,2.361000,0.016625,0.000000,synthetic_chat_design_preset
78.71,2.374926,2.361300,0.013626,0.000000,synthetic_chat_design_preset
78.72,2.372012,2.361600,0.010412,0.000000,synthetic_chat_design_preset
78.73,2.368934,2.361900,0.007034,0.000000,synthetic_chat_design_preset
78.74,2.365745,2.362200,0.003545,0.000000,synthetic_chat_design_preset
78.75,2.362500,2.362500,-0.000000,0.000000,synthetic_chat_design_preset
78.76,2.359255,2.362800,-0.003545,0.000000,synthetic_chat_design_preset
78.77,2.356066,2.363100,-0.007034,0.000000,synthetic_chat_design_preset
78.78,2.352988,2.363400,-0.010412,0.000000,synthetic_chat_design_preset
78.79,2.350074,2.363700,-0.013626,0.000000,synthetic_chat_design_preset
78.80,2.347375,2.364000,-0.016625,0.000000,synthetic_chat_design_preset
78.81,2.344938,2.364300,-0.019362,0.000000,synthetic_chat_design_preset
78.82,2.342807,2.364600,-0.021793,0.000000,synthetic_chat_design_preset
78.83,2.341019,2.364900,-0.023881,0.000000,synthetic_chat_design_preset
78.84,2.339608,2.365200,-0.025592,0.000000,synthetic_chat_design_preset
78.85,2.338600,2.365500,-0.026900,0.000000,synthetic_chat_design_preset
78.86,2.338017,2.365800,-0.027783,0.000000,synthetic_chat_design_preset
78.87,2.337872,2.366100,-0.028228,0.000000,synthetic_chat_design_preset
78.88,2.338172,2.366400,-0.028228,0.000000,synthetic_chat_design_preset
78.89,2.338917,2.366700,-0.027783,0.000000,synthetic_chat_design_preset
78.90,2.340100,2.367000,-0.026900,0.000000,synthetic_chat_design_preset
78.91,2.341708,2.367300,-0.025592,0.000000,synthetic_chat_design_preset
78.92,2.343719,2.367600,-0.023881,0.000000,synthetic_chat_design_preset
78.93,2.346107,2.367900,-0.021793,0.000000,synthetic_chat_design_preset
78.94,2.348838,2.368200,-0.019362,0.000000,synthetic_chat_design_preset
78.95,2.351875,2.368500,-0.016625,0.000000,synthetic_chat_design_preset
78.96,2.355174,2.368800,-0.013626,0.000000,synthetic_chat_design_preset
78.97,2.358688,2.369100,-0.010412,0.000000,synthetic_chat_design_preset
78.98,2.362366,2.369400,-0.007034,0.000000,synthetic_chat_design_preset
78.99,2.366155,2.369700,-0.003545,0.000000,synthetic_chat_design_preset
79.00,2.370000,2.370000,0.000000,0.000000,synthetic_chat_design_preset
79.01,2.373845,2.370300,0.003545,0.000000,synthetic_chat_design_preset
79.02,2.377634,2.370600,0.007034,0.000000,synthetic_chat_design_preset
79.03,2.381312,2.370900,0.010412,0.000000,synthetic_chat_design_preset
79.04,2.384826,2.371200,0.013626,0.000000,synthetic_chat_design_preset
79.05,2.388125,2.371500,0.016625,0.000000,synthetic_chat_design_preset
79.06,2.391162,2.371800,0.019362,0.000000,synthetic_chat_design_preset
79.07,2.393893,2.372100,0.021793,0.000000,synthetic_chat_design_preset
79.08,2.396281,2.372400,0.023881,0.000000,synthetic_chat_design_preset
79.09,2.398292,2.372700,0.025592,0.000000,synthetic_chat_design_preset
79.10,2.399900,2.373000,0.026900,0.000000,synthetic_chat_design_preset
79.11,2.401083,2.373300,0.027783,0.000000,synthetic_chat_design_preset
79.12,2.401828,2.373600,0.028228,0.000000,synthetic_chat_design_preset
79.13,2.402128,2.373900,0.028228,0.000000,synthetic_chat_design_preset
79.14,2.401983,2.374200,0.027783,0.000000,synthetic_chat_design_preset
79.15,2.401400,2.374500,0.026900,0.000000,synthetic_chat_design_preset
79.16,2.400392,2.374800,0.025592,0.000000,synthetic_chat_design_preset
79.17,2.398981,2.375100,0.023881,0.000000,synthetic_chat_design_preset
79.18,2.397193,2.375400,0.021793,0.000000,synthetic_chat_design_preset
79.19,2.395062,2.375700,0.019362,0.000000,synthetic_chat_design_preset
79.20,2.392625,2.376000,0.016625,0.000000,synthetic_chat_design_preset
79.21,2.389926,2.376300,0.013626,0.000000,synthetic_chat_design_preset
79.22,2.387012,2.376600,0.010412,0.000000,synthetic_chat_design_preset
79.23,2.383934,2.376900,0.007034,0.000000,synthetic_chat_design_preset
79.24,2.380745,2.377200,0.003545,0.000000,synthetic_chat_design_preset
79.25,2.377500,2.377500,0.000000,0.000000,synthetic_chat_design_preset
79.26,2.374255,2.377800,-0.003545,0.000000,synthetic_chat_design_preset
79.27,2.371066,2.378100,-0.007034,0.000000,synthetic_chat_design_preset
79.28,2.367988,2.378400,-0.010412,0.000000,synthetic_chat_design_preset
79.29,2.365074,2.378700,-0.013626,0.000000,synthetic_chat_design_preset
79.30,2.362375,2.379000,-0.016625,0.000000,synthetic_chat_design_preset
79.31,2.359938,2.379300,-0.019362,0.000000,synthetic_chat_design_preset
79.32,2.357807,2.379600,-0.021793,0.000000,synthetic_chat_design_preset
79.33,2.356019,2.379900,-0.023881,0.000000,synthetic_chat_design_preset
79.34,2.354608,2.380200,-0.025592,0.000000,synthetic_chat_design_preset
79.35,2.353600,2.380500,-0.026900,0.000000,synthetic_chat_design_preset
79.36,2.353017,2.380800,-0.027783,0.000000,synthetic_chat_design_preset
79.37,2.352872,2.381100,-0.028228,0.000000,synthetic_chat_design_preset
79.38,2.353172,2.381400,-0.028228,0.000000,synthetic_chat_design_preset
79.39,2.353917,2.381700,-0.027783,0.000000,synthetic_chat_design_preset
79.40,2.355100,2.382000,-0.026900,0.000000,synthetic_chat_design_preset
79.41,2.356708,2.382300,-0.025592,0.000000,synthetic_chat_design_preset
79.42,2.358719,2.382600,-0.023881,0.000000,synthetic_chat_design_preset
79.43,2.361107,2.382900,-0.021793,0.000000,synthetic_chat_design_preset
79.44,2.363838,2.383200,-0.019362,0.000000,synthetic_chat_design_preset
79.45,2.366875,2.383500,-0.016625,0.000000,synthetic_chat_design_preset
79.46,2.370174,2.383800,-0.013626,0.000000,synthetic_chat_design_preset
79.47,2.373688,2.384100,-0.010412,0.000000,synthetic_chat_design_preset
79.48,2.377366,2.384400,-0.007034,0.000000,synthetic_chat_design_preset
79.49,2.381155,2.384700,-0.003545,0.000000,synthetic_chat_design_preset
79.50,2.385000,2.385000,-0.000000,0.000000,synthetic_chat_design_preset
79.51,2.388845,2.385300,0.003545,0.000000,synthetic_chat_design_preset
79.52,2.392634,2.385600,0.007034,0.000000,synthetic_chat_design_preset
79.53,2.396312,2.385900,0.010412,0.000000,synthetic_chat_design_preset
79.54,2.399826,2.386200,0.013626,0.000000,synthetic_chat_design_preset
79.55,2.403125,2.386500,0.016625,0.000000,synthetic_chat_design_preset
79.56,2.406162,2.386800,0.019362,0.000000,synthetic_chat_design_preset
79.57,2.408893,2.387100,0.021793,0.000000,synthetic_chat_design_preset
79.58,2.411281,2.387400,0.023881,0.000000,synthetic_chat_design_preset
79.59,2.413292,2.387700,0.025592,0.000000,synthetic_chat_design_preset
79.60,2.414900,2.388000,0.026900,0.000000,synthetic_chat_design_preset
79.61,2.416083,2.388300,0.027783,0.000000,synthetic_chat_design_preset
79.62,2.416828,2.388600,0.028228,0.000000,synthetic_chat_design_preset
79.63,2.417128,2.388900,0.028228,0.000000,synthetic_chat_design_preset
79.64,2.416983,2.389200,0.027783,0.000000,synthetic_chat_design_preset
79.65,2.416400,2.389500,0.026900,0.000000,synthetic_chat_design_preset
79.66,2.415392,2.389800,0.025592,0.000000,synthetic_chat_design_preset
79.67,2.413981,2.390100,0.023881,0.000000,synthetic_chat_design_preset
79.68,2.412193,2.390400,0.021793,0.000000,synthetic_chat_design_preset
79.69,2.410062,2.390700,0.019362,0.000000,synthetic_chat_design_preset
79.70,2.407625,2.391000,0.016625,0.000000,synthetic_chat_design_preset
79.71,2.404926,2.391300,0.013626,0.000000,synthetic_chat_design_preset
79.72,2.402012,2.391600,0.010412,0.000000,synthetic_chat_design_preset
79.73,2.398934,2.391900,0.007034,0.000000,synthetic_chat_design_preset
79.74,2.395745,2.392200,0.003545,0.000000,synthetic_chat_design_preset
79.75,2.392500,2.392500,0.000000,0.000000,synthetic_chat_design_preset
79.76,2.389255,2.392800,-0.003545,0.000000,synthetic_chat_design_preset
79.77,2.386066,2.393100,-0.007034,0.000000,synthetic_chat_design_preset
79.78,2.382988,2.393400,-0.010412,0.000000,synthetic_chat_design_preset
79.79,2.380074,2.393700,-0.013626,0.000000,synthetic_chat_design_preset
79.80,2.377375,2.394000,-0.016625,0.000000,synthetic_chat_design_preset
79.81,2.374938,2.394300,-0.019362,0.000000,synthetic_chat_design_preset
79.82,2.372807,2.394600,-0.021793,0.000000,synthetic_chat_design_preset
79.83,2.371019,2.394900,-0.023881,0.000000,synthetic_chat_design_preset
79.84,2.369608,2.395200,-0.025592,0.000000,synthetic_chat_design_preset
79.85,2.368600,2.395500,-0.026900,0.000000,synthetic_chat_design_preset
79.86,2.368017,2.395800,-0.027783,0.000000,synthetic_chat_design_preset
79.87,2.367872,2.396100,-0.028228,0.000000,synthetic_chat_design_preset
79.88,2.368172,2.396400,-0.028228,0.000000,synthetic_chat_design_preset
79.89,2.368917,2.396700,-0.027783,0.000000,synthetic_chat_design_preset
79.90,2.370100,2.397000,-0.026900,0.000000,synthetic_chat_design_preset
79.91,2.371708,2.397300,-0.025592,0.000000,synthetic_chat_design_preset
79.92,2.373719,2.397600,-0.023881,0.000000,synthetic_chat_design_preset
79.93,2.376107,2.397900,-0.021793,0.000000,synthetic_chat_design_preset
79.94,2.378838,2.398200,-0.019362,0.000000,synthetic_chat_design_preset
79.95,2.381875,2.398500,-0.016625,0.000000,synthetic_chat_design_preset
79.96,2.385174,2.398800,-0.013626,0.000000,synthetic_chat_design_preset
79.97,2.388688,2.399100,-0.010412,0.000000,synthetic_chat_design_preset
79.98,2.392366,2.399400,-0.007034,0.000000,synthetic_chat_design_preset
79.99,2.396155,2.399700,-0.003545,0.000000,synthetic_chat_design_preset
80.00,2.400000,2.400000,-0.000000,0.000000,synthetic_chat_design_preset
80.01,2.403845,2.400300,0.003545,0.000000,synthetic_chat_design_preset
80.02,2.407634,2.400600,0.007034,0.000000,synthetic_chat_design_preset
80.03,2.411312,2.400900,0.010412,0.000000,synthetic_chat_design_preset
80.04,2.414826,2.401200,0.013626,0.000000,synthetic_chat_design_preset
80.05,2.418125,2.401500,0.016625,0.000000,synthetic_chat_design_preset
80.06,2.421162,2.401800,0.019362,0.000000,synthetic_chat_design_preset
80.07,2.423893,2.402100,0.021793,0.000000,synthetic_chat_design_preset
80.08,2.426281,2.402400,0.023881,0.000000,synthetic_chat_design_preset
80.09,2.428292,2.402700,0.025592,0.000000,synthetic_chat_design_preset
80.10,2.429900,2.403000,0.026900,0.000000,synthetic_chat_design_preset
80.11,2.431083,2.403300,0.027783,0.000000,synthetic_chat_design_preset
80.12,2.431828,2.403600,0.028228,0.000000,synthetic_chat_design_preset
80.13,2.432128,2.403900,0.028228,0.000000,synthetic_chat_design_preset
80.14,2.431983,2.404200,0.027783,0.000000,synthetic_chat_design_preset
80.15,2.431400,2.404500,0.026900,0.000000,synthetic_chat_design_preset
80.16,2.430392,2.404800,0.025592,0.000000,synthetic_chat_design_preset
80.17,2.428981,2.405100,0.023881,0.000000,synthetic_chat_design_preset
80.18,2.427193,2.405400,0.021793,0.000000,synthetic_chat_design_preset
80.19,2.425062,2.405700,0.019362,0.000000,synthetic_chat_design_preset
80.20,2.422625,2.406000,0.016625,0.000000,synthetic_chat_design_preset
80.21,2.419926,2.406300,0.013626,0.000000,synthetic_chat_design_preset
80.22,2.417012,2.406600,0.010412,0.000000,synthetic_chat_design_preset
80.23,2.413934,2.406900,0.007034,0.000000,synthetic_chat_design_preset
80.24,2.410745,2.407200,0.003545,0.000000,synthetic_chat_design_preset
80.25,2.407500,2.407500,0.000000,0.000000,synthetic_chat_design_preset
80.26,2.404255,2.407800,-0.003545,0.000000,synthetic_chat_design_preset
80.27,2.401066,2.408100,-0.007034,0.000000,synthetic_chat_design_preset
80.28,2.397988,2.408400,-0.010412,0.000000,synthetic_chat_design_preset
80.29,2.395074,2.408700,-0.013626,0.000000,synthetic_chat_design_preset
80.30,2.392375,2.409000,-0.016625,0.000000,synthetic_chat_design_preset
80.31,2.389938,2.409300,-0.019362,0.000000,synthetic_chat_design_preset
80.32,2.387807,2.409600,-0.021793,0.000000,synthetic_chat_design_preset
80.33,2.386019,2.409900,-0.023881,0.000000,synthetic_chat_design_preset
80.34,2.384608,2.410200,-0.025592,0.000000,synthetic_chat_design_preset
80.35,2.383600,2.410500,-0.026900,0.000000,synthetic_chat_design_preset
80.36,2.383017,2.410800,-0.027783,0.000000,synthetic_chat_design_preset
80.37,2.382872,2.411100,-0.028228,0.000000,synthetic_chat_design_preset
80.38,2.383172,2.411400,-0.028228,0.000000,synthetic_chat_design_preset
80.39,2.383917,2.411700,-0.027783,0.000000,synthetic_chat_design_preset
80.40,2.385100,2.412000,-0.026900,0.000000,synthetic_chat_design_preset
80.41,2.386708,2.412300,-0.025592,0.000000,synthetic_chat_design_preset
80.42,2.388719,2.412600,-0.023881,0.000000,synthetic_chat_design_preset
80.43,2.391107,2.412900,-0.021793,0.000000,synthetic_chat_design_preset
80.44,2.393838,2.413200,-0.019362,0.000000,synthetic_chat_design_preset
80.45,2.396875,2.413500,-0.016625,0.000000,synthetic_chat_design_preset
80.46,2.400174,2.413800,-0.013626,0.000000,synthetic_chat_design_preset
80.47,2.403688,2.414100,-0.010412,0.000000,synthetic_chat_design_preset
80.48,2.407366,2.414400,-0.007034,0.000000,synthetic_chat_design_preset
80.49,2.411155,2.414700,-0.003545,0.000000,synthetic_chat_design_preset
80.50,2.415000,2.415000,-0.000000,0.000000,synthetic_chat_design_preset
80.51,2.418845,2.415300,0.003545,0.000000,synthetic_chat_design_preset
80.52,2.422634,2.415600,0.007034,0.000000,synthetic_chat_design_preset
80.53,2.426312,2.415900,0.010412,0.000000,synthetic_chat_design_preset
80.54,2.429826,2.416200,0.013626,0.000000,synthetic_chat_design_preset
80.55,2.433125,2.416500,0.016625,0.000000,synthetic_chat_design_preset
80.56,2.436162,2.416800,0.019362,0.000000,synthetic_chat_design_preset
80.57,2.438893,2.417100,0.021793,0.000000,synthetic_chat_design_preset
80.58,2.441281,2.417400,0.023881,0.000000,synthetic_chat_design_preset
80.59,2.443292,2.417700,0.025592,0.000000,synthetic_chat_design_preset
80.60,2.444900,2.418000,0.026900,0.000000,synthetic_chat_design_preset
80.61,2.446083,2.418300,0.027783,0.000000,synthetic_chat_design_preset
80.62,2.446828,2.418600,0.028228,0.000000,synthetic_chat_design_preset
80.63,2.447128,2.418900,0.028228,0.000000,synthetic_chat_design_preset
80.64,2.446983,2.419200,0.027783,0.000000,synthetic_chat_design_preset
80.65,2.446400,2.419500,0.026900,0.000000,synthetic_chat_design_preset
80.66,2.445392,2.419800,0.025592,0.000000,synthetic_chat_design_preset
80.67,2.443981,2.420100,0.023881,0.000000,synthetic_chat_design_preset
80.68,2.442193,2.420400,0.021793,0.000000,synthetic_chat_design_preset
80.69,2.440062,2.420700,0.019362,0.000000,synthetic_chat_design_preset
80.70,2.437625,2.421000,0.016625,0.000000,synthetic_chat_design_preset
80.71,2.434926,2.421300,0.013626,0.000000,synthetic_chat_design_preset
80.72,2.432012,2.421600,0.010412,0.000000,synthetic_chat_design_preset
80.73,2.428934,2.421900,0.007034,0.000000,synthetic_chat_design_preset
80.74,2.425745,2.422200,0.003545,0.000000,synthetic_chat_design_preset
80.75,2.422500,2.422500,0.000000,0.000000,synthetic_chat_design_preset
80.76,2.419255,2.422800,-0.003545,0.000000,synthetic_chat_design_preset
80.77,2.416066,2.423100,-0.007034,0.000000,synthetic_chat_design_preset
80.78,2.412988,2.423400,-0.010412,0.000000,synthetic_chat_design_preset
80.79,2.410074,2.423700,-0.013626,0.000000,synthetic_chat_design_preset
80.80,2.407375,2.424000,-0.016625,0.000000,synthetic_chat_design_preset
80.81,2.404938,2.424300,-0.019362,0.000000,synthetic_chat_design_preset
80.82,2.402807,2.424600,-0.021793,0.000000,synthetic_chat_design_preset
80.83,2.401019,2.424900,-0.023881,0.000000,synthetic_chat_design_preset
80.84,2.399608,2.425200,-0.025592,0.000000,synthetic_chat_design_preset
80.85,2.398600,2.425500,-0.026900,0.000000,synthetic_chat_design_preset
80.86,2.398017,2.425800,-0.027783,0.000000,synthetic_chat_design_preset
80.87,2.397872,2.426100,-0.028228,0.000000,synthetic_chat_design_preset
80.88,2.398172,2.426400,-0.028228,0.000000,synthetic_chat_design_preset
80.89,2.398917,2.426700,-0.027783,0.000000,synthetic_chat_design_preset
80.90,2.400100,2.427000,-0.026900,0.000000,synthetic_chat_design_preset
80.91,2.401708,2.427300,-0.025592,0.000000,synthetic_chat_design_preset
80.92,2.403719,2.427600,-0.023881,0.000000,synthetic_chat_design_preset
80.93,2.406107,2.427900,-0.021793,0.000000,synthetic_chat_design_preset
80.94,2.408838,2.428200,-0.019362,0.000000,synthetic_chat_design_preset
80.95,2.411875,2.428500,-0.016625,0.000000,synthetic_chat_design_preset
80.96,2.415174,2.428800,-0.013626,0.000000,synthetic_chat_design_preset
80.97,2.418688,2.429100,-0.010412,0.000000,synthetic_chat_design_preset
80.98,2.422366,2.429400,-0.007034,0.000000,synthetic_chat_design_preset
80.99,2.426155,2.429700,-0.003545,0.000000,synthetic_chat_design_preset
81.00,2.430000,2.430000,-0.000000,0.000000,synthetic_chat_design_preset
81.01,2.433845,2.430300,0.003545,0.000000,synthetic_chat_design_preset
81.02,2.437634,2.430600,0.007034,0.000000,synthetic_chat_design_preset
81.03,2.441312,2.430900,0.010412,0.000000,synthetic_chat_design_preset
81.04,2.444826,2.431200,0.013626,0.000000,synthetic_chat_design_preset
81.05,2.448125,2.431500,0.016625,0.000000,synthetic_chat_design_preset
81.06,2.451162,2.431800,0.019362,0.000000,synthetic_chat_design_preset
81.07,2.453893,2.432100,0.021793,0.000000,synthetic_chat_design_preset
81.08,2.456281,2.432400,0.023881,0.000000,synthetic_chat_design_preset
81.09,2.458292,2.432700,0.025592,0.000000,synthetic_chat_design_preset
81.10,2.459900,2.433000,0.026900,0.000000,synthetic_chat_design_preset
81.11,2.461083,2.433300,0.027783,0.000000,synthetic_chat_design_preset
81.12,2.461828,2.433600,0.028228,0.000000,synthetic_chat_design_preset
81.13,2.462128,2.433900,0.028228,0.000000,synthetic_chat_design_preset
81.14,2.461983,2.434200,0.027783,0.000000,synthetic_chat_design_preset
81.15,2.461400,2.434500,0.026900,0.000000,synthetic_chat_design_preset
81.16,2.460392,2.434800,0.025592,0.000000,synthetic_chat_design_preset
81.17,2.458981,2.435100,0.023881,0.000000,synthetic_chat_design_preset
81.18,2.457193,2.435400,0.021793,0.000000,synthetic_chat_design_preset
81.19,2.455062,2.435700,0.019362,0.000000,synthetic_chat_design_preset
81.20,2.452625,2.436000,0.016625,0.000000,synthetic_chat_design_preset
81.21,2.449926,2.436300,0.013626,0.000000,synthetic_chat_design_preset
81.22,2.447012,2.436600,0.010412,0.000000,synthetic_chat_design_preset
81.23,2.443934,2.436900,0.007034,0.000000,synthetic_chat_design_preset
81.24,2.440745,2.437200,0.003545,0.000000,synthetic_chat_design_preset
81.25,2.437500,2.437500,0.000000,0.000000,synthetic_chat_design_preset
81.26,2.434255,2.437800,-0.003545,0.000000,synthetic_chat_design_preset
81.27,2.431066,2.438100,-0.007034,0.000000,synthetic_chat_design_preset
81.28,2.427988,2.438400,-0.010412,0.000000,synthetic_chat_design_preset
81.29,2.425074,2.438700,-0.013626,0.000000,synthetic_chat_design_preset
81.30,2.422375,2.439000,-0.016625,0.000000,synthetic_chat_design_preset
81.31,2.419938,2.439300,-0.019362,0.000000,synthetic_chat_design_preset
81.32,2.417807,2.439600,-0.021793,0.000000,synthetic_chat_design_preset
81.33,2.416019,2.439900,-0.023881,0.000000,synthetic_chat_design_preset
81.34,2.414608,2.440200,-0.025592,0.000000,synthetic_chat_design_preset
81.35,2.413600,2.440500,-0.026900,0.000000,synthetic_chat_design_preset
81.36,2.413017,2.440800,-0.027783,0.000000,synthetic_chat_design_preset
81.37,2.412872,2.441100,-0.028228,0.000000,synthetic_chat_design_preset
81.38,2.413172,2.441400,-0.028228,0.000000,synthetic_chat_design_preset
81.39,2.413917,2.441700,-0.027783,0.000000,synthetic_chat_design_preset
81.40,2.415100,2.442000,-0.026900,0.000000,synthetic_chat_design_preset
81.41,2.416708,2.442300,-0.025592,0.000000,synthetic_chat_design_preset
81.42,2.418719,2.442600,-0.023881,0.000000,synthetic_chat_design_preset
81.43,2.421107,2.442900,-0.021793,0.000000,synthetic_chat_design_preset
81.44,2.423838,2.443200,-0.019362,0.000000,synthetic_chat_design_preset
81.45,2.426875,2.443500,-0.016625,0.000000,synthetic_chat_design_preset
81.46,2.430174,2.443800,-0.013626,0.000000,synthetic_chat_design_preset
81.47,2.433688,2.444100,-0.010412,0.000000,synthetic_chat_design_preset
81.48,2.437366,2.444400,-0.007034,0.000000,synthetic_chat_design_preset
81.49,2.441155,2.444700,-0.003545,0.000000,synthetic_chat_design_preset
81.50,2.445000,2.445000,-0.000000,0.000000,synthetic_chat_design_preset
81.51,2.448845,2.445300,0.003545,0.000000,synthetic_chat_design_preset
81.52,2.452634,2.445600,0.007034,0.000000,synthetic_chat_design_preset
81.53,2.456312,2.445900,0.010412,0.000000,synthetic_chat_design_preset
81.54,2.459826,2.446200,0.013626,0.000000,synthetic_chat_design_preset
81.55,2.463125,2.446500,0.016625,0.000000,synthetic_chat_design_preset
81.56,2.466162,2.446800,0.019362,0.000000,synthetic_chat_design_preset
81.57,2.468893,2.447100,0.021793,0.000000,synthetic_chat_design_preset
81.58,2.471281,2.447400,0.023881,0.000000,synthetic_chat_design_preset
81.59,2.473292,2.447700,0.025592,0.000000,synthetic_chat_design_preset
81.60,2.474900,2.448000,0.026900,0.000000,synthetic_chat_design_preset
81.61,2.476083,2.448300,0.027783,0.000000,synthetic_chat_design_preset
81.62,2.476828,2.448600,0.028228,0.000000,synthetic_chat_design_preset
81.63,2.477128,2.448900,0.028228,0.000000,synthetic_chat_design_preset
81.64,2.476983,2.449200,0.027783,0.000000,synthetic_chat_design_preset
81.65,2.476400,2.449500,0.026900,0.000000,synthetic_chat_design_preset
81.66,2.475392,2.449800,0.025592,0.000000,synthetic_chat_design_preset
81.67,2.473981,2.450100,0.023881,0.000000,synthetic_chat_design_preset
81.68,2.472193,2.450400,0.021793,0.000000,synthetic_chat_design_preset
81.69,2.470062,2.450700,0.019362,0.000000,synthetic_chat_design_preset
81.70,2.467625,2.451000,0.016625,0.000000,synthetic_chat_design_preset
81.71,2.464926,2.451300,0.013626,0.000000,synthetic_chat_design_preset
81.72,2.462012,2.451600,0.010412,0.000000,synthetic_chat_design_preset
81.73,2.458934,2.451900,0.007034,0.000000,synthetic_chat_design_preset
81.74,2.455745,2.452200,0.003545,0.000000,synthetic_chat_design_preset
81.75,2.452500,2.452500,0.000000,0.000000,synthetic_chat_design_preset
81.76,2.449255,2.452800,-0.003545,0.000000,synthetic_chat_design_preset
81.77,2.446066,2.453100,-0.007034,0.000000,synthetic_chat_design_preset
81.78,2.442988,2.453400,-0.010412,0.000000,synthetic_chat_design_preset
81.79,2.440074,2.453700,-0.013626,0.000000,synthetic_chat_design_preset
81.80,2.437375,2.454000,-0.016625,0.000000,synthetic_chat_design_preset
81.81,2.434938,2.454300,-0.019362,0.000000,synthetic_chat_design_preset
81.82,2.432807,2.454600,-0.021793,0.000000,synthetic_chat_design_preset
81.83,2.431019,2.454900,-0.023881,0.000000,synthetic_chat_design_preset
81.84,2.429608,2.455200,-0.025592,0.000000,synthetic_chat_design_preset
81.85,2.428600,2.455500,-0.026900,0.000000,synthetic_chat_design_preset
81.86,2.428017,2.455800,-0.027783,0.000000,synthetic_chat_design_preset
81.87,2.427872,2.456100,-0.028228,0.000000,synthetic_chat_design_preset
81.88,2.428172,2.456400,-0.028228,0.000000,synthetic_chat_design_preset
81.89,2.428917,2.456700,-0.027783,0.000000,synthetic_chat_design_preset
81.90,2.430100,2.457000,-0.026900,0.000000,synthetic_chat_design_preset
81.91,2.431708,2.457300,-0.025592,0.000000,synthetic_chat_design_preset
81.92,2.433719,2.457600,-0.023881,0.000000,synthetic_chat_design_preset
81.93,2.436107,2.457900,-0.021793,0.000000,synthetic_chat_design_preset
81.94,2.438838,2.458200,-0.019362,0.000000,synthetic_chat_design_preset
81.95,2.441875,2.458500,-0.016625,0.000000,synthetic_chat_design_preset
81.96,2.445174,2.458800,-0.013626,0.000000,synthetic_chat_design_preset
81.97,2.448688,2.459100,-0.010412,0.000000,synthetic_chat_design_preset
81.98,2.452366,2.459400,-0.007034,0.000000,synthetic_chat_design_preset
81.99,2.456155,2.459700,-0.003545,0.000000,synthetic_chat_design_preset
82.00,2.460000,2.460000,-0.000000,0.000000,synthetic_chat_design_preset
82.01,2.463845,2.460300,0.003545,0.000000,synthetic_chat_design_preset
82.02,2.467634,2.460600,0.007034,0.000000,synthetic_chat_design_preset
82.03,2.471312,2.460900,0.010412,0.000000,synthetic_chat_design_preset
82.04,2.474826,2.461200,0.013626,0.000000,synthetic_chat_design_preset
82.05,2.478125,2.461500,0.016625,0.000000,synthetic_chat_design_preset
82.06,2.481162,2.461800,0.019362,0.000000,synthetic_chat_design_preset
82.07,2.483893,2.462100,0.021793,0.000000,synthetic_chat_design_preset
82.08,2.486281,2.462400,0.023881,0.000000,synthetic_chat_design_preset
82.09,2.488292,2.462700,0.025592,0.000000,synthetic_chat_design_preset
82.10,2.489900,2.463000,0.026900,0.000000,synthetic_chat_design_preset
82.11,2.491083,2.463300,0.027783,0.000000,synthetic_chat_design_preset
82.12,2.491828,2.463600,0.028228,0.000000,synthetic_chat_design_preset
82.13,2.492128,2.463900,0.028228,0.000000,synthetic_chat_design_preset
82.14,2.491983,2.464200,0.027783,0.000000,synthetic_chat_design_preset
82.15,2.491400,2.464500,0.026900,0.000000,synthetic_chat_design_preset
82.16,2.490392,2.464800,0.025592,0.000000,synthetic_chat_design_preset
82.17,2.488981,2.465100,0.023881,0.000000,synthetic_chat_design_preset
82.18,2.487193,2.465400,0.021793,0.000000,synthetic_chat_design_preset
82.19,2.485062,2.465700,0.019362,0.000000,synthetic_chat_design_preset
82.20,2.482625,2.466000,0.016625,0.000000,synthetic_chat_design_preset
82.21,2.479926,2.466300,0.013626,0.000000,synthetic_chat_design_preset
82.22,2.477012,2.466600,0.010412,0.000000,synthetic_chat_design_preset
82.23,2.473934,2.466900,0.007034,0.000000,synthetic_chat_design_preset
82.24,2.470745,2.467200,0.003545,0.000000,synthetic_chat_design_preset
82.25,2.467500,2.467500,0.000000,0.000000,synthetic_chat_design_preset
82.26,2.464255,2.467800,-0.003545,0.000000,synthetic_chat_design_preset
82.27,2.461066,2.468100,-0.007034,0.000000,synthetic_chat_design_preset
82.28,2.457988,2.468400,-0.010412,0.000000,synthetic_chat_design_preset
82.29,2.455074,2.468700,-0.013626,0.000000,synthetic_chat_design_preset
82.30,2.452375,2.469000,-0.016625,0.000000,synthetic_chat_design_preset
82.31,2.449938,2.469300,-0.019362,0.000000,synthetic_chat_design_preset
82.32,2.447807,2.469600,-0.021793,0.000000,synthetic_chat_design_preset
82.33,2.446019,2.469900,-0.023881,0.000000,synthetic_chat_design_preset
82.34,2.444608,2.470200,-0.025592,0.000000,synthetic_chat_design_preset
82.35,2.443600,2.470500,-0.026900,0.000000,synthetic_chat_design_preset
82.36,2.443017,2.470800,-0.027783,0.000000,synthetic_chat_design_preset
82.37,2.442872,2.471100,-0.028228,0.000000,synthetic_chat_design_preset
82.38,2.443172,2.471400,-0.028228,0.000000,synthetic_chat_design_preset
82.39,2.443917,2.471700,-0.027783,0.000000,synthetic_chat_design_preset
82.40,2.445100,2.472000,-0.026900,0.000000,synthetic_chat_design_preset
82.41,2.446708,2.472300,-0.025592,0.000000,synthetic_chat_design_preset
82.42,2.448719,2.472600,-0.023881,0.000000,synthetic_chat_design_preset
82.43,2.451107,2.472900,-0.021793,0.000000,synthetic_chat_design_preset
82.44,2.453838,2.473200,-0.019362,0.000000,synthetic_chat_design_preset
82.45,2.456875,2.473500,-0.016625,0.000000,synthetic_chat_design_preset
82.46,2.460174,2.473800,-0.013626,0.000000,synthetic_chat_design_preset
82.47,2.463688,2.474100,-0.010412,0.000000,synthetic_chat_design_preset
82.48,2.467366,2.474400,-0.007034,0.000000,synthetic_chat_design_preset
82.49,2.471155,2.474700,-0.003545,0.000000,synthetic_chat_design_preset
82.50,2.475000,2.475000,-0.000000,0.000000,synthetic_chat_design_preset
82.51,2.478845,2.475300,0.003545,0.000000,synthetic_chat_design_preset
82.52,2.482634,2.475600,0.007034,0.000000,synthetic_chat_design_preset
82.53,2.486312,2.475900,0.010412,0.000000,synthetic_chat_design_preset
82.54,2.489826,2.476200,0.013626,0.000000,synthetic_chat_design_preset
82.55,2.493125,2.476500,0.016625,0.000000,synthetic_chat_design_preset
82.56,2.496162,2.476800,0.019362,0.000000,synthetic_chat_design_preset
82.57,2.498893,2.477100,0.021793,0.000000,synthetic_chat_design_preset
82.58,2.501281,2.477400,0.023881,0.000000,synthetic_chat_design_preset
82.59,2.503292,2.477700,0.025592,0.000000,synthetic_chat_design_preset
82.60,2.504900,2.478000,0.026900,0.000000,synthetic_chat_design_preset
82.61,2.506083,2.478300,0.027783,0.000000,synthetic_chat_design_preset
82.62,2.506828,2.478600,0.028228,0.000000,synthetic_chat_design_preset
82.63,2.507128,2.478900,0.028228,0.000000,synthetic_chat_design_preset
82.64,2.506983,2.479200,0.027783,0.000000,synthetic_chat_design_preset
82.65,2.506400,2.479500,0.026900,0.000000,synthetic_chat_design_preset
82.66,2.505392,2.479800,0.025592,0.000000,synthetic_chat_design_preset
82.67,2.503981,2.480100,0.023881,0.000000,synthetic_chat_design_preset
82.68,2.502193,2.480400,0.021793,0.000000,synthetic_chat_design_preset
82.69,2.500062,2.480700,0.019362,0.000000,synthetic_chat_design_preset
82.70,2.497625,2.481000,0.016625,0.000000,synthetic_chat_design_preset
82.71,2.494926,2.481300,0.013626,0.000000,synthetic_chat_design_preset
82.72,2.492012,2.481600,0.010412,0.000000,synthetic_chat_design_preset
82.73,2.488934,2.481900,0.007034,0.000000,synthetic_chat_design_preset
82.74,2.485745,2.482200,0.003545,0.000000,synthetic_chat_design_preset
82.75,2.482500,2.482500,0.000000,0.000000,synthetic_chat_design_preset
82.76,2.479255,2.482800,-0.003545,0.000000,synthetic_chat_design_preset
82.77,2.476066,2.483100,-0.007034,0.000000,synthetic_chat_design_preset
82.78,2.472988,2.483400,-0.010412,0.000000,synthetic_chat_design_preset
82.79,2.470074,2.483700,-0.013626,0.000000,synthetic_chat_design_preset
82.80,2.467375,2.484000,-0.016625,0.000000,synthetic_chat_design_preset
82.81,2.464938,2.484300,-0.019362,0.000000,synthetic_chat_design_preset
82.82,2.462807,2.484600,-0.021793,0.000000,synthetic_chat_design_preset
82.83,2.461019,2.484900,-0.023881,0.000000,synthetic_chat_design_preset
82.84,2.459608,2.485200,-0.025592,0.000000,synthetic_chat_design_preset
82.85,2.458600,2.485500,-0.026900,0.000000,synthetic_chat_design_preset
82.86,2.458017,2.485800,-0.027783,0.000000,synthetic_chat_design_preset
82.87,2.457872,2.486100,-0.028228,0.000000,synthetic_chat_design_preset
82.88,2.458172,2.486400,-0.028228,0.000000,synthetic_chat_design_preset
82.89,2.458917,2.486700,-0.027783,0.000000,synthetic_chat_design_preset
82.90,2.460100,2.487000,-0.026900,0.000000,synthetic_chat_design_preset
82.91,2.461708,2.487300,-0.025592,0.000000,synthetic_chat_design_preset
82.92,2.463719,2.487600,-0.023881,0.000000,synthetic_chat_design_preset
82.93,2.466107,2.487900,-0.021793,0.000000,synthetic_chat_design_preset
82.94,2.468838,2.488200,-0.019362,0.000000,synthetic_chat_design_preset
82.95,2.471875,2.488500,-0.016625,0.000000,synthetic_chat_design_preset
82.96,2.475174,2.488800,-0.013626,0.000000,synthetic_chat_design_preset
82.97,2.478688,2.489100,-0.010412,0.000000,synthetic_chat_design_preset
82.98,2.482366,2.489400,-0.007034,0.000000,synthetic_chat_design_preset
82.99,2.486155,2.489700,-0.003545,0.000000,synthetic_chat_design_preset
83.00,2.490000,2.490000,0.000000,0.000000,synthetic_chat_design_preset
83.01,2.493845,2.490300,0.003545,0.000000,synthetic_chat_design_preset
83.02,2.497634,2.490600,0.007034,0.000000,synthetic_chat_design_preset
83.03,2.501312,2.490900,0.010412,0.000000,synthetic_chat_design_preset
83.04,2.504826,2.491200,0.013626,0.000000,synthetic_chat_design_preset
83.05,2.508125,2.491500,0.016625,0.000000,synthetic_chat_design_preset
83.06,2.511162,2.491800,0.019362,0.000000,synthetic_chat_design_preset
83.07,2.513893,2.492100,0.021793,0.000000,synthetic_chat_design_preset
83.08,2.516281,2.492400,0.023881,0.000000,synthetic_chat_design_preset
83.09,2.518292,2.492700,0.025592,0.000000,synthetic_chat_design_preset
83.10,2.519900,2.493000,0.026900,0.000000,synthetic_chat_design_preset
83.11,2.521083,2.493300,0.027783,0.000000,synthetic_chat_design_preset
83.12,2.521828,2.493600,0.028228,0.000000,synthetic_chat_design_preset
83.13,2.522128,2.493900,0.028228,0.000000,synthetic_chat_design_preset
83.14,2.521983,2.494200,0.027783,0.000000,synthetic_chat_design_preset
83.15,2.521400,2.494500,0.026900,0.000000,synthetic_chat_design_preset
83.16,2.520392,2.494800,0.025592,0.000000,synthetic_chat_design_preset
83.17,2.518981,2.495100,0.023881,0.000000,synthetic_chat_design_preset
83.18,2.517193,2.495400,0.021793,0.000000,synthetic_chat_design_preset
83.19,2.515062,2.495700,0.019362,0.000000,synthetic_chat_design_preset
83.20,2.512625,2.496000,0.016625,0.000000,synthetic_chat_design_preset
83.21,2.509926,2.496300,0.013626,0.000000,synthetic_chat_design_preset
83.22,2.507012,2.496600,0.010412,0.000000,synthetic_chat_design_preset
83.23,2.503934,2.496900,0.007034,0.000000,synthetic_chat_design_preset
83.24,2.500745,2.497200,0.003545,0.000000,synthetic_chat_design_preset
83.25,2.497500,2.497500,0.000000,0.000000,synthetic_chat_design_preset
83.26,2.494255,2.497800,-0.003545,0.000000,synthetic_chat_design_preset
83.27,2.491066,2.498100,-0.007034,0.000000,synthetic_chat_design_preset
83.28,2.487988,2.498400,-0.010412,0.000000,synthetic_chat_design_preset
83.29,2.485074,2.498700,-0.013626,0.000000,synthetic_chat_design_preset
83.30,2.482375,2.499000,-0.016625,0.000000,synthetic_chat_design_preset
83.31,2.479938,2.499300,-0.019362,0.000000,synthetic_chat_design_preset
83.32,2.477807,2.499600,-0.021793,0.000000,synthetic_chat_design_preset
83.33,2.476019,2.499900,-0.023881,0.000000,synthetic_chat_design_preset
83.34,2.474608,2.500200,-0.025592,0.000000,synthetic_chat_design_preset
83.35,2.473600,2.500500,-0.026900,0.000000,synthetic_chat_design_preset
83.36,2.473017,2.500800,-0.027783,0.000000,synthetic_chat_design_preset
83.37,2.472872,2.501100,-0.028228,0.000000,synthetic_chat_design_preset
83.38,2.473172,2.501400,-0.028228,0.000000,synthetic_chat_design_preset
83.39,2.473917,2.501700,-0.027783,0.000000,synthetic_chat_design_preset
83.40,2.475100,2.502000,-0.026900,0.000000,synthetic_chat_design_preset
83.41,2.476708,2.502300,-0.025592,0.000000,synthetic_chat_design_preset
83.42,2.478719,2.502600,-0.023881,0.000000,synthetic_chat_design_preset
83.43,2.481107,2.502900,-0.021793,0.000000,synthetic_chat_design_preset
83.44,2.483838,2.503200,-0.019362,0.000000,synthetic_chat_design_preset
83.45,2.486875,2.503500,-0.016625,0.000000,synthetic_chat_design_preset
83.46,2.490174,2.503800,-0.013626,0.000000,synthetic_chat_design_preset
83.47,2.493688,2.504100,-0.010412,0.000000,synthetic_chat_design_preset
83.48,2.497366,2.504400,-0.007034,0.000000,synthetic_chat_design_preset
83.49,2.501155,2.504700,-0.003545,0.000000,synthetic_chat_design_preset
83.50,2.505000,2.505000,0.000000,0.000000,synthetic_chat_design_preset
83.51,2.508845,2.505300,0.003545,0.000000,synthetic_chat_design_preset
83.52,2.512634,2.505600,0.007034,0.000000,synthetic_chat_design_preset
83.53,2.516312,2.505900,0.010412,0.000000,synthetic_chat_design_preset
83.54,2.519826,2.506200,0.013626,0.000000,synthetic_chat_design_preset
83.55,2.523125,2.506500,0.016625,0.000000,synthetic_chat_design_preset
83.56,2.526162,2.506800,0.019362,0.000000,synthetic_chat_design_preset
83.57,2.528893,2.507100,0.021793,0.000000,synthetic_chat_design_preset
83.58,2.531281,2.507400,0.023881,0.000000,synthetic_chat_design_preset
83.59,2.533292,2.507700,0.025592,0.000000,synthetic_chat_design_preset
83.60,2.534900,2.508000,0.026900,0.000000,synthetic_chat_design_preset
83.61,2.536083,2.508300,0.027783,0.000000,synthetic_chat_design_preset
83.62,2.536828,2.508600,0.028228,0.000000,synthetic_chat_design_preset
83.63,2.537128,2.508900,0.028228,0.000000,synthetic_chat_design_preset
83.64,2.536983,2.509200,0.027783,0.000000,synthetic_chat_design_preset
83.65,2.536400,2.509500,0.026900,0.000000,synthetic_chat_design_preset
83.66,2.535392,2.509800,0.025592,0.000000,synthetic_chat_design_preset
83.67,2.533981,2.510100,0.023881,0.000000,synthetic_chat_design_preset
83.68,2.532193,2.510400,0.021793,0.000000,synthetic_chat_design_preset
83.69,2.530062,2.510700,0.019362,0.000000,synthetic_chat_design_preset
83.70,2.527625,2.511000,0.016625,0.000000,synthetic_chat_design_preset
83.71,2.524926,2.511300,0.013626,0.000000,synthetic_chat_design_preset
83.72,2.522012,2.511600,0.010412,0.000000,synthetic_chat_design_preset
83.73,2.518934,2.511900,0.007034,0.000000,synthetic_chat_design_preset
83.74,2.515745,2.512200,0.003545,0.000000,synthetic_chat_design_preset
83.75,2.512500,2.512500,0.000000,0.000000,synthetic_chat_design_preset
83.76,2.509255,2.512800,-0.003545,0.000000,synthetic_chat_design_preset
83.77,2.506066,2.513100,-0.007034,0.000000,synthetic_chat_design_preset
83.78,2.502988,2.513400,-0.010412,0.000000,synthetic_chat_design_preset
83.79,2.500074,2.513700,-0.013626,0.000000,synthetic_chat_design_preset
83.80,2.497375,2.514000,-0.016625,0.000000,synthetic_chat_design_preset
83.81,2.494938,2.514300,-0.019362,0.000000,synthetic_chat_design_preset
83.82,2.492807,2.514600,-0.021793,0.000000,synthetic_chat_design_preset
83.83,2.491019,2.514900,-0.023881,0.000000,synthetic_chat_design_preset
83.84,2.489608,2.515200,-0.025592,0.000000,synthetic_chat_design_preset
83.85,2.488600,2.515500,-0.026900,0.000000,synthetic_chat_design_preset
83.86,2.488017,2.515800,-0.027783,0.000000,synthetic_chat_design_preset
83.87,2.487872,2.516100,-0.028228,0.000000,synthetic_chat_design_preset
83.88,2.488172,2.516400,-0.028228,0.000000,synthetic_chat_design_preset
83.89,2.488917,2.516700,-0.027783,0.000000,synthetic_chat_design_preset
83.90,2.490100,2.517000,-0.026900,0.000000,synthetic_chat_design_preset
83.91,2.491708,2.517300,-0.025592,0.000000,synthetic_chat_design_preset
83.92,2.493719,2.517600,-0.023881,0.000000,synthetic_chat_design_preset
83.93,2.496107,2.517900,-0.021793,0.000000,synthetic_chat_design_preset
83.94,2.498838,2.518200,-0.019362,0.000000,synthetic_chat_design_preset
83.95,2.501875,2.518500,-0.016625,0.000000,synthetic_chat_design_preset
83.96,2.505174,2.518800,-0.013626,0.000000,synthetic_chat_design_preset
83.97,2.508688,2.519100,-0.010412,0.000000,synthetic_chat_design_preset
83.98,2.512366,2.519400,-0.007034,0.000000,synthetic_chat_design_preset
83.99,2.516155,2.519700,-0.003545,0.000000,synthetic_chat_design_preset
84.00,2.520000,2.520000,0.000000,0.000000,synthetic_chat_design_preset
84.01,2.523845,2.520300,0.003545,0.000000,synthetic_chat_design_preset
84.02,2.527634,2.520600,0.007034,0.000000,synthetic_chat_design_preset
84.03,2.531312,2.520900,0.010412,0.000000,synthetic_chat_design_preset
84.04,2.534826,2.521200,0.013626,0.000000,synthetic_chat_design_preset
84.05,2.538125,2.521500,0.016625,0.000000,synthetic_chat_design_preset
84.06,2.541162,2.521800,0.019362,0.000000,synthetic_chat_design_preset
84.07,2.543893,2.522100,0.021793,0.000000,synthetic_chat_design_preset
84.08,2.546281,2.522400,0.023881,0.000000,synthetic_chat_design_preset
84.09,2.548292,2.522700,0.025592,0.000000,synthetic_chat_design_preset
84.10,2.549900,2.523000,0.026900,0.000000,synthetic_chat_design_preset
84.11,2.551083,2.523300,0.027783,0.000000,synthetic_chat_design_preset
84.12,2.551828,2.523600,0.028228,0.000000,synthetic_chat_design_preset
84.13,2.552128,2.523900,0.028228,0.000000,synthetic_chat_design_preset
84.14,2.551983,2.524200,0.027783,0.000000,synthetic_chat_design_preset
84.15,2.551400,2.524500,0.026900,0.000000,synthetic_chat_design_preset
84.16,2.550392,2.524800,0.025592,0.000000,synthetic_chat_design_preset
84.17,2.548981,2.525100,0.023881,0.000000,synthetic_chat_design_preset
84.18,2.547193,2.525400,0.021793,0.000000,synthetic_chat_design_preset
84.19,2.545062,2.525700,0.019362,0.000000,synthetic_chat_design_preset
84.20,2.542625,2.526000,0.016625,0.000000,synthetic_chat_design_preset
84.21,2.539926,2.526300,0.013626,0.000000,synthetic_chat_design_preset
84.22,2.537012,2.526600,0.010412,0.000000,synthetic_chat_design_preset
84.23,2.533934,2.526900,0.007034,0.000000,synthetic_chat_design_preset
84.24,2.530745,2.527200,0.003545,0.000000,synthetic_chat_design_preset
84.25,2.527500,2.527500,0.000000,0.000000,synthetic_chat_design_preset
84.26,2.524255,2.527800,-0.003545,0.000000,synthetic_chat_design_preset
84.27,2.521066,2.528100,-0.007034,0.000000,synthetic_chat_design_preset
84.28,2.517988,2.528400,-0.010412,0.000000,synthetic_chat_design_preset
84.29,2.515074,2.528700,-0.013626,0.000000,synthetic_chat_design_preset
84.30,2.512375,2.529000,-0.016625,0.000000,synthetic_chat_design_preset
84.31,2.509938,2.529300,-0.019362,0.000000,synthetic_chat_design_preset
84.32,2.507807,2.529600,-0.021793,0.000000,synthetic_chat_design_preset
84.33,2.506019,2.529900,-0.023881,0.000000,synthetic_chat_design_preset
84.34,2.504608,2.530200,-0.025592,0.000000,synthetic_chat_design_preset
84.35,2.503600,2.530500,-0.026900,0.000000,synthetic_chat_design_preset
84.36,2.503017,2.530800,-0.027783,0.000000,synthetic_chat_design_preset
84.37,2.502872,2.531100,-0.028228,0.000000,synthetic_chat_design_preset
84.38,2.503172,2.531400,-0.028228,0.000000,synthetic_chat_design_preset
84.39,2.503917,2.531700,-0.027783,0.000000,synthetic_chat_design_preset
84.40,2.505100,2.532000,-0.026900,0.000000,synthetic_chat_design_preset
84.41,2.506708,2.532300,-0.025592,0.000000,synthetic_chat_design_preset
84.42,2.508719,2.532600,-0.023881,0.000000,synthetic_chat_design_preset
84.43,2.511107,2.532900,-0.021793,0.000000,synthetic_chat_design_preset
84.44,2.513838,2.533200,-0.019362,0.000000,synthetic_chat_design_preset
84.45,2.516875,2.533500,-0.016625,0.000000,synthetic_chat_design_preset
84.46,2.520174,2.533800,-0.013626,0.000000,synthetic_chat_design_preset
84.47,2.523688,2.534100,-0.010412,0.000000,synthetic_chat_design_preset
84.48,2.527366,2.534400,-0.007034,0.000000,synthetic_chat_design_preset
84.49,2.531172,2.534700,-0.003545,0.000017,synthetic_chat_design_preset
84.50,2.535023,2.535000,-0.000000,0.000023,synthetic_chat_design_preset
84.51,2.538876,2.535300,0.003545,0.000031,synthetic_chat_design_preset
84.52,2.542675,2.535600,0.007034,0.000041,synthetic_chat_design_preset
84.53,2.546368,2.535900,0.010412,0.000055,synthetic_chat_design_preset
84.54,2.549900,2.536200,0.013626,0.000074,synthetic_chat_design_preset
84.55,2.553223,2.536500,0.016625,0.000098,synthetic_chat_design_preset
84.56,2.556290,2.536800,0.019362,0.000128,synthetic_chat_design_preset
84.57,2.559061,2.537100,0.021793,0.000168,synthetic_chat_design_preset
84.58,2.561499,2.537400,0.023881,0.000218,synthetic_chat_design_preset
84.59,2.563574,2.537700,0.025592,0.000282,synthetic_chat_design_preset
84.60,2.565262,2.538000,0.026900,0.000362,synthetic_chat_design_preset
84.61,2.566545,2.538300,0.027783,0.000461,synthetic_chat_design_preset
84.62,2.567413,2.538600,0.028228,0.000585,synthetic_chat_design_preset
84.63,2.567865,2.538900,0.028228,0.000737,synthetic_chat_design_preset
84.64,2.567906,2.539200,0.027783,0.000923,synthetic_chat_design_preset
84.65,2.567548,2.539500,0.026900,0.001148,synthetic_chat_design_preset
84.66,2.566813,2.539800,0.025592,0.001420,synthetic_chat_design_preset
84.67,2.565727,2.540100,0.023881,0.001746,synthetic_chat_design_preset
84.68,2.564326,2.540400,0.021793,0.002133,synthetic_chat_design_preset
84.69,2.562652,2.540700,0.019362,0.002590,synthetic_chat_design_preset
84.70,2.560750,2.541000,0.016625,0.003125,synthetic_chat_design_preset
84.71,2.558674,2.541300,0.013626,0.003748,synthetic_chat_design_preset
84.72,2.556479,2.541600,0.010412,0.004467,synthetic_chat_design_preset
84.73,2.554226,2.541900,0.007034,0.005292,synthetic_chat_design_preset
84.74,2.551976,2.542200,0.003545,0.006231,synthetic_chat_design_preset
84.75,2.549791,2.542500,0.000000,0.007291,synthetic_chat_design_preset
84.76,2.547734,2.542800,-0.003545,0.008479,synthetic_chat_design_preset
84.77,2.545866,2.543100,-0.007034,0.009800,synthetic_chat_design_preset
84.78,2.544245,2.543400,-0.010412,0.011257,synthetic_chat_design_preset
84.79,2.542925,2.543700,-0.013626,0.012851,synthetic_chat_design_preset
84.80,2.541957,2.544000,-0.016625,0.014582,synthetic_chat_design_preset
84.81,2.541381,2.544300,-0.019362,0.016443,synthetic_chat_design_preset
84.82,2.541235,2.544600,-0.021793,0.018428,synthetic_chat_design_preset
84.83,2.541545,2.544900,-0.023881,0.020526,synthetic_chat_design_preset
84.84,2.542331,2.545200,-0.025592,0.022723,synthetic_chat_design_preset
84.85,2.543600,2.545500,-0.026900,0.025000,synthetic_chat_design_preset
84.86,2.545353,2.545800,-0.027783,0.027336,synthetic_chat_design_preset
84.87,2.547579,2.546100,-0.028228,0.029707,synthetic_chat_design_preset
84.88,2.550257,2.546400,-0.028228,0.032086,synthetic_chat_design_preset
84.89,2.553358,2.546700,-0.027783,0.034442,synthetic_chat_design_preset
84.90,2.556843,2.547000,-0.026900,0.036743,synthetic_chat_design_preset
84.91,2.560666,2.547300,-0.025592,0.038958,synthetic_chat_design_preset
84.92,2.564772,2.547600,-0.023881,0.041053,synthetic_chat_design_preset
84.93,2.569101,2.547900,-0.021793,0.042994,synthetic_chat_design_preset
84.94,2.573589,2.548200,-0.019362,0.044751,synthetic_chat_design_preset
84.95,2.578169,2.548500,-0.016625,0.046294,synthetic_chat_design_preset
84.96,2.582769,2.548800,-0.013626,0.047595,synthetic_chat_design_preset
84.97,2.587321,2.549100,-0.010412,0.048633,synthetic_chat_design_preset
84.98,2.591754,2.549400,-0.007034,0.049388,synthetic_chat_design_preset
84.99,2.596001,2.549700,-0.003545,0.049846,synthetic_chat_design_preset
85.00,2.600000,2.550000,-0.000000,0.050000,synthetic_chat_design_preset
85.01,2.603691,2.550300,0.003545,0.049846,synthetic_chat_design_preset
85.02,2.607022,2.550600,0.007034,0.049388,synthetic_chat_design_preset
85.03,2.609945,2.550900,0.010412,0.048633,synthetic_chat_design_preset
85.04,2.612421,2.551200,0.013626,0.047595,synthetic_chat_design_preset
85.05,2.614419,2.551500,0.016625,0.046294,synthetic_chat_design_preset
85.06,2.615913,2.551800,0.019362,0.044751,synthetic_chat_design_preset
85.07,2.616888,2.552100,0.021793,0.042994,synthetic_chat_design_preset
85.08,2.617334,2.552400,0.023881,0.041053,synthetic_chat_design_preset
85.09,2.617251,2.552700,0.025592,0.038958,synthetic_chat_design_preset
85.10,2.616643,2.553000,0.026900,0.036743,synthetic_chat_design_preset
85.11,2.615525,2.553300,0.027783,0.034442,synthetic_chat_design_preset
85.12,2.613914,2.553600,0.028228,0.032086,synthetic_chat_design_preset
85.13,2.611836,2.553900,0.028228,0.029707,synthetic_chat_design_preset
85.14,2.609320,2.554200,0.027783,0.027336,synthetic_chat_design_preset
85.15,2.606400,2.554500,0.026900,0.025000,synthetic_chat_design_preset
85.16,2.603115,2.554800,0.025592,0.022723,synthetic_chat_design_preset
85.17,2.599508,2.555100,0.023881,0.020526,synthetic_chat_design_preset
85.18,2.595622,2.555400,0.021793,0.018428,synthetic_chat_design_preset
85.19,2.591505,2.555700,0.019362,0.016443,synthetic_chat_design_preset
85.20,2.587207,2.556000,0.016625,0.014582,synthetic_chat_design_preset
85.21,2.582777,2.556300,0.013626,0.012851,synthetic_chat_design_preset
85.22,2.578269,2.556600,0.010412,0.011257,synthetic_chat_design_preset
85.23,2.573734,2.556900,0.007034,0.009800,synthetic_chat_design_preset
85.24,2.569224,2.557200,0.003545,0.008479,synthetic_chat_design_preset
85.25,2.564791,2.557500,0.000000,0.007291,synthetic_chat_design_preset
85.26,2.560486,2.557800,-0.003545,0.006231,synthetic_chat_design_preset
85.27,2.556358,2.558100,-0.007034,0.005292,synthetic_chat_design_preset
85.28,2.552455,2.558400,-0.010412,0.004467,synthetic_chat_design_preset
85.29,2.548822,2.558700,-0.013626,0.003748,synthetic_chat_design_preset
85.30,2.545500,2.559000,-0.016625,0.003125,synthetic_chat_design_preset
85.31,2.542528,2.559300,-0.019362,0.002590,synthetic_chat_design_preset
85.32,2.539939,2.559600,-0.021793,0.002133,synthetic_chat_design_preset
85.33,2.537765,2.559900,-0.023881,0.001746,synthetic_chat_design_preset
85.34,2.536028,2.560200,-0.025592,0.001420,synthetic_chat_design_preset
85.35,2.534748,2.560500,-0.026900,0.001148,synthetic_chat_design_preset
85.36,2.533939,2.560800,-0.027783,0.000923,synthetic_chat_design_preset
85.37,2.533608,2.561100,-0.028228,0.000737,synthetic_chat_design_preset
85.38,2.533756,2.561400,-0.028228,0.000585,synthetic_chat_design_preset
85.39,2.534378,2.561700,-0.027783,0.000461,synthetic_chat_design_preset
85.40,2.535462,2.562000,-0.026900,0.000362,synthetic_chat_design_preset
85.41,2.536989,2.562300,-0.025592,0.000282,synthetic_chat_design_preset
85.42,2.538937,2.562600,-0.023881,0.000218,synthetic_chat_design_preset
85.43,2.541275,2.562900,-0.021793,0.000168,synthetic_chat_design_preset
85.44,2.543967,2.563200,-0.019362,0.000128,synthetic_chat_design_preset
85.45,2.546973,2.563500,-0.016625,0.000098,synthetic_chat_design_preset
85.46,2.550248,2.563800,-0.013626,0.000074,synthetic_chat_design_preset
85.47,2.553743,2.564100,-0.010412,0.000055,synthetic_chat_design_preset
85.48,2.557407,2.564400,-0.007034,0.000041,synthetic_chat_design_preset
85.49,2.561186,2.564700,-0.003545,0.000031,synthetic_chat_design_preset
85.50,2.565023,2.565000,-0.000000,0.000023,synthetic_chat_design_preset
85.51,2.568845,2.565300,0.003545,0.000000,synthetic_chat_design_preset
85.52,2.572634,2.565600,0.007034,0.000000,synthetic_chat_design_preset
85.53,2.576312,2.565900,0.010412,0.000000,synthetic_chat_design_preset
85.54,2.579826,2.566200,0.013626,0.000000,synthetic_chat_design_preset
85.55,2.583125,2.566500,0.016625,0.000000,synthetic_chat_design_preset
85.56,2.586162,2.566800,0.019362,0.000000,synthetic_chat_design_preset
85.57,2.588893,2.567100,0.021793,0.000000,synthetic_chat_design_preset
85.58,2.591281,2.567400,0.023881,0.000000,synthetic_chat_design_preset
85.59,2.593292,2.567700,0.025592,0.000000,synthetic_chat_design_preset
85.60,2.594900,2.568000,0.026900,0.000000,synthetic_chat_design_preset
85.61,2.596083,2.568300,0.027783,0.000000,synthetic_chat_design_preset
85.62,2.596828,2.568600,0.028228,0.000000,synthetic_chat_design_preset
85.63,2.597128,2.568900,0.028228,0.000000,synthetic_chat_design_preset
85.64,2.596983,2.569200,0.027783,0.000000,synthetic_chat_design_preset
85.65,2.596400,2.569500,0.026900,0.000000,synthetic_chat_design_preset
85.66,2.595392,2.569800,0.025592,0.000000,synthetic_chat_design_preset
85.67,2.593981,2.570100,0.023881,0.000000,synthetic_chat_design_preset
85.68,2.592193,2.570400,0.021793,0.000000,synthetic_chat_design_preset
85.69,2.590062,2.570700,0.019362,0.000000,synthetic_chat_design_preset
85.70,2.587625,2.571000,0.016625,0.000000,synthetic_chat_design_preset
85.71,2.584926,2.571300,0.013626,0.000000,synthetic_chat_design_preset
85.72,2.582012,2.571600,0.010412,0.000000,synthetic_chat_design_preset
85.73,2.578934,2.571900,0.007034,0.000000,synthetic_chat_design_preset
85.74,2.575745,2.572200,0.003545,0.000000,synthetic_chat_design_preset
85.75,2.572500,2.572500,-0.000000,0.000000,synthetic_chat_design_preset
85.76,2.569255,2.572800,-0.003545,0.000000,synthetic_chat_design_preset
85.77,2.566066,2.573100,-0.007034,0.000000,synthetic_chat_design_preset
85.78,2.562988,2.573400,-0.010412,0.000000,synthetic_chat_design_preset
85.79,2.560074,2.573700,-0.013626,0.000000,synthetic_chat_design_preset
85.80,2.557375,2.574000,-0.016625,0.000000,synthetic_chat_design_preset
85.81,2.554938,2.574300,-0.019362,0.000000,synthetic_chat_design_preset
85.82,2.552807,2.574600,-0.021793,0.000000,synthetic_chat_design_preset
85.83,2.551019,2.574900,-0.023881,0.000000,synthetic_chat_design_preset
85.84,2.549608,2.575200,-0.025592,0.000000,synthetic_chat_design_preset
85.85,2.548600,2.575500,-0.026900,0.000000,synthetic_chat_design_preset
85.86,2.548017,2.575800,-0.027783,0.000000,synthetic_chat_design_preset
85.87,2.547872,2.576100,-0.028228,0.000000,synthetic_chat_design_preset
85.88,2.548172,2.576400,-0.028228,0.000000,synthetic_chat_design_preset
85.89,2.548917,2.576700,-0.027783,0.000000,synthetic_chat_design_preset
85.90,2.550100,2.577000,-0.026900,0.000000,synthetic_chat_design_preset
85.91,2.551708,2.577300,-0.025592,0.000000,synthetic_chat_design_preset
85.92,2.553719,2.577600,-0.023881,0.000000,synthetic_chat_design_preset
85.93,2.556107,2.577900,-0.021793,0.000000,synthetic_chat_design_preset
85.94,2.558838,2.578200,-0.019362,0.000000,synthetic_chat_design_preset
85.95,2.561875,2.578500,-0.016625,0.000000,synthetic_chat_design_preset
85.96,2.565174,2.578800,-0.013626,0.000000,synthetic_chat_design_preset
85.97,2.568688,2.579100,-0.010412,0.000000,synthetic_chat_design_preset
85.98,2.572366,2.579400,-0.007034,0.000000,synthetic_chat_design_preset
85.99,2.576155,2.579700,-0.003545,0.000000,synthetic_chat_design_preset
86.00,2.580000,2.580000,-0.000000,0.000000,synthetic_chat_design_preset
86.01,2.583845,2.580300,0.003545,0.000000,synthetic_chat_design_preset
86.02,2.587634,2.580600,0.007034,0.000000,synthetic_chat_design_preset
86.03,2.591312,2.580900,0.010412,0.000000,synthetic_chat_design_preset
86.04,2.594826,2.581200,0.013626,0.000000,synthetic_chat_design_preset
86.05,2.598125,2.581500,0.016625,0.000000,synthetic_chat_design_preset
86.06,2.601162,2.581800,0.019362,0.000000,synthetic_chat_design_preset
86.07,2.603893,2.582100,0.021793,0.000000,synthetic_chat_design_preset
86.08,2.606281,2.582400,0.023881,0.000000,synthetic_chat_design_preset
86.09,2.608292,2.582700,0.025592,0.000000,synthetic_chat_design_preset
86.10,2.609900,2.583000,0.026900,0.000000,synthetic_chat_design_preset
86.11,2.611083,2.583300,0.027783,0.000000,synthetic_chat_design_preset
86.12,2.611828,2.583600,0.028228,0.000000,synthetic_chat_design_preset
86.13,2.612128,2.583900,0.028228,0.000000,synthetic_chat_design_preset
86.14,2.611983,2.584200,0.027783,0.000000,synthetic_chat_design_preset
86.15,2.611400,2.584500,0.026900,0.000000,synthetic_chat_design_preset
86.16,2.610392,2.584800,0.025592,0.000000,synthetic_chat_design_preset
86.17,2.608981,2.585100,0.023881,0.000000,synthetic_chat_design_preset
86.18,2.607193,2.585400,0.021793,0.000000,synthetic_chat_design_preset
86.19,2.605062,2.585700,0.019362,0.000000,synthetic_chat_design_preset
86.20,2.602625,2.586000,0.016625,0.000000,synthetic_chat_design_preset
86.21,2.599926,2.586300,0.013626,0.000000,synthetic_chat_design_preset
86.22,2.597012,2.586600,0.010412,0.000000,synthetic_chat_design_preset
86.23,2.593934,2.586900,0.007034,0.000000,synthetic_chat_design_preset
86.24,2.590745,2.587200,0.003545,0.000000,synthetic_chat_design_preset
86.25,2.587500,2.587500,-0.000000,0.000000,synthetic_chat_design_preset
86.26,2.584255,2.587800,-0.003545,0.000000,synthetic_chat_design_preset
86.27,2.581066,2.588100,-0.007034,0.000000,synthetic_chat_design_preset
86.28,2.577988,2.588400,-0.010412,0.000000,synthetic_chat_design_preset
86.29,2.575074,2.588700,-0.013626,0.000000,synthetic_chat_design_preset
86.30,2.572375,2.589000,-0.016625,0.000000,synthetic_chat_design_preset
86.31,2.569938,2.589300,-0.019362,0.000000,synthetic_chat_design_preset
86.32,2.567807,2.589600,-0.021793,0.000000,synthetic_chat_design_preset
86.33,2.566019,2.589900,-0.023881,0.000000,synthetic_chat_design_preset
86.34,2.564608,2.590200,-0.025592,0.000000,synthetic_chat_design_preset
86.35,2.563600,2.590500,-0.026900,0.000000,synthetic_chat_design_preset
86.36,2.563017,2.590800,-0.027783,0.000000,synthetic_chat_design_preset
86.37,2.562872,2.591100,-0.028228,0.000000,synthetic_chat_design_preset
86.38,2.563172,2.591400,-0.028228,0.000000,synthetic_chat_design_preset
86.39,2.563917,2.591700,-0.027783,0.000000,synthetic_chat_design_preset
86.40,2.565100,2.592000,-0.026900,0.000000,synthetic_chat_design_preset
86.41,2.566708,2.592300,-0.025592,0.000000,synthetic_chat_design_preset
86.42,2.568719,2.592600,-0.023881,0.000000,synthetic_chat_design_preset
86.43,2.571107,2.592900,-0.021793,0.000000,synthetic_chat_design_preset
86.44,2.573838,2.593200,-0.019362,0.000000,synthetic_chat_design_preset
86.45,2.576875,2.593500,-0.016625,0.000000,synthetic_chat_design_preset
86.46,2.580174,2.593800,-0.013626,0.000000,synthetic_chat_design_preset
86.47,2.583688,2.594100,-0.010412,0.000000,synthetic_chat_design_preset
86.48,2.587366,2.594400,-0.007034,0.000000,synthetic_chat_design_preset
86.49,2.591155,2.594700,-0.003545,0.000000,synthetic_chat_design_preset
86.50,2.595000,2.595000,-0.000000,0.000000,synthetic_chat_design_preset
86.51,2.598845,2.595300,0.003545,0.000000,synthetic_chat_design_preset
86.52,2.602634,2.595600,0.007034,0.000000,synthetic_chat_design_preset
86.53,2.606312,2.595900,0.010412,0.000000,synthetic_chat_design_preset
86.54,2.609826,2.596200,0.013626,0.000000,synthetic_chat_design_preset
86.55,2.613125,2.596500,0.016625,0.000000,synthetic_chat_design_preset
86.56,2.616162,2.596800,0.019362,0.000000,synthetic_chat_design_preset
86.57,2.618893,2.597100,0.021793,0.000000,synthetic_chat_design_preset
86.58,2.621281,2.597400,0.023881,0.000000,synthetic_chat_design_preset
86.59,2.623292,2.597700,0.025592,0.000000,synthetic_chat_design_preset
86.60,2.624900,2.598000,0.026900,0.000000,synthetic_chat_design_preset
86.61,2.626083,2.598300,0.027783,0.000000,synthetic_chat_design_preset
86.62,2.626828,2.598600,0.028228,0.000000,synthetic_chat_design_preset
86.63,2.627128,2.598900,0.028228,0.000000,synthetic_chat_design_preset
86.64,2.626983,2.599200,0.027783,0.000000,synthetic_chat_design_preset
86.65,2.626400,2.599500,0.026900,0.000000,synthetic_chat_design_preset
86.66,2.625392,2.599800,0.025592,0.000000,synthetic_chat_design_preset
86.67,2.623981,2.600100,0.023881,0.000000,synthetic_chat_design_preset
86.68,2.622193,2.600400,0.021793,0.000000,synthetic_chat_design_preset
86.69,2.620062,2.600700,0.019362,0.000000,synthetic_chat_design_preset
86.70,2.617625,2.601000,0.016625,0.000000,synthetic_chat_design_preset
86.71,2.614926,2.601300,0.013626,0.000000,synthetic_chat_design_preset
86.72,2.612012,2.601600,0.010412,0.000000,synthetic_chat_design_preset
86.73,2.608934,2.601900,0.007034,0.000000,synthetic_chat_design_preset
86.74,2.605745,2.602200,0.003545,0.000000,synthetic_chat_design_preset
86.75,2.602500,2.602500,-0.000000,0.000000,synthetic_chat_design_preset
86.76,2.599255,2.602800,-0.003545,0.000000,synthetic_chat_design_preset
86.77,2.596066,2.603100,-0.007034,0.000000,synthetic_chat_design_preset
86.78,2.592988,2.603400,-0.010412,0.000000,synthetic_chat_design_preset
86.79,2.590074,2.603700,-0.013626,0.000000,synthetic_chat_design_preset
86.80,2.587375,2.604000,-0.016625,0.000000,synthetic_chat_design_preset
86.81,2.584938,2.604300,-0.019362,0.000000,synthetic_chat_design_preset
86.82,2.582807,2.604600,-0.021793,0.000000,synthetic_chat_design_preset
86.83,2.581019,2.604900,-0.023881,0.000000,synthetic_chat_design_preset
86.84,2.579608,2.605200,-0.025592,0.000000,synthetic_chat_design_preset
86.85,2.578600,2.605500,-0.026900,0.000000,synthetic_chat_design_preset
86.86,2.578017,2.605800,-0.027783,0.000000,synthetic_chat_design_preset
86.87,2.577872,2.606100,-0.028228,0.000000,synthetic_chat_design_preset
86.88,2.578172,2.606400,-0.028228,0.000000,synthetic_chat_design_preset
86.89,2.578917,2.606700,-0.027783,0.000000,synthetic_chat_design_preset
86.90,2.580100,2.607000,-0.026900,0.000000,synthetic_chat_design_preset
86.91,2.581708,2.607300,-0.025592,0.000000,synthetic_chat_design_preset
86.92,2.583719,2.607600,-0.023881,0.000000,synthetic_chat_design_preset
86.93,2.586107,2.607900,-0.021793,0.000000,synthetic_chat_design_preset
86.94,2.588838,2.608200,-0.019362,0.000000,synthetic_chat_design_preset
86.95,2.591875,2.608500,-0.016625,0.000000,synthetic_chat_design_preset
86.96,2.595174,2.608800,-0.013626,0.000000,synthetic_chat_design_preset
86.97,2.598688,2.609100,-0.010412,0.000000,synthetic_chat_design_preset
86.98,2.602366,2.609400,-0.007034,0.000000,synthetic_chat_design_preset
86.99,2.606155,2.609700,-0.003545,0.000000,synthetic_chat_design_preset
87.00,2.610000,2.610000,-0.000000,0.000000,synthetic_chat_design_preset
87.01,2.613845,2.610300,0.003545,0.000000,synthetic_chat_design_preset
87.02,2.617634,2.610600,0.007034,0.000000,synthetic_chat_design_preset
87.03,2.621312,2.610900,0.010412,0.000000,synthetic_chat_design_preset
87.04,2.624826,2.611200,0.013626,0.000000,synthetic_chat_design_preset
87.05,2.628125,2.611500,0.016625,0.000000,synthetic_chat_design_preset
87.06,2.631162,2.611800,0.019362,0.000000,synthetic_chat_design_preset
87.07,2.633893,2.612100,0.021793,0.000000,synthetic_chat_design_preset
87.08,2.636281,2.612400,0.023881,0.000000,synthetic_chat_design_preset
87.09,2.638292,2.612700,0.025592,0.000000,synthetic_chat_design_preset
87.10,2.639900,2.613000,0.026900,0.000000,synthetic_chat_design_preset
87.11,2.641083,2.613300,0.027783,0.000000,synthetic_chat_design_preset
87.12,2.641828,2.613600,0.028228,0.000000,synthetic_chat_design_preset
87.13,2.642128,2.613900,0.028228,0.000000,synthetic_chat_design_preset
87.14,2.641983,2.614200,0.027783,0.000000,synthetic_chat_design_preset
87.15,2.641400,2.614500,0.026900,0.000000,synthetic_chat_design_preset
87.16,2.640392,2.614800,0.025592,0.000000,synthetic_chat_design_preset
87.17,2.638981,2.615100,0.023881,0.000000,synthetic_chat_design_preset
87.18,2.637193,2.615400,0.021793,0.000000,synthetic_chat_design_preset
87.19,2.635062,2.615700,0.019362,0.000000,synthetic_chat_design_preset
87.20,2.632625,2.616000,0.016625,0.000000,synthetic_chat_design_preset
87.21,2.629926,2.616300,0.013626,0.000000,synthetic_chat_design_preset
87.22,2.627012,2.616600,0.010412,0.000000,synthetic_chat_design_preset
87.23,2.623934,2.616900,0.007034,0.000000,synthetic_chat_design_preset
87.24,2.620745,2.617200,0.003545,0.000000,synthetic_chat_design_preset
87.25,2.617500,2.617500,0.000000,0.000000,synthetic_chat_design_preset
87.26,2.614255,2.617800,-0.003545,0.000000,synthetic_chat_design_preset
87.27,2.611066,2.618100,-0.007034,0.000000,synthetic_chat_design_preset
87.28,2.607988,2.618400,-0.010412,0.000000,synthetic_chat_design_preset
87.29,2.605074,2.618700,-0.013626,0.000000,synthetic_chat_design_preset
87.30,2.602375,2.619000,-0.016625,0.000000,synthetic_chat_design_preset
87.31,2.599938,2.619300,-0.019362,0.000000,synthetic_chat_design_preset
87.32,2.597807,2.619600,-0.021793,0.000000,synthetic_chat_design_preset
87.33,2.596019,2.619900,-0.023881,0.000000,synthetic_chat_design_preset
87.34,2.594608,2.620200,-0.025592,0.000000,synthetic_chat_design_preset
87.35,2.593600,2.620500,-0.026900,0.000000,synthetic_chat_design_preset
87.36,2.593017,2.620800,-0.027783,0.000000,synthetic_chat_design_preset
87.37,2.592872,2.621100,-0.028228,0.000000,synthetic_chat_design_preset
87.38,2.593172,2.621400,-0.028228,0.000000,synthetic_chat_design_preset
87.39,2.593917,2.621700,-0.027783,0.000000,synthetic_chat_design_preset
87.40,2.595100,2.622000,-0.026900,0.000000,synthetic_chat_design_preset
87.41,2.596708,2.622300,-0.025592,0.000000,synthetic_chat_design_preset
87.42,2.598719,2.622600,-0.023881,0.000000,synthetic_chat_design_preset
87.43,2.601107,2.622900,-0.021793,0.000000,synthetic_chat_design_preset
87.44,2.603838,2.623200,-0.019362,0.000000,synthetic_chat_design_preset
87.45,2.606875,2.623500,-0.016625,0.000000,synthetic_chat_design_preset
87.46,2.610174,2.623800,-0.013626,0.000000,synthetic_chat_design_preset
87.47,2.613688,2.624100,-0.010412,0.000000,synthetic_chat_design_preset
87.48,2.617366,2.624400,-0.007034,0.000000,synthetic_chat_design_preset
87.49,2.621155,2.624700,-0.003545,0.000000,synthetic_chat_design_preset
87.50,2.625000,2.625000,-0.000000,0.000000,synthetic_chat_design_preset
87.51,2.628845,2.625300,0.003545,0.000000,synthetic_chat_design_preset
87.52,2.632634,2.625600,0.007034,0.000000,synthetic_chat_design_preset
87.53,2.636312,2.625900,0.010412,0.000000,synthetic_chat_design_preset
87.54,2.639826,2.626200,0.013626,0.000000,synthetic_chat_design_preset
87.55,2.643125,2.626500,0.016625,0.000000,synthetic_chat_design_preset
87.56,2.646162,2.626800,0.019362,0.000000,synthetic_chat_design_preset
87.57,2.648893,2.627100,0.021793,0.000000,synthetic_chat_design_preset
87.58,2.651281,2.627400,0.023881,0.000000,synthetic_chat_design_preset
87.59,2.653292,2.627700,0.025592,0.000000,synthetic_chat_design_preset
87.60,2.654900,2.628000,0.026900,0.000000,synthetic_chat_design_preset
87.61,2.656083,2.628300,0.027783,0.000000,synthetic_chat_design_preset
87.62,2.656828,2.628600,0.028228,0.000000,synthetic_chat_design_preset
87.63,2.657128,2.628900,0.028228,0.000000,synthetic_chat_design_preset
87.64,2.656983,2.629200,0.027783,0.000000,synthetic_chat_design_preset
87.65,2.656400,2.629500,0.026900,0.000000,synthetic_chat_design_preset
87.66,2.655392,2.629800,0.025592,0.000000,synthetic_chat_design_preset
87.67,2.653981,2.630100,0.023881,0.000000,synthetic_chat_design_preset
87.68,2.652193,2.630400,0.021793,0.000000,synthetic_chat_design_preset
87.69,2.650062,2.630700,0.019362,0.000000,synthetic_chat_design_preset
87.70,2.647625,2.631000,0.016625,0.000000,synthetic_chat_design_preset
87.71,2.644926,2.631300,0.013626,0.000000,synthetic_chat_design_preset
87.72,2.642012,2.631600,0.010412,0.000000,synthetic_chat_design_preset
87.73,2.638934,2.631900,0.007034,0.000000,synthetic_chat_design_preset
87.74,2.635745,2.632200,0.003545,0.000000,synthetic_chat_design_preset
87.75,2.632500,2.632500,0.000000,0.000000,synthetic_chat_design_preset
87.76,2.629255,2.632800,-0.003545,0.000000,synthetic_chat_design_preset
87.77,2.626066,2.633100,-0.007034,0.000000,synthetic_chat_design_preset
87.78,2.622988,2.633400,-0.010412,0.000000,synthetic_chat_design_preset
87.79,2.620074,2.633700,-0.013626,0.000000,synthetic_chat_design_preset
87.80,2.617375,2.634000,-0.016625,0.000000,synthetic_chat_design_preset
87.81,2.614938,2.634300,-0.019362,0.000000,synthetic_chat_design_preset
87.82,2.612807,2.634600,-0.021793,0.000000,synthetic_chat_design_preset
87.83,2.611019,2.634900,-0.023881,0.000000,synthetic_chat_design_preset
87.84,2.609608,2.635200,-0.025592,0.000000,synthetic_chat_design_preset
87.85,2.608600,2.635500,-0.026900,0.000000,synthetic_chat_design_preset
87.86,2.608017,2.635800,-0.027783,0.000000,synthetic_chat_design_preset
87.87,2.607872,2.636100,-0.028228,0.000000,synthetic_chat_design_preset
87.88,2.608172,2.636400,-0.028228,0.000000,synthetic_chat_design_preset
87.89,2.608917,2.636700,-0.027783,0.000000,synthetic_chat_design_preset
87.90,2.610100,2.637000,-0.026900,0.000000,synthetic_chat_design_preset
87.91,2.611708,2.637300,-0.025592,0.000000,synthetic_chat_design_preset
87.92,2.613719,2.637600,-0.023881,0.000000,synthetic_chat_design_preset
87.93,2.616107,2.637900,-0.021793,0.000000,synthetic_chat_design_preset
87.94,2.618838,2.638200,-0.019362,0.000000,synthetic_chat_design_preset
87.95,2.621875,2.638500,-0.016625,0.000000,synthetic_chat_design_preset
87.96,2.625174,2.638800,-0.013626,0.000000,synthetic_chat_design_preset
87.97,2.628688,2.639100,-0.010412,0.000000,synthetic_chat_design_preset
87.98,2.632366,2.639400,-0.007034,0.000000,synthetic_chat_design_preset
87.99,2.636155,2.639700,-0.003545,0.000000,synthetic_chat_design_preset
88.00,2.640000,2.640000,-0.000000,0.000000,synthetic_chat_design_preset
88.01,2.643845,2.640300,0.003545,0.000000,synthetic_chat_design_preset
88.02,2.647634,2.640600,0.007034,0.000000,synthetic_chat_design_preset
88.03,2.651312,2.640900,0.010412,0.000000,synthetic_chat_design_preset
88.04,2.654826,2.641200,0.013626,0.000000,synthetic_chat_design_preset
88.05,2.658125,2.641500,0.016625,0.000000,synthetic_chat_design_preset
88.06,2.661162,2.641800,0.019362,0.000000,synthetic_chat_design_preset
88.07,2.663893,2.642100,0.021793,0.000000,synthetic_chat_design_preset
88.08,2.666281,2.642400,0.023881,0.000000,synthetic_chat_design_preset
88.09,2.668292,2.642700,0.025592,0.000000,synthetic_chat_design_preset
88.10,2.669900,2.643000,0.026900,0.000000,synthetic_chat_design_preset
88.11,2.671083,2.643300,0.027783,0.000000,synthetic_chat_design_preset
88.12,2.671828,2.643600,0.028228,0.000000,synthetic_chat_design_preset
88.13,2.672128,2.643900,0.028228,0.000000,synthetic_chat_design_preset
88.14,2.671983,2.644200,0.027783,0.000000,synthetic_chat_design_preset
88.15,2.671400,2.644500,0.026900,0.000000,synthetic_chat_design_preset
88.16,2.670392,2.644800,0.025592,0.000000,synthetic_chat_design_preset
88.17,2.668981,2.645100,0.023881,0.000000,synthetic_chat_design_preset
88.18,2.667193,2.645400,0.021793,0.000000,synthetic_chat_design_preset
88.19,2.665062,2.645700,0.019362,0.000000,synthetic_chat_design_preset
88.20,2.662625,2.646000,0.016625,0.000000,synthetic_chat_design_preset
88.21,2.659926,2.646300,0.013626,0.000000,synthetic_chat_design_preset
88.22,2.657012,2.646600,0.010412,0.000000,synthetic_chat_design_preset
88.23,2.653934,2.646900,0.007034,0.000000,synthetic_chat_design_preset
88.24,2.650745,2.647200,0.003545,0.000000,synthetic_chat_design_preset
88.25,2.647500,2.647500,0.000000,0.000000,synthetic_chat_design_preset
88.26,2.644255,2.647800,-0.003545,0.000000,synthetic_chat_design_preset
88.27,2.641066,2.648100,-0.007034,0.000000,synthetic_chat_design_preset
88.28,2.637988,2.648400,-0.010412,0.000000,synthetic_chat_design_preset
88.29,2.635074,2.648700,-0.013626,0.000000,synthetic_chat_design_preset
88.30,2.632375,2.649000,-0.016625,0.000000,synthetic_chat_design_preset
88.31,2.629938,2.649300,-0.019362,0.000000,synthetic_chat_design_preset
88.32,2.627807,2.649600,-0.021793,0.000000,synthetic_chat_design_preset
88.33,2.626019,2.649900,-0.023881,0.000000,synthetic_chat_design_preset
88.34,2.624608,2.650200,-0.025592,0.000000,synthetic_chat_design_preset
88.35,2.623600,2.650500,-0.026900,0.000000,synthetic_chat_design_preset
88.36,2.623017,2.650800,-0.027783,0.000000,synthetic_chat_design_preset
88.37,2.622872,2.651100,-0.028228,0.000000,synthetic_chat_design_preset
88.38,2.623172,2.651400,-0.028228,0.000000,synthetic_chat_design_preset
88.39,2.623917,2.651700,-0.027783,0.000000,synthetic_chat_design_preset
88.40,2.625100,2.652000,-0.026900,0.000000,synthetic_chat_design_preset
88.41,2.626708,2.652300,-0.025592,0.000000,synthetic_chat_design_preset
88.42,2.628719,2.652600,-0.023881,0.000000,synthetic_chat_design_preset
88.43,2.631107,2.652900,-0.021793,0.000000,synthetic_chat_design_preset
88.44,2.633838,2.653200,-0.019362,0.000000,synthetic_chat_design_preset
88.45,2.636875,2.653500,-0.016625,0.000000,synthetic_chat_design_preset
88.46,2.640174,2.653800,-0.013626,0.000000,synthetic_chat_design_preset
88.47,2.643688,2.654100,-0.010412,0.000000,synthetic_chat_design_preset
88.48,2.647366,2.654400,-0.007034,0.000000,synthetic_chat_design_preset
88.49,2.651155,2.654700,-0.003545,0.000000,synthetic_chat_design_preset
88.50,2.655000,2.655000,0.000000,0.000000,synthetic_chat_design_preset
88.51,2.658845,2.655300,0.003545,0.000000,synthetic_chat_design_preset
88.52,2.662634,2.655600,0.007034,0.000000,synthetic_chat_design_preset
88.53,2.666312,2.655900,0.010412,0.000000,synthetic_chat_design_preset
88.54,2.669826,2.656200,0.013626,0.000000,synthetic_chat_design_preset
88.55,2.673125,2.656500,0.016625,0.000000,synthetic_chat_design_preset
88.56,2.676162,2.656800,0.019362,0.000000,synthetic_chat_design_preset
88.57,2.678893,2.657100,0.021793,0.000000,synthetic_chat_design_preset
88.58,2.681281,2.657400,0.023881,0.000000,synthetic_chat_design_preset
88.59,2.683292,2.657700,0.025592,0.000000,synthetic_chat_design_preset
88.60,2.684900,2.658000,0.026900,0.000000,synthetic_chat_design_preset
88.61,2.686083,2.658300,0.027783,0.000000,synthetic_chat_design_preset
88.62,2.686828,2.658600,0.028228,0.000000,synthetic_chat_design_preset
88.63,2.687128,2.658900,0.028228,0.000000,synthetic_chat_design_preset
88.64,2.686983,2.659200,0.027783,0.000000,synthetic_chat_design_preset
88.65,2.686400,2.659500,0.026900,0.000000,synthetic_chat_design_preset
88.66,2.685392,2.659800,0.025592,0.000000,synthetic_chat_design_preset
88.67,2.683981,2.660100,0.023881,0.000000,synthetic_chat_design_preset
88.68,2.682193,2.660400,0.021793,0.000000,synthetic_chat_design_preset
88.69,2.680062,2.660700,0.019362,0.000000,synthetic_chat_design_preset
88.70,2.677625,2.661000,0.016625,0.000000,synthetic_chat_design_preset
88.71,2.674926,2.661300,0.013626,0.000000,synthetic_chat_design_preset
88.72,2.672012,2.661600,0.010412,0.000000,synthetic_chat_design_preset
88.73,2.668934,2.661900,0.007034,0.000000,synthetic_chat_design_preset
88.74,2.665745,2.662200,0.003545,0.000000,synthetic_chat_design_preset
88.75,2.662500,2.662500,0.000000,0.000000,synthetic_chat_design_preset
88.76,2.659255,2.662800,-0.003545,0.000000,synthetic_chat_design_preset
88.77,2.656066,2.663100,-0.007034,0.000000,synthetic_chat_design_preset
88.78,2.652988,2.663400,-0.010412,0.000000,synthetic_chat_design_preset
88.79,2.650074,2.663700,-0.013626,0.000000,synthetic_chat_design_preset
88.80,2.647375,2.664000,-0.016625,0.000000,synthetic_chat_design_preset
88.81,2.644938,2.664300,-0.019362,0.000000,synthetic_chat_design_preset
88.82,2.642807,2.664600,-0.021793,0.000000,synthetic_chat_design_preset
88.83,2.641019,2.664900,-0.023881,0.000000,synthetic_chat_design_preset
88.84,2.639608,2.665200,-0.025592,0.000000,synthetic_chat_design_preset
88.85,2.638600,2.665500,-0.026900,0.000000,synthetic_chat_design_preset
88.86,2.638017,2.665800,-0.027783,0.000000,synthetic_chat_design_preset
88.87,2.637872,2.666100,-0.028228,0.000000,synthetic_chat_design_preset
88.88,2.638172,2.666400,-0.028228,0.000000,synthetic_chat_design_preset
88.89,2.638917,2.666700,-0.027783,0.000000,synthetic_chat_design_preset
88.90,2.640100,2.667000,-0.026900,0.000000,synthetic_chat_design_preset
88.91,2.641708,2.667300,-0.025592,0.000000,synthetic_chat_design_preset
88.92,2.643719,2.667600,-0.023881,0.000000,synthetic_chat_design_preset
88.93,2.646107,2.667900,-0.021793,0.000000,synthetic_chat_design_preset
88.94,2.648838,2.668200,-0.019362,0.000000,synthetic_chat_design_preset
88.95,2.651875,2.668500,-0.016625,0.000000,synthetic_chat_design_preset
88.96,2.655174,2.668800,-0.013626,0.000000,synthetic_chat_design_preset
88.97,2.658688,2.669100,-0.010412,0.000000,synthetic_chat_design_preset
88.98,2.662366,2.669400,-0.007034,0.000000,synthetic_chat_design_preset
88.99,2.666155,2.669700,-0.003545,0.000000,synthetic_chat_design_preset
89.00,2.670000,2.670000,0.000000,0.000000,synthetic_chat_design_preset
89.01,2.673845,2.670300,0.003545,0.000000,synthetic_chat_design_preset
89.02,2.677634,2.670600,0.007034,0.000000,synthetic_chat_design_preset
89.03,2.681312,2.670900,0.010412,0.000000,synthetic_chat_design_preset
89.04,2.684826,2.671200,0.013626,0.000000,synthetic_chat_design_preset
89.05,2.688125,2.671500,0.016625,0.000000,synthetic_chat_design_preset
89.06,2.691162,2.671800,0.019362,0.000000,synthetic_chat_design_preset
89.07,2.693893,2.672100,0.021793,0.000000,synthetic_chat_design_preset
89.08,2.696281,2.672400,0.023881,0.000000,synthetic_chat_design_preset
89.09,2.698292,2.672700,0.025592,0.000000,synthetic_chat_design_preset
89.10,2.699900,2.673000,0.026900,0.000000,synthetic_chat_design_preset
89.11,2.701083,2.673300,0.027783,0.000000,synthetic_chat_design_preset
89.12,2.701828,2.673600,0.028228,0.000000,synthetic_chat_design_preset
89.13,2.702128,2.673900,0.028228,0.000000,synthetic_chat_design_preset
89.14,2.701983,2.674200,0.027783,0.000000,synthetic_chat_design_preset
89.15,2.701400,2.674500,0.026900,0.000000,synthetic_chat_design_preset
89.16,2.700392,2.674800,0.025592,0.000000,synthetic_chat_design_preset
89.17,2.698981,2.675100,0.023881,0.000000,synthetic_chat_design_preset
89.18,2.697193,2.675400,0.021793,0.000000,synthetic_chat_design_preset
89.19,2.695062,2.675700,0.019362,0.000000,synthetic_chat_design_preset
89.20,2.692625,2.676000,0.016625,0.000000,synthetic_chat_design_preset
89.21,2.689926,2.676300,0.013626,0.000000,synthetic_chat_design_preset
89.22,2.687012,2.676600,0.010412,0.000000,synthetic_chat_design_preset
89.23,2.683934,2.676900,0.007034,0.000000,synthetic_chat_design_preset
89.24,2.680745,2.677200,0.003545,0.000000,synthetic_chat_design_preset
89.25,2.677500,2.677500,0.000000,0.000000,synthetic_chat_design_preset
89.26,2.674255,2.677800,-0.003545,0.000000,synthetic_chat_design_preset
89.27,2.671066,2.678100,-0.007034,0.000000,synthetic_chat_design_preset
89.28,2.667988,2.678400,-0.010412,0.000000,synthetic_chat_design_preset
89.29,2.665074,2.678700,-0.013626,0.000000,synthetic_chat_design_preset
89.30,2.662375,2.679000,-0.016625,0.000000,synthetic_chat_design_preset
89.31,2.659938,2.679300,-0.019362,0.000000,synthetic_chat_design_preset
89.32,2.657807,2.679600,-0.021793,0.000000,synthetic_chat_design_preset
89.33,2.656019,2.679900,-0.023881,0.000000,synthetic_chat_design_preset
89.34,2.654608,2.680200,-0.025592,0.000000,synthetic_chat_design_preset
89.35,2.653600,2.680500,-0.026900,0.000000,synthetic_chat_design_preset
89.36,2.653017,2.680800,-0.027783,0.000000,synthetic_chat_design_preset
89.37,2.652872,2.681100,-0.028228,0.000000,synthetic_chat_design_preset
89.38,2.653172,2.681400,-0.028228,0.000000,synthetic_chat_design_preset
89.39,2.653917,2.681700,-0.027783,0.000000,synthetic_chat_design_preset
89.40,2.655100,2.682000,-0.026900,0.000000,synthetic_chat_design_preset
89.41,2.656708,2.682300,-0.025592,0.000000,synthetic_chat_design_preset
89.42,2.658719,2.682600,-0.023881,0.000000,synthetic_chat_design_preset
89.43,2.661107,2.682900,-0.021793,0.000000,synthetic_chat_design_preset
89.44,2.663838,2.683200,-0.019362,0.000000,synthetic_chat_design_preset
89.45,2.666875,2.683500,-0.016625,0.000000,synthetic_chat_design_preset
89.46,2.670174,2.683800,-0.013626,0.000000,synthetic_chat_design_preset
89.47,2.673688,2.684100,-0.010412,0.000000,synthetic_chat_design_preset
89.48,2.677366,2.684400,-0.007034,0.000000,synthetic_chat_design_preset
89.49,2.681155,2.684700,-0.003545,0.000000,synthetic_chat_design_preset
89.50,2.685000,2.685000,0.000000,0.000000,synthetic_chat_design_preset
89.51,2.688845,2.685300,0.003545,0.000000,synthetic_chat_design_preset
89.52,2.692634,2.685600,0.007034,0.000000,synthetic_chat_design_preset
89.53,2.696312,2.685900,0.010412,0.000000,synthetic_chat_design_preset
89.54,2.699826,2.686200,0.013626,0.000000,synthetic_chat_design_preset
89.55,2.703125,2.686500,0.016625,0.000000,synthetic_chat_design_preset
89.56,2.706162,2.686800,0.019362,0.000000,synthetic_chat_design_preset
89.57,2.708893,2.687100,0.021793,0.000000,synthetic_chat_design_preset
89.58,2.711281,2.687400,0.023881,0.000000,synthetic_chat_design_preset
89.59,2.713292,2.687700,0.025592,0.000000,synthetic_chat_design_preset
89.60,2.714900,2.688000,0.026900,0.000000,synthetic_chat_design_preset
89.61,2.716083,2.688300,0.027783,0.000000,synthetic_chat_design_preset
89.62,2.716828,2.688600,0.028228,0.000000,synthetic_chat_design_preset
89.63,2.717128,2.688900,0.028228,0.000000,synthetic_chat_design_preset
89.64,2.716983,2.689200,0.027783,0.000000,synthetic_chat_design_preset
89.65,2.716400,2.689500,0.026900,0.000000,synthetic_chat_design_preset
89.66,2.715392,2.689800,0.025592,0.000000,synthetic_chat_design_preset
89.67,2.713981,2.690100,0.023881,0.000000,synthetic_chat_design_preset
89.68,2.712193,2.690400,0.021793,0.000000,synthetic_chat_design_preset
89.69,2.710062,2.690700,0.019362,0.000000,synthetic_chat_design_preset
89.70,2.707625,2.691000,0.016625,0.000000,synthetic_chat_design_preset
89.71,2.704926,2.691300,0.013626,0.000000,synthetic_chat_design_preset
89.72,2.702012,2.691600,0.010412,0.000000,synthetic_chat_design_preset
89.73,2.698934,2.691900,0.007034,0.000000,synthetic_chat_design_preset
89.74,2.695745,2.692200,0.003545,0.000000,synthetic_chat_design_preset
89.75,2.692500,2.692500,0.000000,0.000000,synthetic_chat_design_preset
89.76,2.689255,2.692800,-0.003545,0.000000,synthetic_chat_design_preset
89.77,2.686066,2.693100,-0.007034,0.000000,synthetic_chat_design_preset
89.78,2.682988,2.693400,-0.010412,0.000000,synthetic_chat_design_preset
89.79,2.680074,2.693700,-0.013626,0.000000,synthetic_chat_design_preset
89.80,2.677375,2.694000,-0.016625,0.000000,synthetic_chat_design_preset
89.81,2.674938,2.694300,-0.019362,0.000000,synthetic_chat_design_preset
89.82,2.672807,2.694600,-0.021793,0.000000,synthetic_chat_design_preset
89.83,2.671019,2.694900,-0.023881,0.000000,synthetic_chat_design_preset
89.84,2.669608,2.695200,-0.025592,0.000000,synthetic_chat_design_preset
89.85,2.668600,2.695500,-0.026900,0.000000,synthetic_chat_design_preset
89.86,2.668017,2.695800,-0.027783,0.000000,synthetic_chat_design_preset
89.87,2.667872,2.696100,-0.028228,0.000000,synthetic_chat_design_preset
89.88,2.668172,2.696400,-0.028228,0.000000,synthetic_chat_design_preset
89.89,2.668917,2.696700,-0.027783,0.000000,synthetic_chat_design_preset
89.90,2.670100,2.697000,-0.026900,0.000000,synthetic_chat_design_preset
89.91,2.671708,2.697300,-0.025592,0.000000,synthetic_chat_design_preset
89.92,2.673719,2.697600,-0.023881,0.000000,synthetic_chat_design_preset
89.93,2.676107,2.697900,-0.021793,0.000000,synthetic_chat_design_preset
89.94,2.678838,2.698200,-0.019362,0.000000,synthetic_chat_design_preset
89.95,2.681875,2.698500,-0.016625,0.000000,synthetic_chat_design_preset
89.96,2.685174,2.698800,-0.013626,0.000000,synthetic_chat_design_preset
89.97,2.688688,2.699100,-0.010412,0.000000,synthetic_chat_design_preset
89.98,2.692366,2.699400,-0.007034,0.000000,synthetic_chat_design_preset
89.99,2.696155,2.699700,-0.003545,0.000000,synthetic_chat_design_preset
90.00,2.700000,2.700000,-0.000000,0.000000,synthetic_chat_design_preset
90.01,2.703845,2.700300,0.003545,0.000000,synthetic_chat_design_preset
90.02,2.707634,2.700600,0.007034,0.000000,synthetic_chat_design_preset
90.03,2.711312,2.700900,0.010412,0.000000,synthetic_chat_design_preset
90.04,2.714826,2.701200,0.013626,0.000000,synthetic_chat_design_preset
90.05,2.718125,2.701500,0.016625,0.000000,synthetic_chat_design_preset
90.06,2.721162,2.701800,0.019362,0.000000,synthetic_chat_design_preset
90.07,2.723893,2.702100,0.021793,0.000000,synthetic_chat_design_preset
90.08,2.726281,2.702400,0.023881,0.000000,synthetic_chat_design_preset
90.09,2.728292,2.702700,0.025592,0.000000,synthetic_chat_design_preset
90.10,2.729900,2.703000,0.026900,0.000000,synthetic_chat_design_preset
90.11,2.731083,2.703300,0.027783,0.000000,synthetic_chat_design_preset
90.12,2.731828,2.703600,0.028228,0.000000,synthetic_chat_design_preset
90.13,2.732128,2.703900,0.028228,0.000000,synthetic_chat_design_preset
90.14,2.731983,2.704200,0.027783,0.000000,synthetic_chat_design_preset
90.15,2.731400,2.704500,0.026900,0.000000,synthetic_chat_design_preset
90.16,2.730392,2.704800,0.025592,0.000000,synthetic_chat_design_preset
90.17,2.728981,2.705100,0.023881,0.000000,synthetic_chat_design_preset
90.18,2.727193,2.705400,0.021793,0.000000,synthetic_chat_design_preset
90.19,2.725062,2.705700,0.019362,0.000000,synthetic_chat_design_preset
90.20,2.722625,2.706000,0.016625,0.000000,synthetic_chat_design_preset
90.21,2.719926,2.706300,0.013626,0.000000,synthetic_chat_design_preset
90.22,2.717012,2.706600,0.010412,0.000000,synthetic_chat_design_preset
90.23,2.713934,2.706900,0.007034,0.000000,synthetic_chat_design_preset
90.24,2.710745,2.707200,0.003545,0.000000,synthetic_chat_design_preset
90.25,2.707500,2.707500,0.000000,0.000000,synthetic_chat_design_preset
90.26,2.704255,2.707800,-0.003545,0.000000,synthetic_chat_design_preset
90.27,2.701066,2.708100,-0.007034,0.000000,synthetic_chat_design_preset
90.28,2.697988,2.708400,-0.010412,0.000000,synthetic_chat_design_preset
90.29,2.695074,2.708700,-0.013626,0.000000,synthetic_chat_design_preset
90.30,2.692375,2.709000,-0.016625,0.000000,synthetic_chat_design_preset
90.31,2.689938,2.709300,-0.019362,0.000000,synthetic_chat_design_preset
90.32,2.687807,2.709600,-0.021793,0.000000,synthetic_chat_design_preset
90.33,2.686019,2.709900,-0.023881,0.000000,synthetic_chat_design_preset
90.34,2.684608,2.710200,-0.025592,0.000000,synthetic_chat_design_preset
90.35,2.683600,2.710500,-0.026900,0.000000,synthetic_chat_design_preset
90.36,2.683017,2.710800,-0.027783,0.000000,synthetic_chat_design_preset
90.37,2.682872,2.711100,-0.028228,0.000000,synthetic_chat_design_preset
90.38,2.683172,2.711400,-0.028228,0.000000,synthetic_chat_design_preset
90.39,2.683917,2.711700,-0.027783,0.000000,synthetic_chat_design_preset
90.40,2.685100,2.712000,-0.026900,0.000000,synthetic_chat_design_preset
90.41,2.686708,2.712300,-0.025592,0.000000,synthetic_chat_design_preset
90.42,2.688719,2.712600,-0.023881,0.000000,synthetic_chat_design_preset
90.43,2.691107,2.712900,-0.021793,0.000000,synthetic_chat_design_preset
90.44,2.693838,2.713200,-0.019362,0.000000,synthetic_chat_design_preset
90.45,2.696875,2.713500,-0.016625,0.000000,synthetic_chat_design_preset
90.46,2.700174,2.713800,-0.013626,0.000000,synthetic_chat_design_preset
90.47,2.703688,2.714100,-0.010412,0.000000,synthetic_chat_design_preset
90.48,2.707366,2.714400,-0.007034,0.000000,synthetic_chat_design_preset
90.49,2.711155,2.714700,-0.003545,0.000000,synthetic_chat_design_preset
90.50,2.715000,2.715000,-0.000000,0.000000,synthetic_chat_design_preset
90.51,2.718845,2.715300,0.003545,0.000000,synthetic_chat_design_preset
90.52,2.722634,2.715600,0.007034,0.000000,synthetic_chat_design_preset
90.53,2.726312,2.715900,0.010412,0.000000,synthetic_chat_design_preset
90.54,2.729826,2.716200,0.013626,0.000000,synthetic_chat_design_preset
90.55,2.733125,2.716500,0.016625,0.000000,synthetic_chat_design_preset
90.56,2.736162,2.716800,0.019362,0.000000,synthetic_chat_design_preset
90.57,2.738893,2.717100,0.021793,0.000000,synthetic_chat_design_preset
90.58,2.741281,2.717400,0.023881,0.000000,synthetic_chat_design_preset
90.59,2.743292,2.717700,0.025592,0.000000,synthetic_chat_design_preset
90.60,2.744900,2.718000,0.026900,0.000000,synthetic_chat_design_preset
90.61,2.746083,2.718300,0.027783,0.000000,synthetic_chat_design_preset
90.62,2.746828,2.718600,0.028228,0.000000,synthetic_chat_design_preset
90.63,2.747128,2.718900,0.028228,0.000000,synthetic_chat_design_preset
90.64,2.746983,2.719200,0.027783,0.000000,synthetic_chat_design_preset
90.65,2.746400,2.719500,0.026900,0.000000,synthetic_chat_design_preset
90.66,2.745392,2.719800,0.025592,0.000000,synthetic_chat_design_preset
90.67,2.743981,2.720100,0.023881,0.000000,synthetic_chat_design_preset
90.68,2.742193,2.720400,0.021793,0.000000,synthetic_chat_design_preset
90.69,2.740062,2.720700,0.019362,0.000000,synthetic_chat_design_preset
90.70,2.737625,2.721000,0.016625,0.000000,synthetic_chat_design_preset
90.71,2.734926,2.721300,0.013626,0.000000,synthetic_chat_design_preset
90.72,2.732012,2.721600,0.010412,0.000000,synthetic_chat_design_preset
90.73,2.728934,2.721900,0.007034,0.000000,synthetic_chat_design_preset
90.74,2.725745,2.722200,0.003545,0.000000,synthetic_chat_design_preset
90.75,2.722500,2.722500,-0.000000,0.000000,synthetic_chat_design_preset
90.76,2.719255,2.722800,-0.003545,0.000000,synthetic_chat_design_preset
90.77,2.716066,2.723100,-0.007034,0.000000,synthetic_chat_design_preset
90.78,2.712988,2.723400,-0.010412,0.000000,synthetic_chat_design_preset
90.79,2.710074,2.723700,-0.013626,0.000000,synthetic_chat_design_preset
90.80,2.707375,2.724000,-0.016625,0.000000,synthetic_chat_design_preset
90.81,2.704938,2.724300,-0.019362,0.000000,synthetic_chat_design_preset
90.82,2.702807,2.724600,-0.021793,0.000000,synthetic_chat_design_preset
90.83,2.701019,2.724900,-0.023881,0.000000,synthetic_chat_design_preset
90.84,2.699608,2.725200,-0.025592,0.000000,synthetic_chat_design_preset
90.85,2.698600,2.725500,-0.026900,0.000000,synthetic_chat_design_preset
90.86,2.698017,2.725800,-0.027783,0.000000,synthetic_chat_design_preset
90.87,2.697872,2.726100,-0.028228,0.000000,synthetic_chat_design_preset
90.88,2.698172,2.726400,-0.028228,0.000000,synthetic_chat_design_preset
90.89,2.698917,2.726700,-0.027783,0.000000,synthetic_chat_design_preset
90.90,2.700100,2.727000,-0.026900,0.000000,synthetic_chat_design_preset
90.91,2.701708,2.727300,-0.025592,0.000000,synthetic_chat_design_preset
90.92,2.703719,2.727600,-0.023881,0.000000,synthetic_chat_design_preset
90.93,2.706107,2.727900,-0.021793,0.000000,synthetic_chat_design_preset
90.94,2.708838,2.728200,-0.019362,0.000000,synthetic_chat_design_preset
90.95,2.711875,2.728500,-0.016625,0.000000,synthetic_chat_design_preset
90.96,2.715174,2.728800,-0.013626,0.000000,synthetic_chat_design_preset
90.97,2.718688,2.729100,-0.010412,0.000000,synthetic_chat_design_preset
90.98,2.722366,2.729400,-0.007034,0.000000,synthetic_chat_design_preset
90.99,2.726155,2.729700,-0.003545,0.000000,synthetic_chat_design_preset
91.00,2.730000,2.730000,-0.000000,0.000000,synthetic_chat_design_preset
91.01,2.733845,2.730300,0.003545,0.000000,synthetic_chat_design_preset
91.02,2.737634,2.730600,0.007034,0.000000,synthetic_chat_design_preset
91.03,2.741312,2.730900,0.010412,0.000000,synthetic_chat_design_preset
91.04,2.744826,2.731200,0.013626,0.000000,synthetic_chat_design_preset
91.05,2.748125,2.731500,0.016625,0.000000,synthetic_chat_design_preset
91.06,2.751162,2.731800,0.019362,0.000000,synthetic_chat_design_preset
91.07,2.753893,2.732100,0.021793,0.000000,synthetic_chat_design_preset
91.08,2.756281,2.732400,0.023881,0.000000,synthetic_chat_design_preset
91.09,2.758292,2.732700,0.025592,0.000000,synthetic_chat_design_preset
91.10,2.759900,2.733000,0.026900,0.000000,synthetic_chat_design_preset
91.11,2.761083,2.733300,0.027783,0.000000,synthetic_chat_design_preset
91.12,2.761828,2.733600,0.028228,0.000000,synthetic_chat_design_preset
91.13,2.762128,2.733900,0.028228,0.000000,synthetic_chat_design_preset
91.14,2.761983,2.734200,0.027783,0.000000,synthetic_chat_design_preset
91.15,2.761400,2.734500,0.026900,0.000000,synthetic_chat_design_preset
91.16,2.760392,2.734800,0.025592,0.000000,synthetic_chat_design_preset
91.17,2.758981,2.735100,0.023881,0.000000,synthetic_chat_design_preset
91.18,2.757193,2.735400,0.021793,0.000000,synthetic_chat_design_preset
91.19,2.755062,2.735700,0.019362,0.000000,synthetic_chat_design_preset
91.20,2.752625,2.736000,0.016625,0.000000,synthetic_chat_design_preset
91.21,2.749926,2.736300,0.013626,0.000000,synthetic_chat_design_preset
91.22,2.747012,2.736600,0.010412,0.000000,synthetic_chat_design_preset
91.23,2.743934,2.736900,0.007034,0.000000,synthetic_chat_design_preset
91.24,2.740745,2.737200,0.003545,0.000000,synthetic_chat_design_preset
91.25,2.737500,2.737500,-0.000000,0.000000,synthetic_chat_design_preset
91.26,2.734255,2.737800,-0.003545,0.000000,synthetic_chat_design_preset
91.27,2.731066,2.738100,-0.007034,0.000000,synthetic_chat_design_preset
91.28,2.727988,2.738400,-0.010412,0.000000,synthetic_chat_design_preset
91.29,2.725074,2.738700,-0.013626,0.000000,synthetic_chat_design_preset
91.30,2.722375,2.739000,-0.016625,0.000000,synthetic_chat_design_preset
91.31,2.719938,2.739300,-0.019362,0.000000,synthetic_chat_design_preset
91.32,2.717807,2.739600,-0.021793,0.000000,synthetic_chat_design_preset
91.33,2.716019,2.739900,-0.023881,0.000000,synthetic_chat_design_preset
91.34,2.714608,2.740200,-0.025592,0.000000,synthetic_chat_design_preset
91.35,2.713600,2.740500,-0.026900,0.000000,synthetic_chat_design_preset
91.36,2.713017,2.740800,-0.027783,0.000000,synthetic_chat_design_preset
91.37,2.712872,2.741100,-0.028228,0.000000,synthetic_chat_design_preset
91.38,2.713172,2.741400,-0.028228,0.000000,synthetic_chat_design_preset
91.39,2.713917,2.741700,-0.027783,0.000000,synthetic_chat_design_preset
91.40,2.715100,2.742000,-0.026900,0.000000,synthetic_chat_design_preset
91.41,2.716708,2.742300,-0.025592,0.000000,synthetic_chat_design_preset
91.42,2.718719,2.742600,-0.023881,0.000000,synthetic_chat_design_preset
91.43,2.721107,2.742900,-0.021793,0.000000,synthetic_chat_design_preset
91.44,2.723838,2.743200,-0.019362,0.000000,synthetic_chat_design_preset
91.45,2.726875,2.743500,-0.016625,0.000000,synthetic_chat_design_preset
91.46,2.730174,2.743800,-0.013626,0.000000,synthetic_chat_design_preset
91.47,2.733688,2.744100,-0.010412,0.000000,synthetic_chat_design_preset
91.48,2.737366,2.744400,-0.007034,0.000000,synthetic_chat_design_preset
91.49,2.741155,2.744700,-0.003545,0.000000,synthetic_chat_design_preset
91.50,2.745000,2.745000,-0.000000,0.000000,synthetic_chat_design_preset
91.51,2.748845,2.745300,0.003545,0.000000,synthetic_chat_design_preset
91.52,2.752634,2.745600,0.007034,0.000000,synthetic_chat_design_preset
91.53,2.756312,2.745900,0.010412,0.000000,synthetic_chat_design_preset
91.54,2.759826,2.746200,0.013626,0.000000,synthetic_chat_design_preset
91.55,2.763125,2.746500,0.016625,0.000000,synthetic_chat_design_preset
91.56,2.766162,2.746800,0.019362,0.000000,synthetic_chat_design_preset
91.57,2.768893,2.747100,0.021793,0.000000,synthetic_chat_design_preset
91.58,2.771281,2.747400,0.023881,0.000000,synthetic_chat_design_preset
91.59,2.773292,2.747700,0.025592,0.000000,synthetic_chat_design_preset
91.60,2.774900,2.748000,0.026900,0.000000,synthetic_chat_design_preset
91.61,2.776083,2.748300,0.027783,0.000000,synthetic_chat_design_preset
91.62,2.776828,2.748600,0.028228,0.000000,synthetic_chat_design_preset
91.63,2.777128,2.748900,0.028228,0.000000,synthetic_chat_design_preset
91.64,2.776983,2.749200,0.027783,0.000000,synthetic_chat_design_preset
91.65,2.776400,2.749500,0.026900,0.000000,synthetic_chat_design_preset
91.66,2.775392,2.749800,0.025592,0.000000,synthetic_chat_design_preset
91.67,2.773981,2.750100,0.023881,0.000000,synthetic_chat_design_preset
91.68,2.772193,2.750400,0.021793,0.000000,synthetic_chat_design_preset
91.69,2.770062,2.750700,0.019362,0.000000,synthetic_chat_design_preset
91.70,2.767625,2.751000,0.016625,0.000000,synthetic_chat_design_preset
91.71,2.764926,2.751300,0.013626,0.000000,synthetic_chat_design_preset
91.72,2.762012,2.751600,0.010412,0.000000,synthetic_chat_design_preset
91.73,2.758934,2.751900,0.007034,0.000000,synthetic_chat_design_preset
91.74,2.755745,2.752200,0.003545,0.000000,synthetic_chat_design_preset
91.75,2.752500,2.752500,-0.000000,0.000000,synthetic_chat_design_preset
91.76,2.749255,2.752800,-0.003545,0.000000,synthetic_chat_design_preset
91.77,2.746066,2.753100,-0.007034,0.000000,synthetic_chat_design_preset
91.78,2.742988,2.753400,-0.010412,0.000000,synthetic_chat_design_preset
91.79,2.740074,2.753700,-0.013626,0.000000,synthetic_chat_design_preset
91.80,2.737375,2.754000,-0.016625,0.000000,synthetic_chat_design_preset
91.81,2.734938,2.754300,-0.019362,0.000000,synthetic_chat_design_preset
91.82,2.732807,2.754600,-0.021793,0.000000,synthetic_chat_design_preset
91.83,2.731019,2.754900,-0.023881,0.000000,synthetic_chat_design_preset
91.84,2.729608,2.755200,-0.025592,0.000000,synthetic_chat_design_preset
91.85,2.728600,2.755500,-0.026900,0.000000,synthetic_chat_design_preset
91.86,2.728017,2.755800,-0.027783,0.000000,synthetic_chat_design_preset
91.87,2.727872,2.756100,-0.028228,0.000000,synthetic_chat_design_preset
91.88,2.728172,2.756400,-0.028228,0.000000,synthetic_chat_design_preset
91.89,2.728917,2.756700,-0.027783,0.000000,synthetic_chat_design_preset
91.90,2.730100,2.757000,-0.026900,0.000000,synthetic_chat_design_preset
91.91,2.731708,2.757300,-0.025592,0.000000,synthetic_chat_design_preset
91.92,2.733719,2.757600,-0.023881,0.000000,synthetic_chat_design_preset
91.93,2.736107,2.757900,-0.021793,0.000000,synthetic_chat_design_preset
91.94,2.738838,2.758200,-0.019362,0.000000,synthetic_chat_design_preset
91.95,2.741875,2.758500,-0.016625,0.000000,synthetic_chat_design_preset
91.96,2.745174,2.758800,-0.013626,0.000000,synthetic_chat_design_preset
91.97,2.748688,2.759100,-0.010412,0.000000,synthetic_chat_design_preset
91.98,2.752366,2.759400,-0.007034,0.000000,synthetic_chat_design_preset
91.99,2.756155,2.759700,-0.003545,0.000000,synthetic_chat_design_preset
92.00,2.760000,2.760000,-0.000000,0.000000,synthetic_chat_design_preset
92.01,2.763845,2.760300,0.003545,0.000000,synthetic_chat_design_preset
92.02,2.767634,2.760600,0.007034,0.000000,synthetic_chat_design_preset
92.03,2.771312,2.760900,0.010412,0.000000,synthetic_chat_design_preset
92.04,2.774826,2.761200,0.013626,0.000000,synthetic_chat_design_preset
92.05,2.778125,2.761500,0.016625,0.000000,synthetic_chat_design_preset
92.06,2.781162,2.761800,0.019362,0.000000,synthetic_chat_design_preset
92.07,2.783893,2.762100,0.021793,0.000000,synthetic_chat_design_preset
92.08,2.786281,2.762400,0.023881,0.000000,synthetic_chat_design_preset
92.09,2.788292,2.762700,0.025592,0.000000,synthetic_chat_design_preset
92.10,2.789900,2.763000,0.026900,0.000000,synthetic_chat_design_preset
92.11,2.791083,2.763300,0.027783,0.000000,synthetic_chat_design_preset
92.12,2.791828,2.763600,0.028228,0.000000,synthetic_chat_design_preset
92.13,2.792128,2.763900,0.028228,0.000000,synthetic_chat_design_preset
92.14,2.791983,2.764200,0.027783,0.000000,synthetic_chat_design_preset
92.15,2.791400,2.764500,0.026900,0.000000,synthetic_chat_design_preset
92.16,2.790392,2.764800,0.025592,0.000000,synthetic_chat_design_preset
92.17,2.788981,2.765100,0.023881,0.000000,synthetic_chat_design_preset
92.18,2.787193,2.765400,0.021793,0.000000,synthetic_chat_design_preset
92.19,2.785062,2.765700,0.019362,0.000000,synthetic_chat_design_preset
92.20,2.782625,2.766000,0.016625,0.000000,synthetic_chat_design_preset
92.21,2.779926,2.766300,0.013626,0.000000,synthetic_chat_design_preset
92.22,2.777012,2.766600,0.010412,0.000000,synthetic_chat_design_preset
92.23,2.773934,2.766900,0.007034,0.000000,synthetic_chat_design_preset
92.24,2.770745,2.767200,0.003545,0.000000,synthetic_chat_design_preset
92.25,2.767500,2.767500,-0.000000,0.000000,synthetic_chat_design_preset
92.26,2.764255,2.767800,-0.003545,0.000000,synthetic_chat_design_preset
92.27,2.761066,2.768100,-0.007034,0.000000,synthetic_chat_design_preset
92.28,2.757988,2.768400,-0.010412,0.000000,synthetic_chat_design_preset
92.29,2.755074,2.768700,-0.013626,0.000000,synthetic_chat_design_preset
92.30,2.752375,2.769000,-0.016625,0.000000,synthetic_chat_design_preset
92.31,2.749938,2.769300,-0.019362,0.000000,synthetic_chat_design_preset
92.32,2.747807,2.769600,-0.021793,0.000000,synthetic_chat_design_preset
92.33,2.746019,2.769900,-0.023881,0.000000,synthetic_chat_design_preset
92.34,2.744608,2.770200,-0.025592,0.000000,synthetic_chat_design_preset
92.35,2.743600,2.770500,-0.026900,0.000000,synthetic_chat_design_preset
92.36,2.743017,2.770800,-0.027783,0.000000,synthetic_chat_design_preset
92.37,2.742872,2.771100,-0.028228,0.000000,synthetic_chat_design_preset
92.38,2.743172,2.771400,-0.028228,0.000000,synthetic_chat_design_preset
92.39,2.743917,2.771700,-0.027783,0.000000,synthetic_chat_design_preset
92.40,2.745100,2.772000,-0.026900,0.000000,synthetic_chat_design_preset
92.41,2.746708,2.772300,-0.025592,0.000000,synthetic_chat_design_preset
92.42,2.748719,2.772600,-0.023881,0.000000,synthetic_chat_design_preset
92.43,2.751107,2.772900,-0.021793,0.000000,synthetic_chat_design_preset
92.44,2.753838,2.773200,-0.019362,0.000000,synthetic_chat_design_preset
92.45,2.756875,2.773500,-0.016625,0.000000,synthetic_chat_design_preset
92.46,2.760174,2.773800,-0.013626,0.000000,synthetic_chat_design_preset
92.47,2.763688,2.774100,-0.010412,0.000000,synthetic_chat_design_preset
92.48,2.767366,2.774400,-0.007034,0.000000,synthetic_chat_design_preset
92.49,2.771155,2.774700,-0.003545,0.000000,synthetic_chat_design_preset
92.50,2.775000,2.775000,-0.000000,0.000000,synthetic_chat_design_preset
92.51,2.778845,2.775300,0.003545,0.000000,synthetic_chat_design_preset
92.52,2.782634,2.775600,0.007034,0.000000,synthetic_chat_design_preset
92.53,2.786312,2.775900,0.010412,0.000000,synthetic_chat_design_preset
92.54,2.789826,2.776200,0.013626,0.000000,synthetic_chat_design_preset
92.55,2.793125,2.776500,0.016625,0.000000,synthetic_chat_design_preset
92.56,2.796162,2.776800,0.019362,0.000000,synthetic_chat_design_preset
92.57,2.798893,2.777100,0.021793,0.000000,synthetic_chat_design_preset
92.58,2.801281,2.777400,0.023881,0.000000,synthetic_chat_design_preset
92.59,2.803292,2.777700,0.025592,0.000000,synthetic_chat_design_preset
92.60,2.804900,2.778000,0.026900,0.000000,synthetic_chat_design_preset
92.61,2.806083,2.778300,0.027783,0.000000,synthetic_chat_design_preset
92.62,2.806828,2.778600,0.028228,0.000000,synthetic_chat_design_preset
92.63,2.807128,2.778900,0.028228,0.000000,synthetic_chat_design_preset
92.64,2.806983,2.779200,0.027783,0.000000,synthetic_chat_design_preset
92.65,2.806400,2.779500,0.026900,0.000000,synthetic_chat_design_preset
92.66,2.805392,2.779800,0.025592,0.000000,synthetic_chat_design_preset
92.67,2.803981,2.780100,0.023881,0.000000,synthetic_chat_design_preset
92.68,2.802193,2.780400,0.021793,0.000000,synthetic_chat_design_preset
92.69,2.800062,2.780700,0.019362,0.000000,synthetic_chat_design_preset
92.70,2.797625,2.781000,0.016625,0.000000,synthetic_chat_design_preset
92.71,2.794926,2.781300,0.013626,0.000000,synthetic_chat_design_preset
92.72,2.792012,2.781600,0.010412,0.000000,synthetic_chat_design_preset
92.73,2.788934,2.781900,0.007034,0.000000,synthetic_chat_design_preset
92.74,2.785745,2.782200,0.003545,0.000000,synthetic_chat_design_preset
92.75,2.782500,2.782500,0.000000,0.000000,synthetic_chat_design_preset
92.76,2.779255,2.782800,-0.003545,0.000000,synthetic_chat_design_preset
92.77,2.776066,2.783100,-0.007034,0.000000,synthetic_chat_design_preset
92.78,2.772988,2.783400,-0.010412,0.000000,synthetic_chat_design_preset
92.79,2.770074,2.783700,-0.013626,0.000000,synthetic_chat_design_preset
92.80,2.767375,2.784000,-0.016625,0.000000,synthetic_chat_design_preset
92.81,2.764938,2.784300,-0.019362,0.000000,synthetic_chat_design_preset
92.82,2.762807,2.784600,-0.021793,0.000000,synthetic_chat_design_preset
92.83,2.761019,2.784900,-0.023881,0.000000,synthetic_chat_design_preset
92.84,2.759608,2.785200,-0.025592,0.000000,synthetic_chat_design_preset
92.85,2.758600,2.785500,-0.026900,0.000000,synthetic_chat_design_preset
92.86,2.758017,2.785800,-0.027783,0.000000,synthetic_chat_design_preset
92.87,2.757872,2.786100,-0.028228,0.000000,synthetic_chat_design_preset
92.88,2.758172,2.786400,-0.028228,0.000000,synthetic_chat_design_preset
92.89,2.758917,2.786700,-0.027783,0.000000,synthetic_chat_design_preset
92.90,2.760100,2.787000,-0.026900,0.000000,synthetic_chat_design_preset
92.91,2.761708,2.787300,-0.025592,0.000000,synthetic_chat_design_preset
92.92,2.763719,2.787600,-0.023881,0.000000,synthetic_chat_design_preset
92.93,2.766107,2.787900,-0.021793,0.000000,synthetic_chat_design_preset
92.94,2.768838,2.788200,-0.019362,0.000000,synthetic_chat_design_preset
92.95,2.771875,2.788500,-0.016625,0.000000,synthetic_chat_design_preset
92.96,2.775174,2.788800,-0.013626,0.000000,synthetic_chat_design_preset
92.97,2.778688,2.789100,-0.010412,0.000000,synthetic_chat_design_preset
92.98,2.782366,2.789400,-0.007034,0.000000,synthetic_chat_design_preset
92.99,2.786155,2.789700,-0.003545,0.000000,synthetic_chat_design_preset
93.00,2.790000,2.790000,-0.000000,0.000000,synthetic_chat_design_preset
93.01,2.793845,2.790300,0.003545,0.000000,synthetic_chat_design_preset
93.02,2.797634,2.790600,0.007034,0.000000,synthetic_chat_design_preset
93.03,2.801312,2.790900,0.010412,0.000000,synthetic_chat_design_preset
93.04,2.804826,2.791200,0.013626,0.000000,synthetic_chat_design_preset
93.05,2.808125,2.791500,0.016625,0.000000,synthetic_chat_design_preset
93.06,2.811162,2.791800,0.019362,0.000000,synthetic_chat_design_preset
93.07,2.813893,2.792100,0.021793,0.000000,synthetic_chat_design_preset
93.08,2.816281,2.792400,0.023881,0.000000,synthetic_chat_design_preset
93.09,2.818292,2.792700,0.025592,0.000000,synthetic_chat_design_preset
93.10,2.819900,2.793000,0.026900,0.000000,synthetic_chat_design_preset
93.11,2.821083,2.793300,0.027783,0.000000,synthetic_chat_design_preset
93.12,2.821828,2.793600,0.028228,0.000000,synthetic_chat_design_preset
93.13,2.822128,2.793900,0.028228,0.000000,synthetic_chat_design_preset
93.14,2.821983,2.794200,0.027783,0.000000,synthetic_chat_design_preset
93.15,2.821400,2.794500,0.026900,0.000000,synthetic_chat_design_preset
93.16,2.820392,2.794800,0.025592,0.000000,synthetic_chat_design_preset
93.17,2.818981,2.795100,0.023881,0.000000,synthetic_chat_design_preset
93.18,2.817193,2.795400,0.021793,0.000000,synthetic_chat_design_preset
93.19,2.815062,2.795700,0.019362,0.000000,synthetic_chat_design_preset
93.20,2.812625,2.796000,0.016625,0.000000,synthetic_chat_design_preset
93.21,2.809926,2.796300,0.013626,0.000000,synthetic_chat_design_preset
93.22,2.807012,2.796600,0.010412,0.000000,synthetic_chat_design_preset
93.23,2.803934,2.796900,0.007034,0.000000,synthetic_chat_design_preset
93.24,2.800745,2.797200,0.003545,0.000000,synthetic_chat_design_preset
93.25,2.797500,2.797500,0.000000,0.000000,synthetic_chat_design_preset
93.26,2.794255,2.797800,-0.003545,0.000000,synthetic_chat_design_preset
93.27,2.791066,2.798100,-0.007034,0.000000,synthetic_chat_design_preset
93.28,2.787988,2.798400,-0.010412,0.000000,synthetic_chat_design_preset
93.29,2.785074,2.798700,-0.013626,0.000000,synthetic_chat_design_preset
93.30,2.782375,2.799000,-0.016625,0.000000,synthetic_chat_design_preset
93.31,2.779938,2.799300,-0.019362,0.000000,synthetic_chat_design_preset
93.32,2.777807,2.799600,-0.021793,0.000000,synthetic_chat_design_preset
93.33,2.776019,2.799900,-0.023881,0.000000,synthetic_chat_design_preset
93.34,2.774608,2.800200,-0.025592,0.000000,synthetic_chat_design_preset
93.35,2.773600,2.800500,-0.026900,0.000000,synthetic_chat_design_preset
93.36,2.773017,2.800800,-0.027783,0.000000,synthetic_chat_design_preset
93.37,2.772872,2.801100,-0.028228,0.000000,synthetic_chat_design_preset
93.38,2.773172,2.801400,-0.028228,0.000000,synthetic_chat_design_preset
93.39,2.773917,2.801700,-0.027783,0.000000,synthetic_chat_design_preset
93.40,2.775100,2.802000,-0.026900,0.000000,synthetic_chat_design_preset
93.41,2.776708,2.802300,-0.025592,0.000000,synthetic_chat_design_preset
93.42,2.778719,2.802600,-0.023881,0.000000,synthetic_chat_design_preset
93.43,2.781107,2.802900,-0.021793,0.000000,synthetic_chat_design_preset
93.44,2.783838,2.803200,-0.019362,0.000000,synthetic_chat_design_preset
93.45,2.786875,2.803500,-0.016625,0.000000,synthetic_chat_design_preset
93.46,2.790174,2.803800,-0.013626,0.000000,synthetic_chat_design_preset
93.47,2.793688,2.804100,-0.010412,0.000000,synthetic_chat_design_preset
93.48,2.797366,2.804400,-0.007034,0.000000,synthetic_chat_design_preset
93.49,2.801155,2.804700,-0.003545,0.000000,synthetic_chat_design_preset
93.50,2.805000,2.805000,0.000000,0.000000,synthetic_chat_design_preset
93.51,2.808845,2.805300,0.003545,0.000000,synthetic_chat_design_preset
93.52,2.812634,2.805600,0.007034,0.000000,synthetic_chat_design_preset
93.53,2.816312,2.805900,0.010412,0.000000,synthetic_chat_design_preset
93.54,2.819826,2.806200,0.013626,0.000000,synthetic_chat_design_preset
93.55,2.823125,2.806500,0.016625,0.000000,synthetic_chat_design_preset
93.56,2.826162,2.806800,0.019362,0.000000,synthetic_chat_design_preset
93.57,2.828893,2.807100,0.021793,0.000000,synthetic_chat_design_preset
93.58,2.831281,2.807400,0.023881,0.000000,synthetic_chat_design_preset
93.59,2.833292,2.807700,0.025592,0.000000,synthetic_chat_design_preset
93.60,2.834900,2.808000,0.026900,0.000000,synthetic_chat_design_preset
93.61,2.836083,2.808300,0.027783,0.000000,synthetic_chat_design_preset
93.62,2.836828,2.808600,0.028228,0.000000,synthetic_chat_design_preset
93.63,2.837128,2.808900,0.028228,0.000000,synthetic_chat_design_preset
93.64,2.836983,2.809200,0.027783,0.000000,synthetic_chat_design_preset
93.65,2.836400,2.809500,0.026900,0.000000,synthetic_chat_design_preset
93.66,2.835392,2.809800,0.025592,0.000000,synthetic_chat_design_preset
93.67,2.833981,2.810100,0.023881,0.000000,synthetic_chat_design_preset
93.68,2.832193,2.810400,0.021793,0.000000,synthetic_chat_design_preset
93.69,2.830062,2.810700,0.019362,0.000000,synthetic_chat_design_preset
93.70,2.827625,2.811000,0.016625,0.000000,synthetic_chat_design_preset
93.71,2.824926,2.811300,0.013626,0.000000,synthetic_chat_design_preset
93.72,2.822012,2.811600,0.010412,0.000000,synthetic_chat_design_preset
93.73,2.818934,2.811900,0.007034,0.000000,synthetic_chat_design_preset
93.74,2.815745,2.812200,0.003545,0.000000,synthetic_chat_design_preset
93.75,2.812500,2.812500,0.000000,0.000000,synthetic_chat_design_preset
93.76,2.809255,2.812800,-0.003545,0.000000,synthetic_chat_design_preset
93.77,2.806066,2.813100,-0.007034,0.000000,synthetic_chat_design_preset
93.78,2.802988,2.813400,-0.010412,0.000000,synthetic_chat_design_preset
93.79,2.800074,2.813700,-0.013626,0.000000,synthetic_chat_design_preset
93.80,2.797375,2.814000,-0.016625,0.000000,synthetic_chat_design_preset
93.81,2.794938,2.814300,-0.019362,0.000000,synthetic_chat_design_preset
93.82,2.792807,2.814600,-0.021793,0.000000,synthetic_chat_design_preset
93.83,2.791019,2.814900,-0.023881,0.000000,synthetic_chat_design_preset
93.84,2.789608,2.815200,-0.025592,0.000000,synthetic_chat_design_preset
93.85,2.788600,2.815500,-0.026900,0.000000,synthetic_chat_design_preset
93.86,2.788017,2.815800,-0.027783,0.000000,synthetic_chat_design_preset
93.87,2.787872,2.816100,-0.028228,0.000000,synthetic_chat_design_preset
93.88,2.788172,2.816400,-0.028228,0.000000,synthetic_chat_design_preset
93.89,2.788917,2.816700,-0.027783,0.000000,synthetic_chat_design_preset
93.90,2.790100,2.817000,-0.026900,0.000000,synthetic_chat_design_preset
93.91,2.791708,2.817300,-0.025592,0.000000,synthetic_chat_design_preset
93.92,2.793719,2.817600,-0.023881,0.000000,synthetic_chat_design_preset
93.93,2.796107,2.817900,-0.021793,0.000000,synthetic_chat_design_preset
93.94,2.798838,2.818200,-0.019362,0.000000,synthetic_chat_design_preset
93.95,2.801875,2.818500,-0.016625,0.000000,synthetic_chat_design_preset
93.96,2.805174,2.818800,-0.013626,0.000000,synthetic_chat_design_preset
93.97,2.808688,2.819100,-0.010412,0.000000,synthetic_chat_design_preset
93.98,2.812366,2.819400,-0.007034,0.000000,synthetic_chat_design_preset
93.99,2.816155,2.819700,-0.003545,0.000000,synthetic_chat_design_preset
94.00,2.820000,2.820000,0.000000,0.000000,synthetic_chat_design_preset
94.01,2.823845,2.820300,0.003545,0.000000,synthetic_chat_design_preset
94.02,2.827634,2.820600,0.007034,0.000000,synthetic_chat_design_preset
94.03,2.831312,2.820900,0.010412,0.000000,synthetic_chat_design_preset
94.04,2.834826,2.821200,0.013626,0.000000,synthetic_chat_design_preset
94.05,2.838125,2.821500,0.016625,0.000000,synthetic_chat_design_preset
94.06,2.841162,2.821800,0.019362,0.000000,synthetic_chat_design_preset
94.07,2.843893,2.822100,0.021793,0.000000,synthetic_chat_design_preset
94.08,2.846281,2.822400,0.023881,0.000000,synthetic_chat_design_preset
94.09,2.848292,2.822700,0.025592,0.000000,synthetic_chat_design_preset
94.10,2.849900,2.823000,0.026900,0.000000,synthetic_chat_design_preset
94.11,2.851083,2.823300,0.027783,0.000000,synthetic_chat_design_preset
94.12,2.851828,2.823600,0.028228,0.000000,synthetic_chat_design_preset
94.13,2.852128,2.823900,0.028228,0.000000,synthetic_chat_design_preset
94.14,2.851983,2.824200,0.027783,0.000000,synthetic_chat_design_preset
94.15,2.851400,2.824500,0.026900,0.000000,synthetic_chat_design_preset
94.16,2.850392,2.824800,0.025592,0.000000,synthetic_chat_design_preset
94.17,2.848981,2.825100,0.023881,0.000000,synthetic_chat_design_preset
94.18,2.847193,2.825400,0.021793,0.000000,synthetic_chat_design_preset
94.19,2.845062,2.825700,0.019362,0.000000,synthetic_chat_design_preset
94.20,2.842625,2.826000,0.016625,0.000000,synthetic_chat_design_preset
94.21,2.839926,2.826300,0.013626,0.000000,synthetic_chat_design_preset
94.22,2.837012,2.826600,0.010412,0.000000,synthetic_chat_design_preset
94.23,2.833934,2.826900,0.007034,0.000000,synthetic_chat_design_preset
94.24,2.830745,2.827200,0.003545,0.000000,synthetic_chat_design_preset
94.25,2.827500,2.827500,0.000000,0.000000,synthetic_chat_design_preset
94.26,2.824255,2.827800,-0.003545,0.000000,synthetic_chat_design_preset
94.27,2.821066,2.828100,-0.007034,0.000000,synthetic_chat_design_preset
94.28,2.817988,2.828400,-0.010412,0.000000,synthetic_chat_design_preset
94.29,2.815074,2.828700,-0.013626,0.000000,synthetic_chat_design_preset
94.30,2.812375,2.829000,-0.016625,0.000000,synthetic_chat_design_preset
94.31,2.809938,2.829300,-0.019362,0.000000,synthetic_chat_design_preset
94.32,2.807807,2.829600,-0.021793,0.000000,synthetic_chat_design_preset
94.33,2.806019,2.829900,-0.023881,0.000000,synthetic_chat_design_preset
94.34,2.804608,2.830200,-0.025592,0.000000,synthetic_chat_design_preset
94.35,2.803600,2.830500,-0.026900,0.000000,synthetic_chat_design_preset
94.36,2.803017,2.830800,-0.027783,0.000000,synthetic_chat_design_preset
94.37,2.802872,2.831100,-0.028228,0.000000,synthetic_chat_design_preset
94.38,2.803172,2.831400,-0.028228,0.000000,synthetic_chat_design_preset
94.39,2.803917,2.831700,-0.027783,0.000000,synthetic_chat_design_preset
94.40,2.805100,2.832000,-0.026900,0.000000,synthetic_chat_design_preset
94.41,2.806708,2.832300,-0.025592,0.000000,synthetic_chat_design_preset
94.42,2.808719,2.832600,-0.023881,0.000000,synthetic_chat_design_preset
94.43,2.811107,2.832900,-0.021793,0.000000,synthetic_chat_design_preset
94.44,2.813838,2.833200,-0.019362,0.000000,synthetic_chat_design_preset
94.45,2.816875,2.833500,-0.016625,0.000000,synthetic_chat_design_preset
94.46,2.820174,2.833800,-0.013626,0.000000,synthetic_chat_design_preset
94.47,2.823688,2.834100,-0.010412,0.000000,synthetic_chat_design_preset
94.48,2.827366,2.834400,-0.007034,0.000000,synthetic_chat_design_preset
94.49,2.831172,2.834700,-0.003545,0.000017,synthetic_chat_design_preset
94.50,2.835023,2.835000,0.000000,0.000023,synthetic_chat_design_preset
94.51,2.838876,2.835300,0.003545,0.000031,synthetic_chat_design_preset
94.52,2.842675,2.835600,0.007034,0.000041,synthetic_chat_design_preset
94.53,2.846368,2.835900,0.010412,0.000055,synthetic_chat_design_preset
94.54,2.849900,2.836200,0.013626,0.000074,synthetic_chat_design_preset
94.55,2.853223,2.836500,0.016625,0.000098,synthetic_chat_design_preset
94.56,2.856290,2.836800,0.019362,0.000128,synthetic_chat_design_preset
94.57,2.859061,2.837100,0.021793,0.000168,synthetic_chat_design_preset
94.58,2.861499,2.837400,0.023881,0.000218,synthetic_chat_design_preset
94.59,2.863574,2.837700,0.025592,0.000282,synthetic_chat_design_preset
94.60,2.865262,2.838000,0.026900,0.000362,synthetic_chat_design_preset
94.61,2.866545,2.838300,0.027783,0.000461,synthetic_chat_design_preset
94.62,2.867413,2.838600,0.028228,0.000585,synthetic_chat_design_preset
94.63,2.867865,2.838900,0.028228,0.000737,synthetic_chat_design_preset
94.64,2.867906,2.839200,0.027783,0.000923,synthetic_chat_design_preset
94.65,2.867548,2.839500,0.026900,0.001148,synthetic_chat_design_preset
94.66,2.866813,2.839800,0.025592,0.001420,synthetic_chat_design_preset
94.67,2.865727,2.840100,0.023881,0.001746,synthetic_chat_design_preset
94.68,2.864326,2.840400,0.021793,0.002133,synthetic_chat_design_preset
94.69,2.862652,2.840700,0.019362,0.002590,synthetic_chat_design_preset
94.70,2.860750,2.841000,0.016625,0.003125,synthetic_chat_design_preset
94.71,2.858674,2.841300,0.013626,0.003748,synthetic_chat_design_preset
94.72,2.856479,2.841600,0.010412,0.004467,synthetic_chat_design_preset
94.73,2.854226,2.841900,0.007034,0.005292,synthetic_chat_design_preset
94.74,2.851976,2.842200,0.003545,0.006231,synthetic_chat_design_preset
94.75,2.849791,2.842500,0.000000,0.007291,synthetic_chat_design_preset
94.76,2.847734,2.842800,-0.003545,0.008479,synthetic_chat_design_preset
94.77,2.845866,2.843100,-0.007034,0.009800,synthetic_chat_design_preset
94.78,2.844245,2.843400,-0.010412,0.011257,synthetic_chat_design_preset
94.79,2.842925,2.843700,-0.013626,0.012851,synthetic_chat_design_preset
94.80,2.841957,2.844000,-0.016625,0.014582,synthetic_chat_design_preset
94.81,2.841381,2.844300,-0.019362,0.016443,synthetic_chat_design_preset
94.82,2.841235,2.844600,-0.021793,0.018428,synthetic_chat_design_preset
94.83,2.841545,2.844900,-0.023881,0.020526,synthetic_chat_design_preset
94.84,2.842331,2.845200,-0.025592,0.022723,synthetic_chat_design_preset
94.85,2.843600,2.845500,-0.026900,0.025000,synthetic_chat_design_preset
94.86,2.845353,2.845800,-0.027783,0.027336,synthetic_chat_design_preset
94.87,2.847579,2.846100,-0.028228,0.029707,synthetic_chat_design_preset
94.88,2.850257,2.846400,-0.028228,0.032086,synthetic_chat_design_preset
94.89,2.853358,2.846700,-0.027783,0.034442,synthetic_chat_design_preset
94.90,2.856843,2.847000,-0.026900,0.036743,synthetic_chat_design_preset
94.91,2.860666,2.847300,-0.025592,0.038958,synthetic_chat_design_preset
94.92,2.864772,2.847600,-0.023881,0.041053,synthetic_chat_design_preset
94.93,2.869101,2.847900,-0.021793,0.042994,synthetic_chat_design_preset
94.94,2.873589,2.848200,-0.019362,0.044751,synthetic_chat_design_preset
94.95,2.878169,2.848500,-0.016625,0.046294,synthetic_chat_design_preset
94.96,2.882769,2.848800,-0.013626,0.047595,synthetic_chat_design_preset
94.97,2.887321,2.849100,-0.010412,0.048633,synthetic_chat_design_preset
94.98,2.891754,2.849400,-0.007034,0.049388,synthetic_chat_design_preset
94.99,2.896001,2.849700,-0.003545,0.049846,synthetic_chat_design_preset
95.00,2.900000,2.850000,-0.000000,0.050000,synthetic_chat_design_preset
95.01,2.903691,2.850300,0.003545,0.049846,synthetic_chat_design_preset
95.02,2.907022,2.850600,0.007034,0.049388,synthetic_chat_design_preset
95.03,2.909945,2.850900,0.010412,0.048633,synthetic_chat_design_preset
95.04,2.912421,2.851200,0.013626,0.047595,synthetic_chat_design_preset
95.05,2.914419,2.851500,0.016625,0.046294,synthetic_chat_design_preset
95.06,2.915913,2.851800,0.019362,0.044751,synthetic_chat_design_preset
95.07,2.916888,2.852100,0.021793,0.042994,synthetic_chat_design_preset
95.08,2.917334,2.852400,0.023881,0.041053,synthetic_chat_design_preset
95.09,2.917251,2.852700,0.025592,0.038958,synthetic_chat_design_preset
95.10,2.916643,2.853000,0.026900,0.036743,synthetic_chat_design_preset
95.11,2.915525,2.853300,0.027783,0.034442,synthetic_chat_design_preset
95.12,2.913914,2.853600,0.028228,0.032086,synthetic_chat_design_preset
95.13,2.911836,2.853900,0.028228,0.029707,synthetic_chat_design_preset
95.14,2.909320,2.854200,0.027783,0.027336,synthetic_chat_design_preset
95.15,2.906400,2.854500,0.026900,0.025000,synthetic_chat_design_preset
95.16,2.903115,2.854800,0.025592,0.022723,synthetic_chat_design_preset
95.17,2.899508,2.855100,0.023881,0.020526,synthetic_chat_design_preset
95.18,2.895622,2.855400,0.021793,0.018428,synthetic_chat_design_preset
95.19,2.891505,2.855700,0.019362,0.016443,synthetic_chat_design_preset
95.20,2.887207,2.856000,0.016625,0.014582,synthetic_chat_design_preset
95.21,2.882777,2.856300,0.013626,0.012851,synthetic_chat_design_preset
95.22,2.878269,2.856600,0.010412,0.011257,synthetic_chat_design_preset
95.23,2.873734,2.856900,0.007034,0.009800,synthetic_chat_design_preset
95.24,2.869224,2.857200,0.003545,0.008479,synthetic_chat_design_preset
95.25,2.864791,2.857500,0.000000,0.007291,synthetic_chat_design_preset
95.26,2.860486,2.857800,-0.003545,0.006231,synthetic_chat_design_preset
95.27,2.856358,2.858100,-0.007034,0.005292,synthetic_chat_design_preset
95.28,2.852455,2.858400,-0.010412,0.004467,synthetic_chat_design_preset
95.29,2.848822,2.858700,-0.013626,0.003748,synthetic_chat_design_preset
95.30,2.845500,2.859000,-0.016625,0.003125,synthetic_chat_design_preset
95.31,2.842528,2.859300,-0.019362,0.002590,synthetic_chat_design_preset
95.32,2.839939,2.859600,-0.021793,0.002133,synthetic_chat_design_preset
95.33,2.837765,2.859900,-0.023881,0.001746,synthetic_chat_design_preset
95.34,2.836028,2.860200,-0.025592,0.001420,synthetic_chat_design_preset
95.35,2.834748,2.860500,-0.026900,0.001148,synthetic_chat_design_preset
95.36,2.833939,2.860800,-0.027783,0.000923,synthetic_chat_design_preset
95.37,2.833608,2.861100,-0.028228,0.000737,synthetic_chat_design_preset
95.38,2.833756,2.861400,-0.028228,0.000585,synthetic_chat_design_preset
95.39,2.834378,2.861700,-0.027783,0.000461,synthetic_chat_design_preset
95.40,2.835462,2.862000,-0.026900,0.000362,synthetic_chat_design_preset
95.41,2.836989,2.862300,-0.025592,0.000282,synthetic_chat_design_preset
95.42,2.838937,2.862600,-0.023881,0.000218,synthetic_chat_design_preset
95.43,2.841275,2.862900,-0.021793,0.000168,synthetic_chat_design_preset
95.44,2.843967,2.863200,-0.019362,0.000128,synthetic_chat_design_preset
95.45,2.846973,2.863500,-0.016625,0.000098,synthetic_chat_design_preset
95.46,2.850248,2.863800,-0.013626,0.000074,synthetic_chat_design_preset
95.47,2.853743,2.864100,-0.010412,0.000055,synthetic_chat_design_preset
95.48,2.857407,2.864400,-0.007034,0.000041,synthetic_chat_design_preset
95.49,2.861186,2.864700,-0.003545,0.000031,synthetic_chat_design_preset
95.50,2.865023,2.865000,-0.000000,0.000023,synthetic_chat_design_preset
95.51,2.868845,2.865300,0.003545,0.000000,synthetic_chat_design_preset
95.52,2.872634,2.865600,0.007034,0.000000,synthetic_chat_design_preset
95.53,2.876312,2.865900,0.010412,0.000000,synthetic_chat_design_preset
95.54,2.879826,2.866200,0.013626,0.000000,synthetic_chat_design_preset
95.55,2.883125,2.866500,0.016625,0.000000,synthetic_chat_design_preset
95.56,2.886162,2.866800,0.019362,0.000000,synthetic_chat_design_preset
95.57,2.888893,2.867100,0.021793,0.000000,synthetic_chat_design_preset
95.58,2.891281,2.867400,0.023881,0.000000,synthetic_chat_design_preset
95.59,2.893292,2.867700,0.025592,0.000000,synthetic_chat_design_preset
95.60,2.894900,2.868000,0.026900,0.000000,synthetic_chat_design_preset
95.61,2.896083,2.868300,0.027783,0.000000,synthetic_chat_design_preset
95.62,2.896828,2.868600,0.028228,0.000000,synthetic_chat_design_preset
95.63,2.897128,2.868900,0.028228,0.000000,synthetic_chat_design_preset
95.64,2.896983,2.869200,0.027783,0.000000,synthetic_chat_design_preset
95.65,2.896400,2.869500,0.026900,0.000000,synthetic_chat_design_preset
95.66,2.895392,2.869800,0.025592,0.000000,synthetic_chat_design_preset
95.67,2.893981,2.870100,0.023881,0.000000,synthetic_chat_design_preset
95.68,2.892193,2.870400,0.021793,0.000000,synthetic_chat_design_preset
95.69,2.890062,2.870700,0.019362,0.000000,synthetic_chat_design_preset
95.70,2.887625,2.871000,0.016625,0.000000,synthetic_chat_design_preset
95.71,2.884926,2.871300,0.013626,0.000000,synthetic_chat_design_preset
95.72,2.882012,2.871600,0.010412,0.000000,synthetic_chat_design_preset
95.73,2.878934,2.871900,0.007034,0.000000,synthetic_chat_design_preset
95.74,2.875745,2.872200,0.003545,0.000000,synthetic_chat_design_preset
95.75,2.872500,2.872500,0.000000,0.000000,synthetic_chat_design_preset
95.76,2.869255,2.872800,-0.003545,0.000000,synthetic_chat_design_preset
95.77,2.866066,2.873100,-0.007034,0.000000,synthetic_chat_design_preset
95.78,2.862988,2.873400,-0.010412,0.000000,synthetic_chat_design_preset
95.79,2.860074,2.873700,-0.013626,0.000000,synthetic_chat_design_preset
95.80,2.857375,2.874000,-0.016625,0.000000,synthetic_chat_design_preset
95.81,2.854938,2.874300,-0.019362,0.000000,synthetic_chat_design_preset
95.82,2.852807,2.874600,-0.021793,0.000000,synthetic_chat_design_preset
95.83,2.851019,2.874900,-0.023881,0.000000,synthetic_chat_design_preset
95.84,2.849608,2.875200,-0.025592,0.000000,synthetic_chat_design_preset
95.85,2.848600,2.875500,-0.026900,0.000000,synthetic_chat_design_preset
95.86,2.848017,2.875800,-0.027783,0.000000,synthetic_chat_design_preset
95.87,2.847872,2.876100,-0.028228,0.000000,synthetic_chat_design_preset
95.88,2.848172,2.876400,-0.028228,0.000000,synthetic_chat_design_preset
95.89,2.848917,2.876700,-0.027783,0.000000,synthetic_chat_design_preset
95.90,2.850100,2.877000,-0.026900,0.000000,synthetic_chat_design_preset
95.91,2.851708,2.877300,-0.025592,0.000000,synthetic_chat_design_preset
95.92,2.853719,2.877600,-0.023881,0.000000,synthetic_chat_design_preset
95.93,2.856107,2.877900,-0.021793,0.000000,synthetic_chat_design_preset
95.94,2.858838,2.878200,-0.019362,0.000000,synthetic_chat_design_preset
95.95,2.861875,2.878500,-0.016625,0.000000,synthetic_chat_design_preset
95.96,2.865174,2.878800,-0.013626,0.000000,synthetic_chat_design_preset
95.97,2.868688,2.879100,-0.010412,0.000000,synthetic_chat_design_preset
95.98,2.872366,2.879400,-0.007034,0.000000,synthetic_chat_design_preset
95.99,2.876155,2.879700,-0.003545,0.000000,synthetic_chat_design_preset
96.00,2.880000,2.880000,-0.000000,0.000000,synthetic_chat_design_preset
96.01,2.883845,2.880300,0.003545,0.000000,synthetic_chat_design_preset
96.02,2.887634,2.880600,0.007034,0.000000,synthetic_chat_design_preset
96.03,2.891312,2.880900,0.010412,0.000000,synthetic_chat_design_preset
96.04,2.894826,2.881200,0.013626,0.000000,synthetic_chat_design_preset
96.05,2.898125,2.881500,0.016625,0.000000,synthetic_chat_design_preset
96.06,2.901162,2.881800,0.019362,0.000000,synthetic_chat_design_preset
96.07,2.903893,2.882100,0.021793,0.000000,synthetic_chat_design_preset
96.08,2.906281,2.882400,0.023881,0.000000,synthetic_chat_design_preset
96.09,2.908292,2.882700,0.025592,0.000000,synthetic_chat_design_preset
96.10,2.909900,2.883000,0.026900,0.000000,synthetic_chat_design_preset
96.11,2.911083,2.883300,0.027783,0.000000,synthetic_chat_design_preset
96.12,2.911828,2.883600,0.028228,0.000000,synthetic_chat_design_preset
96.13,2.912128,2.883900,0.028228,0.000000,synthetic_chat_design_preset
96.14,2.911983,2.884200,0.027783,0.000000,synthetic_chat_design_preset
96.15,2.911400,2.884500,0.026900,0.000000,synthetic_chat_design_preset
96.16,2.910392,2.884800,0.025592,0.000000,synthetic_chat_design_preset
96.17,2.908981,2.885100,0.023881,0.000000,synthetic_chat_design_preset
96.18,2.907193,2.885400,0.021793,0.000000,synthetic_chat_design_preset
96.19,2.905062,2.885700,0.019362,0.000000,synthetic_chat_design_preset
96.20,2.902625,2.886000,0.016625,0.000000,synthetic_chat_design_preset
96.21,2.899926,2.886300,0.013626,0.000000,synthetic_chat_design_preset
96.22,2.897012,2.886600,0.010412,0.000000,synthetic_chat_design_preset
96.23,2.893934,2.886900,0.007034,0.000000,synthetic_chat_design_preset
96.24,2.890745,2.887200,0.003545,0.000000,synthetic_chat_design_preset
96.25,2.887500,2.887500,-0.000000,0.000000,synthetic_chat_design_preset
96.26,2.884255,2.887800,-0.003545,0.000000,synthetic_chat_design_preset
96.27,2.881066,2.888100,-0.007034,0.000000,synthetic_chat_design_preset
96.28,2.877988,2.888400,-0.010412,0.000000,synthetic_chat_design_preset
96.29,2.875074,2.888700,-0.013626,0.000000,synthetic_chat_design_preset
96.30,2.872375,2.889000,-0.016625,0.000000,synthetic_chat_design_preset
96.31,2.869938,2.889300,-0.019362,0.000000,synthetic_chat_design_preset
96.32,2.867807,2.889600,-0.021793,0.000000,synthetic_chat_design_preset
96.33,2.866019,2.889900,-0.023881,0.000000,synthetic_chat_design_preset
96.34,2.864608,2.890200,-0.025592,0.000000,synthetic_chat_design_preset
96.35,2.863600,2.890500,-0.026900,0.000000,synthetic_chat_design_preset
96.36,2.863017,2.890800,-0.027783,0.000000,synthetic_chat_design_preset
96.37,2.862872,2.891100,-0.028228,0.000000,synthetic_chat_design_preset
96.38,2.863172,2.891400,-0.028228,0.000000,synthetic_chat_design_preset
96.39,2.863917,2.891700,-0.027783,0.000000,synthetic_chat_design_preset
96.40,2.865100,2.892000,-0.026900,0.000000,synthetic_chat_design_preset
96.41,2.866708,2.892300,-0.025592,0.000000,synthetic_chat_design_preset
96.42,2.868719,2.892600,-0.023881,0.000000,synthetic_chat_design_preset
96.43,2.871107,2.892900,-0.021793,0.000000,synthetic_chat_design_preset
96.44,2.873838,2.893200,-0.019362,0.000000,synthetic_chat_design_preset
96.45,2.876875,2.893500,-0.016625,0.000000,synthetic_chat_design_preset
96.46,2.880174,2.893800,-0.013626,0.000000,synthetic_chat_design_preset
96.47,2.883688,2.894100,-0.010412,0.000000,synthetic_chat_design_preset
96.48,2.887366,2.894400,-0.007034,0.000000,synthetic_chat_design_preset
96.49,2.891155,2.894700,-0.003545,0.000000,synthetic_chat_design_preset
96.50,2.895000,2.895000,-0.000000,0.000000,synthetic_chat_design_preset
96.51,2.898845,2.895300,0.003545,0.000000,synthetic_chat_design_preset
96.52,2.902634,2.895600,0.007034,0.000000,synthetic_chat_design_preset
96.53,2.906312,2.895900,0.010412,0.000000,synthetic_chat_design_preset
96.54,2.909826,2.896200,0.013626,0.000000,synthetic_chat_design_preset
96.55,2.913125,2.896500,0.016625,0.000000,synthetic_chat_design_preset
96.56,2.916162,2.896800,0.019362,0.000000,synthetic_chat_design_preset
96.57,2.918893,2.897100,0.021793,0.000000,synthetic_chat_design_preset
96.58,2.921281,2.897400,0.023881,0.000000,synthetic_chat_design_preset
96.59,2.923292,2.897700,0.025592,0.000000,synthetic_chat_design_preset
96.60,2.924900,2.898000,0.026900,0.000000,synthetic_chat_design_preset
96.61,2.926083,2.898300,0.027783,0.000000,synthetic_chat_design_preset
96.62,2.926828,2.898600,0.028228,0.000000,synthetic_chat_design_preset
96.63,2.927128,2.898900,0.028228,0.000000,synthetic_chat_design_preset
96.64,2.926983,2.899200,0.027783,0.000000,synthetic_chat_design_preset
96.65,2.926400,2.899500,0.026900,0.000000,synthetic_chat_design_preset
96.66,2.925392,2.899800,0.025592,0.000000,synthetic_chat_design_preset
96.67,2.923981,2.900100,0.023881,0.000000,synthetic_chat_design_preset
96.68,2.922193,2.900400,0.021793,0.000000,synthetic_chat_design_preset
96.69,2.920062,2.900700,0.019362,0.000000,synthetic_chat_design_preset
96.70,2.917625,2.901000,0.016625,0.000000,synthetic_chat_design_preset
96.71,2.914926,2.901300,0.013626,0.000000,synthetic_chat_design_preset
96.72,2.912012,2.901600,0.010412,0.000000,synthetic_chat_design_preset
96.73,2.908934,2.901900,0.007034,0.000000,synthetic_chat_design_preset
96.74,2.905745,2.902200,0.003545,0.000000,synthetic_chat_design_preset
96.75,2.902500,2.902500,-0.000000,0.000000,synthetic_chat_design_preset
96.76,2.899255,2.902800,-0.003545,0.000000,synthetic_chat_design_preset
96.77,2.896066,2.903100,-0.007034,0.000000,synthetic_chat_design_preset
96.78,2.892988,2.903400,-0.010412,0.000000,synthetic_chat_design_preset
96.79,2.890074,2.903700,-0.013626,0.000000,synthetic_chat_design_preset
96.80,2.887375,2.904000,-0.016625,0.000000,synthetic_chat_design_preset
96.81,2.884938,2.904300,-0.019362,0.000000,synthetic_chat_design_preset
96.82,2.882807,2.904600,-0.021793,0.000000,synthetic_chat_design_preset
96.83,2.881019,2.904900,-0.023881,0.000000,synthetic_chat_design_preset
96.84,2.879608,2.905200,-0.025592,0.000000,synthetic_chat_design_preset
96.85,2.878600,2.905500,-0.026900,0.000000,synthetic_chat_design_preset
96.86,2.878017,2.905800,-0.027783,0.000000,synthetic_chat_design_preset
96.87,2.877872,2.906100,-0.028228,0.000000,synthetic_chat_design_preset
96.88,2.878172,2.906400,-0.028228,0.000000,synthetic_chat_design_preset
96.89,2.878917,2.906700,-0.027783,0.000000,synthetic_chat_design_preset
96.90,2.880100,2.907000,-0.026900,0.000000,synthetic_chat_design_preset
96.91,2.881708,2.907300,-0.025592,0.000000,synthetic_chat_design_preset
96.92,2.883719,2.907600,-0.023881,0.000000,synthetic_chat_design_preset
96.93,2.886107,2.907900,-0.021793,0.000000,synthetic_chat_design_preset
96.94,2.888838,2.908200,-0.019362,0.000000,synthetic_chat_design_preset
96.95,2.891875,2.908500,-0.016625,0.000000,synthetic_chat_design_preset
96.96,2.895174,2.908800,-0.013626,0.000000,synthetic_chat_design_preset
96.97,2.898688,2.909100,-0.010412,0.000000,synthetic_chat_design_preset
96.98,2.902366,2.909400,-0.007034,0.000000,synthetic_chat_design_preset
96.99,2.906155,2.909700,-0.003545,0.000000,synthetic_chat_design_preset
97.00,2.910000,2.910000,-0.000000,0.000000,synthetic_chat_design_preset
97.01,2.913845,2.910300,0.003545,0.000000,synthetic_chat_design_preset
97.02,2.917634,2.910600,0.007034,0.000000,synthetic_chat_design_preset
97.03,2.921312,2.910900,0.010412,0.000000,synthetic_chat_design_preset
97.04,2.924826,2.911200,0.013626,0.000000,synthetic_chat_design_preset
97.05,2.928125,2.911500,0.016625,0.000000,synthetic_chat_design_preset
97.06,2.931162,2.911800,0.019362,0.000000,synthetic_chat_design_preset
97.07,2.933893,2.912100,0.021793,0.000000,synthetic_chat_design_preset
97.08,2.936281,2.912400,0.023881,0.000000,synthetic_chat_design_preset
97.09,2.938292,2.912700,0.025592,0.000000,synthetic_chat_design_preset
97.10,2.939900,2.913000,0.026900,0.000000,synthetic_chat_design_preset
97.11,2.941083,2.913300,0.027783,0.000000,synthetic_chat_design_preset
97.12,2.941828,2.913600,0.028228,0.000000,synthetic_chat_design_preset
97.13,2.942128,2.913900,0.028228,0.000000,synthetic_chat_design_preset
97.14,2.941983,2.914200,0.027783,0.000000,synthetic_chat_design_preset
97.15,2.941400,2.914500,0.026900,0.000000,synthetic_chat_design_preset
97.16,2.940392,2.914800,0.025592,0.000000,synthetic_chat_design_preset
97.17,2.938981,2.915100,0.023881,0.000000,synthetic_chat_design_preset
97.18,2.937193,2.915400,0.021793,0.000000,synthetic_chat_design_preset
97.19,2.935062,2.915700,0.019362,0.000000,synthetic_chat_design_preset
97.20,2.932625,2.916000,0.016625,0.000000,synthetic_chat_design_preset
97.21,2.929926,2.916300,0.013626,0.000000,synthetic_chat_design_preset
97.22,2.927012,2.916600,0.010412,0.000000,synthetic_chat_design_preset
97.23,2.923934,2.916900,0.007034,0.000000,synthetic_chat_design_preset
97.24,2.920745,2.917200,0.003545,0.000000,synthetic_chat_design_preset
97.25,2.917500,2.917500,-0.000000,0.000000,synthetic_chat_design_preset
97.26,2.914255,2.917800,-0.003545,0.000000,synthetic_chat_design_preset
97.27,2.911066,2.918100,-0.007034,0.000000,synthetic_chat_design_preset
97.28,2.907988,2.918400,-0.010412,0.000000,synthetic_chat_design_preset
97.29,2.905074,2.918700,-0.013626,0.000000,synthetic_chat_design_preset
97.30,2.902375,2.919000,-0.016625,0.000000,synthetic_chat_design_preset
97.31,2.899938,2.919300,-0.019362,0.000000,synthetic_chat_design_preset
97.32,2.897807,2.919600,-0.021793,0.000000,synthetic_chat_design_preset
97.33,2.896019,2.919900,-0.023881,0.000000,synthetic_chat_design_preset
97.34,2.894608,2.920200,-0.025592,0.000000,synthetic_chat_design_preset
97.35,2.893600,2.920500,-0.026900,0.000000,synthetic_chat_design_preset
97.36,2.893017,2.920800,-0.027783,0.000000,synthetic_chat_design_preset
97.37,2.892872,2.921100,-0.028228,0.000000,synthetic_chat_design_preset
97.38,2.893172,2.921400,-0.028228,0.000000,synthetic_chat_design_preset
97.39,2.893917,2.921700,-0.027783,0.000000,synthetic_chat_design_preset
97.40,2.895100,2.922000,-0.026900,0.000000,synthetic_chat_design_preset
97.41,2.896708,2.922300,-0.025592,0.000000,synthetic_chat_design_preset
97.42,2.898719,2.922600,-0.023881,0.000000,synthetic_chat_design_preset
97.43,2.901107,2.922900,-0.021793,0.000000,synthetic_chat_design_preset
97.44,2.903838,2.923200,-0.019362,0.000000,synthetic_chat_design_preset
97.45,2.906875,2.923500,-0.016625,0.000000,synthetic_chat_design_preset
97.46,2.910174,2.923800,-0.013626,0.000000,synthetic_chat_design_preset
97.47,2.913688,2.924100,-0.010412,0.000000,synthetic_chat_design_preset
97.48,2.917366,2.924400,-0.007034,0.000000,synthetic_chat_design_preset
97.49,2.921155,2.924700,-0.003545,0.000000,synthetic_chat_design_preset
97.50,2.925000,2.925000,-0.000000,0.000000,synthetic_chat_design_preset
97.51,2.928845,2.925300,0.003545,0.000000,synthetic_chat_design_preset
97.52,2.932634,2.925600,0.007034,0.000000,synthetic_chat_design_preset
97.53,2.936312,2.925900,0.010412,0.000000,synthetic_chat_design_preset
97.54,2.939826,2.926200,0.013626,0.000000,synthetic_chat_design_preset
97.55,2.943125,2.926500,0.016625,0.000000,synthetic_chat_design_preset
97.56,2.946162,2.926800,0.019362,0.000000,synthetic_chat_design_preset
97.57,2.948893,2.927100,0.021793,0.000000,synthetic_chat_design_preset
97.58,2.951281,2.927400,0.023881,0.000000,synthetic_chat_design_preset
97.59,2.953292,2.927700,0.025592,0.000000,synthetic_chat_design_preset
97.60,2.954900,2.928000,0.026900,0.000000,synthetic_chat_design_preset
97.61,2.956083,2.928300,0.027783,0.000000,synthetic_chat_design_preset
97.62,2.956828,2.928600,0.028228,0.000000,synthetic_chat_design_preset
97.63,2.957128,2.928900,0.028228,0.000000,synthetic_chat_design_preset
97.64,2.956983,2.929200,0.027783,0.000000,synthetic_chat_design_preset
97.65,2.956400,2.929500,0.026900,0.000000,synthetic_chat_design_preset
97.66,2.955392,2.929800,0.025592,0.000000,synthetic_chat_design_preset
97.67,2.953981,2.930100,0.023881,0.000000,synthetic_chat_design_preset
97.68,2.952193,2.930400,0.021793,0.000000,synthetic_chat_design_preset
97.69,2.950062,2.930700,0.019362,0.000000,synthetic_chat_design_preset
97.70,2.947625,2.931000,0.016625,0.000000,synthetic_chat_design_preset
97.71,2.944926,2.931300,0.013626,0.000000,synthetic_chat_design_preset
97.72,2.942012,2.931600,0.010412,0.000000,synthetic_chat_design_preset
97.73,2.938934,2.931900,0.007034,0.000000,synthetic_chat_design_preset
97.74,2.935745,2.932200,0.003545,0.000000,synthetic_chat_design_preset
97.75,2.932500,2.932500,0.000000,0.000000,synthetic_chat_design_preset
97.76,2.929255,2.932800,-0.003545,0.000000,synthetic_chat_design_preset
97.77,2.926066,2.933100,-0.007034,0.000000,synthetic_chat_design_preset
97.78,2.922988,2.933400,-0.010412,0.000000,synthetic_chat_design_preset
97.79,2.920074,2.933700,-0.013626,0.000000,synthetic_chat_design_preset
97.80,2.917375,2.934000,-0.016625,0.000000,synthetic_chat_design_preset
97.81,2.914938,2.934300,-0.019362,0.000000,synthetic_chat_design_preset
97.82,2.912807,2.934600,-0.021793,0.000000,synthetic_chat_design_preset
97.83,2.911019,2.934900,-0.023881,0.000000,synthetic_chat_design_preset
97.84,2.909608,2.935200,-0.025592,0.000000,synthetic_chat_design_preset
97.85,2.908600,2.935500,-0.026900,0.000000,synthetic_chat_design_preset
97.86,2.908017,2.935800,-0.027783,0.000000,synthetic_chat_design_preset
97.87,2.907872,2.936100,-0.028228,0.000000,synthetic_chat_design_preset
97.88,2.908172,2.936400,-0.028228,0.000000,synthetic_chat_design_preset
97.89,2.908917,2.936700,-0.027783,0.000000,synthetic_chat_design_preset
97.90,2.910100,2.937000,-0.026900,0.000000,synthetic_chat_design_preset
97.91,2.911708,2.937300,-0.025592,0.000000,synthetic_chat_design_preset
97.92,2.913719,2.937600,-0.023881,0.000000,synthetic_chat_design_preset
97.93,2.916107,2.937900,-0.021793,0.000000,synthetic_chat_design_preset
97.94,2.918838,2.938200,-0.019362,0.000000,synthetic_chat_design_preset
97.95,2.921875,2.938500,-0.016625,0.000000,synthetic_chat_design_preset
97.96,2.925174,2.938800,-0.013626,0.000000,synthetic_chat_design_preset
97.97,2.928688,2.939100,-0.010412,0.000000,synthetic_chat_design_preset
97.98,2.932366,2.939400,-0.007034,0.000000,synthetic_chat_design_preset
97.99,2.936155,2.939700,-0.003545,0.000000,synthetic_chat_design_preset
98.00,2.940000,2.940000,-0.000000,0.000000,synthetic_chat_design_preset
98.01,2.943845,2.940300,0.003545,0.000000,synthetic_chat_design_preset
98.02,2.947634,2.940600,0.007034,0.000000,synthetic_chat_design_preset
98.03,2.951312,2.940900,0.010412,0.000000,synthetic_chat_design_preset
98.04,2.954826,2.941200,0.013626,0.000000,synthetic_chat_design_preset
98.05,2.958125,2.941500,0.016625,0.000000,synthetic_chat_design_preset
98.06,2.961162,2.941800,0.019362,0.000000,synthetic_chat_design_preset
98.07,2.963893,2.942100,0.021793,0.000000,synthetic_chat_design_preset
98.08,2.966281,2.942400,0.023881,0.000000,synthetic_chat_design_preset
98.09,2.968292,2.942700,0.025592,0.000000,synthetic_chat_design_preset
98.10,2.969900,2.943000,0.026900,0.000000,synthetic_chat_design_preset
98.11,2.971083,2.943300,0.027783,0.000000,synthetic_chat_design_preset
98.12,2.971828,2.943600,0.028228,0.000000,synthetic_chat_design_preset
98.13,2.972128,2.943900,0.028228,0.000000,synthetic_chat_design_preset
98.14,2.971983,2.944200,0.027783,0.000000,synthetic_chat_design_preset
98.15,2.971400,2.944500,0.026900,0.000000,synthetic_chat_design_preset
98.16,2.970392,2.944800,0.025592,0.000000,synthetic_chat_design_preset
98.17,2.968981,2.945100,0.023881,0.000000,synthetic_chat_design_preset
98.18,2.967193,2.945400,0.021793,0.000000,synthetic_chat_design_preset
98.19,2.965062,2.945700,0.019362,0.000000,synthetic_chat_design_preset
98.20,2.962625,2.946000,0.016625,0.000000,synthetic_chat_design_preset
98.21,2.959926,2.946300,0.013626,0.000000,synthetic_chat_design_preset
98.22,2.957012,2.946600,0.010412,0.000000,synthetic_chat_design_preset
98.23,2.953934,2.946900,0.007034,0.000000,synthetic_chat_design_preset
98.24,2.950745,2.947200,0.003545,0.000000,synthetic_chat_design_preset
98.25,2.947500,2.947500,0.000000,0.000000,synthetic_chat_design_preset
98.26,2.944255,2.947800,-0.003545,0.000000,synthetic_chat_design_preset
98.27,2.941066,2.948100,-0.007034,0.000000,synthetic_chat_design_preset
98.28,2.937988,2.948400,-0.010412,0.000000,synthetic_chat_design_preset
98.29,2.935074,2.948700,-0.013626,0.000000,synthetic_chat_design_preset
98.30,2.932375,2.949000,-0.016625,0.000000,synthetic_chat_design_preset
98.31,2.929938,2.949300,-0.019362,0.000000,synthetic_chat_design_preset
98.32,2.927807,2.949600,-0.021793,0.000000,synthetic_chat_design_preset
98.33,2.926019,2.949900,-0.023881,0.000000,synthetic_chat_design_preset
98.34,2.924608,2.950200,-0.025592,0.000000,synthetic_chat_design_preset
98.35,2.923600,2.950500,-0.026900,0.000000,synthetic_chat_design_preset
98.36,2.923017,2.950800,-0.027783,0.000000,synthetic_chat_design_preset
98.37,2.922872,2.951100,-0.028228,0.000000,synthetic_chat_design_preset
98.38,2.923172,2.951400,-0.028228,0.000000,synthetic_chat_design_preset
98.39,2.923917,2.951700,-0.027783,0.000000,synthetic_chat_design_preset
98.40,2.925100,2.952000,-0.026900,0.000000,synthetic_chat_design_preset
98.41,2.926708,2.952300,-0.025592,0.000000,synthetic_chat_design_preset
98.42,2.928719,2.952600,-0.023881,0.000000,synthetic_chat_design_preset
98.43,2.931107,2.952900,-0.021793,0.000000,synthetic_chat_design_preset
98.44,2.933838,2.953200,-0.019362,0.000000,synthetic_chat_design_preset
98.45,2.936875,2.953500,-0.016625,0.000000,synthetic_chat_design_preset
98.46,2.940174,2.953800,-0.013626,0.000000,synthetic_chat_design_preset
98.47,2.943688,2.954100,-0.010412,0.000000,synthetic_chat_design_preset
98.48,2.947366,2.954400,-0.007034,0.000000,synthetic_chat_design_preset
98.49,2.951155,2.954700,-0.003545,0.000000,synthetic_chat_design_preset
98.50,2.955000,2.955000,-0.000000,0.000000,synthetic_chat_design_preset
98.51,2.958845,2.955300,0.003545,0.000000,synthetic_chat_design_preset
98.52,2.962634,2.955600,0.007034,0.000000,synthetic_chat_design_preset
98.53,2.966312,2.955900,0.010412,0.000000,synthetic_chat_design_preset
98.54,2.969826,2.956200,0.013626,0.000000,synthetic_chat_design_preset
98.55,2.973125,2.956500,0.016625,0.000000,synthetic_chat_design_preset
98.56,2.976162,2.956800,0.019362,0.000000,synthetic_chat_design_preset
98.57,2.978893,2.957100,0.021793,0.000000,synthetic_chat_design_preset
98.58,2.981281,2.957400,0.023881,0.000000,synthetic_chat_design_preset
98.59,2.983292,2.957700,0.025592,0.000000,synthetic_chat_design_preset
98.60,2.984900,2.958000,0.026900,0.000000,synthetic_chat_design_preset
98.61,2.986083,2.958300,0.027783,0.000000,synthetic_chat_design_preset
98.62,2.986828,2.958600,0.028228,0.000000,synthetic_chat_design_preset
98.63,2.987128,2.958900,0.028228,0.000000,synthetic_chat_design_preset
98.64,2.986983,2.959200,0.027783,0.000000,synthetic_chat_design_preset
98.65,2.986400,2.959500,0.026900,0.000000,synthetic_chat_design_preset
98.66,2.985392,2.959800,0.025592,0.000000,synthetic_chat_design_preset
98.67,2.983981,2.960100,0.023881,0.000000,synthetic_chat_design_preset
98.68,2.982193,2.960400,0.021793,0.000000,synthetic_chat_design_preset
98.69,2.980062,2.960700,0.019362,0.000000,synthetic_chat_design_preset
98.70,2.977625,2.961000,0.016625,0.000000,synthetic_chat_design_preset
98.71,2.974926,2.961300,0.013626,0.000000,synthetic_chat_design_preset
98.72,2.972012,2.961600,0.010412,0.000000,synthetic_chat_design_preset
98.73,2.968934,2.961900,0.007034,0.000000,synthetic_chat_design_preset
98.74,2.965745,2.962200,0.003545,0.000000,synthetic_chat_design_preset
98.75,2.962500,2.962500,0.000000,0.000000,synthetic_chat_design_preset
98.76,2.959255,2.962800,-0.003545,0.000000,synthetic_chat_design_preset
98.77,2.956066,2.963100,-0.007034,0.000000,synthetic_chat_design_preset
98.78,2.952988,2.963400,-0.010412,0.000000,synthetic_chat_design_preset
98.79,2.950074,2.963700,-0.013626,0.000000,synthetic_chat_design_preset
98.80,2.947375,2.964000,-0.016625,0.000000,synthetic_chat_design_preset
98.81,2.944938,2.964300,-0.019362,0.000000,synthetic_chat_design_preset
98.82,2.942807,2.964600,-0.021793,0.000000,synthetic_chat_design_preset
98.83,2.941019,2.964900,-0.023881,0.000000,synthetic_chat_design_preset
98.84,2.939608,2.965200,-0.025592,0.000000,synthetic_chat_design_preset
98.85,2.938600,2.965500,-0.026900,0.000000,synthetic_chat_design_preset
98.86,2.938017,2.965800,-0.027783,0.000000,synthetic_chat_design_preset
98.87,2.937872,2.966100,-0.028228,0.000000,synthetic_chat_design_preset
98.88,2.938172,2.966400,-0.028228,0.000000,synthetic_chat_design_preset
98.89,2.938917,2.966700,-0.027783,0.000000,synthetic_chat_design_preset
98.90,2.940100,2.967000,-0.026900,0.000000,synthetic_chat_design_preset
98.91,2.941708,2.967300,-0.025592,0.000000,synthetic_chat_design_preset
98.92,2.943719,2.967600,-0.023881,0.000000,synthetic_chat_design_preset
98.93,2.946107,2.967900,-0.021793,0.000000,synthetic_chat_design_preset
98.94,2.948838,2.968200,-0.019362,0.000000,synthetic_chat_design_preset
98.95,2.951875,2.968500,-0.016625,0.000000,synthetic_chat_design_preset
98.96,2.955174,2.968800,-0.013626,0.000000,synthetic_chat_design_preset
98.97,2.958688,2.969100,-0.010412,0.000000,synthetic_chat_design_preset
98.98,2.962366,2.969400,-0.007034,0.000000,synthetic_chat_design_preset
98.99,2.966155,2.969700,-0.003545,0.000000,synthetic_chat_design_preset
99.00,2.970000,2.970000,0.000000,0.000000,synthetic_chat_design_preset
99.01,2.973845,2.970300,0.003545,0.000000,synthetic_chat_design_preset
99.02,2.977634,2.970600,0.007034,0.000000,synthetic_chat_design_preset
99.03,2.981312,2.970900,0.010412,0.000000,synthetic_chat_design_preset
99.04,2.984826,2.971200,0.013626,0.000000,synthetic_chat_design_preset
99.05,2.988125,2.971500,0.016625,0.000000,synthetic_chat_design_preset
99.06,2.991162,2.971800,0.019362,0.000000,synthetic_chat_design_preset
99.07,2.993893,2.972100,0.021793,0.000000,synthetic_chat_design_preset
99.08,2.996281,2.972400,0.023881,0.000000,synthetic_chat_design_preset
99.09,2.998292,2.972700,0.025592,0.000000,synthetic_chat_design_preset
99.10,2.999900,2.973000,0.026900,0.000000,synthetic_chat_design_preset
99.11,3.001083,2.973300,0.027783,0.000000,synthetic_chat_design_preset
99.12,3.001828,2.973600,0.028228,0.000000,synthetic_chat_design_preset
99.13,3.002128,2.973900,0.028228,0.000000,synthetic_chat_design_preset
99.14,3.001983,2.974200,0.027783,0.000000,synthetic_chat_design_preset
99.15,3.001400,2.974500,0.026900,0.000000,synthetic_chat_design_preset
99.16,3.000392,2.974800,0.025592,0.000000,synthetic_chat_design_preset
99.17,2.998981,2.975100,0.023881,0.000000,synthetic_chat_design_preset
99.18,2.997193,2.975400,0.021793,0.000000,synthetic_chat_design_preset
99.19,2.995062,2.975700,0.019362,0.000000,synthetic_chat_design_preset
99.20,2.992625,2.976000,0.016625,0.000000,synthetic_chat_design_preset
99.21,2.989926,2.976300,0.013626,0.000000,synthetic_chat_design_preset
99.22,2.987012,2.976600,0.010412,0.000000,synthetic_chat_design_preset
99.23,2.983934,2.976900,0.007034,0.000000,synthetic_chat_design_preset
99.24,2.980745,2.977200,0.003545,0.000000,synthetic_chat_design_preset
99.25,2.977500,2.977500,0.000000,0.000000,synthetic_chat_design_preset
99.26,2.974255,2.977800,-0.003545,0.000000,synthetic_chat_design_preset
99.27,2.971066,2.978100,-0.007034,0.000000,synthetic_chat_design_preset
99.28,2.967988,2.978400,-0.010412,0.000000,synthetic_chat_design_preset
99.29,2.965074,2.978700,-0.013626,0.000000,synthetic_chat_design_preset
99.30,2.962375,2.979000,-0.016625,0.000000,synthetic_chat_design_preset
99.31,2.959938,2.979300,-0.019362,0.000000,synthetic_chat_design_preset
99.32,2.957807,2.979600,-0.021793,0.000000,synthetic_chat_design_preset
99.33,2.956019,2.979900,-0.023881,0.000000,synthetic_chat_design_preset
99.34,2.954608,2.980200,-0.025592,0.000000,synthetic_chat_design_preset
99.35,2.953600,2.980500,-0.026900,0.000000,synthetic_chat_design_preset
99.36,2.953017,2.980800,-0.027783,0.000000,synthetic_chat_design_preset
99.37,2.952872,2.981100,-0.028228,0.000000,synthetic_chat_design_preset
99.38,2.953172,2.981400,-0.028228,0.000000,synthetic_chat_design_preset
99.39,2.953917,2.981700,-0.027783,0.000000,synthetic_chat_design_preset
99.40,2.955100,2.982000,-0.026900,0.000000,synthetic_chat_design_preset
99.41,2.956708,2.982300,-0.025592,0.000000,synthetic_chat_design_preset
99.42,2.958719,2.982600,-0.023881,0.000000,synthetic_chat_design_preset
99.43,2.961107,2.982900,-0.021793,0.000000,synthetic_chat_design_preset
99.44,2.963838,2.983200,-0.019362,0.000000,synthetic_chat_design_preset
99.45,2.966875,2.983500,-0.016625,0.000000,synthetic_chat_design_preset
99.46,2.970174,2.983800,-0.013626,0.000000,synthetic_chat_design_preset
99.47,2.973688,2.984100,-0.010412,0.000000,synthetic_chat_design_preset
99.48,2.977366,2.984400,-0.007034,0.000000,synthetic_chat_design_preset
99.49,2.981155,2.984700,-0.003545,0.000000,synthetic_chat_design_preset
99.50,2.985000,2.985000,0.000000,0.000000,synthetic_chat_design_preset
99.51,2.988845,2.985300,0.003545,0.000000,synthetic_chat_design_preset
99.52,2.992634,2.985600,0.007034,0.000000,synthetic_chat_design_preset
99.53,2.996312,2.985900,0.010412,0.000000,synthetic_chat_design_preset
99.54,2.999826,2.986200,0.013626,0.000000,synthetic_chat_design_preset
99.55,3.003125,2.986500,0.016625,0.000000,synthetic_chat_design_preset
99.56,3.006162,2.986800,0.019362,0.000000,synthetic_chat_design_preset
99.57,3.008893,2.987100,0.021793,0.000000,synthetic_chat_design_preset
99.58,3.011281,2.987400,0.023881,0.000000,synthetic_chat_design_preset
99.59,3.013292,2.987700,0.025592,0.000000,synthetic_chat_design_preset
99.60,3.014900,2.988000,0.026900,0.000000,synthetic_chat_design_preset
99.61,3.016083,2.988300,0.027783,0.000000,synthetic_chat_design_preset
99.62,3.016828,2.988600,0.028228,0.000000,synthetic_chat_design_preset
99.63,3.017128,2.988900,0.028228,0.000000,synthetic_chat_design_preset
99.64,3.016983,2.989200,0.027783,0.000000,synthetic_chat_design_preset
99.65,3.016400,2.989500,0.026900,0.000000,synthetic_chat_design_preset
99.66,3.015392,2.989800,0.025592,0.000000,synthetic_chat_design_preset
99.67,3.013981,2.990100,0.023881,0.000000,synthetic_chat_design_preset
99.68,3.012193,2.990400,0.021793,0.000000,synthetic_chat_design_preset
99.69,3.010062,2.990700,0.019362,0.000000,synthetic_chat_design_preset
99.70,3.007625,2.991000,0.016625,0.000000,synthetic_chat_design_preset
99.71,3.004926,2.991300,0.013626,0.000000,synthetic_chat_design_preset
99.72,3.002012,2.991600,0.010412,0.000000,synthetic_chat_design_preset
99.73,2.998934,2.991900,0.007034,0.000000,synthetic_chat_design_preset
99.74,2.995745,2.992200,0.003545,0.000000,synthetic_chat_design_preset
99.75,2.992500,2.992500,0.000000,0.000000,synthetic_chat_design_preset
99.76,2.989255,2.992800,-0.003545,0.000000,synthetic_chat_design_preset
99.77,2.986066,2.993100,-0.007034,0.000000,synthetic_chat_design_preset
99.78,2.982988,2.993400,-0.010412,0.000000,synthetic_chat_design_preset
99.79,2.980074,2.993700,-0.013626,0.000000,synthetic_chat_design_preset
99.80,2.977375,2.994000,-0.016625,0.000000,synthetic_chat_design_preset
99.81,2.974938,2.994300,-0.019362,0.000000,synthetic_chat_design_preset
99.82,2.972807,2.994600,-0.021793,0.000000,synthetic_chat_design_preset
99.83,2.971019,2.994900,-0.023881,0.000000,synthetic_chat_design_preset
99.84,2.969608,2.995200,-0.025592,0.000000,synthetic_chat_design_preset
99.85,2.968600,2.995500,-0.026900,0.000000,synthetic_chat_design_preset
99.86,2.968017,2.995800,-0.027783,0.000000,synthetic_chat_design_preset
99.87,2.967872,2.996100,-0.028228,0.000000,synthetic_chat_design_preset
99.88,2.968172,2.996400,-0.028228,0.000000,synthetic_chat_design_preset
99.89,2.968917,2.996700,-0.027783,0.000000,synthetic_chat_design_preset
99.90,2.970100,2.997000,-0.026900,0.000000,synthetic_chat_design_preset
99.91,2.971708,2.997300,-0.025592,0.000000,synthetic_chat_design_preset
99.92,2.973719,2.997600,-0.023881,0.000000,synthetic_chat_design_preset
99.93,2.976107,2.997900,-0.021793,0.000000,synthetic_chat_design_preset
99.94,2.978838,2.998200,-0.019362,0.000000,synthetic_chat_design_preset
99.95,2.981875,2.998500,-0.016625,0.000000,synthetic_chat_design_preset
99.96,2.985174,2.998800,-0.013626,0.000000,synthetic_chat_design_preset
99.97,2.988688,2.999100,-0.010412,0.000000,synthetic_chat_design_preset
99.98,2.992366,2.999400,-0.007034,0.000000,synthetic_chat_design_preset
99.99,2.996155,2.999700,-0.003545,0.000000,synthetic_chat_design_preset
100.00,3.000000,3.000000,0.000000,0.000000,synthetic_chat_design_preset
