distance_m,relative_elevation_m,baseline_grade_percent,provenance
0.0,0.000000,8.000000,synthetic_USFS_Class3_benchmark_cycle
0.1,0.008000,8.000000,synthetic_USFS_Class3_benchmark_cycle
0.2,0.016000,8.000000,synthetic_USFS_Class3_benchmark_cycle
0.3,0.024000,8.000000,synthetic_USFS_Class3_benchmark_cycle
0.4,0.032000,8.000000,synthetic_USFS_Class3_benchmark_cycle
0.5,0.040000,8.000000,synthetic_USFS_Class3_benchmark_cycle
0.6,0.048000,8.000000,synthetic_USFS_Class3_benchmark_cycle
0.7,0.056000,8.000000,synthetic_USFS_Class3_benchmark_cycle
0.8,0.064000,8.000000,synthetic_USFS_Class3_benchmark_cycle
0.9,0.072000,8.000000,synthetic_USFS_Class3_benchmark_cycle
1.0,0.080000,8.000000,synthetic_USFS_Class3_benchmark_cycle
1.1,0.088000,8.000000,synthetic_USFS_Class3_benchmark_cycle
1.2,0.096000,8.000000,synthetic_USFS_Class3_benchmark_cycle
1.3,0.104000,8.000000,synthetic_USFS_Class3_benchmark_cycle
1.4,0.112000,8.000000,synthetic_USFS_Class3_benchmark_cycle
1.5,0.120000,8.000000,synthetic_USFS_Class3_benchmark_cycle
1.6,0.128000,8.000000,synthetic_USFS_Class3_benchmark_cycle
1.7,0.136000,8.000000,synthetic_USFS_Class3_benchmark_cycle
1.8,0.144000,8.000000,synthetic_USFS_Class3_benchmark_cycle
1.9,0.152000,8.000000,synthetic_USFS_Class3_benchmark_cycle
2.0,0.160000,8.000000,synthetic_USFS_Class3_benchmark_cycle
2.1,0.168000,8.000000,synthetic_USFS_Class3_benchmark_cycle
2.2,0.176000,8.000000,synthetic_USFS_Class3_benchmark_cycle
2.3,0.184000,8.000000,synthetic_USFS_Class3_benchmark_cycle
2.4,0.192000,8.000000,synthetic_USFS_Class3_benchmark_cycle
2.5,0.200000,8.000000,synthetic_USFS_Class3_benchmark_cycle
2.6,0.208000,8.000000,synthetic_USFS_Class3_benchmark_cycle
2.7,0.216000,8.000000,synthetic_USFS_Class3_benchmark_cycle
2.8,0.224000,8.000000,synthetic_USFS_Class3_benchmark_cycle
2.9,0.232000,8.000000,synthetic_USFS_Class3_benchmark_cycle
3.0,0.240000,8.000000,synthetic_USFS_Class3_benchmark_cycle
3.1,0.248000,8.000000,synthetic_USFS_Class3_benchmark_cycle
3.2,0.256000,8.000000,synthetic_USFS_Class3_benchmark_cycle
3.3,0.264000,8.000000,synthetic_USFS_Class3_benchmark_cycle
3.4,0.272000,8.000000,synthetic_USFS_Class3_benchmark_cycle
3.5,0.280000,8.000000,synthetic_USFS_Class3_benchmark_cycle
3.6,0.288000,8.000000,synthetic_USFS_Class3_benchmark_cycle
3.7,0.296000,8.000000,synthetic_USFS_Class3_benchmark_cycle
3.8,0.304000,8.000000,synthetic_USFS_Class3_benchmark_cycle
3.9,0.312000,8.000000,synthetic_USFS_Class3_benchmark_cycle
4.0,0.320000,8.000000,synthetic_USFS_Class3_benchmark_cycle
4.1,0.328000,8.000000,synthetic_USFS_Class3_benchmark_cycle
4.2,0.336000,8.000000,synthetic_USFS_Class3_benchmark_cycle
4.3,0.344000,8.000000,synthetic_USFS_Class3_benchmark_cycle
4.4,0.352000,8.000000,synthetic_USFS_Class3_benchmark_cycle
4.5,0.360000,8.000000,synthetic_USFS_Class3_benchmark_cycle
4.6,0.368000,8.000000,synthetic_USFS_Class3_benchmark_cycle
4.7,0.376000,8.000000,synthetic_USFS_Class3_benchmark_cycle
4.8,0.384000,8.000000,synthetic_USFS_Class3_benchmark_cycle
4.9,0.392000,8.000000,synthetic_USFS_Class3_benchmark_cycle
5.0,0.400000,8.000000,synthetic_USFS_Class3_benchmark_cycle
5.1,0.408000,8.000000,synthetic_USFS_Class3_benchmark_cycle
5.2,0.416000,8.000000,synthetic_USFS_Class3_benchmark_cycle
5.3,0.424000,8.000000,synthetic_USFS_Class3_benchmark_cycle
5.4,0.432000,8.000000,synthetic_USFS_Class3_benchmark_cycle
5.5,0.440000,8.000000,synthetic_USFS_Class3_benchmark_cycle
5.6,0.448000,8.000000,synthetic_USFS_Class3_benchmark_cycle
5.7,0.456000,8.000000,synthetic_USFS_Class3_benchmark_cycle
5.8,0.464000,8.000000,synthetic_USFS_Class3_benchmark_cycle
5.9,0.472000,8.000000,synthetic_USFS_Class3_benchmark_cycle
6.0,0.480000,8.000000,synthetic_USFS_Class3_benchmark_cycle
6.1,0.488000,8.000000,synthetic_USFS_Class3_benchmark_cycle
6.2,0.496000,8.000000,synthetic_USFS_Class3_benchmark_cycle
6.3,0.504000,8.000000,synthetic_USFS_Class3_benchmark_cycle
6.4,0.512000,8.000000,synthetic_USFS_Class3_benchmark_cycle
6.5,0.520000,8.000000,synthetic_USFS_Class3_benchmark_cycle
6.6,0.528000,8.000000,synthetic_USFS_Class3_benchmark_cycle
6.7,0.536000,8.000000,synthetic_USFS_Class3_benchmark_cycle
6.8,0.544000,8.000000,synthetic_USFS_Class3_benchmark_cycle
6.9,0.552000,8.000000,synthetic_USFS_Class3_benchmark_cycle
7.0,0.560000,8.000000,synthetic_USFS_Class3_benchmark_cycle
7.1,0.568000,8.000000,synthetic_USFS_Class3_benchmark_cycle
7.2,0.576000,8.000000,synthetic_USFS_Class3_benchmark_cycle
7.3,0.584000,8.000000,synthetic_USFS_Class3_benchmark_cycle
7.4,0.592000,8.000000,synthetic_USFS_Class3_benchmark_cycle
7.5,0.600000,8.000000,synthetic_USFS_Class3_benchmark_cycle
7.6,0.608000,8.000000,synthetic_USFS_Class3_benchmark_cycle
7.7,0.616000,8.000000,synthetic_USFS_Class3_benchmark_cycle
7.8,0.624000,8.000000,synthetic_USFS_Class3_benchmark_cycle
7.9,0.632000,8.000000,synthetic_USFS_Class3_benchmark_cycle
8.0,0.640000,8.000000,synthetic_USFS_Class3_benchmark_cycle
8.1,0.648000,8.000000,synthetic_USFS_Class3_benchmark_cycle
8.2,0.656000,8.000000,synthetic_USFS_Class3_benchmark_cycle
8.3,0.664000,8.000000,synthetic_USFS_Class3_benchmark_cycle
8.4,0.672000,8.000000,synthetic_USFS_Class3_benchmark_cycle
8.5,0.680000,8.000000,synthetic_USFS_Class3_benchmark_cycle
8.6,0.688000,8.000000,synthetic_USFS_Class3_benchmark_cycle
8.7,0.696000,8.000000,synthetic_USFS_Class3_benchmark_cycle
8.8,0.704000,8.000000,synthetic_USFS_Class3_benchmark_cycle
8.9,0.712000,8.000000,synthetic_USFS_Class3_benchmark_cycle
9.0,0.720000,8.000000,synthetic_USFS_Class3_benchmark_cycle
9.1,0.728000,8.000000,synthetic_USFS_Class3_benchmark_cycle
9.2,0.736000,8.000000,synthetic_USFS_Class3_benchmark_cycle
9.3,0.744000,8.000000,synthetic_USFS_Class3_benchmark_cycle
9.4,0.752000,8.000000,synthetic_USFS_Class3_benchmark_cycle
9.5,0.760000,8.000000,synthetic_USFS_Class3_benchmark_cycle
9.6,0.768000,8.000000,synthetic_USFS_Class3_benchmark_cycle
9.7,0.776000,8.000000,synthetic_USFS_Class3_benchmark_cycle
9.8,0.784000,8.000000,synthetic_USFS_Class3_benchmark_cycle
9.9,0.792000,8.000000,synthetic_USFS_Class3_benchmark_cycle
10.0,0.800000,8.000000,synthetic_USFS_Class3_benchmark_cycle
10.1,0.808000,8.000000,synthetic_USFS_Class3_benchmark_cycle
10.2,0.816000,8.000000,synthetic_USFS_Class3_benchmark_cycle
10.3,0.824000,8.000000,synthetic_USFS_Class3_benchmark_cycle
10.4,0.832000,8.000000,synthetic_USFS_Class3_benchmark_cycle
10.5,0.840000,8.000000,synthetic_USFS_Class3_benchmark_cycle
10.6,0.848000,8.000000,synthetic_USFS_Class3_benchmark_cycle
10.7,0.856000,8.000000,synthetic_USFS_Class3_benchmark_cycle
10.8,0.864000,8.000000,synthetic_USFS_Class3_benchmark_cycle
10.9,0.872000,8.000000,synthetic_USFS_Class3_benchmark_cycle
11.0,0.880000,8.000000,synthetic_USFS_Class3_benchmark_cycle
11.1,0.888000,8.000000,synthetic_USFS_Class3_benchmark_cycle
11.2,0.896000,8.000000,synthetic_USFS_Class3_benchmark_cycle
11.3,0.904000,8.000000,synthetic_USFS_Class3_benchmark_cycle
11.4,0.912000,8.000000,synthetic_USFS_Class3_benchmark_cycle
11.5,0.920000,8.000000,synthetic_USFS_Class3_benchmark_cycle
11.6,0.928000,8.000000,synthetic_USFS_Class3_benchmark_cycle
11.7,0.936000,8.000000,synthetic_USFS_Class3_benchmark_cycle
11.8,0.944000,8.000000,synthetic_USFS_Class3_benchmark_cycle
11.9,0.952000,8.000000,synthetic_USFS_Class3_benchmark_cycle
12.0,0.960000,8.000000,synthetic_USFS_Class3_benchmark_cycle
12.1,0.968000,8.000000,synthetic_USFS_Class3_benchmark_cycle
12.2,0.976000,8.000000,synthetic_USFS_Class3_benchmark_cycle
12.3,0.984000,8.000000,synthetic_USFS_Class3_benchmark_cycle
12.4,0.992000,8.000000,synthetic_USFS_Class3_benchmark_cycle
12.5,1.000000,8.000000,synthetic_USFS_Class3_benchmark_cycle
12.6,1.008000,8.000000,synthetic_USFS_Class3_benchmark_cycle
12.7,1.016000,8.000000,synthetic_USFS_Class3_benchmark_cycle
12.8,1.024000,8.000000,synthetic_USFS_Class3_benchmark_cycle
12.9,1.032000,8.000000,synthetic_USFS_Class3_benchmark_cycle
13.0,1.040000,8.000000,synthetic_USFS_Class3_benchmark_cycle
13.1,1.048000,8.000000,synthetic_USFS_Class3_benchmark_cycle
13.2,1.056000,8.000000,synthetic_USFS_Class3_benchmark_cycle
13.3,1.064000,8.000000,synthetic_USFS_Class3_benchmark_cycle
13.4,1.072000,8.000000,synthetic_USFS_Class3_benchmark_cycle
13.5,1.080000,8.000000,synthetic_USFS_Class3_benchmark_cycle
13.6,1.088000,8.000000,synthetic_USFS_Class3_benchmark_cycle
13.7,1.096000,8.000000,synthetic_USFS_Class3_benchmark_cycle
13.8,1.104000,8.000000,synthetic_USFS_Class3_benchmark_cycle
13.9,1.112000,8.000000,synthetic_USFS_Class3_benchmark_cycle
14.0,1.120000,8.000000,synthetic_USFS_Class3_benchmark_cycle
14.1,1.128000,8.000000,synthetic_USFS_Class3_benchmark_cycle
14.2,1.136000,8.000000,synthetic_USFS_Class3_benchmark_cycle
14.3,1.144000,8.000000,synthetic_USFS_Class3_benchmark_cycle
14.4,1.152000,8.000000,synthetic_USFS_Class3_benchmark_cycle
14.5,1.160000,8.000000,synthetic_USFS_Class3_benchmark_cycle
14.6,1.168000,8.000000,synthetic_USFS_Class3_benchmark_cycle
14.7,1.176000,8.000000,synthetic_USFS_Class3_benchmark_cycle
14.8,1.184000,8.000000,synthetic_USFS_Class3_benchmark_cycle
14.9,1.192000,8.000000,synthetic_USFS_Class3_benchmark_cycle
15.0,1.200000,8.000000,synthetic_USFS_Class3_benchmark_cycle
15.1,1.208000,8.000000,synthetic_USFS_Class3_benchmark_cycle
15.2,1.216000,8.000000,synthetic_USFS_Class3_benchmark_cycle
15.3,1.224000,8.000000,synthetic_USFS_Class3_benchmark_cycle
15.4,1.232000,8.000000,synthetic_USFS_Class3_benchmark_cycle
15.5,1.240000,8.000000,synthetic_USFS_Class3_benchmark_cycle
15.6,1.248000,8.000000,synthetic_USFS_Class3_benchmark_cycle
15.7,1.256000,8.000000,synthetic_USFS_Class3_benchmark_cycle
15.8,1.264000,8.000000,synthetic_USFS_Class3_benchmark_cycle
15.9,1.272000,8.000000,synthetic_USFS_Class3_benchmark_cycle
16.0,1.280000,8.000000,synthetic_USFS_Class3_benchmark_cycle
16.1,1.288000,8.000000,synthetic_USFS_Class3_benchmark_cycle
16.2,1.296000,8.000000,synthetic_USFS_Class3_benchmark_cycle
16.3,1.304000,8.000000,synthetic_USFS_Class3_benchmark_cycle
16.4,1.312000,8.000000,synthetic_USFS_Class3_benchmark_cycle
16.5,1.320000,8.000000,synthetic_USFS_Class3_benchmark_cycle
16.6,1.328000,8.000000,synthetic_USFS_Class3_benchmark_cycle
16.7,1.336000,8.000000,synthetic_USFS_Class3_benchmark_cycle
16.8,1.344000,8.000000,synthetic_USFS_Class3_benchmark_cycle
16.9,1.352000,8.000000,synthetic_USFS_Class3_benchmark_cycle
17.0,1.360000,8.000000,synthetic_USFS_Class3_benchmark_cycle
17.1,1.368000,8.000000,synthetic_USFS_Class3_benchmark_cycle
17.2,1.376000,8.000000,synthetic_USFS_Class3_benchmark_cycle
17.3,1.384000,8.000000,synthetic_USFS_Class3_benchmark_cycle
17.4,1.392000,8.000000,synthetic_USFS_Class3_benchmark_cycle
17.5,1.400000,8.000000,synthetic_USFS_Class3_benchmark_cycle
17.6,1.408000,8.000000,synthetic_USFS_Class3_benchmark_cycle
17.7,1.416000,8.000000,synthetic_USFS_Class3_benchmark_cycle
17.8,1.424000,8.000000,synthetic_USFS_Class3_benchmark_cycle
17.9,1.432000,8.000000,synthetic_USFS_Class3_benchmark_cycle
18.0,1.440000,8.000000,synthetic_USFS_Class3_benchmark_cycle
18.1,1.448000,8.000000,synthetic_USFS_Class3_benchmark_cycle
18.2,1.456000,8.000000,synthetic_USFS_Class3_benchmark_cycle
18.3,1.464000,8.000000,synthetic_USFS_Class3_benchmark_cycle
18.4,1.472000,8.000000,synthetic_USFS_Class3_benchmark_cycle
18.5,1.480000,8.000000,synthetic_USFS_Class3_benchmark_cycle
18.6,1.488000,8.000000,synthetic_USFS_Class3_benchmark_cycle
18.7,1.496000,8.000000,synthetic_USFS_Class3_benchmark_cycle
18.8,1.504000,8.000000,synthetic_USFS_Class3_benchmark_cycle
18.9,1.512000,8.000000,synthetic_USFS_Class3_benchmark_cycle
19.0,1.520000,8.000000,synthetic_USFS_Class3_benchmark_cycle
19.1,1.528000,8.000000,synthetic_USFS_Class3_benchmark_cycle
19.2,1.536000,8.000000,synthetic_USFS_Class3_benchmark_cycle
19.3,1.544000,8.000000,synthetic_USFS_Class3_benchmark_cycle
19.4,1.552000,8.000000,synthetic_USFS_Class3_benchmark_cycle
19.5,1.560000,8.000000,synthetic_USFS_Class3_benchmark_cycle
19.6,1.568000,8.000000,synthetic_USFS_Class3_benchmark_cycle
19.7,1.576000,8.000000,synthetic_USFS_Class3_benchmark_cycle
19.8,1.584000,8.000000,synthetic_USFS_Class3_benchmark_cycle
19.9,1.592000,8.000000,synthetic_USFS_Class3_benchmark_cycle
20.0,1.600000,8.000000,synthetic_USFS_Class3_benchmark_cycle
20.1,1.608000,8.000000,synthetic_USFS_Class3_benchmark_cycle
20.2,1.616000,8.000000,synthetic_USFS_Class3_benchmark_cycle
20.3,1.624000,8.000000,synthetic_USFS_Class3_benchmark_cycle
20.4,1.632000,8.000000,synthetic_USFS_Class3_benchmark_cycle
20.5,1.640000,8.000000,synthetic_USFS_Class3_benchmark_cycle
20.6,1.648000,8.000000,synthetic_USFS_Class3_benchmark_cycle
20.7,1.656000,8.000000,synthetic_USFS_Class3_benchmark_cycle
20.8,1.664000,8.000000,synthetic_USFS_Class3_benchmark_cycle
20.9,1.672000,8.000000,synthetic_USFS_Class3_benchmark_cycle
21.0,1.680000,8.000000,synthetic_USFS_Class3_benchmark_cycle
21.1,1.688000,8.000000,synthetic_USFS_Class3_benchmark_cycle
21.2,1.696000,8.000000,synthetic_USFS_Class3_benchmark_cycle
21.3,1.704000,8.000000,synthetic_USFS_Class3_benchmark_cycle
21.4,1.712000,8.000000,synthetic_USFS_Class3_benchmark_cycle
21.5,1.720000,8.000000,synthetic_USFS_Class3_benchmark_cycle
21.6,1.728000,8.000000,synthetic_USFS_Class3_benchmark_cycle
21.7,1.736000,8.000000,synthetic_USFS_Class3_benchmark_cycle
21.8,1.744000,8.000000,synthetic_USFS_Class3_benchmark_cycle
21.9,1.752000,8.000000,synthetic_USFS_Class3_benchmark_cycle
22.0,1.760000,8.000000,synthetic_USFS_Class3_benchmark_cycle
22.1,1.768000,8.000000,synthetic_USFS_Class3_benchmark_cycle
22.2,1.776000,8.000000,synthetic_USFS_Class3_benchmark_cycle
22.3,1.784000,8.000000,synthetic_USFS_Class3_benchmark_cycle
22.4,1.792000,8.000000,synthetic_USFS_Class3_benchmark_cycle
22.5,1.800000,8.000000,synthetic_USFS_Class3_benchmark_cycle
22.6,1.808000,8.000000,synthetic_USFS_Class3_benchmark_cycle
22.7,1.816000,8.000000,synthetic_USFS_Class3_benchmark_cycle
22.8,1.824000,8.000000,synthetic_USFS_Class3_benchmark_cycle
22.9,1.832000,8.000000,synthetic_USFS_Class3_benchmark_cycle
23.0,1.840000,8.000000,synthetic_USFS_Class3_benchmark_cycle
23.1,1.848000,8.000000,synthetic_USFS_Class3_benchmark_cycle
23.2,1.856000,8.000000,synthetic_USFS_Class3_benchmark_cycle
23.3,1.864000,8.000000,synthetic_USFS_Class3_benchmark_cycle
23.4,1.872000,8.000000,synthetic_USFS_Class3_benchmark_cycle
23.5,1.880000,8.000000,synthetic_USFS_Class3_benchmark_cycle
23.6,1.888000,8.000000,synthetic_USFS_Class3_benchmark_cycle
23.7,1.896000,8.000000,synthetic_USFS_Class3_benchmark_cycle
23.8,1.904000,8.000000,synthetic_USFS_Class3_benchmark_cycle
23.9,1.912000,8.000000,synthetic_USFS_Class3_benchmark_cycle
24.0,1.920000,8.000000,synthetic_USFS_Class3_benchmark_cycle
24.1,1.928000,8.000000,synthetic_USFS_Class3_benchmark_cycle
24.2,1.936000,8.000000,synthetic_USFS_Class3_benchmark_cycle
24.3,1.944000,8.000000,synthetic_USFS_Class3_benchmark_cycle
24.4,1.952000,8.000000,synthetic_USFS_Class3_benchmark_cycle
24.5,1.960000,8.000000,synthetic_USFS_Class3_benchmark_cycle
24.6,1.968000,8.000000,synthetic_USFS_Class3_benchmark_cycle
24.7,1.976000,8.000000,synthetic_USFS_Class3_benchmark_cycle
24.8,1.984000,8.000000,synthetic_USFS_Class3_benchmark_cycle
24.9,1.992000,8.000000,synthetic_USFS_Class3_benchmark_cycle
25.0,2.000000,8.000000,synthetic_USFS_Class3_benchmark_cycle
25.1,2.008000,8.000000,synthetic_USFS_Class3_benchmark_cycle
25.2,2.016000,8.000000,synthetic_USFS_Class3_benchmark_cycle
25.3,2.024000,8.000000,synthetic_USFS_Class3_benchmark_cycle
25.4,2.032000,8.000000,synthetic_USFS_Class3_benchmark_cycle
25.5,2.040000,8.000000,synthetic_USFS_Class3_benchmark_cycle
25.6,2.048000,8.000000,synthetic_USFS_Class3_benchmark_cycle
25.7,2.056000,8.000000,synthetic_USFS_Class3_benchmark_cycle
25.8,2.064000,8.000000,synthetic_USFS_Class3_benchmark_cycle
25.9,2.072000,8.000000,synthetic_USFS_Class3_benchmark_cycle
26.0,2.080000,8.000000,synthetic_USFS_Class3_benchmark_cycle
26.1,2.088000,8.000000,synthetic_USFS_Class3_benchmark_cycle
26.2,2.096000,8.000000,synthetic_USFS_Class3_benchmark_cycle
26.3,2.104000,8.000000,synthetic_USFS_Class3_benchmark_cycle
26.4,2.112000,8.000000,synthetic_USFS_Class3_benchmark_cycle
26.5,2.120000,8.000000,synthetic_USFS_Class3_benchmark_cycle
26.6,2.128000,8.000000,synthetic_USFS_Class3_benchmark_cycle
26.7,2.136000,8.000000,synthetic_USFS_Class3_benchmark_cycle
26.8,2.144000,8.000000,synthetic_USFS_Class3_benchmark_cycle
26.9,2.152000,8.000000,synthetic_USFS_Class3_benchmark_cycle
27.0,2.160000,8.000000,synthetic_USFS_Class3_benchmark_cycle
27.1,2.168000,8.000000,synthetic_USFS_Class3_benchmark_cycle
27.2,2.176000,8.000000,synthetic_USFS_Class3_benchmark_cycle
27.3,2.184000,8.000000,synthetic_USFS_Class3_benchmark_cycle
27.4,2.192000,8.000000,synthetic_USFS_Class3_benchmark_cycle
27.5,2.200000,8.000000,synthetic_USFS_Class3_benchmark_cycle
27.6,2.208000,8.000000,synthetic_USFS_Class3_benchmark_cycle
27.7,2.216000,8.000000,synthetic_USFS_Class3_benchmark_cycle
27.8,2.224000,8.000000,synthetic_USFS_Class3_benchmark_cycle
27.9,2.232000,8.000000,synthetic_USFS_Class3_benchmark_cycle
28.0,2.240000,8.000000,synthetic_USFS_Class3_benchmark_cycle
28.1,2.248000,8.000000,synthetic_USFS_Class3_benchmark_cycle
28.2,2.256000,8.000000,synthetic_USFS_Class3_benchmark_cycle
28.3,2.264000,8.000000,synthetic_USFS_Class3_benchmark_cycle
28.4,2.272000,8.000000,synthetic_USFS_Class3_benchmark_cycle
28.5,2.280000,8.000000,synthetic_USFS_Class3_benchmark_cycle
28.6,2.288000,8.000000,synthetic_USFS_Class3_benchmark_cycle
28.7,2.296000,8.000000,synthetic_USFS_Class3_benchmark_cycle
28.8,2.304000,8.000000,synthetic_USFS_Class3_benchmark_cycle
28.9,2.312000,8.000000,synthetic_USFS_Class3_benchmark_cycle
29.0,2.320000,8.000000,synthetic_USFS_Class3_benchmark_cycle
29.1,2.328000,8.000000,synthetic_USFS_Class3_benchmark_cycle
29.2,2.336000,8.000000,synthetic_USFS_Class3_benchmark_cycle
29.3,2.344000,8.000000,synthetic_USFS_Class3_benchmark_cycle
29.4,2.352000,8.000000,synthetic_USFS_Class3_benchmark_cycle
29.5,2.360000,8.000000,synthetic_USFS_Class3_benchmark_cycle
29.6,2.368000,8.000000,synthetic_USFS_Class3_benchmark_cycle
29.7,2.376000,8.000000,synthetic_USFS_Class3_benchmark_cycle
29.8,2.384000,8.000000,synthetic_USFS_Class3_benchmark_cycle
29.9,2.392000,8.000000,synthetic_USFS_Class3_benchmark_cycle
30.0,2.400000,8.000000,synthetic_USFS_Class3_benchmark_cycle
30.1,2.408000,8.000000,synthetic_USFS_Class3_benchmark_cycle
30.2,2.416000,8.000000,synthetic_USFS_Class3_benchmark_cycle
30.3,2.424000,8.000000,synthetic_USFS_Class3_benchmark_cycle
30.4,2.432000,8.000000,synthetic_USFS_Class3_benchmark_cycle
30.5,2.440000,8.000000,synthetic_USFS_Class3_benchmark_cycle
30.6,2.448000,8.000000,synthetic_USFS_Class3_benchmark_cycle
30.7,2.456000,8.000000,synthetic_USFS_Class3_benchmark_cycle
30.8,2.464000,8.000000,synthetic_USFS_Class3_benchmark_cycle
30.9,2.472000,8.000000,synthetic_USFS_Class3_benchmark_cycle
31.0,2.480000,8.000000,synthetic_USFS_Class3_benchmark_cycle
31.1,2.488000,8.000000,synthetic_USFS_Class3_benchmark_cycle
31.2,2.496000,8.000000,synthetic_USFS_Class3_benchmark_cycle
31.3,2.504000,8.000000,synthetic_USFS_Class3_benchmark_cycle
31.4,2.512000,8.000000,synthetic_USFS_Class3_benchmark_cycle
31.5,2.520000,8.000000,synthetic_USFS_Class3_benchmark_cycle
31.6,2.528000,8.000000,synthetic_USFS_Class3_benchmark_cycle
31.7,2.536000,8.000000,synthetic_USFS_Class3_benchmark_cycle
31.8,2.544000,8.000000,synthetic_USFS_Class3_benchmark_cycle
31.9,2.552000,8.000000,synthetic_USFS_Class3_benchmark_cycle
32.0,2.560000,8.000000,synthetic_USFS_Class3_benchmark_cycle
32.1,2.568000,8.000000,synthetic_USFS_Class3_benchmark_cycle
32.2,2.576000,8.000000,synthetic_USFS_Class3_benchmark_cycle
32.3,2.584000,8.000000,synthetic_USFS_Class3_benchmark_cycle
32.4,2.592000,8.000000,synthetic_USFS_Class3_benchmark_cycle
32.5,2.600000,8.000000,synthetic_USFS_Class3_benchmark_cycle
32.6,2.608000,8.000000,synthetic_USFS_Class3_benchmark_cycle
32.7,2.616000,8.000000,synthetic_USFS_Class3_benchmark_cycle
32.8,2.624000,8.000000,synthetic_USFS_Class3_benchmark_cycle
32.9,2.632000,8.000000,synthetic_USFS_Class3_benchmark_cycle
33.0,2.640000,8.000000,synthetic_USFS_Class3_benchmark_cycle
33.1,2.648000,8.000000,synthetic_USFS_Class3_benchmark_cycle
33.2,2.656000,8.000000,synthetic_USFS_Class3_benchmark_cycle
33.3,2.664000,8.000000,synthetic_USFS_Class3_benchmark_cycle
33.4,2.672000,8.000000,synthetic_USFS_Class3_benchmark_cycle
33.5,2.680000,8.000000,synthetic_USFS_Class3_benchmark_cycle
33.6,2.688000,8.000000,synthetic_USFS_Class3_benchmark_cycle
33.7,2.696000,8.000000,synthetic_USFS_Class3_benchmark_cycle
33.8,2.704000,8.000000,synthetic_USFS_Class3_benchmark_cycle
33.9,2.712000,8.000000,synthetic_USFS_Class3_benchmark_cycle
34.0,2.720000,8.000000,synthetic_USFS_Class3_benchmark_cycle
34.1,2.728000,8.000000,synthetic_USFS_Class3_benchmark_cycle
34.2,2.736000,8.000000,synthetic_USFS_Class3_benchmark_cycle
34.3,2.744000,8.000000,synthetic_USFS_Class3_benchmark_cycle
34.4,2.752000,8.000000,synthetic_USFS_Class3_benchmark_cycle
34.5,2.760000,8.000000,synthetic_USFS_Class3_benchmark_cycle
34.6,2.768000,8.000000,synthetic_USFS_Class3_benchmark_cycle
34.7,2.776000,8.000000,synthetic_USFS_Class3_benchmark_cycle
34.8,2.784000,8.000000,synthetic_USFS_Class3_benchmark_cycle
34.9,2.792000,8.000000,synthetic_USFS_Class3_benchmark_cycle
35.0,2.800000,8.000000,synthetic_USFS_Class3_benchmark_cycle
35.1,2.808000,8.000000,synthetic_USFS_Class3_benchmark_cycle
35.2,2.816000,8.000000,synthetic_USFS_Class3_benchmark_cycle
35.3,2.824000,8.000000,synthetic_USFS_Class3_benchmark_cycle
35.4,2.832000,8.000000,synthetic_USFS_Class3_benchmark_cycle
35.5,2.840000,8.000000,synthetic_USFS_Class3_benchmark_cycle
35.6,2.848000,8.000000,synthetic_USFS_Class3_benchmark_cycle
35.7,2.856000,8.000000,synthetic_USFS_Class3_benchmark_cycle
35.8,2.864000,8.000000,synthetic_USFS_Class3_benchmark_cycle
35.9,2.872000,8.000000,synthetic_USFS_Class3_benchmark_cycle
36.0,2.880000,8.000000,synthetic_USFS_Class3_benchmark_cycle
36.1,2.888000,8.000000,synthetic_USFS_Class3_benchmark_cycle
36.2,2.896000,8.000000,synthetic_USFS_Class3_benchmark_cycle
36.3,2.904000,8.000000,synthetic_USFS_Class3_benchmark_cycle
36.4,2.912000,8.000000,synthetic_USFS_Class3_benchmark_cycle
36.5,2.920000,8.000000,synthetic_USFS_Class3_benchmark_cycle
36.6,2.928000,8.000000,synthetic_USFS_Class3_benchmark_cycle
36.7,2.936000,8.000000,synthetic_USFS_Class3_benchmark_cycle
36.8,2.944000,8.000000,synthetic_USFS_Class3_benchmark_cycle
36.9,2.952000,8.000000,synthetic_USFS_Class3_benchmark_cycle
37.0,2.960000,8.000000,synthetic_USFS_Class3_benchmark_cycle
37.1,2.968000,8.000000,synthetic_USFS_Class3_benchmark_cycle
37.2,2.976000,8.000000,synthetic_USFS_Class3_benchmark_cycle
37.3,2.984000,8.000000,synthetic_USFS_Class3_benchmark_cycle
37.4,2.992000,8.000000,synthetic_USFS_Class3_benchmark_cycle
37.5,3.000000,8.000000,synthetic_USFS_Class3_benchmark_cycle
37.6,3.008000,8.000000,synthetic_USFS_Class3_benchmark_cycle
37.7,3.016000,8.000000,synthetic_USFS_Class3_benchmark_cycle
37.8,3.024000,8.000000,synthetic_USFS_Class3_benchmark_cycle
37.9,3.032000,8.000000,synthetic_USFS_Class3_benchmark_cycle
38.0,3.040000,8.000000,synthetic_USFS_Class3_benchmark_cycle
38.1,3.048000,8.000000,synthetic_USFS_Class3_benchmark_cycle
38.2,3.056000,8.000000,synthetic_USFS_Class3_benchmark_cycle
38.3,3.064000,8.000000,synthetic_USFS_Class3_benchmark_cycle
38.4,3.072000,8.000000,synthetic_USFS_Class3_benchmark_cycle
38.5,3.080000,8.000000,synthetic_USFS_Class3_benchmark_cycle
38.6,3.088000,8.000000,synthetic_USFS_Class3_benchmark_cycle
38.7,3.096000,8.000000,synthetic_USFS_Class3_benchmark_cycle
38.8,3.104000,8.000000,synthetic_USFS_Class3_benchmark_cycle
38.9,3.112000,8.000000,synthetic_USFS_Class3_benchmark_cycle
39.0,3.120000,8.000000,synthetic_USFS_Class3_benchmark_cycle
39.1,3.128000,8.000000,synthetic_USFS_Class3_benchmark_cycle
39.2,3.136000,8.000000,synthetic_USFS_Class3_benchmark_cycle
39.3,3.144000,8.000000,synthetic_USFS_Class3_benchmark_cycle
39.4,3.152000,8.000000,synthetic_USFS_Class3_benchmark_cycle
39.5,3.160000,8.000000,synthetic_USFS_Class3_benchmark_cycle
39.6,3.168000,8.000000,synthetic_USFS_Class3_benchmark_cycle
39.7,3.176000,8.000000,synthetic_USFS_Class3_benchmark_cycle
39.8,3.184000,8.000000,synthetic_USFS_Class3_benchmark_cycle
39.9,3.192000,8.000000,synthetic_USFS_Class3_benchmark_cycle
40.0,3.200000,8.000000,synthetic_USFS_Class3_benchmark_cycle
40.1,3.208008,8.016773,synthetic_USFS_Class3_benchmark_cycle
40.2,3.216050,8.067025,synthetic_USFS_Class3_benchmark_cycle
40.3,3.224159,8.150558,synthetic_USFS_Class3_benchmark_cycle
40.4,3.232368,8.267043,synthetic_USFS_Class3_benchmark_cycle
40.5,3.240709,8.416020,synthetic_USFS_Class3_benchmark_cycle
40.6,3.249216,8.596900,synthetic_USFS_Class3_benchmark_cycle
40.7,3.257919,8.808970,synthetic_USFS_Class3_benchmark_cycle
40.8,3.266849,9.051393,synthetic_USFS_Class3_benchmark_cycle
40.9,3.276036,9.323213,synthetic_USFS_Class3_benchmark_cycle
41.0,3.285510,9.623356,synthetic_USFS_Class3_benchmark_cycle
41.1,3.295297,9.950637,synthetic_USFS_Class3_benchmark_cycle
41.2,3.305424,10.303767,synthetic_USFS_Class3_benchmark_cycle
41.3,3.315916,10.681350,synthetic_USFS_Class3_benchmark_cycle
41.4,3.326798,11.081896,synthetic_USFS_Class3_benchmark_cycle
41.5,3.338091,11.503825,synthetic_USFS_Class3_benchmark_cycle
41.6,3.349815,11.945472,synthetic_USFS_Class3_benchmark_cycle
41.7,3.361991,12.405094,synthetic_USFS_Class3_benchmark_cycle
41.8,3.374634,12.880876,synthetic_USFS_Class3_benchmark_cycle
41.9,3.387760,13.370941,synthetic_USFS_Class3_benchmark_cycle
42.0,3.401382,13.873356,synthetic_USFS_Class3_benchmark_cycle
42.1,3.415512,14.386136,synthetic_USFS_Class3_benchmark_cycle
42.2,3.430158,14.907259,synthetic_USFS_Class3_benchmark_cycle
42.3,3.445329,15.434668,synthetic_USFS_Class3_benchmark_cycle
42.4,3.461030,15.966281,synthetic_USFS_Class3_benchmark_cycle
42.5,3.477263,16.500000,synthetic_USFS_Class3_benchmark_cycle
42.6,3.494030,17.033719,synthetic_USFS_Class3_benchmark_cycle
42.7,3.511329,17.565332,synthetic_USFS_Class3_benchmark_cycle
42.8,3.529158,18.092741,synthetic_USFS_Class3_benchmark_cycle
42.9,3.547512,18.613864,synthetic_USFS_Class3_benchmark_cycle
43.0,3.566382,19.126644,synthetic_USFS_Class3_benchmark_cycle
43.1,3.585760,19.629059,synthetic_USFS_Class3_benchmark_cycle
43.2,3.605634,20.119124,synthetic_USFS_Class3_benchmark_cycle
43.3,3.625991,20.594906,synthetic_USFS_Class3_benchmark_cycle
43.4,3.646815,21.054528,synthetic_USFS_Class3_benchmark_cycle
43.5,3.668091,21.496175,synthetic_USFS_Class3_benchmark_cycle
43.6,3.689798,21.918104,synthetic_USFS_Class3_benchmark_cycle
43.7,3.711916,22.318650,synthetic_USFS_Class3_benchmark_cycle
43.8,3.734424,22.696233,synthetic_USFS_Class3_benchmark_cycle
43.9,3.757297,23.049363,synthetic_USFS_Class3_benchmark_cycle
44.0,3.780510,23.376644,synthetic_USFS_Class3_benchmark_cycle
44.1,3.804036,23.676787,synthetic_USFS_Class3_benchmark_cycle
44.2,3.827849,23.948607,synthetic_USFS_Class3_benchmark_cycle
44.3,3.851919,24.191030,synthetic_USFS_Class3_benchmark_cycle
44.4,3.876216,24.403100,synthetic_USFS_Class3_benchmark_cycle
44.5,3.900709,24.583980,synthetic_USFS_Class3_benchmark_cycle
44.6,3.925368,24.732957,synthetic_USFS_Class3_benchmark_cycle
44.7,3.950159,24.849442,synthetic_USFS_Class3_benchmark_cycle
44.8,3.975050,24.932975,synthetic_USFS_Class3_benchmark_cycle
44.9,4.000008,24.983227,synthetic_USFS_Class3_benchmark_cycle
45.0,4.025000,25.000000,synthetic_USFS_Class3_benchmark_cycle
45.1,4.050000,25.000000,synthetic_USFS_Class3_benchmark_cycle
45.2,4.075000,25.000000,synthetic_USFS_Class3_benchmark_cycle
45.3,4.100000,25.000000,synthetic_USFS_Class3_benchmark_cycle
45.4,4.125000,25.000000,synthetic_USFS_Class3_benchmark_cycle
45.5,4.150000,25.000000,synthetic_USFS_Class3_benchmark_cycle
45.6,4.175000,25.000000,synthetic_USFS_Class3_benchmark_cycle
45.7,4.200000,25.000000,synthetic_USFS_Class3_benchmark_cycle
45.8,4.225000,25.000000,synthetic_USFS_Class3_benchmark_cycle
45.9,4.250000,25.000000,synthetic_USFS_Class3_benchmark_cycle
46.0,4.275000,25.000000,synthetic_USFS_Class3_benchmark_cycle
46.1,4.300000,25.000000,synthetic_USFS_Class3_benchmark_cycle
46.2,4.325000,25.000000,synthetic_USFS_Class3_benchmark_cycle
46.3,4.350000,25.000000,synthetic_USFS_Class3_benchmark_cycle
46.4,4.375000,25.000000,synthetic_USFS_Class3_benchmark_cycle
46.5,4.400000,25.000000,synthetic_USFS_Class3_benchmark_cycle
46.6,4.425000,25.000000,synthetic_USFS_Class3_benchmark_cycle
46.7,4.450000,25.000000,synthetic_USFS_Class3_benchmark_cycle
46.8,4.475000,25.000000,synthetic_USFS_Class3_benchmark_cycle
46.9,4.500000,25.000000,synthetic_USFS_Class3_benchmark_cycle
47.0,4.525000,25.000000,synthetic_USFS_Class3_benchmark_cycle
47.1,4.550000,25.000000,synthetic_USFS_Class3_benchmark_cycle
47.2,4.575000,25.000000,synthetic_USFS_Class3_benchmark_cycle
47.3,4.600000,25.000000,synthetic_USFS_Class3_benchmark_cycle
47.4,4.625000,25.000000,synthetic_USFS_Class3_benchmark_cycle
47.5,4.650000,25.000000,synthetic_USFS_Class3_benchmark_cycle
47.6,4.675000,25.000000,synthetic_USFS_Class3_benchmark_cycle
47.7,4.700000,25.000000,synthetic_USFS_Class3_benchmark_cycle
47.8,4.725000,25.000000,synthetic_USFS_Class3_benchmark_cycle
47.9,4.750000,25.000000,synthetic_USFS_Class3_benchmark_cycle
48.0,4.775000,25.000000,synthetic_USFS_Class3_benchmark_cycle
48.1,4.800000,25.000000,synthetic_USFS_Class3_benchmark_cycle
48.2,4.825000,25.000000,synthetic_USFS_Class3_benchmark_cycle
48.3,4.850000,25.000000,synthetic_USFS_Class3_benchmark_cycle
48.4,4.875000,25.000000,synthetic_USFS_Class3_benchmark_cycle
48.5,4.900000,25.000000,synthetic_USFS_Class3_benchmark_cycle
48.6,4.925000,25.000000,synthetic_USFS_Class3_benchmark_cycle
48.7,4.950000,25.000000,synthetic_USFS_Class3_benchmark_cycle
48.8,4.975000,25.000000,synthetic_USFS_Class3_benchmark_cycle
48.9,5.000000,25.000000,synthetic_USFS_Class3_benchmark_cycle
49.0,5.025000,25.000000,synthetic_USFS_Class3_benchmark_cycle
49.1,5.050000,25.000000,synthetic_USFS_Class3_benchmark_cycle
49.2,5.075000,25.000000,synthetic_USFS_Class3_benchmark_cycle
49.3,5.100000,25.000000,synthetic_USFS_Class3_benchmark_cycle
49.4,5.125000,25.000000,synthetic_USFS_Class3_benchmark_cycle
49.5,5.150000,25.000000,synthetic_USFS_Class3_benchmark_cycle
49.6,5.175000,25.000000,synthetic_USFS_Class3_benchmark_cycle
49.7,5.200000,25.000000,synthetic_USFS_Class3_benchmark_cycle
49.8,5.225000,25.000000,synthetic_USFS_Class3_benchmark_cycle
49.9,5.250000,25.000000,synthetic_USFS_Class3_benchmark_cycle
50.0,5.275000,25.000000,synthetic_USFS_Class3_benchmark_cycle
50.1,5.300000,25.000000,synthetic_USFS_Class3_benchmark_cycle
50.2,5.325000,25.000000,synthetic_USFS_Class3_benchmark_cycle
50.3,5.350000,25.000000,synthetic_USFS_Class3_benchmark_cycle
50.4,5.375000,25.000000,synthetic_USFS_Class3_benchmark_cycle
50.5,5.400000,25.000000,synthetic_USFS_Class3_benchmark_cycle
50.6,5.425000,25.000000,synthetic_USFS_Class3_benchmark_cycle
50.7,5.450000,25.000000,synthetic_USFS_Class3_benchmark_cycle
50.8,5.475000,25.000000,synthetic_USFS_Class3_benchmark_cycle
50.9,5.500000,25.000000,synthetic_USFS_Class3_benchmark_cycle
51.0,5.525000,25.000000,synthetic_USFS_Class3_benchmark_cycle
51.1,5.550000,25.000000,synthetic_USFS_Class3_benchmark_cycle
51.2,5.575000,25.000000,synthetic_USFS_Class3_benchmark_cycle
51.3,5.600000,25.000000,synthetic_USFS_Class3_benchmark_cycle
51.4,5.625000,25.000000,synthetic_USFS_Class3_benchmark_cycle
51.5,5.650000,25.000000,synthetic_USFS_Class3_benchmark_cycle
51.6,5.675000,25.000000,synthetic_USFS_Class3_benchmark_cycle
51.7,5.700000,25.000000,synthetic_USFS_Class3_benchmark_cycle
51.8,5.725000,25.000000,synthetic_USFS_Class3_benchmark_cycle
51.9,5.750000,25.000000,synthetic_USFS_Class3_benchmark_cycle
52.0,5.775000,25.000000,synthetic_USFS_Class3_benchmark_cycle
52.1,5.800000,25.000000,synthetic_USFS_Class3_benchmark_cycle
52.2,5.825000,25.000000,synthetic_USFS_Class3_benchmark_cycle
52.3,5.850000,25.000000,synthetic_USFS_Class3_benchmark_cycle
52.4,5.875000,25.000000,synthetic_USFS_Class3_benchmark_cycle
52.5,5.900000,25.000000,synthetic_USFS_Class3_benchmark_cycle
52.6,5.925000,25.000000,synthetic_USFS_Class3_benchmark_cycle
52.7,5.950000,25.000000,synthetic_USFS_Class3_benchmark_cycle
52.8,5.975000,25.000000,synthetic_USFS_Class3_benchmark_cycle
52.9,6.000000,25.000000,synthetic_USFS_Class3_benchmark_cycle
53.0,6.025000,25.000000,synthetic_USFS_Class3_benchmark_cycle
53.1,6.050000,25.000000,synthetic_USFS_Class3_benchmark_cycle
53.2,6.075000,25.000000,synthetic_USFS_Class3_benchmark_cycle
53.3,6.100000,25.000000,synthetic_USFS_Class3_benchmark_cycle
53.4,6.125000,25.000000,synthetic_USFS_Class3_benchmark_cycle
53.5,6.150000,25.000000,synthetic_USFS_Class3_benchmark_cycle
53.6,6.175000,25.000000,synthetic_USFS_Class3_benchmark_cycle
53.7,6.200000,25.000000,synthetic_USFS_Class3_benchmark_cycle
53.8,6.225000,25.000000,synthetic_USFS_Class3_benchmark_cycle
53.9,6.250000,25.000000,synthetic_USFS_Class3_benchmark_cycle
54.0,6.275000,25.000000,synthetic_USFS_Class3_benchmark_cycle
54.1,6.300000,25.000000,synthetic_USFS_Class3_benchmark_cycle
54.2,6.325000,25.000000,synthetic_USFS_Class3_benchmark_cycle
54.3,6.350000,25.000000,synthetic_USFS_Class3_benchmark_cycle
54.4,6.375000,25.000000,synthetic_USFS_Class3_benchmark_cycle
54.5,6.400000,25.000000,synthetic_USFS_Class3_benchmark_cycle
54.6,6.425000,25.000000,synthetic_USFS_Class3_benchmark_cycle
54.7,6.450000,25.000000,synthetic_USFS_Class3_benchmark_cycle
54.8,6.475000,25.000000,synthetic_USFS_Class3_benchmark_cycle
54.9,6.500000,25.000000,synthetic_USFS_Class3_benchmark_cycle
55.0,6.525000,25.000000,synthetic_USFS_Class3_benchmark_cycle
55.1,6.550000,25.000000,synthetic_USFS_Class3_benchmark_cycle
55.2,6.575000,25.000000,synthetic_USFS_Class3_benchmark_cycle
55.3,6.600000,25.000000,synthetic_USFS_Class3_benchmark_cycle
55.4,6.625000,25.000000,synthetic_USFS_Class3_benchmark_cycle
55.5,6.650000,25.000000,synthetic_USFS_Class3_benchmark_cycle
55.6,6.675000,25.000000,synthetic_USFS_Class3_benchmark_cycle
55.7,6.700000,25.000000,synthetic_USFS_Class3_benchmark_cycle
55.8,6.725000,25.000000,synthetic_USFS_Class3_benchmark_cycle
55.9,6.750000,25.000000,synthetic_USFS_Class3_benchmark_cycle
56.0,6.775000,25.000000,synthetic_USFS_Class3_benchmark_cycle
56.1,6.800000,25.000000,synthetic_USFS_Class3_benchmark_cycle
56.2,6.825000,25.000000,synthetic_USFS_Class3_benchmark_cycle
56.3,6.850000,25.000000,synthetic_USFS_Class3_benchmark_cycle
56.4,6.875000,25.000000,synthetic_USFS_Class3_benchmark_cycle
56.5,6.900000,25.000000,synthetic_USFS_Class3_benchmark_cycle
56.6,6.925000,25.000000,synthetic_USFS_Class3_benchmark_cycle
56.7,6.950000,25.000000,synthetic_USFS_Class3_benchmark_cycle
56.8,6.975000,25.000000,synthetic_USFS_Class3_benchmark_cycle
56.9,7.000000,25.000000,synthetic_USFS_Class3_benchmark_cycle
57.0,7.025000,25.000000,synthetic_USFS_Class3_benchmark_cycle
57.1,7.050000,25.000000,synthetic_USFS_Class3_benchmark_cycle
57.2,7.075000,25.000000,synthetic_USFS_Class3_benchmark_cycle
57.3,7.100000,25.000000,synthetic_USFS_Class3_benchmark_cycle
57.4,7.125000,25.000000,synthetic_USFS_Class3_benchmark_cycle
57.5,7.150000,25.000000,synthetic_USFS_Class3_benchmark_cycle
57.6,7.175000,25.000000,synthetic_USFS_Class3_benchmark_cycle
57.7,7.200000,25.000000,synthetic_USFS_Class3_benchmark_cycle
57.8,7.225000,25.000000,synthetic_USFS_Class3_benchmark_cycle
57.9,7.250000,25.000000,synthetic_USFS_Class3_benchmark_cycle
58.0,7.275000,25.000000,synthetic_USFS_Class3_benchmark_cycle
58.1,7.300000,25.000000,synthetic_USFS_Class3_benchmark_cycle
58.2,7.325000,25.000000,synthetic_USFS_Class3_benchmark_cycle
58.3,7.350000,25.000000,synthetic_USFS_Class3_benchmark_cycle
58.4,7.375000,25.000000,synthetic_USFS_Class3_benchmark_cycle
58.5,7.400000,25.000000,synthetic_USFS_Class3_benchmark_cycle
58.6,7.425000,25.000000,synthetic_USFS_Class3_benchmark_cycle
58.7,7.450000,25.000000,synthetic_USFS_Class3_benchmark_cycle
58.8,7.475000,25.000000,synthetic_USFS_Class3_benchmark_cycle
58.9,7.500000,25.000000,synthetic_USFS_Class3_benchmark_cycle
59.0,7.525000,25.000000,synthetic_USFS_Class3_benchmark_cycle
59.1,7.550000,25.000000,synthetic_USFS_Class3_benchmark_cycle
59.2,7.575000,25.000000,synthetic_USFS_Class3_benchmark_cycle
59.3,7.600000,25.000000,synthetic_USFS_Class3_benchmark_cycle
59.4,7.625000,25.000000,synthetic_USFS_Class3_benchmark_cycle
59.5,7.650000,25.000000,synthetic_USFS_Class3_benchmark_cycle
59.6,7.675000,25.000000,synthetic_USFS_Class3_benchmark_cycle
59.7,7.700000,25.000000,synthetic_USFS_Class3_benchmark_cycle
59.8,7.725000,25.000000,synthetic_USFS_Class3_benchmark_cycle
59.9,7.750000,25.000000,synthetic_USFS_Class3_benchmark_cycle
60.0,7.775000,25.000000,synthetic_USFS_Class3_benchmark_cycle
60.1,7.800000,25.000000,synthetic_USFS_Class3_benchmark_cycle
60.2,7.825000,25.000000,synthetic_USFS_Class3_benchmark_cycle
60.3,7.850000,25.000000,synthetic_USFS_Class3_benchmark_cycle
60.4,7.875000,25.000000,synthetic_USFS_Class3_benchmark_cycle
60.5,7.900000,25.000000,synthetic_USFS_Class3_benchmark_cycle
60.6,7.925000,25.000000,synthetic_USFS_Class3_benchmark_cycle
60.7,7.950000,25.000000,synthetic_USFS_Class3_benchmark_cycle
60.8,7.975000,25.000000,synthetic_USFS_Class3_benchmark_cycle
60.9,8.000000,25.000000,synthetic_USFS_Class3_benchmark_cycle
61.0,8.025000,25.000000,synthetic_USFS_Class3_benchmark_cycle
61.1,8.050000,25.000000,synthetic_USFS_Class3_benchmark_cycle
61.2,8.075000,25.000000,synthetic_USFS_Class3_benchmark_cycle
61.3,8.100000,25.000000,synthetic_USFS_Class3_benchmark_cycle
61.4,8.125000,25.000000,synthetic_USFS_Class3_benchmark_cycle
61.5,8.150000,25.000000,synthetic_USFS_Class3_benchmark_cycle
61.6,8.175000,25.000000,synthetic_USFS_Class3_benchmark_cycle
61.7,8.200000,25.000000,synthetic_USFS_Class3_benchmark_cycle
61.8,8.225000,25.000000,synthetic_USFS_Class3_benchmark_cycle
61.9,8.250000,25.000000,synthetic_USFS_Class3_benchmark_cycle
62.0,8.275000,25.000000,synthetic_USFS_Class3_benchmark_cycle
62.1,8.300000,25.000000,synthetic_USFS_Class3_benchmark_cycle
62.2,8.325000,25.000000,synthetic_USFS_Class3_benchmark_cycle
62.3,8.350000,25.000000,synthetic_USFS_Class3_benchmark_cycle
62.4,8.375000,25.000000,synthetic_USFS_Class3_benchmark_cycle
62.5,8.400000,25.000000,synthetic_USFS_Class3_benchmark_cycle
62.6,8.425000,25.000000,synthetic_USFS_Class3_benchmark_cycle
62.7,8.450000,25.000000,synthetic_USFS_Class3_benchmark_cycle
62.8,8.475000,25.000000,synthetic_USFS_Class3_benchmark_cycle
62.9,8.500000,25.000000,synthetic_USFS_Class3_benchmark_cycle
63.0,8.525000,25.000000,synthetic_USFS_Class3_benchmark_cycle
63.1,8.550000,25.000000,synthetic_USFS_Class3_benchmark_cycle
63.2,8.575000,25.000000,synthetic_USFS_Class3_benchmark_cycle
63.3,8.600000,25.000000,synthetic_USFS_Class3_benchmark_cycle
63.4,8.625000,25.000000,synthetic_USFS_Class3_benchmark_cycle
63.5,8.650000,25.000000,synthetic_USFS_Class3_benchmark_cycle
63.6,8.675000,25.000000,synthetic_USFS_Class3_benchmark_cycle
63.7,8.700000,25.000000,synthetic_USFS_Class3_benchmark_cycle
63.8,8.725000,25.000000,synthetic_USFS_Class3_benchmark_cycle
63.9,8.750000,25.000000,synthetic_USFS_Class3_benchmark_cycle
64.0,8.775000,25.000000,synthetic_USFS_Class3_benchmark_cycle
64.1,8.800000,25.000000,synthetic_USFS_Class3_benchmark_cycle
64.2,8.825000,25.000000,synthetic_USFS_Class3_benchmark_cycle
64.3,8.850000,25.000000,synthetic_USFS_Class3_benchmark_cycle
64.4,8.875000,25.000000,synthetic_USFS_Class3_benchmark_cycle
64.5,8.900000,25.000000,synthetic_USFS_Class3_benchmark_cycle
64.6,8.925000,25.000000,synthetic_USFS_Class3_benchmark_cycle
64.7,8.950000,25.000000,synthetic_USFS_Class3_benchmark_cycle
64.8,8.975000,25.000000,synthetic_USFS_Class3_benchmark_cycle
64.9,9.000000,25.000000,synthetic_USFS_Class3_benchmark_cycle
65.0,9.025000,25.000000,synthetic_USFS_Class3_benchmark_cycle
65.1,9.049992,24.983227,synthetic_USFS_Class3_benchmark_cycle
65.2,9.074950,24.932975,synthetic_USFS_Class3_benchmark_cycle
65.3,9.099841,24.849442,synthetic_USFS_Class3_benchmark_cycle
65.4,9.124632,24.732957,synthetic_USFS_Class3_benchmark_cycle
65.5,9.149291,24.583980,synthetic_USFS_Class3_benchmark_cycle
65.6,9.173784,24.403100,synthetic_USFS_Class3_benchmark_cycle
65.7,9.198081,24.191030,synthetic_USFS_Class3_benchmark_cycle
65.8,9.222151,23.948607,synthetic_USFS_Class3_benchmark_cycle
65.9,9.245964,23.676787,synthetic_USFS_Class3_benchmark_cycle
66.0,9.269490,23.376644,synthetic_USFS_Class3_benchmark_cycle
66.1,9.292703,23.049363,synthetic_USFS_Class3_benchmark_cycle
66.2,9.315576,22.696233,synthetic_USFS_Class3_benchmark_cycle
66.3,9.338084,22.318650,synthetic_USFS_Class3_benchmark_cycle
66.4,9.360202,21.918104,synthetic_USFS_Class3_benchmark_cycle
66.5,9.381909,21.496175,synthetic_USFS_Class3_benchmark_cycle
66.6,9.403185,21.054528,synthetic_USFS_Class3_benchmark_cycle
66.7,9.424009,20.594906,synthetic_USFS_Class3_benchmark_cycle
66.8,9.444366,20.119124,synthetic_USFS_Class3_benchmark_cycle
66.9,9.464240,19.629059,synthetic_USFS_Class3_benchmark_cycle
67.0,9.483618,19.126644,synthetic_USFS_Class3_benchmark_cycle
67.1,9.502488,18.613864,synthetic_USFS_Class3_benchmark_cycle
67.2,9.520842,18.092741,synthetic_USFS_Class3_benchmark_cycle
67.3,9.538671,17.565332,synthetic_USFS_Class3_benchmark_cycle
67.4,9.555970,17.033719,synthetic_USFS_Class3_benchmark_cycle
67.5,9.572737,16.500000,synthetic_USFS_Class3_benchmark_cycle
67.6,9.588970,15.966281,synthetic_USFS_Class3_benchmark_cycle
67.7,9.604671,15.434668,synthetic_USFS_Class3_benchmark_cycle
67.8,9.619842,14.907259,synthetic_USFS_Class3_benchmark_cycle
67.9,9.634488,14.386136,synthetic_USFS_Class3_benchmark_cycle
68.0,9.648618,13.873356,synthetic_USFS_Class3_benchmark_cycle
68.1,9.662240,13.370941,synthetic_USFS_Class3_benchmark_cycle
68.2,9.675366,12.880876,synthetic_USFS_Class3_benchmark_cycle
68.3,9.688009,12.405094,synthetic_USFS_Class3_benchmark_cycle
68.4,9.700185,11.945472,synthetic_USFS_Class3_benchmark_cycle
68.5,9.711909,11.503825,synthetic_USFS_Class3_benchmark_cycle
68.6,9.723202,11.081896,synthetic_USFS_Class3_benchmark_cycle
68.7,9.734084,10.681350,synthetic_USFS_Class3_benchmark_cycle
68.8,9.744576,10.303767,synthetic_USFS_Class3_benchmark_cycle
68.9,9.754703,9.950637,synthetic_USFS_Class3_benchmark_cycle
69.0,9.764490,9.623356,synthetic_USFS_Class3_benchmark_cycle
69.1,9.773964,9.323213,synthetic_USFS_Class3_benchmark_cycle
69.2,9.783151,9.051393,synthetic_USFS_Class3_benchmark_cycle
69.3,9.792081,8.808970,synthetic_USFS_Class3_benchmark_cycle
69.4,9.800784,8.596900,synthetic_USFS_Class3_benchmark_cycle
69.5,9.809291,8.416020,synthetic_USFS_Class3_benchmark_cycle
69.6,9.817632,8.267043,synthetic_USFS_Class3_benchmark_cycle
69.7,9.825841,8.150558,synthetic_USFS_Class3_benchmark_cycle
69.8,9.833950,8.067025,synthetic_USFS_Class3_benchmark_cycle
69.9,9.841992,8.016773,synthetic_USFS_Class3_benchmark_cycle
70.0,9.850000,8.000000,synthetic_USFS_Class3_benchmark_cycle
70.1,9.858000,8.000000,synthetic_USFS_Class3_benchmark_cycle
70.2,9.866000,8.000000,synthetic_USFS_Class3_benchmark_cycle
70.3,9.874000,8.000000,synthetic_USFS_Class3_benchmark_cycle
70.4,9.882000,8.000000,synthetic_USFS_Class3_benchmark_cycle
70.5,9.890000,8.000000,synthetic_USFS_Class3_benchmark_cycle
70.6,9.898000,8.000000,synthetic_USFS_Class3_benchmark_cycle
70.7,9.906000,8.000000,synthetic_USFS_Class3_benchmark_cycle
70.8,9.914000,8.000000,synthetic_USFS_Class3_benchmark_cycle
70.9,9.922000,8.000000,synthetic_USFS_Class3_benchmark_cycle
71.0,9.930000,8.000000,synthetic_USFS_Class3_benchmark_cycle
71.1,9.938000,8.000000,synthetic_USFS_Class3_benchmark_cycle
71.2,9.946000,8.000000,synthetic_USFS_Class3_benchmark_cycle
71.3,9.954000,8.000000,synthetic_USFS_Class3_benchmark_cycle
71.4,9.962000,8.000000,synthetic_USFS_Class3_benchmark_cycle
71.5,9.970000,8.000000,synthetic_USFS_Class3_benchmark_cycle
71.6,9.978000,8.000000,synthetic_USFS_Class3_benchmark_cycle
71.7,9.986000,8.000000,synthetic_USFS_Class3_benchmark_cycle
71.8,9.994000,8.000000,synthetic_USFS_Class3_benchmark_cycle
71.9,10.002000,8.000000,synthetic_USFS_Class3_benchmark_cycle
72.0,10.010000,8.000000,synthetic_USFS_Class3_benchmark_cycle
72.1,10.018000,8.000000,synthetic_USFS_Class3_benchmark_cycle
72.2,10.026000,8.000000,synthetic_USFS_Class3_benchmark_cycle
72.3,10.034000,8.000000,synthetic_USFS_Class3_benchmark_cycle
72.4,10.042000,8.000000,synthetic_USFS_Class3_benchmark_cycle
72.5,10.050000,8.000000,synthetic_USFS_Class3_benchmark_cycle
72.6,10.058000,8.000000,synthetic_USFS_Class3_benchmark_cycle
72.7,10.066000,8.000000,synthetic_USFS_Class3_benchmark_cycle
72.8,10.074000,8.000000,synthetic_USFS_Class3_benchmark_cycle
72.9,10.082000,8.000000,synthetic_USFS_Class3_benchmark_cycle
73.0,10.090000,8.000000,synthetic_USFS_Class3_benchmark_cycle
73.1,10.098000,8.000000,synthetic_USFS_Class3_benchmark_cycle
73.2,10.106000,8.000000,synthetic_USFS_Class3_benchmark_cycle
73.3,10.114000,8.000000,synthetic_USFS_Class3_benchmark_cycle
73.4,10.122000,8.000000,synthetic_USFS_Class3_benchmark_cycle
73.5,10.130000,8.000000,synthetic_USFS_Class3_benchmark_cycle
73.6,10.138000,8.000000,synthetic_USFS_Class3_benchmark_cycle
73.7,10.146000,8.000000,synthetic_USFS_Class3_benchmark_cycle
73.8,10.154000,8.000000,synthetic_USFS_Class3_benchmark_cycle
73.9,10.162000,8.000000,synthetic_USFS_Class3_benchmark_cycle
74.0,10.170000,8.000000,synthetic_USFS_Class3_benchmark_cycle
74.1,10.178000,8.000000,synthetic_USFS_Class3_benchmark_cycle
74.2,10.186000,8.000000,synthetic_USFS_Class3_benchmark_cycle
74.3,10.194000,8.000000,synthetic_USFS_Class3_benchmark_cycle
74.4,10.202000,8.000000,synthetic_USFS_Class3_benchmark_cycle
74.5,10.210000,8.000000,synthetic_USFS_Class3_benchmark_cycle
74.6,10.218000,8.000000,synthetic_USFS_Class3_benchmark_cycle
74.7,10.226000,8.000000,synthetic_USFS_Class3_benchmark_cycle
74.8,10.234000,8.000000,synthetic_USFS_Class3_benchmark_cycle
74.9,10.242000,8.000000,synthetic_USFS_Class3_benchmark_cycle
75.0,10.250000,8.000000,synthetic_USFS_Class3_benchmark_cycle
75.1,10.258000,8.000000,synthetic_USFS_Class3_benchmark_cycle
75.2,10.266000,8.000000,synthetic_USFS_Class3_benchmark_cycle
75.3,10.274000,8.000000,synthetic_USFS_Class3_benchmark_cycle
75.4,10.282000,8.000000,synthetic_USFS_Class3_benchmark_cycle
75.5,10.290000,8.000000,synthetic_USFS_Class3_benchmark_cycle
75.6,10.298000,8.000000,synthetic_USFS_Class3_benchmark_cycle
75.7,10.306000,8.000000,synthetic_USFS_Class3_benchmark_cycle
75.8,10.314000,8.000000,synthetic_USFS_Class3_benchmark_cycle
75.9,10.322000,8.000000,synthetic_USFS_Class3_benchmark_cycle
76.0,10.330000,8.000000,synthetic_USFS_Class3_benchmark_cycle
76.1,10.338000,8.000000,synthetic_USFS_Class3_benchmark_cycle
76.2,10.346000,8.000000,synthetic_USFS_Class3_benchmark_cycle
76.3,10.354000,8.000000,synthetic_USFS_Class3_benchmark_cycle
76.4,10.362000,8.000000,synthetic_USFS_Class3_benchmark_cycle
76.5,10.370000,8.000000,synthetic_USFS_Class3_benchmark_cycle
76.6,10.378000,8.000000,synthetic_USFS_Class3_benchmark_cycle
76.7,10.386000,8.000000,synthetic_USFS_Class3_benchmark_cycle
76.8,10.394000,8.000000,synthetic_USFS_Class3_benchmark_cycle
76.9,10.402000,8.000000,synthetic_USFS_Class3_benchmark_cycle
77.0,10.410000,8.000000,synthetic_USFS_Class3_benchmark_cycle
77.1,10.418000,8.000000,synthetic_USFS_Class3_benchmark_cycle
77.2,10.426000,8.000000,synthetic_USFS_Class3_benchmark_cycle
77.3,10.434000,8.000000,synthetic_USFS_Class3_benchmark_cycle
77.4,10.442000,8.000000,synthetic_USFS_Class3_benchmark_cycle
77.5,10.450000,8.000000,synthetic_USFS_Class3_benchmark_cycle
77.6,10.458000,8.000000,synthetic_USFS_Class3_benchmark_cycle
77.7,10.466000,8.000000,synthetic_USFS_Class3_benchmark_cycle
77.8,10.474000,8.000000,synthetic_USFS_Class3_benchmark_cycle
77.9,10.482000,8.000000,synthetic_USFS_Class3_benchmark_cycle
78.0,10.490000,8.000000,synthetic_USFS_Class3_benchmark_cycle
78.1,10.498000,8.000000,synthetic_USFS_Class3_benchmark_cycle
78.2,10.506000,8.000000,synthetic_USFS_Class3_benchmark_cycle
78.3,10.514000,8.000000,synthetic_USFS_Class3_benchmark_cycle
78.4,10.522000,8.000000,synthetic_USFS_Class3_benchmark_cycle
78.5,10.530000,8.000000,synthetic_USFS_Class3_benchmark_cycle
78.6,10.538000,8.000000,synthetic_USFS_Class3_benchmark_cycle
78.7,10.546000,8.000000,synthetic_USFS_Class3_benchmark_cycle
78.8,10.554000,8.000000,synthetic_USFS_Class3_benchmark_cycle
78.9,10.562000,8.000000,synthetic_USFS_Class3_benchmark_cycle
79.0,10.570000,8.000000,synthetic_USFS_Class3_benchmark_cycle
79.1,10.578000,8.000000,synthetic_USFS_Class3_benchmark_cycle
79.2,10.586000,8.000000,synthetic_USFS_Class3_benchmark_cycle
79.3,10.594000,8.000000,synthetic_USFS_Class3_benchmark_cycle
79.4,10.602000,8.000000,synthetic_USFS_Class3_benchmark_cycle
79.5,10.610000,8.000000,synthetic_USFS_Class3_benchmark_cycle
79.6,10.618000,8.000000,synthetic_USFS_Class3_benchmark_cycle
79.7,10.626000,8.000000,synthetic_USFS_Class3_benchmark_cycle
79.8,10.634000,8.000000,synthetic_USFS_Class3_benchmark_cycle
79.9,10.642000,8.000000,synthetic_USFS_Class3_benchmark_cycle
80.0,10.650000,8.000000,synthetic_USFS_Class3_benchmark_cycle
80.1,10.658000,8.000000,synthetic_USFS_Class3_benchmark_cycle
80.2,10.666000,8.000000,synthetic_USFS_Class3_benchmark_cycle
80.3,10.674000,8.000000,synthetic_USFS_Class3_benchmark_cycle
80.4,10.682000,8.000000,synthetic_USFS_Class3_benchmark_cycle
80.5,10.690000,8.000000,synthetic_USFS_Class3_benchmark_cycle
80.6,10.698000,8.000000,synthetic_USFS_Class3_benchmark_cycle
80.7,10.706000,8.000000,synthetic_USFS_Class3_benchmark_cycle
80.8,10.714000,8.000000,synthetic_USFS_Class3_benchmark_cycle
80.9,10.722000,8.000000,synthetic_USFS_Class3_benchmark_cycle
81.0,10.730000,8.000000,synthetic_USFS_Class3_benchmark_cycle
81.1,10.738000,8.000000,synthetic_USFS_Class3_benchmark_cycle
81.2,10.746000,8.000000,synthetic_USFS_Class3_benchmark_cycle
81.3,10.754000,8.000000,synthetic_USFS_Class3_benchmark_cycle
81.4,10.762000,8.000000,synthetic_USFS_Class3_benchmark_cycle
81.5,10.770000,8.000000,synthetic_USFS_Class3_benchmark_cycle
81.6,10.778000,8.000000,synthetic_USFS_Class3_benchmark_cycle
81.7,10.786000,8.000000,synthetic_USFS_Class3_benchmark_cycle
81.8,10.794000,8.000000,synthetic_USFS_Class3_benchmark_cycle
81.9,10.802000,8.000000,synthetic_USFS_Class3_benchmark_cycle
82.0,10.810000,8.000000,synthetic_USFS_Class3_benchmark_cycle
82.1,10.818000,8.000000,synthetic_USFS_Class3_benchmark_cycle
82.2,10.826000,8.000000,synthetic_USFS_Class3_benchmark_cycle
82.3,10.834000,8.000000,synthetic_USFS_Class3_benchmark_cycle
82.4,10.842000,8.000000,synthetic_USFS_Class3_benchmark_cycle
82.5,10.850000,8.000000,synthetic_USFS_Class3_benchmark_cycle
82.6,10.858000,8.000000,synthetic_USFS_Class3_benchmark_cycle
82.7,10.866000,8.000000,synthetic_USFS_Class3_benchmark_cycle
82.8,10.874000,8.000000,synthetic_USFS_Class3_benchmark_cycle
82.9,10.882000,8.000000,synthetic_USFS_Class3_benchmark_cycle
83.0,10.890000,8.000000,synthetic_USFS_Class3_benchmark_cycle
83.1,10.898000,8.000000,synthetic_USFS_Class3_benchmark_cycle
83.2,10.906000,8.000000,synthetic_USFS_Class3_benchmark_cycle
83.3,10.914000,8.000000,synthetic_USFS_Class3_benchmark_cycle
83.4,10.922000,8.000000,synthetic_USFS_Class3_benchmark_cycle
83.5,10.930000,8.000000,synthetic_USFS_Class3_benchmark_cycle
83.6,10.938000,8.000000,synthetic_USFS_Class3_benchmark_cycle
83.7,10.946000,8.000000,synthetic_USFS_Class3_benchmark_cycle
83.8,10.954000,8.000000,synthetic_USFS_Class3_benchmark_cycle
83.9,10.962000,8.000000,synthetic_USFS_Class3_benchmark_cycle
84.0,10.970000,8.000000,synthetic_USFS_Class3_benchmark_cycle
84.1,10.978000,8.000000,synthetic_USFS_Class3_benchmark_cycle
84.2,10.986000,8.000000,synthetic_USFS_Class3_benchmark_cycle
84.3,10.994000,8.000000,synthetic_USFS_Class3_benchmark_cycle
84.4,11.002000,8.000000,synthetic_USFS_Class3_benchmark_cycle
84.5,11.010000,8.000000,synthetic_USFS_Class3_benchmark_cycle
84.6,11.018000,8.000000,synthetic_USFS_Class3_benchmark_cycle
84.7,11.026000,8.000000,synthetic_USFS_Class3_benchmark_cycle
84.8,11.034000,8.000000,synthetic_USFS_Class3_benchmark_cycle
84.9,11.042000,8.000000,synthetic_USFS_Class3_benchmark_cycle
85.0,11.050000,8.000000,synthetic_USFS_Class3_benchmark_cycle
85.1,11.058000,8.000000,synthetic_USFS_Class3_benchmark_cycle
85.2,11.066000,8.000000,synthetic_USFS_Class3_benchmark_cycle
85.3,11.074000,8.000000,synthetic_USFS_Class3_benchmark_cycle
85.4,11.082000,8.000000,synthetic_USFS_Class3_benchmark_cycle
85.5,11.090000,8.000000,synthetic_USFS_Class3_benchmark_cycle
85.6,11.098000,8.000000,synthetic_USFS_Class3_benchmark_cycle
85.7,11.106000,8.000000,synthetic_USFS_Class3_benchmark_cycle
85.8,11.114000,8.000000,synthetic_USFS_Class3_benchmark_cycle
85.9,11.122000,8.000000,synthetic_USFS_Class3_benchmark_cycle
86.0,11.130000,8.000000,synthetic_USFS_Class3_benchmark_cycle
86.1,11.138000,8.000000,synthetic_USFS_Class3_benchmark_cycle
86.2,11.146000,8.000000,synthetic_USFS_Class3_benchmark_cycle
86.3,11.154000,8.000000,synthetic_USFS_Class3_benchmark_cycle
86.4,11.162000,8.000000,synthetic_USFS_Class3_benchmark_cycle
86.5,11.170000,8.000000,synthetic_USFS_Class3_benchmark_cycle
86.6,11.178000,8.000000,synthetic_USFS_Class3_benchmark_cycle
86.7,11.186000,8.000000,synthetic_USFS_Class3_benchmark_cycle
86.8,11.194000,8.000000,synthetic_USFS_Class3_benchmark_cycle
86.9,11.202000,8.000000,synthetic_USFS_Class3_benchmark_cycle
87.0,11.210000,8.000000,synthetic_USFS_Class3_benchmark_cycle
87.1,11.218000,8.000000,synthetic_USFS_Class3_benchmark_cycle
87.2,11.226000,8.000000,synthetic_USFS_Class3_benchmark_cycle
87.3,11.234000,8.000000,synthetic_USFS_Class3_benchmark_cycle
87.4,11.242000,8.000000,synthetic_USFS_Class3_benchmark_cycle
87.5,11.250000,8.000000,synthetic_USFS_Class3_benchmark_cycle
87.6,11.258000,8.000000,synthetic_USFS_Class3_benchmark_cycle
87.7,11.266000,8.000000,synthetic_USFS_Class3_benchmark_cycle
87.8,11.274000,8.000000,synthetic_USFS_Class3_benchmark_cycle
87.9,11.282000,8.000000,synthetic_USFS_Class3_benchmark_cycle
88.0,11.290000,8.000000,synthetic_USFS_Class3_benchmark_cycle
88.1,11.298000,8.000000,synthetic_USFS_Class3_benchmark_cycle
88.2,11.306000,8.000000,synthetic_USFS_Class3_benchmark_cycle
88.3,11.314000,8.000000,synthetic_USFS_Class3_benchmark_cycle
88.4,11.322000,8.000000,synthetic_USFS_Class3_benchmark_cycle
88.5,11.330000,8.000000,synthetic_USFS_Class3_benchmark_cycle
88.6,11.338000,8.000000,synthetic_USFS_Class3_benchmark_cycle
88.7,11.346000,8.000000,synthetic_USFS_Class3_benchmark_cycle
88.8,11.354000,8.000000,synthetic_USFS_Class3_benchmark_cycle
88.9,11.362000,8.000000,synthetic_USFS_Class3_benchmark_cycle
89.0,11.370000,8.000000,synthetic_USFS_Class3_benchmark_cycle
89.1,11.378000,8.000000,synthetic_USFS_Class3_benchmark_cycle
89.2,11.386000,8.000000,synthetic_USFS_Class3_benchmark_cycle
89.3,11.394000,8.000000,synthetic_USFS_Class3_benchmark_cycle
89.4,11.402000,8.000000,synthetic_USFS_Class3_benchmark_cycle
89.5,11.410000,8.000000,synthetic_USFS_Class3_benchmark_cycle
89.6,11.418000,8.000000,synthetic_USFS_Class3_benchmark_cycle
89.7,11.426000,8.000000,synthetic_USFS_Class3_benchmark_cycle
89.8,11.434000,8.000000,synthetic_USFS_Class3_benchmark_cycle
89.9,11.442000,8.000000,synthetic_USFS_Class3_benchmark_cycle
90.0,11.450000,8.000000,synthetic_USFS_Class3_benchmark_cycle
90.1,11.458000,8.000000,synthetic_USFS_Class3_benchmark_cycle
90.2,11.466000,8.000000,synthetic_USFS_Class3_benchmark_cycle
90.3,11.474000,8.000000,synthetic_USFS_Class3_benchmark_cycle
90.4,11.482000,8.000000,synthetic_USFS_Class3_benchmark_cycle
90.5,11.490000,8.000000,synthetic_USFS_Class3_benchmark_cycle
90.6,11.498000,8.000000,synthetic_USFS_Class3_benchmark_cycle
90.7,11.506000,8.000000,synthetic_USFS_Class3_benchmark_cycle
90.8,11.514000,8.000000,synthetic_USFS_Class3_benchmark_cycle
90.9,11.522000,8.000000,synthetic_USFS_Class3_benchmark_cycle
91.0,11.530000,8.000000,synthetic_USFS_Class3_benchmark_cycle
91.1,11.538000,8.000000,synthetic_USFS_Class3_benchmark_cycle
91.2,11.546000,8.000000,synthetic_USFS_Class3_benchmark_cycle
91.3,11.554000,8.000000,synthetic_USFS_Class3_benchmark_cycle
91.4,11.562000,8.000000,synthetic_USFS_Class3_benchmark_cycle
91.5,11.570000,8.000000,synthetic_USFS_Class3_benchmark_cycle
91.6,11.578000,8.000000,synthetic_USFS_Class3_benchmark_cycle
91.7,11.586000,8.000000,synthetic_USFS_Class3_benchmark_cycle
91.8,11.594000,8.000000,synthetic_USFS_Class3_benchmark_cycle
91.9,11.602000,8.000000,synthetic_USFS_Class3_benchmark_cycle
92.0,11.610000,8.000000,synthetic_USFS_Class3_benchmark_cycle
92.1,11.618000,8.000000,synthetic_USFS_Class3_benchmark_cycle
92.2,11.626000,8.000000,synthetic_USFS_Class3_benchmark_cycle
92.3,11.634000,8.000000,synthetic_USFS_Class3_benchmark_cycle
92.4,11.642000,8.000000,synthetic_USFS_Class3_benchmark_cycle
92.5,11.650000,8.000000,synthetic_USFS_Class3_benchmark_cycle
92.6,11.658000,8.000000,synthetic_USFS_Class3_benchmark_cycle
92.7,11.666000,8.000000,synthetic_USFS_Class3_benchmark_cycle
92.8,11.674000,8.000000,synthetic_USFS_Class3_benchmark_cycle
92.9,11.682000,8.000000,synthetic_USFS_Class3_benchmark_cycle
93.0,11.690000,8.000000,synthetic_USFS_Class3_benchmark_cycle
93.1,11.698000,8.000000,synthetic_USFS_Class3_benchmark_cycle
93.2,11.706000,8.000000,synthetic_USFS_Class3_benchmark_cycle
93.3,11.714000,8.000000,synthetic_USFS_Class3_benchmark_cycle
93.4,11.722000,8.000000,synthetic_USFS_Class3_benchmark_cycle
93.5,11.730000,8.000000,synthetic_USFS_Class3_benchmark_cycle
93.6,11.738000,8.000000,synthetic_USFS_Class3_benchmark_cycle
93.7,11.746000,8.000000,synthetic_USFS_Class3_benchmark_cycle
93.8,11.754000,8.000000,synthetic_USFS_Class3_benchmark_cycle
93.9,11.762000,8.000000,synthetic_USFS_Class3_benchmark_cycle
94.0,11.770000,8.000000,synthetic_USFS_Class3_benchmark_cycle
94.1,11.778000,8.000000,synthetic_USFS_Class3_benchmark_cycle
94.2,11.786000,8.000000,synthetic_USFS_Class3_benchmark_cycle
94.3,11.794000,8.000000,synthetic_USFS_Class3_benchmark_cycle
94.4,11.802000,8.000000,synthetic_USFS_Class3_benchmark_cycle
94.5,11.810000,8.000000,synthetic_USFS_Class3_benchmark_cycle
94.6,11.818000,8.000000,synthetic_USFS_Class3_benchmark_cycle
94.7,11.826000,8.000000,synthetic_USFS_Class3_benchmark_cycle
94.8,11.834000,8.000000,synthetic_USFS_Class3_benchmark_cycle
94.9,11.842000,8.000000,synthetic_USFS_Class3_benchmark_cycle
95.0,11.850000,8.000000,synthetic_USFS_Class3_benchmark_cycle
95.1,11.858000,8.000000,synthetic_USFS_Class3_benchmark_cycle
95.2,11.866000,8.000000,synthetic_USFS_Class3_benchmark_cycle
95.3,11.874000,8.000000,synthetic_USFS_Class3_benchmark_cycle
95.4,11.882000,8.000000,synthetic_USFS_Class3_benchmark_cycle
95.5,11.890000,8.000000,synthetic_USFS_Class3_benchmark_cycle
95.6,11.898000,8.000000,synthetic_USFS_Class3_benchmark_cycle
95.7,11.906000,8.000000,synthetic_USFS_Class3_benchmark_cycle
95.8,11.914000,8.000000,synthetic_USFS_Class3_benchmark_cycle
95.9,11.922000,8.000000,synthetic_USFS_Class3_benchmark_cycle
96.0,11.930000,8.000000,synthetic_USFS_Class3_benchmark_cycle
96.1,11.938000,8.000000,synthetic_USFS_Class3_benchmark_cycle
96.2,11.946000,8.000000,synthetic_USFS_Class3_benchmark_cycle
96.3,11.954000,8.000000,synthetic_USFS_Class3_benchmark_cycle
96.4,11.962000,8.000000,synthetic_USFS_Class3_benchmark_cycle
96.5,11.970000,8.000000,synthetic_USFS_Class3_benchmark_cycle
96.6,11.978000,8.000000,synthetic_USFS_Class3_benchmark_cycle
96.7,11.986000,8.000000,synthetic_USFS_Class3_benchmark_cycle
96.8,11.994000,8.000000,synthetic_USFS_Class3_benchmark_cycle
96.9,12.002000,8.000000,synthetic_USFS_Class3_benchmark_cycle
97.0,12.010000,8.000000,synthetic_USFS_Class3_benchmark_cycle
97.1,12.018000,8.000000,synthetic_USFS_Class3_benchmark_cycle
97.2,12.026000,8.000000,synthetic_USFS_Class3_benchmark_cycle
97.3,12.034000,8.000000,synthetic_USFS_Class3_benchmark_cycle
97.4,12.042000,8.000000,synthetic_USFS_Class3_benchmark_cycle
97.5,12.050000,8.000000,synthetic_USFS_Class3_benchmark_cycle
97.6,12.058000,8.000000,synthetic_USFS_Class3_benchmark_cycle
97.7,12.066000,8.000000,synthetic_USFS_Class3_benchmark_cycle
97.8,12.074000,8.000000,synthetic_USFS_Class3_benchmark_cycle
97.9,12.082000,8.000000,synthetic_USFS_Class3_benchmark_cycle
98.0,12.090000,8.000000,synthetic_USFS_Class3_benchmark_cycle
98.1,12.098000,8.000000,synthetic_USFS_Class3_benchmark_cycle
98.2,12.106000,8.000000,synthetic_USFS_Class3_benchmark_cycle
98.3,12.114000,8.000000,synthetic_USFS_Class3_benchmark_cycle
98.4,12.122000,8.000000,synthetic_USFS_Class3_benchmark_cycle
98.5,12.130000,8.000000,synthetic_USFS_Class3_benchmark_cycle
98.6,12.138000,8.000000,synthetic_USFS_Class3_benchmark_cycle
98.7,12.146000,8.000000,synthetic_USFS_Class3_benchmark_cycle
98.8,12.154000,8.000000,synthetic_USFS_Class3_benchmark_cycle
98.9,12.162000,8.000000,synthetic_USFS_Class3_benchmark_cycle
99.0,12.170000,8.000000,synthetic_USFS_Class3_benchmark_cycle
99.1,12.178000,8.000000,synthetic_USFS_Class3_benchmark_cycle
99.2,12.186000,8.000000,synthetic_USFS_Class3_benchmark_cycle
99.3,12.194000,8.000000,synthetic_USFS_Class3_benchmark_cycle
99.4,12.202000,8.000000,synthetic_USFS_Class3_benchmark_cycle
99.5,12.210000,8.000000,synthetic_USFS_Class3_benchmark_cycle
99.6,12.218000,8.000000,synthetic_USFS_Class3_benchmark_cycle
99.7,12.226000,8.000000,synthetic_USFS_Class3_benchmark_cycle
99.8,12.234000,8.000000,synthetic_USFS_Class3_benchmark_cycle
99.9,12.242000,8.000000,synthetic_USFS_Class3_benchmark_cycle
100.0,12.250000,8.000000,synthetic_USFS_Class3_benchmark_cycle
100.1,12.258000,8.000000,synthetic_USFS_Class3_benchmark_cycle
100.2,12.266000,8.000000,synthetic_USFS_Class3_benchmark_cycle
100.3,12.274000,8.000000,synthetic_USFS_Class3_benchmark_cycle
100.4,12.282000,8.000000,synthetic_USFS_Class3_benchmark_cycle
100.5,12.290000,8.000000,synthetic_USFS_Class3_benchmark_cycle
100.6,12.298000,8.000000,synthetic_USFS_Class3_benchmark_cycle
100.7,12.306000,8.000000,synthetic_USFS_Class3_benchmark_cycle
100.8,12.314000,8.000000,synthetic_USFS_Class3_benchmark_cycle
100.9,12.322000,8.000000,synthetic_USFS_Class3_benchmark_cycle
101.0,12.330000,8.000000,synthetic_USFS_Class3_benchmark_cycle
101.1,12.338000,8.000000,synthetic_USFS_Class3_benchmark_cycle
101.2,12.346000,8.000000,synthetic_USFS_Class3_benchmark_cycle
101.3,12.354000,8.000000,synthetic_USFS_Class3_benchmark_cycle
101.4,12.362000,8.000000,synthetic_USFS_Class3_benchmark_cycle
101.5,12.370000,8.000000,synthetic_USFS_Class3_benchmark_cycle
101.6,12.378000,8.000000,synthetic_USFS_Class3_benchmark_cycle
101.7,12.386000,8.000000,synthetic_USFS_Class3_benchmark_cycle
101.8,12.394000,8.000000,synthetic_USFS_Class3_benchmark_cycle
101.9,12.402000,8.000000,synthetic_USFS_Class3_benchmark_cycle
102.0,12.410000,8.000000,synthetic_USFS_Class3_benchmark_cycle
102.1,12.418000,8.000000,synthetic_USFS_Class3_benchmark_cycle
102.2,12.426000,8.000000,synthetic_USFS_Class3_benchmark_cycle
102.3,12.434000,8.000000,synthetic_USFS_Class3_benchmark_cycle
102.4,12.442000,8.000000,synthetic_USFS_Class3_benchmark_cycle
102.5,12.450000,8.000000,synthetic_USFS_Class3_benchmark_cycle
102.6,12.458000,8.000000,synthetic_USFS_Class3_benchmark_cycle
102.7,12.466000,8.000000,synthetic_USFS_Class3_benchmark_cycle
102.8,12.474000,8.000000,synthetic_USFS_Class3_benchmark_cycle
102.9,12.482000,8.000000,synthetic_USFS_Class3_benchmark_cycle
103.0,12.490000,8.000000,synthetic_USFS_Class3_benchmark_cycle
103.1,12.498000,8.000000,synthetic_USFS_Class3_benchmark_cycle
103.2,12.506000,8.000000,synthetic_USFS_Class3_benchmark_cycle
103.3,12.514000,8.000000,synthetic_USFS_Class3_benchmark_cycle
103.4,12.522000,8.000000,synthetic_USFS_Class3_benchmark_cycle
103.5,12.530000,8.000000,synthetic_USFS_Class3_benchmark_cycle
103.6,12.538000,8.000000,synthetic_USFS_Class3_benchmark_cycle
103.7,12.546000,8.000000,synthetic_USFS_Class3_benchmark_cycle
103.8,12.554000,8.000000,synthetic_USFS_Class3_benchmark_cycle
103.9,12.562000,8.000000,synthetic_USFS_Class3_benchmark_cycle
104.0,12.570000,8.000000,synthetic_USFS_Class3_benchmark_cycle
104.1,12.578000,8.000000,synthetic_USFS_Class3_benchmark_cycle
104.2,12.586000,8.000000,synthetic_USFS_Class3_benchmark_cycle
104.3,12.594000,8.000000,synthetic_USFS_Class3_benchmark_cycle
104.4,12.602000,8.000000,synthetic_USFS_Class3_benchmark_cycle
104.5,12.610000,8.000000,synthetic_USFS_Class3_benchmark_cycle
104.6,12.618000,8.000000,synthetic_USFS_Class3_benchmark_cycle
104.7,12.626000,8.000000,synthetic_USFS_Class3_benchmark_cycle
104.8,12.634000,8.000000,synthetic_USFS_Class3_benchmark_cycle
104.9,12.642000,8.000000,synthetic_USFS_Class3_benchmark_cycle
105.0,12.650000,8.000000,synthetic_USFS_Class3_benchmark_cycle
105.1,12.658000,8.000000,synthetic_USFS_Class3_benchmark_cycle
105.2,12.666000,8.000000,synthetic_USFS_Class3_benchmark_cycle
105.3,12.674000,8.000000,synthetic_USFS_Class3_benchmark_cycle
105.4,12.682000,8.000000,synthetic_USFS_Class3_benchmark_cycle
105.5,12.690000,8.000000,synthetic_USFS_Class3_benchmark_cycle
105.6,12.698000,8.000000,synthetic_USFS_Class3_benchmark_cycle
105.7,12.706000,8.000000,synthetic_USFS_Class3_benchmark_cycle
105.8,12.714000,8.000000,synthetic_USFS_Class3_benchmark_cycle
105.9,12.722000,8.000000,synthetic_USFS_Class3_benchmark_cycle
106.0,12.730000,8.000000,synthetic_USFS_Class3_benchmark_cycle
106.1,12.738000,8.000000,synthetic_USFS_Class3_benchmark_cycle
106.2,12.746000,8.000000,synthetic_USFS_Class3_benchmark_cycle
106.3,12.754000,8.000000,synthetic_USFS_Class3_benchmark_cycle
106.4,12.762000,8.000000,synthetic_USFS_Class3_benchmark_cycle
106.5,12.770000,8.000000,synthetic_USFS_Class3_benchmark_cycle
106.6,12.778000,8.000000,synthetic_USFS_Class3_benchmark_cycle
106.7,12.786000,8.000000,synthetic_USFS_Class3_benchmark_cycle
106.8,12.794000,8.000000,synthetic_USFS_Class3_benchmark_cycle
106.9,12.802000,8.000000,synthetic_USFS_Class3_benchmark_cycle
107.0,12.810000,8.000000,synthetic_USFS_Class3_benchmark_cycle
107.1,12.818000,8.000000,synthetic_USFS_Class3_benchmark_cycle
107.2,12.826000,8.000000,synthetic_USFS_Class3_benchmark_cycle
107.3,12.834000,8.000000,synthetic_USFS_Class3_benchmark_cycle
107.4,12.842000,8.000000,synthetic_USFS_Class3_benchmark_cycle
107.5,12.850000,8.000000,synthetic_USFS_Class3_benchmark_cycle
107.6,12.858000,8.000000,synthetic_USFS_Class3_benchmark_cycle
107.7,12.866000,8.000000,synthetic_USFS_Class3_benchmark_cycle
107.8,12.874000,8.000000,synthetic_USFS_Class3_benchmark_cycle
107.9,12.882000,8.000000,synthetic_USFS_Class3_benchmark_cycle
108.0,12.890000,8.000000,synthetic_USFS_Class3_benchmark_cycle
108.1,12.898000,8.000000,synthetic_USFS_Class3_benchmark_cycle
108.2,12.906000,8.000000,synthetic_USFS_Class3_benchmark_cycle
108.3,12.914000,8.000000,synthetic_USFS_Class3_benchmark_cycle
108.4,12.922000,8.000000,synthetic_USFS_Class3_benchmark_cycle
108.5,12.930000,8.000000,synthetic_USFS_Class3_benchmark_cycle
108.6,12.938000,8.000000,synthetic_USFS_Class3_benchmark_cycle
108.7,12.946000,8.000000,synthetic_USFS_Class3_benchmark_cycle
108.8,12.954000,8.000000,synthetic_USFS_Class3_benchmark_cycle
108.9,12.962000,8.000000,synthetic_USFS_Class3_benchmark_cycle
109.0,12.970000,8.000000,synthetic_USFS_Class3_benchmark_cycle
109.1,12.978000,8.000000,synthetic_USFS_Class3_benchmark_cycle
109.2,12.986000,8.000000,synthetic_USFS_Class3_benchmark_cycle
109.3,12.994000,8.000000,synthetic_USFS_Class3_benchmark_cycle
109.4,13.002000,8.000000,synthetic_USFS_Class3_benchmark_cycle
109.5,13.010000,8.000000,synthetic_USFS_Class3_benchmark_cycle
109.6,13.018000,8.000000,synthetic_USFS_Class3_benchmark_cycle
109.7,13.026000,8.000000,synthetic_USFS_Class3_benchmark_cycle
109.8,13.034000,8.000000,synthetic_USFS_Class3_benchmark_cycle
109.9,13.042000,8.000000,synthetic_USFS_Class3_benchmark_cycle
110.0,13.050000,8.000000,synthetic_USFS_Class3_benchmark_cycle
110.1,13.058000,8.000000,synthetic_USFS_Class3_benchmark_cycle
110.2,13.066000,8.000000,synthetic_USFS_Class3_benchmark_cycle
110.3,13.074000,8.000000,synthetic_USFS_Class3_benchmark_cycle
110.4,13.082000,8.000000,synthetic_USFS_Class3_benchmark_cycle
110.5,13.090000,8.000000,synthetic_USFS_Class3_benchmark_cycle
110.6,13.098000,8.000000,synthetic_USFS_Class3_benchmark_cycle
110.7,13.106000,8.000000,synthetic_USFS_Class3_benchmark_cycle
110.8,13.114000,8.000000,synthetic_USFS_Class3_benchmark_cycle
110.9,13.122000,8.000000,synthetic_USFS_Class3_benchmark_cycle
111.0,13.130000,8.000000,synthetic_USFS_Class3_benchmark_cycle
111.1,13.138000,8.000000,synthetic_USFS_Class3_benchmark_cycle
111.2,13.146000,8.000000,synthetic_USFS_Class3_benchmark_cycle
111.3,13.154000,8.000000,synthetic_USFS_Class3_benchmark_cycle
111.4,13.162000,8.000000,synthetic_USFS_Class3_benchmark_cycle
111.5,13.170000,8.000000,synthetic_USFS_Class3_benchmark_cycle
111.6,13.178000,8.000000,synthetic_USFS_Class3_benchmark_cycle
111.7,13.186000,8.000000,synthetic_USFS_Class3_benchmark_cycle
111.8,13.194000,8.000000,synthetic_USFS_Class3_benchmark_cycle
111.9,13.202000,8.000000,synthetic_USFS_Class3_benchmark_cycle
112.0,13.210000,8.000000,synthetic_USFS_Class3_benchmark_cycle
112.1,13.218000,8.000000,synthetic_USFS_Class3_benchmark_cycle
112.2,13.226000,8.000000,synthetic_USFS_Class3_benchmark_cycle
112.3,13.234000,8.000000,synthetic_USFS_Class3_benchmark_cycle
112.4,13.242000,8.000000,synthetic_USFS_Class3_benchmark_cycle
112.5,13.250000,8.000000,synthetic_USFS_Class3_benchmark_cycle
112.6,13.258000,8.000000,synthetic_USFS_Class3_benchmark_cycle
112.7,13.266000,8.000000,synthetic_USFS_Class3_benchmark_cycle
112.8,13.274000,8.000000,synthetic_USFS_Class3_benchmark_cycle
112.9,13.282000,8.000000,synthetic_USFS_Class3_benchmark_cycle
113.0,13.290000,8.000000,synthetic_USFS_Class3_benchmark_cycle
113.1,13.298000,8.000000,synthetic_USFS_Class3_benchmark_cycle
113.2,13.306000,8.000000,synthetic_USFS_Class3_benchmark_cycle
113.3,13.314000,8.000000,synthetic_USFS_Class3_benchmark_cycle
113.4,13.322000,8.000000,synthetic_USFS_Class3_benchmark_cycle
113.5,13.330000,8.000000,synthetic_USFS_Class3_benchmark_cycle
113.6,13.338000,8.000000,synthetic_USFS_Class3_benchmark_cycle
113.7,13.346000,8.000000,synthetic_USFS_Class3_benchmark_cycle
113.8,13.354000,8.000000,synthetic_USFS_Class3_benchmark_cycle
113.9,13.362000,8.000000,synthetic_USFS_Class3_benchmark_cycle
114.0,13.370000,8.000000,synthetic_USFS_Class3_benchmark_cycle
114.1,13.378000,8.000000,synthetic_USFS_Class3_benchmark_cycle
114.2,13.386000,8.000000,synthetic_USFS_Class3_benchmark_cycle
114.3,13.394000,8.000000,synthetic_USFS_Class3_benchmark_cycle
114.4,13.402000,8.000000,synthetic_USFS_Class3_benchmark_cycle
114.5,13.410000,8.000000,synthetic_USFS_Class3_benchmark_cycle
114.6,13.418000,8.000000,synthetic_USFS_Class3_benchmark_cycle
114.7,13.426000,8.000000,synthetic_USFS_Class3_benchmark_cycle
114.8,13.434000,8.000000,synthetic_USFS_Class3_benchmark_cycle
114.9,13.442000,8.000000,synthetic_USFS_Class3_benchmark_cycle
115.0,13.450000,8.000000,synthetic_USFS_Class3_benchmark_cycle
115.1,13.458000,8.000000,synthetic_USFS_Class3_benchmark_cycle
115.2,13.466000,8.000000,synthetic_USFS_Class3_benchmark_cycle
115.3,13.474000,8.000000,synthetic_USFS_Class3_benchmark_cycle
115.4,13.482000,8.000000,synthetic_USFS_Class3_benchmark_cycle
115.5,13.490000,8.000000,synthetic_USFS_Class3_benchmark_cycle
115.6,13.498000,8.000000,synthetic_USFS_Class3_benchmark_cycle
115.7,13.506000,8.000000,synthetic_USFS_Class3_benchmark_cycle
115.8,13.514000,8.000000,synthetic_USFS_Class3_benchmark_cycle
115.9,13.522000,8.000000,synthetic_USFS_Class3_benchmark_cycle
116.0,13.530000,8.000000,synthetic_USFS_Class3_benchmark_cycle
116.1,13.538000,8.000000,synthetic_USFS_Class3_benchmark_cycle
116.2,13.546000,8.000000,synthetic_USFS_Class3_benchmark_cycle
116.3,13.554000,8.000000,synthetic_USFS_Class3_benchmark_cycle
116.4,13.562000,8.000000,synthetic_USFS_Class3_benchmark_cycle
116.5,13.570000,8.000000,synthetic_USFS_Class3_benchmark_cycle
116.6,13.578000,8.000000,synthetic_USFS_Class3_benchmark_cycle
116.7,13.586000,8.000000,synthetic_USFS_Class3_benchmark_cycle
116.8,13.594000,8.000000,synthetic_USFS_Class3_benchmark_cycle
116.9,13.602000,8.000000,synthetic_USFS_Class3_benchmark_cycle
117.0,13.610000,8.000000,synthetic_USFS_Class3_benchmark_cycle
117.1,13.618000,8.000000,synthetic_USFS_Class3_benchmark_cycle
117.2,13.626000,8.000000,synthetic_USFS_Class3_benchmark_cycle
117.3,13.634000,8.000000,synthetic_USFS_Class3_benchmark_cycle
117.4,13.642000,8.000000,synthetic_USFS_Class3_benchmark_cycle
117.5,13.650000,8.000000,synthetic_USFS_Class3_benchmark_cycle
117.6,13.658000,8.000000,synthetic_USFS_Class3_benchmark_cycle
117.7,13.666000,8.000000,synthetic_USFS_Class3_benchmark_cycle
117.8,13.674000,8.000000,synthetic_USFS_Class3_benchmark_cycle
117.9,13.682000,8.000000,synthetic_USFS_Class3_benchmark_cycle
118.0,13.690000,8.000000,synthetic_USFS_Class3_benchmark_cycle
118.1,13.698000,8.000000,synthetic_USFS_Class3_benchmark_cycle
118.2,13.706000,8.000000,synthetic_USFS_Class3_benchmark_cycle
118.3,13.714000,8.000000,synthetic_USFS_Class3_benchmark_cycle
118.4,13.722000,8.000000,synthetic_USFS_Class3_benchmark_cycle
118.5,13.730000,8.000000,synthetic_USFS_Class3_benchmark_cycle
118.6,13.738000,8.000000,synthetic_USFS_Class3_benchmark_cycle
118.7,13.746000,8.000000,synthetic_USFS_Class3_benchmark_cycle
118.8,13.754000,8.000000,synthetic_USFS_Class3_benchmark_cycle
118.9,13.762000,8.000000,synthetic_USFS_Class3_benchmark_cycle
119.0,13.770000,8.000000,synthetic_USFS_Class3_benchmark_cycle
119.1,13.778000,8.000000,synthetic_USFS_Class3_benchmark_cycle
119.2,13.786000,8.000000,synthetic_USFS_Class3_benchmark_cycle
119.3,13.794000,8.000000,synthetic_USFS_Class3_benchmark_cycle
119.4,13.802000,8.000000,synthetic_USFS_Class3_benchmark_cycle
119.5,13.810000,8.000000,synthetic_USFS_Class3_benchmark_cycle
119.6,13.818000,8.000000,synthetic_USFS_Class3_benchmark_cycle
119.7,13.826000,8.000000,synthetic_USFS_Class3_benchmark_cycle
119.8,13.834000,8.000000,synthetic_USFS_Class3_benchmark_cycle
119.9,13.842000,8.000000,synthetic_USFS_Class3_benchmark_cycle
120.0,13.850000,8.000000,synthetic_USFS_Class3_benchmark_cycle
120.1,13.858000,8.000000,synthetic_USFS_Class3_benchmark_cycle
120.2,13.866000,8.000000,synthetic_USFS_Class3_benchmark_cycle
120.3,13.874000,8.000000,synthetic_USFS_Class3_benchmark_cycle
120.4,13.882000,8.000000,synthetic_USFS_Class3_benchmark_cycle
120.5,13.890000,8.000000,synthetic_USFS_Class3_benchmark_cycle
120.6,13.898000,8.000000,synthetic_USFS_Class3_benchmark_cycle
120.7,13.906000,8.000000,synthetic_USFS_Class3_benchmark_cycle
120.8,13.914000,8.000000,synthetic_USFS_Class3_benchmark_cycle
120.9,13.922000,8.000000,synthetic_USFS_Class3_benchmark_cycle
121.0,13.930000,8.000000,synthetic_USFS_Class3_benchmark_cycle
121.1,13.938000,8.000000,synthetic_USFS_Class3_benchmark_cycle
121.2,13.946000,8.000000,synthetic_USFS_Class3_benchmark_cycle
121.3,13.954000,8.000000,synthetic_USFS_Class3_benchmark_cycle
121.4,13.962000,8.000000,synthetic_USFS_Class3_benchmark_cycle
121.5,13.970000,8.000000,synthetic_USFS_Class3_benchmark_cycle
121.6,13.978000,8.000000,synthetic_USFS_Class3_benchmark_cycle
121.7,13.986000,8.000000,synthetic_USFS_Class3_benchmark_cycle
121.8,13.994000,8.000000,synthetic_USFS_Class3_benchmark_cycle
121.9,14.002000,8.000000,synthetic_USFS_Class3_benchmark_cycle
122.0,14.010000,8.000000,synthetic_USFS_Class3_benchmark_cycle
122.1,14.018000,8.000000,synthetic_USFS_Class3_benchmark_cycle
122.2,14.026000,8.000000,synthetic_USFS_Class3_benchmark_cycle
122.3,14.034000,8.000000,synthetic_USFS_Class3_benchmark_cycle
122.4,14.042000,8.000000,synthetic_USFS_Class3_benchmark_cycle
122.5,14.050000,8.000000,synthetic_USFS_Class3_benchmark_cycle
122.6,14.058000,8.000000,synthetic_USFS_Class3_benchmark_cycle
122.7,14.066000,8.000000,synthetic_USFS_Class3_benchmark_cycle
122.8,14.074000,8.000000,synthetic_USFS_Class3_benchmark_cycle
122.9,14.082000,8.000000,synthetic_USFS_Class3_benchmark_cycle
123.0,14.090000,8.000000,synthetic_USFS_Class3_benchmark_cycle
123.1,14.098000,8.000000,synthetic_USFS_Class3_benchmark_cycle
123.2,14.106000,8.000000,synthetic_USFS_Class3_benchmark_cycle
123.3,14.114000,8.000000,synthetic_USFS_Class3_benchmark_cycle
123.4,14.122000,8.000000,synthetic_USFS_Class3_benchmark_cycle
123.5,14.130000,8.000000,synthetic_USFS_Class3_benchmark_cycle
123.6,14.138000,8.000000,synthetic_USFS_Class3_benchmark_cycle
123.7,14.146000,8.000000,synthetic_USFS_Class3_benchmark_cycle
123.8,14.154000,8.000000,synthetic_USFS_Class3_benchmark_cycle
123.9,14.162000,8.000000,synthetic_USFS_Class3_benchmark_cycle
124.0,14.170000,8.000000,synthetic_USFS_Class3_benchmark_cycle
124.1,14.178000,8.000000,synthetic_USFS_Class3_benchmark_cycle
124.2,14.186000,8.000000,synthetic_USFS_Class3_benchmark_cycle
124.3,14.194000,8.000000,synthetic_USFS_Class3_benchmark_cycle
124.4,14.202000,8.000000,synthetic_USFS_Class3_benchmark_cycle
124.5,14.210000,8.000000,synthetic_USFS_Class3_benchmark_cycle
124.6,14.218000,8.000000,synthetic_USFS_Class3_benchmark_cycle
124.7,14.226000,8.000000,synthetic_USFS_Class3_benchmark_cycle
124.8,14.234000,8.000000,synthetic_USFS_Class3_benchmark_cycle
124.9,14.242000,8.000000,synthetic_USFS_Class3_benchmark_cycle
125.0,14.250000,8.000000,synthetic_USFS_Class3_benchmark_cycle
125.1,14.258000,8.000000,synthetic_USFS_Class3_benchmark_cycle
125.2,14.266000,8.000000,synthetic_USFS_Class3_benchmark_cycle
125.3,14.274000,8.000000,synthetic_USFS_Class3_benchmark_cycle
125.4,14.282000,8.000000,synthetic_USFS_Class3_benchmark_cycle
125.5,14.290000,8.000000,synthetic_USFS_Class3_benchmark_cycle
125.6,14.298000,8.000000,synthetic_USFS_Class3_benchmark_cycle
125.7,14.306000,8.000000,synthetic_USFS_Class3_benchmark_cycle
125.8,14.314000,8.000000,synthetic_USFS_Class3_benchmark_cycle
125.9,14.322000,8.000000,synthetic_USFS_Class3_benchmark_cycle
126.0,14.330000,8.000000,synthetic_USFS_Class3_benchmark_cycle
126.1,14.338000,8.000000,synthetic_USFS_Class3_benchmark_cycle
126.2,14.346000,8.000000,synthetic_USFS_Class3_benchmark_cycle
126.3,14.354000,8.000000,synthetic_USFS_Class3_benchmark_cycle
126.4,14.362000,8.000000,synthetic_USFS_Class3_benchmark_cycle
126.5,14.370000,8.000000,synthetic_USFS_Class3_benchmark_cycle
126.6,14.378000,8.000000,synthetic_USFS_Class3_benchmark_cycle
126.7,14.386000,8.000000,synthetic_USFS_Class3_benchmark_cycle
126.8,14.394000,8.000000,synthetic_USFS_Class3_benchmark_cycle
126.9,14.402000,8.000000,synthetic_USFS_Class3_benchmark_cycle
127.0,14.410000,8.000000,synthetic_USFS_Class3_benchmark_cycle
127.1,14.418000,8.000000,synthetic_USFS_Class3_benchmark_cycle
127.2,14.426000,8.000000,synthetic_USFS_Class3_benchmark_cycle
127.3,14.434000,8.000000,synthetic_USFS_Class3_benchmark_cycle
127.4,14.442000,8.000000,synthetic_USFS_Class3_benchmark_cycle
127.5,14.450000,8.000000,synthetic_USFS_Class3_benchmark_cycle
127.6,14.458000,8.000000,synthetic_USFS_Class3_benchmark_cycle
127.7,14.466000,8.000000,synthetic_USFS_Class3_benchmark_cycle
127.8,14.474000,8.000000,synthetic_USFS_Class3_benchmark_cycle
127.9,14.482000,8.000000,synthetic_USFS_Class3_benchmark_cycle
128.0,14.490000,8.000000,synthetic_USFS_Class3_benchmark_cycle
128.1,14.498000,8.000000,synthetic_USFS_Class3_benchmark_cycle
128.2,14.506000,8.000000,synthetic_USFS_Class3_benchmark_cycle
128.3,14.514000,8.000000,synthetic_USFS_Class3_benchmark_cycle
128.4,14.522000,8.000000,synthetic_USFS_Class3_benchmark_cycle
128.5,14.530000,8.000000,synthetic_USFS_Class3_benchmark_cycle
128.6,14.538000,8.000000,synthetic_USFS_Class3_benchmark_cycle
128.7,14.546000,8.000000,synthetic_USFS_Class3_benchmark_cycle
128.8,14.554000,8.000000,synthetic_USFS_Class3_benchmark_cycle
128.9,14.562000,8.000000,synthetic_USFS_Class3_benchmark_cycle
129.0,14.570000,8.000000,synthetic_USFS_Class3_benchmark_cycle
129.1,14.578000,8.000000,synthetic_USFS_Class3_benchmark_cycle
129.2,14.586000,8.000000,synthetic_USFS_Class3_benchmark_cycle
129.3,14.594000,8.000000,synthetic_USFS_Class3_benchmark_cycle
129.4,14.602000,8.000000,synthetic_USFS_Class3_benchmark_cycle
129.5,14.610000,8.000000,synthetic_USFS_Class3_benchmark_cycle
129.6,14.618000,8.000000,synthetic_USFS_Class3_benchmark_cycle
129.7,14.626000,8.000000,synthetic_USFS_Class3_benchmark_cycle
129.8,14.634000,8.000000,synthetic_USFS_Class3_benchmark_cycle
129.9,14.642000,8.000000,synthetic_USFS_Class3_benchmark_cycle
130.0,14.650000,8.000000,synthetic_USFS_Class3_benchmark_cycle
130.1,14.658000,8.000000,synthetic_USFS_Class3_benchmark_cycle
130.2,14.666000,8.000000,synthetic_USFS_Class3_benchmark_cycle
130.3,14.674000,8.000000,synthetic_USFS_Class3_benchmark_cycle
130.4,14.682000,8.000000,synthetic_USFS_Class3_benchmark_cycle
130.5,14.690000,8.000000,synthetic_USFS_Class3_benchmark_cycle
130.6,14.698000,8.000000,synthetic_USFS_Class3_benchmark_cycle
130.7,14.706000,8.000000,synthetic_USFS_Class3_benchmark_cycle
130.8,14.714000,8.000000,synthetic_USFS_Class3_benchmark_cycle
130.9,14.722000,8.000000,synthetic_USFS_Class3_benchmark_cycle
131.0,14.730000,8.000000,synthetic_USFS_Class3_benchmark_cycle
131.1,14.738000,8.000000,synthetic_USFS_Class3_benchmark_cycle
131.2,14.746000,8.000000,synthetic_USFS_Class3_benchmark_cycle
131.3,14.754000,8.000000,synthetic_USFS_Class3_benchmark_cycle
131.4,14.762000,8.000000,synthetic_USFS_Class3_benchmark_cycle
131.5,14.770000,8.000000,synthetic_USFS_Class3_benchmark_cycle
131.6,14.778000,8.000000,synthetic_USFS_Class3_benchmark_cycle
131.7,14.786000,8.000000,synthetic_USFS_Class3_benchmark_cycle
131.8,14.794000,8.000000,synthetic_USFS_Class3_benchmark_cycle
131.9,14.802000,8.000000,synthetic_USFS_Class3_benchmark_cycle
132.0,14.810000,8.000000,synthetic_USFS_Class3_benchmark_cycle
132.1,14.818000,8.000000,synthetic_USFS_Class3_benchmark_cycle
132.2,14.826000,8.000000,synthetic_USFS_Class3_benchmark_cycle
132.3,14.834000,8.000000,synthetic_USFS_Class3_benchmark_cycle
132.4,14.842000,8.000000,synthetic_USFS_Class3_benchmark_cycle
132.5,14.850000,8.000000,synthetic_USFS_Class3_benchmark_cycle
132.6,14.858000,8.000000,synthetic_USFS_Class3_benchmark_cycle
132.7,14.866000,8.000000,synthetic_USFS_Class3_benchmark_cycle
132.8,14.874000,8.000000,synthetic_USFS_Class3_benchmark_cycle
132.9,14.882000,8.000000,synthetic_USFS_Class3_benchmark_cycle
133.0,14.890000,8.000000,synthetic_USFS_Class3_benchmark_cycle
133.1,14.898000,8.000000,synthetic_USFS_Class3_benchmark_cycle
133.2,14.906000,8.000000,synthetic_USFS_Class3_benchmark_cycle
133.3,14.914000,8.000000,synthetic_USFS_Class3_benchmark_cycle
133.4,14.922000,8.000000,synthetic_USFS_Class3_benchmark_cycle
133.5,14.930000,8.000000,synthetic_USFS_Class3_benchmark_cycle
133.6,14.938000,8.000000,synthetic_USFS_Class3_benchmark_cycle
133.7,14.946000,8.000000,synthetic_USFS_Class3_benchmark_cycle
133.8,14.954000,8.000000,synthetic_USFS_Class3_benchmark_cycle
133.9,14.962000,8.000000,synthetic_USFS_Class3_benchmark_cycle
134.0,14.970000,8.000000,synthetic_USFS_Class3_benchmark_cycle
134.1,14.978000,8.000000,synthetic_USFS_Class3_benchmark_cycle
134.2,14.986000,8.000000,synthetic_USFS_Class3_benchmark_cycle
134.3,14.994000,8.000000,synthetic_USFS_Class3_benchmark_cycle
134.4,15.002000,8.000000,synthetic_USFS_Class3_benchmark_cycle
134.5,15.010000,8.000000,synthetic_USFS_Class3_benchmark_cycle
134.6,15.018000,8.000000,synthetic_USFS_Class3_benchmark_cycle
134.7,15.026000,8.000000,synthetic_USFS_Class3_benchmark_cycle
134.8,15.034000,8.000000,synthetic_USFS_Class3_benchmark_cycle
134.9,15.042000,8.000000,synthetic_USFS_Class3_benchmark_cycle
135.0,15.050000,8.000000,synthetic_USFS_Class3_benchmark_cycle
135.1,15.058000,8.000000,synthetic_USFS_Class3_benchmark_cycle
135.2,15.066000,8.000000,synthetic_USFS_Class3_benchmark_cycle
135.3,15.074000,8.000000,synthetic_USFS_Class3_benchmark_cycle
135.4,15.082000,8.000000,synthetic_USFS_Class3_benchmark_cycle
135.5,15.090000,8.000000,synthetic_USFS_Class3_benchmark_cycle
135.6,15.098000,8.000000,synthetic_USFS_Class3_benchmark_cycle
135.7,15.106000,8.000000,synthetic_USFS_Class3_benchmark_cycle
135.8,15.114000,8.000000,synthetic_USFS_Class3_benchmark_cycle
135.9,15.122000,8.000000,synthetic_USFS_Class3_benchmark_cycle
136.0,15.130000,8.000000,synthetic_USFS_Class3_benchmark_cycle
136.1,15.138000,8.000000,synthetic_USFS_Class3_benchmark_cycle
136.2,15.146000,8.000000,synthetic_USFS_Class3_benchmark_cycle
136.3,15.154000,8.000000,synthetic_USFS_Class3_benchmark_cycle
136.4,15.162000,8.000000,synthetic_USFS_Class3_benchmark_cycle
136.5,15.170000,8.000000,synthetic_USFS_Class3_benchmark_cycle
136.6,15.178000,8.000000,synthetic_USFS_Class3_benchmark_cycle
136.7,15.186000,8.000000,synthetic_USFS_Class3_benchmark_cycle
136.8,15.194000,8.000000,synthetic_USFS_Class3_benchmark_cycle
136.9,15.202000,8.000000,synthetic_USFS_Class3_benchmark_cycle
137.0,15.210000,8.000000,synthetic_USFS_Class3_benchmark_cycle
137.1,15.218000,8.000000,synthetic_USFS_Class3_benchmark_cycle
137.2,15.226000,8.000000,synthetic_USFS_Class3_benchmark_cycle
137.3,15.234000,8.000000,synthetic_USFS_Class3_benchmark_cycle
137.4,15.242000,8.000000,synthetic_USFS_Class3_benchmark_cycle
137.5,15.250000,8.000000,synthetic_USFS_Class3_benchmark_cycle
137.6,15.258000,8.000000,synthetic_USFS_Class3_benchmark_cycle
137.7,15.266000,8.000000,synthetic_USFS_Class3_benchmark_cycle
137.8,15.274000,8.000000,synthetic_USFS_Class3_benchmark_cycle
137.9,15.282000,8.000000,synthetic_USFS_Class3_benchmark_cycle
138.0,15.290000,8.000000,synthetic_USFS_Class3_benchmark_cycle
138.1,15.298000,8.000000,synthetic_USFS_Class3_benchmark_cycle
138.2,15.306000,8.000000,synthetic_USFS_Class3_benchmark_cycle
138.3,15.314000,8.000000,synthetic_USFS_Class3_benchmark_cycle
138.4,15.322000,8.000000,synthetic_USFS_Class3_benchmark_cycle
138.5,15.330000,8.000000,synthetic_USFS_Class3_benchmark_cycle
138.6,15.338000,8.000000,synthetic_USFS_Class3_benchmark_cycle
138.7,15.346000,8.000000,synthetic_USFS_Class3_benchmark_cycle
138.8,15.354000,8.000000,synthetic_USFS_Class3_benchmark_cycle
138.9,15.362000,8.000000,synthetic_USFS_Class3_benchmark_cycle
139.0,15.370000,8.000000,synthetic_USFS_Class3_benchmark_cycle
139.1,15.378000,8.000000,synthetic_USFS_Class3_benchmark_cycle
139.2,15.386000,8.000000,synthetic_USFS_Class3_benchmark_cycle
139.3,15.394000,8.000000,synthetic_USFS_Class3_benchmark_cycle
139.4,15.402000,8.000000,synthetic_USFS_Class3_benchmark_cycle
139.5,15.410000,8.000000,synthetic_USFS_Class3_benchmark_cycle
139.6,15.418000,8.000000,synthetic_USFS_Class3_benchmark_cycle
139.7,15.426000,8.000000,synthetic_USFS_Class3_benchmark_cycle
139.8,15.434000,8.000000,synthetic_USFS_Class3_benchmark_cycle
139.9,15.442000,8.000000,synthetic_USFS_Class3_benchmark_cycle
140.0,15.450000,8.000000,synthetic_USFS_Class3_benchmark_cycle
140.1,15.458008,8.016773,synthetic_USFS_Class3_benchmark_cycle
140.2,15.466050,8.067025,synthetic_USFS_Class3_benchmark_cycle
140.3,15.474159,8.150558,synthetic_USFS_Class3_benchmark_cycle
140.4,15.482368,8.267043,synthetic_USFS_Class3_benchmark_cycle
140.5,15.490709,8.416020,synthetic_USFS_Class3_benchmark_cycle
140.6,15.499216,8.596900,synthetic_USFS_Class3_benchmark_cycle
140.7,15.507919,8.808970,synthetic_USFS_Class3_benchmark_cycle
140.8,15.516849,9.051393,synthetic_USFS_Class3_benchmark_cycle
140.9,15.526036,9.323213,synthetic_USFS_Class3_benchmark_cycle
141.0,15.535510,9.623356,synthetic_USFS_Class3_benchmark_cycle
141.1,15.545297,9.950637,synthetic_USFS_Class3_benchmark_cycle
141.2,15.555424,10.303767,synthetic_USFS_Class3_benchmark_cycle
141.3,15.565916,10.681350,synthetic_USFS_Class3_benchmark_cycle
141.4,15.576798,11.081896,synthetic_USFS_Class3_benchmark_cycle
141.5,15.588091,11.503825,synthetic_USFS_Class3_benchmark_cycle
141.6,15.599815,11.945472,synthetic_USFS_Class3_benchmark_cycle
141.7,15.611991,12.405094,synthetic_USFS_Class3_benchmark_cycle
141.8,15.624634,12.880876,synthetic_USFS_Class3_benchmark_cycle
141.9,15.637760,13.370941,synthetic_USFS_Class3_benchmark_cycle
142.0,15.651382,13.873356,synthetic_USFS_Class3_benchmark_cycle
142.1,15.665512,14.386136,synthetic_USFS_Class3_benchmark_cycle
142.2,15.680158,14.907259,synthetic_USFS_Class3_benchmark_cycle
142.3,15.695329,15.434668,synthetic_USFS_Class3_benchmark_cycle
142.4,15.711030,15.966281,synthetic_USFS_Class3_benchmark_cycle
142.5,15.727263,16.500000,synthetic_USFS_Class3_benchmark_cycle
142.6,15.744030,17.033719,synthetic_USFS_Class3_benchmark_cycle
142.7,15.761329,17.565332,synthetic_USFS_Class3_benchmark_cycle
142.8,15.779158,18.092741,synthetic_USFS_Class3_benchmark_cycle
142.9,15.797512,18.613864,synthetic_USFS_Class3_benchmark_cycle
143.0,15.816382,19.126644,synthetic_USFS_Class3_benchmark_cycle
143.1,15.835760,19.629059,synthetic_USFS_Class3_benchmark_cycle
143.2,15.855634,20.119124,synthetic_USFS_Class3_benchmark_cycle
143.3,15.875991,20.594906,synthetic_USFS_Class3_benchmark_cycle
143.4,15.896815,21.054528,synthetic_USFS_Class3_benchmark_cycle
143.5,15.918091,21.496175,synthetic_USFS_Class3_benchmark_cycle
143.6,15.939798,21.918104,synthetic_USFS_Class3_benchmark_cycle
143.7,15.961916,22.318650,synthetic_USFS_Class3_benchmark_cycle
143.8,15.984424,22.696233,synthetic_USFS_Class3_benchmark_cycle
143.9,16.007297,23.049363,synthetic_USFS_Class3_benchmark_cycle
144.0,16.030510,23.376644,synthetic_USFS_Class3_benchmark_cycle
144.1,16.054036,23.676787,synthetic_USFS_Class3_benchmark_cycle
144.2,16.077849,23.948607,synthetic_USFS_Class3_benchmark_cycle
144.3,16.101919,24.191030,synthetic_USFS_Class3_benchmark_cycle
144.4,16.126216,24.403100,synthetic_USFS_Class3_benchmark_cycle
144.5,16.150709,24.583980,synthetic_USFS_Class3_benchmark_cycle
144.6,16.175368,24.732957,synthetic_USFS_Class3_benchmark_cycle
144.7,16.200159,24.849442,synthetic_USFS_Class3_benchmark_cycle
144.8,16.225050,24.932975,synthetic_USFS_Class3_benchmark_cycle
144.9,16.250008,24.983227,synthetic_USFS_Class3_benchmark_cycle
145.0,16.275000,25.000000,synthetic_USFS_Class3_benchmark_cycle
145.1,16.300000,25.000000,synthetic_USFS_Class3_benchmark_cycle
145.2,16.325000,25.000000,synthetic_USFS_Class3_benchmark_cycle
145.3,16.350000,25.000000,synthetic_USFS_Class3_benchmark_cycle
145.4,16.375000,25.000000,synthetic_USFS_Class3_benchmark_cycle
145.5,16.400000,25.000000,synthetic_USFS_Class3_benchmark_cycle
145.6,16.425000,25.000000,synthetic_USFS_Class3_benchmark_cycle
145.7,16.450000,25.000000,synthetic_USFS_Class3_benchmark_cycle
145.8,16.475000,25.000000,synthetic_USFS_Class3_benchmark_cycle
145.9,16.500000,25.000000,synthetic_USFS_Class3_benchmark_cycle
146.0,16.525000,25.000000,synthetic_USFS_Class3_benchmark_cycle
146.1,16.550000,25.000000,synthetic_USFS_Class3_benchmark_cycle
146.2,16.575000,25.000000,synthetic_USFS_Class3_benchmark_cycle
146.3,16.600000,25.000000,synthetic_USFS_Class3_benchmark_cycle
146.4,16.625000,25.000000,synthetic_USFS_Class3_benchmark_cycle
146.5,16.650000,25.000000,synthetic_USFS_Class3_benchmark_cycle
146.6,16.675000,25.000000,synthetic_USFS_Class3_benchmark_cycle
146.7,16.700000,25.000000,synthetic_USFS_Class3_benchmark_cycle
146.8,16.725000,25.000000,synthetic_USFS_Class3_benchmark_cycle
146.9,16.750000,25.000000,synthetic_USFS_Class3_benchmark_cycle
147.0,16.775000,25.000000,synthetic_USFS_Class3_benchmark_cycle
147.1,16.800000,25.000000,synthetic_USFS_Class3_benchmark_cycle
147.2,16.825000,25.000000,synthetic_USFS_Class3_benchmark_cycle
147.3,16.850000,25.000000,synthetic_USFS_Class3_benchmark_cycle
147.4,16.875000,25.000000,synthetic_USFS_Class3_benchmark_cycle
147.5,16.900000,25.000000,synthetic_USFS_Class3_benchmark_cycle
147.6,16.925000,25.000000,synthetic_USFS_Class3_benchmark_cycle
147.7,16.950000,25.000000,synthetic_USFS_Class3_benchmark_cycle
147.8,16.975000,25.000000,synthetic_USFS_Class3_benchmark_cycle
147.9,17.000000,25.000000,synthetic_USFS_Class3_benchmark_cycle
148.0,17.025000,25.000000,synthetic_USFS_Class3_benchmark_cycle
148.1,17.050000,25.000000,synthetic_USFS_Class3_benchmark_cycle
148.2,17.075000,25.000000,synthetic_USFS_Class3_benchmark_cycle
148.3,17.100000,25.000000,synthetic_USFS_Class3_benchmark_cycle
148.4,17.125000,25.000000,synthetic_USFS_Class3_benchmark_cycle
148.5,17.150000,25.000000,synthetic_USFS_Class3_benchmark_cycle
148.6,17.175000,25.000000,synthetic_USFS_Class3_benchmark_cycle
148.7,17.200000,25.000000,synthetic_USFS_Class3_benchmark_cycle
148.8,17.225000,25.000000,synthetic_USFS_Class3_benchmark_cycle
148.9,17.250000,25.000000,synthetic_USFS_Class3_benchmark_cycle
149.0,17.275000,25.000000,synthetic_USFS_Class3_benchmark_cycle
149.1,17.300000,25.000000,synthetic_USFS_Class3_benchmark_cycle
149.2,17.325000,25.000000,synthetic_USFS_Class3_benchmark_cycle
149.3,17.350000,25.000000,synthetic_USFS_Class3_benchmark_cycle
149.4,17.375000,25.000000,synthetic_USFS_Class3_benchmark_cycle
149.5,17.400000,25.000000,synthetic_USFS_Class3_benchmark_cycle
149.6,17.425000,25.000000,synthetic_USFS_Class3_benchmark_cycle
149.7,17.450000,25.000000,synthetic_USFS_Class3_benchmark_cycle
149.8,17.475000,25.000000,synthetic_USFS_Class3_benchmark_cycle
149.9,17.500000,25.000000,synthetic_USFS_Class3_benchmark_cycle
150.0,17.525000,25.000000,synthetic_USFS_Class3_benchmark_cycle
150.1,17.550000,25.000000,synthetic_USFS_Class3_benchmark_cycle
150.2,17.575000,25.000000,synthetic_USFS_Class3_benchmark_cycle
150.3,17.600000,25.000000,synthetic_USFS_Class3_benchmark_cycle
150.4,17.625000,25.000000,synthetic_USFS_Class3_benchmark_cycle
150.5,17.650000,25.000000,synthetic_USFS_Class3_benchmark_cycle
150.6,17.675000,25.000000,synthetic_USFS_Class3_benchmark_cycle
150.7,17.700000,25.000000,synthetic_USFS_Class3_benchmark_cycle
150.8,17.725000,25.000000,synthetic_USFS_Class3_benchmark_cycle
150.9,17.750000,25.000000,synthetic_USFS_Class3_benchmark_cycle
151.0,17.775000,25.000000,synthetic_USFS_Class3_benchmark_cycle
151.1,17.800000,25.000000,synthetic_USFS_Class3_benchmark_cycle
151.2,17.825000,25.000000,synthetic_USFS_Class3_benchmark_cycle
151.3,17.850000,25.000000,synthetic_USFS_Class3_benchmark_cycle
151.4,17.875000,25.000000,synthetic_USFS_Class3_benchmark_cycle
151.5,17.900000,25.000000,synthetic_USFS_Class3_benchmark_cycle
151.6,17.925000,25.000000,synthetic_USFS_Class3_benchmark_cycle
151.7,17.950000,25.000000,synthetic_USFS_Class3_benchmark_cycle
151.8,17.975000,25.000000,synthetic_USFS_Class3_benchmark_cycle
151.9,18.000000,25.000000,synthetic_USFS_Class3_benchmark_cycle
152.0,18.025000,25.000000,synthetic_USFS_Class3_benchmark_cycle
152.1,18.050000,25.000000,synthetic_USFS_Class3_benchmark_cycle
152.2,18.075000,25.000000,synthetic_USFS_Class3_benchmark_cycle
152.3,18.100000,25.000000,synthetic_USFS_Class3_benchmark_cycle
152.4,18.125000,25.000000,synthetic_USFS_Class3_benchmark_cycle
152.5,18.150000,25.000000,synthetic_USFS_Class3_benchmark_cycle
152.6,18.175000,25.000000,synthetic_USFS_Class3_benchmark_cycle
152.7,18.200000,25.000000,synthetic_USFS_Class3_benchmark_cycle
152.8,18.225000,25.000000,synthetic_USFS_Class3_benchmark_cycle
152.9,18.250000,25.000000,synthetic_USFS_Class3_benchmark_cycle
153.0,18.275000,25.000000,synthetic_USFS_Class3_benchmark_cycle
153.1,18.300000,25.000000,synthetic_USFS_Class3_benchmark_cycle
153.2,18.325000,25.000000,synthetic_USFS_Class3_benchmark_cycle
153.3,18.350000,25.000000,synthetic_USFS_Class3_benchmark_cycle
153.4,18.375000,25.000000,synthetic_USFS_Class3_benchmark_cycle
153.5,18.400000,25.000000,synthetic_USFS_Class3_benchmark_cycle
153.6,18.425000,25.000000,synthetic_USFS_Class3_benchmark_cycle
153.7,18.450000,25.000000,synthetic_USFS_Class3_benchmark_cycle
153.8,18.475000,25.000000,synthetic_USFS_Class3_benchmark_cycle
153.9,18.500000,25.000000,synthetic_USFS_Class3_benchmark_cycle
154.0,18.525000,25.000000,synthetic_USFS_Class3_benchmark_cycle
154.1,18.550000,25.000000,synthetic_USFS_Class3_benchmark_cycle
154.2,18.575000,25.000000,synthetic_USFS_Class3_benchmark_cycle
154.3,18.600000,25.000000,synthetic_USFS_Class3_benchmark_cycle
154.4,18.625000,25.000000,synthetic_USFS_Class3_benchmark_cycle
154.5,18.650000,25.000000,synthetic_USFS_Class3_benchmark_cycle
154.6,18.675000,25.000000,synthetic_USFS_Class3_benchmark_cycle
154.7,18.700000,25.000000,synthetic_USFS_Class3_benchmark_cycle
154.8,18.725000,25.000000,synthetic_USFS_Class3_benchmark_cycle
154.9,18.750000,25.000000,synthetic_USFS_Class3_benchmark_cycle
155.0,18.775000,25.000000,synthetic_USFS_Class3_benchmark_cycle
155.1,18.800000,25.000000,synthetic_USFS_Class3_benchmark_cycle
155.2,18.825000,25.000000,synthetic_USFS_Class3_benchmark_cycle
155.3,18.850000,25.000000,synthetic_USFS_Class3_benchmark_cycle
155.4,18.875000,25.000000,synthetic_USFS_Class3_benchmark_cycle
155.5,18.900000,25.000000,synthetic_USFS_Class3_benchmark_cycle
155.6,18.925000,25.000000,synthetic_USFS_Class3_benchmark_cycle
155.7,18.950000,25.000000,synthetic_USFS_Class3_benchmark_cycle
155.8,18.975000,25.000000,synthetic_USFS_Class3_benchmark_cycle
155.9,19.000000,25.000000,synthetic_USFS_Class3_benchmark_cycle
156.0,19.025000,25.000000,synthetic_USFS_Class3_benchmark_cycle
156.1,19.050000,25.000000,synthetic_USFS_Class3_benchmark_cycle
156.2,19.075000,25.000000,synthetic_USFS_Class3_benchmark_cycle
156.3,19.100000,25.000000,synthetic_USFS_Class3_benchmark_cycle
156.4,19.125000,25.000000,synthetic_USFS_Class3_benchmark_cycle
156.5,19.150000,25.000000,synthetic_USFS_Class3_benchmark_cycle
156.6,19.175000,25.000000,synthetic_USFS_Class3_benchmark_cycle
156.7,19.200000,25.000000,synthetic_USFS_Class3_benchmark_cycle
156.8,19.225000,25.000000,synthetic_USFS_Class3_benchmark_cycle
156.9,19.250000,25.000000,synthetic_USFS_Class3_benchmark_cycle
157.0,19.275000,25.000000,synthetic_USFS_Class3_benchmark_cycle
157.1,19.300000,25.000000,synthetic_USFS_Class3_benchmark_cycle
157.2,19.325000,25.000000,synthetic_USFS_Class3_benchmark_cycle
157.3,19.350000,25.000000,synthetic_USFS_Class3_benchmark_cycle
157.4,19.375000,25.000000,synthetic_USFS_Class3_benchmark_cycle
157.5,19.400000,25.000000,synthetic_USFS_Class3_benchmark_cycle
157.6,19.425000,25.000000,synthetic_USFS_Class3_benchmark_cycle
157.7,19.450000,25.000000,synthetic_USFS_Class3_benchmark_cycle
157.8,19.475000,25.000000,synthetic_USFS_Class3_benchmark_cycle
157.9,19.500000,25.000000,synthetic_USFS_Class3_benchmark_cycle
158.0,19.525000,25.000000,synthetic_USFS_Class3_benchmark_cycle
158.1,19.550000,25.000000,synthetic_USFS_Class3_benchmark_cycle
158.2,19.575000,25.000000,synthetic_USFS_Class3_benchmark_cycle
158.3,19.600000,25.000000,synthetic_USFS_Class3_benchmark_cycle
158.4,19.625000,25.000000,synthetic_USFS_Class3_benchmark_cycle
158.5,19.650000,25.000000,synthetic_USFS_Class3_benchmark_cycle
158.6,19.675000,25.000000,synthetic_USFS_Class3_benchmark_cycle
158.7,19.700000,25.000000,synthetic_USFS_Class3_benchmark_cycle
158.8,19.725000,25.000000,synthetic_USFS_Class3_benchmark_cycle
158.9,19.750000,25.000000,synthetic_USFS_Class3_benchmark_cycle
159.0,19.775000,25.000000,synthetic_USFS_Class3_benchmark_cycle
159.1,19.800000,25.000000,synthetic_USFS_Class3_benchmark_cycle
159.2,19.825000,25.000000,synthetic_USFS_Class3_benchmark_cycle
159.3,19.850000,25.000000,synthetic_USFS_Class3_benchmark_cycle
159.4,19.875000,25.000000,synthetic_USFS_Class3_benchmark_cycle
159.5,19.900000,25.000000,synthetic_USFS_Class3_benchmark_cycle
159.6,19.925000,25.000000,synthetic_USFS_Class3_benchmark_cycle
159.7,19.950000,25.000000,synthetic_USFS_Class3_benchmark_cycle
159.8,19.975000,25.000000,synthetic_USFS_Class3_benchmark_cycle
159.9,20.000000,25.000000,synthetic_USFS_Class3_benchmark_cycle
160.0,20.025000,25.000000,synthetic_USFS_Class3_benchmark_cycle
160.1,20.050000,25.000000,synthetic_USFS_Class3_benchmark_cycle
160.2,20.075000,25.000000,synthetic_USFS_Class3_benchmark_cycle
160.3,20.100000,25.000000,synthetic_USFS_Class3_benchmark_cycle
160.4,20.125000,25.000000,synthetic_USFS_Class3_benchmark_cycle
160.5,20.150000,25.000000,synthetic_USFS_Class3_benchmark_cycle
160.6,20.175000,25.000000,synthetic_USFS_Class3_benchmark_cycle
160.7,20.200000,25.000000,synthetic_USFS_Class3_benchmark_cycle
160.8,20.225000,25.000000,synthetic_USFS_Class3_benchmark_cycle
160.9,20.250000,25.000000,synthetic_USFS_Class3_benchmark_cycle
161.0,20.275000,25.000000,synthetic_USFS_Class3_benchmark_cycle
161.1,20.300000,25.000000,synthetic_USFS_Class3_benchmark_cycle
161.2,20.325000,25.000000,synthetic_USFS_Class3_benchmark_cycle
161.3,20.350000,25.000000,synthetic_USFS_Class3_benchmark_cycle
161.4,20.375000,25.000000,synthetic_USFS_Class3_benchmark_cycle
161.5,20.400000,25.000000,synthetic_USFS_Class3_benchmark_cycle
161.6,20.425000,25.000000,synthetic_USFS_Class3_benchmark_cycle
161.7,20.450000,25.000000,synthetic_USFS_Class3_benchmark_cycle
161.8,20.475000,25.000000,synthetic_USFS_Class3_benchmark_cycle
161.9,20.500000,25.000000,synthetic_USFS_Class3_benchmark_cycle
162.0,20.525000,25.000000,synthetic_USFS_Class3_benchmark_cycle
162.1,20.550000,25.000000,synthetic_USFS_Class3_benchmark_cycle
162.2,20.575000,25.000000,synthetic_USFS_Class3_benchmark_cycle
162.3,20.600000,25.000000,synthetic_USFS_Class3_benchmark_cycle
162.4,20.625000,25.000000,synthetic_USFS_Class3_benchmark_cycle
162.5,20.650000,25.000000,synthetic_USFS_Class3_benchmark_cycle
162.6,20.675000,25.000000,synthetic_USFS_Class3_benchmark_cycle
162.7,20.700000,25.000000,synthetic_USFS_Class3_benchmark_cycle
162.8,20.725000,25.000000,synthetic_USFS_Class3_benchmark_cycle
162.9,20.750000,25.000000,synthetic_USFS_Class3_benchmark_cycle
163.0,20.775000,25.000000,synthetic_USFS_Class3_benchmark_cycle
163.1,20.800000,25.000000,synthetic_USFS_Class3_benchmark_cycle
163.2,20.825000,25.000000,synthetic_USFS_Class3_benchmark_cycle
163.3,20.850000,25.000000,synthetic_USFS_Class3_benchmark_cycle
163.4,20.875000,25.000000,synthetic_USFS_Class3_benchmark_cycle
163.5,20.900000,25.000000,synthetic_USFS_Class3_benchmark_cycle
163.6,20.925000,25.000000,synthetic_USFS_Class3_benchmark_cycle
163.7,20.950000,25.000000,synthetic_USFS_Class3_benchmark_cycle
163.8,20.975000,25.000000,synthetic_USFS_Class3_benchmark_cycle
163.9,21.000000,25.000000,synthetic_USFS_Class3_benchmark_cycle
164.0,21.025000,25.000000,synthetic_USFS_Class3_benchmark_cycle
164.1,21.050000,25.000000,synthetic_USFS_Class3_benchmark_cycle
164.2,21.075000,25.000000,synthetic_USFS_Class3_benchmark_cycle
164.3,21.100000,25.000000,synthetic_USFS_Class3_benchmark_cycle
164.4,21.125000,25.000000,synthetic_USFS_Class3_benchmark_cycle
164.5,21.150000,25.000000,synthetic_USFS_Class3_benchmark_cycle
164.6,21.175000,25.000000,synthetic_USFS_Class3_benchmark_cycle
164.7,21.200000,25.000000,synthetic_USFS_Class3_benchmark_cycle
164.8,21.225000,25.000000,synthetic_USFS_Class3_benchmark_cycle
164.9,21.250000,25.000000,synthetic_USFS_Class3_benchmark_cycle
165.0,21.275000,25.000000,synthetic_USFS_Class3_benchmark_cycle
165.1,21.299992,24.983227,synthetic_USFS_Class3_benchmark_cycle
165.2,21.324950,24.932975,synthetic_USFS_Class3_benchmark_cycle
165.3,21.349841,24.849442,synthetic_USFS_Class3_benchmark_cycle
165.4,21.374632,24.732957,synthetic_USFS_Class3_benchmark_cycle
165.5,21.399291,24.583980,synthetic_USFS_Class3_benchmark_cycle
165.6,21.423784,24.403100,synthetic_USFS_Class3_benchmark_cycle
165.7,21.448081,24.191030,synthetic_USFS_Class3_benchmark_cycle
165.8,21.472151,23.948607,synthetic_USFS_Class3_benchmark_cycle
165.9,21.495964,23.676787,synthetic_USFS_Class3_benchmark_cycle
166.0,21.519490,23.376644,synthetic_USFS_Class3_benchmark_cycle
166.1,21.542703,23.049363,synthetic_USFS_Class3_benchmark_cycle
166.2,21.565576,22.696233,synthetic_USFS_Class3_benchmark_cycle
166.3,21.588084,22.318650,synthetic_USFS_Class3_benchmark_cycle
166.4,21.610202,21.918104,synthetic_USFS_Class3_benchmark_cycle
166.5,21.631909,21.496175,synthetic_USFS_Class3_benchmark_cycle
166.6,21.653185,21.054528,synthetic_USFS_Class3_benchmark_cycle
166.7,21.674009,20.594906,synthetic_USFS_Class3_benchmark_cycle
166.8,21.694366,20.119124,synthetic_USFS_Class3_benchmark_cycle
166.9,21.714240,19.629059,synthetic_USFS_Class3_benchmark_cycle
167.0,21.733618,19.126644,synthetic_USFS_Class3_benchmark_cycle
167.1,21.752488,18.613864,synthetic_USFS_Class3_benchmark_cycle
167.2,21.770842,18.092741,synthetic_USFS_Class3_benchmark_cycle
167.3,21.788671,17.565332,synthetic_USFS_Class3_benchmark_cycle
167.4,21.805970,17.033719,synthetic_USFS_Class3_benchmark_cycle
167.5,21.822737,16.500000,synthetic_USFS_Class3_benchmark_cycle
167.6,21.838970,15.966281,synthetic_USFS_Class3_benchmark_cycle
167.7,21.854671,15.434668,synthetic_USFS_Class3_benchmark_cycle
167.8,21.869842,14.907259,synthetic_USFS_Class3_benchmark_cycle
167.9,21.884488,14.386136,synthetic_USFS_Class3_benchmark_cycle
168.0,21.898618,13.873356,synthetic_USFS_Class3_benchmark_cycle
168.1,21.912240,13.370941,synthetic_USFS_Class3_benchmark_cycle
168.2,21.925366,12.880876,synthetic_USFS_Class3_benchmark_cycle
168.3,21.938009,12.405094,synthetic_USFS_Class3_benchmark_cycle
168.4,21.950185,11.945472,synthetic_USFS_Class3_benchmark_cycle
168.5,21.961909,11.503825,synthetic_USFS_Class3_benchmark_cycle
168.6,21.973202,11.081896,synthetic_USFS_Class3_benchmark_cycle
168.7,21.984084,10.681350,synthetic_USFS_Class3_benchmark_cycle
168.8,21.994576,10.303767,synthetic_USFS_Class3_benchmark_cycle
168.9,22.004703,9.950637,synthetic_USFS_Class3_benchmark_cycle
169.0,22.014490,9.623356,synthetic_USFS_Class3_benchmark_cycle
169.1,22.023964,9.323213,synthetic_USFS_Class3_benchmark_cycle
169.2,22.033151,9.051393,synthetic_USFS_Class3_benchmark_cycle
169.3,22.042081,8.808970,synthetic_USFS_Class3_benchmark_cycle
169.4,22.050784,8.596900,synthetic_USFS_Class3_benchmark_cycle
169.5,22.059291,8.416020,synthetic_USFS_Class3_benchmark_cycle
169.6,22.067632,8.267043,synthetic_USFS_Class3_benchmark_cycle
169.7,22.075841,8.150558,synthetic_USFS_Class3_benchmark_cycle
169.8,22.083950,8.067025,synthetic_USFS_Class3_benchmark_cycle
169.9,22.091992,8.016773,synthetic_USFS_Class3_benchmark_cycle
170.0,22.100000,8.000000,synthetic_USFS_Class3_benchmark_cycle
170.1,22.108000,8.000000,synthetic_USFS_Class3_benchmark_cycle
170.2,22.116000,8.000000,synthetic_USFS_Class3_benchmark_cycle
170.3,22.124000,8.000000,synthetic_USFS_Class3_benchmark_cycle
170.4,22.132000,8.000000,synthetic_USFS_Class3_benchmark_cycle
170.5,22.140000,8.000000,synthetic_USFS_Class3_benchmark_cycle
170.6,22.148000,8.000000,synthetic_USFS_Class3_benchmark_cycle
170.7,22.156000,8.000000,synthetic_USFS_Class3_benchmark_cycle
170.8,22.164000,8.000000,synthetic_USFS_Class3_benchmark_cycle
170.9,22.172000,8.000000,synthetic_USFS_Class3_benchmark_cycle
171.0,22.180000,8.000000,synthetic_USFS_Class3_benchmark_cycle
171.1,22.188000,8.000000,synthetic_USFS_Class3_benchmark_cycle
171.2,22.196000,8.000000,synthetic_USFS_Class3_benchmark_cycle
171.3,22.204000,8.000000,synthetic_USFS_Class3_benchmark_cycle
171.4,22.212000,8.000000,synthetic_USFS_Class3_benchmark_cycle
171.5,22.220000,8.000000,synthetic_USFS_Class3_benchmark_cycle
171.6,22.228000,8.000000,synthetic_USFS_Class3_benchmark_cycle
171.7,22.236000,8.000000,synthetic_USFS_Class3_benchmark_cycle
171.8,22.244000,8.000000,synthetic_USFS_Class3_benchmark_cycle
171.9,22.252000,8.000000,synthetic_USFS_Class3_benchmark_cycle
172.0,22.260000,8.000000,synthetic_USFS_Class3_benchmark_cycle
172.1,22.268000,8.000000,synthetic_USFS_Class3_benchmark_cycle
172.2,22.276000,8.000000,synthetic_USFS_Class3_benchmark_cycle
172.3,22.284000,8.000000,synthetic_USFS_Class3_benchmark_cycle
172.4,22.292000,8.000000,synthetic_USFS_Class3_benchmark_cycle
172.5,22.300000,8.000000,synthetic_USFS_Class3_benchmark_cycle
172.6,22.308000,8.000000,synthetic_USFS_Class3_benchmark_cycle
172.7,22.316000,8.000000,synthetic_USFS_Class3_benchmark_cycle
172.8,22.324000,8.000000,synthetic_USFS_Class3_benchmark_cycle
172.9,22.332000,8.000000,synthetic_USFS_Class3_benchmark_cycle
173.0,22.340000,8.000000,synthetic_USFS_Class3_benchmark_cycle
173.1,22.348000,8.000000,synthetic_USFS_Class3_benchmark_cycle
173.2,22.356000,8.000000,synthetic_USFS_Class3_benchmark_cycle
173.3,22.364000,8.000000,synthetic_USFS_Class3_benchmark_cycle
173.4,22.372000,8.000000,synthetic_USFS_Class3_benchmark_cycle
173.5,22.380000,8.000000,synthetic_USFS_Class3_benchmark_cycle
173.6,22.388000,8.000000,synthetic_USFS_Class3_benchmark_cycle
173.7,22.396000,8.000000,synthetic_USFS_Class3_benchmark_cycle
173.8,22.404000,8.000000,synthetic_USFS_Class3_benchmark_cycle
173.9,22.412000,8.000000,synthetic_USFS_Class3_benchmark_cycle
174.0,22.420000,8.000000,synthetic_USFS_Class3_benchmark_cycle
174.1,22.428000,8.000000,synthetic_USFS_Class3_benchmark_cycle
174.2,22.436000,8.000000,synthetic_USFS_Class3_benchmark_cycle
174.3,22.444000,8.000000,synthetic_USFS_Class3_benchmark_cycle
174.4,22.452000,8.000000,synthetic_USFS_Class3_benchmark_cycle
174.5,22.460000,8.000000,synthetic_USFS_Class3_benchmark_cycle
174.6,22.468000,8.000000,synthetic_USFS_Class3_benchmark_cycle
174.7,22.476000,8.000000,synthetic_USFS_Class3_benchmark_cycle
174.8,22.484000,8.000000,synthetic_USFS_Class3_benchmark_cycle
174.9,22.492000,8.000000,synthetic_USFS_Class3_benchmark_cycle
175.0,22.500000,8.000000,synthetic_USFS_Class3_benchmark_cycle
175.1,22.508000,8.000000,synthetic_USFS_Class3_benchmark_cycle
175.2,22.516000,8.000000,synthetic_USFS_Class3_benchmark_cycle
175.3,22.524000,8.000000,synthetic_USFS_Class3_benchmark_cycle
175.4,22.532000,8.000000,synthetic_USFS_Class3_benchmark_cycle
175.5,22.540000,8.000000,synthetic_USFS_Class3_benchmark_cycle
175.6,22.548000,8.000000,synthetic_USFS_Class3_benchmark_cycle
175.7,22.556000,8.000000,synthetic_USFS_Class3_benchmark_cycle
175.8,22.564000,8.000000,synthetic_USFS_Class3_benchmark_cycle
175.9,22.572000,8.000000,synthetic_USFS_Class3_benchmark_cycle
176.0,22.580000,8.000000,synthetic_USFS_Class3_benchmark_cycle
176.1,22.588000,8.000000,synthetic_USFS_Class3_benchmark_cycle
176.2,22.596000,8.000000,synthetic_USFS_Class3_benchmark_cycle
176.3,22.604000,8.000000,synthetic_USFS_Class3_benchmark_cycle
176.4,22.612000,8.000000,synthetic_USFS_Class3_benchmark_cycle
176.5,22.620000,8.000000,synthetic_USFS_Class3_benchmark_cycle
176.6,22.628000,8.000000,synthetic_USFS_Class3_benchmark_cycle
176.7,22.636000,8.000000,synthetic_USFS_Class3_benchmark_cycle
176.8,22.644000,8.000000,synthetic_USFS_Class3_benchmark_cycle
176.9,22.652000,8.000000,synthetic_USFS_Class3_benchmark_cycle
177.0,22.660000,8.000000,synthetic_USFS_Class3_benchmark_cycle
177.1,22.668000,8.000000,synthetic_USFS_Class3_benchmark_cycle
177.2,22.676000,8.000000,synthetic_USFS_Class3_benchmark_cycle
177.3,22.684000,8.000000,synthetic_USFS_Class3_benchmark_cycle
177.4,22.692000,8.000000,synthetic_USFS_Class3_benchmark_cycle
177.5,22.700000,8.000000,synthetic_USFS_Class3_benchmark_cycle
177.6,22.708000,8.000000,synthetic_USFS_Class3_benchmark_cycle
177.7,22.716000,8.000000,synthetic_USFS_Class3_benchmark_cycle
177.8,22.724000,8.000000,synthetic_USFS_Class3_benchmark_cycle
177.9,22.732000,8.000000,synthetic_USFS_Class3_benchmark_cycle
178.0,22.740000,8.000000,synthetic_USFS_Class3_benchmark_cycle
178.1,22.748000,8.000000,synthetic_USFS_Class3_benchmark_cycle
178.2,22.756000,8.000000,synthetic_USFS_Class3_benchmark_cycle
178.3,22.764000,8.000000,synthetic_USFS_Class3_benchmark_cycle
178.4,22.772000,8.000000,synthetic_USFS_Class3_benchmark_cycle
178.5,22.780000,8.000000,synthetic_USFS_Class3_benchmark_cycle
178.6,22.788000,8.000000,synthetic_USFS_Class3_benchmark_cycle
178.7,22.796000,8.000000,synthetic_USFS_Class3_benchmark_cycle
178.8,22.804000,8.000000,synthetic_USFS_Class3_benchmark_cycle
178.9,22.812000,8.000000,synthetic_USFS_Class3_benchmark_cycle
179.0,22.820000,8.000000,synthetic_USFS_Class3_benchmark_cycle
179.1,22.828000,8.000000,synthetic_USFS_Class3_benchmark_cycle
179.2,22.836000,8.000000,synthetic_USFS_Class3_benchmark_cycle
179.3,22.844000,8.000000,synthetic_USFS_Class3_benchmark_cycle
179.4,22.852000,8.000000,synthetic_USFS_Class3_benchmark_cycle
179.5,22.860000,8.000000,synthetic_USFS_Class3_benchmark_cycle
179.6,22.868000,8.000000,synthetic_USFS_Class3_benchmark_cycle
179.7,22.876000,8.000000,synthetic_USFS_Class3_benchmark_cycle
179.8,22.884000,8.000000,synthetic_USFS_Class3_benchmark_cycle
179.9,22.892000,8.000000,synthetic_USFS_Class3_benchmark_cycle
180.0,22.900000,8.000000,synthetic_USFS_Class3_benchmark_cycle
180.1,22.908000,8.000000,synthetic_USFS_Class3_benchmark_cycle
180.2,22.916000,8.000000,synthetic_USFS_Class3_benchmark_cycle
180.3,22.924000,8.000000,synthetic_USFS_Class3_benchmark_cycle
180.4,22.932000,8.000000,synthetic_USFS_Class3_benchmark_cycle
180.5,22.940000,8.000000,synthetic_USFS_Class3_benchmark_cycle
180.6,22.948000,8.000000,synthetic_USFS_Class3_benchmark_cycle
180.7,22.956000,8.000000,synthetic_USFS_Class3_benchmark_cycle
180.8,22.964000,8.000000,synthetic_USFS_Class3_benchmark_cycle
180.9,22.972000,8.000000,synthetic_USFS_Class3_benchmark_cycle
181.0,22.980000,8.000000,synthetic_USFS_Class3_benchmark_cycle
181.1,22.988000,8.000000,synthetic_USFS_Class3_benchmark_cycle
181.2,22.996000,8.000000,synthetic_USFS_Class3_benchmark_cycle
181.3,23.004000,8.000000,synthetic_USFS_Class3_benchmark_cycle
181.4,23.012000,8.000000,synthetic_USFS_Class3_benchmark_cycle
181.5,23.020000,8.000000,synthetic_USFS_Class3_benchmark_cycle
181.6,23.028000,8.000000,synthetic_USFS_Class3_benchmark_cycle
181.7,23.036000,8.000000,synthetic_USFS_Class3_benchmark_cycle
181.8,23.044000,8.000000,synthetic_USFS_Class3_benchmark_cycle
181.9,23.052000,8.000000,synthetic_USFS_Class3_benchmark_cycle
182.0,23.060000,8.000000,synthetic_USFS_Class3_benchmark_cycle
182.1,23.068000,8.000000,synthetic_USFS_Class3_benchmark_cycle
182.2,23.076000,8.000000,synthetic_USFS_Class3_benchmark_cycle
182.3,23.084000,8.000000,synthetic_USFS_Class3_benchmark_cycle
182.4,23.092000,8.000000,synthetic_USFS_Class3_benchmark_cycle
182.5,23.100000,8.000000,synthetic_USFS_Class3_benchmark_cycle
182.6,23.108000,8.000000,synthetic_USFS_Class3_benchmark_cycle
182.7,23.116000,8.000000,synthetic_USFS_Class3_benchmark_cycle
182.8,23.124000,8.000000,synthetic_USFS_Class3_benchmark_cycle
182.9,23.132000,8.000000,synthetic_USFS_Class3_benchmark_cycle
183.0,23.140000,8.000000,synthetic_USFS_Class3_benchmark_cycle
183.1,23.148000,8.000000,synthetic_USFS_Class3_benchmark_cycle
183.2,23.156000,8.000000,synthetic_USFS_Class3_benchmark_cycle
183.3,23.164000,8.000000,synthetic_USFS_Class3_benchmark_cycle
183.4,23.172000,8.000000,synthetic_USFS_Class3_benchmark_cycle
183.5,23.180000,8.000000,synthetic_USFS_Class3_benchmark_cycle
183.6,23.188000,8.000000,synthetic_USFS_Class3_benchmark_cycle
183.7,23.196000,8.000000,synthetic_USFS_Class3_benchmark_cycle
183.8,23.204000,8.000000,synthetic_USFS_Class3_benchmark_cycle
183.9,23.212000,8.000000,synthetic_USFS_Class3_benchmark_cycle
184.0,23.220000,8.000000,synthetic_USFS_Class3_benchmark_cycle
184.1,23.228000,8.000000,synthetic_USFS_Class3_benchmark_cycle
184.2,23.236000,8.000000,synthetic_USFS_Class3_benchmark_cycle
184.3,23.244000,8.000000,synthetic_USFS_Class3_benchmark_cycle
184.4,23.252000,8.000000,synthetic_USFS_Class3_benchmark_cycle
184.5,23.260000,8.000000,synthetic_USFS_Class3_benchmark_cycle
184.6,23.268000,8.000000,synthetic_USFS_Class3_benchmark_cycle
184.7,23.276000,8.000000,synthetic_USFS_Class3_benchmark_cycle
184.8,23.284000,8.000000,synthetic_USFS_Class3_benchmark_cycle
184.9,23.292000,8.000000,synthetic_USFS_Class3_benchmark_cycle
185.0,23.300000,8.000000,synthetic_USFS_Class3_benchmark_cycle
185.1,23.308000,8.000000,synthetic_USFS_Class3_benchmark_cycle
185.2,23.316000,8.000000,synthetic_USFS_Class3_benchmark_cycle
185.3,23.324000,8.000000,synthetic_USFS_Class3_benchmark_cycle
185.4,23.332000,8.000000,synthetic_USFS_Class3_benchmark_cycle
185.5,23.340000,8.000000,synthetic_USFS_Class3_benchmark_cycle
185.6,23.348000,8.000000,synthetic_USFS_Class3_benchmark_cycle
185.7,23.356000,8.000000,synthetic_USFS_Class3_benchmark_cycle
185.8,23.364000,8.000000,synthetic_USFS_Class3_benchmark_cycle
185.9,23.372000,8.000000,synthetic_USFS_Class3_benchmark_cycle
186.0,23.380000,8.000000,synthetic_USFS_Class3_benchmark_cycle
186.1,23.388000,8.000000,synthetic_USFS_Class3_benchmark_cycle
186.2,23.396000,8.000000,synthetic_USFS_Class3_benchmark_cycle
186.3,23.404000,8.000000,synthetic_USFS_Class3_benchmark_cycle
186.4,23.412000,8.000000,synthetic_USFS_Class3_benchmark_cycle
186.5,23.420000,8.000000,synthetic_USFS_Class3_benchmark_cycle
186.6,23.428000,8.000000,synthetic_USFS_Class3_benchmark_cycle
186.7,23.436000,8.000000,synthetic_USFS_Class3_benchmark_cycle
186.8,23.444000,8.000000,synthetic_USFS_Class3_benchmark_cycle
186.9,23.452000,8.000000,synthetic_USFS_Class3_benchmark_cycle
187.0,23.460000,8.000000,synthetic_USFS_Class3_benchmark_cycle
187.1,23.468000,8.000000,synthetic_USFS_Class3_benchmark_cycle
187.2,23.476000,8.000000,synthetic_USFS_Class3_benchmark_cycle
187.3,23.484000,8.000000,synthetic_USFS_Class3_benchmark_cycle
187.4,23.492000,8.000000,synthetic_USFS_Class3_benchmark_cycle
187.5,23.500000,8.000000,synthetic_USFS_Class3_benchmark_cycle
187.6,23.508000,8.000000,synthetic_USFS_Class3_benchmark_cycle
187.7,23.516000,8.000000,synthetic_USFS_Class3_benchmark_cycle
187.8,23.524000,8.000000,synthetic_USFS_Class3_benchmark_cycle
187.9,23.532000,8.000000,synthetic_USFS_Class3_benchmark_cycle
188.0,23.540000,8.000000,synthetic_USFS_Class3_benchmark_cycle
188.1,23.548000,8.000000,synthetic_USFS_Class3_benchmark_cycle
188.2,23.556000,8.000000,synthetic_USFS_Class3_benchmark_cycle
188.3,23.564000,8.000000,synthetic_USFS_Class3_benchmark_cycle
188.4,23.572000,8.000000,synthetic_USFS_Class3_benchmark_cycle
188.5,23.580000,8.000000,synthetic_USFS_Class3_benchmark_cycle
188.6,23.588000,8.000000,synthetic_USFS_Class3_benchmark_cycle
188.7,23.596000,8.000000,synthetic_USFS_Class3_benchmark_cycle
188.8,23.604000,8.000000,synthetic_USFS_Class3_benchmark_cycle
188.9,23.612000,8.000000,synthetic_USFS_Class3_benchmark_cycle
189.0,23.620000,8.000000,synthetic_USFS_Class3_benchmark_cycle
189.1,23.628000,8.000000,synthetic_USFS_Class3_benchmark_cycle
189.2,23.636000,8.000000,synthetic_USFS_Class3_benchmark_cycle
189.3,23.644000,8.000000,synthetic_USFS_Class3_benchmark_cycle
189.4,23.652000,8.000000,synthetic_USFS_Class3_benchmark_cycle
189.5,23.660000,8.000000,synthetic_USFS_Class3_benchmark_cycle
189.6,23.668000,8.000000,synthetic_USFS_Class3_benchmark_cycle
189.7,23.676000,8.000000,synthetic_USFS_Class3_benchmark_cycle
189.8,23.684000,8.000000,synthetic_USFS_Class3_benchmark_cycle
189.9,23.692000,8.000000,synthetic_USFS_Class3_benchmark_cycle
190.0,23.700000,8.000000,synthetic_USFS_Class3_benchmark_cycle
190.1,23.708000,8.000000,synthetic_USFS_Class3_benchmark_cycle
190.2,23.716000,8.000000,synthetic_USFS_Class3_benchmark_cycle
190.3,23.724000,8.000000,synthetic_USFS_Class3_benchmark_cycle
190.4,23.732000,8.000000,synthetic_USFS_Class3_benchmark_cycle
190.5,23.740000,8.000000,synthetic_USFS_Class3_benchmark_cycle
190.6,23.748000,8.000000,synthetic_USFS_Class3_benchmark_cycle
190.7,23.756000,8.000000,synthetic_USFS_Class3_benchmark_cycle
190.8,23.764000,8.000000,synthetic_USFS_Class3_benchmark_cycle
190.9,23.772000,8.000000,synthetic_USFS_Class3_benchmark_cycle
191.0,23.780000,8.000000,synthetic_USFS_Class3_benchmark_cycle
191.1,23.788000,8.000000,synthetic_USFS_Class3_benchmark_cycle
191.2,23.796000,8.000000,synthetic_USFS_Class3_benchmark_cycle
191.3,23.804000,8.000000,synthetic_USFS_Class3_benchmark_cycle
191.4,23.812000,8.000000,synthetic_USFS_Class3_benchmark_cycle
191.5,23.820000,8.000000,synthetic_USFS_Class3_benchmark_cycle
191.6,23.828000,8.000000,synthetic_USFS_Class3_benchmark_cycle
191.7,23.836000,8.000000,synthetic_USFS_Class3_benchmark_cycle
191.8,23.844000,8.000000,synthetic_USFS_Class3_benchmark_cycle
191.9,23.852000,8.000000,synthetic_USFS_Class3_benchmark_cycle
192.0,23.860000,8.000000,synthetic_USFS_Class3_benchmark_cycle
192.1,23.868000,8.000000,synthetic_USFS_Class3_benchmark_cycle
192.2,23.876000,8.000000,synthetic_USFS_Class3_benchmark_cycle
192.3,23.884000,8.000000,synthetic_USFS_Class3_benchmark_cycle
192.4,23.892000,8.000000,synthetic_USFS_Class3_benchmark_cycle
192.5,23.900000,8.000000,synthetic_USFS_Class3_benchmark_cycle
192.6,23.908000,8.000000,synthetic_USFS_Class3_benchmark_cycle
192.7,23.916000,8.000000,synthetic_USFS_Class3_benchmark_cycle
192.8,23.924000,8.000000,synthetic_USFS_Class3_benchmark_cycle
192.9,23.932000,8.000000,synthetic_USFS_Class3_benchmark_cycle
193.0,23.940000,8.000000,synthetic_USFS_Class3_benchmark_cycle
193.1,23.948000,8.000000,synthetic_USFS_Class3_benchmark_cycle
193.2,23.956000,8.000000,synthetic_USFS_Class3_benchmark_cycle
193.3,23.964000,8.000000,synthetic_USFS_Class3_benchmark_cycle
193.4,23.972000,8.000000,synthetic_USFS_Class3_benchmark_cycle
193.5,23.980000,8.000000,synthetic_USFS_Class3_benchmark_cycle
193.6,23.988000,8.000000,synthetic_USFS_Class3_benchmark_cycle
193.7,23.996000,8.000000,synthetic_USFS_Class3_benchmark_cycle
193.8,24.004000,8.000000,synthetic_USFS_Class3_benchmark_cycle
193.9,24.012000,8.000000,synthetic_USFS_Class3_benchmark_cycle
194.0,24.020000,8.000000,synthetic_USFS_Class3_benchmark_cycle
194.1,24.028000,8.000000,synthetic_USFS_Class3_benchmark_cycle
194.2,24.036000,8.000000,synthetic_USFS_Class3_benchmark_cycle
194.3,24.044000,8.000000,synthetic_USFS_Class3_benchmark_cycle
194.4,24.052000,8.000000,synthetic_USFS_Class3_benchmark_cycle
194.5,24.060000,8.000000,synthetic_USFS_Class3_benchmark_cycle
194.6,24.068000,8.000000,synthetic_USFS_Class3_benchmark_cycle
194.7,24.076000,8.000000,synthetic_USFS_Class3_benchmark_cycle
194.8,24.084000,8.000000,synthetic_USFS_Class3_benchmark_cycle
194.9,24.092000,8.000000,synthetic_USFS_Class3_benchmark_cycle
195.0,24.100000,8.000000,synthetic_USFS_Class3_benchmark_cycle
195.1,24.108000,8.000000,synthetic_USFS_Class3_benchmark_cycle
195.2,24.116000,8.000000,synthetic_USFS_Class3_benchmark_cycle
195.3,24.124000,8.000000,synthetic_USFS_Class3_benchmark_cycle
195.4,24.132000,8.000000,synthetic_USFS_Class3_benchmark_cycle
195.5,24.140000,8.000000,synthetic_USFS_Class3_benchmark_cycle
195.6,24.148000,8.000000,synthetic_USFS_Class3_benchmark_cycle
195.7,24.156000,8.000000,synthetic_USFS_Class3_benchmark_cycle
195.8,24.164000,8.000000,synthetic_USFS_Class3_benchmark_cycle
195.9,24.172000,8.000000,synthetic_USFS_Class3_benchmark_cycle
196.0,24.180000,8.000000,synthetic_USFS_Class3_benchmark_cycle
196.1,24.188000,8.000000,synthetic_USFS_Class3_benchmark_cycle
196.2,24.196000,8.000000,synthetic_USFS_Class3_benchmark_cycle
196.3,24.204000,8.000000,synthetic_USFS_Class3_benchmark_cycle
196.4,24.212000,8.000000,synthetic_USFS_Class3_benchmark_cycle
196.5,24.220000,8.000000,synthetic_USFS_Class3_benchmark_cycle
196.6,24.228000,8.000000,synthetic_USFS_Class3_benchmark_cycle
196.7,24.236000,8.000000,synthetic_USFS_Class3_benchmark_cycle
196.8,24.244000,8.000000,synthetic_USFS_Class3_benchmark_cycle
196.9,24.252000,8.000000,synthetic_USFS_Class3_benchmark_cycle
197.0,24.260000,8.000000,synthetic_USFS_Class3_benchmark_cycle
197.1,24.268000,8.000000,synthetic_USFS_Class3_benchmark_cycle
197.2,24.276000,8.000000,synthetic_USFS_Class3_benchmark_cycle
197.3,24.284000,8.000000,synthetic_USFS_Class3_benchmark_cycle
197.4,24.292000,8.000000,synthetic_USFS_Class3_benchmark_cycle
197.5,24.300000,8.000000,synthetic_USFS_Class3_benchmark_cycle
197.6,24.308000,8.000000,synthetic_USFS_Class3_benchmark_cycle
197.7,24.316000,8.000000,synthetic_USFS_Class3_benchmark_cycle
197.8,24.324000,8.000000,synthetic_USFS_Class3_benchmark_cycle
197.9,24.332000,8.000000,synthetic_USFS_Class3_benchmark_cycle
198.0,24.340000,8.000000,synthetic_USFS_Class3_benchmark_cycle
198.1,24.348000,8.000000,synthetic_USFS_Class3_benchmark_cycle
198.2,24.356000,8.000000,synthetic_USFS_Class3_benchmark_cycle
198.3,24.364000,8.000000,synthetic_USFS_Class3_benchmark_cycle
198.4,24.372000,8.000000,synthetic_USFS_Class3_benchmark_cycle
198.5,24.380000,8.000000,synthetic_USFS_Class3_benchmark_cycle
198.6,24.388000,8.000000,synthetic_USFS_Class3_benchmark_cycle
198.7,24.396000,8.000000,synthetic_USFS_Class3_benchmark_cycle
198.8,24.404000,8.000000,synthetic_USFS_Class3_benchmark_cycle
198.9,24.412000,8.000000,synthetic_USFS_Class3_benchmark_cycle
199.0,24.420000,8.000000,synthetic_USFS_Class3_benchmark_cycle
199.1,24.428000,8.000000,synthetic_USFS_Class3_benchmark_cycle
199.2,24.436000,8.000000,synthetic_USFS_Class3_benchmark_cycle
199.3,24.444000,8.000000,synthetic_USFS_Class3_benchmark_cycle
199.4,24.452000,8.000000,synthetic_USFS_Class3_benchmark_cycle
199.5,24.460000,8.000000,synthetic_USFS_Class3_benchmark_cycle
199.6,24.468000,8.000000,synthetic_USFS_Class3_benchmark_cycle
199.7,24.476000,8.000000,synthetic_USFS_Class3_benchmark_cycle
199.8,24.484000,8.000000,synthetic_USFS_Class3_benchmark_cycle
199.9,24.492000,8.000000,synthetic_USFS_Class3_benchmark_cycle
200.0,24.500000,8.000000,synthetic_USFS_Class3_benchmark_cycle
200.1,24.508000,8.000000,synthetic_USFS_Class3_benchmark_cycle
200.2,24.516000,8.000000,synthetic_USFS_Class3_benchmark_cycle
200.3,24.524000,8.000000,synthetic_USFS_Class3_benchmark_cycle
200.4,24.532000,8.000000,synthetic_USFS_Class3_benchmark_cycle
200.5,24.540000,8.000000,synthetic_USFS_Class3_benchmark_cycle
200.6,24.548000,8.000000,synthetic_USFS_Class3_benchmark_cycle
200.7,24.556000,8.000000,synthetic_USFS_Class3_benchmark_cycle
200.8,24.564000,8.000000,synthetic_USFS_Class3_benchmark_cycle
200.9,24.572000,8.000000,synthetic_USFS_Class3_benchmark_cycle
201.0,24.580000,8.000000,synthetic_USFS_Class3_benchmark_cycle
201.1,24.588000,8.000000,synthetic_USFS_Class3_benchmark_cycle
201.2,24.596000,8.000000,synthetic_USFS_Class3_benchmark_cycle
201.3,24.604000,8.000000,synthetic_USFS_Class3_benchmark_cycle
201.4,24.612000,8.000000,synthetic_USFS_Class3_benchmark_cycle
201.5,24.620000,8.000000,synthetic_USFS_Class3_benchmark_cycle
201.6,24.628000,8.000000,synthetic_USFS_Class3_benchmark_cycle
201.7,24.636000,8.000000,synthetic_USFS_Class3_benchmark_cycle
201.8,24.644000,8.000000,synthetic_USFS_Class3_benchmark_cycle
201.9,24.652000,8.000000,synthetic_USFS_Class3_benchmark_cycle
202.0,24.660000,8.000000,synthetic_USFS_Class3_benchmark_cycle
202.1,24.668000,8.000000,synthetic_USFS_Class3_benchmark_cycle
202.2,24.676000,8.000000,synthetic_USFS_Class3_benchmark_cycle
202.3,24.684000,8.000000,synthetic_USFS_Class3_benchmark_cycle
202.4,24.692000,8.000000,synthetic_USFS_Class3_benchmark_cycle
202.5,24.700000,8.000000,synthetic_USFS_Class3_benchmark_cycle
202.6,24.708000,8.000000,synthetic_USFS_Class3_benchmark_cycle
202.7,24.716000,8.000000,synthetic_USFS_Class3_benchmark_cycle
202.8,24.724000,8.000000,synthetic_USFS_Class3_benchmark_cycle
202.9,24.732000,8.000000,synthetic_USFS_Class3_benchmark_cycle
203.0,24.740000,8.000000,synthetic_USFS_Class3_benchmark_cycle
203.1,24.748000,8.000000,synthetic_USFS_Class3_benchmark_cycle
203.2,24.756000,8.000000,synthetic_USFS_Class3_benchmark_cycle
203.3,24.764000,8.000000,synthetic_USFS_Class3_benchmark_cycle
203.4,24.772000,8.000000,synthetic_USFS_Class3_benchmark_cycle
203.5,24.780000,8.000000,synthetic_USFS_Class3_benchmark_cycle
203.6,24.788000,8.000000,synthetic_USFS_Class3_benchmark_cycle
203.7,24.796000,8.000000,synthetic_USFS_Class3_benchmark_cycle
203.8,24.804000,8.000000,synthetic_USFS_Class3_benchmark_cycle
203.9,24.812000,8.000000,synthetic_USFS_Class3_benchmark_cycle
204.0,24.820000,8.000000,synthetic_USFS_Class3_benchmark_cycle
204.1,24.828000,8.000000,synthetic_USFS_Class3_benchmark_cycle
204.2,24.836000,8.000000,synthetic_USFS_Class3_benchmark_cycle
204.3,24.844000,8.000000,synthetic_USFS_Class3_benchmark_cycle
204.4,24.852000,8.000000,synthetic_USFS_Class3_benchmark_cycle
204.5,24.860000,8.000000,synthetic_USFS_Class3_benchmark_cycle
204.6,24.868000,8.000000,synthetic_USFS_Class3_benchmark_cycle
204.7,24.876000,8.000000,synthetic_USFS_Class3_benchmark_cycle
204.8,24.884000,8.000000,synthetic_USFS_Class3_benchmark_cycle
204.9,24.892000,8.000000,synthetic_USFS_Class3_benchmark_cycle
205.0,24.900000,8.000000,synthetic_USFS_Class3_benchmark_cycle
205.1,24.908000,8.000000,synthetic_USFS_Class3_benchmark_cycle
205.2,24.916000,8.000000,synthetic_USFS_Class3_benchmark_cycle
205.3,24.924000,8.000000,synthetic_USFS_Class3_benchmark_cycle
205.4,24.932000,8.000000,synthetic_USFS_Class3_benchmark_cycle
205.5,24.940000,8.000000,synthetic_USFS_Class3_benchmark_cycle
205.6,24.948000,8.000000,synthetic_USFS_Class3_benchmark_cycle
205.7,24.956000,8.000000,synthetic_USFS_Class3_benchmark_cycle
205.8,24.964000,8.000000,synthetic_USFS_Class3_benchmark_cycle
205.9,24.972000,8.000000,synthetic_USFS_Class3_benchmark_cycle
206.0,24.980000,8.000000,synthetic_USFS_Class3_benchmark_cycle
206.1,24.988000,8.000000,synthetic_USFS_Class3_benchmark_cycle
206.2,24.996000,8.000000,synthetic_USFS_Class3_benchmark_cycle
206.3,25.004000,8.000000,synthetic_USFS_Class3_benchmark_cycle
206.4,25.012000,8.000000,synthetic_USFS_Class3_benchmark_cycle
206.5,25.020000,8.000000,synthetic_USFS_Class3_benchmark_cycle
206.6,25.028000,8.000000,synthetic_USFS_Class3_benchmark_cycle
206.7,25.036000,8.000000,synthetic_USFS_Class3_benchmark_cycle
206.8,25.044000,8.000000,synthetic_USFS_Class3_benchmark_cycle
206.9,25.052000,8.000000,synthetic_USFS_Class3_benchmark_cycle
207.0,25.060000,8.000000,synthetic_USFS_Class3_benchmark_cycle
207.1,25.068000,8.000000,synthetic_USFS_Class3_benchmark_cycle
207.2,25.076000,8.000000,synthetic_USFS_Class3_benchmark_cycle
207.3,25.084000,8.000000,synthetic_USFS_Class3_benchmark_cycle
207.4,25.092000,8.000000,synthetic_USFS_Class3_benchmark_cycle
207.5,25.100000,8.000000,synthetic_USFS_Class3_benchmark_cycle
207.6,25.108000,8.000000,synthetic_USFS_Class3_benchmark_cycle
207.7,25.116000,8.000000,synthetic_USFS_Class3_benchmark_cycle
207.8,25.124000,8.000000,synthetic_USFS_Class3_benchmark_cycle
207.9,25.132000,8.000000,synthetic_USFS_Class3_benchmark_cycle
208.0,25.140000,8.000000,synthetic_USFS_Class3_benchmark_cycle
208.1,25.148000,8.000000,synthetic_USFS_Class3_benchmark_cycle
208.2,25.156000,8.000000,synthetic_USFS_Class3_benchmark_cycle
208.3,25.164000,8.000000,synthetic_USFS_Class3_benchmark_cycle
208.4,25.172000,8.000000,synthetic_USFS_Class3_benchmark_cycle
208.5,25.180000,8.000000,synthetic_USFS_Class3_benchmark_cycle
208.6,25.188000,8.000000,synthetic_USFS_Class3_benchmark_cycle
208.7,25.196000,8.000000,synthetic_USFS_Class3_benchmark_cycle
208.8,25.204000,8.000000,synthetic_USFS_Class3_benchmark_cycle
208.9,25.212000,8.000000,synthetic_USFS_Class3_benchmark_cycle
209.0,25.220000,8.000000,synthetic_USFS_Class3_benchmark_cycle
209.1,25.228000,8.000000,synthetic_USFS_Class3_benchmark_cycle
209.2,25.236000,8.000000,synthetic_USFS_Class3_benchmark_cycle
209.3,25.244000,8.000000,synthetic_USFS_Class3_benchmark_cycle
209.4,25.252000,8.000000,synthetic_USFS_Class3_benchmark_cycle
209.5,25.260000,8.000000,synthetic_USFS_Class3_benchmark_cycle
209.6,25.268000,8.000000,synthetic_USFS_Class3_benchmark_cycle
209.7,25.276000,8.000000,synthetic_USFS_Class3_benchmark_cycle
209.8,25.284000,8.000000,synthetic_USFS_Class3_benchmark_cycle
209.9,25.292000,8.000000,synthetic_USFS_Class3_benchmark_cycle
210.0,25.300000,8.000000,synthetic_USFS_Class3_benchmark_cycle
210.1,25.308000,8.000000,synthetic_USFS_Class3_benchmark_cycle
210.2,25.316000,8.000000,synthetic_USFS_Class3_benchmark_cycle
210.3,25.324000,8.000000,synthetic_USFS_Class3_benchmark_cycle
210.4,25.332000,8.000000,synthetic_USFS_Class3_benchmark_cycle
210.5,25.340000,8.000000,synthetic_USFS_Class3_benchmark_cycle
210.6,25.348000,8.000000,synthetic_USFS_Class3_benchmark_cycle
210.7,25.356000,8.000000,synthetic_USFS_Class3_benchmark_cycle
210.8,25.364000,8.000000,synthetic_USFS_Class3_benchmark_cycle
210.9,25.372000,8.000000,synthetic_USFS_Class3_benchmark_cycle
211.0,25.380000,8.000000,synthetic_USFS_Class3_benchmark_cycle
211.1,25.388000,8.000000,synthetic_USFS_Class3_benchmark_cycle
211.2,25.396000,8.000000,synthetic_USFS_Class3_benchmark_cycle
211.3,25.404000,8.000000,synthetic_USFS_Class3_benchmark_cycle
211.4,25.412000,8.000000,synthetic_USFS_Class3_benchmark_cycle
211.5,25.420000,8.000000,synthetic_USFS_Class3_benchmark_cycle
211.6,25.428000,8.000000,synthetic_USFS_Class3_benchmark_cycle
211.7,25.436000,8.000000,synthetic_USFS_Class3_benchmark_cycle
211.8,25.444000,8.000000,synthetic_USFS_Class3_benchmark_cycle
211.9,25.452000,8.000000,synthetic_USFS_Class3_benchmark_cycle
212.0,25.460000,8.000000,synthetic_USFS_Class3_benchmark_cycle
212.1,25.468000,8.000000,synthetic_USFS_Class3_benchmark_cycle
212.2,25.476000,8.000000,synthetic_USFS_Class3_benchmark_cycle
212.3,25.484000,8.000000,synthetic_USFS_Class3_benchmark_cycle
212.4,25.492000,8.000000,synthetic_USFS_Class3_benchmark_cycle
212.5,25.500000,8.000000,synthetic_USFS_Class3_benchmark_cycle
212.6,25.508000,8.000000,synthetic_USFS_Class3_benchmark_cycle
212.7,25.516000,8.000000,synthetic_USFS_Class3_benchmark_cycle
212.8,25.524000,8.000000,synthetic_USFS_Class3_benchmark_cycle
212.9,25.532000,8.000000,synthetic_USFS_Class3_benchmark_cycle
213.0,25.540000,8.000000,synthetic_USFS_Class3_benchmark_cycle
213.1,25.548000,8.000000,synthetic_USFS_Class3_benchmark_cycle
213.2,25.556000,8.000000,synthetic_USFS_Class3_benchmark_cycle
213.3,25.564000,8.000000,synthetic_USFS_Class3_benchmark_cycle
213.4,25.572000,8.000000,synthetic_USFS_Class3_benchmark_cycle
213.5,25.580000,8.000000,synthetic_USFS_Class3_benchmark_cycle
213.6,25.588000,8.000000,synthetic_USFS_Class3_benchmark_cycle
213.7,25.596000,8.000000,synthetic_USFS_Class3_benchmark_cycle
213.8,25.604000,8.000000,synthetic_USFS_Class3_benchmark_cycle
213.9,25.612000,8.000000,synthetic_USFS_Class3_benchmark_cycle
214.0,25.620000,8.000000,synthetic_USFS_Class3_benchmark_cycle
214.1,25.628000,8.000000,synthetic_USFS_Class3_benchmark_cycle
214.2,25.636000,8.000000,synthetic_USFS_Class3_benchmark_cycle
214.3,25.644000,8.000000,synthetic_USFS_Class3_benchmark_cycle
214.4,25.652000,8.000000,synthetic_USFS_Class3_benchmark_cycle
214.5,25.660000,8.000000,synthetic_USFS_Class3_benchmark_cycle
214.6,25.668000,8.000000,synthetic_USFS_Class3_benchmark_cycle
214.7,25.676000,8.000000,synthetic_USFS_Class3_benchmark_cycle
214.8,25.684000,8.000000,synthetic_USFS_Class3_benchmark_cycle
214.9,25.692000,8.000000,synthetic_USFS_Class3_benchmark_cycle
215.0,25.700000,8.000000,synthetic_USFS_Class3_benchmark_cycle
215.1,25.708000,8.000000,synthetic_USFS_Class3_benchmark_cycle
215.2,25.716000,8.000000,synthetic_USFS_Class3_benchmark_cycle
215.3,25.724000,8.000000,synthetic_USFS_Class3_benchmark_cycle
215.4,25.732000,8.000000,synthetic_USFS_Class3_benchmark_cycle
215.5,25.740000,8.000000,synthetic_USFS_Class3_benchmark_cycle
215.6,25.748000,8.000000,synthetic_USFS_Class3_benchmark_cycle
215.7,25.756000,8.000000,synthetic_USFS_Class3_benchmark_cycle
215.8,25.764000,8.000000,synthetic_USFS_Class3_benchmark_cycle
215.9,25.772000,8.000000,synthetic_USFS_Class3_benchmark_cycle
216.0,25.780000,8.000000,synthetic_USFS_Class3_benchmark_cycle
216.1,25.788000,8.000000,synthetic_USFS_Class3_benchmark_cycle
216.2,25.796000,8.000000,synthetic_USFS_Class3_benchmark_cycle
216.3,25.804000,8.000000,synthetic_USFS_Class3_benchmark_cycle
216.4,25.812000,8.000000,synthetic_USFS_Class3_benchmark_cycle
216.5,25.820000,8.000000,synthetic_USFS_Class3_benchmark_cycle
216.6,25.828000,8.000000,synthetic_USFS_Class3_benchmark_cycle
216.7,25.836000,8.000000,synthetic_USFS_Class3_benchmark_cycle
216.8,25.844000,8.000000,synthetic_USFS_Class3_benchmark_cycle
216.9,25.852000,8.000000,synthetic_USFS_Class3_benchmark_cycle
217.0,25.860000,8.000000,synthetic_USFS_Class3_benchmark_cycle
217.1,25.868000,8.000000,synthetic_USFS_Class3_benchmark_cycle
217.2,25.876000,8.000000,synthetic_USFS_Class3_benchmark_cycle
217.3,25.884000,8.000000,synthetic_USFS_Class3_benchmark_cycle
217.4,25.892000,8.000000,synthetic_USFS_Class3_benchmark_cycle
217.5,25.900000,8.000000,synthetic_USFS_Class3_benchmark_cycle
217.6,25.908000,8.000000,synthetic_USFS_Class3_benchmark_cycle
217.7,25.916000,8.000000,synthetic_USFS_Class3_benchmark_cycle
217.8,25.924000,8.000000,synthetic_USFS_Class3_benchmark_cycle
217.9,25.932000,8.000000,synthetic_USFS_Class3_benchmark_cycle
218.0,25.940000,8.000000,synthetic_USFS_Class3_benchmark_cycle
218.1,25.948000,8.000000,synthetic_USFS_Class3_benchmark_cycle
218.2,25.956000,8.000000,synthetic_USFS_Class3_benchmark_cycle
218.3,25.964000,8.000000,synthetic_USFS_Class3_benchmark_cycle
218.4,25.972000,8.000000,synthetic_USFS_Class3_benchmark_cycle
218.5,25.980000,8.000000,synthetic_USFS_Class3_benchmark_cycle
218.6,25.988000,8.000000,synthetic_USFS_Class3_benchmark_cycle
218.7,25.996000,8.000000,synthetic_USFS_Class3_benchmark_cycle
218.8,26.004000,8.000000,synthetic_USFS_Class3_benchmark_cycle
218.9,26.012000,8.000000,synthetic_USFS_Class3_benchmark_cycle
219.0,26.020000,8.000000,synthetic_USFS_Class3_benchmark_cycle
219.1,26.028000,8.000000,synthetic_USFS_Class3_benchmark_cycle
219.2,26.036000,8.000000,synthetic_USFS_Class3_benchmark_cycle
219.3,26.044000,8.000000,synthetic_USFS_Class3_benchmark_cycle
219.4,26.052000,8.000000,synthetic_USFS_Class3_benchmark_cycle
219.5,26.060000,8.000000,synthetic_USFS_Class3_benchmark_cycle
219.6,26.068000,8.000000,synthetic_USFS_Class3_benchmark_cycle
219.7,26.076000,8.000000,synthetic_USFS_Class3_benchmark_cycle
219.8,26.084000,8.000000,synthetic_USFS_Class3_benchmark_cycle
219.9,26.092000,8.000000,synthetic_USFS_Class3_benchmark_cycle
220.0,26.100000,8.000000,synthetic_USFS_Class3_benchmark_cycle
220.1,26.108000,8.000000,synthetic_USFS_Class3_benchmark_cycle
220.2,26.116000,8.000000,synthetic_USFS_Class3_benchmark_cycle
220.3,26.124000,8.000000,synthetic_USFS_Class3_benchmark_cycle
220.4,26.132000,8.000000,synthetic_USFS_Class3_benchmark_cycle
220.5,26.140000,8.000000,synthetic_USFS_Class3_benchmark_cycle
220.6,26.148000,8.000000,synthetic_USFS_Class3_benchmark_cycle
220.7,26.156000,8.000000,synthetic_USFS_Class3_benchmark_cycle
220.8,26.164000,8.000000,synthetic_USFS_Class3_benchmark_cycle
220.9,26.172000,8.000000,synthetic_USFS_Class3_benchmark_cycle
221.0,26.180000,8.000000,synthetic_USFS_Class3_benchmark_cycle
221.1,26.188000,8.000000,synthetic_USFS_Class3_benchmark_cycle
221.2,26.196000,8.000000,synthetic_USFS_Class3_benchmark_cycle
221.3,26.204000,8.000000,synthetic_USFS_Class3_benchmark_cycle
221.4,26.212000,8.000000,synthetic_USFS_Class3_benchmark_cycle
221.5,26.220000,8.000000,synthetic_USFS_Class3_benchmark_cycle
221.6,26.228000,8.000000,synthetic_USFS_Class3_benchmark_cycle
221.7,26.236000,8.000000,synthetic_USFS_Class3_benchmark_cycle
221.8,26.244000,8.000000,synthetic_USFS_Class3_benchmark_cycle
221.9,26.252000,8.000000,synthetic_USFS_Class3_benchmark_cycle
222.0,26.260000,8.000000,synthetic_USFS_Class3_benchmark_cycle
222.1,26.268000,8.000000,synthetic_USFS_Class3_benchmark_cycle
222.2,26.276000,8.000000,synthetic_USFS_Class3_benchmark_cycle
222.3,26.284000,8.000000,synthetic_USFS_Class3_benchmark_cycle
222.4,26.292000,8.000000,synthetic_USFS_Class3_benchmark_cycle
222.5,26.300000,8.000000,synthetic_USFS_Class3_benchmark_cycle
222.6,26.308000,8.000000,synthetic_USFS_Class3_benchmark_cycle
222.7,26.316000,8.000000,synthetic_USFS_Class3_benchmark_cycle
222.8,26.324000,8.000000,synthetic_USFS_Class3_benchmark_cycle
222.9,26.332000,8.000000,synthetic_USFS_Class3_benchmark_cycle
223.0,26.340000,8.000000,synthetic_USFS_Class3_benchmark_cycle
223.1,26.348000,8.000000,synthetic_USFS_Class3_benchmark_cycle
223.2,26.356000,8.000000,synthetic_USFS_Class3_benchmark_cycle
223.3,26.364000,8.000000,synthetic_USFS_Class3_benchmark_cycle
223.4,26.372000,8.000000,synthetic_USFS_Class3_benchmark_cycle
223.5,26.380000,8.000000,synthetic_USFS_Class3_benchmark_cycle
223.6,26.388000,8.000000,synthetic_USFS_Class3_benchmark_cycle
223.7,26.396000,8.000000,synthetic_USFS_Class3_benchmark_cycle
223.8,26.404000,8.000000,synthetic_USFS_Class3_benchmark_cycle
223.9,26.412000,8.000000,synthetic_USFS_Class3_benchmark_cycle
224.0,26.420000,8.000000,synthetic_USFS_Class3_benchmark_cycle
224.1,26.428000,8.000000,synthetic_USFS_Class3_benchmark_cycle
224.2,26.436000,8.000000,synthetic_USFS_Class3_benchmark_cycle
224.3,26.444000,8.000000,synthetic_USFS_Class3_benchmark_cycle
224.4,26.452000,8.000000,synthetic_USFS_Class3_benchmark_cycle
224.5,26.460000,8.000000,synthetic_USFS_Class3_benchmark_cycle
224.6,26.468000,8.000000,synthetic_USFS_Class3_benchmark_cycle
224.7,26.476000,8.000000,synthetic_USFS_Class3_benchmark_cycle
224.8,26.484000,8.000000,synthetic_USFS_Class3_benchmark_cycle
224.9,26.492000,8.000000,synthetic_USFS_Class3_benchmark_cycle
225.0,26.500000,8.000000,synthetic_USFS_Class3_benchmark_cycle
225.1,26.508000,8.000000,synthetic_USFS_Class3_benchmark_cycle
225.2,26.516000,8.000000,synthetic_USFS_Class3_benchmark_cycle
225.3,26.524000,8.000000,synthetic_USFS_Class3_benchmark_cycle
225.4,26.532000,8.000000,synthetic_USFS_Class3_benchmark_cycle
225.5,26.540000,8.000000,synthetic_USFS_Class3_benchmark_cycle
225.6,26.548000,8.000000,synthetic_USFS_Class3_benchmark_cycle
225.7,26.556000,8.000000,synthetic_USFS_Class3_benchmark_cycle
225.8,26.564000,8.000000,synthetic_USFS_Class3_benchmark_cycle
225.9,26.572000,8.000000,synthetic_USFS_Class3_benchmark_cycle
226.0,26.580000,8.000000,synthetic_USFS_Class3_benchmark_cycle
226.1,26.588000,8.000000,synthetic_USFS_Class3_benchmark_cycle
226.2,26.596000,8.000000,synthetic_USFS_Class3_benchmark_cycle
226.3,26.604000,8.000000,synthetic_USFS_Class3_benchmark_cycle
226.4,26.612000,8.000000,synthetic_USFS_Class3_benchmark_cycle
226.5,26.620000,8.000000,synthetic_USFS_Class3_benchmark_cycle
226.6,26.628000,8.000000,synthetic_USFS_Class3_benchmark_cycle
226.7,26.636000,8.000000,synthetic_USFS_Class3_benchmark_cycle
226.8,26.644000,8.000000,synthetic_USFS_Class3_benchmark_cycle
226.9,26.652000,8.000000,synthetic_USFS_Class3_benchmark_cycle
227.0,26.660000,8.000000,synthetic_USFS_Class3_benchmark_cycle
227.1,26.668000,8.000000,synthetic_USFS_Class3_benchmark_cycle
227.2,26.676000,8.000000,synthetic_USFS_Class3_benchmark_cycle
227.3,26.684000,8.000000,synthetic_USFS_Class3_benchmark_cycle
227.4,26.692000,8.000000,synthetic_USFS_Class3_benchmark_cycle
227.5,26.700000,8.000000,synthetic_USFS_Class3_benchmark_cycle
227.6,26.708000,8.000000,synthetic_USFS_Class3_benchmark_cycle
227.7,26.716000,8.000000,synthetic_USFS_Class3_benchmark_cycle
227.8,26.724000,8.000000,synthetic_USFS_Class3_benchmark_cycle
227.9,26.732000,8.000000,synthetic_USFS_Class3_benchmark_cycle
228.0,26.740000,8.000000,synthetic_USFS_Class3_benchmark_cycle
228.1,26.748000,8.000000,synthetic_USFS_Class3_benchmark_cycle
228.2,26.756000,8.000000,synthetic_USFS_Class3_benchmark_cycle
228.3,26.764000,8.000000,synthetic_USFS_Class3_benchmark_cycle
228.4,26.772000,8.000000,synthetic_USFS_Class3_benchmark_cycle
228.5,26.780000,8.000000,synthetic_USFS_Class3_benchmark_cycle
228.6,26.788000,8.000000,synthetic_USFS_Class3_benchmark_cycle
228.7,26.796000,8.000000,synthetic_USFS_Class3_benchmark_cycle
228.8,26.804000,8.000000,synthetic_USFS_Class3_benchmark_cycle
228.9,26.812000,8.000000,synthetic_USFS_Class3_benchmark_cycle
229.0,26.820000,8.000000,synthetic_USFS_Class3_benchmark_cycle
229.1,26.828000,8.000000,synthetic_USFS_Class3_benchmark_cycle
229.2,26.836000,8.000000,synthetic_USFS_Class3_benchmark_cycle
229.3,26.844000,8.000000,synthetic_USFS_Class3_benchmark_cycle
229.4,26.852000,8.000000,synthetic_USFS_Class3_benchmark_cycle
229.5,26.860000,8.000000,synthetic_USFS_Class3_benchmark_cycle
229.6,26.868000,8.000000,synthetic_USFS_Class3_benchmark_cycle
229.7,26.876000,8.000000,synthetic_USFS_Class3_benchmark_cycle
229.8,26.884000,8.000000,synthetic_USFS_Class3_benchmark_cycle
229.9,26.892000,8.000000,synthetic_USFS_Class3_benchmark_cycle
230.0,26.900000,8.000000,synthetic_USFS_Class3_benchmark_cycle
230.1,26.908000,8.000000,synthetic_USFS_Class3_benchmark_cycle
230.2,26.916000,8.000000,synthetic_USFS_Class3_benchmark_cycle
230.3,26.924000,8.000000,synthetic_USFS_Class3_benchmark_cycle
230.4,26.932000,8.000000,synthetic_USFS_Class3_benchmark_cycle
230.5,26.940000,8.000000,synthetic_USFS_Class3_benchmark_cycle
230.6,26.948000,8.000000,synthetic_USFS_Class3_benchmark_cycle
230.7,26.956000,8.000000,synthetic_USFS_Class3_benchmark_cycle
230.8,26.964000,8.000000,synthetic_USFS_Class3_benchmark_cycle
230.9,26.972000,8.000000,synthetic_USFS_Class3_benchmark_cycle
231.0,26.980000,8.000000,synthetic_USFS_Class3_benchmark_cycle
231.1,26.988000,8.000000,synthetic_USFS_Class3_benchmark_cycle
231.2,26.996000,8.000000,synthetic_USFS_Class3_benchmark_cycle
231.3,27.004000,8.000000,synthetic_USFS_Class3_benchmark_cycle
231.4,27.012000,8.000000,synthetic_USFS_Class3_benchmark_cycle
231.5,27.020000,8.000000,synthetic_USFS_Class3_benchmark_cycle
231.6,27.028000,8.000000,synthetic_USFS_Class3_benchmark_cycle
231.7,27.036000,8.000000,synthetic_USFS_Class3_benchmark_cycle
231.8,27.044000,8.000000,synthetic_USFS_Class3_benchmark_cycle
231.9,27.052000,8.000000,synthetic_USFS_Class3_benchmark_cycle
232.0,27.060000,8.000000,synthetic_USFS_Class3_benchmark_cycle
232.1,27.068000,8.000000,synthetic_USFS_Class3_benchmark_cycle
232.2,27.076000,8.000000,synthetic_USFS_Class3_benchmark_cycle
232.3,27.084000,8.000000,synthetic_USFS_Class3_benchmark_cycle
232.4,27.092000,8.000000,synthetic_USFS_Class3_benchmark_cycle
232.5,27.100000,8.000000,synthetic_USFS_Class3_benchmark_cycle
232.6,27.108000,8.000000,synthetic_USFS_Class3_benchmark_cycle
232.7,27.116000,8.000000,synthetic_USFS_Class3_benchmark_cycle
232.8,27.124000,8.000000,synthetic_USFS_Class3_benchmark_cycle
232.9,27.132000,8.000000,synthetic_USFS_Class3_benchmark_cycle
233.0,27.140000,8.000000,synthetic_USFS_Class3_benchmark_cycle
233.1,27.148000,8.000000,synthetic_USFS_Class3_benchmark_cycle
233.2,27.156000,8.000000,synthetic_USFS_Class3_benchmark_cycle
233.3,27.164000,8.000000,synthetic_USFS_Class3_benchmark_cycle
233.4,27.172000,8.000000,synthetic_USFS_Class3_benchmark_cycle
233.5,27.180000,8.000000,synthetic_USFS_Class3_benchmark_cycle
233.6,27.188000,8.000000,synthetic_USFS_Class3_benchmark_cycle
233.7,27.196000,8.000000,synthetic_USFS_Class3_benchmark_cycle
233.8,27.204000,8.000000,synthetic_USFS_Class3_benchmark_cycle
233.9,27.212000,8.000000,synthetic_USFS_Class3_benchmark_cycle
234.0,27.220000,8.000000,synthetic_USFS_Class3_benchmark_cycle
234.1,27.228000,8.000000,synthetic_USFS_Class3_benchmark_cycle
234.2,27.236000,8.000000,synthetic_USFS_Class3_benchmark_cycle
234.3,27.244000,8.000000,synthetic_USFS_Class3_benchmark_cycle
234.4,27.252000,8.000000,synthetic_USFS_Class3_benchmark_cycle
234.5,27.260000,8.000000,synthetic_USFS_Class3_benchmark_cycle
234.6,27.268000,8.000000,synthetic_USFS_Class3_benchmark_cycle
234.7,27.276000,8.000000,synthetic_USFS_Class3_benchmark_cycle
234.8,27.284000,8.000000,synthetic_USFS_Class3_benchmark_cycle
234.9,27.292000,8.000000,synthetic_USFS_Class3_benchmark_cycle
235.0,27.300000,8.000000,synthetic_USFS_Class3_benchmark_cycle
235.1,27.308000,8.000000,synthetic_USFS_Class3_benchmark_cycle
235.2,27.316000,8.000000,synthetic_USFS_Class3_benchmark_cycle
235.3,27.324000,8.000000,synthetic_USFS_Class3_benchmark_cycle
235.4,27.332000,8.000000,synthetic_USFS_Class3_benchmark_cycle
235.5,27.340000,8.000000,synthetic_USFS_Class3_benchmark_cycle
235.6,27.348000,8.000000,synthetic_USFS_Class3_benchmark_cycle
235.7,27.356000,8.000000,synthetic_USFS_Class3_benchmark_cycle
235.8,27.364000,8.000000,synthetic_USFS_Class3_benchmark_cycle
235.9,27.372000,8.000000,synthetic_USFS_Class3_benchmark_cycle
236.0,27.380000,8.000000,synthetic_USFS_Class3_benchmark_cycle
236.1,27.388000,8.000000,synthetic_USFS_Class3_benchmark_cycle
236.2,27.396000,8.000000,synthetic_USFS_Class3_benchmark_cycle
236.3,27.404000,8.000000,synthetic_USFS_Class3_benchmark_cycle
236.4,27.412000,8.000000,synthetic_USFS_Class3_benchmark_cycle
236.5,27.420000,8.000000,synthetic_USFS_Class3_benchmark_cycle
236.6,27.428000,8.000000,synthetic_USFS_Class3_benchmark_cycle
236.7,27.436000,8.000000,synthetic_USFS_Class3_benchmark_cycle
236.8,27.444000,8.000000,synthetic_USFS_Class3_benchmark_cycle
236.9,27.452000,8.000000,synthetic_USFS_Class3_benchmark_cycle
237.0,27.460000,8.000000,synthetic_USFS_Class3_benchmark_cycle
237.1,27.468000,8.000000,synthetic_USFS_Class3_benchmark_cycle
237.2,27.476000,8.000000,synthetic_USFS_Class3_benchmark_cycle
237.3,27.484000,8.000000,synthetic_USFS_Class3_benchmark_cycle
237.4,27.492000,8.000000,synthetic_USFS_Class3_benchmark_cycle
237.5,27.500000,8.000000,synthetic_USFS_Class3_benchmark_cycle
237.6,27.508000,8.000000,synthetic_USFS_Class3_benchmark_cycle
237.7,27.516000,8.000000,synthetic_USFS_Class3_benchmark_cycle
237.8,27.524000,8.000000,synthetic_USFS_Class3_benchmark_cycle
237.9,27.532000,8.000000,synthetic_USFS_Class3_benchmark_cycle
238.0,27.540000,8.000000,synthetic_USFS_Class3_benchmark_cycle
238.1,27.548000,8.000000,synthetic_USFS_Class3_benchmark_cycle
238.2,27.556000,8.000000,synthetic_USFS_Class3_benchmark_cycle
238.3,27.564000,8.000000,synthetic_USFS_Class3_benchmark_cycle
238.4,27.572000,8.000000,synthetic_USFS_Class3_benchmark_cycle
238.5,27.580000,8.000000,synthetic_USFS_Class3_benchmark_cycle
238.6,27.588000,8.000000,synthetic_USFS_Class3_benchmark_cycle
238.7,27.596000,8.000000,synthetic_USFS_Class3_benchmark_cycle
238.8,27.604000,8.000000,synthetic_USFS_Class3_benchmark_cycle
238.9,27.612000,8.000000,synthetic_USFS_Class3_benchmark_cycle
239.0,27.620000,8.000000,synthetic_USFS_Class3_benchmark_cycle
239.1,27.628000,8.000000,synthetic_USFS_Class3_benchmark_cycle
239.2,27.636000,8.000000,synthetic_USFS_Class3_benchmark_cycle
239.3,27.644000,8.000000,synthetic_USFS_Class3_benchmark_cycle
239.4,27.652000,8.000000,synthetic_USFS_Class3_benchmark_cycle
239.5,27.660000,8.000000,synthetic_USFS_Class3_benchmark_cycle
239.6,27.668000,8.000000,synthetic_USFS_Class3_benchmark_cycle
239.7,27.676000,8.000000,synthetic_USFS_Class3_benchmark_cycle
239.8,27.684000,8.000000,synthetic_USFS_Class3_benchmark_cycle
239.9,27.692000,8.000000,synthetic_USFS_Class3_benchmark_cycle
240.0,27.700000,8.000000,synthetic_USFS_Class3_benchmark_cycle
240.1,27.708008,8.016773,synthetic_USFS_Class3_benchmark_cycle
240.2,27.716050,8.067025,synthetic_USFS_Class3_benchmark_cycle
240.3,27.724159,8.150558,synthetic_USFS_Class3_benchmark_cycle
240.4,27.732368,8.267043,synthetic_USFS_Class3_benchmark_cycle
240.5,27.740709,8.416020,synthetic_USFS_Class3_benchmark_cycle
240.6,27.749216,8.596900,synthetic_USFS_Class3_benchmark_cycle
240.7,27.757919,8.808970,synthetic_USFS_Class3_benchmark_cycle
240.8,27.766849,9.051393,synthetic_USFS_Class3_benchmark_cycle
240.9,27.776036,9.323213,synthetic_USFS_Class3_benchmark_cycle
241.0,27.785510,9.623356,synthetic_USFS_Class3_benchmark_cycle
241.1,27.795297,9.950637,synthetic_USFS_Class3_benchmark_cycle
241.2,27.805424,10.303767,synthetic_USFS_Class3_benchmark_cycle
241.3,27.815916,10.681350,synthetic_USFS_Class3_benchmark_cycle
241.4,27.826798,11.081896,synthetic_USFS_Class3_benchmark_cycle
241.5,27.838091,11.503825,synthetic_USFS_Class3_benchmark_cycle
241.6,27.849815,11.945472,synthetic_USFS_Class3_benchmark_cycle
241.7,27.861991,12.405094,synthetic_USFS_Class3_benchmark_cycle
241.8,27.874634,12.880876,synthetic_USFS_Class3_benchmark_cycle
241.9,27.887760,13.370941,synthetic_USFS_Class3_benchmark_cycle
242.0,27.901382,13.873356,synthetic_USFS_Class3_benchmark_cycle
242.1,27.915512,14.386136,synthetic_USFS_Class3_benchmark_cycle
242.2,27.930158,14.907259,synthetic_USFS_Class3_benchmark_cycle
242.3,27.945329,15.434668,synthetic_USFS_Class3_benchmark_cycle
242.4,27.961030,15.966281,synthetic_USFS_Class3_benchmark_cycle
242.5,27.977263,16.500000,synthetic_USFS_Class3_benchmark_cycle
242.6,27.994030,17.033719,synthetic_USFS_Class3_benchmark_cycle
242.7,28.011329,17.565332,synthetic_USFS_Class3_benchmark_cycle
242.8,28.029158,18.092741,synthetic_USFS_Class3_benchmark_cycle
242.9,28.047512,18.613864,synthetic_USFS_Class3_benchmark_cycle
243.0,28.066382,19.126644,synthetic_USFS_Class3_benchmark_cycle
243.1,28.085760,19.629059,synthetic_USFS_Class3_benchmark_cycle
243.2,28.105634,20.119124,synthetic_USFS_Class3_benchmark_cycle
243.3,28.125991,20.594906,synthetic_USFS_Class3_benchmark_cycle
243.4,28.146815,21.054528,synthetic_USFS_Class3_benchmark_cycle
243.5,28.168091,21.496175,synthetic_USFS_Class3_benchmark_cycle
243.6,28.189798,21.918104,synthetic_USFS_Class3_benchmark_cycle
243.7,28.211916,22.318650,synthetic_USFS_Class3_benchmark_cycle
243.8,28.234424,22.696233,synthetic_USFS_Class3_benchmark_cycle
243.9,28.257297,23.049363,synthetic_USFS_Class3_benchmark_cycle
244.0,28.280510,23.376644,synthetic_USFS_Class3_benchmark_cycle
244.1,28.304036,23.676787,synthetic_USFS_Class3_benchmark_cycle
244.2,28.327849,23.948607,synthetic_USFS_Class3_benchmark_cycle
244.3,28.351919,24.191030,synthetic_USFS_Class3_benchmark_cycle
244.4,28.376216,24.403100,synthetic_USFS_Class3_benchmark_cycle
244.5,28.400709,24.583980,synthetic_USFS_Class3_benchmark_cycle
244.6,28.425368,24.732957,synthetic_USFS_Class3_benchmark_cycle
244.7,28.450159,24.849442,synthetic_USFS_Class3_benchmark_cycle
244.8,28.475050,24.932975,synthetic_USFS_Class3_benchmark_cycle
244.9,28.500008,24.983227,synthetic_USFS_Class3_benchmark_cycle
245.0,28.525000,25.000000,synthetic_USFS_Class3_benchmark_cycle
245.1,28.550000,25.000000,synthetic_USFS_Class3_benchmark_cycle
245.2,28.575000,25.000000,synthetic_USFS_Class3_benchmark_cycle
245.3,28.600000,25.000000,synthetic_USFS_Class3_benchmark_cycle
245.4,28.625000,25.000000,synthetic_USFS_Class3_benchmark_cycle
245.5,28.650000,25.000000,synthetic_USFS_Class3_benchmark_cycle
245.6,28.675000,25.000000,synthetic_USFS_Class3_benchmark_cycle
245.7,28.700000,25.000000,synthetic_USFS_Class3_benchmark_cycle
245.8,28.725000,25.000000,synthetic_USFS_Class3_benchmark_cycle
245.9,28.750000,25.000000,synthetic_USFS_Class3_benchmark_cycle
246.0,28.775000,25.000000,synthetic_USFS_Class3_benchmark_cycle
246.1,28.800000,25.000000,synthetic_USFS_Class3_benchmark_cycle
246.2,28.825000,25.000000,synthetic_USFS_Class3_benchmark_cycle
246.3,28.850000,25.000000,synthetic_USFS_Class3_benchmark_cycle
246.4,28.875000,25.000000,synthetic_USFS_Class3_benchmark_cycle
246.5,28.900000,25.000000,synthetic_USFS_Class3_benchmark_cycle
246.6,28.925000,25.000000,synthetic_USFS_Class3_benchmark_cycle
246.7,28.950000,25.000000,synthetic_USFS_Class3_benchmark_cycle
246.8,28.975000,25.000000,synthetic_USFS_Class3_benchmark_cycle
246.9,29.000000,25.000000,synthetic_USFS_Class3_benchmark_cycle
247.0,29.025000,25.000000,synthetic_USFS_Class3_benchmark_cycle
247.1,29.050000,25.000000,synthetic_USFS_Class3_benchmark_cycle
247.2,29.075000,25.000000,synthetic_USFS_Class3_benchmark_cycle
247.3,29.100000,25.000000,synthetic_USFS_Class3_benchmark_cycle
247.4,29.125000,25.000000,synthetic_USFS_Class3_benchmark_cycle
247.5,29.150000,25.000000,synthetic_USFS_Class3_benchmark_cycle
247.6,29.175000,25.000000,synthetic_USFS_Class3_benchmark_cycle
247.7,29.200000,25.000000,synthetic_USFS_Class3_benchmark_cycle
247.8,29.225000,25.000000,synthetic_USFS_Class3_benchmark_cycle
247.9,29.250000,25.000000,synthetic_USFS_Class3_benchmark_cycle
248.0,29.275000,25.000000,synthetic_USFS_Class3_benchmark_cycle
248.1,29.300000,25.000000,synthetic_USFS_Class3_benchmark_cycle
248.2,29.325000,25.000000,synthetic_USFS_Class3_benchmark_cycle
248.3,29.350000,25.000000,synthetic_USFS_Class3_benchmark_cycle
248.4,29.375000,25.000000,synthetic_USFS_Class3_benchmark_cycle
248.5,29.400000,25.000000,synthetic_USFS_Class3_benchmark_cycle
248.6,29.425000,25.000000,synthetic_USFS_Class3_benchmark_cycle
248.7,29.450000,25.000000,synthetic_USFS_Class3_benchmark_cycle
248.8,29.475000,25.000000,synthetic_USFS_Class3_benchmark_cycle
248.9,29.500000,25.000000,synthetic_USFS_Class3_benchmark_cycle
249.0,29.525000,25.000000,synthetic_USFS_Class3_benchmark_cycle
249.1,29.550000,25.000000,synthetic_USFS_Class3_benchmark_cycle
249.2,29.575000,25.000000,synthetic_USFS_Class3_benchmark_cycle
249.3,29.600000,25.000000,synthetic_USFS_Class3_benchmark_cycle
249.4,29.625000,25.000000,synthetic_USFS_Class3_benchmark_cycle
249.5,29.650000,25.000000,synthetic_USFS_Class3_benchmark_cycle
249.6,29.675000,25.000000,synthetic_USFS_Class3_benchmark_cycle
249.7,29.700000,25.000000,synthetic_USFS_Class3_benchmark_cycle
249.8,29.725000,25.000000,synthetic_USFS_Class3_benchmark_cycle
249.9,29.750000,25.000000,synthetic_USFS_Class3_benchmark_cycle
250.0,29.775000,25.000000,synthetic_USFS_Class3_benchmark_cycle
250.1,29.800000,25.000000,synthetic_USFS_Class3_benchmark_cycle
250.2,29.825000,25.000000,synthetic_USFS_Class3_benchmark_cycle
250.3,29.850000,25.000000,synthetic_USFS_Class3_benchmark_cycle
250.4,29.875000,25.000000,synthetic_USFS_Class3_benchmark_cycle
250.5,29.900000,25.000000,synthetic_USFS_Class3_benchmark_cycle
250.6,29.925000,25.000000,synthetic_USFS_Class3_benchmark_cycle
250.7,29.950000,25.000000,synthetic_USFS_Class3_benchmark_cycle
250.8,29.975000,25.000000,synthetic_USFS_Class3_benchmark_cycle
250.9,30.000000,25.000000,synthetic_USFS_Class3_benchmark_cycle
251.0,30.025000,25.000000,synthetic_USFS_Class3_benchmark_cycle
251.1,30.050000,25.000000,synthetic_USFS_Class3_benchmark_cycle
251.2,30.075000,25.000000,synthetic_USFS_Class3_benchmark_cycle
251.3,30.100000,25.000000,synthetic_USFS_Class3_benchmark_cycle
251.4,30.125000,25.000000,synthetic_USFS_Class3_benchmark_cycle
251.5,30.150000,25.000000,synthetic_USFS_Class3_benchmark_cycle
251.6,30.175000,25.000000,synthetic_USFS_Class3_benchmark_cycle
251.7,30.200000,25.000000,synthetic_USFS_Class3_benchmark_cycle
251.8,30.225000,25.000000,synthetic_USFS_Class3_benchmark_cycle
251.9,30.250000,25.000000,synthetic_USFS_Class3_benchmark_cycle
252.0,30.275000,25.000000,synthetic_USFS_Class3_benchmark_cycle
252.1,30.300000,25.000000,synthetic_USFS_Class3_benchmark_cycle
252.2,30.325000,25.000000,synthetic_USFS_Class3_benchmark_cycle
252.3,30.350000,25.000000,synthetic_USFS_Class3_benchmark_cycle
252.4,30.375000,25.000000,synthetic_USFS_Class3_benchmark_cycle
252.5,30.400000,25.000000,synthetic_USFS_Class3_benchmark_cycle
252.6,30.425000,25.000000,synthetic_USFS_Class3_benchmark_cycle
252.7,30.450000,25.000000,synthetic_USFS_Class3_benchmark_cycle
252.8,30.475000,25.000000,synthetic_USFS_Class3_benchmark_cycle
252.9,30.500000,25.000000,synthetic_USFS_Class3_benchmark_cycle
253.0,30.525000,25.000000,synthetic_USFS_Class3_benchmark_cycle
253.1,30.550000,25.000000,synthetic_USFS_Class3_benchmark_cycle
253.2,30.575000,25.000000,synthetic_USFS_Class3_benchmark_cycle
253.3,30.600000,25.000000,synthetic_USFS_Class3_benchmark_cycle
253.4,30.625000,25.000000,synthetic_USFS_Class3_benchmark_cycle
253.5,30.650000,25.000000,synthetic_USFS_Class3_benchmark_cycle
253.6,30.675000,25.000000,synthetic_USFS_Class3_benchmark_cycle
253.7,30.700000,25.000000,synthetic_USFS_Class3_benchmark_cycle
253.8,30.725000,25.000000,synthetic_USFS_Class3_benchmark_cycle
253.9,30.750000,25.000000,synthetic_USFS_Class3_benchmark_cycle
254.0,30.775000,25.000000,synthetic_USFS_Class3_benchmark_cycle
254.1,30.800000,25.000000,synthetic_USFS_Class3_benchmark_cycle
254.2,30.825000,25.000000,synthetic_USFS_Class3_benchmark_cycle
254.3,30.850000,25.000000,synthetic_USFS_Class3_benchmark_cycle
254.4,30.875000,25.000000,synthetic_USFS_Class3_benchmark_cycle
254.5,30.900000,25.000000,synthetic_USFS_Class3_benchmark_cycle
254.6,30.925000,25.000000,synthetic_USFS_Class3_benchmark_cycle
254.7,30.950000,25.000000,synthetic_USFS_Class3_benchmark_cycle
254.8,30.975000,25.000000,synthetic_USFS_Class3_benchmark_cycle
254.9,31.000000,25.000000,synthetic_USFS_Class3_benchmark_cycle
255.0,31.025000,25.000000,synthetic_USFS_Class3_benchmark_cycle
255.1,31.050000,25.000000,synthetic_USFS_Class3_benchmark_cycle
255.2,31.075000,25.000000,synthetic_USFS_Class3_benchmark_cycle
255.3,31.100000,25.000000,synthetic_USFS_Class3_benchmark_cycle
255.4,31.125000,25.000000,synthetic_USFS_Class3_benchmark_cycle
255.5,31.150000,25.000000,synthetic_USFS_Class3_benchmark_cycle
255.6,31.175000,25.000000,synthetic_USFS_Class3_benchmark_cycle
255.7,31.200000,25.000000,synthetic_USFS_Class3_benchmark_cycle
255.8,31.225000,25.000000,synthetic_USFS_Class3_benchmark_cycle
255.9,31.250000,25.000000,synthetic_USFS_Class3_benchmark_cycle
256.0,31.275000,25.000000,synthetic_USFS_Class3_benchmark_cycle
256.1,31.300000,25.000000,synthetic_USFS_Class3_benchmark_cycle
256.2,31.325000,25.000000,synthetic_USFS_Class3_benchmark_cycle
256.3,31.350000,25.000000,synthetic_USFS_Class3_benchmark_cycle
256.4,31.375000,25.000000,synthetic_USFS_Class3_benchmark_cycle
256.5,31.400000,25.000000,synthetic_USFS_Class3_benchmark_cycle
256.6,31.425000,25.000000,synthetic_USFS_Class3_benchmark_cycle
256.7,31.450000,25.000000,synthetic_USFS_Class3_benchmark_cycle
256.8,31.475000,25.000000,synthetic_USFS_Class3_benchmark_cycle
256.9,31.500000,25.000000,synthetic_USFS_Class3_benchmark_cycle
257.0,31.525000,25.000000,synthetic_USFS_Class3_benchmark_cycle
257.1,31.550000,25.000000,synthetic_USFS_Class3_benchmark_cycle
257.2,31.575000,25.000000,synthetic_USFS_Class3_benchmark_cycle
257.3,31.600000,25.000000,synthetic_USFS_Class3_benchmark_cycle
257.4,31.625000,25.000000,synthetic_USFS_Class3_benchmark_cycle
257.5,31.650000,25.000000,synthetic_USFS_Class3_benchmark_cycle
257.6,31.675000,25.000000,synthetic_USFS_Class3_benchmark_cycle
257.7,31.700000,25.000000,synthetic_USFS_Class3_benchmark_cycle
257.8,31.725000,25.000000,synthetic_USFS_Class3_benchmark_cycle
257.9,31.750000,25.000000,synthetic_USFS_Class3_benchmark_cycle
258.0,31.775000,25.000000,synthetic_USFS_Class3_benchmark_cycle
258.1,31.800000,25.000000,synthetic_USFS_Class3_benchmark_cycle
258.2,31.825000,25.000000,synthetic_USFS_Class3_benchmark_cycle
258.3,31.850000,25.000000,synthetic_USFS_Class3_benchmark_cycle
258.4,31.875000,25.000000,synthetic_USFS_Class3_benchmark_cycle
258.5,31.900000,25.000000,synthetic_USFS_Class3_benchmark_cycle
258.6,31.925000,25.000000,synthetic_USFS_Class3_benchmark_cycle
258.7,31.950000,25.000000,synthetic_USFS_Class3_benchmark_cycle
258.8,31.975000,25.000000,synthetic_USFS_Class3_benchmark_cycle
258.9,32.000000,25.000000,synthetic_USFS_Class3_benchmark_cycle
259.0,32.025000,25.000000,synthetic_USFS_Class3_benchmark_cycle
259.1,32.050000,25.000000,synthetic_USFS_Class3_benchmark_cycle
259.2,32.075000,25.000000,synthetic_USFS_Class3_benchmark_cycle
259.3,32.100000,25.000000,synthetic_USFS_Class3_benchmark_cycle
259.4,32.125000,25.000000,synthetic_USFS_Class3_benchmark_cycle
259.5,32.150000,25.000000,synthetic_USFS_Class3_benchmark_cycle
259.6,32.175000,25.000000,synthetic_USFS_Class3_benchmark_cycle
259.7,32.200000,25.000000,synthetic_USFS_Class3_benchmark_cycle
259.8,32.225000,25.000000,synthetic_USFS_Class3_benchmark_cycle
259.9,32.250000,25.000000,synthetic_USFS_Class3_benchmark_cycle
260.0,32.275000,25.000000,synthetic_USFS_Class3_benchmark_cycle
260.1,32.300000,25.000000,synthetic_USFS_Class3_benchmark_cycle
260.2,32.325000,25.000000,synthetic_USFS_Class3_benchmark_cycle
260.3,32.350000,25.000000,synthetic_USFS_Class3_benchmark_cycle
260.4,32.375000,25.000000,synthetic_USFS_Class3_benchmark_cycle
260.5,32.400000,25.000000,synthetic_USFS_Class3_benchmark_cycle
260.6,32.425000,25.000000,synthetic_USFS_Class3_benchmark_cycle
260.7,32.450000,25.000000,synthetic_USFS_Class3_benchmark_cycle
260.8,32.475000,25.000000,synthetic_USFS_Class3_benchmark_cycle
260.9,32.500000,25.000000,synthetic_USFS_Class3_benchmark_cycle
261.0,32.525000,25.000000,synthetic_USFS_Class3_benchmark_cycle
261.1,32.550000,25.000000,synthetic_USFS_Class3_benchmark_cycle
261.2,32.575000,25.000000,synthetic_USFS_Class3_benchmark_cycle
261.3,32.600000,25.000000,synthetic_USFS_Class3_benchmark_cycle
261.4,32.625000,25.000000,synthetic_USFS_Class3_benchmark_cycle
261.5,32.650000,25.000000,synthetic_USFS_Class3_benchmark_cycle
261.6,32.675000,25.000000,synthetic_USFS_Class3_benchmark_cycle
261.7,32.700000,25.000000,synthetic_USFS_Class3_benchmark_cycle
261.8,32.725000,25.000000,synthetic_USFS_Class3_benchmark_cycle
261.9,32.750000,25.000000,synthetic_USFS_Class3_benchmark_cycle
262.0,32.775000,25.000000,synthetic_USFS_Class3_benchmark_cycle
262.1,32.800000,25.000000,synthetic_USFS_Class3_benchmark_cycle
262.2,32.825000,25.000000,synthetic_USFS_Class3_benchmark_cycle
262.3,32.850000,25.000000,synthetic_USFS_Class3_benchmark_cycle
262.4,32.875000,25.000000,synthetic_USFS_Class3_benchmark_cycle
262.5,32.900000,25.000000,synthetic_USFS_Class3_benchmark_cycle
262.6,32.925000,25.000000,synthetic_USFS_Class3_benchmark_cycle
262.7,32.950000,25.000000,synthetic_USFS_Class3_benchmark_cycle
262.8,32.975000,25.000000,synthetic_USFS_Class3_benchmark_cycle
262.9,33.000000,25.000000,synthetic_USFS_Class3_benchmark_cycle
263.0,33.025000,25.000000,synthetic_USFS_Class3_benchmark_cycle
263.1,33.050000,25.000000,synthetic_USFS_Class3_benchmark_cycle
263.2,33.075000,25.000000,synthetic_USFS_Class3_benchmark_cycle
263.3,33.100000,25.000000,synthetic_USFS_Class3_benchmark_cycle
263.4,33.125000,25.000000,synthetic_USFS_Class3_benchmark_cycle
263.5,33.150000,25.000000,synthetic_USFS_Class3_benchmark_cycle
263.6,33.175000,25.000000,synthetic_USFS_Class3_benchmark_cycle
263.7,33.200000,25.000000,synthetic_USFS_Class3_benchmark_cycle
263.8,33.225000,25.000000,synthetic_USFS_Class3_benchmark_cycle
263.9,33.250000,25.000000,synthetic_USFS_Class3_benchmark_cycle
264.0,33.275000,25.000000,synthetic_USFS_Class3_benchmark_cycle
264.1,33.300000,25.000000,synthetic_USFS_Class3_benchmark_cycle
264.2,33.325000,25.000000,synthetic_USFS_Class3_benchmark_cycle
264.3,33.350000,25.000000,synthetic_USFS_Class3_benchmark_cycle
264.4,33.375000,25.000000,synthetic_USFS_Class3_benchmark_cycle
264.5,33.400000,25.000000,synthetic_USFS_Class3_benchmark_cycle
264.6,33.425000,25.000000,synthetic_USFS_Class3_benchmark_cycle
264.7,33.450000,25.000000,synthetic_USFS_Class3_benchmark_cycle
264.8,33.475000,25.000000,synthetic_USFS_Class3_benchmark_cycle
264.9,33.500000,25.000000,synthetic_USFS_Class3_benchmark_cycle
265.0,33.525000,25.000000,synthetic_USFS_Class3_benchmark_cycle
265.1,33.549992,24.983227,synthetic_USFS_Class3_benchmark_cycle
265.2,33.574950,24.932975,synthetic_USFS_Class3_benchmark_cycle
265.3,33.599841,24.849442,synthetic_USFS_Class3_benchmark_cycle
265.4,33.624632,24.732957,synthetic_USFS_Class3_benchmark_cycle
265.5,33.649291,24.583980,synthetic_USFS_Class3_benchmark_cycle
265.6,33.673784,24.403100,synthetic_USFS_Class3_benchmark_cycle
265.7,33.698081,24.191030,synthetic_USFS_Class3_benchmark_cycle
265.8,33.722151,23.948607,synthetic_USFS_Class3_benchmark_cycle
265.9,33.745964,23.676787,synthetic_USFS_Class3_benchmark_cycle
266.0,33.769490,23.376644,synthetic_USFS_Class3_benchmark_cycle
266.1,33.792703,23.049363,synthetic_USFS_Class3_benchmark_cycle
266.2,33.815576,22.696233,synthetic_USFS_Class3_benchmark_cycle
266.3,33.838084,22.318650,synthetic_USFS_Class3_benchmark_cycle
266.4,33.860202,21.918104,synthetic_USFS_Class3_benchmark_cycle
266.5,33.881909,21.496175,synthetic_USFS_Class3_benchmark_cycle
266.6,33.903185,21.054528,synthetic_USFS_Class3_benchmark_cycle
266.7,33.924009,20.594906,synthetic_USFS_Class3_benchmark_cycle
266.8,33.944366,20.119124,synthetic_USFS_Class3_benchmark_cycle
266.9,33.964240,19.629059,synthetic_USFS_Class3_benchmark_cycle
267.0,33.983618,19.126644,synthetic_USFS_Class3_benchmark_cycle
267.1,34.002488,18.613864,synthetic_USFS_Class3_benchmark_cycle
267.2,34.020842,18.092741,synthetic_USFS_Class3_benchmark_cycle
267.3,34.038671,17.565332,synthetic_USFS_Class3_benchmark_cycle
267.4,34.055970,17.033719,synthetic_USFS_Class3_benchmark_cycle
267.5,34.072737,16.500000,synthetic_USFS_Class3_benchmark_cycle
267.6,34.088970,15.966281,synthetic_USFS_Class3_benchmark_cycle
267.7,34.104671,15.434668,synthetic_USFS_Class3_benchmark_cycle
267.8,34.119842,14.907259,synthetic_USFS_Class3_benchmark_cycle
267.9,34.134488,14.386136,synthetic_USFS_Class3_benchmark_cycle
268.0,34.148618,13.873356,synthetic_USFS_Class3_benchmark_cycle
268.1,34.162240,13.370941,synthetic_USFS_Class3_benchmark_cycle
268.2,34.175366,12.880876,synthetic_USFS_Class3_benchmark_cycle
268.3,34.188009,12.405094,synthetic_USFS_Class3_benchmark_cycle
268.4,34.200185,11.945472,synthetic_USFS_Class3_benchmark_cycle
268.5,34.211909,11.503825,synthetic_USFS_Class3_benchmark_cycle
268.6,34.223202,11.081896,synthetic_USFS_Class3_benchmark_cycle
268.7,34.234084,10.681350,synthetic_USFS_Class3_benchmark_cycle
268.8,34.244576,10.303767,synthetic_USFS_Class3_benchmark_cycle
268.9,34.254703,9.950637,synthetic_USFS_Class3_benchmark_cycle
269.0,34.264490,9.623356,synthetic_USFS_Class3_benchmark_cycle
269.1,34.273964,9.323213,synthetic_USFS_Class3_benchmark_cycle
269.2,34.283151,9.051393,synthetic_USFS_Class3_benchmark_cycle
269.3,34.292081,8.808970,synthetic_USFS_Class3_benchmark_cycle
269.4,34.300784,8.596900,synthetic_USFS_Class3_benchmark_cycle
269.5,34.309291,8.416020,synthetic_USFS_Class3_benchmark_cycle
269.6,34.317632,8.267043,synthetic_USFS_Class3_benchmark_cycle
269.7,34.325841,8.150558,synthetic_USFS_Class3_benchmark_cycle
269.8,34.333950,8.067025,synthetic_USFS_Class3_benchmark_cycle
269.9,34.341992,8.016773,synthetic_USFS_Class3_benchmark_cycle
270.0,34.350000,8.000000,synthetic_USFS_Class3_benchmark_cycle
270.1,34.358000,8.000000,synthetic_USFS_Class3_benchmark_cycle
270.2,34.366000,8.000000,synthetic_USFS_Class3_benchmark_cycle
270.3,34.374000,8.000000,synthetic_USFS_Class3_benchmark_cycle
270.4,34.382000,8.000000,synthetic_USFS_Class3_benchmark_cycle
270.5,34.390000,8.000000,synthetic_USFS_Class3_benchmark_cycle
270.6,34.398000,8.000000,synthetic_USFS_Class3_benchmark_cycle
270.7,34.406000,8.000000,synthetic_USFS_Class3_benchmark_cycle
270.8,34.414000,8.000000,synthetic_USFS_Class3_benchmark_cycle
270.9,34.422000,8.000000,synthetic_USFS_Class3_benchmark_cycle
271.0,34.430000,8.000000,synthetic_USFS_Class3_benchmark_cycle
271.1,34.438000,8.000000,synthetic_USFS_Class3_benchmark_cycle
271.2,34.446000,8.000000,synthetic_USFS_Class3_benchmark_cycle
271.3,34.454000,8.000000,synthetic_USFS_Class3_benchmark_cycle
271.4,34.462000,8.000000,synthetic_USFS_Class3_benchmark_cycle
271.5,34.470000,8.000000,synthetic_USFS_Class3_benchmark_cycle
271.6,34.478000,8.000000,synthetic_USFS_Class3_benchmark_cycle
271.7,34.486000,8.000000,synthetic_USFS_Class3_benchmark_cycle
271.8,34.494000,8.000000,synthetic_USFS_Class3_benchmark_cycle
271.9,34.502000,8.000000,synthetic_USFS_Class3_benchmark_cycle
272.0,34.510000,8.000000,synthetic_USFS_Class3_benchmark_cycle
272.1,34.518000,8.000000,synthetic_USFS_Class3_benchmark_cycle
272.2,34.526000,8.000000,synthetic_USFS_Class3_benchmark_cycle
272.3,34.534000,8.000000,synthetic_USFS_Class3_benchmark_cycle
272.4,34.542000,8.000000,synthetic_USFS_Class3_benchmark_cycle
272.5,34.550000,8.000000,synthetic_USFS_Class3_benchmark_cycle
272.6,34.558000,8.000000,synthetic_USFS_Class3_benchmark_cycle
272.7,34.566000,8.000000,synthetic_USFS_Class3_benchmark_cycle
272.8,34.574000,8.000000,synthetic_USFS_Class3_benchmark_cycle
272.9,34.582000,8.000000,synthetic_USFS_Class3_benchmark_cycle
273.0,34.590000,8.000000,synthetic_USFS_Class3_benchmark_cycle
273.1,34.598000,8.000000,synthetic_USFS_Class3_benchmark_cycle
273.2,34.606000,8.000000,synthetic_USFS_Class3_benchmark_cycle
273.3,34.614000,8.000000,synthetic_USFS_Class3_benchmark_cycle
273.4,34.622000,8.000000,synthetic_USFS_Class3_benchmark_cycle
273.5,34.630000,8.000000,synthetic_USFS_Class3_benchmark_cycle
273.6,34.638000,8.000000,synthetic_USFS_Class3_benchmark_cycle
273.7,34.646000,8.000000,synthetic_USFS_Class3_benchmark_cycle
273.8,34.654000,8.000000,synthetic_USFS_Class3_benchmark_cycle
273.9,34.662000,8.000000,synthetic_USFS_Class3_benchmark_cycle
274.0,34.670000,8.000000,synthetic_USFS_Class3_benchmark_cycle
274.1,34.678000,8.000000,synthetic_USFS_Class3_benchmark_cycle
274.2,34.686000,8.000000,synthetic_USFS_Class3_benchmark_cycle
274.3,34.694000,8.000000,synthetic_USFS_Class3_benchmark_cycle
274.4,34.702000,8.000000,synthetic_USFS_Class3_benchmark_cycle
274.5,34.710000,8.000000,synthetic_USFS_Class3_benchmark_cycle
274.6,34.718000,8.000000,synthetic_USFS_Class3_benchmark_cycle
274.7,34.726000,8.000000,synthetic_USFS_Class3_benchmark_cycle
274.8,34.734000,8.000000,synthetic_USFS_Class3_benchmark_cycle
274.9,34.742000,8.000000,synthetic_USFS_Class3_benchmark_cycle
275.0,34.750000,8.000000,synthetic_USFS_Class3_benchmark_cycle
275.1,34.758000,8.000000,synthetic_USFS_Class3_benchmark_cycle
275.2,34.766000,8.000000,synthetic_USFS_Class3_benchmark_cycle
275.3,34.774000,8.000000,synthetic_USFS_Class3_benchmark_cycle
275.4,34.782000,8.000000,synthetic_USFS_Class3_benchmark_cycle
275.5,34.790000,8.000000,synthetic_USFS_Class3_benchmark_cycle
275.6,34.798000,8.000000,synthetic_USFS_Class3_benchmark_cycle
275.7,34.806000,8.000000,synthetic_USFS_Class3_benchmark_cycle
275.8,34.814000,8.000000,synthetic_USFS_Class3_benchmark_cycle
275.9,34.822000,8.000000,synthetic_USFS_Class3_benchmark_cycle
276.0,34.830000,8.000000,synthetic_USFS_Class3_benchmark_cycle
276.1,34.838000,8.000000,synthetic_USFS_Class3_benchmark_cycle
276.2,34.846000,8.000000,synthetic_USFS_Class3_benchmark_cycle
276.3,34.854000,8.000000,synthetic_USFS_Class3_benchmark_cycle
276.4,34.862000,8.000000,synthetic_USFS_Class3_benchmark_cycle
276.5,34.870000,8.000000,synthetic_USFS_Class3_benchmark_cycle
276.6,34.878000,8.000000,synthetic_USFS_Class3_benchmark_cycle
276.7,34.886000,8.000000,synthetic_USFS_Class3_benchmark_cycle
276.8,34.894000,8.000000,synthetic_USFS_Class3_benchmark_cycle
276.9,34.902000,8.000000,synthetic_USFS_Class3_benchmark_cycle
277.0,34.910000,8.000000,synthetic_USFS_Class3_benchmark_cycle
277.1,34.918000,8.000000,synthetic_USFS_Class3_benchmark_cycle
277.2,34.926000,8.000000,synthetic_USFS_Class3_benchmark_cycle
277.3,34.934000,8.000000,synthetic_USFS_Class3_benchmark_cycle
277.4,34.942000,8.000000,synthetic_USFS_Class3_benchmark_cycle
277.5,34.950000,8.000000,synthetic_USFS_Class3_benchmark_cycle
277.6,34.958000,8.000000,synthetic_USFS_Class3_benchmark_cycle
277.7,34.966000,8.000000,synthetic_USFS_Class3_benchmark_cycle
277.8,34.974000,8.000000,synthetic_USFS_Class3_benchmark_cycle
277.9,34.982000,8.000000,synthetic_USFS_Class3_benchmark_cycle
278.0,34.990000,8.000000,synthetic_USFS_Class3_benchmark_cycle
278.1,34.998000,8.000000,synthetic_USFS_Class3_benchmark_cycle
278.2,35.006000,8.000000,synthetic_USFS_Class3_benchmark_cycle
278.3,35.014000,8.000000,synthetic_USFS_Class3_benchmark_cycle
278.4,35.022000,8.000000,synthetic_USFS_Class3_benchmark_cycle
278.5,35.030000,8.000000,synthetic_USFS_Class3_benchmark_cycle
278.6,35.038000,8.000000,synthetic_USFS_Class3_benchmark_cycle
278.7,35.046000,8.000000,synthetic_USFS_Class3_benchmark_cycle
278.8,35.054000,8.000000,synthetic_USFS_Class3_benchmark_cycle
278.9,35.062000,8.000000,synthetic_USFS_Class3_benchmark_cycle
279.0,35.070000,8.000000,synthetic_USFS_Class3_benchmark_cycle
279.1,35.078000,8.000000,synthetic_USFS_Class3_benchmark_cycle
279.2,35.086000,8.000000,synthetic_USFS_Class3_benchmark_cycle
279.3,35.094000,8.000000,synthetic_USFS_Class3_benchmark_cycle
279.4,35.102000,8.000000,synthetic_USFS_Class3_benchmark_cycle
279.5,35.110000,8.000000,synthetic_USFS_Class3_benchmark_cycle
279.6,35.118000,8.000000,synthetic_USFS_Class3_benchmark_cycle
279.7,35.126000,8.000000,synthetic_USFS_Class3_benchmark_cycle
279.8,35.134000,8.000000,synthetic_USFS_Class3_benchmark_cycle
279.9,35.142000,8.000000,synthetic_USFS_Class3_benchmark_cycle
280.0,35.150000,8.000000,synthetic_USFS_Class3_benchmark_cycle
280.1,35.158000,8.000000,synthetic_USFS_Class3_benchmark_cycle
280.2,35.166000,8.000000,synthetic_USFS_Class3_benchmark_cycle
280.3,35.174000,8.000000,synthetic_USFS_Class3_benchmark_cycle
280.4,35.182000,8.000000,synthetic_USFS_Class3_benchmark_cycle
280.5,35.190000,8.000000,synthetic_USFS_Class3_benchmark_cycle
280.6,35.198000,8.000000,synthetic_USFS_Class3_benchmark_cycle
280.7,35.206000,8.000000,synthetic_USFS_Class3_benchmark_cycle
280.8,35.214000,8.000000,synthetic_USFS_Class3_benchmark_cycle
280.9,35.222000,8.000000,synthetic_USFS_Class3_benchmark_cycle
281.0,35.230000,8.000000,synthetic_USFS_Class3_benchmark_cycle
281.1,35.238000,8.000000,synthetic_USFS_Class3_benchmark_cycle
281.2,35.246000,8.000000,synthetic_USFS_Class3_benchmark_cycle
281.3,35.254000,8.000000,synthetic_USFS_Class3_benchmark_cycle
281.4,35.262000,8.000000,synthetic_USFS_Class3_benchmark_cycle
281.5,35.270000,8.000000,synthetic_USFS_Class3_benchmark_cycle
281.6,35.278000,8.000000,synthetic_USFS_Class3_benchmark_cycle
281.7,35.286000,8.000000,synthetic_USFS_Class3_benchmark_cycle
281.8,35.294000,8.000000,synthetic_USFS_Class3_benchmark_cycle
281.9,35.302000,8.000000,synthetic_USFS_Class3_benchmark_cycle
282.0,35.310000,8.000000,synthetic_USFS_Class3_benchmark_cycle
282.1,35.318000,8.000000,synthetic_USFS_Class3_benchmark_cycle
282.2,35.326000,8.000000,synthetic_USFS_Class3_benchmark_cycle
282.3,35.334000,8.000000,synthetic_USFS_Class3_benchmark_cycle
282.4,35.342000,8.000000,synthetic_USFS_Class3_benchmark_cycle
282.5,35.350000,8.000000,synthetic_USFS_Class3_benchmark_cycle
282.6,35.358000,8.000000,synthetic_USFS_Class3_benchmark_cycle
282.7,35.366000,8.000000,synthetic_USFS_Class3_benchmark_cycle
282.8,35.374000,8.000000,synthetic_USFS_Class3_benchmark_cycle
282.9,35.382000,8.000000,synthetic_USFS_Class3_benchmark_cycle
283.0,35.390000,8.000000,synthetic_USFS_Class3_benchmark_cycle
283.1,35.398000,8.000000,synthetic_USFS_Class3_benchmark_cycle
283.2,35.406000,8.000000,synthetic_USFS_Class3_benchmark_cycle
283.3,35.414000,8.000000,synthetic_USFS_Class3_benchmark_cycle
283.4,35.422000,8.000000,synthetic_USFS_Class3_benchmark_cycle
283.5,35.430000,8.000000,synthetic_USFS_Class3_benchmark_cycle
283.6,35.438000,8.000000,synthetic_USFS_Class3_benchmark_cycle
283.7,35.446000,8.000000,synthetic_USFS_Class3_benchmark_cycle
283.8,35.454000,8.000000,synthetic_USFS_Class3_benchmark_cycle
283.9,35.462000,8.000000,synthetic_USFS_Class3_benchmark_cycle
284.0,35.470000,8.000000,synthetic_USFS_Class3_benchmark_cycle
284.1,35.478000,8.000000,synthetic_USFS_Class3_benchmark_cycle
284.2,35.486000,8.000000,synthetic_USFS_Class3_benchmark_cycle
284.3,35.494000,8.000000,synthetic_USFS_Class3_benchmark_cycle
284.4,35.502000,8.000000,synthetic_USFS_Class3_benchmark_cycle
284.5,35.510000,8.000000,synthetic_USFS_Class3_benchmark_cycle
284.6,35.518000,8.000000,synthetic_USFS_Class3_benchmark_cycle
284.7,35.526000,8.000000,synthetic_USFS_Class3_benchmark_cycle
284.8,35.534000,8.000000,synthetic_USFS_Class3_benchmark_cycle
284.9,35.542000,8.000000,synthetic_USFS_Class3_benchmark_cycle
285.0,35.550000,8.000000,synthetic_USFS_Class3_benchmark_cycle
285.1,35.558000,8.000000,synthetic_USFS_Class3_benchmark_cycle
285.2,35.566000,8.000000,synthetic_USFS_Class3_benchmark_cycle
285.3,35.574000,8.000000,synthetic_USFS_Class3_benchmark_cycle
285.4,35.582000,8.000000,synthetic_USFS_Class3_benchmark_cycle
285.5,35.590000,8.000000,synthetic_USFS_Class3_benchmark_cycle
285.6,35.598000,8.000000,synthetic_USFS_Class3_benchmark_cycle
285.7,35.606000,8.000000,synthetic_USFS_Class3_benchmark_cycle
285.8,35.614000,8.000000,synthetic_USFS_Class3_benchmark_cycle
285.9,35.622000,8.000000,synthetic_USFS_Class3_benchmark_cycle
286.0,35.630000,8.000000,synthetic_USFS_Class3_benchmark_cycle
286.1,35.638000,8.000000,synthetic_USFS_Class3_benchmark_cycle
286.2,35.646000,8.000000,synthetic_USFS_Class3_benchmark_cycle
286.3,35.654000,8.000000,synthetic_USFS_Class3_benchmark_cycle
286.4,35.662000,8.000000,synthetic_USFS_Class3_benchmark_cycle
286.5,35.670000,8.000000,synthetic_USFS_Class3_benchmark_cycle
286.6,35.678000,8.000000,synthetic_USFS_Class3_benchmark_cycle
286.7,35.686000,8.000000,synthetic_USFS_Class3_benchmark_cycle
286.8,35.694000,8.000000,synthetic_USFS_Class3_benchmark_cycle
286.9,35.702000,8.000000,synthetic_USFS_Class3_benchmark_cycle
287.0,35.710000,8.000000,synthetic_USFS_Class3_benchmark_cycle
287.1,35.718000,8.000000,synthetic_USFS_Class3_benchmark_cycle
287.2,35.726000,8.000000,synthetic_USFS_Class3_benchmark_cycle
287.3,35.734000,8.000000,synthetic_USFS_Class3_benchmark_cycle
287.4,35.742000,8.000000,synthetic_USFS_Class3_benchmark_cycle
287.5,35.750000,8.000000,synthetic_USFS_Class3_benchmark_cycle
287.6,35.758000,8.000000,synthetic_USFS_Class3_benchmark_cycle
287.7,35.766000,8.000000,synthetic_USFS_Class3_benchmark_cycle
287.8,35.774000,8.000000,synthetic_USFS_Class3_benchmark_cycle
287.9,35.782000,8.000000,synthetic_USFS_Class3_benchmark_cycle
288.0,35.790000,8.000000,synthetic_USFS_Class3_benchmark_cycle
288.1,35.798000,8.000000,synthetic_USFS_Class3_benchmark_cycle
288.2,35.806000,8.000000,synthetic_USFS_Class3_benchmark_cycle
288.3,35.814000,8.000000,synthetic_USFS_Class3_benchmark_cycle
288.4,35.822000,8.000000,synthetic_USFS_Class3_benchmark_cycle
288.5,35.830000,8.000000,synthetic_USFS_Class3_benchmark_cycle
288.6,35.838000,8.000000,synthetic_USFS_Class3_benchmark_cycle
288.7,35.846000,8.000000,synthetic_USFS_Class3_benchmark_cycle
288.8,35.854000,8.000000,synthetic_USFS_Class3_benchmark_cycle
288.9,35.862000,8.000000,synthetic_USFS_Class3_benchmark_cycle
289.0,35.870000,8.000000,synthetic_USFS_Class3_benchmark_cycle
289.1,35.878000,8.000000,synthetic_USFS_Class3_benchmark_cycle
289.2,35.886000,8.000000,synthetic_USFS_Class3_benchmark_cycle
289.3,35.894000,8.000000,synthetic_USFS_Class3_benchmark_cycle
289.4,35.902000,8.000000,synthetic_USFS_Class3_benchmark_cycle
289.5,35.910000,8.000000,synthetic_USFS_Class3_benchmark_cycle
289.6,35.918000,8.000000,synthetic_USFS_Class3_benchmark_cycle
289.7,35.926000,8.000000,synthetic_USFS_Class3_benchmark_cycle
289.8,35.934000,8.000000,synthetic_USFS_Class3_benchmark_cycle
289.9,35.942000,8.000000,synthetic_USFS_Class3_benchmark_cycle
290.0,35.950000,8.000000,synthetic_USFS_Class3_benchmark_cycle
290.1,35.958000,8.000000,synthetic_USFS_Class3_benchmark_cycle
290.2,35.966000,8.000000,synthetic_USFS_Class3_benchmark_cycle
290.3,35.974000,8.000000,synthetic_USFS_Class3_benchmark_cycle
290.4,35.982000,8.000000,synthetic_USFS_Class3_benchmark_cycle
290.5,35.990000,8.000000,synthetic_USFS_Class3_benchmark_cycle
290.6,35.998000,8.000000,synthetic_USFS_Class3_benchmark_cycle
290.7,36.006000,8.000000,synthetic_USFS_Class3_benchmark_cycle
290.8,36.014000,8.000000,synthetic_USFS_Class3_benchmark_cycle
290.9,36.022000,8.000000,synthetic_USFS_Class3_benchmark_cycle
291.0,36.030000,8.000000,synthetic_USFS_Class3_benchmark_cycle
291.1,36.038000,8.000000,synthetic_USFS_Class3_benchmark_cycle
291.2,36.046000,8.000000,synthetic_USFS_Class3_benchmark_cycle
291.3,36.054000,8.000000,synthetic_USFS_Class3_benchmark_cycle
291.4,36.062000,8.000000,synthetic_USFS_Class3_benchmark_cycle
291.5,36.070000,8.000000,synthetic_USFS_Class3_benchmark_cycle
291.6,36.078000,8.000000,synthetic_USFS_Class3_benchmark_cycle
291.7,36.086000,8.000000,synthetic_USFS_Class3_benchmark_cycle
291.8,36.094000,8.000000,synthetic_USFS_Class3_benchmark_cycle
291.9,36.102000,8.000000,synthetic_USFS_Class3_benchmark_cycle
292.0,36.110000,8.000000,synthetic_USFS_Class3_benchmark_cycle
292.1,36.118000,8.000000,synthetic_USFS_Class3_benchmark_cycle
292.2,36.126000,8.000000,synthetic_USFS_Class3_benchmark_cycle
292.3,36.134000,8.000000,synthetic_USFS_Class3_benchmark_cycle
292.4,36.142000,8.000000,synthetic_USFS_Class3_benchmark_cycle
292.5,36.150000,8.000000,synthetic_USFS_Class3_benchmark_cycle
292.6,36.158000,8.000000,synthetic_USFS_Class3_benchmark_cycle
292.7,36.166000,8.000000,synthetic_USFS_Class3_benchmark_cycle
292.8,36.174000,8.000000,synthetic_USFS_Class3_benchmark_cycle
292.9,36.182000,8.000000,synthetic_USFS_Class3_benchmark_cycle
293.0,36.190000,8.000000,synthetic_USFS_Class3_benchmark_cycle
293.1,36.198000,8.000000,synthetic_USFS_Class3_benchmark_cycle
293.2,36.206000,8.000000,synthetic_USFS_Class3_benchmark_cycle
293.3,36.214000,8.000000,synthetic_USFS_Class3_benchmark_cycle
293.4,36.222000,8.000000,synthetic_USFS_Class3_benchmark_cycle
293.5,36.230000,8.000000,synthetic_USFS_Class3_benchmark_cycle
293.6,36.238000,8.000000,synthetic_USFS_Class3_benchmark_cycle
293.7,36.246000,8.000000,synthetic_USFS_Class3_benchmark_cycle
293.8,36.254000,8.000000,synthetic_USFS_Class3_benchmark_cycle
293.9,36.262000,8.000000,synthetic_USFS_Class3_benchmark_cycle
294.0,36.270000,8.000000,synthetic_USFS_Class3_benchmark_cycle
294.1,36.278000,8.000000,synthetic_USFS_Class3_benchmark_cycle
294.2,36.286000,8.000000,synthetic_USFS_Class3_benchmark_cycle
294.3,36.294000,8.000000,synthetic_USFS_Class3_benchmark_cycle
294.4,36.302000,8.000000,synthetic_USFS_Class3_benchmark_cycle
294.5,36.310000,8.000000,synthetic_USFS_Class3_benchmark_cycle
294.6,36.318000,8.000000,synthetic_USFS_Class3_benchmark_cycle
294.7,36.326000,8.000000,synthetic_USFS_Class3_benchmark_cycle
294.8,36.334000,8.000000,synthetic_USFS_Class3_benchmark_cycle
294.9,36.342000,8.000000,synthetic_USFS_Class3_benchmark_cycle
295.0,36.350000,8.000000,synthetic_USFS_Class3_benchmark_cycle
295.1,36.358000,8.000000,synthetic_USFS_Class3_benchmark_cycle
295.2,36.366000,8.000000,synthetic_USFS_Class3_benchmark_cycle
295.3,36.374000,8.000000,synthetic_USFS_Class3_benchmark_cycle
295.4,36.382000,8.000000,synthetic_USFS_Class3_benchmark_cycle
295.5,36.390000,8.000000,synthetic_USFS_Class3_benchmark_cycle
295.6,36.398000,8.000000,synthetic_USFS_Class3_benchmark_cycle
295.7,36.406000,8.000000,synthetic_USFS_Class3_benchmark_cycle
295.8,36.414000,8.000000,synthetic_USFS_Class3_benchmark_cycle
295.9,36.422000,8.000000,synthetic_USFS_Class3_benchmark_cycle
296.0,36.430000,8.000000,synthetic_USFS_Class3_benchmark_cycle
296.1,36.438000,8.000000,synthetic_USFS_Class3_benchmark_cycle
296.2,36.446000,8.000000,synthetic_USFS_Class3_benchmark_cycle
296.3,36.454000,8.000000,synthetic_USFS_Class3_benchmark_cycle
296.4,36.462000,8.000000,synthetic_USFS_Class3_benchmark_cycle
296.5,36.470000,8.000000,synthetic_USFS_Class3_benchmark_cycle
296.6,36.478000,8.000000,synthetic_USFS_Class3_benchmark_cycle
296.7,36.486000,8.000000,synthetic_USFS_Class3_benchmark_cycle
296.8,36.494000,8.000000,synthetic_USFS_Class3_benchmark_cycle
296.9,36.502000,8.000000,synthetic_USFS_Class3_benchmark_cycle
297.0,36.510000,8.000000,synthetic_USFS_Class3_benchmark_cycle
297.1,36.518000,8.000000,synthetic_USFS_Class3_benchmark_cycle
297.2,36.526000,8.000000,synthetic_USFS_Class3_benchmark_cycle
297.3,36.534000,8.000000,synthetic_USFS_Class3_benchmark_cycle
297.4,36.542000,8.000000,synthetic_USFS_Class3_benchmark_cycle
297.5,36.550000,8.000000,synthetic_USFS_Class3_benchmark_cycle
297.6,36.558000,8.000000,synthetic_USFS_Class3_benchmark_cycle
297.7,36.566000,8.000000,synthetic_USFS_Class3_benchmark_cycle
297.8,36.574000,8.000000,synthetic_USFS_Class3_benchmark_cycle
297.9,36.582000,8.000000,synthetic_USFS_Class3_benchmark_cycle
298.0,36.590000,8.000000,synthetic_USFS_Class3_benchmark_cycle
298.1,36.598000,8.000000,synthetic_USFS_Class3_benchmark_cycle
298.2,36.606000,8.000000,synthetic_USFS_Class3_benchmark_cycle
298.3,36.614000,8.000000,synthetic_USFS_Class3_benchmark_cycle
298.4,36.622000,8.000000,synthetic_USFS_Class3_benchmark_cycle
298.5,36.630000,8.000000,synthetic_USFS_Class3_benchmark_cycle
298.6,36.638000,8.000000,synthetic_USFS_Class3_benchmark_cycle
298.7,36.646000,8.000000,synthetic_USFS_Class3_benchmark_cycle
298.8,36.654000,8.000000,synthetic_USFS_Class3_benchmark_cycle
298.9,36.662000,8.000000,synthetic_USFS_Class3_benchmark_cycle
299.0,36.670000,8.000000,synthetic_USFS_Class3_benchmark_cycle
299.1,36.678000,8.000000,synthetic_USFS_Class3_benchmark_cycle
299.2,36.686000,8.000000,synthetic_USFS_Class3_benchmark_cycle
299.3,36.694000,8.000000,synthetic_USFS_Class3_benchmark_cycle
299.4,36.702000,8.000000,synthetic_USFS_Class3_benchmark_cycle
299.5,36.710000,8.000000,synthetic_USFS_Class3_benchmark_cycle
299.6,36.718000,8.000000,synthetic_USFS_Class3_benchmark_cycle
299.7,36.726000,8.000000,synthetic_USFS_Class3_benchmark_cycle
299.8,36.734000,8.000000,synthetic_USFS_Class3_benchmark_cycle
299.9,36.742000,8.000000,synthetic_USFS_Class3_benchmark_cycle
300.0,36.750000,8.000000,synthetic_USFS_Class3_benchmark_cycle
300.1,36.758000,8.000000,synthetic_USFS_Class3_benchmark_cycle
300.2,36.766000,8.000000,synthetic_USFS_Class3_benchmark_cycle
300.3,36.774000,8.000000,synthetic_USFS_Class3_benchmark_cycle
300.4,36.782000,8.000000,synthetic_USFS_Class3_benchmark_cycle
300.5,36.790000,8.000000,synthetic_USFS_Class3_benchmark_cycle
300.6,36.798000,8.000000,synthetic_USFS_Class3_benchmark_cycle
300.7,36.806000,8.000000,synthetic_USFS_Class3_benchmark_cycle
300.8,36.814000,8.000000,synthetic_USFS_Class3_benchmark_cycle
300.9,36.822000,8.000000,synthetic_USFS_Class3_benchmark_cycle
301.0,36.830000,8.000000,synthetic_USFS_Class3_benchmark_cycle
301.1,36.838000,8.000000,synthetic_USFS_Class3_benchmark_cycle
301.2,36.846000,8.000000,synthetic_USFS_Class3_benchmark_cycle
301.3,36.854000,8.000000,synthetic_USFS_Class3_benchmark_cycle
301.4,36.862000,8.000000,synthetic_USFS_Class3_benchmark_cycle
301.5,36.870000,8.000000,synthetic_USFS_Class3_benchmark_cycle
301.6,36.878000,8.000000,synthetic_USFS_Class3_benchmark_cycle
301.7,36.886000,8.000000,synthetic_USFS_Class3_benchmark_cycle
301.8,36.894000,8.000000,synthetic_USFS_Class3_benchmark_cycle
301.9,36.902000,8.000000,synthetic_USFS_Class3_benchmark_cycle
302.0,36.910000,8.000000,synthetic_USFS_Class3_benchmark_cycle
302.1,36.918000,8.000000,synthetic_USFS_Class3_benchmark_cycle
302.2,36.926000,8.000000,synthetic_USFS_Class3_benchmark_cycle
302.3,36.934000,8.000000,synthetic_USFS_Class3_benchmark_cycle
302.4,36.942000,8.000000,synthetic_USFS_Class3_benchmark_cycle
302.5,36.950000,8.000000,synthetic_USFS_Class3_benchmark_cycle
302.6,36.958000,8.000000,synthetic_USFS_Class3_benchmark_cycle
302.7,36.966000,8.000000,synthetic_USFS_Class3_benchmark_cycle
302.8,36.974000,8.000000,synthetic_USFS_Class3_benchmark_cycle
302.9,36.982000,8.000000,synthetic_USFS_Class3_benchmark_cycle
303.0,36.990000,8.000000,synthetic_USFS_Class3_benchmark_cycle
303.1,36.998000,8.000000,synthetic_USFS_Class3_benchmark_cycle
303.2,37.006000,8.000000,synthetic_USFS_Class3_benchmark_cycle
303.3,37.014000,8.000000,synthetic_USFS_Class3_benchmark_cycle
303.4,37.022000,8.000000,synthetic_USFS_Class3_benchmark_cycle
303.5,37.030000,8.000000,synthetic_USFS_Class3_benchmark_cycle
303.6,37.038000,8.000000,synthetic_USFS_Class3_benchmark_cycle
303.7,37.046000,8.000000,synthetic_USFS_Class3_benchmark_cycle
303.8,37.054000,8.000000,synthetic_USFS_Class3_benchmark_cycle
303.9,37.062000,8.000000,synthetic_USFS_Class3_benchmark_cycle
304.0,37.070000,8.000000,synthetic_USFS_Class3_benchmark_cycle
304.1,37.078000,8.000000,synthetic_USFS_Class3_benchmark_cycle
304.2,37.086000,8.000000,synthetic_USFS_Class3_benchmark_cycle
304.3,37.094000,8.000000,synthetic_USFS_Class3_benchmark_cycle
304.4,37.102000,8.000000,synthetic_USFS_Class3_benchmark_cycle
304.5,37.110000,8.000000,synthetic_USFS_Class3_benchmark_cycle
304.6,37.118000,8.000000,synthetic_USFS_Class3_benchmark_cycle
304.7,37.126000,8.000000,synthetic_USFS_Class3_benchmark_cycle
304.8,37.134000,8.000000,synthetic_USFS_Class3_benchmark_cycle
304.9,37.142000,8.000000,synthetic_USFS_Class3_benchmark_cycle
305.0,37.150000,8.000000,synthetic_USFS_Class3_benchmark_cycle
305.1,37.158000,8.000000,synthetic_USFS_Class3_benchmark_cycle
305.2,37.166000,8.000000,synthetic_USFS_Class3_benchmark_cycle
305.3,37.174000,8.000000,synthetic_USFS_Class3_benchmark_cycle
305.4,37.182000,8.000000,synthetic_USFS_Class3_benchmark_cycle
305.5,37.190000,8.000000,synthetic_USFS_Class3_benchmark_cycle
305.6,37.198000,8.000000,synthetic_USFS_Class3_benchmark_cycle
305.7,37.206000,8.000000,synthetic_USFS_Class3_benchmark_cycle
305.8,37.214000,8.000000,synthetic_USFS_Class3_benchmark_cycle
305.9,37.222000,8.000000,synthetic_USFS_Class3_benchmark_cycle
306.0,37.230000,8.000000,synthetic_USFS_Class3_benchmark_cycle
306.1,37.238000,8.000000,synthetic_USFS_Class3_benchmark_cycle
306.2,37.246000,8.000000,synthetic_USFS_Class3_benchmark_cycle
306.3,37.254000,8.000000,synthetic_USFS_Class3_benchmark_cycle
306.4,37.262000,8.000000,synthetic_USFS_Class3_benchmark_cycle
306.5,37.270000,8.000000,synthetic_USFS_Class3_benchmark_cycle
306.6,37.278000,8.000000,synthetic_USFS_Class3_benchmark_cycle
306.7,37.286000,8.000000,synthetic_USFS_Class3_benchmark_cycle
306.8,37.294000,8.000000,synthetic_USFS_Class3_benchmark_cycle
306.9,37.302000,8.000000,synthetic_USFS_Class3_benchmark_cycle
307.0,37.310000,8.000000,synthetic_USFS_Class3_benchmark_cycle
307.1,37.318000,8.000000,synthetic_USFS_Class3_benchmark_cycle
307.2,37.326000,8.000000,synthetic_USFS_Class3_benchmark_cycle
307.3,37.334000,8.000000,synthetic_USFS_Class3_benchmark_cycle
307.4,37.342000,8.000000,synthetic_USFS_Class3_benchmark_cycle
307.5,37.350000,8.000000,synthetic_USFS_Class3_benchmark_cycle
307.6,37.358000,8.000000,synthetic_USFS_Class3_benchmark_cycle
307.7,37.366000,8.000000,synthetic_USFS_Class3_benchmark_cycle
307.8,37.374000,8.000000,synthetic_USFS_Class3_benchmark_cycle
307.9,37.382000,8.000000,synthetic_USFS_Class3_benchmark_cycle
308.0,37.390000,8.000000,synthetic_USFS_Class3_benchmark_cycle
308.1,37.398000,8.000000,synthetic_USFS_Class3_benchmark_cycle
308.2,37.406000,8.000000,synthetic_USFS_Class3_benchmark_cycle
308.3,37.414000,8.000000,synthetic_USFS_Class3_benchmark_cycle
308.4,37.422000,8.000000,synthetic_USFS_Class3_benchmark_cycle
308.5,37.430000,8.000000,synthetic_USFS_Class3_benchmark_cycle
308.6,37.438000,8.000000,synthetic_USFS_Class3_benchmark_cycle
308.7,37.446000,8.000000,synthetic_USFS_Class3_benchmark_cycle
308.8,37.454000,8.000000,synthetic_USFS_Class3_benchmark_cycle
308.9,37.462000,8.000000,synthetic_USFS_Class3_benchmark_cycle
309.0,37.470000,8.000000,synthetic_USFS_Class3_benchmark_cycle
309.1,37.478000,8.000000,synthetic_USFS_Class3_benchmark_cycle
309.2,37.486000,8.000000,synthetic_USFS_Class3_benchmark_cycle
309.3,37.494000,8.000000,synthetic_USFS_Class3_benchmark_cycle
309.4,37.502000,8.000000,synthetic_USFS_Class3_benchmark_cycle
309.5,37.510000,8.000000,synthetic_USFS_Class3_benchmark_cycle
309.6,37.518000,8.000000,synthetic_USFS_Class3_benchmark_cycle
309.7,37.526000,8.000000,synthetic_USFS_Class3_benchmark_cycle
309.8,37.534000,8.000000,synthetic_USFS_Class3_benchmark_cycle
309.9,37.542000,8.000000,synthetic_USFS_Class3_benchmark_cycle
310.0,37.550000,8.000000,synthetic_USFS_Class3_benchmark_cycle
310.1,37.558000,8.000000,synthetic_USFS_Class3_benchmark_cycle
310.2,37.566000,8.000000,synthetic_USFS_Class3_benchmark_cycle
310.3,37.574000,8.000000,synthetic_USFS_Class3_benchmark_cycle
310.4,37.582000,8.000000,synthetic_USFS_Class3_benchmark_cycle
310.5,37.590000,8.000000,synthetic_USFS_Class3_benchmark_cycle
310.6,37.598000,8.000000,synthetic_USFS_Class3_benchmark_cycle
310.7,37.606000,8.000000,synthetic_USFS_Class3_benchmark_cycle
310.8,37.614000,8.000000,synthetic_USFS_Class3_benchmark_cycle
310.9,37.622000,8.000000,synthetic_USFS_Class3_benchmark_cycle
311.0,37.630000,8.000000,synthetic_USFS_Class3_benchmark_cycle
311.1,37.638000,8.000000,synthetic_USFS_Class3_benchmark_cycle
311.2,37.646000,8.000000,synthetic_USFS_Class3_benchmark_cycle
311.3,37.654000,8.000000,synthetic_USFS_Class3_benchmark_cycle
311.4,37.662000,8.000000,synthetic_USFS_Class3_benchmark_cycle
311.5,37.670000,8.000000,synthetic_USFS_Class3_benchmark_cycle
311.6,37.678000,8.000000,synthetic_USFS_Class3_benchmark_cycle
311.7,37.686000,8.000000,synthetic_USFS_Class3_benchmark_cycle
311.8,37.694000,8.000000,synthetic_USFS_Class3_benchmark_cycle
311.9,37.702000,8.000000,synthetic_USFS_Class3_benchmark_cycle
312.0,37.710000,8.000000,synthetic_USFS_Class3_benchmark_cycle
312.1,37.718000,8.000000,synthetic_USFS_Class3_benchmark_cycle
312.2,37.726000,8.000000,synthetic_USFS_Class3_benchmark_cycle
312.3,37.734000,8.000000,synthetic_USFS_Class3_benchmark_cycle
312.4,37.742000,8.000000,synthetic_USFS_Class3_benchmark_cycle
312.5,37.750000,8.000000,synthetic_USFS_Class3_benchmark_cycle
312.6,37.758000,8.000000,synthetic_USFS_Class3_benchmark_cycle
312.7,37.766000,8.000000,synthetic_USFS_Class3_benchmark_cycle
312.8,37.774000,8.000000,synthetic_USFS_Class3_benchmark_cycle
312.9,37.782000,8.000000,synthetic_USFS_Class3_benchmark_cycle
313.0,37.790000,8.000000,synthetic_USFS_Class3_benchmark_cycle
313.1,37.798000,8.000000,synthetic_USFS_Class3_benchmark_cycle
313.2,37.806000,8.000000,synthetic_USFS_Class3_benchmark_cycle
313.3,37.814000,8.000000,synthetic_USFS_Class3_benchmark_cycle
313.4,37.822000,8.000000,synthetic_USFS_Class3_benchmark_cycle
313.5,37.830000,8.000000,synthetic_USFS_Class3_benchmark_cycle
313.6,37.838000,8.000000,synthetic_USFS_Class3_benchmark_cycle
313.7,37.846000,8.000000,synthetic_USFS_Class3_benchmark_cycle
313.8,37.854000,8.000000,synthetic_USFS_Class3_benchmark_cycle
313.9,37.862000,8.000000,synthetic_USFS_Class3_benchmark_cycle
314.0,37.870000,8.000000,synthetic_USFS_Class3_benchmark_cycle
314.1,37.878000,8.000000,synthetic_USFS_Class3_benchmark_cycle
314.2,37.886000,8.000000,synthetic_USFS_Class3_benchmark_cycle
314.3,37.894000,8.000000,synthetic_USFS_Class3_benchmark_cycle
314.4,37.902000,8.000000,synthetic_USFS_Class3_benchmark_cycle
314.5,37.910000,8.000000,synthetic_USFS_Class3_benchmark_cycle
314.6,37.918000,8.000000,synthetic_USFS_Class3_benchmark_cycle
314.7,37.926000,8.000000,synthetic_USFS_Class3_benchmark_cycle
314.8,37.934000,8.000000,synthetic_USFS_Class3_benchmark_cycle
314.9,37.942000,8.000000,synthetic_USFS_Class3_benchmark_cycle
315.0,37.950000,8.000000,synthetic_USFS_Class3_benchmark_cycle
315.1,37.958000,8.000000,synthetic_USFS_Class3_benchmark_cycle
315.2,37.966000,8.000000,synthetic_USFS_Class3_benchmark_cycle
315.3,37.974000,8.000000,synthetic_USFS_Class3_benchmark_cycle
315.4,37.982000,8.000000,synthetic_USFS_Class3_benchmark_cycle
315.5,37.990000,8.000000,synthetic_USFS_Class3_benchmark_cycle
315.6,37.998000,8.000000,synthetic_USFS_Class3_benchmark_cycle
315.7,38.006000,8.000000,synthetic_USFS_Class3_benchmark_cycle
315.8,38.014000,8.000000,synthetic_USFS_Class3_benchmark_cycle
315.9,38.022000,8.000000,synthetic_USFS_Class3_benchmark_cycle
316.0,38.030000,8.000000,synthetic_USFS_Class3_benchmark_cycle
316.1,38.038000,8.000000,synthetic_USFS_Class3_benchmark_cycle
316.2,38.046000,8.000000,synthetic_USFS_Class3_benchmark_cycle
316.3,38.054000,8.000000,synthetic_USFS_Class3_benchmark_cycle
316.4,38.062000,8.000000,synthetic_USFS_Class3_benchmark_cycle
316.5,38.070000,8.000000,synthetic_USFS_Class3_benchmark_cycle
316.6,38.078000,8.000000,synthetic_USFS_Class3_benchmark_cycle
316.7,38.086000,8.000000,synthetic_USFS_Class3_benchmark_cycle
316.8,38.094000,8.000000,synthetic_USFS_Class3_benchmark_cycle
316.9,38.102000,8.000000,synthetic_USFS_Class3_benchmark_cycle
317.0,38.110000,8.000000,synthetic_USFS_Class3_benchmark_cycle
317.1,38.118000,8.000000,synthetic_USFS_Class3_benchmark_cycle
317.2,38.126000,8.000000,synthetic_USFS_Class3_benchmark_cycle
317.3,38.134000,8.000000,synthetic_USFS_Class3_benchmark_cycle
317.4,38.142000,8.000000,synthetic_USFS_Class3_benchmark_cycle
317.5,38.150000,8.000000,synthetic_USFS_Class3_benchmark_cycle
317.6,38.158000,8.000000,synthetic_USFS_Class3_benchmark_cycle
317.7,38.166000,8.000000,synthetic_USFS_Class3_benchmark_cycle
317.8,38.174000,8.000000,synthetic_USFS_Class3_benchmark_cycle
317.9,38.182000,8.000000,synthetic_USFS_Class3_benchmark_cycle
318.0,38.190000,8.000000,synthetic_USFS_Class3_benchmark_cycle
318.1,38.198000,8.000000,synthetic_USFS_Class3_benchmark_cycle
318.2,38.206000,8.000000,synthetic_USFS_Class3_benchmark_cycle
318.3,38.214000,8.000000,synthetic_USFS_Class3_benchmark_cycle
318.4,38.222000,8.000000,synthetic_USFS_Class3_benchmark_cycle
318.5,38.230000,8.000000,synthetic_USFS_Class3_benchmark_cycle
318.6,38.238000,8.000000,synthetic_USFS_Class3_benchmark_cycle
318.7,38.246000,8.000000,synthetic_USFS_Class3_benchmark_cycle
318.8,38.254000,8.000000,synthetic_USFS_Class3_benchmark_cycle
318.9,38.262000,8.000000,synthetic_USFS_Class3_benchmark_cycle
319.0,38.270000,8.000000,synthetic_USFS_Class3_benchmark_cycle
319.1,38.278000,8.000000,synthetic_USFS_Class3_benchmark_cycle
319.2,38.286000,8.000000,synthetic_USFS_Class3_benchmark_cycle
319.3,38.294000,8.000000,synthetic_USFS_Class3_benchmark_cycle
319.4,38.302000,8.000000,synthetic_USFS_Class3_benchmark_cycle
319.5,38.310000,8.000000,synthetic_USFS_Class3_benchmark_cycle
319.6,38.318000,8.000000,synthetic_USFS_Class3_benchmark_cycle
319.7,38.326000,8.000000,synthetic_USFS_Class3_benchmark_cycle
319.8,38.334000,8.000000,synthetic_USFS_Class3_benchmark_cycle
319.9,38.342000,8.000000,synthetic_USFS_Class3_benchmark_cycle
320.0,38.350000,8.000000,synthetic_USFS_Class3_benchmark_cycle
320.1,38.358000,8.000000,synthetic_USFS_Class3_benchmark_cycle
320.2,38.366000,8.000000,synthetic_USFS_Class3_benchmark_cycle
320.3,38.374000,8.000000,synthetic_USFS_Class3_benchmark_cycle
320.4,38.382000,8.000000,synthetic_USFS_Class3_benchmark_cycle
320.5,38.390000,8.000000,synthetic_USFS_Class3_benchmark_cycle
320.6,38.398000,8.000000,synthetic_USFS_Class3_benchmark_cycle
320.7,38.406000,8.000000,synthetic_USFS_Class3_benchmark_cycle
320.8,38.414000,8.000000,synthetic_USFS_Class3_benchmark_cycle
320.9,38.422000,8.000000,synthetic_USFS_Class3_benchmark_cycle
321.0,38.430000,8.000000,synthetic_USFS_Class3_benchmark_cycle
321.1,38.438000,8.000000,synthetic_USFS_Class3_benchmark_cycle
321.2,38.446000,8.000000,synthetic_USFS_Class3_benchmark_cycle
321.3,38.454000,8.000000,synthetic_USFS_Class3_benchmark_cycle
321.4,38.462000,8.000000,synthetic_USFS_Class3_benchmark_cycle
321.5,38.470000,8.000000,synthetic_USFS_Class3_benchmark_cycle
321.6,38.478000,8.000000,synthetic_USFS_Class3_benchmark_cycle
321.7,38.486000,8.000000,synthetic_USFS_Class3_benchmark_cycle
321.8,38.494000,8.000000,synthetic_USFS_Class3_benchmark_cycle
321.9,38.502000,8.000000,synthetic_USFS_Class3_benchmark_cycle
322.0,38.510000,8.000000,synthetic_USFS_Class3_benchmark_cycle
322.1,38.518000,8.000000,synthetic_USFS_Class3_benchmark_cycle
322.2,38.526000,8.000000,synthetic_USFS_Class3_benchmark_cycle
322.3,38.534000,8.000000,synthetic_USFS_Class3_benchmark_cycle
322.4,38.542000,8.000000,synthetic_USFS_Class3_benchmark_cycle
322.5,38.550000,8.000000,synthetic_USFS_Class3_benchmark_cycle
322.6,38.558000,8.000000,synthetic_USFS_Class3_benchmark_cycle
322.7,38.566000,8.000000,synthetic_USFS_Class3_benchmark_cycle
322.8,38.574000,8.000000,synthetic_USFS_Class3_benchmark_cycle
322.9,38.582000,8.000000,synthetic_USFS_Class3_benchmark_cycle
323.0,38.590000,8.000000,synthetic_USFS_Class3_benchmark_cycle
323.1,38.598000,8.000000,synthetic_USFS_Class3_benchmark_cycle
323.2,38.606000,8.000000,synthetic_USFS_Class3_benchmark_cycle
323.3,38.614000,8.000000,synthetic_USFS_Class3_benchmark_cycle
323.4,38.622000,8.000000,synthetic_USFS_Class3_benchmark_cycle
323.5,38.630000,8.000000,synthetic_USFS_Class3_benchmark_cycle
323.6,38.638000,8.000000,synthetic_USFS_Class3_benchmark_cycle
323.7,38.646000,8.000000,synthetic_USFS_Class3_benchmark_cycle
323.8,38.654000,8.000000,synthetic_USFS_Class3_benchmark_cycle
323.9,38.662000,8.000000,synthetic_USFS_Class3_benchmark_cycle
324.0,38.670000,8.000000,synthetic_USFS_Class3_benchmark_cycle
324.1,38.678000,8.000000,synthetic_USFS_Class3_benchmark_cycle
324.2,38.686000,8.000000,synthetic_USFS_Class3_benchmark_cycle
324.3,38.694000,8.000000,synthetic_USFS_Class3_benchmark_cycle
324.4,38.702000,8.000000,synthetic_USFS_Class3_benchmark_cycle
324.5,38.710000,8.000000,synthetic_USFS_Class3_benchmark_cycle
324.6,38.718000,8.000000,synthetic_USFS_Class3_benchmark_cycle
324.7,38.726000,8.000000,synthetic_USFS_Class3_benchmark_cycle
324.8,38.734000,8.000000,synthetic_USFS_Class3_benchmark_cycle
324.9,38.742000,8.000000,synthetic_USFS_Class3_benchmark_cycle
325.0,38.750000,8.000000,synthetic_USFS_Class3_benchmark_cycle
325.1,38.758000,8.000000,synthetic_USFS_Class3_benchmark_cycle
325.2,38.766000,8.000000,synthetic_USFS_Class3_benchmark_cycle
325.3,38.774000,8.000000,synthetic_USFS_Class3_benchmark_cycle
325.4,38.782000,8.000000,synthetic_USFS_Class3_benchmark_cycle
325.5,38.790000,8.000000,synthetic_USFS_Class3_benchmark_cycle
325.6,38.798000,8.000000,synthetic_USFS_Class3_benchmark_cycle
325.7,38.806000,8.000000,synthetic_USFS_Class3_benchmark_cycle
325.8,38.814000,8.000000,synthetic_USFS_Class3_benchmark_cycle
325.9,38.822000,8.000000,synthetic_USFS_Class3_benchmark_cycle
326.0,38.830000,8.000000,synthetic_USFS_Class3_benchmark_cycle
326.1,38.838000,8.000000,synthetic_USFS_Class3_benchmark_cycle
326.2,38.846000,8.000000,synthetic_USFS_Class3_benchmark_cycle
326.3,38.854000,8.000000,synthetic_USFS_Class3_benchmark_cycle
326.4,38.862000,8.000000,synthetic_USFS_Class3_benchmark_cycle
326.5,38.870000,8.000000,synthetic_USFS_Class3_benchmark_cycle
326.6,38.878000,8.000000,synthetic_USFS_Class3_benchmark_cycle
326.7,38.886000,8.000000,synthetic_USFS_Class3_benchmark_cycle
326.8,38.894000,8.000000,synthetic_USFS_Class3_benchmark_cycle
326.9,38.902000,8.000000,synthetic_USFS_Class3_benchmark_cycle
327.0,38.910000,8.000000,synthetic_USFS_Class3_benchmark_cycle
327.1,38.918000,8.000000,synthetic_USFS_Class3_benchmark_cycle
327.2,38.926000,8.000000,synthetic_USFS_Class3_benchmark_cycle
327.3,38.934000,8.000000,synthetic_USFS_Class3_benchmark_cycle
327.4,38.942000,8.000000,synthetic_USFS_Class3_benchmark_cycle
327.5,38.950000,8.000000,synthetic_USFS_Class3_benchmark_cycle
327.6,38.958000,8.000000,synthetic_USFS_Class3_benchmark_cycle
327.7,38.966000,8.000000,synthetic_USFS_Class3_benchmark_cycle
327.8,38.974000,8.000000,synthetic_USFS_Class3_benchmark_cycle
327.9,38.982000,8.000000,synthetic_USFS_Class3_benchmark_cycle
328.0,38.990000,8.000000,synthetic_USFS_Class3_benchmark_cycle
328.1,38.998000,8.000000,synthetic_USFS_Class3_benchmark_cycle
328.2,39.006000,8.000000,synthetic_USFS_Class3_benchmark_cycle
328.3,39.014000,8.000000,synthetic_USFS_Class3_benchmark_cycle
328.4,39.022000,8.000000,synthetic_USFS_Class3_benchmark_cycle
328.5,39.030000,8.000000,synthetic_USFS_Class3_benchmark_cycle
328.6,39.038000,8.000000,synthetic_USFS_Class3_benchmark_cycle
328.7,39.046000,8.000000,synthetic_USFS_Class3_benchmark_cycle
328.8,39.054000,8.000000,synthetic_USFS_Class3_benchmark_cycle
328.9,39.062000,8.000000,synthetic_USFS_Class3_benchmark_cycle
329.0,39.070000,8.000000,synthetic_USFS_Class3_benchmark_cycle
329.1,39.078000,8.000000,synthetic_USFS_Class3_benchmark_cycle
329.2,39.086000,8.000000,synthetic_USFS_Class3_benchmark_cycle
329.3,39.094000,8.000000,synthetic_USFS_Class3_benchmark_cycle
329.4,39.102000,8.000000,synthetic_USFS_Class3_benchmark_cycle
329.5,39.110000,8.000000,synthetic_USFS_Class3_benchmark_cycle
329.6,39.118000,8.000000,synthetic_USFS_Class3_benchmark_cycle
329.7,39.126000,8.000000,synthetic_USFS_Class3_benchmark_cycle
329.8,39.134000,8.000000,synthetic_USFS_Class3_benchmark_cycle
329.9,39.142000,8.000000,synthetic_USFS_Class3_benchmark_cycle
330.0,39.150000,8.000000,synthetic_USFS_Class3_benchmark_cycle
330.1,39.158000,8.000000,synthetic_USFS_Class3_benchmark_cycle
330.2,39.166000,8.000000,synthetic_USFS_Class3_benchmark_cycle
330.3,39.174000,8.000000,synthetic_USFS_Class3_benchmark_cycle
330.4,39.182000,8.000000,synthetic_USFS_Class3_benchmark_cycle
330.5,39.190000,8.000000,synthetic_USFS_Class3_benchmark_cycle
330.6,39.198000,8.000000,synthetic_USFS_Class3_benchmark_cycle
330.7,39.206000,8.000000,synthetic_USFS_Class3_benchmark_cycle
330.8,39.214000,8.000000,synthetic_USFS_Class3_benchmark_cycle
330.9,39.222000,8.000000,synthetic_USFS_Class3_benchmark_cycle
331.0,39.230000,8.000000,synthetic_USFS_Class3_benchmark_cycle
331.1,39.238000,8.000000,synthetic_USFS_Class3_benchmark_cycle
331.2,39.246000,8.000000,synthetic_USFS_Class3_benchmark_cycle
331.3,39.254000,8.000000,synthetic_USFS_Class3_benchmark_cycle
331.4,39.262000,8.000000,synthetic_USFS_Class3_benchmark_cycle
331.5,39.270000,8.000000,synthetic_USFS_Class3_benchmark_cycle
331.6,39.278000,8.000000,synthetic_USFS_Class3_benchmark_cycle
331.7,39.286000,8.000000,synthetic_USFS_Class3_benchmark_cycle
331.8,39.294000,8.000000,synthetic_USFS_Class3_benchmark_cycle
331.9,39.302000,8.000000,synthetic_USFS_Class3_benchmark_cycle
332.0,39.310000,8.000000,synthetic_USFS_Class3_benchmark_cycle
332.1,39.318000,8.000000,synthetic_USFS_Class3_benchmark_cycle
332.2,39.326000,8.000000,synthetic_USFS_Class3_benchmark_cycle
332.3,39.334000,8.000000,synthetic_USFS_Class3_benchmark_cycle
332.4,39.342000,8.000000,synthetic_USFS_Class3_benchmark_cycle
332.5,39.350000,8.000000,synthetic_USFS_Class3_benchmark_cycle
332.6,39.358000,8.000000,synthetic_USFS_Class3_benchmark_cycle
332.7,39.366000,8.000000,synthetic_USFS_Class3_benchmark_cycle
332.8,39.374000,8.000000,synthetic_USFS_Class3_benchmark_cycle
332.9,39.382000,8.000000,synthetic_USFS_Class3_benchmark_cycle
333.0,39.390000,8.000000,synthetic_USFS_Class3_benchmark_cycle
333.1,39.398000,8.000000,synthetic_USFS_Class3_benchmark_cycle
333.2,39.406000,8.000000,synthetic_USFS_Class3_benchmark_cycle
333.3,39.414000,8.000000,synthetic_USFS_Class3_benchmark_cycle
333.4,39.422000,8.000000,synthetic_USFS_Class3_benchmark_cycle
333.5,39.430000,8.000000,synthetic_USFS_Class3_benchmark_cycle
333.6,39.438000,8.000000,synthetic_USFS_Class3_benchmark_cycle
333.7,39.446000,8.000000,synthetic_USFS_Class3_benchmark_cycle
333.8,39.454000,8.000000,synthetic_USFS_Class3_benchmark_cycle
333.9,39.462000,8.000000,synthetic_USFS_Class3_benchmark_cycle
334.0,39.470000,8.000000,synthetic_USFS_Class3_benchmark_cycle
334.1,39.478000,8.000000,synthetic_USFS_Class3_benchmark_cycle
334.2,39.486000,8.000000,synthetic_USFS_Class3_benchmark_cycle
334.3,39.494000,8.000000,synthetic_USFS_Class3_benchmark_cycle
334.4,39.502000,8.000000,synthetic_USFS_Class3_benchmark_cycle
334.5,39.510000,8.000000,synthetic_USFS_Class3_benchmark_cycle
334.6,39.518000,8.000000,synthetic_USFS_Class3_benchmark_cycle
334.7,39.526000,8.000000,synthetic_USFS_Class3_benchmark_cycle
334.8,39.534000,8.000000,synthetic_USFS_Class3_benchmark_cycle
334.9,39.542000,8.000000,synthetic_USFS_Class3_benchmark_cycle
335.0,39.550000,8.000000,synthetic_USFS_Class3_benchmark_cycle
335.1,39.558000,8.000000,synthetic_USFS_Class3_benchmark_cycle
335.2,39.566000,8.000000,synthetic_USFS_Class3_benchmark_cycle
335.3,39.574000,8.000000,synthetic_USFS_Class3_benchmark_cycle
335.4,39.582000,8.000000,synthetic_USFS_Class3_benchmark_cycle
335.5,39.590000,8.000000,synthetic_USFS_Class3_benchmark_cycle
335.6,39.598000,8.000000,synthetic_USFS_Class3_benchmark_cycle
335.7,39.606000,8.000000,synthetic_USFS_Class3_benchmark_cycle
335.8,39.614000,8.000000,synthetic_USFS_Class3_benchmark_cycle
335.9,39.622000,8.000000,synthetic_USFS_Class3_benchmark_cycle
336.0,39.630000,8.000000,synthetic_USFS_Class3_benchmark_cycle
336.1,39.638000,8.000000,synthetic_USFS_Class3_benchmark_cycle
336.2,39.646000,8.000000,synthetic_USFS_Class3_benchmark_cycle
336.3,39.654000,8.000000,synthetic_USFS_Class3_benchmark_cycle
336.4,39.662000,8.000000,synthetic_USFS_Class3_benchmark_cycle
336.5,39.670000,8.000000,synthetic_USFS_Class3_benchmark_cycle
336.6,39.678000,8.000000,synthetic_USFS_Class3_benchmark_cycle
336.7,39.686000,8.000000,synthetic_USFS_Class3_benchmark_cycle
336.8,39.694000,8.000000,synthetic_USFS_Class3_benchmark_cycle
336.9,39.702000,8.000000,synthetic_USFS_Class3_benchmark_cycle
337.0,39.710000,8.000000,synthetic_USFS_Class3_benchmark_cycle
337.1,39.718000,8.000000,synthetic_USFS_Class3_benchmark_cycle
337.2,39.726000,8.000000,synthetic_USFS_Class3_benchmark_cycle
337.3,39.734000,8.000000,synthetic_USFS_Class3_benchmark_cycle
337.4,39.742000,8.000000,synthetic_USFS_Class3_benchmark_cycle
337.5,39.750000,8.000000,synthetic_USFS_Class3_benchmark_cycle
337.6,39.758000,8.000000,synthetic_USFS_Class3_benchmark_cycle
337.7,39.766000,8.000000,synthetic_USFS_Class3_benchmark_cycle
337.8,39.774000,8.000000,synthetic_USFS_Class3_benchmark_cycle
337.9,39.782000,8.000000,synthetic_USFS_Class3_benchmark_cycle
338.0,39.790000,8.000000,synthetic_USFS_Class3_benchmark_cycle
338.1,39.798000,8.000000,synthetic_USFS_Class3_benchmark_cycle
338.2,39.806000,8.000000,synthetic_USFS_Class3_benchmark_cycle
338.3,39.814000,8.000000,synthetic_USFS_Class3_benchmark_cycle
338.4,39.822000,8.000000,synthetic_USFS_Class3_benchmark_cycle
338.5,39.830000,8.000000,synthetic_USFS_Class3_benchmark_cycle
338.6,39.838000,8.000000,synthetic_USFS_Class3_benchmark_cycle
338.7,39.846000,8.000000,synthetic_USFS_Class3_benchmark_cycle
338.8,39.854000,8.000000,synthetic_USFS_Class3_benchmark_cycle
338.9,39.862000,8.000000,synthetic_USFS_Class3_benchmark_cycle
339.0,39.870000,8.000000,synthetic_USFS_Class3_benchmark_cycle
339.1,39.878000,8.000000,synthetic_USFS_Class3_benchmark_cycle
339.2,39.886000,8.000000,synthetic_USFS_Class3_benchmark_cycle
339.3,39.894000,8.000000,synthetic_USFS_Class3_benchmark_cycle
339.4,39.902000,8.000000,synthetic_USFS_Class3_benchmark_cycle
339.5,39.910000,8.000000,synthetic_USFS_Class3_benchmark_cycle
339.6,39.918000,8.000000,synthetic_USFS_Class3_benchmark_cycle
339.7,39.926000,8.000000,synthetic_USFS_Class3_benchmark_cycle
339.8,39.934000,8.000000,synthetic_USFS_Class3_benchmark_cycle
339.9,39.942000,8.000000,synthetic_USFS_Class3_benchmark_cycle
340.0,39.950000,8.000000,synthetic_USFS_Class3_benchmark_cycle
340.1,39.958008,8.016773,synthetic_USFS_Class3_benchmark_cycle
340.2,39.966050,8.067025,synthetic_USFS_Class3_benchmark_cycle
340.3,39.974159,8.150558,synthetic_USFS_Class3_benchmark_cycle
340.4,39.982368,8.267043,synthetic_USFS_Class3_benchmark_cycle
340.5,39.990709,8.416020,synthetic_USFS_Class3_benchmark_cycle
340.6,39.999216,8.596900,synthetic_USFS_Class3_benchmark_cycle
340.7,40.007919,8.808970,synthetic_USFS_Class3_benchmark_cycle
340.8,40.016849,9.051393,synthetic_USFS_Class3_benchmark_cycle
340.9,40.026036,9.323213,synthetic_USFS_Class3_benchmark_cycle
341.0,40.035510,9.623356,synthetic_USFS_Class3_benchmark_cycle
341.1,40.045297,9.950637,synthetic_USFS_Class3_benchmark_cycle
341.2,40.055424,10.303767,synthetic_USFS_Class3_benchmark_cycle
341.3,40.065916,10.681350,synthetic_USFS_Class3_benchmark_cycle
341.4,40.076798,11.081896,synthetic_USFS_Class3_benchmark_cycle
341.5,40.088091,11.503825,synthetic_USFS_Class3_benchmark_cycle
341.6,40.099815,11.945472,synthetic_USFS_Class3_benchmark_cycle
341.7,40.111991,12.405094,synthetic_USFS_Class3_benchmark_cycle
341.8,40.124634,12.880876,synthetic_USFS_Class3_benchmark_cycle
341.9,40.137760,13.370941,synthetic_USFS_Class3_benchmark_cycle
342.0,40.151382,13.873356,synthetic_USFS_Class3_benchmark_cycle
342.1,40.165512,14.386136,synthetic_USFS_Class3_benchmark_cycle
342.2,40.180158,14.907259,synthetic_USFS_Class3_benchmark_cycle
342.3,40.195329,15.434668,synthetic_USFS_Class3_benchmark_cycle
342.4,40.211030,15.966281,synthetic_USFS_Class3_benchmark_cycle
342.5,40.227263,16.500000,synthetic_USFS_Class3_benchmark_cycle
342.6,40.244030,17.033719,synthetic_USFS_Class3_benchmark_cycle
342.7,40.261329,17.565332,synthetic_USFS_Class3_benchmark_cycle
342.8,40.279158,18.092741,synthetic_USFS_Class3_benchmark_cycle
342.9,40.297512,18.613864,synthetic_USFS_Class3_benchmark_cycle
343.0,40.316382,19.126644,synthetic_USFS_Class3_benchmark_cycle
343.1,40.335760,19.629059,synthetic_USFS_Class3_benchmark_cycle
343.2,40.355634,20.119124,synthetic_USFS_Class3_benchmark_cycle
343.3,40.375991,20.594906,synthetic_USFS_Class3_benchmark_cycle
343.4,40.396815,21.054528,synthetic_USFS_Class3_benchmark_cycle
343.5,40.418091,21.496175,synthetic_USFS_Class3_benchmark_cycle
343.6,40.439798,21.918104,synthetic_USFS_Class3_benchmark_cycle
343.7,40.461916,22.318650,synthetic_USFS_Class3_benchmark_cycle
343.8,40.484424,22.696233,synthetic_USFS_Class3_benchmark_cycle
343.9,40.507297,23.049363,synthetic_USFS_Class3_benchmark_cycle
344.0,40.530510,23.376644,synthetic_USFS_Class3_benchmark_cycle
344.1,40.554036,23.676787,synthetic_USFS_Class3_benchmark_cycle
344.2,40.577849,23.948607,synthetic_USFS_Class3_benchmark_cycle
344.3,40.601919,24.191030,synthetic_USFS_Class3_benchmark_cycle
344.4,40.626216,24.403100,synthetic_USFS_Class3_benchmark_cycle
344.5,40.650709,24.583980,synthetic_USFS_Class3_benchmark_cycle
344.6,40.675368,24.732957,synthetic_USFS_Class3_benchmark_cycle
344.7,40.700159,24.849442,synthetic_USFS_Class3_benchmark_cycle
344.8,40.725050,24.932975,synthetic_USFS_Class3_benchmark_cycle
344.9,40.750008,24.983227,synthetic_USFS_Class3_benchmark_cycle
345.0,40.775000,25.000000,synthetic_USFS_Class3_benchmark_cycle
345.1,40.800000,25.000000,synthetic_USFS_Class3_benchmark_cycle
345.2,40.825000,25.000000,synthetic_USFS_Class3_benchmark_cycle
345.3,40.850000,25.000000,synthetic_USFS_Class3_benchmark_cycle
345.4,40.875000,25.000000,synthetic_USFS_Class3_benchmark_cycle
345.5,40.900000,25.000000,synthetic_USFS_Class3_benchmark_cycle
345.6,40.925000,25.000000,synthetic_USFS_Class3_benchmark_cycle
345.7,40.950000,25.000000,synthetic_USFS_Class3_benchmark_cycle
345.8,40.975000,25.000000,synthetic_USFS_Class3_benchmark_cycle
345.9,41.000000,25.000000,synthetic_USFS_Class3_benchmark_cycle
346.0,41.025000,25.000000,synthetic_USFS_Class3_benchmark_cycle
346.1,41.050000,25.000000,synthetic_USFS_Class3_benchmark_cycle
346.2,41.075000,25.000000,synthetic_USFS_Class3_benchmark_cycle
346.3,41.100000,25.000000,synthetic_USFS_Class3_benchmark_cycle
346.4,41.125000,25.000000,synthetic_USFS_Class3_benchmark_cycle
346.5,41.150000,25.000000,synthetic_USFS_Class3_benchmark_cycle
346.6,41.175000,25.000000,synthetic_USFS_Class3_benchmark_cycle
346.7,41.200000,25.000000,synthetic_USFS_Class3_benchmark_cycle
346.8,41.225000,25.000000,synthetic_USFS_Class3_benchmark_cycle
346.9,41.250000,25.000000,synthetic_USFS_Class3_benchmark_cycle
347.0,41.275000,25.000000,synthetic_USFS_Class3_benchmark_cycle
347.1,41.300000,25.000000,synthetic_USFS_Class3_benchmark_cycle
347.2,41.325000,25.000000,synthetic_USFS_Class3_benchmark_cycle
347.3,41.350000,25.000000,synthetic_USFS_Class3_benchmark_cycle
347.4,41.375000,25.000000,synthetic_USFS_Class3_benchmark_cycle
347.5,41.400000,25.000000,synthetic_USFS_Class3_benchmark_cycle
347.6,41.425000,25.000000,synthetic_USFS_Class3_benchmark_cycle
347.7,41.450000,25.000000,synthetic_USFS_Class3_benchmark_cycle
347.8,41.475000,25.000000,synthetic_USFS_Class3_benchmark_cycle
347.9,41.500000,25.000000,synthetic_USFS_Class3_benchmark_cycle
348.0,41.525000,25.000000,synthetic_USFS_Class3_benchmark_cycle
348.1,41.550000,25.000000,synthetic_USFS_Class3_benchmark_cycle
348.2,41.575000,25.000000,synthetic_USFS_Class3_benchmark_cycle
348.3,41.600000,25.000000,synthetic_USFS_Class3_benchmark_cycle
348.4,41.625000,25.000000,synthetic_USFS_Class3_benchmark_cycle
348.5,41.650000,25.000000,synthetic_USFS_Class3_benchmark_cycle
348.6,41.675000,25.000000,synthetic_USFS_Class3_benchmark_cycle
348.7,41.700000,25.000000,synthetic_USFS_Class3_benchmark_cycle
348.8,41.725000,25.000000,synthetic_USFS_Class3_benchmark_cycle
348.9,41.750000,25.000000,synthetic_USFS_Class3_benchmark_cycle
349.0,41.775000,25.000000,synthetic_USFS_Class3_benchmark_cycle
349.1,41.800000,25.000000,synthetic_USFS_Class3_benchmark_cycle
349.2,41.825000,25.000000,synthetic_USFS_Class3_benchmark_cycle
349.3,41.850000,25.000000,synthetic_USFS_Class3_benchmark_cycle
349.4,41.875000,25.000000,synthetic_USFS_Class3_benchmark_cycle
349.5,41.900000,25.000000,synthetic_USFS_Class3_benchmark_cycle
349.6,41.925000,25.000000,synthetic_USFS_Class3_benchmark_cycle
349.7,41.950000,25.000000,synthetic_USFS_Class3_benchmark_cycle
349.8,41.975000,25.000000,synthetic_USFS_Class3_benchmark_cycle
349.9,42.000000,25.000000,synthetic_USFS_Class3_benchmark_cycle
350.0,42.025000,25.000000,synthetic_USFS_Class3_benchmark_cycle
350.1,42.050000,25.000000,synthetic_USFS_Class3_benchmark_cycle
350.2,42.075000,25.000000,synthetic_USFS_Class3_benchmark_cycle
350.3,42.100000,25.000000,synthetic_USFS_Class3_benchmark_cycle
350.4,42.125000,25.000000,synthetic_USFS_Class3_benchmark_cycle
350.5,42.150000,25.000000,synthetic_USFS_Class3_benchmark_cycle
350.6,42.175000,25.000000,synthetic_USFS_Class3_benchmark_cycle
350.7,42.200000,25.000000,synthetic_USFS_Class3_benchmark_cycle
350.8,42.225000,25.000000,synthetic_USFS_Class3_benchmark_cycle
350.9,42.250000,25.000000,synthetic_USFS_Class3_benchmark_cycle
351.0,42.275000,25.000000,synthetic_USFS_Class3_benchmark_cycle
351.1,42.300000,25.000000,synthetic_USFS_Class3_benchmark_cycle
351.2,42.325000,25.000000,synthetic_USFS_Class3_benchmark_cycle
351.3,42.350000,25.000000,synthetic_USFS_Class3_benchmark_cycle
351.4,42.375000,25.000000,synthetic_USFS_Class3_benchmark_cycle
351.5,42.400000,25.000000,synthetic_USFS_Class3_benchmark_cycle
351.6,42.425000,25.000000,synthetic_USFS_Class3_benchmark_cycle
351.7,42.450000,25.000000,synthetic_USFS_Class3_benchmark_cycle
351.8,42.475000,25.000000,synthetic_USFS_Class3_benchmark_cycle
351.9,42.500000,25.000000,synthetic_USFS_Class3_benchmark_cycle
352.0,42.525000,25.000000,synthetic_USFS_Class3_benchmark_cycle
352.1,42.550000,25.000000,synthetic_USFS_Class3_benchmark_cycle
352.2,42.575000,25.000000,synthetic_USFS_Class3_benchmark_cycle
352.3,42.600000,25.000000,synthetic_USFS_Class3_benchmark_cycle
352.4,42.625000,25.000000,synthetic_USFS_Class3_benchmark_cycle
352.5,42.650000,25.000000,synthetic_USFS_Class3_benchmark_cycle
352.6,42.675000,25.000000,synthetic_USFS_Class3_benchmark_cycle
352.7,42.700000,25.000000,synthetic_USFS_Class3_benchmark_cycle
352.8,42.725000,25.000000,synthetic_USFS_Class3_benchmark_cycle
352.9,42.750000,25.000000,synthetic_USFS_Class3_benchmark_cycle
353.0,42.775000,25.000000,synthetic_USFS_Class3_benchmark_cycle
353.1,42.800000,25.000000,synthetic_USFS_Class3_benchmark_cycle
353.2,42.825000,25.000000,synthetic_USFS_Class3_benchmark_cycle
353.3,42.850000,25.000000,synthetic_USFS_Class3_benchmark_cycle
353.4,42.875000,25.000000,synthetic_USFS_Class3_benchmark_cycle
353.5,42.900000,25.000000,synthetic_USFS_Class3_benchmark_cycle
353.6,42.925000,25.000000,synthetic_USFS_Class3_benchmark_cycle
353.7,42.950000,25.000000,synthetic_USFS_Class3_benchmark_cycle
353.8,42.975000,25.000000,synthetic_USFS_Class3_benchmark_cycle
353.9,43.000000,25.000000,synthetic_USFS_Class3_benchmark_cycle
354.0,43.025000,25.000000,synthetic_USFS_Class3_benchmark_cycle
354.1,43.050000,25.000000,synthetic_USFS_Class3_benchmark_cycle
354.2,43.075000,25.000000,synthetic_USFS_Class3_benchmark_cycle
354.3,43.100000,25.000000,synthetic_USFS_Class3_benchmark_cycle
354.4,43.125000,25.000000,synthetic_USFS_Class3_benchmark_cycle
354.5,43.150000,25.000000,synthetic_USFS_Class3_benchmark_cycle
354.6,43.175000,25.000000,synthetic_USFS_Class3_benchmark_cycle
354.7,43.200000,25.000000,synthetic_USFS_Class3_benchmark_cycle
354.8,43.225000,25.000000,synthetic_USFS_Class3_benchmark_cycle
354.9,43.250000,25.000000,synthetic_USFS_Class3_benchmark_cycle
355.0,43.275000,25.000000,synthetic_USFS_Class3_benchmark_cycle
355.1,43.300000,25.000000,synthetic_USFS_Class3_benchmark_cycle
355.2,43.325000,25.000000,synthetic_USFS_Class3_benchmark_cycle
355.3,43.350000,25.000000,synthetic_USFS_Class3_benchmark_cycle
355.4,43.375000,25.000000,synthetic_USFS_Class3_benchmark_cycle
355.5,43.400000,25.000000,synthetic_USFS_Class3_benchmark_cycle
355.6,43.425000,25.000000,synthetic_USFS_Class3_benchmark_cycle
355.7,43.450000,25.000000,synthetic_USFS_Class3_benchmark_cycle
355.8,43.475000,25.000000,synthetic_USFS_Class3_benchmark_cycle
355.9,43.500000,25.000000,synthetic_USFS_Class3_benchmark_cycle
356.0,43.525000,25.000000,synthetic_USFS_Class3_benchmark_cycle
356.1,43.550000,25.000000,synthetic_USFS_Class3_benchmark_cycle
356.2,43.575000,25.000000,synthetic_USFS_Class3_benchmark_cycle
356.3,43.600000,25.000000,synthetic_USFS_Class3_benchmark_cycle
356.4,43.625000,25.000000,synthetic_USFS_Class3_benchmark_cycle
356.5,43.650000,25.000000,synthetic_USFS_Class3_benchmark_cycle
356.6,43.675000,25.000000,synthetic_USFS_Class3_benchmark_cycle
356.7,43.700000,25.000000,synthetic_USFS_Class3_benchmark_cycle
356.8,43.725000,25.000000,synthetic_USFS_Class3_benchmark_cycle
356.9,43.750000,25.000000,synthetic_USFS_Class3_benchmark_cycle
357.0,43.775000,25.000000,synthetic_USFS_Class3_benchmark_cycle
357.1,43.800000,25.000000,synthetic_USFS_Class3_benchmark_cycle
357.2,43.825000,25.000000,synthetic_USFS_Class3_benchmark_cycle
357.3,43.850000,25.000000,synthetic_USFS_Class3_benchmark_cycle
357.4,43.875000,25.000000,synthetic_USFS_Class3_benchmark_cycle
357.5,43.900000,25.000000,synthetic_USFS_Class3_benchmark_cycle
357.6,43.925000,25.000000,synthetic_USFS_Class3_benchmark_cycle
357.7,43.950000,25.000000,synthetic_USFS_Class3_benchmark_cycle
357.8,43.975000,25.000000,synthetic_USFS_Class3_benchmark_cycle
357.9,44.000000,25.000000,synthetic_USFS_Class3_benchmark_cycle
358.0,44.025000,25.000000,synthetic_USFS_Class3_benchmark_cycle
358.1,44.050000,25.000000,synthetic_USFS_Class3_benchmark_cycle
358.2,44.075000,25.000000,synthetic_USFS_Class3_benchmark_cycle
358.3,44.100000,25.000000,synthetic_USFS_Class3_benchmark_cycle
358.4,44.125000,25.000000,synthetic_USFS_Class3_benchmark_cycle
358.5,44.150000,25.000000,synthetic_USFS_Class3_benchmark_cycle
358.6,44.175000,25.000000,synthetic_USFS_Class3_benchmark_cycle
358.7,44.200000,25.000000,synthetic_USFS_Class3_benchmark_cycle
358.8,44.225000,25.000000,synthetic_USFS_Class3_benchmark_cycle
358.9,44.250000,25.000000,synthetic_USFS_Class3_benchmark_cycle
359.0,44.275000,25.000000,synthetic_USFS_Class3_benchmark_cycle
359.1,44.300000,25.000000,synthetic_USFS_Class3_benchmark_cycle
359.2,44.325000,25.000000,synthetic_USFS_Class3_benchmark_cycle
359.3,44.350000,25.000000,synthetic_USFS_Class3_benchmark_cycle
359.4,44.375000,25.000000,synthetic_USFS_Class3_benchmark_cycle
359.5,44.400000,25.000000,synthetic_USFS_Class3_benchmark_cycle
359.6,44.425000,25.000000,synthetic_USFS_Class3_benchmark_cycle
359.7,44.450000,25.000000,synthetic_USFS_Class3_benchmark_cycle
359.8,44.475000,25.000000,synthetic_USFS_Class3_benchmark_cycle
359.9,44.500000,25.000000,synthetic_USFS_Class3_benchmark_cycle
360.0,44.525000,25.000000,synthetic_USFS_Class3_benchmark_cycle
360.1,44.550000,25.000000,synthetic_USFS_Class3_benchmark_cycle
360.2,44.575000,25.000000,synthetic_USFS_Class3_benchmark_cycle
360.3,44.600000,25.000000,synthetic_USFS_Class3_benchmark_cycle
360.4,44.625000,25.000000,synthetic_USFS_Class3_benchmark_cycle
360.5,44.650000,25.000000,synthetic_USFS_Class3_benchmark_cycle
360.6,44.675000,25.000000,synthetic_USFS_Class3_benchmark_cycle
360.7,44.700000,25.000000,synthetic_USFS_Class3_benchmark_cycle
360.8,44.725000,25.000000,synthetic_USFS_Class3_benchmark_cycle
360.9,44.750000,25.000000,synthetic_USFS_Class3_benchmark_cycle
361.0,44.775000,25.000000,synthetic_USFS_Class3_benchmark_cycle
361.1,44.800000,25.000000,synthetic_USFS_Class3_benchmark_cycle
361.2,44.825000,25.000000,synthetic_USFS_Class3_benchmark_cycle
361.3,44.850000,25.000000,synthetic_USFS_Class3_benchmark_cycle
361.4,44.875000,25.000000,synthetic_USFS_Class3_benchmark_cycle
361.5,44.900000,25.000000,synthetic_USFS_Class3_benchmark_cycle
361.6,44.925000,25.000000,synthetic_USFS_Class3_benchmark_cycle
361.7,44.950000,25.000000,synthetic_USFS_Class3_benchmark_cycle
361.8,44.975000,25.000000,synthetic_USFS_Class3_benchmark_cycle
361.9,45.000000,25.000000,synthetic_USFS_Class3_benchmark_cycle
362.0,45.025000,25.000000,synthetic_USFS_Class3_benchmark_cycle
362.1,45.050000,25.000000,synthetic_USFS_Class3_benchmark_cycle
362.2,45.075000,25.000000,synthetic_USFS_Class3_benchmark_cycle
362.3,45.100000,25.000000,synthetic_USFS_Class3_benchmark_cycle
362.4,45.125000,25.000000,synthetic_USFS_Class3_benchmark_cycle
362.5,45.150000,25.000000,synthetic_USFS_Class3_benchmark_cycle
362.6,45.175000,25.000000,synthetic_USFS_Class3_benchmark_cycle
362.7,45.200000,25.000000,synthetic_USFS_Class3_benchmark_cycle
362.8,45.225000,25.000000,synthetic_USFS_Class3_benchmark_cycle
362.9,45.250000,25.000000,synthetic_USFS_Class3_benchmark_cycle
363.0,45.275000,25.000000,synthetic_USFS_Class3_benchmark_cycle
363.1,45.300000,25.000000,synthetic_USFS_Class3_benchmark_cycle
363.2,45.325000,25.000000,synthetic_USFS_Class3_benchmark_cycle
363.3,45.350000,25.000000,synthetic_USFS_Class3_benchmark_cycle
363.4,45.375000,25.000000,synthetic_USFS_Class3_benchmark_cycle
363.5,45.400000,25.000000,synthetic_USFS_Class3_benchmark_cycle
363.6,45.425000,25.000000,synthetic_USFS_Class3_benchmark_cycle
363.7,45.450000,25.000000,synthetic_USFS_Class3_benchmark_cycle
363.8,45.475000,25.000000,synthetic_USFS_Class3_benchmark_cycle
363.9,45.500000,25.000000,synthetic_USFS_Class3_benchmark_cycle
364.0,45.525000,25.000000,synthetic_USFS_Class3_benchmark_cycle
364.1,45.550000,25.000000,synthetic_USFS_Class3_benchmark_cycle
364.2,45.575000,25.000000,synthetic_USFS_Class3_benchmark_cycle
364.3,45.600000,25.000000,synthetic_USFS_Class3_benchmark_cycle
364.4,45.625000,25.000000,synthetic_USFS_Class3_benchmark_cycle
364.5,45.650000,25.000000,synthetic_USFS_Class3_benchmark_cycle
364.6,45.675000,25.000000,synthetic_USFS_Class3_benchmark_cycle
364.7,45.700000,25.000000,synthetic_USFS_Class3_benchmark_cycle
364.8,45.725000,25.000000,synthetic_USFS_Class3_benchmark_cycle
364.9,45.750000,25.000000,synthetic_USFS_Class3_benchmark_cycle
365.0,45.775000,25.000000,synthetic_USFS_Class3_benchmark_cycle
365.1,45.799992,24.983227,synthetic_USFS_Class3_benchmark_cycle
365.2,45.824950,24.932975,synthetic_USFS_Class3_benchmark_cycle
365.3,45.849841,24.849442,synthetic_USFS_Class3_benchmark_cycle
365.4,45.874632,24.732957,synthetic_USFS_Class3_benchmark_cycle
365.5,45.899291,24.583980,synthetic_USFS_Class3_benchmark_cycle
365.6,45.923784,24.403100,synthetic_USFS_Class3_benchmark_cycle
365.7,45.948081,24.191030,synthetic_USFS_Class3_benchmark_cycle
365.8,45.972151,23.948607,synthetic_USFS_Class3_benchmark_cycle
365.9,45.995964,23.676787,synthetic_USFS_Class3_benchmark_cycle
366.0,46.019490,23.376644,synthetic_USFS_Class3_benchmark_cycle
366.1,46.042703,23.049363,synthetic_USFS_Class3_benchmark_cycle
366.2,46.065576,22.696233,synthetic_USFS_Class3_benchmark_cycle
366.3,46.088084,22.318650,synthetic_USFS_Class3_benchmark_cycle
366.4,46.110202,21.918104,synthetic_USFS_Class3_benchmark_cycle
366.5,46.131909,21.496175,synthetic_USFS_Class3_benchmark_cycle
366.6,46.153185,21.054528,synthetic_USFS_Class3_benchmark_cycle
366.7,46.174009,20.594906,synthetic_USFS_Class3_benchmark_cycle
366.8,46.194366,20.119124,synthetic_USFS_Class3_benchmark_cycle
366.9,46.214240,19.629059,synthetic_USFS_Class3_benchmark_cycle
367.0,46.233618,19.126644,synthetic_USFS_Class3_benchmark_cycle
367.1,46.252488,18.613864,synthetic_USFS_Class3_benchmark_cycle
367.2,46.270842,18.092741,synthetic_USFS_Class3_benchmark_cycle
367.3,46.288671,17.565332,synthetic_USFS_Class3_benchmark_cycle
367.4,46.305970,17.033719,synthetic_USFS_Class3_benchmark_cycle
367.5,46.322737,16.500000,synthetic_USFS_Class3_benchmark_cycle
367.6,46.338970,15.966281,synthetic_USFS_Class3_benchmark_cycle
367.7,46.354671,15.434668,synthetic_USFS_Class3_benchmark_cycle
367.8,46.369842,14.907259,synthetic_USFS_Class3_benchmark_cycle
367.9,46.384488,14.386136,synthetic_USFS_Class3_benchmark_cycle
368.0,46.398618,13.873356,synthetic_USFS_Class3_benchmark_cycle
368.1,46.412240,13.370941,synthetic_USFS_Class3_benchmark_cycle
368.2,46.425366,12.880876,synthetic_USFS_Class3_benchmark_cycle
368.3,46.438009,12.405094,synthetic_USFS_Class3_benchmark_cycle
368.4,46.450185,11.945472,synthetic_USFS_Class3_benchmark_cycle
368.5,46.461909,11.503825,synthetic_USFS_Class3_benchmark_cycle
368.6,46.473202,11.081896,synthetic_USFS_Class3_benchmark_cycle
368.7,46.484084,10.681350,synthetic_USFS_Class3_benchmark_cycle
368.8,46.494576,10.303767,synthetic_USFS_Class3_benchmark_cycle
368.9,46.504703,9.950637,synthetic_USFS_Class3_benchmark_cycle
369.0,46.514490,9.623356,synthetic_USFS_Class3_benchmark_cycle
369.1,46.523964,9.323213,synthetic_USFS_Class3_benchmark_cycle
369.2,46.533151,9.051393,synthetic_USFS_Class3_benchmark_cycle
369.3,46.542081,8.808970,synthetic_USFS_Class3_benchmark_cycle
369.4,46.550784,8.596900,synthetic_USFS_Class3_benchmark_cycle
369.5,46.559291,8.416020,synthetic_USFS_Class3_benchmark_cycle
369.6,46.567632,8.267043,synthetic_USFS_Class3_benchmark_cycle
369.7,46.575841,8.150558,synthetic_USFS_Class3_benchmark_cycle
369.8,46.583950,8.067025,synthetic_USFS_Class3_benchmark_cycle
369.9,46.591992,8.016773,synthetic_USFS_Class3_benchmark_cycle
370.0,46.600000,8.000000,synthetic_USFS_Class3_benchmark_cycle
370.1,46.608000,8.000000,synthetic_USFS_Class3_benchmark_cycle
370.2,46.616000,8.000000,synthetic_USFS_Class3_benchmark_cycle
370.3,46.624000,8.000000,synthetic_USFS_Class3_benchmark_cycle
370.4,46.632000,8.000000,synthetic_USFS_Class3_benchmark_cycle
370.5,46.640000,8.000000,synthetic_USFS_Class3_benchmark_cycle
370.6,46.648000,8.000000,synthetic_USFS_Class3_benchmark_cycle
370.7,46.656000,8.000000,synthetic_USFS_Class3_benchmark_cycle
370.8,46.664000,8.000000,synthetic_USFS_Class3_benchmark_cycle
370.9,46.672000,8.000000,synthetic_USFS_Class3_benchmark_cycle
371.0,46.680000,8.000000,synthetic_USFS_Class3_benchmark_cycle
371.1,46.688000,8.000000,synthetic_USFS_Class3_benchmark_cycle
371.2,46.696000,8.000000,synthetic_USFS_Class3_benchmark_cycle
371.3,46.704000,8.000000,synthetic_USFS_Class3_benchmark_cycle
371.4,46.712000,8.000000,synthetic_USFS_Class3_benchmark_cycle
371.5,46.720000,8.000000,synthetic_USFS_Class3_benchmark_cycle
371.6,46.728000,8.000000,synthetic_USFS_Class3_benchmark_cycle
371.7,46.736000,8.000000,synthetic_USFS_Class3_benchmark_cycle
371.8,46.744000,8.000000,synthetic_USFS_Class3_benchmark_cycle
371.9,46.752000,8.000000,synthetic_USFS_Class3_benchmark_cycle
372.0,46.760000,8.000000,synthetic_USFS_Class3_benchmark_cycle
372.1,46.768000,8.000000,synthetic_USFS_Class3_benchmark_cycle
372.2,46.776000,8.000000,synthetic_USFS_Class3_benchmark_cycle
372.3,46.784000,8.000000,synthetic_USFS_Class3_benchmark_cycle
372.4,46.792000,8.000000,synthetic_USFS_Class3_benchmark_cycle
372.5,46.800000,8.000000,synthetic_USFS_Class3_benchmark_cycle
372.6,46.808000,8.000000,synthetic_USFS_Class3_benchmark_cycle
372.7,46.816000,8.000000,synthetic_USFS_Class3_benchmark_cycle
372.8,46.824000,8.000000,synthetic_USFS_Class3_benchmark_cycle
372.9,46.832000,8.000000,synthetic_USFS_Class3_benchmark_cycle
373.0,46.840000,8.000000,synthetic_USFS_Class3_benchmark_cycle
373.1,46.848000,8.000000,synthetic_USFS_Class3_benchmark_cycle
373.2,46.856000,8.000000,synthetic_USFS_Class3_benchmark_cycle
373.3,46.864000,8.000000,synthetic_USFS_Class3_benchmark_cycle
373.4,46.872000,8.000000,synthetic_USFS_Class3_benchmark_cycle
373.5,46.880000,8.000000,synthetic_USFS_Class3_benchmark_cycle
373.6,46.888000,8.000000,synthetic_USFS_Class3_benchmark_cycle
373.7,46.896000,8.000000,synthetic_USFS_Class3_benchmark_cycle
373.8,46.904000,8.000000,synthetic_USFS_Class3_benchmark_cycle
373.9,46.912000,8.000000,synthetic_USFS_Class3_benchmark_cycle
374.0,46.920000,8.000000,synthetic_USFS_Class3_benchmark_cycle
374.1,46.928000,8.000000,synthetic_USFS_Class3_benchmark_cycle
374.2,46.936000,8.000000,synthetic_USFS_Class3_benchmark_cycle
374.3,46.944000,8.000000,synthetic_USFS_Class3_benchmark_cycle
374.4,46.952000,8.000000,synthetic_USFS_Class3_benchmark_cycle
374.5,46.960000,8.000000,synthetic_USFS_Class3_benchmark_cycle
374.6,46.968000,8.000000,synthetic_USFS_Class3_benchmark_cycle
374.7,46.976000,8.000000,synthetic_USFS_Class3_benchmark_cycle
374.8,46.984000,8.000000,synthetic_USFS_Class3_benchmark_cycle
374.9,46.992000,8.000000,synthetic_USFS_Class3_benchmark_cycle
375.0,47.000000,8.000000,synthetic_USFS_Class3_benchmark_cycle
375.1,47.008000,8.000000,synthetic_USFS_Class3_benchmark_cycle
375.2,47.016000,8.000000,synthetic_USFS_Class3_benchmark_cycle
375.3,47.024000,8.000000,synthetic_USFS_Class3_benchmark_cycle
375.4,47.032000,8.000000,synthetic_USFS_Class3_benchmark_cycle
375.5,47.040000,8.000000,synthetic_USFS_Class3_benchmark_cycle
375.6,47.048000,8.000000,synthetic_USFS_Class3_benchmark_cycle
375.7,47.056000,8.000000,synthetic_USFS_Class3_benchmark_cycle
375.8,47.064000,8.000000,synthetic_USFS_Class3_benchmark_cycle
375.9,47.072000,8.000000,synthetic_USFS_Class3_benchmark_cycle
376.0,47.080000,8.000000,synthetic_USFS_Class3_benchmark_cycle
376.1,47.088000,8.000000,synthetic_USFS_Class3_benchmark_cycle
376.2,47.096000,8.000000,synthetic_USFS_Class3_benchmark_cycle
376.3,47.104000,8.000000,synthetic_USFS_Class3_benchmark_cycle
376.4,47.112000,8.000000,synthetic_USFS_Class3_benchmark_cycle
376.5,47.120000,8.000000,synthetic_USFS_Class3_benchmark_cycle
376.6,47.128000,8.000000,synthetic_USFS_Class3_benchmark_cycle
376.7,47.136000,8.000000,synthetic_USFS_Class3_benchmark_cycle
376.8,47.144000,8.000000,synthetic_USFS_Class3_benchmark_cycle
376.9,47.152000,8.000000,synthetic_USFS_Class3_benchmark_cycle
377.0,47.160000,8.000000,synthetic_USFS_Class3_benchmark_cycle
377.1,47.168000,8.000000,synthetic_USFS_Class3_benchmark_cycle
377.2,47.176000,8.000000,synthetic_USFS_Class3_benchmark_cycle
377.3,47.184000,8.000000,synthetic_USFS_Class3_benchmark_cycle
377.4,47.192000,8.000000,synthetic_USFS_Class3_benchmark_cycle
377.5,47.200000,8.000000,synthetic_USFS_Class3_benchmark_cycle
377.6,47.208000,8.000000,synthetic_USFS_Class3_benchmark_cycle
377.7,47.216000,8.000000,synthetic_USFS_Class3_benchmark_cycle
377.8,47.224000,8.000000,synthetic_USFS_Class3_benchmark_cycle
377.9,47.232000,8.000000,synthetic_USFS_Class3_benchmark_cycle
378.0,47.240000,8.000000,synthetic_USFS_Class3_benchmark_cycle
378.1,47.248000,8.000000,synthetic_USFS_Class3_benchmark_cycle
378.2,47.256000,8.000000,synthetic_USFS_Class3_benchmark_cycle
378.3,47.264000,8.000000,synthetic_USFS_Class3_benchmark_cycle
378.4,47.272000,8.000000,synthetic_USFS_Class3_benchmark_cycle
378.5,47.280000,8.000000,synthetic_USFS_Class3_benchmark_cycle
378.6,47.288000,8.000000,synthetic_USFS_Class3_benchmark_cycle
378.7,47.296000,8.000000,synthetic_USFS_Class3_benchmark_cycle
378.8,47.304000,8.000000,synthetic_USFS_Class3_benchmark_cycle
378.9,47.312000,8.000000,synthetic_USFS_Class3_benchmark_cycle
379.0,47.320000,8.000000,synthetic_USFS_Class3_benchmark_cycle
379.1,47.328000,8.000000,synthetic_USFS_Class3_benchmark_cycle
379.2,47.336000,8.000000,synthetic_USFS_Class3_benchmark_cycle
379.3,47.344000,8.000000,synthetic_USFS_Class3_benchmark_cycle
379.4,47.352000,8.000000,synthetic_USFS_Class3_benchmark_cycle
379.5,47.360000,8.000000,synthetic_USFS_Class3_benchmark_cycle
379.6,47.368000,8.000000,synthetic_USFS_Class3_benchmark_cycle
379.7,47.376000,8.000000,synthetic_USFS_Class3_benchmark_cycle
379.8,47.384000,8.000000,synthetic_USFS_Class3_benchmark_cycle
379.9,47.392000,8.000000,synthetic_USFS_Class3_benchmark_cycle
380.0,47.400000,8.000000,synthetic_USFS_Class3_benchmark_cycle
380.1,47.408000,8.000000,synthetic_USFS_Class3_benchmark_cycle
380.2,47.416000,8.000000,synthetic_USFS_Class3_benchmark_cycle
380.3,47.424000,8.000000,synthetic_USFS_Class3_benchmark_cycle
380.4,47.432000,8.000000,synthetic_USFS_Class3_benchmark_cycle
380.5,47.440000,8.000000,synthetic_USFS_Class3_benchmark_cycle
380.6,47.448000,8.000000,synthetic_USFS_Class3_benchmark_cycle
380.7,47.456000,8.000000,synthetic_USFS_Class3_benchmark_cycle
380.8,47.464000,8.000000,synthetic_USFS_Class3_benchmark_cycle
380.9,47.472000,8.000000,synthetic_USFS_Class3_benchmark_cycle
381.0,47.480000,8.000000,synthetic_USFS_Class3_benchmark_cycle
381.1,47.488000,8.000000,synthetic_USFS_Class3_benchmark_cycle
381.2,47.496000,8.000000,synthetic_USFS_Class3_benchmark_cycle
381.3,47.504000,8.000000,synthetic_USFS_Class3_benchmark_cycle
381.4,47.512000,8.000000,synthetic_USFS_Class3_benchmark_cycle
381.5,47.520000,8.000000,synthetic_USFS_Class3_benchmark_cycle
381.6,47.528000,8.000000,synthetic_USFS_Class3_benchmark_cycle
381.7,47.536000,8.000000,synthetic_USFS_Class3_benchmark_cycle
381.8,47.544000,8.000000,synthetic_USFS_Class3_benchmark_cycle
381.9,47.552000,8.000000,synthetic_USFS_Class3_benchmark_cycle
382.0,47.560000,8.000000,synthetic_USFS_Class3_benchmark_cycle
382.1,47.568000,8.000000,synthetic_USFS_Class3_benchmark_cycle
382.2,47.576000,8.000000,synthetic_USFS_Class3_benchmark_cycle
382.3,47.584000,8.000000,synthetic_USFS_Class3_benchmark_cycle
382.4,47.592000,8.000000,synthetic_USFS_Class3_benchmark_cycle
382.5,47.600000,8.000000,synthetic_USFS_Class3_benchmark_cycle
382.6,47.608000,8.000000,synthetic_USFS_Class3_benchmark_cycle
382.7,47.616000,8.000000,synthetic_USFS_Class3_benchmark_cycle
382.8,47.624000,8.000000,synthetic_USFS_Class3_benchmark_cycle
382.9,47.632000,8.000000,synthetic_USFS_Class3_benchmark_cycle
383.0,47.640000,8.000000,synthetic_USFS_Class3_benchmark_cycle
383.1,47.648000,8.000000,synthetic_USFS_Class3_benchmark_cycle
383.2,47.656000,8.000000,synthetic_USFS_Class3_benchmark_cycle
383.3,47.664000,8.000000,synthetic_USFS_Class3_benchmark_cycle
383.4,47.672000,8.000000,synthetic_USFS_Class3_benchmark_cycle
383.5,47.680000,8.000000,synthetic_USFS_Class3_benchmark_cycle
383.6,47.688000,8.000000,synthetic_USFS_Class3_benchmark_cycle
383.7,47.696000,8.000000,synthetic_USFS_Class3_benchmark_cycle
383.8,47.704000,8.000000,synthetic_USFS_Class3_benchmark_cycle
383.9,47.712000,8.000000,synthetic_USFS_Class3_benchmark_cycle
384.0,47.720000,8.000000,synthetic_USFS_Class3_benchmark_cycle
384.1,47.728000,8.000000,synthetic_USFS_Class3_benchmark_cycle
384.2,47.736000,8.000000,synthetic_USFS_Class3_benchmark_cycle
384.3,47.744000,8.000000,synthetic_USFS_Class3_benchmark_cycle
384.4,47.752000,8.000000,synthetic_USFS_Class3_benchmark_cycle
384.5,47.760000,8.000000,synthetic_USFS_Class3_benchmark_cycle
384.6,47.768000,8.000000,synthetic_USFS_Class3_benchmark_cycle
384.7,47.776000,8.000000,synthetic_USFS_Class3_benchmark_cycle
384.8,47.784000,8.000000,synthetic_USFS_Class3_benchmark_cycle
384.9,47.792000,8.000000,synthetic_USFS_Class3_benchmark_cycle
385.0,47.800000,8.000000,synthetic_USFS_Class3_benchmark_cycle
385.1,47.808000,8.000000,synthetic_USFS_Class3_benchmark_cycle
385.2,47.816000,8.000000,synthetic_USFS_Class3_benchmark_cycle
385.3,47.824000,8.000000,synthetic_USFS_Class3_benchmark_cycle
385.4,47.832000,8.000000,synthetic_USFS_Class3_benchmark_cycle
385.5,47.840000,8.000000,synthetic_USFS_Class3_benchmark_cycle
385.6,47.848000,8.000000,synthetic_USFS_Class3_benchmark_cycle
385.7,47.856000,8.000000,synthetic_USFS_Class3_benchmark_cycle
385.8,47.864000,8.000000,synthetic_USFS_Class3_benchmark_cycle
385.9,47.872000,8.000000,synthetic_USFS_Class3_benchmark_cycle
386.0,47.880000,8.000000,synthetic_USFS_Class3_benchmark_cycle
386.1,47.888000,8.000000,synthetic_USFS_Class3_benchmark_cycle
386.2,47.896000,8.000000,synthetic_USFS_Class3_benchmark_cycle
386.3,47.904000,8.000000,synthetic_USFS_Class3_benchmark_cycle
386.4,47.912000,8.000000,synthetic_USFS_Class3_benchmark_cycle
386.5,47.920000,8.000000,synthetic_USFS_Class3_benchmark_cycle
386.6,47.928000,8.000000,synthetic_USFS_Class3_benchmark_cycle
386.7,47.936000,8.000000,synthetic_USFS_Class3_benchmark_cycle
386.8,47.944000,8.000000,synthetic_USFS_Class3_benchmark_cycle
386.9,47.952000,8.000000,synthetic_USFS_Class3_benchmark_cycle
387.0,47.960000,8.000000,synthetic_USFS_Class3_benchmark_cycle
387.1,47.968000,8.000000,synthetic_USFS_Class3_benchmark_cycle
387.2,47.976000,8.000000,synthetic_USFS_Class3_benchmark_cycle
387.3,47.984000,8.000000,synthetic_USFS_Class3_benchmark_cycle
387.4,47.992000,8.000000,synthetic_USFS_Class3_benchmark_cycle
387.5,48.000000,8.000000,synthetic_USFS_Class3_benchmark_cycle
387.6,48.008000,8.000000,synthetic_USFS_Class3_benchmark_cycle
387.7,48.016000,8.000000,synthetic_USFS_Class3_benchmark_cycle
387.8,48.024000,8.000000,synthetic_USFS_Class3_benchmark_cycle
387.9,48.032000,8.000000,synthetic_USFS_Class3_benchmark_cycle
388.0,48.040000,8.000000,synthetic_USFS_Class3_benchmark_cycle
388.1,48.048000,8.000000,synthetic_USFS_Class3_benchmark_cycle
388.2,48.056000,8.000000,synthetic_USFS_Class3_benchmark_cycle
388.3,48.064000,8.000000,synthetic_USFS_Class3_benchmark_cycle
388.4,48.072000,8.000000,synthetic_USFS_Class3_benchmark_cycle
388.5,48.080000,8.000000,synthetic_USFS_Class3_benchmark_cycle
388.6,48.088000,8.000000,synthetic_USFS_Class3_benchmark_cycle
388.7,48.096000,8.000000,synthetic_USFS_Class3_benchmark_cycle
388.8,48.104000,8.000000,synthetic_USFS_Class3_benchmark_cycle
388.9,48.112000,8.000000,synthetic_USFS_Class3_benchmark_cycle
389.0,48.120000,8.000000,synthetic_USFS_Class3_benchmark_cycle
389.1,48.128000,8.000000,synthetic_USFS_Class3_benchmark_cycle
389.2,48.136000,8.000000,synthetic_USFS_Class3_benchmark_cycle
389.3,48.144000,8.000000,synthetic_USFS_Class3_benchmark_cycle
389.4,48.152000,8.000000,synthetic_USFS_Class3_benchmark_cycle
389.5,48.160000,8.000000,synthetic_USFS_Class3_benchmark_cycle
389.6,48.168000,8.000000,synthetic_USFS_Class3_benchmark_cycle
389.7,48.176000,8.000000,synthetic_USFS_Class3_benchmark_cycle
389.8,48.184000,8.000000,synthetic_USFS_Class3_benchmark_cycle
389.9,48.192000,8.000000,synthetic_USFS_Class3_benchmark_cycle
390.0,48.200000,8.000000,synthetic_USFS_Class3_benchmark_cycle
390.1,48.208000,8.000000,synthetic_USFS_Class3_benchmark_cycle
390.2,48.216000,8.000000,synthetic_USFS_Class3_benchmark_cycle
390.3,48.224000,8.000000,synthetic_USFS_Class3_benchmark_cycle
390.4,48.232000,8.000000,synthetic_USFS_Class3_benchmark_cycle
390.5,48.240000,8.000000,synthetic_USFS_Class3_benchmark_cycle
390.6,48.248000,8.000000,synthetic_USFS_Class3_benchmark_cycle
390.7,48.256000,8.000000,synthetic_USFS_Class3_benchmark_cycle
390.8,48.264000,8.000000,synthetic_USFS_Class3_benchmark_cycle
390.9,48.272000,8.000000,synthetic_USFS_Class3_benchmark_cycle
391.0,48.280000,8.000000,synthetic_USFS_Class3_benchmark_cycle
391.1,48.288000,8.000000,synthetic_USFS_Class3_benchmark_cycle
391.2,48.296000,8.000000,synthetic_USFS_Class3_benchmark_cycle
391.3,48.304000,8.000000,synthetic_USFS_Class3_benchmark_cycle
391.4,48.312000,8.000000,synthetic_USFS_Class3_benchmark_cycle
391.5,48.320000,8.000000,synthetic_USFS_Class3_benchmark_cycle
391.6,48.328000,8.000000,synthetic_USFS_Class3_benchmark_cycle
391.7,48.336000,8.000000,synthetic_USFS_Class3_benchmark_cycle
391.8,48.344000,8.000000,synthetic_USFS_Class3_benchmark_cycle
391.9,48.352000,8.000000,synthetic_USFS_Class3_benchmark_cycle
392.0,48.360000,8.000000,synthetic_USFS_Class3_benchmark_cycle
392.1,48.368000,8.000000,synthetic_USFS_Class3_benchmark_cycle
392.2,48.376000,8.000000,synthetic_USFS_Class3_benchmark_cycle
392.3,48.384000,8.000000,synthetic_USFS_Class3_benchmark_cycle
392.4,48.392000,8.000000,synthetic_USFS_Class3_benchmark_cycle
392.5,48.400000,8.000000,synthetic_USFS_Class3_benchmark_cycle
392.6,48.408000,8.000000,synthetic_USFS_Class3_benchmark_cycle
392.7,48.416000,8.000000,synthetic_USFS_Class3_benchmark_cycle
392.8,48.424000,8.000000,synthetic_USFS_Class3_benchmark_cycle
392.9,48.432000,8.000000,synthetic_USFS_Class3_benchmark_cycle
393.0,48.440000,8.000000,synthetic_USFS_Class3_benchmark_cycle
393.1,48.448000,8.000000,synthetic_USFS_Class3_benchmark_cycle
393.2,48.456000,8.000000,synthetic_USFS_Class3_benchmark_cycle
393.3,48.464000,8.000000,synthetic_USFS_Class3_benchmark_cycle
393.4,48.472000,8.000000,synthetic_USFS_Class3_benchmark_cycle
393.5,48.480000,8.000000,synthetic_USFS_Class3_benchmark_cycle
393.6,48.488000,8.000000,synthetic_USFS_Class3_benchmark_cycle
393.7,48.496000,8.000000,synthetic_USFS_Class3_benchmark_cycle
393.8,48.504000,8.000000,synthetic_USFS_Class3_benchmark_cycle
393.9,48.512000,8.000000,synthetic_USFS_Class3_benchmark_cycle
394.0,48.520000,8.000000,synthetic_USFS_Class3_benchmark_cycle
394.1,48.528000,8.000000,synthetic_USFS_Class3_benchmark_cycle
394.2,48.536000,8.000000,synthetic_USFS_Class3_benchmark_cycle
394.3,48.544000,8.000000,synthetic_USFS_Class3_benchmark_cycle
394.4,48.552000,8.000000,synthetic_USFS_Class3_benchmark_cycle
394.5,48.560000,8.000000,synthetic_USFS_Class3_benchmark_cycle
394.6,48.568000,8.000000,synthetic_USFS_Class3_benchmark_cycle
394.7,48.576000,8.000000,synthetic_USFS_Class3_benchmark_cycle
394.8,48.584000,8.000000,synthetic_USFS_Class3_benchmark_cycle
394.9,48.592000,8.000000,synthetic_USFS_Class3_benchmark_cycle
395.0,48.600000,8.000000,synthetic_USFS_Class3_benchmark_cycle
395.1,48.608000,8.000000,synthetic_USFS_Class3_benchmark_cycle
395.2,48.616000,8.000000,synthetic_USFS_Class3_benchmark_cycle
395.3,48.624000,8.000000,synthetic_USFS_Class3_benchmark_cycle
395.4,48.632000,8.000000,synthetic_USFS_Class3_benchmark_cycle
395.5,48.640000,8.000000,synthetic_USFS_Class3_benchmark_cycle
395.6,48.648000,8.000000,synthetic_USFS_Class3_benchmark_cycle
395.7,48.656000,8.000000,synthetic_USFS_Class3_benchmark_cycle
395.8,48.664000,8.000000,synthetic_USFS_Class3_benchmark_cycle
395.9,48.672000,8.000000,synthetic_USFS_Class3_benchmark_cycle
396.0,48.680000,8.000000,synthetic_USFS_Class3_benchmark_cycle
396.1,48.688000,8.000000,synthetic_USFS_Class3_benchmark_cycle
396.2,48.696000,8.000000,synthetic_USFS_Class3_benchmark_cycle
396.3,48.704000,8.000000,synthetic_USFS_Class3_benchmark_cycle
396.4,48.712000,8.000000,synthetic_USFS_Class3_benchmark_cycle
396.5,48.720000,8.000000,synthetic_USFS_Class3_benchmark_cycle
396.6,48.728000,8.000000,synthetic_USFS_Class3_benchmark_cycle
396.7,48.736000,8.000000,synthetic_USFS_Class3_benchmark_cycle
396.8,48.744000,8.000000,synthetic_USFS_Class3_benchmark_cycle
396.9,48.752000,8.000000,synthetic_USFS_Class3_benchmark_cycle
397.0,48.760000,8.000000,synthetic_USFS_Class3_benchmark_cycle
397.1,48.768000,8.000000,synthetic_USFS_Class3_benchmark_cycle
397.2,48.776000,8.000000,synthetic_USFS_Class3_benchmark_cycle
397.3,48.784000,8.000000,synthetic_USFS_Class3_benchmark_cycle
397.4,48.792000,8.000000,synthetic_USFS_Class3_benchmark_cycle
397.5,48.800000,8.000000,synthetic_USFS_Class3_benchmark_cycle
397.6,48.808000,8.000000,synthetic_USFS_Class3_benchmark_cycle
397.7,48.816000,8.000000,synthetic_USFS_Class3_benchmark_cycle
397.8,48.824000,8.000000,synthetic_USFS_Class3_benchmark_cycle
397.9,48.832000,8.000000,synthetic_USFS_Class3_benchmark_cycle
398.0,48.840000,8.000000,synthetic_USFS_Class3_benchmark_cycle
398.1,48.848000,8.000000,synthetic_USFS_Class3_benchmark_cycle
398.2,48.856000,8.000000,synthetic_USFS_Class3_benchmark_cycle
398.3,48.864000,8.000000,synthetic_USFS_Class3_benchmark_cycle
398.4,48.872000,8.000000,synthetic_USFS_Class3_benchmark_cycle
398.5,48.880000,8.000000,synthetic_USFS_Class3_benchmark_cycle
398.6,48.888000,8.000000,synthetic_USFS_Class3_benchmark_cycle
398.7,48.896000,8.000000,synthetic_USFS_Class3_benchmark_cycle
398.8,48.904000,8.000000,synthetic_USFS_Class3_benchmark_cycle
398.9,48.912000,8.000000,synthetic_USFS_Class3_benchmark_cycle
399.0,48.920000,8.000000,synthetic_USFS_Class3_benchmark_cycle
399.1,48.928000,8.000000,synthetic_USFS_Class3_benchmark_cycle
399.2,48.936000,8.000000,synthetic_USFS_Class3_benchmark_cycle
399.3,48.944000,8.000000,synthetic_USFS_Class3_benchmark_cycle
399.4,48.952000,8.000000,synthetic_USFS_Class3_benchmark_cycle
399.5,48.960000,8.000000,synthetic_USFS_Class3_benchmark_cycle
399.6,48.968000,8.000000,synthetic_USFS_Class3_benchmark_cycle
399.7,48.976000,8.000000,synthetic_USFS_Class3_benchmark_cycle
399.8,48.984000,8.000000,synthetic_USFS_Class3_benchmark_cycle
399.9,48.992000,8.000000,synthetic_USFS_Class3_benchmark_cycle
400.0,49.000000,8.000000,synthetic_USFS_Class3_benchmark_cycle
400.1,49.008000,8.000000,synthetic_USFS_Class3_benchmark_cycle
400.2,49.016000,8.000000,synthetic_USFS_Class3_benchmark_cycle
400.3,49.024000,8.000000,synthetic_USFS_Class3_benchmark_cycle
400.4,49.032000,8.000000,synthetic_USFS_Class3_benchmark_cycle
400.5,49.040000,8.000000,synthetic_USFS_Class3_benchmark_cycle
400.6,49.048000,8.000000,synthetic_USFS_Class3_benchmark_cycle
400.7,49.056000,8.000000,synthetic_USFS_Class3_benchmark_cycle
400.8,49.064000,8.000000,synthetic_USFS_Class3_benchmark_cycle
400.9,49.072000,8.000000,synthetic_USFS_Class3_benchmark_cycle
401.0,49.080000,8.000000,synthetic_USFS_Class3_benchmark_cycle
401.1,49.088000,8.000000,synthetic_USFS_Class3_benchmark_cycle
401.2,49.096000,8.000000,synthetic_USFS_Class3_benchmark_cycle
401.3,49.104000,8.000000,synthetic_USFS_Class3_benchmark_cycle
401.4,49.112000,8.000000,synthetic_USFS_Class3_benchmark_cycle
401.5,49.120000,8.000000,synthetic_USFS_Class3_benchmark_cycle
401.6,49.128000,8.000000,synthetic_USFS_Class3_benchmark_cycle
401.7,49.136000,8.000000,synthetic_USFS_Class3_benchmark_cycle
401.8,49.144000,8.000000,synthetic_USFS_Class3_benchmark_cycle
401.9,49.152000,8.000000,synthetic_USFS_Class3_benchmark_cycle
402.0,49.160000,8.000000,synthetic_USFS_Class3_benchmark_cycle
402.1,49.168000,8.000000,synthetic_USFS_Class3_benchmark_cycle
402.2,49.176000,8.000000,synthetic_USFS_Class3_benchmark_cycle
402.3,49.184000,8.000000,synthetic_USFS_Class3_benchmark_cycle
402.4,49.192000,8.000000,synthetic_USFS_Class3_benchmark_cycle
402.5,49.200000,8.000000,synthetic_USFS_Class3_benchmark_cycle
402.6,49.208000,8.000000,synthetic_USFS_Class3_benchmark_cycle
402.7,49.216000,8.000000,synthetic_USFS_Class3_benchmark_cycle
402.8,49.224000,8.000000,synthetic_USFS_Class3_benchmark_cycle
402.9,49.232000,8.000000,synthetic_USFS_Class3_benchmark_cycle
403.0,49.240000,8.000000,synthetic_USFS_Class3_benchmark_cycle
403.1,49.248000,8.000000,synthetic_USFS_Class3_benchmark_cycle
403.2,49.256000,8.000000,synthetic_USFS_Class3_benchmark_cycle
403.3,49.264000,8.000000,synthetic_USFS_Class3_benchmark_cycle
403.4,49.272000,8.000000,synthetic_USFS_Class3_benchmark_cycle
403.5,49.280000,8.000000,synthetic_USFS_Class3_benchmark_cycle
403.6,49.288000,8.000000,synthetic_USFS_Class3_benchmark_cycle
403.7,49.296000,8.000000,synthetic_USFS_Class3_benchmark_cycle
403.8,49.304000,8.000000,synthetic_USFS_Class3_benchmark_cycle
403.9,49.312000,8.000000,synthetic_USFS_Class3_benchmark_cycle
404.0,49.320000,8.000000,synthetic_USFS_Class3_benchmark_cycle
404.1,49.328000,8.000000,synthetic_USFS_Class3_benchmark_cycle
404.2,49.336000,8.000000,synthetic_USFS_Class3_benchmark_cycle
404.3,49.344000,8.000000,synthetic_USFS_Class3_benchmark_cycle
404.4,49.352000,8.000000,synthetic_USFS_Class3_benchmark_cycle
404.5,49.360000,8.000000,synthetic_USFS_Class3_benchmark_cycle
404.6,49.368000,8.000000,synthetic_USFS_Class3_benchmark_cycle
404.7,49.376000,8.000000,synthetic_USFS_Class3_benchmark_cycle
404.8,49.384000,8.000000,synthetic_USFS_Class3_benchmark_cycle
404.9,49.392000,8.000000,synthetic_USFS_Class3_benchmark_cycle
405.0,49.400000,8.000000,synthetic_USFS_Class3_benchmark_cycle
405.1,49.408000,8.000000,synthetic_USFS_Class3_benchmark_cycle
405.2,49.416000,8.000000,synthetic_USFS_Class3_benchmark_cycle
405.3,49.424000,8.000000,synthetic_USFS_Class3_benchmark_cycle
405.4,49.432000,8.000000,synthetic_USFS_Class3_benchmark_cycle
405.5,49.440000,8.000000,synthetic_USFS_Class3_benchmark_cycle
405.6,49.448000,8.000000,synthetic_USFS_Class3_benchmark_cycle
405.7,49.456000,8.000000,synthetic_USFS_Class3_benchmark_cycle
405.8,49.464000,8.000000,synthetic_USFS_Class3_benchmark_cycle
405.9,49.472000,8.000000,synthetic_USFS_Class3_benchmark_cycle
406.0,49.480000,8.000000,synthetic_USFS_Class3_benchmark_cycle
406.1,49.488000,8.000000,synthetic_USFS_Class3_benchmark_cycle
406.2,49.496000,8.000000,synthetic_USFS_Class3_benchmark_cycle
406.3,49.504000,8.000000,synthetic_USFS_Class3_benchmark_cycle
406.4,49.512000,8.000000,synthetic_USFS_Class3_benchmark_cycle
406.5,49.520000,8.000000,synthetic_USFS_Class3_benchmark_cycle
406.6,49.528000,8.000000,synthetic_USFS_Class3_benchmark_cycle
406.7,49.536000,8.000000,synthetic_USFS_Class3_benchmark_cycle
406.8,49.544000,8.000000,synthetic_USFS_Class3_benchmark_cycle
406.9,49.552000,8.000000,synthetic_USFS_Class3_benchmark_cycle
407.0,49.560000,8.000000,synthetic_USFS_Class3_benchmark_cycle
407.1,49.568000,8.000000,synthetic_USFS_Class3_benchmark_cycle
407.2,49.576000,8.000000,synthetic_USFS_Class3_benchmark_cycle
407.3,49.584000,8.000000,synthetic_USFS_Class3_benchmark_cycle
407.4,49.592000,8.000000,synthetic_USFS_Class3_benchmark_cycle
407.5,49.600000,8.000000,synthetic_USFS_Class3_benchmark_cycle
407.6,49.608000,8.000000,synthetic_USFS_Class3_benchmark_cycle
407.7,49.616000,8.000000,synthetic_USFS_Class3_benchmark_cycle
407.8,49.624000,8.000000,synthetic_USFS_Class3_benchmark_cycle
407.9,49.632000,8.000000,synthetic_USFS_Class3_benchmark_cycle
408.0,49.640000,8.000000,synthetic_USFS_Class3_benchmark_cycle
408.1,49.648000,8.000000,synthetic_USFS_Class3_benchmark_cycle
408.2,49.656000,8.000000,synthetic_USFS_Class3_benchmark_cycle
408.3,49.664000,8.000000,synthetic_USFS_Class3_benchmark_cycle
408.4,49.672000,8.000000,synthetic_USFS_Class3_benchmark_cycle
408.5,49.680000,8.000000,synthetic_USFS_Class3_benchmark_cycle
408.6,49.688000,8.000000,synthetic_USFS_Class3_benchmark_cycle
408.7,49.696000,8.000000,synthetic_USFS_Class3_benchmark_cycle
408.8,49.704000,8.000000,synthetic_USFS_Class3_benchmark_cycle
408.9,49.712000,8.000000,synthetic_USFS_Class3_benchmark_cycle
409.0,49.720000,8.000000,synthetic_USFS_Class3_benchmark_cycle
409.1,49.728000,8.000000,synthetic_USFS_Class3_benchmark_cycle
409.2,49.736000,8.000000,synthetic_USFS_Class3_benchmark_cycle
409.3,49.744000,8.000000,synthetic_USFS_Class3_benchmark_cycle
409.4,49.752000,8.000000,synthetic_USFS_Class3_benchmark_cycle
409.5,49.760000,8.000000,synthetic_USFS_Class3_benchmark_cycle
409.6,49.768000,8.000000,synthetic_USFS_Class3_benchmark_cycle
409.7,49.776000,8.000000,synthetic_USFS_Class3_benchmark_cycle
409.8,49.784000,8.000000,synthetic_USFS_Class3_benchmark_cycle
409.9,49.792000,8.000000,synthetic_USFS_Class3_benchmark_cycle
410.0,49.800000,8.000000,synthetic_USFS_Class3_benchmark_cycle
410.1,49.808000,8.000000,synthetic_USFS_Class3_benchmark_cycle
410.2,49.816000,8.000000,synthetic_USFS_Class3_benchmark_cycle
410.3,49.824000,8.000000,synthetic_USFS_Class3_benchmark_cycle
410.4,49.832000,8.000000,synthetic_USFS_Class3_benchmark_cycle
410.5,49.840000,8.000000,synthetic_USFS_Class3_benchmark_cycle
410.6,49.848000,8.000000,synthetic_USFS_Class3_benchmark_cycle
410.7,49.856000,8.000000,synthetic_USFS_Class3_benchmark_cycle
410.8,49.864000,8.000000,synthetic_USFS_Class3_benchmark_cycle
410.9,49.872000,8.000000,synthetic_USFS_Class3_benchmark_cycle
411.0,49.880000,8.000000,synthetic_USFS_Class3_benchmark_cycle
411.1,49.888000,8.000000,synthetic_USFS_Class3_benchmark_cycle
411.2,49.896000,8.000000,synthetic_USFS_Class3_benchmark_cycle
411.3,49.904000,8.000000,synthetic_USFS_Class3_benchmark_cycle
411.4,49.912000,8.000000,synthetic_USFS_Class3_benchmark_cycle
411.5,49.920000,8.000000,synthetic_USFS_Class3_benchmark_cycle
411.6,49.928000,8.000000,synthetic_USFS_Class3_benchmark_cycle
411.7,49.936000,8.000000,synthetic_USFS_Class3_benchmark_cycle
411.8,49.944000,8.000000,synthetic_USFS_Class3_benchmark_cycle
411.9,49.952000,8.000000,synthetic_USFS_Class3_benchmark_cycle
412.0,49.960000,8.000000,synthetic_USFS_Class3_benchmark_cycle
412.1,49.968000,8.000000,synthetic_USFS_Class3_benchmark_cycle
412.2,49.976000,8.000000,synthetic_USFS_Class3_benchmark_cycle
412.3,49.984000,8.000000,synthetic_USFS_Class3_benchmark_cycle
412.4,49.992000,8.000000,synthetic_USFS_Class3_benchmark_cycle
412.5,50.000000,8.000000,synthetic_USFS_Class3_benchmark_cycle
412.6,50.008000,8.000000,synthetic_USFS_Class3_benchmark_cycle
412.7,50.016000,8.000000,synthetic_USFS_Class3_benchmark_cycle
412.8,50.024000,8.000000,synthetic_USFS_Class3_benchmark_cycle
412.9,50.032000,8.000000,synthetic_USFS_Class3_benchmark_cycle
413.0,50.040000,8.000000,synthetic_USFS_Class3_benchmark_cycle
413.1,50.048000,8.000000,synthetic_USFS_Class3_benchmark_cycle
413.2,50.056000,8.000000,synthetic_USFS_Class3_benchmark_cycle
413.3,50.064000,8.000000,synthetic_USFS_Class3_benchmark_cycle
413.4,50.072000,8.000000,synthetic_USFS_Class3_benchmark_cycle
413.5,50.080000,8.000000,synthetic_USFS_Class3_benchmark_cycle
413.6,50.088000,8.000000,synthetic_USFS_Class3_benchmark_cycle
413.7,50.096000,8.000000,synthetic_USFS_Class3_benchmark_cycle
413.8,50.104000,8.000000,synthetic_USFS_Class3_benchmark_cycle
413.9,50.112000,8.000000,synthetic_USFS_Class3_benchmark_cycle
414.0,50.120000,8.000000,synthetic_USFS_Class3_benchmark_cycle
414.1,50.128000,8.000000,synthetic_USFS_Class3_benchmark_cycle
414.2,50.136000,8.000000,synthetic_USFS_Class3_benchmark_cycle
414.3,50.144000,8.000000,synthetic_USFS_Class3_benchmark_cycle
414.4,50.152000,8.000000,synthetic_USFS_Class3_benchmark_cycle
414.5,50.160000,8.000000,synthetic_USFS_Class3_benchmark_cycle
414.6,50.168000,8.000000,synthetic_USFS_Class3_benchmark_cycle
414.7,50.176000,8.000000,synthetic_USFS_Class3_benchmark_cycle
414.8,50.184000,8.000000,synthetic_USFS_Class3_benchmark_cycle
414.9,50.192000,8.000000,synthetic_USFS_Class3_benchmark_cycle
415.0,50.200000,8.000000,synthetic_USFS_Class3_benchmark_cycle
415.1,50.208000,8.000000,synthetic_USFS_Class3_benchmark_cycle
415.2,50.216000,8.000000,synthetic_USFS_Class3_benchmark_cycle
415.3,50.224000,8.000000,synthetic_USFS_Class3_benchmark_cycle
415.4,50.232000,8.000000,synthetic_USFS_Class3_benchmark_cycle
415.5,50.240000,8.000000,synthetic_USFS_Class3_benchmark_cycle
415.6,50.248000,8.000000,synthetic_USFS_Class3_benchmark_cycle
415.7,50.256000,8.000000,synthetic_USFS_Class3_benchmark_cycle
415.8,50.264000,8.000000,synthetic_USFS_Class3_benchmark_cycle
415.9,50.272000,8.000000,synthetic_USFS_Class3_benchmark_cycle
416.0,50.280000,8.000000,synthetic_USFS_Class3_benchmark_cycle
416.1,50.288000,8.000000,synthetic_USFS_Class3_benchmark_cycle
416.2,50.296000,8.000000,synthetic_USFS_Class3_benchmark_cycle
416.3,50.304000,8.000000,synthetic_USFS_Class3_benchmark_cycle
416.4,50.312000,8.000000,synthetic_USFS_Class3_benchmark_cycle
416.5,50.320000,8.000000,synthetic_USFS_Class3_benchmark_cycle
416.6,50.328000,8.000000,synthetic_USFS_Class3_benchmark_cycle
416.7,50.336000,8.000000,synthetic_USFS_Class3_benchmark_cycle
416.8,50.344000,8.000000,synthetic_USFS_Class3_benchmark_cycle
416.9,50.352000,8.000000,synthetic_USFS_Class3_benchmark_cycle
417.0,50.360000,8.000000,synthetic_USFS_Class3_benchmark_cycle
417.1,50.368000,8.000000,synthetic_USFS_Class3_benchmark_cycle
417.2,50.376000,8.000000,synthetic_USFS_Class3_benchmark_cycle
417.3,50.384000,8.000000,synthetic_USFS_Class3_benchmark_cycle
417.4,50.392000,8.000000,synthetic_USFS_Class3_benchmark_cycle
417.5,50.400000,8.000000,synthetic_USFS_Class3_benchmark_cycle
417.6,50.408000,8.000000,synthetic_USFS_Class3_benchmark_cycle
417.7,50.416000,8.000000,synthetic_USFS_Class3_benchmark_cycle
417.8,50.424000,8.000000,synthetic_USFS_Class3_benchmark_cycle
417.9,50.432000,8.000000,synthetic_USFS_Class3_benchmark_cycle
418.0,50.440000,8.000000,synthetic_USFS_Class3_benchmark_cycle
418.1,50.448000,8.000000,synthetic_USFS_Class3_benchmark_cycle
418.2,50.456000,8.000000,synthetic_USFS_Class3_benchmark_cycle
418.3,50.464000,8.000000,synthetic_USFS_Class3_benchmark_cycle
418.4,50.472000,8.000000,synthetic_USFS_Class3_benchmark_cycle
418.5,50.480000,8.000000,synthetic_USFS_Class3_benchmark_cycle
418.6,50.488000,8.000000,synthetic_USFS_Class3_benchmark_cycle
418.7,50.496000,8.000000,synthetic_USFS_Class3_benchmark_cycle
418.8,50.504000,8.000000,synthetic_USFS_Class3_benchmark_cycle
418.9,50.512000,8.000000,synthetic_USFS_Class3_benchmark_cycle
419.0,50.520000,8.000000,synthetic_USFS_Class3_benchmark_cycle
419.1,50.528000,8.000000,synthetic_USFS_Class3_benchmark_cycle
419.2,50.536000,8.000000,synthetic_USFS_Class3_benchmark_cycle
419.3,50.544000,8.000000,synthetic_USFS_Class3_benchmark_cycle
419.4,50.552000,8.000000,synthetic_USFS_Class3_benchmark_cycle
419.5,50.560000,8.000000,synthetic_USFS_Class3_benchmark_cycle
419.6,50.568000,8.000000,synthetic_USFS_Class3_benchmark_cycle
419.7,50.576000,8.000000,synthetic_USFS_Class3_benchmark_cycle
419.8,50.584000,8.000000,synthetic_USFS_Class3_benchmark_cycle
419.9,50.592000,8.000000,synthetic_USFS_Class3_benchmark_cycle
420.0,50.600000,8.000000,synthetic_USFS_Class3_benchmark_cycle
420.1,50.608000,8.000000,synthetic_USFS_Class3_benchmark_cycle
420.2,50.616000,8.000000,synthetic_USFS_Class3_benchmark_cycle
420.3,50.624000,8.000000,synthetic_USFS_Class3_benchmark_cycle
420.4,50.632000,8.000000,synthetic_USFS_Class3_benchmark_cycle
420.5,50.640000,8.000000,synthetic_USFS_Class3_benchmark_cycle
420.6,50.648000,8.000000,synthetic_USFS_Class3_benchmark_cycle
420.7,50.656000,8.000000,synthetic_USFS_Class3_benchmark_cycle
420.8,50.664000,8.000000,synthetic_USFS_Class3_benchmark_cycle
420.9,50.672000,8.000000,synthetic_USFS_Class3_benchmark_cycle
421.0,50.680000,8.000000,synthetic_USFS_Class3_benchmark_cycle
421.1,50.688000,8.000000,synthetic_USFS_Class3_benchmark_cycle
421.2,50.696000,8.000000,synthetic_USFS_Class3_benchmark_cycle
421.3,50.704000,8.000000,synthetic_USFS_Class3_benchmark_cycle
421.4,50.712000,8.000000,synthetic_USFS_Class3_benchmark_cycle
421.5,50.720000,8.000000,synthetic_USFS_Class3_benchmark_cycle
421.6,50.728000,8.000000,synthetic_USFS_Class3_benchmark_cycle
421.7,50.736000,8.000000,synthetic_USFS_Class3_benchmark_cycle
421.8,50.744000,8.000000,synthetic_USFS_Class3_benchmark_cycle
421.9,50.752000,8.000000,synthetic_USFS_Class3_benchmark_cycle
422.0,50.760000,8.000000,synthetic_USFS_Class3_benchmark_cycle
422.1,50.768000,8.000000,synthetic_USFS_Class3_benchmark_cycle
422.2,50.776000,8.000000,synthetic_USFS_Class3_benchmark_cycle
422.3,50.784000,8.000000,synthetic_USFS_Class3_benchmark_cycle
422.4,50.792000,8.000000,synthetic_USFS_Class3_benchmark_cycle
422.5,50.800000,8.000000,synthetic_USFS_Class3_benchmark_cycle
422.6,50.808000,8.000000,synthetic_USFS_Class3_benchmark_cycle
422.7,50.816000,8.000000,synthetic_USFS_Class3_benchmark_cycle
422.8,50.824000,8.000000,synthetic_USFS_Class3_benchmark_cycle
422.9,50.832000,8.000000,synthetic_USFS_Class3_benchmark_cycle
423.0,50.840000,8.000000,synthetic_USFS_Class3_benchmark_cycle
423.1,50.848000,8.000000,synthetic_USFS_Class3_benchmark_cycle
423.2,50.856000,8.000000,synthetic_USFS_Class3_benchmark_cycle
423.3,50.864000,8.000000,synthetic_USFS_Class3_benchmark_cycle
423.4,50.872000,8.000000,synthetic_USFS_Class3_benchmark_cycle
423.5,50.880000,8.000000,synthetic_USFS_Class3_benchmark_cycle
423.6,50.888000,8.000000,synthetic_USFS_Class3_benchmark_cycle
423.7,50.896000,8.000000,synthetic_USFS_Class3_benchmark_cycle
423.8,50.904000,8.000000,synthetic_USFS_Class3_benchmark_cycle
423.9,50.912000,8.000000,synthetic_USFS_Class3_benchmark_cycle
424.0,50.920000,8.000000,synthetic_USFS_Class3_benchmark_cycle
424.1,50.928000,8.000000,synthetic_USFS_Class3_benchmark_cycle
424.2,50.936000,8.000000,synthetic_USFS_Class3_benchmark_cycle
424.3,50.944000,8.000000,synthetic_USFS_Class3_benchmark_cycle
424.4,50.952000,8.000000,synthetic_USFS_Class3_benchmark_cycle
424.5,50.960000,8.000000,synthetic_USFS_Class3_benchmark_cycle
424.6,50.968000,8.000000,synthetic_USFS_Class3_benchmark_cycle
424.7,50.976000,8.000000,synthetic_USFS_Class3_benchmark_cycle
424.8,50.984000,8.000000,synthetic_USFS_Class3_benchmark_cycle
424.9,50.992000,8.000000,synthetic_USFS_Class3_benchmark_cycle
425.0,51.000000,8.000000,synthetic_USFS_Class3_benchmark_cycle
425.1,51.008000,8.000000,synthetic_USFS_Class3_benchmark_cycle
425.2,51.016000,8.000000,synthetic_USFS_Class3_benchmark_cycle
425.3,51.024000,8.000000,synthetic_USFS_Class3_benchmark_cycle
425.4,51.032000,8.000000,synthetic_USFS_Class3_benchmark_cycle
425.5,51.040000,8.000000,synthetic_USFS_Class3_benchmark_cycle
425.6,51.048000,8.000000,synthetic_USFS_Class3_benchmark_cycle
425.7,51.056000,8.000000,synthetic_USFS_Class3_benchmark_cycle
425.8,51.064000,8.000000,synthetic_USFS_Class3_benchmark_cycle
425.9,51.072000,8.000000,synthetic_USFS_Class3_benchmark_cycle
426.0,51.080000,8.000000,synthetic_USFS_Class3_benchmark_cycle
426.1,51.088000,8.000000,synthetic_USFS_Class3_benchmark_cycle
426.2,51.096000,8.000000,synthetic_USFS_Class3_benchmark_cycle
426.3,51.104000,8.000000,synthetic_USFS_Class3_benchmark_cycle
426.4,51.112000,8.000000,synthetic_USFS_Class3_benchmark_cycle
426.5,51.120000,8.000000,synthetic_USFS_Class3_benchmark_cycle
426.6,51.128000,8.000000,synthetic_USFS_Class3_benchmark_cycle
426.7,51.136000,8.000000,synthetic_USFS_Class3_benchmark_cycle
426.8,51.144000,8.000000,synthetic_USFS_Class3_benchmark_cycle
426.9,51.152000,8.000000,synthetic_USFS_Class3_benchmark_cycle
427.0,51.160000,8.000000,synthetic_USFS_Class3_benchmark_cycle
427.1,51.168000,8.000000,synthetic_USFS_Class3_benchmark_cycle
427.2,51.176000,8.000000,synthetic_USFS_Class3_benchmark_cycle
427.3,51.184000,8.000000,synthetic_USFS_Class3_benchmark_cycle
427.4,51.192000,8.000000,synthetic_USFS_Class3_benchmark_cycle
427.5,51.200000,8.000000,synthetic_USFS_Class3_benchmark_cycle
427.6,51.208000,8.000000,synthetic_USFS_Class3_benchmark_cycle
427.7,51.216000,8.000000,synthetic_USFS_Class3_benchmark_cycle
427.8,51.224000,8.000000,synthetic_USFS_Class3_benchmark_cycle
427.9,51.232000,8.000000,synthetic_USFS_Class3_benchmark_cycle
428.0,51.240000,8.000000,synthetic_USFS_Class3_benchmark_cycle
428.1,51.248000,8.000000,synthetic_USFS_Class3_benchmark_cycle
428.2,51.256000,8.000000,synthetic_USFS_Class3_benchmark_cycle
428.3,51.264000,8.000000,synthetic_USFS_Class3_benchmark_cycle
428.4,51.272000,8.000000,synthetic_USFS_Class3_benchmark_cycle
428.5,51.280000,8.000000,synthetic_USFS_Class3_benchmark_cycle
428.6,51.288000,8.000000,synthetic_USFS_Class3_benchmark_cycle
428.7,51.296000,8.000000,synthetic_USFS_Class3_benchmark_cycle
428.8,51.304000,8.000000,synthetic_USFS_Class3_benchmark_cycle
428.9,51.312000,8.000000,synthetic_USFS_Class3_benchmark_cycle
429.0,51.320000,8.000000,synthetic_USFS_Class3_benchmark_cycle
429.1,51.328000,8.000000,synthetic_USFS_Class3_benchmark_cycle
429.2,51.336000,8.000000,synthetic_USFS_Class3_benchmark_cycle
429.3,51.344000,8.000000,synthetic_USFS_Class3_benchmark_cycle
429.4,51.352000,8.000000,synthetic_USFS_Class3_benchmark_cycle
429.5,51.360000,8.000000,synthetic_USFS_Class3_benchmark_cycle
429.6,51.368000,8.000000,synthetic_USFS_Class3_benchmark_cycle
429.7,51.376000,8.000000,synthetic_USFS_Class3_benchmark_cycle
429.8,51.384000,8.000000,synthetic_USFS_Class3_benchmark_cycle
429.9,51.392000,8.000000,synthetic_USFS_Class3_benchmark_cycle
430.0,51.400000,8.000000,synthetic_USFS_Class3_benchmark_cycle
430.1,51.408000,8.000000,synthetic_USFS_Class3_benchmark_cycle
430.2,51.416000,8.000000,synthetic_USFS_Class3_benchmark_cycle
430.3,51.424000,8.000000,synthetic_USFS_Class3_benchmark_cycle
430.4,51.432000,8.000000,synthetic_USFS_Class3_benchmark_cycle
430.5,51.440000,8.000000,synthetic_USFS_Class3_benchmark_cycle
430.6,51.448000,8.000000,synthetic_USFS_Class3_benchmark_cycle
430.7,51.456000,8.000000,synthetic_USFS_Class3_benchmark_cycle
430.8,51.464000,8.000000,synthetic_USFS_Class3_benchmark_cycle
430.9,51.472000,8.000000,synthetic_USFS_Class3_benchmark_cycle
431.0,51.480000,8.000000,synthetic_USFS_Class3_benchmark_cycle
431.1,51.488000,8.000000,synthetic_USFS_Class3_benchmark_cycle
431.2,51.496000,8.000000,synthetic_USFS_Class3_benchmark_cycle
431.3,51.504000,8.000000,synthetic_USFS_Class3_benchmark_cycle
431.4,51.512000,8.000000,synthetic_USFS_Class3_benchmark_cycle
431.5,51.520000,8.000000,synthetic_USFS_Class3_benchmark_cycle
431.6,51.528000,8.000000,synthetic_USFS_Class3_benchmark_cycle
431.7,51.536000,8.000000,synthetic_USFS_Class3_benchmark_cycle
431.8,51.544000,8.000000,synthetic_USFS_Class3_benchmark_cycle
431.9,51.552000,8.000000,synthetic_USFS_Class3_benchmark_cycle
432.0,51.560000,8.000000,synthetic_USFS_Class3_benchmark_cycle
432.1,51.568000,8.000000,synthetic_USFS_Class3_benchmark_cycle
432.2,51.576000,8.000000,synthetic_USFS_Class3_benchmark_cycle
432.3,51.584000,8.000000,synthetic_USFS_Class3_benchmark_cycle
432.4,51.592000,8.000000,synthetic_USFS_Class3_benchmark_cycle
432.5,51.600000,8.000000,synthetic_USFS_Class3_benchmark_cycle
432.6,51.608000,8.000000,synthetic_USFS_Class3_benchmark_cycle
432.7,51.616000,8.000000,synthetic_USFS_Class3_benchmark_cycle
432.8,51.624000,8.000000,synthetic_USFS_Class3_benchmark_cycle
432.9,51.632000,8.000000,synthetic_USFS_Class3_benchmark_cycle
433.0,51.640000,8.000000,synthetic_USFS_Class3_benchmark_cycle
433.1,51.648000,8.000000,synthetic_USFS_Class3_benchmark_cycle
433.2,51.656000,8.000000,synthetic_USFS_Class3_benchmark_cycle
433.3,51.664000,8.000000,synthetic_USFS_Class3_benchmark_cycle
433.4,51.672000,8.000000,synthetic_USFS_Class3_benchmark_cycle
433.5,51.680000,8.000000,synthetic_USFS_Class3_benchmark_cycle
433.6,51.688000,8.000000,synthetic_USFS_Class3_benchmark_cycle
433.7,51.696000,8.000000,synthetic_USFS_Class3_benchmark_cycle
433.8,51.704000,8.000000,synthetic_USFS_Class3_benchmark_cycle
433.9,51.712000,8.000000,synthetic_USFS_Class3_benchmark_cycle
434.0,51.720000,8.000000,synthetic_USFS_Class3_benchmark_cycle
434.1,51.728000,8.000000,synthetic_USFS_Class3_benchmark_cycle
434.2,51.736000,8.000000,synthetic_USFS_Class3_benchmark_cycle
434.3,51.744000,8.000000,synthetic_USFS_Class3_benchmark_cycle
434.4,51.752000,8.000000,synthetic_USFS_Class3_benchmark_cycle
434.5,51.760000,8.000000,synthetic_USFS_Class3_benchmark_cycle
434.6,51.768000,8.000000,synthetic_USFS_Class3_benchmark_cycle
434.7,51.776000,8.000000,synthetic_USFS_Class3_benchmark_cycle
434.8,51.784000,8.000000,synthetic_USFS_Class3_benchmark_cycle
434.9,51.792000,8.000000,synthetic_USFS_Class3_benchmark_cycle
435.0,51.800000,8.000000,synthetic_USFS_Class3_benchmark_cycle
435.1,51.808000,8.000000,synthetic_USFS_Class3_benchmark_cycle
435.2,51.816000,8.000000,synthetic_USFS_Class3_benchmark_cycle
435.3,51.824000,8.000000,synthetic_USFS_Class3_benchmark_cycle
435.4,51.832000,8.000000,synthetic_USFS_Class3_benchmark_cycle
435.5,51.840000,8.000000,synthetic_USFS_Class3_benchmark_cycle
435.6,51.848000,8.000000,synthetic_USFS_Class3_benchmark_cycle
435.7,51.856000,8.000000,synthetic_USFS_Class3_benchmark_cycle
435.8,51.864000,8.000000,synthetic_USFS_Class3_benchmark_cycle
435.9,51.872000,8.000000,synthetic_USFS_Class3_benchmark_cycle
436.0,51.880000,8.000000,synthetic_USFS_Class3_benchmark_cycle
436.1,51.888000,8.000000,synthetic_USFS_Class3_benchmark_cycle
436.2,51.896000,8.000000,synthetic_USFS_Class3_benchmark_cycle
436.3,51.904000,8.000000,synthetic_USFS_Class3_benchmark_cycle
436.4,51.912000,8.000000,synthetic_USFS_Class3_benchmark_cycle
436.5,51.920000,8.000000,synthetic_USFS_Class3_benchmark_cycle
436.6,51.928000,8.000000,synthetic_USFS_Class3_benchmark_cycle
436.7,51.936000,8.000000,synthetic_USFS_Class3_benchmark_cycle
436.8,51.944000,8.000000,synthetic_USFS_Class3_benchmark_cycle
436.9,51.952000,8.000000,synthetic_USFS_Class3_benchmark_cycle
437.0,51.960000,8.000000,synthetic_USFS_Class3_benchmark_cycle
437.1,51.968000,8.000000,synthetic_USFS_Class3_benchmark_cycle
437.2,51.976000,8.000000,synthetic_USFS_Class3_benchmark_cycle
437.3,51.984000,8.000000,synthetic_USFS_Class3_benchmark_cycle
437.4,51.992000,8.000000,synthetic_USFS_Class3_benchmark_cycle
437.5,52.000000,8.000000,synthetic_USFS_Class3_benchmark_cycle
437.6,52.008000,8.000000,synthetic_USFS_Class3_benchmark_cycle
437.7,52.016000,8.000000,synthetic_USFS_Class3_benchmark_cycle
437.8,52.024000,8.000000,synthetic_USFS_Class3_benchmark_cycle
437.9,52.032000,8.000000,synthetic_USFS_Class3_benchmark_cycle
438.0,52.040000,8.000000,synthetic_USFS_Class3_benchmark_cycle
438.1,52.048000,8.000000,synthetic_USFS_Class3_benchmark_cycle
438.2,52.056000,8.000000,synthetic_USFS_Class3_benchmark_cycle
438.3,52.064000,8.000000,synthetic_USFS_Class3_benchmark_cycle
438.4,52.072000,8.000000,synthetic_USFS_Class3_benchmark_cycle
438.5,52.080000,8.000000,synthetic_USFS_Class3_benchmark_cycle
438.6,52.088000,8.000000,synthetic_USFS_Class3_benchmark_cycle
438.7,52.096000,8.000000,synthetic_USFS_Class3_benchmark_cycle
438.8,52.104000,8.000000,synthetic_USFS_Class3_benchmark_cycle
438.9,52.112000,8.000000,synthetic_USFS_Class3_benchmark_cycle
439.0,52.120000,8.000000,synthetic_USFS_Class3_benchmark_cycle
439.1,52.128000,8.000000,synthetic_USFS_Class3_benchmark_cycle
439.2,52.136000,8.000000,synthetic_USFS_Class3_benchmark_cycle
439.3,52.144000,8.000000,synthetic_USFS_Class3_benchmark_cycle
439.4,52.152000,8.000000,synthetic_USFS_Class3_benchmark_cycle
439.5,52.160000,8.000000,synthetic_USFS_Class3_benchmark_cycle
439.6,52.168000,8.000000,synthetic_USFS_Class3_benchmark_cycle
439.7,52.176000,8.000000,synthetic_USFS_Class3_benchmark_cycle
439.8,52.184000,8.000000,synthetic_USFS_Class3_benchmark_cycle
439.9,52.192000,8.000000,synthetic_USFS_Class3_benchmark_cycle
440.0,52.200000,8.000000,synthetic_USFS_Class3_benchmark_cycle
440.1,52.208008,8.016773,synthetic_USFS_Class3_benchmark_cycle
440.2,52.216050,8.067025,synthetic_USFS_Class3_benchmark_cycle
440.3,52.224159,8.150558,synthetic_USFS_Class3_benchmark_cycle
440.4,52.232368,8.267043,synthetic_USFS_Class3_benchmark_cycle
440.5,52.240709,8.416020,synthetic_USFS_Class3_benchmark_cycle
440.6,52.249216,8.596900,synthetic_USFS_Class3_benchmark_cycle
440.7,52.257919,8.808970,synthetic_USFS_Class3_benchmark_cycle
440.8,52.266849,9.051393,synthetic_USFS_Class3_benchmark_cycle
440.9,52.276036,9.323213,synthetic_USFS_Class3_benchmark_cycle
441.0,52.285510,9.623356,synthetic_USFS_Class3_benchmark_cycle
441.1,52.295297,9.950637,synthetic_USFS_Class3_benchmark_cycle
441.2,52.305424,10.303767,synthetic_USFS_Class3_benchmark_cycle
441.3,52.315916,10.681350,synthetic_USFS_Class3_benchmark_cycle
441.4,52.326798,11.081896,synthetic_USFS_Class3_benchmark_cycle
441.5,52.338091,11.503825,synthetic_USFS_Class3_benchmark_cycle
441.6,52.349815,11.945472,synthetic_USFS_Class3_benchmark_cycle
441.7,52.361991,12.405094,synthetic_USFS_Class3_benchmark_cycle
441.8,52.374634,12.880876,synthetic_USFS_Class3_benchmark_cycle
441.9,52.387760,13.370941,synthetic_USFS_Class3_benchmark_cycle
442.0,52.401382,13.873356,synthetic_USFS_Class3_benchmark_cycle
442.1,52.415512,14.386136,synthetic_USFS_Class3_benchmark_cycle
442.2,52.430158,14.907259,synthetic_USFS_Class3_benchmark_cycle
442.3,52.445329,15.434668,synthetic_USFS_Class3_benchmark_cycle
442.4,52.461030,15.966281,synthetic_USFS_Class3_benchmark_cycle
442.5,52.477263,16.500000,synthetic_USFS_Class3_benchmark_cycle
442.6,52.494030,17.033719,synthetic_USFS_Class3_benchmark_cycle
442.7,52.511329,17.565332,synthetic_USFS_Class3_benchmark_cycle
442.8,52.529158,18.092741,synthetic_USFS_Class3_benchmark_cycle
442.9,52.547512,18.613864,synthetic_USFS_Class3_benchmark_cycle
443.0,52.566382,19.126644,synthetic_USFS_Class3_benchmark_cycle
443.1,52.585760,19.629059,synthetic_USFS_Class3_benchmark_cycle
443.2,52.605634,20.119124,synthetic_USFS_Class3_benchmark_cycle
443.3,52.625991,20.594906,synthetic_USFS_Class3_benchmark_cycle
443.4,52.646815,21.054528,synthetic_USFS_Class3_benchmark_cycle
443.5,52.668091,21.496175,synthetic_USFS_Class3_benchmark_cycle
443.6,52.689798,21.918104,synthetic_USFS_Class3_benchmark_cycle
443.7,52.711916,22.318650,synthetic_USFS_Class3_benchmark_cycle
443.8,52.734424,22.696233,synthetic_USFS_Class3_benchmark_cycle
443.9,52.757297,23.049363,synthetic_USFS_Class3_benchmark_cycle
444.0,52.780510,23.376644,synthetic_USFS_Class3_benchmark_cycle
444.1,52.804036,23.676787,synthetic_USFS_Class3_benchmark_cycle
444.2,52.827849,23.948607,synthetic_USFS_Class3_benchmark_cycle
444.3,52.851919,24.191030,synthetic_USFS_Class3_benchmark_cycle
444.4,52.876216,24.403100,synthetic_USFS_Class3_benchmark_cycle
444.5,52.900709,24.583980,synthetic_USFS_Class3_benchmark_cycle
444.6,52.925368,24.732957,synthetic_USFS_Class3_benchmark_cycle
444.7,52.950159,24.849442,synthetic_USFS_Class3_benchmark_cycle
444.8,52.975050,24.932975,synthetic_USFS_Class3_benchmark_cycle
444.9,53.000008,24.983227,synthetic_USFS_Class3_benchmark_cycle
445.0,53.025000,25.000000,synthetic_USFS_Class3_benchmark_cycle
445.1,53.050000,25.000000,synthetic_USFS_Class3_benchmark_cycle
445.2,53.075000,25.000000,synthetic_USFS_Class3_benchmark_cycle
445.3,53.100000,25.000000,synthetic_USFS_Class3_benchmark_cycle
445.4,53.125000,25.000000,synthetic_USFS_Class3_benchmark_cycle
445.5,53.150000,25.000000,synthetic_USFS_Class3_benchmark_cycle
445.6,53.175000,25.000000,synthetic_USFS_Class3_benchmark_cycle
445.7,53.200000,25.000000,synthetic_USFS_Class3_benchmark_cycle
445.8,53.225000,25.000000,synthetic_USFS_Class3_benchmark_cycle
445.9,53.250000,25.000000,synthetic_USFS_Class3_benchmark_cycle
446.0,53.275000,25.000000,synthetic_USFS_Class3_benchmark_cycle
446.1,53.300000,25.000000,synthetic_USFS_Class3_benchmark_cycle
446.2,53.325000,25.000000,synthetic_USFS_Class3_benchmark_cycle
446.3,53.350000,25.000000,synthetic_USFS_Class3_benchmark_cycle
446.4,53.375000,25.000000,synthetic_USFS_Class3_benchmark_cycle
446.5,53.400000,25.000000,synthetic_USFS_Class3_benchmark_cycle
446.6,53.425000,25.000000,synthetic_USFS_Class3_benchmark_cycle
446.7,53.450000,25.000000,synthetic_USFS_Class3_benchmark_cycle
446.8,53.475000,25.000000,synthetic_USFS_Class3_benchmark_cycle
446.9,53.500000,25.000000,synthetic_USFS_Class3_benchmark_cycle
447.0,53.525000,25.000000,synthetic_USFS_Class3_benchmark_cycle
447.1,53.550000,25.000000,synthetic_USFS_Class3_benchmark_cycle
447.2,53.575000,25.000000,synthetic_USFS_Class3_benchmark_cycle
447.3,53.600000,25.000000,synthetic_USFS_Class3_benchmark_cycle
447.4,53.625000,25.000000,synthetic_USFS_Class3_benchmark_cycle
447.5,53.650000,25.000000,synthetic_USFS_Class3_benchmark_cycle
447.6,53.675000,25.000000,synthetic_USFS_Class3_benchmark_cycle
447.7,53.700000,25.000000,synthetic_USFS_Class3_benchmark_cycle
447.8,53.725000,25.000000,synthetic_USFS_Class3_benchmark_cycle
447.9,53.750000,25.000000,synthetic_USFS_Class3_benchmark_cycle
448.0,53.775000,25.000000,synthetic_USFS_Class3_benchmark_cycle
448.1,53.800000,25.000000,synthetic_USFS_Class3_benchmark_cycle
448.2,53.825000,25.000000,synthetic_USFS_Class3_benchmark_cycle
448.3,53.850000,25.000000,synthetic_USFS_Class3_benchmark_cycle
448.4,53.875000,25.000000,synthetic_USFS_Class3_benchmark_cycle
448.5,53.900000,25.000000,synthetic_USFS_Class3_benchmark_cycle
448.6,53.925000,25.000000,synthetic_USFS_Class3_benchmark_cycle
448.7,53.950000,25.000000,synthetic_USFS_Class3_benchmark_cycle
448.8,53.975000,25.000000,synthetic_USFS_Class3_benchmark_cycle
448.9,54.000000,25.000000,synthetic_USFS_Class3_benchmark_cycle
449.0,54.025000,25.000000,synthetic_USFS_Class3_benchmark_cycle
449.1,54.050000,25.000000,synthetic_USFS_Class3_benchmark_cycle
449.2,54.075000,25.000000,synthetic_USFS_Class3_benchmark_cycle
449.3,54.100000,25.000000,synthetic_USFS_Class3_benchmark_cycle
449.4,54.125000,25.000000,synthetic_USFS_Class3_benchmark_cycle
449.5,54.150000,25.000000,synthetic_USFS_Class3_benchmark_cycle
449.6,54.175000,25.000000,synthetic_USFS_Class3_benchmark_cycle
449.7,54.200000,25.000000,synthetic_USFS_Class3_benchmark_cycle
449.8,54.225000,25.000000,synthetic_USFS_Class3_benchmark_cycle
449.9,54.250000,25.000000,synthetic_USFS_Class3_benchmark_cycle
450.0,54.275000,25.000000,synthetic_USFS_Class3_benchmark_cycle
450.1,54.300000,25.000000,synthetic_USFS_Class3_benchmark_cycle
450.2,54.325000,25.000000,synthetic_USFS_Class3_benchmark_cycle
450.3,54.350000,25.000000,synthetic_USFS_Class3_benchmark_cycle
450.4,54.375000,25.000000,synthetic_USFS_Class3_benchmark_cycle
450.5,54.400000,25.000000,synthetic_USFS_Class3_benchmark_cycle
450.6,54.425000,25.000000,synthetic_USFS_Class3_benchmark_cycle
450.7,54.450000,25.000000,synthetic_USFS_Class3_benchmark_cycle
450.8,54.475000,25.000000,synthetic_USFS_Class3_benchmark_cycle
450.9,54.500000,25.000000,synthetic_USFS_Class3_benchmark_cycle
451.0,54.525000,25.000000,synthetic_USFS_Class3_benchmark_cycle
451.1,54.550000,25.000000,synthetic_USFS_Class3_benchmark_cycle
451.2,54.575000,25.000000,synthetic_USFS_Class3_benchmark_cycle
451.3,54.600000,25.000000,synthetic_USFS_Class3_benchmark_cycle
451.4,54.625000,25.000000,synthetic_USFS_Class3_benchmark_cycle
451.5,54.650000,25.000000,synthetic_USFS_Class3_benchmark_cycle
451.6,54.675000,25.000000,synthetic_USFS_Class3_benchmark_cycle
451.7,54.700000,25.000000,synthetic_USFS_Class3_benchmark_cycle
451.8,54.725000,25.000000,synthetic_USFS_Class3_benchmark_cycle
451.9,54.750000,25.000000,synthetic_USFS_Class3_benchmark_cycle
452.0,54.775000,25.000000,synthetic_USFS_Class3_benchmark_cycle
452.1,54.800000,25.000000,synthetic_USFS_Class3_benchmark_cycle
452.2,54.825000,25.000000,synthetic_USFS_Class3_benchmark_cycle
452.3,54.850000,25.000000,synthetic_USFS_Class3_benchmark_cycle
452.4,54.875000,25.000000,synthetic_USFS_Class3_benchmark_cycle
452.5,54.900000,25.000000,synthetic_USFS_Class3_benchmark_cycle
452.6,54.925000,25.000000,synthetic_USFS_Class3_benchmark_cycle
452.7,54.950000,25.000000,synthetic_USFS_Class3_benchmark_cycle
452.8,54.975000,25.000000,synthetic_USFS_Class3_benchmark_cycle
452.9,55.000000,25.000000,synthetic_USFS_Class3_benchmark_cycle
453.0,55.025000,25.000000,synthetic_USFS_Class3_benchmark_cycle
453.1,55.050000,25.000000,synthetic_USFS_Class3_benchmark_cycle
453.2,55.075000,25.000000,synthetic_USFS_Class3_benchmark_cycle
453.3,55.100000,25.000000,synthetic_USFS_Class3_benchmark_cycle
453.4,55.125000,25.000000,synthetic_USFS_Class3_benchmark_cycle
453.5,55.150000,25.000000,synthetic_USFS_Class3_benchmark_cycle
453.6,55.175000,25.000000,synthetic_USFS_Class3_benchmark_cycle
453.7,55.200000,25.000000,synthetic_USFS_Class3_benchmark_cycle
453.8,55.225000,25.000000,synthetic_USFS_Class3_benchmark_cycle
453.9,55.250000,25.000000,synthetic_USFS_Class3_benchmark_cycle
454.0,55.275000,25.000000,synthetic_USFS_Class3_benchmark_cycle
454.1,55.300000,25.000000,synthetic_USFS_Class3_benchmark_cycle
454.2,55.325000,25.000000,synthetic_USFS_Class3_benchmark_cycle
454.3,55.350000,25.000000,synthetic_USFS_Class3_benchmark_cycle
454.4,55.375000,25.000000,synthetic_USFS_Class3_benchmark_cycle
454.5,55.400000,25.000000,synthetic_USFS_Class3_benchmark_cycle
454.6,55.425000,25.000000,synthetic_USFS_Class3_benchmark_cycle
454.7,55.450000,25.000000,synthetic_USFS_Class3_benchmark_cycle
454.8,55.475000,25.000000,synthetic_USFS_Class3_benchmark_cycle
454.9,55.500000,25.000000,synthetic_USFS_Class3_benchmark_cycle
455.0,55.525000,25.000000,synthetic_USFS_Class3_benchmark_cycle
455.1,55.550000,25.000000,synthetic_USFS_Class3_benchmark_cycle
455.2,55.575000,25.000000,synthetic_USFS_Class3_benchmark_cycle
455.3,55.600000,25.000000,synthetic_USFS_Class3_benchmark_cycle
455.4,55.625000,25.000000,synthetic_USFS_Class3_benchmark_cycle
455.5,55.650000,25.000000,synthetic_USFS_Class3_benchmark_cycle
455.6,55.675000,25.000000,synthetic_USFS_Class3_benchmark_cycle
455.7,55.700000,25.000000,synthetic_USFS_Class3_benchmark_cycle
455.8,55.725000,25.000000,synthetic_USFS_Class3_benchmark_cycle
455.9,55.750000,25.000000,synthetic_USFS_Class3_benchmark_cycle
456.0,55.775000,25.000000,synthetic_USFS_Class3_benchmark_cycle
456.1,55.800000,25.000000,synthetic_USFS_Class3_benchmark_cycle
456.2,55.825000,25.000000,synthetic_USFS_Class3_benchmark_cycle
456.3,55.850000,25.000000,synthetic_USFS_Class3_benchmark_cycle
456.4,55.875000,25.000000,synthetic_USFS_Class3_benchmark_cycle
456.5,55.900000,25.000000,synthetic_USFS_Class3_benchmark_cycle
456.6,55.925000,25.000000,synthetic_USFS_Class3_benchmark_cycle
456.7,55.950000,25.000000,synthetic_USFS_Class3_benchmark_cycle
456.8,55.975000,25.000000,synthetic_USFS_Class3_benchmark_cycle
456.9,56.000000,25.000000,synthetic_USFS_Class3_benchmark_cycle
457.0,56.025000,25.000000,synthetic_USFS_Class3_benchmark_cycle
457.1,56.050000,25.000000,synthetic_USFS_Class3_benchmark_cycle
457.2,56.075000,25.000000,synthetic_USFS_Class3_benchmark_cycle
457.3,56.100000,25.000000,synthetic_USFS_Class3_benchmark_cycle
457.4,56.125000,25.000000,synthetic_USFS_Class3_benchmark_cycle
457.5,56.150000,25.000000,synthetic_USFS_Class3_benchmark_cycle
457.6,56.175000,25.000000,synthetic_USFS_Class3_benchmark_cycle
457.7,56.200000,25.000000,synthetic_USFS_Class3_benchmark_cycle
457.8,56.225000,25.000000,synthetic_USFS_Class3_benchmark_cycle
457.9,56.250000,25.000000,synthetic_USFS_Class3_benchmark_cycle
458.0,56.275000,25.000000,synthetic_USFS_Class3_benchmark_cycle
458.1,56.300000,25.000000,synthetic_USFS_Class3_benchmark_cycle
458.2,56.325000,25.000000,synthetic_USFS_Class3_benchmark_cycle
458.3,56.350000,25.000000,synthetic_USFS_Class3_benchmark_cycle
458.4,56.375000,25.000000,synthetic_USFS_Class3_benchmark_cycle
458.5,56.400000,25.000000,synthetic_USFS_Class3_benchmark_cycle
458.6,56.425000,25.000000,synthetic_USFS_Class3_benchmark_cycle
458.7,56.450000,25.000000,synthetic_USFS_Class3_benchmark_cycle
458.8,56.475000,25.000000,synthetic_USFS_Class3_benchmark_cycle
458.9,56.500000,25.000000,synthetic_USFS_Class3_benchmark_cycle
459.0,56.525000,25.000000,synthetic_USFS_Class3_benchmark_cycle
459.1,56.550000,25.000000,synthetic_USFS_Class3_benchmark_cycle
459.2,56.575000,25.000000,synthetic_USFS_Class3_benchmark_cycle
459.3,56.600000,25.000000,synthetic_USFS_Class3_benchmark_cycle
459.4,56.625000,25.000000,synthetic_USFS_Class3_benchmark_cycle
459.5,56.650000,25.000000,synthetic_USFS_Class3_benchmark_cycle
459.6,56.675000,25.000000,synthetic_USFS_Class3_benchmark_cycle
459.7,56.700000,25.000000,synthetic_USFS_Class3_benchmark_cycle
459.8,56.725000,25.000000,synthetic_USFS_Class3_benchmark_cycle
459.9,56.750000,25.000000,synthetic_USFS_Class3_benchmark_cycle
460.0,56.775000,25.000000,synthetic_USFS_Class3_benchmark_cycle
460.1,56.800000,25.000000,synthetic_USFS_Class3_benchmark_cycle
460.2,56.825000,25.000000,synthetic_USFS_Class3_benchmark_cycle
460.3,56.850000,25.000000,synthetic_USFS_Class3_benchmark_cycle
460.4,56.875000,25.000000,synthetic_USFS_Class3_benchmark_cycle
460.5,56.900000,25.000000,synthetic_USFS_Class3_benchmark_cycle
460.6,56.925000,25.000000,synthetic_USFS_Class3_benchmark_cycle
460.7,56.950000,25.000000,synthetic_USFS_Class3_benchmark_cycle
460.8,56.975000,25.000000,synthetic_USFS_Class3_benchmark_cycle
460.9,57.000000,25.000000,synthetic_USFS_Class3_benchmark_cycle
461.0,57.025000,25.000000,synthetic_USFS_Class3_benchmark_cycle
461.1,57.050000,25.000000,synthetic_USFS_Class3_benchmark_cycle
461.2,57.075000,25.000000,synthetic_USFS_Class3_benchmark_cycle
461.3,57.100000,25.000000,synthetic_USFS_Class3_benchmark_cycle
461.4,57.125000,25.000000,synthetic_USFS_Class3_benchmark_cycle
461.5,57.150000,25.000000,synthetic_USFS_Class3_benchmark_cycle
461.6,57.175000,25.000000,synthetic_USFS_Class3_benchmark_cycle
461.7,57.200000,25.000000,synthetic_USFS_Class3_benchmark_cycle
461.8,57.225000,25.000000,synthetic_USFS_Class3_benchmark_cycle
461.9,57.250000,25.000000,synthetic_USFS_Class3_benchmark_cycle
462.0,57.275000,25.000000,synthetic_USFS_Class3_benchmark_cycle
462.1,57.300000,25.000000,synthetic_USFS_Class3_benchmark_cycle
462.2,57.325000,25.000000,synthetic_USFS_Class3_benchmark_cycle
462.3,57.350000,25.000000,synthetic_USFS_Class3_benchmark_cycle
462.4,57.375000,25.000000,synthetic_USFS_Class3_benchmark_cycle
462.5,57.400000,25.000000,synthetic_USFS_Class3_benchmark_cycle
462.6,57.425000,25.000000,synthetic_USFS_Class3_benchmark_cycle
462.7,57.450000,25.000000,synthetic_USFS_Class3_benchmark_cycle
462.8,57.475000,25.000000,synthetic_USFS_Class3_benchmark_cycle
462.9,57.500000,25.000000,synthetic_USFS_Class3_benchmark_cycle
463.0,57.525000,25.000000,synthetic_USFS_Class3_benchmark_cycle
463.1,57.550000,25.000000,synthetic_USFS_Class3_benchmark_cycle
463.2,57.575000,25.000000,synthetic_USFS_Class3_benchmark_cycle
463.3,57.600000,25.000000,synthetic_USFS_Class3_benchmark_cycle
463.4,57.625000,25.000000,synthetic_USFS_Class3_benchmark_cycle
463.5,57.650000,25.000000,synthetic_USFS_Class3_benchmark_cycle
463.6,57.675000,25.000000,synthetic_USFS_Class3_benchmark_cycle
463.7,57.700000,25.000000,synthetic_USFS_Class3_benchmark_cycle
463.8,57.725000,25.000000,synthetic_USFS_Class3_benchmark_cycle
463.9,57.750000,25.000000,synthetic_USFS_Class3_benchmark_cycle
464.0,57.775000,25.000000,synthetic_USFS_Class3_benchmark_cycle
464.1,57.800000,25.000000,synthetic_USFS_Class3_benchmark_cycle
464.2,57.825000,25.000000,synthetic_USFS_Class3_benchmark_cycle
464.3,57.850000,25.000000,synthetic_USFS_Class3_benchmark_cycle
464.4,57.875000,25.000000,synthetic_USFS_Class3_benchmark_cycle
464.5,57.900000,25.000000,synthetic_USFS_Class3_benchmark_cycle
464.6,57.925000,25.000000,synthetic_USFS_Class3_benchmark_cycle
464.7,57.950000,25.000000,synthetic_USFS_Class3_benchmark_cycle
464.8,57.975000,25.000000,synthetic_USFS_Class3_benchmark_cycle
464.9,58.000000,25.000000,synthetic_USFS_Class3_benchmark_cycle
465.0,58.025000,25.000000,synthetic_USFS_Class3_benchmark_cycle
465.1,58.049992,24.983227,synthetic_USFS_Class3_benchmark_cycle
465.2,58.074950,24.932975,synthetic_USFS_Class3_benchmark_cycle
465.3,58.099841,24.849442,synthetic_USFS_Class3_benchmark_cycle
465.4,58.124632,24.732957,synthetic_USFS_Class3_benchmark_cycle
465.5,58.149291,24.583980,synthetic_USFS_Class3_benchmark_cycle
465.6,58.173784,24.403100,synthetic_USFS_Class3_benchmark_cycle
465.7,58.198081,24.191030,synthetic_USFS_Class3_benchmark_cycle
465.8,58.222151,23.948607,synthetic_USFS_Class3_benchmark_cycle
465.9,58.245964,23.676787,synthetic_USFS_Class3_benchmark_cycle
466.0,58.269490,23.376644,synthetic_USFS_Class3_benchmark_cycle
466.1,58.292703,23.049363,synthetic_USFS_Class3_benchmark_cycle
466.2,58.315576,22.696233,synthetic_USFS_Class3_benchmark_cycle
466.3,58.338084,22.318650,synthetic_USFS_Class3_benchmark_cycle
466.4,58.360202,21.918104,synthetic_USFS_Class3_benchmark_cycle
466.5,58.381909,21.496175,synthetic_USFS_Class3_benchmark_cycle
466.6,58.403185,21.054528,synthetic_USFS_Class3_benchmark_cycle
466.7,58.424009,20.594906,synthetic_USFS_Class3_benchmark_cycle
466.8,58.444366,20.119124,synthetic_USFS_Class3_benchmark_cycle
466.9,58.464240,19.629059,synthetic_USFS_Class3_benchmark_cycle
467.0,58.483618,19.126644,synthetic_USFS_Class3_benchmark_cycle
467.1,58.502488,18.613864,synthetic_USFS_Class3_benchmark_cycle
467.2,58.520842,18.092741,synthetic_USFS_Class3_benchmark_cycle
467.3,58.538671,17.565332,synthetic_USFS_Class3_benchmark_cycle
467.4,58.555970,17.033719,synthetic_USFS_Class3_benchmark_cycle
467.5,58.572737,16.500000,synthetic_USFS_Class3_benchmark_cycle
467.6,58.588970,15.966281,synthetic_USFS_Class3_benchmark_cycle
467.7,58.604671,15.434668,synthetic_USFS_Class3_benchmark_cycle
467.8,58.619842,14.907259,synthetic_USFS_Class3_benchmark_cycle
467.9,58.634488,14.386136,synthetic_USFS_Class3_benchmark_cycle
468.0,58.648618,13.873356,synthetic_USFS_Class3_benchmark_cycle
468.1,58.662240,13.370941,synthetic_USFS_Class3_benchmark_cycle
468.2,58.675366,12.880876,synthetic_USFS_Class3_benchmark_cycle
468.3,58.688009,12.405094,synthetic_USFS_Class3_benchmark_cycle
468.4,58.700185,11.945472,synthetic_USFS_Class3_benchmark_cycle
468.5,58.711909,11.503825,synthetic_USFS_Class3_benchmark_cycle
468.6,58.723202,11.081896,synthetic_USFS_Class3_benchmark_cycle
468.7,58.734084,10.681350,synthetic_USFS_Class3_benchmark_cycle
468.8,58.744576,10.303767,synthetic_USFS_Class3_benchmark_cycle
468.9,58.754703,9.950637,synthetic_USFS_Class3_benchmark_cycle
469.0,58.764490,9.623356,synthetic_USFS_Class3_benchmark_cycle
469.1,58.773964,9.323213,synthetic_USFS_Class3_benchmark_cycle
469.2,58.783151,9.051393,synthetic_USFS_Class3_benchmark_cycle
469.3,58.792081,8.808970,synthetic_USFS_Class3_benchmark_cycle
469.4,58.800784,8.596900,synthetic_USFS_Class3_benchmark_cycle
469.5,58.809291,8.416020,synthetic_USFS_Class3_benchmark_cycle
469.6,58.817632,8.267043,synthetic_USFS_Class3_benchmark_cycle
469.7,58.825841,8.150558,synthetic_USFS_Class3_benchmark_cycle
469.8,58.833950,8.067025,synthetic_USFS_Class3_benchmark_cycle
469.9,58.841992,8.016773,synthetic_USFS_Class3_benchmark_cycle
470.0,58.850000,8.000000,synthetic_USFS_Class3_benchmark_cycle
470.1,58.858000,8.000000,synthetic_USFS_Class3_benchmark_cycle
470.2,58.866000,8.000000,synthetic_USFS_Class3_benchmark_cycle
470.3,58.874000,8.000000,synthetic_USFS_Class3_benchmark_cycle
470.4,58.882000,8.000000,synthetic_USFS_Class3_benchmark_cycle
470.5,58.890000,8.000000,synthetic_USFS_Class3_benchmark_cycle
470.6,58.898000,8.000000,synthetic_USFS_Class3_benchmark_cycle
470.7,58.906000,8.000000,synthetic_USFS_Class3_benchmark_cycle
470.8,58.914000,8.000000,synthetic_USFS_Class3_benchmark_cycle
470.9,58.922000,8.000000,synthetic_USFS_Class3_benchmark_cycle
471.0,58.930000,8.000000,synthetic_USFS_Class3_benchmark_cycle
471.1,58.938000,8.000000,synthetic_USFS_Class3_benchmark_cycle
471.2,58.946000,8.000000,synthetic_USFS_Class3_benchmark_cycle
471.3,58.954000,8.000000,synthetic_USFS_Class3_benchmark_cycle
471.4,58.962000,8.000000,synthetic_USFS_Class3_benchmark_cycle
471.5,58.970000,8.000000,synthetic_USFS_Class3_benchmark_cycle
471.6,58.978000,8.000000,synthetic_USFS_Class3_benchmark_cycle
471.7,58.986000,8.000000,synthetic_USFS_Class3_benchmark_cycle
471.8,58.994000,8.000000,synthetic_USFS_Class3_benchmark_cycle
471.9,59.002000,8.000000,synthetic_USFS_Class3_benchmark_cycle
472.0,59.010000,8.000000,synthetic_USFS_Class3_benchmark_cycle
472.1,59.018000,8.000000,synthetic_USFS_Class3_benchmark_cycle
472.2,59.026000,8.000000,synthetic_USFS_Class3_benchmark_cycle
472.3,59.034000,8.000000,synthetic_USFS_Class3_benchmark_cycle
472.4,59.042000,8.000000,synthetic_USFS_Class3_benchmark_cycle
472.5,59.050000,8.000000,synthetic_USFS_Class3_benchmark_cycle
472.6,59.058000,8.000000,synthetic_USFS_Class3_benchmark_cycle
472.7,59.066000,8.000000,synthetic_USFS_Class3_benchmark_cycle
472.8,59.074000,8.000000,synthetic_USFS_Class3_benchmark_cycle
472.9,59.082000,8.000000,synthetic_USFS_Class3_benchmark_cycle
473.0,59.090000,8.000000,synthetic_USFS_Class3_benchmark_cycle
473.1,59.098000,8.000000,synthetic_USFS_Class3_benchmark_cycle
473.2,59.106000,8.000000,synthetic_USFS_Class3_benchmark_cycle
473.3,59.114000,8.000000,synthetic_USFS_Class3_benchmark_cycle
473.4,59.122000,8.000000,synthetic_USFS_Class3_benchmark_cycle
473.5,59.130000,8.000000,synthetic_USFS_Class3_benchmark_cycle
473.6,59.138000,8.000000,synthetic_USFS_Class3_benchmark_cycle
473.7,59.146000,8.000000,synthetic_USFS_Class3_benchmark_cycle
473.8,59.154000,8.000000,synthetic_USFS_Class3_benchmark_cycle
473.9,59.162000,8.000000,synthetic_USFS_Class3_benchmark_cycle
474.0,59.170000,8.000000,synthetic_USFS_Class3_benchmark_cycle
474.1,59.178000,8.000000,synthetic_USFS_Class3_benchmark_cycle
474.2,59.186000,8.000000,synthetic_USFS_Class3_benchmark_cycle
474.3,59.194000,8.000000,synthetic_USFS_Class3_benchmark_cycle
474.4,59.202000,8.000000,synthetic_USFS_Class3_benchmark_cycle
474.5,59.210000,8.000000,synthetic_USFS_Class3_benchmark_cycle
474.6,59.218000,8.000000,synthetic_USFS_Class3_benchmark_cycle
474.7,59.226000,8.000000,synthetic_USFS_Class3_benchmark_cycle
474.8,59.234000,8.000000,synthetic_USFS_Class3_benchmark_cycle
474.9,59.242000,8.000000,synthetic_USFS_Class3_benchmark_cycle
475.0,59.250000,8.000000,synthetic_USFS_Class3_benchmark_cycle
475.1,59.258000,8.000000,synthetic_USFS_Class3_benchmark_cycle
475.2,59.266000,8.000000,synthetic_USFS_Class3_benchmark_cycle
475.3,59.274000,8.000000,synthetic_USFS_Class3_benchmark_cycle
475.4,59.282000,8.000000,synthetic_USFS_Class3_benchmark_cycle
475.5,59.290000,8.000000,synthetic_USFS_Class3_benchmark_cycle
475.6,59.298000,8.000000,synthetic_USFS_Class3_benchmark_cycle
475.7,59.306000,8.000000,synthetic_USFS_Class3_benchmark_cycle
475.8,59.314000,8.000000,synthetic_USFS_Class3_benchmark_cycle
475.9,59.322000,8.000000,synthetic_USFS_Class3_benchmark_cycle
476.0,59.330000,8.000000,synthetic_USFS_Class3_benchmark_cycle
476.1,59.338000,8.000000,synthetic_USFS_Class3_benchmark_cycle
476.2,59.346000,8.000000,synthetic_USFS_Class3_benchmark_cycle
476.3,59.354000,8.000000,synthetic_USFS_Class3_benchmark_cycle
476.4,59.362000,8.000000,synthetic_USFS_Class3_benchmark_cycle
476.5,59.370000,8.000000,synthetic_USFS_Class3_benchmark_cycle
476.6,59.378000,8.000000,synthetic_USFS_Class3_benchmark_cycle
476.7,59.386000,8.000000,synthetic_USFS_Class3_benchmark_cycle
476.8,59.394000,8.000000,synthetic_USFS_Class3_benchmark_cycle
476.9,59.402000,8.000000,synthetic_USFS_Class3_benchmark_cycle
477.0,59.410000,8.000000,synthetic_USFS_Class3_benchmark_cycle
477.1,59.418000,8.000000,synthetic_USFS_Class3_benchmark_cycle
477.2,59.426000,8.000000,synthetic_USFS_Class3_benchmark_cycle
477.3,59.434000,8.000000,synthetic_USFS_Class3_benchmark_cycle
477.4,59.442000,8.000000,synthetic_USFS_Class3_benchmark_cycle
477.5,59.450000,8.000000,synthetic_USFS_Class3_benchmark_cycle
477.6,59.458000,8.000000,synthetic_USFS_Class3_benchmark_cycle
477.7,59.466000,8.000000,synthetic_USFS_Class3_benchmark_cycle
477.8,59.474000,8.000000,synthetic_USFS_Class3_benchmark_cycle
477.9,59.482000,8.000000,synthetic_USFS_Class3_benchmark_cycle
478.0,59.490000,8.000000,synthetic_USFS_Class3_benchmark_cycle
478.1,59.498000,8.000000,synthetic_USFS_Class3_benchmark_cycle
478.2,59.506000,8.000000,synthetic_USFS_Class3_benchmark_cycle
478.3,59.514000,8.000000,synthetic_USFS_Class3_benchmark_cycle
478.4,59.522000,8.000000,synthetic_USFS_Class3_benchmark_cycle
478.5,59.530000,8.000000,synthetic_USFS_Class3_benchmark_cycle
478.6,59.538000,8.000000,synthetic_USFS_Class3_benchmark_cycle
478.7,59.546000,8.000000,synthetic_USFS_Class3_benchmark_cycle
478.8,59.554000,8.000000,synthetic_USFS_Class3_benchmark_cycle
478.9,59.562000,8.000000,synthetic_USFS_Class3_benchmark_cycle
479.0,59.570000,8.000000,synthetic_USFS_Class3_benchmark_cycle
479.1,59.578000,8.000000,synthetic_USFS_Class3_benchmark_cycle
479.2,59.586000,8.000000,synthetic_USFS_Class3_benchmark_cycle
479.3,59.594000,8.000000,synthetic_USFS_Class3_benchmark_cycle
479.4,59.602000,8.000000,synthetic_USFS_Class3_benchmark_cycle
479.5,59.610000,8.000000,synthetic_USFS_Class3_benchmark_cycle
479.6,59.618000,8.000000,synthetic_USFS_Class3_benchmark_cycle
479.7,59.626000,8.000000,synthetic_USFS_Class3_benchmark_cycle
479.8,59.634000,8.000000,synthetic_USFS_Class3_benchmark_cycle
479.9,59.642000,8.000000,synthetic_USFS_Class3_benchmark_cycle
480.0,59.650000,8.000000,synthetic_USFS_Class3_benchmark_cycle
480.1,59.658000,8.000000,synthetic_USFS_Class3_benchmark_cycle
480.2,59.666000,8.000000,synthetic_USFS_Class3_benchmark_cycle
480.3,59.674000,8.000000,synthetic_USFS_Class3_benchmark_cycle
480.4,59.682000,8.000000,synthetic_USFS_Class3_benchmark_cycle
480.5,59.690000,8.000000,synthetic_USFS_Class3_benchmark_cycle
480.6,59.698000,8.000000,synthetic_USFS_Class3_benchmark_cycle
480.7,59.706000,8.000000,synthetic_USFS_Class3_benchmark_cycle
480.8,59.714000,8.000000,synthetic_USFS_Class3_benchmark_cycle
480.9,59.722000,8.000000,synthetic_USFS_Class3_benchmark_cycle
481.0,59.730000,8.000000,synthetic_USFS_Class3_benchmark_cycle
481.1,59.738000,8.000000,synthetic_USFS_Class3_benchmark_cycle
481.2,59.746000,8.000000,synthetic_USFS_Class3_benchmark_cycle
481.3,59.754000,8.000000,synthetic_USFS_Class3_benchmark_cycle
481.4,59.762000,8.000000,synthetic_USFS_Class3_benchmark_cycle
481.5,59.770000,8.000000,synthetic_USFS_Class3_benchmark_cycle
481.6,59.778000,8.000000,synthetic_USFS_Class3_benchmark_cycle
481.7,59.786000,8.000000,synthetic_USFS_Class3_benchmark_cycle
481.8,59.794000,8.000000,synthetic_USFS_Class3_benchmark_cycle
481.9,59.802000,8.000000,synthetic_USFS_Class3_benchmark_cycle
482.0,59.810000,8.000000,synthetic_USFS_Class3_benchmark_cycle
482.1,59.818000,8.000000,synthetic_USFS_Class3_benchmark_cycle
482.2,59.826000,8.000000,synthetic_USFS_Class3_benchmark_cycle
482.3,59.834000,8.000000,synthetic_USFS_Class3_benchmark_cycle
482.4,59.842000,8.000000,synthetic_USFS_Class3_benchmark_cycle
482.5,59.850000,8.000000,synthetic_USFS_Class3_benchmark_cycle
482.6,59.858000,8.000000,synthetic_USFS_Class3_benchmark_cycle
482.7,59.866000,8.000000,synthetic_USFS_Class3_benchmark_cycle
482.8,59.874000,8.000000,synthetic_USFS_Class3_benchmark_cycle
482.9,59.882000,8.000000,synthetic_USFS_Class3_benchmark_cycle
483.0,59.890000,8.000000,synthetic_USFS_Class3_benchmark_cycle
483.1,59.898000,8.000000,synthetic_USFS_Class3_benchmark_cycle
483.2,59.906000,8.000000,synthetic_USFS_Class3_benchmark_cycle
483.3,59.914000,8.000000,synthetic_USFS_Class3_benchmark_cycle
483.4,59.922000,8.000000,synthetic_USFS_Class3_benchmark_cycle
483.5,59.930000,8.000000,synthetic_USFS_Class3_benchmark_cycle
483.6,59.938000,8.000000,synthetic_USFS_Class3_benchmark_cycle
483.7,59.946000,8.000000,synthetic_USFS_Class3_benchmark_cycle
483.8,59.954000,8.000000,synthetic_USFS_Class3_benchmark_cycle
483.9,59.962000,8.000000,synthetic_USFS_Class3_benchmark_cycle
484.0,59.970000,8.000000,synthetic_USFS_Class3_benchmark_cycle
484.1,59.978000,8.000000,synthetic_USFS_Class3_benchmark_cycle
484.2,59.986000,8.000000,synthetic_USFS_Class3_benchmark_cycle
484.3,59.994000,8.000000,synthetic_USFS_Class3_benchmark_cycle
484.4,60.002000,8.000000,synthetic_USFS_Class3_benchmark_cycle
484.5,60.010000,8.000000,synthetic_USFS_Class3_benchmark_cycle
484.6,60.018000,8.000000,synthetic_USFS_Class3_benchmark_cycle
484.7,60.026000,8.000000,synthetic_USFS_Class3_benchmark_cycle
484.8,60.034000,8.000000,synthetic_USFS_Class3_benchmark_cycle
484.9,60.042000,8.000000,synthetic_USFS_Class3_benchmark_cycle
485.0,60.050000,8.000000,synthetic_USFS_Class3_benchmark_cycle
485.1,60.058000,8.000000,synthetic_USFS_Class3_benchmark_cycle
485.2,60.066000,8.000000,synthetic_USFS_Class3_benchmark_cycle
485.3,60.074000,8.000000,synthetic_USFS_Class3_benchmark_cycle
485.4,60.082000,8.000000,synthetic_USFS_Class3_benchmark_cycle
485.5,60.090000,8.000000,synthetic_USFS_Class3_benchmark_cycle
485.6,60.098000,8.000000,synthetic_USFS_Class3_benchmark_cycle
485.7,60.106000,8.000000,synthetic_USFS_Class3_benchmark_cycle
485.8,60.114000,8.000000,synthetic_USFS_Class3_benchmark_cycle
485.9,60.122000,8.000000,synthetic_USFS_Class3_benchmark_cycle
486.0,60.130000,8.000000,synthetic_USFS_Class3_benchmark_cycle
486.1,60.138000,8.000000,synthetic_USFS_Class3_benchmark_cycle
486.2,60.146000,8.000000,synthetic_USFS_Class3_benchmark_cycle
486.3,60.154000,8.000000,synthetic_USFS_Class3_benchmark_cycle
486.4,60.162000,8.000000,synthetic_USFS_Class3_benchmark_cycle
486.5,60.170000,8.000000,synthetic_USFS_Class3_benchmark_cycle
486.6,60.178000,8.000000,synthetic_USFS_Class3_benchmark_cycle
486.7,60.186000,8.000000,synthetic_USFS_Class3_benchmark_cycle
486.8,60.194000,8.000000,synthetic_USFS_Class3_benchmark_cycle
486.9,60.202000,8.000000,synthetic_USFS_Class3_benchmark_cycle
487.0,60.210000,8.000000,synthetic_USFS_Class3_benchmark_cycle
487.1,60.218000,8.000000,synthetic_USFS_Class3_benchmark_cycle
487.2,60.226000,8.000000,synthetic_USFS_Class3_benchmark_cycle
487.3,60.234000,8.000000,synthetic_USFS_Class3_benchmark_cycle
487.4,60.242000,8.000000,synthetic_USFS_Class3_benchmark_cycle
487.5,60.250000,8.000000,synthetic_USFS_Class3_benchmark_cycle
487.6,60.258000,8.000000,synthetic_USFS_Class3_benchmark_cycle
487.7,60.266000,8.000000,synthetic_USFS_Class3_benchmark_cycle
487.8,60.274000,8.000000,synthetic_USFS_Class3_benchmark_cycle
487.9,60.282000,8.000000,synthetic_USFS_Class3_benchmark_cycle
488.0,60.290000,8.000000,synthetic_USFS_Class3_benchmark_cycle
488.1,60.298000,8.000000,synthetic_USFS_Class3_benchmark_cycle
488.2,60.306000,8.000000,synthetic_USFS_Class3_benchmark_cycle
488.3,60.314000,8.000000,synthetic_USFS_Class3_benchmark_cycle
488.4,60.322000,8.000000,synthetic_USFS_Class3_benchmark_cycle
488.5,60.330000,8.000000,synthetic_USFS_Class3_benchmark_cycle
488.6,60.338000,8.000000,synthetic_USFS_Class3_benchmark_cycle
488.7,60.346000,8.000000,synthetic_USFS_Class3_benchmark_cycle
488.8,60.354000,8.000000,synthetic_USFS_Class3_benchmark_cycle
488.9,60.362000,8.000000,synthetic_USFS_Class3_benchmark_cycle
489.0,60.370000,8.000000,synthetic_USFS_Class3_benchmark_cycle
489.1,60.378000,8.000000,synthetic_USFS_Class3_benchmark_cycle
489.2,60.386000,8.000000,synthetic_USFS_Class3_benchmark_cycle
489.3,60.394000,8.000000,synthetic_USFS_Class3_benchmark_cycle
489.4,60.402000,8.000000,synthetic_USFS_Class3_benchmark_cycle
489.5,60.410000,8.000000,synthetic_USFS_Class3_benchmark_cycle
489.6,60.418000,8.000000,synthetic_USFS_Class3_benchmark_cycle
489.7,60.426000,8.000000,synthetic_USFS_Class3_benchmark_cycle
489.8,60.434000,8.000000,synthetic_USFS_Class3_benchmark_cycle
489.9,60.442000,8.000000,synthetic_USFS_Class3_benchmark_cycle
490.0,60.450000,8.000000,synthetic_USFS_Class3_benchmark_cycle
490.1,60.458000,8.000000,synthetic_USFS_Class3_benchmark_cycle
490.2,60.466000,8.000000,synthetic_USFS_Class3_benchmark_cycle
490.3,60.474000,8.000000,synthetic_USFS_Class3_benchmark_cycle
490.4,60.482000,8.000000,synthetic_USFS_Class3_benchmark_cycle
490.5,60.490000,8.000000,synthetic_USFS_Class3_benchmark_cycle
490.6,60.498000,8.000000,synthetic_USFS_Class3_benchmark_cycle
490.7,60.506000,8.000000,synthetic_USFS_Class3_benchmark_cycle
490.8,60.514000,8.000000,synthetic_USFS_Class3_benchmark_cycle
490.9,60.522000,8.000000,synthetic_USFS_Class3_benchmark_cycle
491.0,60.530000,8.000000,synthetic_USFS_Class3_benchmark_cycle
491.1,60.538000,8.000000,synthetic_USFS_Class3_benchmark_cycle
491.2,60.546000,8.000000,synthetic_USFS_Class3_benchmark_cycle
491.3,60.554000,8.000000,synthetic_USFS_Class3_benchmark_cycle
491.4,60.562000,8.000000,synthetic_USFS_Class3_benchmark_cycle
491.5,60.570000,8.000000,synthetic_USFS_Class3_benchmark_cycle
491.6,60.578000,8.000000,synthetic_USFS_Class3_benchmark_cycle
491.7,60.586000,8.000000,synthetic_USFS_Class3_benchmark_cycle
491.8,60.594000,8.000000,synthetic_USFS_Class3_benchmark_cycle
491.9,60.602000,8.000000,synthetic_USFS_Class3_benchmark_cycle
492.0,60.610000,8.000000,synthetic_USFS_Class3_benchmark_cycle
492.1,60.618000,8.000000,synthetic_USFS_Class3_benchmark_cycle
492.2,60.626000,8.000000,synthetic_USFS_Class3_benchmark_cycle
492.3,60.634000,8.000000,synthetic_USFS_Class3_benchmark_cycle
492.4,60.642000,8.000000,synthetic_USFS_Class3_benchmark_cycle
492.5,60.650000,8.000000,synthetic_USFS_Class3_benchmark_cycle
492.6,60.658000,8.000000,synthetic_USFS_Class3_benchmark_cycle
492.7,60.666000,8.000000,synthetic_USFS_Class3_benchmark_cycle
492.8,60.674000,8.000000,synthetic_USFS_Class3_benchmark_cycle
492.9,60.682000,8.000000,synthetic_USFS_Class3_benchmark_cycle
493.0,60.690000,8.000000,synthetic_USFS_Class3_benchmark_cycle
493.1,60.698000,8.000000,synthetic_USFS_Class3_benchmark_cycle
493.2,60.706000,8.000000,synthetic_USFS_Class3_benchmark_cycle
493.3,60.714000,8.000000,synthetic_USFS_Class3_benchmark_cycle
493.4,60.722000,8.000000,synthetic_USFS_Class3_benchmark_cycle
493.5,60.730000,8.000000,synthetic_USFS_Class3_benchmark_cycle
493.6,60.738000,8.000000,synthetic_USFS_Class3_benchmark_cycle
493.7,60.746000,8.000000,synthetic_USFS_Class3_benchmark_cycle
493.8,60.754000,8.000000,synthetic_USFS_Class3_benchmark_cycle
493.9,60.762000,8.000000,synthetic_USFS_Class3_benchmark_cycle
494.0,60.770000,8.000000,synthetic_USFS_Class3_benchmark_cycle
494.1,60.778000,8.000000,synthetic_USFS_Class3_benchmark_cycle
494.2,60.786000,8.000000,synthetic_USFS_Class3_benchmark_cycle
494.3,60.794000,8.000000,synthetic_USFS_Class3_benchmark_cycle
494.4,60.802000,8.000000,synthetic_USFS_Class3_benchmark_cycle
494.5,60.810000,8.000000,synthetic_USFS_Class3_benchmark_cycle
494.6,60.818000,8.000000,synthetic_USFS_Class3_benchmark_cycle
494.7,60.826000,8.000000,synthetic_USFS_Class3_benchmark_cycle
494.8,60.834000,8.000000,synthetic_USFS_Class3_benchmark_cycle
494.9,60.842000,8.000000,synthetic_USFS_Class3_benchmark_cycle
495.0,60.850000,8.000000,synthetic_USFS_Class3_benchmark_cycle
495.1,60.858000,8.000000,synthetic_USFS_Class3_benchmark_cycle
495.2,60.866000,8.000000,synthetic_USFS_Class3_benchmark_cycle
495.3,60.874000,8.000000,synthetic_USFS_Class3_benchmark_cycle
495.4,60.882000,8.000000,synthetic_USFS_Class3_benchmark_cycle
495.5,60.890000,8.000000,synthetic_USFS_Class3_benchmark_cycle
495.6,60.898000,8.000000,synthetic_USFS_Class3_benchmark_cycle
495.7,60.906000,8.000000,synthetic_USFS_Class3_benchmark_cycle
495.8,60.914000,8.000000,synthetic_USFS_Class3_benchmark_cycle
495.9,60.922000,8.000000,synthetic_USFS_Class3_benchmark_cycle
496.0,60.930000,8.000000,synthetic_USFS_Class3_benchmark_cycle
496.1,60.938000,8.000000,synthetic_USFS_Class3_benchmark_cycle
496.2,60.946000,8.000000,synthetic_USFS_Class3_benchmark_cycle
496.3,60.954000,8.000000,synthetic_USFS_Class3_benchmark_cycle
496.4,60.962000,8.000000,synthetic_USFS_Class3_benchmark_cycle
496.5,60.970000,8.000000,synthetic_USFS_Class3_benchmark_cycle
496.6,60.978000,8.000000,synthetic_USFS_Class3_benchmark_cycle
496.7,60.986000,8.000000,synthetic_USFS_Class3_benchmark_cycle
496.8,60.994000,8.000000,synthetic_USFS_Class3_benchmark_cycle
496.9,61.002000,8.000000,synthetic_USFS_Class3_benchmark_cycle
497.0,61.010000,8.000000,synthetic_USFS_Class3_benchmark_cycle
497.1,61.018000,8.000000,synthetic_USFS_Class3_benchmark_cycle
497.2,61.026000,8.000000,synthetic_USFS_Class3_benchmark_cycle
497.3,61.034000,8.000000,synthetic_USFS_Class3_benchmark_cycle
497.4,61.042000,8.000000,synthetic_USFS_Class3_benchmark_cycle
497.5,61.050000,8.000000,synthetic_USFS_Class3_benchmark_cycle
497.6,61.058000,8.000000,synthetic_USFS_Class3_benchmark_cycle
497.7,61.066000,8.000000,synthetic_USFS_Class3_benchmark_cycle
497.8,61.074000,8.000000,synthetic_USFS_Class3_benchmark_cycle
497.9,61.082000,8.000000,synthetic_USFS_Class3_benchmark_cycle
498.0,61.090000,8.000000,synthetic_USFS_Class3_benchmark_cycle
498.1,61.098000,8.000000,synthetic_USFS_Class3_benchmark_cycle
498.2,61.106000,8.000000,synthetic_USFS_Class3_benchmark_cycle
498.3,61.114000,8.000000,synthetic_USFS_Class3_benchmark_cycle
498.4,61.122000,8.000000,synthetic_USFS_Class3_benchmark_cycle
498.5,61.130000,8.000000,synthetic_USFS_Class3_benchmark_cycle
498.6,61.138000,8.000000,synthetic_USFS_Class3_benchmark_cycle
498.7,61.146000,8.000000,synthetic_USFS_Class3_benchmark_cycle
498.8,61.154000,8.000000,synthetic_USFS_Class3_benchmark_cycle
498.9,61.162000,8.000000,synthetic_USFS_Class3_benchmark_cycle
499.0,61.170000,8.000000,synthetic_USFS_Class3_benchmark_cycle
499.1,61.178000,8.000000,synthetic_USFS_Class3_benchmark_cycle
499.2,61.186000,8.000000,synthetic_USFS_Class3_benchmark_cycle
499.3,61.194000,8.000000,synthetic_USFS_Class3_benchmark_cycle
499.4,61.202000,8.000000,synthetic_USFS_Class3_benchmark_cycle
499.5,61.210000,8.000000,synthetic_USFS_Class3_benchmark_cycle
499.6,61.218000,8.000000,synthetic_USFS_Class3_benchmark_cycle
499.7,61.226000,8.000000,synthetic_USFS_Class3_benchmark_cycle
499.8,61.234000,8.000000,synthetic_USFS_Class3_benchmark_cycle
499.9,61.242000,8.000000,synthetic_USFS_Class3_benchmark_cycle
500.0,61.250000,8.000000,synthetic_USFS_Class3_benchmark_cycle
500.1,61.258000,8.000000,synthetic_USFS_Class3_benchmark_cycle
500.2,61.266000,8.000000,synthetic_USFS_Class3_benchmark_cycle
500.3,61.274000,8.000000,synthetic_USFS_Class3_benchmark_cycle
500.4,61.282000,8.000000,synthetic_USFS_Class3_benchmark_cycle
500.5,61.290000,8.000000,synthetic_USFS_Class3_benchmark_cycle
500.6,61.298000,8.000000,synthetic_USFS_Class3_benchmark_cycle
500.7,61.306000,8.000000,synthetic_USFS_Class3_benchmark_cycle
500.8,61.314000,8.000000,synthetic_USFS_Class3_benchmark_cycle
500.9,61.322000,8.000000,synthetic_USFS_Class3_benchmark_cycle
501.0,61.330000,8.000000,synthetic_USFS_Class3_benchmark_cycle
501.1,61.338000,8.000000,synthetic_USFS_Class3_benchmark_cycle
501.2,61.346000,8.000000,synthetic_USFS_Class3_benchmark_cycle
501.3,61.354000,8.000000,synthetic_USFS_Class3_benchmark_cycle
501.4,61.362000,8.000000,synthetic_USFS_Class3_benchmark_cycle
501.5,61.370000,8.000000,synthetic_USFS_Class3_benchmark_cycle
501.6,61.378000,8.000000,synthetic_USFS_Class3_benchmark_cycle
501.7,61.386000,8.000000,synthetic_USFS_Class3_benchmark_cycle
501.8,61.394000,8.000000,synthetic_USFS_Class3_benchmark_cycle
501.9,61.402000,8.000000,synthetic_USFS_Class3_benchmark_cycle
502.0,61.410000,8.000000,synthetic_USFS_Class3_benchmark_cycle
502.1,61.418000,8.000000,synthetic_USFS_Class3_benchmark_cycle
502.2,61.426000,8.000000,synthetic_USFS_Class3_benchmark_cycle
502.3,61.434000,8.000000,synthetic_USFS_Class3_benchmark_cycle
502.4,61.442000,8.000000,synthetic_USFS_Class3_benchmark_cycle
502.5,61.450000,8.000000,synthetic_USFS_Class3_benchmark_cycle
502.6,61.458000,8.000000,synthetic_USFS_Class3_benchmark_cycle
502.7,61.466000,8.000000,synthetic_USFS_Class3_benchmark_cycle
502.8,61.474000,8.000000,synthetic_USFS_Class3_benchmark_cycle
502.9,61.482000,8.000000,synthetic_USFS_Class3_benchmark_cycle
503.0,61.490000,8.000000,synthetic_USFS_Class3_benchmark_cycle
503.1,61.498000,8.000000,synthetic_USFS_Class3_benchmark_cycle
503.2,61.506000,8.000000,synthetic_USFS_Class3_benchmark_cycle
503.3,61.514000,8.000000,synthetic_USFS_Class3_benchmark_cycle
503.4,61.522000,8.000000,synthetic_USFS_Class3_benchmark_cycle
503.5,61.530000,8.000000,synthetic_USFS_Class3_benchmark_cycle
503.6,61.538000,8.000000,synthetic_USFS_Class3_benchmark_cycle
503.7,61.546000,8.000000,synthetic_USFS_Class3_benchmark_cycle
503.8,61.554000,8.000000,synthetic_USFS_Class3_benchmark_cycle
503.9,61.562000,8.000000,synthetic_USFS_Class3_benchmark_cycle
504.0,61.570000,8.000000,synthetic_USFS_Class3_benchmark_cycle
504.1,61.578000,8.000000,synthetic_USFS_Class3_benchmark_cycle
504.2,61.586000,8.000000,synthetic_USFS_Class3_benchmark_cycle
504.3,61.594000,8.000000,synthetic_USFS_Class3_benchmark_cycle
504.4,61.602000,8.000000,synthetic_USFS_Class3_benchmark_cycle
504.5,61.610000,8.000000,synthetic_USFS_Class3_benchmark_cycle
504.6,61.618000,8.000000,synthetic_USFS_Class3_benchmark_cycle
504.7,61.626000,8.000000,synthetic_USFS_Class3_benchmark_cycle
504.8,61.634000,8.000000,synthetic_USFS_Class3_benchmark_cycle
504.9,61.642000,8.000000,synthetic_USFS_Class3_benchmark_cycle
505.0,61.650000,8.000000,synthetic_USFS_Class3_benchmark_cycle
505.1,61.658000,8.000000,synthetic_USFS_Class3_benchmark_cycle
505.2,61.666000,8.000000,synthetic_USFS_Class3_benchmark_cycle
505.3,61.674000,8.000000,synthetic_USFS_Class3_benchmark_cycle
505.4,61.682000,8.000000,synthetic_USFS_Class3_benchmark_cycle
505.5,61.690000,8.000000,synthetic_USFS_Class3_benchmark_cycle
505.6,61.698000,8.000000,synthetic_USFS_Class3_benchmark_cycle
505.7,61.706000,8.000000,synthetic_USFS_Class3_benchmark_cycle
505.8,61.714000,8.000000,synthetic_USFS_Class3_benchmark_cycle
505.9,61.722000,8.000000,synthetic_USFS_Class3_benchmark_cycle
506.0,61.730000,8.000000,synthetic_USFS_Class3_benchmark_cycle
506.1,61.738000,8.000000,synthetic_USFS_Class3_benchmark_cycle
506.2,61.746000,8.000000,synthetic_USFS_Class3_benchmark_cycle
506.3,61.754000,8.000000,synthetic_USFS_Class3_benchmark_cycle
506.4,61.762000,8.000000,synthetic_USFS_Class3_benchmark_cycle
506.5,61.770000,8.000000,synthetic_USFS_Class3_benchmark_cycle
506.6,61.778000,8.000000,synthetic_USFS_Class3_benchmark_cycle
506.7,61.786000,8.000000,synthetic_USFS_Class3_benchmark_cycle
506.8,61.794000,8.000000,synthetic_USFS_Class3_benchmark_cycle
506.9,61.802000,8.000000,synthetic_USFS_Class3_benchmark_cycle
507.0,61.810000,8.000000,synthetic_USFS_Class3_benchmark_cycle
507.1,61.818000,8.000000,synthetic_USFS_Class3_benchmark_cycle
507.2,61.826000,8.000000,synthetic_USFS_Class3_benchmark_cycle
507.3,61.834000,8.000000,synthetic_USFS_Class3_benchmark_cycle
507.4,61.842000,8.000000,synthetic_USFS_Class3_benchmark_cycle
507.5,61.850000,8.000000,synthetic_USFS_Class3_benchmark_cycle
507.6,61.858000,8.000000,synthetic_USFS_Class3_benchmark_cycle
507.7,61.866000,8.000000,synthetic_USFS_Class3_benchmark_cycle
507.8,61.874000,8.000000,synthetic_USFS_Class3_benchmark_cycle
507.9,61.882000,8.000000,synthetic_USFS_Class3_benchmark_cycle
508.0,61.890000,8.000000,synthetic_USFS_Class3_benchmark_cycle
508.1,61.898000,8.000000,synthetic_USFS_Class3_benchmark_cycle
508.2,61.906000,8.000000,synthetic_USFS_Class3_benchmark_cycle
508.3,61.914000,8.000000,synthetic_USFS_Class3_benchmark_cycle
508.4,61.922000,8.000000,synthetic_USFS_Class3_benchmark_cycle
508.5,61.930000,8.000000,synthetic_USFS_Class3_benchmark_cycle
508.6,61.938000,8.000000,synthetic_USFS_Class3_benchmark_cycle
508.7,61.946000,8.000000,synthetic_USFS_Class3_benchmark_cycle
508.8,61.954000,8.000000,synthetic_USFS_Class3_benchmark_cycle
508.9,61.962000,8.000000,synthetic_USFS_Class3_benchmark_cycle
509.0,61.970000,8.000000,synthetic_USFS_Class3_benchmark_cycle
509.1,61.978000,8.000000,synthetic_USFS_Class3_benchmark_cycle
509.2,61.986000,8.000000,synthetic_USFS_Class3_benchmark_cycle
509.3,61.994000,8.000000,synthetic_USFS_Class3_benchmark_cycle
509.4,62.002000,8.000000,synthetic_USFS_Class3_benchmark_cycle
509.5,62.010000,8.000000,synthetic_USFS_Class3_benchmark_cycle
509.6,62.018000,8.000000,synthetic_USFS_Class3_benchmark_cycle
509.7,62.026000,8.000000,synthetic_USFS_Class3_benchmark_cycle
509.8,62.034000,8.000000,synthetic_USFS_Class3_benchmark_cycle
509.9,62.042000,8.000000,synthetic_USFS_Class3_benchmark_cycle
510.0,62.050000,8.000000,synthetic_USFS_Class3_benchmark_cycle
510.1,62.058000,8.000000,synthetic_USFS_Class3_benchmark_cycle
510.2,62.066000,8.000000,synthetic_USFS_Class3_benchmark_cycle
510.3,62.074000,8.000000,synthetic_USFS_Class3_benchmark_cycle
510.4,62.082000,8.000000,synthetic_USFS_Class3_benchmark_cycle
510.5,62.090000,8.000000,synthetic_USFS_Class3_benchmark_cycle
510.6,62.098000,8.000000,synthetic_USFS_Class3_benchmark_cycle
510.7,62.106000,8.000000,synthetic_USFS_Class3_benchmark_cycle
510.8,62.114000,8.000000,synthetic_USFS_Class3_benchmark_cycle
510.9,62.122000,8.000000,synthetic_USFS_Class3_benchmark_cycle
511.0,62.130000,8.000000,synthetic_USFS_Class3_benchmark_cycle
511.1,62.138000,8.000000,synthetic_USFS_Class3_benchmark_cycle
511.2,62.146000,8.000000,synthetic_USFS_Class3_benchmark_cycle
511.3,62.154000,8.000000,synthetic_USFS_Class3_benchmark_cycle
511.4,62.162000,8.000000,synthetic_USFS_Class3_benchmark_cycle
511.5,62.170000,8.000000,synthetic_USFS_Class3_benchmark_cycle
511.6,62.178000,8.000000,synthetic_USFS_Class3_benchmark_cycle
511.7,62.186000,8.000000,synthetic_USFS_Class3_benchmark_cycle
511.8,62.194000,8.000000,synthetic_USFS_Class3_benchmark_cycle
511.9,62.202000,8.000000,synthetic_USFS_Class3_benchmark_cycle
512.0,62.210000,8.000000,synthetic_USFS_Class3_benchmark_cycle
512.1,62.218000,8.000000,synthetic_USFS_Class3_benchmark_cycle
512.2,62.226000,8.000000,synthetic_USFS_Class3_benchmark_cycle
512.3,62.234000,8.000000,synthetic_USFS_Class3_benchmark_cycle
512.4,62.242000,8.000000,synthetic_USFS_Class3_benchmark_cycle
512.5,62.250000,8.000000,synthetic_USFS_Class3_benchmark_cycle
512.6,62.258000,8.000000,synthetic_USFS_Class3_benchmark_cycle
512.7,62.266000,8.000000,synthetic_USFS_Class3_benchmark_cycle
512.8,62.274000,8.000000,synthetic_USFS_Class3_benchmark_cycle
512.9,62.282000,8.000000,synthetic_USFS_Class3_benchmark_cycle
513.0,62.290000,8.000000,synthetic_USFS_Class3_benchmark_cycle
513.1,62.298000,8.000000,synthetic_USFS_Class3_benchmark_cycle
513.2,62.306000,8.000000,synthetic_USFS_Class3_benchmark_cycle
513.3,62.314000,8.000000,synthetic_USFS_Class3_benchmark_cycle
513.4,62.322000,8.000000,synthetic_USFS_Class3_benchmark_cycle
513.5,62.330000,8.000000,synthetic_USFS_Class3_benchmark_cycle
513.6,62.338000,8.000000,synthetic_USFS_Class3_benchmark_cycle
513.7,62.346000,8.000000,synthetic_USFS_Class3_benchmark_cycle
513.8,62.354000,8.000000,synthetic_USFS_Class3_benchmark_cycle
513.9,62.362000,8.000000,synthetic_USFS_Class3_benchmark_cycle
514.0,62.370000,8.000000,synthetic_USFS_Class3_benchmark_cycle
514.1,62.378000,8.000000,synthetic_USFS_Class3_benchmark_cycle
514.2,62.386000,8.000000,synthetic_USFS_Class3_benchmark_cycle
514.3,62.394000,8.000000,synthetic_USFS_Class3_benchmark_cycle
514.4,62.402000,8.000000,synthetic_USFS_Class3_benchmark_cycle
514.5,62.410000,8.000000,synthetic_USFS_Class3_benchmark_cycle
514.6,62.418000,8.000000,synthetic_USFS_Class3_benchmark_cycle
514.7,62.426000,8.000000,synthetic_USFS_Class3_benchmark_cycle
514.8,62.434000,8.000000,synthetic_USFS_Class3_benchmark_cycle
514.9,62.442000,8.000000,synthetic_USFS_Class3_benchmark_cycle
515.0,62.450000,8.000000,synthetic_USFS_Class3_benchmark_cycle
515.1,62.458000,8.000000,synthetic_USFS_Class3_benchmark_cycle
515.2,62.466000,8.000000,synthetic_USFS_Class3_benchmark_cycle
515.3,62.474000,8.000000,synthetic_USFS_Class3_benchmark_cycle
515.4,62.482000,8.000000,synthetic_USFS_Class3_benchmark_cycle
515.5,62.490000,8.000000,synthetic_USFS_Class3_benchmark_cycle
515.6,62.498000,8.000000,synthetic_USFS_Class3_benchmark_cycle
515.7,62.506000,8.000000,synthetic_USFS_Class3_benchmark_cycle
515.8,62.514000,8.000000,synthetic_USFS_Class3_benchmark_cycle
515.9,62.522000,8.000000,synthetic_USFS_Class3_benchmark_cycle
516.0,62.530000,8.000000,synthetic_USFS_Class3_benchmark_cycle
516.1,62.538000,8.000000,synthetic_USFS_Class3_benchmark_cycle
516.2,62.546000,8.000000,synthetic_USFS_Class3_benchmark_cycle
516.3,62.554000,8.000000,synthetic_USFS_Class3_benchmark_cycle
516.4,62.562000,8.000000,synthetic_USFS_Class3_benchmark_cycle
516.5,62.570000,8.000000,synthetic_USFS_Class3_benchmark_cycle
516.6,62.578000,8.000000,synthetic_USFS_Class3_benchmark_cycle
516.7,62.586000,8.000000,synthetic_USFS_Class3_benchmark_cycle
516.8,62.594000,8.000000,synthetic_USFS_Class3_benchmark_cycle
516.9,62.602000,8.000000,synthetic_USFS_Class3_benchmark_cycle
517.0,62.610000,8.000000,synthetic_USFS_Class3_benchmark_cycle
517.1,62.618000,8.000000,synthetic_USFS_Class3_benchmark_cycle
517.2,62.626000,8.000000,synthetic_USFS_Class3_benchmark_cycle
517.3,62.634000,8.000000,synthetic_USFS_Class3_benchmark_cycle
517.4,62.642000,8.000000,synthetic_USFS_Class3_benchmark_cycle
517.5,62.650000,8.000000,synthetic_USFS_Class3_benchmark_cycle
517.6,62.658000,8.000000,synthetic_USFS_Class3_benchmark_cycle
517.7,62.666000,8.000000,synthetic_USFS_Class3_benchmark_cycle
517.8,62.674000,8.000000,synthetic_USFS_Class3_benchmark_cycle
517.9,62.682000,8.000000,synthetic_USFS_Class3_benchmark_cycle
518.0,62.690000,8.000000,synthetic_USFS_Class3_benchmark_cycle
518.1,62.698000,8.000000,synthetic_USFS_Class3_benchmark_cycle
518.2,62.706000,8.000000,synthetic_USFS_Class3_benchmark_cycle
518.3,62.714000,8.000000,synthetic_USFS_Class3_benchmark_cycle
518.4,62.722000,8.000000,synthetic_USFS_Class3_benchmark_cycle
518.5,62.730000,8.000000,synthetic_USFS_Class3_benchmark_cycle
518.6,62.738000,8.000000,synthetic_USFS_Class3_benchmark_cycle
518.7,62.746000,8.000000,synthetic_USFS_Class3_benchmark_cycle
518.8,62.754000,8.000000,synthetic_USFS_Class3_benchmark_cycle
518.9,62.762000,8.000000,synthetic_USFS_Class3_benchmark_cycle
519.0,62.770000,8.000000,synthetic_USFS_Class3_benchmark_cycle
519.1,62.778000,8.000000,synthetic_USFS_Class3_benchmark_cycle
519.2,62.786000,8.000000,synthetic_USFS_Class3_benchmark_cycle
519.3,62.794000,8.000000,synthetic_USFS_Class3_benchmark_cycle
519.4,62.802000,8.000000,synthetic_USFS_Class3_benchmark_cycle
519.5,62.810000,8.000000,synthetic_USFS_Class3_benchmark_cycle
519.6,62.818000,8.000000,synthetic_USFS_Class3_benchmark_cycle
519.7,62.826000,8.000000,synthetic_USFS_Class3_benchmark_cycle
519.8,62.834000,8.000000,synthetic_USFS_Class3_benchmark_cycle
519.9,62.842000,8.000000,synthetic_USFS_Class3_benchmark_cycle
520.0,62.850000,8.000000,synthetic_USFS_Class3_benchmark_cycle
520.1,62.858000,8.000000,synthetic_USFS_Class3_benchmark_cycle
520.2,62.866000,8.000000,synthetic_USFS_Class3_benchmark_cycle
520.3,62.874000,8.000000,synthetic_USFS_Class3_benchmark_cycle
520.4,62.882000,8.000000,synthetic_USFS_Class3_benchmark_cycle
520.5,62.890000,8.000000,synthetic_USFS_Class3_benchmark_cycle
520.6,62.898000,8.000000,synthetic_USFS_Class3_benchmark_cycle
520.7,62.906000,8.000000,synthetic_USFS_Class3_benchmark_cycle
520.8,62.914000,8.000000,synthetic_USFS_Class3_benchmark_cycle
520.9,62.922000,8.000000,synthetic_USFS_Class3_benchmark_cycle
521.0,62.930000,8.000000,synthetic_USFS_Class3_benchmark_cycle
521.1,62.938000,8.000000,synthetic_USFS_Class3_benchmark_cycle
521.2,62.946000,8.000000,synthetic_USFS_Class3_benchmark_cycle
521.3,62.954000,8.000000,synthetic_USFS_Class3_benchmark_cycle
521.4,62.962000,8.000000,synthetic_USFS_Class3_benchmark_cycle
521.5,62.970000,8.000000,synthetic_USFS_Class3_benchmark_cycle
521.6,62.978000,8.000000,synthetic_USFS_Class3_benchmark_cycle
521.7,62.986000,8.000000,synthetic_USFS_Class3_benchmark_cycle
521.8,62.994000,8.000000,synthetic_USFS_Class3_benchmark_cycle
521.9,63.002000,8.000000,synthetic_USFS_Class3_benchmark_cycle
522.0,63.010000,8.000000,synthetic_USFS_Class3_benchmark_cycle
522.1,63.018000,8.000000,synthetic_USFS_Class3_benchmark_cycle
522.2,63.026000,8.000000,synthetic_USFS_Class3_benchmark_cycle
522.3,63.034000,8.000000,synthetic_USFS_Class3_benchmark_cycle
522.4,63.042000,8.000000,synthetic_USFS_Class3_benchmark_cycle
522.5,63.050000,8.000000,synthetic_USFS_Class3_benchmark_cycle
522.6,63.058000,8.000000,synthetic_USFS_Class3_benchmark_cycle
522.7,63.066000,8.000000,synthetic_USFS_Class3_benchmark_cycle
522.8,63.074000,8.000000,synthetic_USFS_Class3_benchmark_cycle
522.9,63.082000,8.000000,synthetic_USFS_Class3_benchmark_cycle
523.0,63.090000,8.000000,synthetic_USFS_Class3_benchmark_cycle
523.1,63.098000,8.000000,synthetic_USFS_Class3_benchmark_cycle
523.2,63.106000,8.000000,synthetic_USFS_Class3_benchmark_cycle
523.3,63.114000,8.000000,synthetic_USFS_Class3_benchmark_cycle
523.4,63.122000,8.000000,synthetic_USFS_Class3_benchmark_cycle
523.5,63.130000,8.000000,synthetic_USFS_Class3_benchmark_cycle
523.6,63.138000,8.000000,synthetic_USFS_Class3_benchmark_cycle
523.7,63.146000,8.000000,synthetic_USFS_Class3_benchmark_cycle
523.8,63.154000,8.000000,synthetic_USFS_Class3_benchmark_cycle
523.9,63.162000,8.000000,synthetic_USFS_Class3_benchmark_cycle
524.0,63.170000,8.000000,synthetic_USFS_Class3_benchmark_cycle
524.1,63.178000,8.000000,synthetic_USFS_Class3_benchmark_cycle
524.2,63.186000,8.000000,synthetic_USFS_Class3_benchmark_cycle
524.3,63.194000,8.000000,synthetic_USFS_Class3_benchmark_cycle
524.4,63.202000,8.000000,synthetic_USFS_Class3_benchmark_cycle
524.5,63.210000,8.000000,synthetic_USFS_Class3_benchmark_cycle
524.6,63.218000,8.000000,synthetic_USFS_Class3_benchmark_cycle
524.7,63.226000,8.000000,synthetic_USFS_Class3_benchmark_cycle
524.8,63.234000,8.000000,synthetic_USFS_Class3_benchmark_cycle
524.9,63.242000,8.000000,synthetic_USFS_Class3_benchmark_cycle
525.0,63.250000,8.000000,synthetic_USFS_Class3_benchmark_cycle
525.1,63.258000,8.000000,synthetic_USFS_Class3_benchmark_cycle
525.2,63.266000,8.000000,synthetic_USFS_Class3_benchmark_cycle
525.3,63.274000,8.000000,synthetic_USFS_Class3_benchmark_cycle
525.4,63.282000,8.000000,synthetic_USFS_Class3_benchmark_cycle
525.5,63.290000,8.000000,synthetic_USFS_Class3_benchmark_cycle
525.6,63.298000,8.000000,synthetic_USFS_Class3_benchmark_cycle
525.7,63.306000,8.000000,synthetic_USFS_Class3_benchmark_cycle
525.8,63.314000,8.000000,synthetic_USFS_Class3_benchmark_cycle
525.9,63.322000,8.000000,synthetic_USFS_Class3_benchmark_cycle
526.0,63.330000,8.000000,synthetic_USFS_Class3_benchmark_cycle
526.1,63.338000,8.000000,synthetic_USFS_Class3_benchmark_cycle
526.2,63.346000,8.000000,synthetic_USFS_Class3_benchmark_cycle
526.3,63.354000,8.000000,synthetic_USFS_Class3_benchmark_cycle
526.4,63.362000,8.000000,synthetic_USFS_Class3_benchmark_cycle
526.5,63.370000,8.000000,synthetic_USFS_Class3_benchmark_cycle
526.6,63.378000,8.000000,synthetic_USFS_Class3_benchmark_cycle
526.7,63.386000,8.000000,synthetic_USFS_Class3_benchmark_cycle
526.8,63.394000,8.000000,synthetic_USFS_Class3_benchmark_cycle
526.9,63.402000,8.000000,synthetic_USFS_Class3_benchmark_cycle
527.0,63.410000,8.000000,synthetic_USFS_Class3_benchmark_cycle
527.1,63.418000,8.000000,synthetic_USFS_Class3_benchmark_cycle
527.2,63.426000,8.000000,synthetic_USFS_Class3_benchmark_cycle
527.3,63.434000,8.000000,synthetic_USFS_Class3_benchmark_cycle
527.4,63.442000,8.000000,synthetic_USFS_Class3_benchmark_cycle
527.5,63.450000,8.000000,synthetic_USFS_Class3_benchmark_cycle
527.6,63.458000,8.000000,synthetic_USFS_Class3_benchmark_cycle
527.7,63.466000,8.000000,synthetic_USFS_Class3_benchmark_cycle
527.8,63.474000,8.000000,synthetic_USFS_Class3_benchmark_cycle
527.9,63.482000,8.000000,synthetic_USFS_Class3_benchmark_cycle
528.0,63.490000,8.000000,synthetic_USFS_Class3_benchmark_cycle
528.1,63.498000,8.000000,synthetic_USFS_Class3_benchmark_cycle
528.2,63.506000,8.000000,synthetic_USFS_Class3_benchmark_cycle
528.3,63.514000,8.000000,synthetic_USFS_Class3_benchmark_cycle
528.4,63.522000,8.000000,synthetic_USFS_Class3_benchmark_cycle
528.5,63.530000,8.000000,synthetic_USFS_Class3_benchmark_cycle
528.6,63.538000,8.000000,synthetic_USFS_Class3_benchmark_cycle
528.7,63.546000,8.000000,synthetic_USFS_Class3_benchmark_cycle
528.8,63.554000,8.000000,synthetic_USFS_Class3_benchmark_cycle
528.9,63.562000,8.000000,synthetic_USFS_Class3_benchmark_cycle
529.0,63.570000,8.000000,synthetic_USFS_Class3_benchmark_cycle
529.1,63.578000,8.000000,synthetic_USFS_Class3_benchmark_cycle
529.2,63.586000,8.000000,synthetic_USFS_Class3_benchmark_cycle
529.3,63.594000,8.000000,synthetic_USFS_Class3_benchmark_cycle
529.4,63.602000,8.000000,synthetic_USFS_Class3_benchmark_cycle
529.5,63.610000,8.000000,synthetic_USFS_Class3_benchmark_cycle
529.6,63.618000,8.000000,synthetic_USFS_Class3_benchmark_cycle
529.7,63.626000,8.000000,synthetic_USFS_Class3_benchmark_cycle
529.8,63.634000,8.000000,synthetic_USFS_Class3_benchmark_cycle
529.9,63.642000,8.000000,synthetic_USFS_Class3_benchmark_cycle
530.0,63.650000,8.000000,synthetic_USFS_Class3_benchmark_cycle
530.1,63.658000,8.000000,synthetic_USFS_Class3_benchmark_cycle
530.2,63.666000,8.000000,synthetic_USFS_Class3_benchmark_cycle
530.3,63.674000,8.000000,synthetic_USFS_Class3_benchmark_cycle
530.4,63.682000,8.000000,synthetic_USFS_Class3_benchmark_cycle
530.5,63.690000,8.000000,synthetic_USFS_Class3_benchmark_cycle
530.6,63.698000,8.000000,synthetic_USFS_Class3_benchmark_cycle
530.7,63.706000,8.000000,synthetic_USFS_Class3_benchmark_cycle
530.8,63.714000,8.000000,synthetic_USFS_Class3_benchmark_cycle
530.9,63.722000,8.000000,synthetic_USFS_Class3_benchmark_cycle
531.0,63.730000,8.000000,synthetic_USFS_Class3_benchmark_cycle
531.1,63.738000,8.000000,synthetic_USFS_Class3_benchmark_cycle
531.2,63.746000,8.000000,synthetic_USFS_Class3_benchmark_cycle
531.3,63.754000,8.000000,synthetic_USFS_Class3_benchmark_cycle
531.4,63.762000,8.000000,synthetic_USFS_Class3_benchmark_cycle
531.5,63.770000,8.000000,synthetic_USFS_Class3_benchmark_cycle
531.6,63.778000,8.000000,synthetic_USFS_Class3_benchmark_cycle
531.7,63.786000,8.000000,synthetic_USFS_Class3_benchmark_cycle
531.8,63.794000,8.000000,synthetic_USFS_Class3_benchmark_cycle
531.9,63.802000,8.000000,synthetic_USFS_Class3_benchmark_cycle
532.0,63.810000,8.000000,synthetic_USFS_Class3_benchmark_cycle
532.1,63.818000,8.000000,synthetic_USFS_Class3_benchmark_cycle
532.2,63.826000,8.000000,synthetic_USFS_Class3_benchmark_cycle
532.3,63.834000,8.000000,synthetic_USFS_Class3_benchmark_cycle
532.4,63.842000,8.000000,synthetic_USFS_Class3_benchmark_cycle
532.5,63.850000,8.000000,synthetic_USFS_Class3_benchmark_cycle
532.6,63.858000,8.000000,synthetic_USFS_Class3_benchmark_cycle
532.7,63.866000,8.000000,synthetic_USFS_Class3_benchmark_cycle
532.8,63.874000,8.000000,synthetic_USFS_Class3_benchmark_cycle
532.9,63.882000,8.000000,synthetic_USFS_Class3_benchmark_cycle
533.0,63.890000,8.000000,synthetic_USFS_Class3_benchmark_cycle
533.1,63.898000,8.000000,synthetic_USFS_Class3_benchmark_cycle
533.2,63.906000,8.000000,synthetic_USFS_Class3_benchmark_cycle
533.3,63.914000,8.000000,synthetic_USFS_Class3_benchmark_cycle
533.4,63.922000,8.000000,synthetic_USFS_Class3_benchmark_cycle
533.5,63.930000,8.000000,synthetic_USFS_Class3_benchmark_cycle
533.6,63.938000,8.000000,synthetic_USFS_Class3_benchmark_cycle
533.7,63.946000,8.000000,synthetic_USFS_Class3_benchmark_cycle
533.8,63.954000,8.000000,synthetic_USFS_Class3_benchmark_cycle
533.9,63.962000,8.000000,synthetic_USFS_Class3_benchmark_cycle
534.0,63.970000,8.000000,synthetic_USFS_Class3_benchmark_cycle
534.1,63.978000,8.000000,synthetic_USFS_Class3_benchmark_cycle
534.2,63.986000,8.000000,synthetic_USFS_Class3_benchmark_cycle
534.3,63.994000,8.000000,synthetic_USFS_Class3_benchmark_cycle
534.4,64.002000,8.000000,synthetic_USFS_Class3_benchmark_cycle
534.5,64.010000,8.000000,synthetic_USFS_Class3_benchmark_cycle
534.6,64.018000,8.000000,synthetic_USFS_Class3_benchmark_cycle
534.7,64.026000,8.000000,synthetic_USFS_Class3_benchmark_cycle
534.8,64.034000,8.000000,synthetic_USFS_Class3_benchmark_cycle
534.9,64.042000,8.000000,synthetic_USFS_Class3_benchmark_cycle
535.0,64.050000,8.000000,synthetic_USFS_Class3_benchmark_cycle
535.1,64.058000,8.000000,synthetic_USFS_Class3_benchmark_cycle
535.2,64.066000,8.000000,synthetic_USFS_Class3_benchmark_cycle
535.3,64.074000,8.000000,synthetic_USFS_Class3_benchmark_cycle
535.4,64.082000,8.000000,synthetic_USFS_Class3_benchmark_cycle
535.5,64.090000,8.000000,synthetic_USFS_Class3_benchmark_cycle
535.6,64.098000,8.000000,synthetic_USFS_Class3_benchmark_cycle
535.7,64.106000,8.000000,synthetic_USFS_Class3_benchmark_cycle
535.8,64.114000,8.000000,synthetic_USFS_Class3_benchmark_cycle
535.9,64.122000,8.000000,synthetic_USFS_Class3_benchmark_cycle
536.0,64.130000,8.000000,synthetic_USFS_Class3_benchmark_cycle
536.1,64.138000,8.000000,synthetic_USFS_Class3_benchmark_cycle
536.2,64.146000,8.000000,synthetic_USFS_Class3_benchmark_cycle
536.3,64.154000,8.000000,synthetic_USFS_Class3_benchmark_cycle
536.4,64.162000,8.000000,synthetic_USFS_Class3_benchmark_cycle
536.5,64.170000,8.000000,synthetic_USFS_Class3_benchmark_cycle
536.6,64.178000,8.000000,synthetic_USFS_Class3_benchmark_cycle
536.7,64.186000,8.000000,synthetic_USFS_Class3_benchmark_cycle
536.8,64.194000,8.000000,synthetic_USFS_Class3_benchmark_cycle
536.9,64.202000,8.000000,synthetic_USFS_Class3_benchmark_cycle
537.0,64.210000,8.000000,synthetic_USFS_Class3_benchmark_cycle
537.1,64.218000,8.000000,synthetic_USFS_Class3_benchmark_cycle
537.2,64.226000,8.000000,synthetic_USFS_Class3_benchmark_cycle
537.3,64.234000,8.000000,synthetic_USFS_Class3_benchmark_cycle
537.4,64.242000,8.000000,synthetic_USFS_Class3_benchmark_cycle
537.5,64.250000,8.000000,synthetic_USFS_Class3_benchmark_cycle
537.6,64.258000,8.000000,synthetic_USFS_Class3_benchmark_cycle
537.7,64.266000,8.000000,synthetic_USFS_Class3_benchmark_cycle
537.8,64.274000,8.000000,synthetic_USFS_Class3_benchmark_cycle
537.9,64.282000,8.000000,synthetic_USFS_Class3_benchmark_cycle
538.0,64.290000,8.000000,synthetic_USFS_Class3_benchmark_cycle
538.1,64.298000,8.000000,synthetic_USFS_Class3_benchmark_cycle
538.2,64.306000,8.000000,synthetic_USFS_Class3_benchmark_cycle
538.3,64.314000,8.000000,synthetic_USFS_Class3_benchmark_cycle
538.4,64.322000,8.000000,synthetic_USFS_Class3_benchmark_cycle
538.5,64.330000,8.000000,synthetic_USFS_Class3_benchmark_cycle
538.6,64.338000,8.000000,synthetic_USFS_Class3_benchmark_cycle
538.7,64.346000,8.000000,synthetic_USFS_Class3_benchmark_cycle
538.8,64.354000,8.000000,synthetic_USFS_Class3_benchmark_cycle
538.9,64.362000,8.000000,synthetic_USFS_Class3_benchmark_cycle
539.0,64.370000,8.000000,synthetic_USFS_Class3_benchmark_cycle
539.1,64.378000,8.000000,synthetic_USFS_Class3_benchmark_cycle
539.2,64.386000,8.000000,synthetic_USFS_Class3_benchmark_cycle
539.3,64.394000,8.000000,synthetic_USFS_Class3_benchmark_cycle
539.4,64.402000,8.000000,synthetic_USFS_Class3_benchmark_cycle
539.5,64.410000,8.000000,synthetic_USFS_Class3_benchmark_cycle
539.6,64.418000,8.000000,synthetic_USFS_Class3_benchmark_cycle
539.7,64.426000,8.000000,synthetic_USFS_Class3_benchmark_cycle
539.8,64.434000,8.000000,synthetic_USFS_Class3_benchmark_cycle
539.9,64.442000,8.000000,synthetic_USFS_Class3_benchmark_cycle
540.0,64.450000,8.000000,synthetic_USFS_Class3_benchmark_cycle
540.1,64.458008,8.016773,synthetic_USFS_Class3_benchmark_cycle
540.2,64.466050,8.067025,synthetic_USFS_Class3_benchmark_cycle
540.3,64.474159,8.150558,synthetic_USFS_Class3_benchmark_cycle
540.4,64.482368,8.267043,synthetic_USFS_Class3_benchmark_cycle
540.5,64.490709,8.416020,synthetic_USFS_Class3_benchmark_cycle
540.6,64.499216,8.596900,synthetic_USFS_Class3_benchmark_cycle
540.7,64.507919,8.808970,synthetic_USFS_Class3_benchmark_cycle
540.8,64.516849,9.051393,synthetic_USFS_Class3_benchmark_cycle
540.9,64.526036,9.323213,synthetic_USFS_Class3_benchmark_cycle
541.0,64.535510,9.623356,synthetic_USFS_Class3_benchmark_cycle
541.1,64.545297,9.950637,synthetic_USFS_Class3_benchmark_cycle
541.2,64.555424,10.303767,synthetic_USFS_Class3_benchmark_cycle
541.3,64.565916,10.681350,synthetic_USFS_Class3_benchmark_cycle
541.4,64.576798,11.081896,synthetic_USFS_Class3_benchmark_cycle
541.5,64.588091,11.503825,synthetic_USFS_Class3_benchmark_cycle
541.6,64.599815,11.945472,synthetic_USFS_Class3_benchmark_cycle
541.7,64.611991,12.405094,synthetic_USFS_Class3_benchmark_cycle
541.8,64.624634,12.880876,synthetic_USFS_Class3_benchmark_cycle
541.9,64.637760,13.370941,synthetic_USFS_Class3_benchmark_cycle
542.0,64.651382,13.873356,synthetic_USFS_Class3_benchmark_cycle
542.1,64.665512,14.386136,synthetic_USFS_Class3_benchmark_cycle
542.2,64.680158,14.907259,synthetic_USFS_Class3_benchmark_cycle
542.3,64.695329,15.434668,synthetic_USFS_Class3_benchmark_cycle
542.4,64.711030,15.966281,synthetic_USFS_Class3_benchmark_cycle
542.5,64.727263,16.500000,synthetic_USFS_Class3_benchmark_cycle
542.6,64.744030,17.033719,synthetic_USFS_Class3_benchmark_cycle
542.7,64.761329,17.565332,synthetic_USFS_Class3_benchmark_cycle
542.8,64.779158,18.092741,synthetic_USFS_Class3_benchmark_cycle
542.9,64.797512,18.613864,synthetic_USFS_Class3_benchmark_cycle
543.0,64.816382,19.126644,synthetic_USFS_Class3_benchmark_cycle
543.1,64.835760,19.629059,synthetic_USFS_Class3_benchmark_cycle
543.2,64.855634,20.119124,synthetic_USFS_Class3_benchmark_cycle
543.3,64.875991,20.594906,synthetic_USFS_Class3_benchmark_cycle
543.4,64.896815,21.054528,synthetic_USFS_Class3_benchmark_cycle
543.5,64.918091,21.496175,synthetic_USFS_Class3_benchmark_cycle
543.6,64.939798,21.918104,synthetic_USFS_Class3_benchmark_cycle
543.7,64.961916,22.318650,synthetic_USFS_Class3_benchmark_cycle
543.8,64.984424,22.696233,synthetic_USFS_Class3_benchmark_cycle
543.9,65.007297,23.049363,synthetic_USFS_Class3_benchmark_cycle
544.0,65.030510,23.376644,synthetic_USFS_Class3_benchmark_cycle
544.1,65.054036,23.676787,synthetic_USFS_Class3_benchmark_cycle
544.2,65.077849,23.948607,synthetic_USFS_Class3_benchmark_cycle
544.3,65.101919,24.191030,synthetic_USFS_Class3_benchmark_cycle
544.4,65.126216,24.403100,synthetic_USFS_Class3_benchmark_cycle
544.5,65.150709,24.583980,synthetic_USFS_Class3_benchmark_cycle
544.6,65.175368,24.732957,synthetic_USFS_Class3_benchmark_cycle
544.7,65.200159,24.849442,synthetic_USFS_Class3_benchmark_cycle
544.8,65.225050,24.932975,synthetic_USFS_Class3_benchmark_cycle
544.9,65.250008,24.983227,synthetic_USFS_Class3_benchmark_cycle
545.0,65.275000,25.000000,synthetic_USFS_Class3_benchmark_cycle
545.1,65.300000,25.000000,synthetic_USFS_Class3_benchmark_cycle
545.2,65.325000,25.000000,synthetic_USFS_Class3_benchmark_cycle
545.3,65.350000,25.000000,synthetic_USFS_Class3_benchmark_cycle
545.4,65.375000,25.000000,synthetic_USFS_Class3_benchmark_cycle
545.5,65.400000,25.000000,synthetic_USFS_Class3_benchmark_cycle
545.6,65.425000,25.000000,synthetic_USFS_Class3_benchmark_cycle
545.7,65.450000,25.000000,synthetic_USFS_Class3_benchmark_cycle
545.8,65.475000,25.000000,synthetic_USFS_Class3_benchmark_cycle
545.9,65.500000,25.000000,synthetic_USFS_Class3_benchmark_cycle
546.0,65.525000,25.000000,synthetic_USFS_Class3_benchmark_cycle
546.1,65.550000,25.000000,synthetic_USFS_Class3_benchmark_cycle
546.2,65.575000,25.000000,synthetic_USFS_Class3_benchmark_cycle
546.3,65.600000,25.000000,synthetic_USFS_Class3_benchmark_cycle
546.4,65.625000,25.000000,synthetic_USFS_Class3_benchmark_cycle
546.5,65.650000,25.000000,synthetic_USFS_Class3_benchmark_cycle
546.6,65.675000,25.000000,synthetic_USFS_Class3_benchmark_cycle
546.7,65.700000,25.000000,synthetic_USFS_Class3_benchmark_cycle
546.8,65.725000,25.000000,synthetic_USFS_Class3_benchmark_cycle
546.9,65.750000,25.000000,synthetic_USFS_Class3_benchmark_cycle
547.0,65.775000,25.000000,synthetic_USFS_Class3_benchmark_cycle
547.1,65.800000,25.000000,synthetic_USFS_Class3_benchmark_cycle
547.2,65.825000,25.000000,synthetic_USFS_Class3_benchmark_cycle
547.3,65.850000,25.000000,synthetic_USFS_Class3_benchmark_cycle
547.4,65.875000,25.000000,synthetic_USFS_Class3_benchmark_cycle
547.5,65.900000,25.000000,synthetic_USFS_Class3_benchmark_cycle
547.6,65.925000,25.000000,synthetic_USFS_Class3_benchmark_cycle
547.7,65.950000,25.000000,synthetic_USFS_Class3_benchmark_cycle
547.8,65.975000,25.000000,synthetic_USFS_Class3_benchmark_cycle
547.9,66.000000,25.000000,synthetic_USFS_Class3_benchmark_cycle
548.0,66.025000,25.000000,synthetic_USFS_Class3_benchmark_cycle
548.1,66.050000,25.000000,synthetic_USFS_Class3_benchmark_cycle
548.2,66.075000,25.000000,synthetic_USFS_Class3_benchmark_cycle
548.3,66.100000,25.000000,synthetic_USFS_Class3_benchmark_cycle
548.4,66.125000,25.000000,synthetic_USFS_Class3_benchmark_cycle
548.5,66.150000,25.000000,synthetic_USFS_Class3_benchmark_cycle
548.6,66.175000,25.000000,synthetic_USFS_Class3_benchmark_cycle
548.7,66.200000,25.000000,synthetic_USFS_Class3_benchmark_cycle
548.8,66.225000,25.000000,synthetic_USFS_Class3_benchmark_cycle
548.9,66.250000,25.000000,synthetic_USFS_Class3_benchmark_cycle
549.0,66.275000,25.000000,synthetic_USFS_Class3_benchmark_cycle
549.1,66.300000,25.000000,synthetic_USFS_Class3_benchmark_cycle
549.2,66.325000,25.000000,synthetic_USFS_Class3_benchmark_cycle
549.3,66.350000,25.000000,synthetic_USFS_Class3_benchmark_cycle
549.4,66.375000,25.000000,synthetic_USFS_Class3_benchmark_cycle
549.5,66.400000,25.000000,synthetic_USFS_Class3_benchmark_cycle
549.6,66.425000,25.000000,synthetic_USFS_Class3_benchmark_cycle
549.7,66.450000,25.000000,synthetic_USFS_Class3_benchmark_cycle
549.8,66.475000,25.000000,synthetic_USFS_Class3_benchmark_cycle
549.9,66.500000,25.000000,synthetic_USFS_Class3_benchmark_cycle
550.0,66.525000,25.000000,synthetic_USFS_Class3_benchmark_cycle
550.1,66.550000,25.000000,synthetic_USFS_Class3_benchmark_cycle
550.2,66.575000,25.000000,synthetic_USFS_Class3_benchmark_cycle
550.3,66.600000,25.000000,synthetic_USFS_Class3_benchmark_cycle
550.4,66.625000,25.000000,synthetic_USFS_Class3_benchmark_cycle
550.5,66.650000,25.000000,synthetic_USFS_Class3_benchmark_cycle
550.6,66.675000,25.000000,synthetic_USFS_Class3_benchmark_cycle
550.7,66.700000,25.000000,synthetic_USFS_Class3_benchmark_cycle
550.8,66.725000,25.000000,synthetic_USFS_Class3_benchmark_cycle
550.9,66.750000,25.000000,synthetic_USFS_Class3_benchmark_cycle
551.0,66.775000,25.000000,synthetic_USFS_Class3_benchmark_cycle
551.1,66.800000,25.000000,synthetic_USFS_Class3_benchmark_cycle
551.2,66.825000,25.000000,synthetic_USFS_Class3_benchmark_cycle
551.3,66.850000,25.000000,synthetic_USFS_Class3_benchmark_cycle
551.4,66.875000,25.000000,synthetic_USFS_Class3_benchmark_cycle
551.5,66.900000,25.000000,synthetic_USFS_Class3_benchmark_cycle
551.6,66.925000,25.000000,synthetic_USFS_Class3_benchmark_cycle
551.7,66.950000,25.000000,synthetic_USFS_Class3_benchmark_cycle
551.8,66.975000,25.000000,synthetic_USFS_Class3_benchmark_cycle
551.9,67.000000,25.000000,synthetic_USFS_Class3_benchmark_cycle
552.0,67.025000,25.000000,synthetic_USFS_Class3_benchmark_cycle
552.1,67.050000,25.000000,synthetic_USFS_Class3_benchmark_cycle
552.2,67.075000,25.000000,synthetic_USFS_Class3_benchmark_cycle
552.3,67.100000,25.000000,synthetic_USFS_Class3_benchmark_cycle
552.4,67.125000,25.000000,synthetic_USFS_Class3_benchmark_cycle
552.5,67.150000,25.000000,synthetic_USFS_Class3_benchmark_cycle
552.6,67.175000,25.000000,synthetic_USFS_Class3_benchmark_cycle
552.7,67.200000,25.000000,synthetic_USFS_Class3_benchmark_cycle
552.8,67.225000,25.000000,synthetic_USFS_Class3_benchmark_cycle
552.9,67.250000,25.000000,synthetic_USFS_Class3_benchmark_cycle
553.0,67.275000,25.000000,synthetic_USFS_Class3_benchmark_cycle
553.1,67.300000,25.000000,synthetic_USFS_Class3_benchmark_cycle
553.2,67.325000,25.000000,synthetic_USFS_Class3_benchmark_cycle
553.3,67.350000,25.000000,synthetic_USFS_Class3_benchmark_cycle
553.4,67.375000,25.000000,synthetic_USFS_Class3_benchmark_cycle
553.5,67.400000,25.000000,synthetic_USFS_Class3_benchmark_cycle
553.6,67.425000,25.000000,synthetic_USFS_Class3_benchmark_cycle
553.7,67.450000,25.000000,synthetic_USFS_Class3_benchmark_cycle
553.8,67.475000,25.000000,synthetic_USFS_Class3_benchmark_cycle
553.9,67.500000,25.000000,synthetic_USFS_Class3_benchmark_cycle
554.0,67.525000,25.000000,synthetic_USFS_Class3_benchmark_cycle
554.1,67.550000,25.000000,synthetic_USFS_Class3_benchmark_cycle
554.2,67.575000,25.000000,synthetic_USFS_Class3_benchmark_cycle
554.3,67.600000,25.000000,synthetic_USFS_Class3_benchmark_cycle
554.4,67.625000,25.000000,synthetic_USFS_Class3_benchmark_cycle
554.5,67.650000,25.000000,synthetic_USFS_Class3_benchmark_cycle
554.6,67.675000,25.000000,synthetic_USFS_Class3_benchmark_cycle
554.7,67.700000,25.000000,synthetic_USFS_Class3_benchmark_cycle
554.8,67.725000,25.000000,synthetic_USFS_Class3_benchmark_cycle
554.9,67.750000,25.000000,synthetic_USFS_Class3_benchmark_cycle
555.0,67.775000,25.000000,synthetic_USFS_Class3_benchmark_cycle
555.1,67.800000,25.000000,synthetic_USFS_Class3_benchmark_cycle
555.2,67.825000,25.000000,synthetic_USFS_Class3_benchmark_cycle
555.3,67.850000,25.000000,synthetic_USFS_Class3_benchmark_cycle
555.4,67.875000,25.000000,synthetic_USFS_Class3_benchmark_cycle
555.5,67.900000,25.000000,synthetic_USFS_Class3_benchmark_cycle
555.6,67.925000,25.000000,synthetic_USFS_Class3_benchmark_cycle
555.7,67.950000,25.000000,synthetic_USFS_Class3_benchmark_cycle
555.8,67.975000,25.000000,synthetic_USFS_Class3_benchmark_cycle
555.9,68.000000,25.000000,synthetic_USFS_Class3_benchmark_cycle
556.0,68.025000,25.000000,synthetic_USFS_Class3_benchmark_cycle
556.1,68.050000,25.000000,synthetic_USFS_Class3_benchmark_cycle
556.2,68.075000,25.000000,synthetic_USFS_Class3_benchmark_cycle
556.3,68.100000,25.000000,synthetic_USFS_Class3_benchmark_cycle
556.4,68.125000,25.000000,synthetic_USFS_Class3_benchmark_cycle
556.5,68.150000,25.000000,synthetic_USFS_Class3_benchmark_cycle
556.6,68.175000,25.000000,synthetic_USFS_Class3_benchmark_cycle
556.7,68.200000,25.000000,synthetic_USFS_Class3_benchmark_cycle
556.8,68.225000,25.000000,synthetic_USFS_Class3_benchmark_cycle
556.9,68.250000,25.000000,synthetic_USFS_Class3_benchmark_cycle
557.0,68.275000,25.000000,synthetic_USFS_Class3_benchmark_cycle
557.1,68.300000,25.000000,synthetic_USFS_Class3_benchmark_cycle
557.2,68.325000,25.000000,synthetic_USFS_Class3_benchmark_cycle
557.3,68.350000,25.000000,synthetic_USFS_Class3_benchmark_cycle
557.4,68.375000,25.000000,synthetic_USFS_Class3_benchmark_cycle
557.5,68.400000,25.000000,synthetic_USFS_Class3_benchmark_cycle
557.6,68.425000,25.000000,synthetic_USFS_Class3_benchmark_cycle
557.7,68.450000,25.000000,synthetic_USFS_Class3_benchmark_cycle
557.8,68.475000,25.000000,synthetic_USFS_Class3_benchmark_cycle
557.9,68.500000,25.000000,synthetic_USFS_Class3_benchmark_cycle
558.0,68.525000,25.000000,synthetic_USFS_Class3_benchmark_cycle
558.1,68.550000,25.000000,synthetic_USFS_Class3_benchmark_cycle
558.2,68.575000,25.000000,synthetic_USFS_Class3_benchmark_cycle
558.3,68.600000,25.000000,synthetic_USFS_Class3_benchmark_cycle
558.4,68.625000,25.000000,synthetic_USFS_Class3_benchmark_cycle
558.5,68.650000,25.000000,synthetic_USFS_Class3_benchmark_cycle
558.6,68.675000,25.000000,synthetic_USFS_Class3_benchmark_cycle
558.7,68.700000,25.000000,synthetic_USFS_Class3_benchmark_cycle
558.8,68.725000,25.000000,synthetic_USFS_Class3_benchmark_cycle
558.9,68.750000,25.000000,synthetic_USFS_Class3_benchmark_cycle
559.0,68.775000,25.000000,synthetic_USFS_Class3_benchmark_cycle
559.1,68.800000,25.000000,synthetic_USFS_Class3_benchmark_cycle
559.2,68.825000,25.000000,synthetic_USFS_Class3_benchmark_cycle
559.3,68.850000,25.000000,synthetic_USFS_Class3_benchmark_cycle
559.4,68.875000,25.000000,synthetic_USFS_Class3_benchmark_cycle
559.5,68.900000,25.000000,synthetic_USFS_Class3_benchmark_cycle
559.6,68.925000,25.000000,synthetic_USFS_Class3_benchmark_cycle
559.7,68.950000,25.000000,synthetic_USFS_Class3_benchmark_cycle
559.8,68.975000,25.000000,synthetic_USFS_Class3_benchmark_cycle
559.9,69.000000,25.000000,synthetic_USFS_Class3_benchmark_cycle
560.0,69.025000,25.000000,synthetic_USFS_Class3_benchmark_cycle
560.1,69.050000,25.000000,synthetic_USFS_Class3_benchmark_cycle
560.2,69.075000,25.000000,synthetic_USFS_Class3_benchmark_cycle
560.3,69.100000,25.000000,synthetic_USFS_Class3_benchmark_cycle
560.4,69.125000,25.000000,synthetic_USFS_Class3_benchmark_cycle
560.5,69.150000,25.000000,synthetic_USFS_Class3_benchmark_cycle
560.6,69.175000,25.000000,synthetic_USFS_Class3_benchmark_cycle
560.7,69.200000,25.000000,synthetic_USFS_Class3_benchmark_cycle
560.8,69.225000,25.000000,synthetic_USFS_Class3_benchmark_cycle
560.9,69.250000,25.000000,synthetic_USFS_Class3_benchmark_cycle
561.0,69.275000,25.000000,synthetic_USFS_Class3_benchmark_cycle
561.1,69.300000,25.000000,synthetic_USFS_Class3_benchmark_cycle
561.2,69.325000,25.000000,synthetic_USFS_Class3_benchmark_cycle
561.3,69.350000,25.000000,synthetic_USFS_Class3_benchmark_cycle
561.4,69.375000,25.000000,synthetic_USFS_Class3_benchmark_cycle
561.5,69.400000,25.000000,synthetic_USFS_Class3_benchmark_cycle
561.6,69.425000,25.000000,synthetic_USFS_Class3_benchmark_cycle
561.7,69.450000,25.000000,synthetic_USFS_Class3_benchmark_cycle
561.8,69.475000,25.000000,synthetic_USFS_Class3_benchmark_cycle
561.9,69.500000,25.000000,synthetic_USFS_Class3_benchmark_cycle
562.0,69.525000,25.000000,synthetic_USFS_Class3_benchmark_cycle
562.1,69.550000,25.000000,synthetic_USFS_Class3_benchmark_cycle
562.2,69.575000,25.000000,synthetic_USFS_Class3_benchmark_cycle
562.3,69.600000,25.000000,synthetic_USFS_Class3_benchmark_cycle
562.4,69.625000,25.000000,synthetic_USFS_Class3_benchmark_cycle
562.5,69.650000,25.000000,synthetic_USFS_Class3_benchmark_cycle
562.6,69.675000,25.000000,synthetic_USFS_Class3_benchmark_cycle
562.7,69.700000,25.000000,synthetic_USFS_Class3_benchmark_cycle
562.8,69.725000,25.000000,synthetic_USFS_Class3_benchmark_cycle
562.9,69.750000,25.000000,synthetic_USFS_Class3_benchmark_cycle
563.0,69.775000,25.000000,synthetic_USFS_Class3_benchmark_cycle
563.1,69.800000,25.000000,synthetic_USFS_Class3_benchmark_cycle
563.2,69.825000,25.000000,synthetic_USFS_Class3_benchmark_cycle
563.3,69.850000,25.000000,synthetic_USFS_Class3_benchmark_cycle
563.4,69.875000,25.000000,synthetic_USFS_Class3_benchmark_cycle
563.5,69.900000,25.000000,synthetic_USFS_Class3_benchmark_cycle
563.6,69.925000,25.000000,synthetic_USFS_Class3_benchmark_cycle
563.7,69.950000,25.000000,synthetic_USFS_Class3_benchmark_cycle
563.8,69.975000,25.000000,synthetic_USFS_Class3_benchmark_cycle
563.9,70.000000,25.000000,synthetic_USFS_Class3_benchmark_cycle
564.0,70.025000,25.000000,synthetic_USFS_Class3_benchmark_cycle
564.1,70.050000,25.000000,synthetic_USFS_Class3_benchmark_cycle
564.2,70.075000,25.000000,synthetic_USFS_Class3_benchmark_cycle
564.3,70.100000,25.000000,synthetic_USFS_Class3_benchmark_cycle
564.4,70.125000,25.000000,synthetic_USFS_Class3_benchmark_cycle
564.5,70.150000,25.000000,synthetic_USFS_Class3_benchmark_cycle
564.6,70.175000,25.000000,synthetic_USFS_Class3_benchmark_cycle
564.7,70.200000,25.000000,synthetic_USFS_Class3_benchmark_cycle
564.8,70.225000,25.000000,synthetic_USFS_Class3_benchmark_cycle
564.9,70.250000,25.000000,synthetic_USFS_Class3_benchmark_cycle
565.0,70.275000,25.000000,synthetic_USFS_Class3_benchmark_cycle
565.1,70.299992,24.983227,synthetic_USFS_Class3_benchmark_cycle
565.2,70.324950,24.932975,synthetic_USFS_Class3_benchmark_cycle
565.3,70.349841,24.849442,synthetic_USFS_Class3_benchmark_cycle
565.4,70.374632,24.732957,synthetic_USFS_Class3_benchmark_cycle
565.5,70.399291,24.583980,synthetic_USFS_Class3_benchmark_cycle
565.6,70.423784,24.403100,synthetic_USFS_Class3_benchmark_cycle
565.7,70.448081,24.191030,synthetic_USFS_Class3_benchmark_cycle
565.8,70.472151,23.948607,synthetic_USFS_Class3_benchmark_cycle
565.9,70.495964,23.676787,synthetic_USFS_Class3_benchmark_cycle
566.0,70.519490,23.376644,synthetic_USFS_Class3_benchmark_cycle
566.1,70.542703,23.049363,synthetic_USFS_Class3_benchmark_cycle
566.2,70.565576,22.696233,synthetic_USFS_Class3_benchmark_cycle
566.3,70.588084,22.318650,synthetic_USFS_Class3_benchmark_cycle
566.4,70.610202,21.918104,synthetic_USFS_Class3_benchmark_cycle
566.5,70.631909,21.496175,synthetic_USFS_Class3_benchmark_cycle
566.6,70.653185,21.054528,synthetic_USFS_Class3_benchmark_cycle
566.7,70.674009,20.594906,synthetic_USFS_Class3_benchmark_cycle
566.8,70.694366,20.119124,synthetic_USFS_Class3_benchmark_cycle
566.9,70.714240,19.629059,synthetic_USFS_Class3_benchmark_cycle
567.0,70.733618,19.126644,synthetic_USFS_Class3_benchmark_cycle
567.1,70.752488,18.613864,synthetic_USFS_Class3_benchmark_cycle
567.2,70.770842,18.092741,synthetic_USFS_Class3_benchmark_cycle
567.3,70.788671,17.565332,synthetic_USFS_Class3_benchmark_cycle
567.4,70.805970,17.033719,synthetic_USFS_Class3_benchmark_cycle
567.5,70.822737,16.500000,synthetic_USFS_Class3_benchmark_cycle
567.6,70.838970,15.966281,synthetic_USFS_Class3_benchmark_cycle
567.7,70.854671,15.434668,synthetic_USFS_Class3_benchmark_cycle
567.8,70.869842,14.907259,synthetic_USFS_Class3_benchmark_cycle
567.9,70.884488,14.386136,synthetic_USFS_Class3_benchmark_cycle
568.0,70.898618,13.873356,synthetic_USFS_Class3_benchmark_cycle
568.1,70.912240,13.370941,synthetic_USFS_Class3_benchmark_cycle
568.2,70.925366,12.880876,synthetic_USFS_Class3_benchmark_cycle
568.3,70.938009,12.405094,synthetic_USFS_Class3_benchmark_cycle
568.4,70.950185,11.945472,synthetic_USFS_Class3_benchmark_cycle
568.5,70.961909,11.503825,synthetic_USFS_Class3_benchmark_cycle
568.6,70.973202,11.081896,synthetic_USFS_Class3_benchmark_cycle
568.7,70.984084,10.681350,synthetic_USFS_Class3_benchmark_cycle
568.8,70.994576,10.303767,synthetic_USFS_Class3_benchmark_cycle
568.9,71.004703,9.950637,synthetic_USFS_Class3_benchmark_cycle
569.0,71.014490,9.623356,synthetic_USFS_Class3_benchmark_cycle
569.1,71.023964,9.323213,synthetic_USFS_Class3_benchmark_cycle
569.2,71.033151,9.051393,synthetic_USFS_Class3_benchmark_cycle
569.3,71.042081,8.808970,synthetic_USFS_Class3_benchmark_cycle
569.4,71.050784,8.596900,synthetic_USFS_Class3_benchmark_cycle
569.5,71.059291,8.416020,synthetic_USFS_Class3_benchmark_cycle
569.6,71.067632,8.267043,synthetic_USFS_Class3_benchmark_cycle
569.7,71.075841,8.150558,synthetic_USFS_Class3_benchmark_cycle
569.8,71.083950,8.067025,synthetic_USFS_Class3_benchmark_cycle
569.9,71.091992,8.016773,synthetic_USFS_Class3_benchmark_cycle
570.0,71.100000,8.000000,synthetic_USFS_Class3_benchmark_cycle
570.1,71.108000,8.000000,synthetic_USFS_Class3_benchmark_cycle
570.2,71.116000,8.000000,synthetic_USFS_Class3_benchmark_cycle
570.3,71.124000,8.000000,synthetic_USFS_Class3_benchmark_cycle
570.4,71.132000,8.000000,synthetic_USFS_Class3_benchmark_cycle
570.5,71.140000,8.000000,synthetic_USFS_Class3_benchmark_cycle
570.6,71.148000,8.000000,synthetic_USFS_Class3_benchmark_cycle
570.7,71.156000,8.000000,synthetic_USFS_Class3_benchmark_cycle
570.8,71.164000,8.000000,synthetic_USFS_Class3_benchmark_cycle
570.9,71.172000,8.000000,synthetic_USFS_Class3_benchmark_cycle
571.0,71.180000,8.000000,synthetic_USFS_Class3_benchmark_cycle
571.1,71.188000,8.000000,synthetic_USFS_Class3_benchmark_cycle
571.2,71.196000,8.000000,synthetic_USFS_Class3_benchmark_cycle
571.3,71.204000,8.000000,synthetic_USFS_Class3_benchmark_cycle
571.4,71.212000,8.000000,synthetic_USFS_Class3_benchmark_cycle
571.5,71.220000,8.000000,synthetic_USFS_Class3_benchmark_cycle
571.6,71.228000,8.000000,synthetic_USFS_Class3_benchmark_cycle
571.7,71.236000,8.000000,synthetic_USFS_Class3_benchmark_cycle
571.8,71.244000,8.000000,synthetic_USFS_Class3_benchmark_cycle
571.9,71.252000,8.000000,synthetic_USFS_Class3_benchmark_cycle
572.0,71.260000,8.000000,synthetic_USFS_Class3_benchmark_cycle
572.1,71.268000,8.000000,synthetic_USFS_Class3_benchmark_cycle
572.2,71.276000,8.000000,synthetic_USFS_Class3_benchmark_cycle
572.3,71.284000,8.000000,synthetic_USFS_Class3_benchmark_cycle
572.4,71.292000,8.000000,synthetic_USFS_Class3_benchmark_cycle
572.5,71.300000,8.000000,synthetic_USFS_Class3_benchmark_cycle
572.6,71.308000,8.000000,synthetic_USFS_Class3_benchmark_cycle
572.7,71.316000,8.000000,synthetic_USFS_Class3_benchmark_cycle
572.8,71.324000,8.000000,synthetic_USFS_Class3_benchmark_cycle
572.9,71.332000,8.000000,synthetic_USFS_Class3_benchmark_cycle
573.0,71.340000,8.000000,synthetic_USFS_Class3_benchmark_cycle
573.1,71.348000,8.000000,synthetic_USFS_Class3_benchmark_cycle
573.2,71.356000,8.000000,synthetic_USFS_Class3_benchmark_cycle
573.3,71.364000,8.000000,synthetic_USFS_Class3_benchmark_cycle
573.4,71.372000,8.000000,synthetic_USFS_Class3_benchmark_cycle
573.5,71.380000,8.000000,synthetic_USFS_Class3_benchmark_cycle
573.6,71.388000,8.000000,synthetic_USFS_Class3_benchmark_cycle
573.7,71.396000,8.000000,synthetic_USFS_Class3_benchmark_cycle
573.8,71.404000,8.000000,synthetic_USFS_Class3_benchmark_cycle
573.9,71.412000,8.000000,synthetic_USFS_Class3_benchmark_cycle
574.0,71.420000,8.000000,synthetic_USFS_Class3_benchmark_cycle
574.1,71.428000,8.000000,synthetic_USFS_Class3_benchmark_cycle
574.2,71.436000,8.000000,synthetic_USFS_Class3_benchmark_cycle
574.3,71.444000,8.000000,synthetic_USFS_Class3_benchmark_cycle
574.4,71.452000,8.000000,synthetic_USFS_Class3_benchmark_cycle
574.5,71.460000,8.000000,synthetic_USFS_Class3_benchmark_cycle
574.6,71.468000,8.000000,synthetic_USFS_Class3_benchmark_cycle
574.7,71.476000,8.000000,synthetic_USFS_Class3_benchmark_cycle
574.8,71.484000,8.000000,synthetic_USFS_Class3_benchmark_cycle
574.9,71.492000,8.000000,synthetic_USFS_Class3_benchmark_cycle
575.0,71.500000,8.000000,synthetic_USFS_Class3_benchmark_cycle
575.1,71.508000,8.000000,synthetic_USFS_Class3_benchmark_cycle
575.2,71.516000,8.000000,synthetic_USFS_Class3_benchmark_cycle
575.3,71.524000,8.000000,synthetic_USFS_Class3_benchmark_cycle
575.4,71.532000,8.000000,synthetic_USFS_Class3_benchmark_cycle
575.5,71.540000,8.000000,synthetic_USFS_Class3_benchmark_cycle
575.6,71.548000,8.000000,synthetic_USFS_Class3_benchmark_cycle
575.7,71.556000,8.000000,synthetic_USFS_Class3_benchmark_cycle
575.8,71.564000,8.000000,synthetic_USFS_Class3_benchmark_cycle
575.9,71.572000,8.000000,synthetic_USFS_Class3_benchmark_cycle
576.0,71.580000,8.000000,synthetic_USFS_Class3_benchmark_cycle
576.1,71.588000,8.000000,synthetic_USFS_Class3_benchmark_cycle
576.2,71.596000,8.000000,synthetic_USFS_Class3_benchmark_cycle
576.3,71.604000,8.000000,synthetic_USFS_Class3_benchmark_cycle
576.4,71.612000,8.000000,synthetic_USFS_Class3_benchmark_cycle
576.5,71.620000,8.000000,synthetic_USFS_Class3_benchmark_cycle
576.6,71.628000,8.000000,synthetic_USFS_Class3_benchmark_cycle
576.7,71.636000,8.000000,synthetic_USFS_Class3_benchmark_cycle
576.8,71.644000,8.000000,synthetic_USFS_Class3_benchmark_cycle
576.9,71.652000,8.000000,synthetic_USFS_Class3_benchmark_cycle
577.0,71.660000,8.000000,synthetic_USFS_Class3_benchmark_cycle
577.1,71.668000,8.000000,synthetic_USFS_Class3_benchmark_cycle
577.2,71.676000,8.000000,synthetic_USFS_Class3_benchmark_cycle
577.3,71.684000,8.000000,synthetic_USFS_Class3_benchmark_cycle
577.4,71.692000,8.000000,synthetic_USFS_Class3_benchmark_cycle
577.5,71.700000,8.000000,synthetic_USFS_Class3_benchmark_cycle
577.6,71.708000,8.000000,synthetic_USFS_Class3_benchmark_cycle
577.7,71.716000,8.000000,synthetic_USFS_Class3_benchmark_cycle
577.8,71.724000,8.000000,synthetic_USFS_Class3_benchmark_cycle
577.9,71.732000,8.000000,synthetic_USFS_Class3_benchmark_cycle
578.0,71.740000,8.000000,synthetic_USFS_Class3_benchmark_cycle
578.1,71.748000,8.000000,synthetic_USFS_Class3_benchmark_cycle
578.2,71.756000,8.000000,synthetic_USFS_Class3_benchmark_cycle
578.3,71.764000,8.000000,synthetic_USFS_Class3_benchmark_cycle
578.4,71.772000,8.000000,synthetic_USFS_Class3_benchmark_cycle
578.5,71.780000,8.000000,synthetic_USFS_Class3_benchmark_cycle
578.6,71.788000,8.000000,synthetic_USFS_Class3_benchmark_cycle
578.7,71.796000,8.000000,synthetic_USFS_Class3_benchmark_cycle
578.8,71.804000,8.000000,synthetic_USFS_Class3_benchmark_cycle
578.9,71.812000,8.000000,synthetic_USFS_Class3_benchmark_cycle
579.0,71.820000,8.000000,synthetic_USFS_Class3_benchmark_cycle
579.1,71.828000,8.000000,synthetic_USFS_Class3_benchmark_cycle
579.2,71.836000,8.000000,synthetic_USFS_Class3_benchmark_cycle
579.3,71.844000,8.000000,synthetic_USFS_Class3_benchmark_cycle
579.4,71.852000,8.000000,synthetic_USFS_Class3_benchmark_cycle
579.5,71.860000,8.000000,synthetic_USFS_Class3_benchmark_cycle
579.6,71.868000,8.000000,synthetic_USFS_Class3_benchmark_cycle
579.7,71.876000,8.000000,synthetic_USFS_Class3_benchmark_cycle
579.8,71.884000,8.000000,synthetic_USFS_Class3_benchmark_cycle
579.9,71.892000,8.000000,synthetic_USFS_Class3_benchmark_cycle
580.0,71.900000,8.000000,synthetic_USFS_Class3_benchmark_cycle
580.1,71.908000,8.000000,synthetic_USFS_Class3_benchmark_cycle
580.2,71.916000,8.000000,synthetic_USFS_Class3_benchmark_cycle
580.3,71.924000,8.000000,synthetic_USFS_Class3_benchmark_cycle
580.4,71.932000,8.000000,synthetic_USFS_Class3_benchmark_cycle
580.5,71.940000,8.000000,synthetic_USFS_Class3_benchmark_cycle
580.6,71.948000,8.000000,synthetic_USFS_Class3_benchmark_cycle
580.7,71.956000,8.000000,synthetic_USFS_Class3_benchmark_cycle
580.8,71.964000,8.000000,synthetic_USFS_Class3_benchmark_cycle
580.9,71.972000,8.000000,synthetic_USFS_Class3_benchmark_cycle
581.0,71.980000,8.000000,synthetic_USFS_Class3_benchmark_cycle
581.1,71.988000,8.000000,synthetic_USFS_Class3_benchmark_cycle
581.2,71.996000,8.000000,synthetic_USFS_Class3_benchmark_cycle
581.3,72.004000,8.000000,synthetic_USFS_Class3_benchmark_cycle
581.4,72.012000,8.000000,synthetic_USFS_Class3_benchmark_cycle
581.5,72.020000,8.000000,synthetic_USFS_Class3_benchmark_cycle
581.6,72.028000,8.000000,synthetic_USFS_Class3_benchmark_cycle
581.7,72.036000,8.000000,synthetic_USFS_Class3_benchmark_cycle
581.8,72.044000,8.000000,synthetic_USFS_Class3_benchmark_cycle
581.9,72.052000,8.000000,synthetic_USFS_Class3_benchmark_cycle
582.0,72.060000,8.000000,synthetic_USFS_Class3_benchmark_cycle
582.1,72.068000,8.000000,synthetic_USFS_Class3_benchmark_cycle
582.2,72.076000,8.000000,synthetic_USFS_Class3_benchmark_cycle
582.3,72.084000,8.000000,synthetic_USFS_Class3_benchmark_cycle
582.4,72.092000,8.000000,synthetic_USFS_Class3_benchmark_cycle
582.5,72.100000,8.000000,synthetic_USFS_Class3_benchmark_cycle
582.6,72.108000,8.000000,synthetic_USFS_Class3_benchmark_cycle
582.7,72.116000,8.000000,synthetic_USFS_Class3_benchmark_cycle
582.8,72.124000,8.000000,synthetic_USFS_Class3_benchmark_cycle
582.9,72.132000,8.000000,synthetic_USFS_Class3_benchmark_cycle
583.0,72.140000,8.000000,synthetic_USFS_Class3_benchmark_cycle
583.1,72.148000,8.000000,synthetic_USFS_Class3_benchmark_cycle
583.2,72.156000,8.000000,synthetic_USFS_Class3_benchmark_cycle
583.3,72.164000,8.000000,synthetic_USFS_Class3_benchmark_cycle
583.4,72.172000,8.000000,synthetic_USFS_Class3_benchmark_cycle
583.5,72.180000,8.000000,synthetic_USFS_Class3_benchmark_cycle
583.6,72.188000,8.000000,synthetic_USFS_Class3_benchmark_cycle
583.7,72.196000,8.000000,synthetic_USFS_Class3_benchmark_cycle
583.8,72.204000,8.000000,synthetic_USFS_Class3_benchmark_cycle
583.9,72.212000,8.000000,synthetic_USFS_Class3_benchmark_cycle
584.0,72.220000,8.000000,synthetic_USFS_Class3_benchmark_cycle
584.1,72.228000,8.000000,synthetic_USFS_Class3_benchmark_cycle
584.2,72.236000,8.000000,synthetic_USFS_Class3_benchmark_cycle
584.3,72.244000,8.000000,synthetic_USFS_Class3_benchmark_cycle
584.4,72.252000,8.000000,synthetic_USFS_Class3_benchmark_cycle
584.5,72.260000,8.000000,synthetic_USFS_Class3_benchmark_cycle
584.6,72.268000,8.000000,synthetic_USFS_Class3_benchmark_cycle
584.7,72.276000,8.000000,synthetic_USFS_Class3_benchmark_cycle
584.8,72.284000,8.000000,synthetic_USFS_Class3_benchmark_cycle
584.9,72.292000,8.000000,synthetic_USFS_Class3_benchmark_cycle
585.0,72.300000,8.000000,synthetic_USFS_Class3_benchmark_cycle
585.1,72.308000,8.000000,synthetic_USFS_Class3_benchmark_cycle
585.2,72.316000,8.000000,synthetic_USFS_Class3_benchmark_cycle
585.3,72.324000,8.000000,synthetic_USFS_Class3_benchmark_cycle
585.4,72.332000,8.000000,synthetic_USFS_Class3_benchmark_cycle
585.5,72.340000,8.000000,synthetic_USFS_Class3_benchmark_cycle
585.6,72.348000,8.000000,synthetic_USFS_Class3_benchmark_cycle
585.7,72.356000,8.000000,synthetic_USFS_Class3_benchmark_cycle
585.8,72.364000,8.000000,synthetic_USFS_Class3_benchmark_cycle
585.9,72.372000,8.000000,synthetic_USFS_Class3_benchmark_cycle
586.0,72.380000,8.000000,synthetic_USFS_Class3_benchmark_cycle
586.1,72.388000,8.000000,synthetic_USFS_Class3_benchmark_cycle
586.2,72.396000,8.000000,synthetic_USFS_Class3_benchmark_cycle
586.3,72.404000,8.000000,synthetic_USFS_Class3_benchmark_cycle
586.4,72.412000,8.000000,synthetic_USFS_Class3_benchmark_cycle
586.5,72.420000,8.000000,synthetic_USFS_Class3_benchmark_cycle
586.6,72.428000,8.000000,synthetic_USFS_Class3_benchmark_cycle
586.7,72.436000,8.000000,synthetic_USFS_Class3_benchmark_cycle
586.8,72.444000,8.000000,synthetic_USFS_Class3_benchmark_cycle
586.9,72.452000,8.000000,synthetic_USFS_Class3_benchmark_cycle
587.0,72.460000,8.000000,synthetic_USFS_Class3_benchmark_cycle
587.1,72.468000,8.000000,synthetic_USFS_Class3_benchmark_cycle
587.2,72.476000,8.000000,synthetic_USFS_Class3_benchmark_cycle
587.3,72.484000,8.000000,synthetic_USFS_Class3_benchmark_cycle
587.4,72.492000,8.000000,synthetic_USFS_Class3_benchmark_cycle
587.5,72.500000,8.000000,synthetic_USFS_Class3_benchmark_cycle
587.6,72.508000,8.000000,synthetic_USFS_Class3_benchmark_cycle
587.7,72.516000,8.000000,synthetic_USFS_Class3_benchmark_cycle
587.8,72.524000,8.000000,synthetic_USFS_Class3_benchmark_cycle
587.9,72.532000,8.000000,synthetic_USFS_Class3_benchmark_cycle
588.0,72.540000,8.000000,synthetic_USFS_Class3_benchmark_cycle
588.1,72.548000,8.000000,synthetic_USFS_Class3_benchmark_cycle
588.2,72.556000,8.000000,synthetic_USFS_Class3_benchmark_cycle
588.3,72.564000,8.000000,synthetic_USFS_Class3_benchmark_cycle
588.4,72.572000,8.000000,synthetic_USFS_Class3_benchmark_cycle
588.5,72.580000,8.000000,synthetic_USFS_Class3_benchmark_cycle
588.6,72.588000,8.000000,synthetic_USFS_Class3_benchmark_cycle
588.7,72.596000,8.000000,synthetic_USFS_Class3_benchmark_cycle
588.8,72.604000,8.000000,synthetic_USFS_Class3_benchmark_cycle
588.9,72.612000,8.000000,synthetic_USFS_Class3_benchmark_cycle
589.0,72.620000,8.000000,synthetic_USFS_Class3_benchmark_cycle
589.1,72.628000,8.000000,synthetic_USFS_Class3_benchmark_cycle
589.2,72.636000,8.000000,synthetic_USFS_Class3_benchmark_cycle
589.3,72.644000,8.000000,synthetic_USFS_Class3_benchmark_cycle
589.4,72.652000,8.000000,synthetic_USFS_Class3_benchmark_cycle
589.5,72.660000,8.000000,synthetic_USFS_Class3_benchmark_cycle
589.6,72.668000,8.000000,synthetic_USFS_Class3_benchmark_cycle
589.7,72.676000,8.000000,synthetic_USFS_Class3_benchmark_cycle
589.8,72.684000,8.000000,synthetic_USFS_Class3_benchmark_cycle
589.9,72.692000,8.000000,synthetic_USFS_Class3_benchmark_cycle
590.0,72.700000,8.000000,synthetic_USFS_Class3_benchmark_cycle
590.1,72.708000,8.000000,synthetic_USFS_Class3_benchmark_cycle
590.2,72.716000,8.000000,synthetic_USFS_Class3_benchmark_cycle
590.3,72.724000,8.000000,synthetic_USFS_Class3_benchmark_cycle
590.4,72.732000,8.000000,synthetic_USFS_Class3_benchmark_cycle
590.5,72.740000,8.000000,synthetic_USFS_Class3_benchmark_cycle
590.6,72.748000,8.000000,synthetic_USFS_Class3_benchmark_cycle
590.7,72.756000,8.000000,synthetic_USFS_Class3_benchmark_cycle
590.8,72.764000,8.000000,synthetic_USFS_Class3_benchmark_cycle
590.9,72.772000,8.000000,synthetic_USFS_Class3_benchmark_cycle
591.0,72.780000,8.000000,synthetic_USFS_Class3_benchmark_cycle
591.1,72.788000,8.000000,synthetic_USFS_Class3_benchmark_cycle
591.2,72.796000,8.000000,synthetic_USFS_Class3_benchmark_cycle
591.3,72.804000,8.000000,synthetic_USFS_Class3_benchmark_cycle
591.4,72.812000,8.000000,synthetic_USFS_Class3_benchmark_cycle
591.5,72.820000,8.000000,synthetic_USFS_Class3_benchmark_cycle
591.6,72.828000,8.000000,synthetic_USFS_Class3_benchmark_cycle
591.7,72.836000,8.000000,synthetic_USFS_Class3_benchmark_cycle
591.8,72.844000,8.000000,synthetic_USFS_Class3_benchmark_cycle
591.9,72.852000,8.000000,synthetic_USFS_Class3_benchmark_cycle
592.0,72.860000,8.000000,synthetic_USFS_Class3_benchmark_cycle
592.1,72.868000,8.000000,synthetic_USFS_Class3_benchmark_cycle
592.2,72.876000,8.000000,synthetic_USFS_Class3_benchmark_cycle
592.3,72.884000,8.000000,synthetic_USFS_Class3_benchmark_cycle
592.4,72.892000,8.000000,synthetic_USFS_Class3_benchmark_cycle
592.5,72.900000,8.000000,synthetic_USFS_Class3_benchmark_cycle
592.6,72.908000,8.000000,synthetic_USFS_Class3_benchmark_cycle
592.7,72.916000,8.000000,synthetic_USFS_Class3_benchmark_cycle
592.8,72.924000,8.000000,synthetic_USFS_Class3_benchmark_cycle
592.9,72.932000,8.000000,synthetic_USFS_Class3_benchmark_cycle
593.0,72.940000,8.000000,synthetic_USFS_Class3_benchmark_cycle
593.1,72.948000,8.000000,synthetic_USFS_Class3_benchmark_cycle
593.2,72.956000,8.000000,synthetic_USFS_Class3_benchmark_cycle
593.3,72.964000,8.000000,synthetic_USFS_Class3_benchmark_cycle
593.4,72.972000,8.000000,synthetic_USFS_Class3_benchmark_cycle
593.5,72.980000,8.000000,synthetic_USFS_Class3_benchmark_cycle
593.6,72.988000,8.000000,synthetic_USFS_Class3_benchmark_cycle
593.7,72.996000,8.000000,synthetic_USFS_Class3_benchmark_cycle
593.8,73.004000,8.000000,synthetic_USFS_Class3_benchmark_cycle
593.9,73.012000,8.000000,synthetic_USFS_Class3_benchmark_cycle
594.0,73.020000,8.000000,synthetic_USFS_Class3_benchmark_cycle
594.1,73.028000,8.000000,synthetic_USFS_Class3_benchmark_cycle
594.2,73.036000,8.000000,synthetic_USFS_Class3_benchmark_cycle
594.3,73.044000,8.000000,synthetic_USFS_Class3_benchmark_cycle
594.4,73.052000,8.000000,synthetic_USFS_Class3_benchmark_cycle
594.5,73.060000,8.000000,synthetic_USFS_Class3_benchmark_cycle
594.6,73.068000,8.000000,synthetic_USFS_Class3_benchmark_cycle
594.7,73.076000,8.000000,synthetic_USFS_Class3_benchmark_cycle
594.8,73.084000,8.000000,synthetic_USFS_Class3_benchmark_cycle
594.9,73.092000,8.000000,synthetic_USFS_Class3_benchmark_cycle
595.0,73.100000,8.000000,synthetic_USFS_Class3_benchmark_cycle
595.1,73.108000,8.000000,synthetic_USFS_Class3_benchmark_cycle
595.2,73.116000,8.000000,synthetic_USFS_Class3_benchmark_cycle
595.3,73.124000,8.000000,synthetic_USFS_Class3_benchmark_cycle
595.4,73.132000,8.000000,synthetic_USFS_Class3_benchmark_cycle
595.5,73.140000,8.000000,synthetic_USFS_Class3_benchmark_cycle
595.6,73.148000,8.000000,synthetic_USFS_Class3_benchmark_cycle
595.7,73.156000,8.000000,synthetic_USFS_Class3_benchmark_cycle
595.8,73.164000,8.000000,synthetic_USFS_Class3_benchmark_cycle
595.9,73.172000,8.000000,synthetic_USFS_Class3_benchmark_cycle
596.0,73.180000,8.000000,synthetic_USFS_Class3_benchmark_cycle
596.1,73.188000,8.000000,synthetic_USFS_Class3_benchmark_cycle
596.2,73.196000,8.000000,synthetic_USFS_Class3_benchmark_cycle
596.3,73.204000,8.000000,synthetic_USFS_Class3_benchmark_cycle
596.4,73.212000,8.000000,synthetic_USFS_Class3_benchmark_cycle
596.5,73.220000,8.000000,synthetic_USFS_Class3_benchmark_cycle
596.6,73.228000,8.000000,synthetic_USFS_Class3_benchmark_cycle
596.7,73.236000,8.000000,synthetic_USFS_Class3_benchmark_cycle
596.8,73.244000,8.000000,synthetic_USFS_Class3_benchmark_cycle
596.9,73.252000,8.000000,synthetic_USFS_Class3_benchmark_cycle
597.0,73.260000,8.000000,synthetic_USFS_Class3_benchmark_cycle
597.1,73.268000,8.000000,synthetic_USFS_Class3_benchmark_cycle
597.2,73.276000,8.000000,synthetic_USFS_Class3_benchmark_cycle
597.3,73.284000,8.000000,synthetic_USFS_Class3_benchmark_cycle
597.4,73.292000,8.000000,synthetic_USFS_Class3_benchmark_cycle
597.5,73.300000,8.000000,synthetic_USFS_Class3_benchmark_cycle
597.6,73.308000,8.000000,synthetic_USFS_Class3_benchmark_cycle
597.7,73.316000,8.000000,synthetic_USFS_Class3_benchmark_cycle
597.8,73.324000,8.000000,synthetic_USFS_Class3_benchmark_cycle
597.9,73.332000,8.000000,synthetic_USFS_Class3_benchmark_cycle
598.0,73.340000,8.000000,synthetic_USFS_Class3_benchmark_cycle
598.1,73.348000,8.000000,synthetic_USFS_Class3_benchmark_cycle
598.2,73.356000,8.000000,synthetic_USFS_Class3_benchmark_cycle
598.3,73.364000,8.000000,synthetic_USFS_Class3_benchmark_cycle
598.4,73.372000,8.000000,synthetic_USFS_Class3_benchmark_cycle
598.5,73.380000,8.000000,synthetic_USFS_Class3_benchmark_cycle
598.6,73.388000,8.000000,synthetic_USFS_Class3_benchmark_cycle
598.7,73.396000,8.000000,synthetic_USFS_Class3_benchmark_cycle
598.8,73.404000,8.000000,synthetic_USFS_Class3_benchmark_cycle
598.9,73.412000,8.000000,synthetic_USFS_Class3_benchmark_cycle
599.0,73.420000,8.000000,synthetic_USFS_Class3_benchmark_cycle
599.1,73.428000,8.000000,synthetic_USFS_Class3_benchmark_cycle
599.2,73.436000,8.000000,synthetic_USFS_Class3_benchmark_cycle
599.3,73.444000,8.000000,synthetic_USFS_Class3_benchmark_cycle
599.4,73.452000,8.000000,synthetic_USFS_Class3_benchmark_cycle
599.5,73.460000,8.000000,synthetic_USFS_Class3_benchmark_cycle
599.6,73.468000,8.000000,synthetic_USFS_Class3_benchmark_cycle
599.7,73.476000,8.000000,synthetic_USFS_Class3_benchmark_cycle
599.8,73.484000,8.000000,synthetic_USFS_Class3_benchmark_cycle
599.9,73.492000,8.000000,synthetic_USFS_Class3_benchmark_cycle
600.0,73.500000,8.000000,synthetic_USFS_Class3_benchmark_cycle
600.1,73.508000,8.000000,synthetic_USFS_Class3_benchmark_cycle
600.2,73.516000,8.000000,synthetic_USFS_Class3_benchmark_cycle
600.3,73.524000,8.000000,synthetic_USFS_Class3_benchmark_cycle
600.4,73.532000,8.000000,synthetic_USFS_Class3_benchmark_cycle
600.5,73.540000,8.000000,synthetic_USFS_Class3_benchmark_cycle
600.6,73.548000,8.000000,synthetic_USFS_Class3_benchmark_cycle
600.7,73.556000,8.000000,synthetic_USFS_Class3_benchmark_cycle
600.8,73.564000,8.000000,synthetic_USFS_Class3_benchmark_cycle
600.9,73.572000,8.000000,synthetic_USFS_Class3_benchmark_cycle
601.0,73.580000,8.000000,synthetic_USFS_Class3_benchmark_cycle
601.1,73.588000,8.000000,synthetic_USFS_Class3_benchmark_cycle
601.2,73.596000,8.000000,synthetic_USFS_Class3_benchmark_cycle
601.3,73.604000,8.000000,synthetic_USFS_Class3_benchmark_cycle
601.4,73.612000,8.000000,synthetic_USFS_Class3_benchmark_cycle
601.5,73.620000,8.000000,synthetic_USFS_Class3_benchmark_cycle
601.6,73.628000,8.000000,synthetic_USFS_Class3_benchmark_cycle
601.7,73.636000,8.000000,synthetic_USFS_Class3_benchmark_cycle
601.8,73.644000,8.000000,synthetic_USFS_Class3_benchmark_cycle
601.9,73.652000,8.000000,synthetic_USFS_Class3_benchmark_cycle
602.0,73.660000,8.000000,synthetic_USFS_Class3_benchmark_cycle
602.1,73.668000,8.000000,synthetic_USFS_Class3_benchmark_cycle
602.2,73.676000,8.000000,synthetic_USFS_Class3_benchmark_cycle
602.3,73.684000,8.000000,synthetic_USFS_Class3_benchmark_cycle
602.4,73.692000,8.000000,synthetic_USFS_Class3_benchmark_cycle
602.5,73.700000,8.000000,synthetic_USFS_Class3_benchmark_cycle
602.6,73.708000,8.000000,synthetic_USFS_Class3_benchmark_cycle
602.7,73.716000,8.000000,synthetic_USFS_Class3_benchmark_cycle
602.8,73.724000,8.000000,synthetic_USFS_Class3_benchmark_cycle
602.9,73.732000,8.000000,synthetic_USFS_Class3_benchmark_cycle
603.0,73.740000,8.000000,synthetic_USFS_Class3_benchmark_cycle
603.1,73.748000,8.000000,synthetic_USFS_Class3_benchmark_cycle
603.2,73.756000,8.000000,synthetic_USFS_Class3_benchmark_cycle
603.3,73.764000,8.000000,synthetic_USFS_Class3_benchmark_cycle
603.4,73.772000,8.000000,synthetic_USFS_Class3_benchmark_cycle
603.5,73.780000,8.000000,synthetic_USFS_Class3_benchmark_cycle
603.6,73.788000,8.000000,synthetic_USFS_Class3_benchmark_cycle
603.7,73.796000,8.000000,synthetic_USFS_Class3_benchmark_cycle
603.8,73.804000,8.000000,synthetic_USFS_Class3_benchmark_cycle
603.9,73.812000,8.000000,synthetic_USFS_Class3_benchmark_cycle
604.0,73.820000,8.000000,synthetic_USFS_Class3_benchmark_cycle
604.1,73.828000,8.000000,synthetic_USFS_Class3_benchmark_cycle
604.2,73.836000,8.000000,synthetic_USFS_Class3_benchmark_cycle
604.3,73.844000,8.000000,synthetic_USFS_Class3_benchmark_cycle
604.4,73.852000,8.000000,synthetic_USFS_Class3_benchmark_cycle
604.5,73.860000,8.000000,synthetic_USFS_Class3_benchmark_cycle
604.6,73.868000,8.000000,synthetic_USFS_Class3_benchmark_cycle
604.7,73.876000,8.000000,synthetic_USFS_Class3_benchmark_cycle
604.8,73.884000,8.000000,synthetic_USFS_Class3_benchmark_cycle
604.9,73.892000,8.000000,synthetic_USFS_Class3_benchmark_cycle
605.0,73.900000,8.000000,synthetic_USFS_Class3_benchmark_cycle
605.1,73.908000,8.000000,synthetic_USFS_Class3_benchmark_cycle
605.2,73.916000,8.000000,synthetic_USFS_Class3_benchmark_cycle
605.3,73.924000,8.000000,synthetic_USFS_Class3_benchmark_cycle
605.4,73.932000,8.000000,synthetic_USFS_Class3_benchmark_cycle
605.5,73.940000,8.000000,synthetic_USFS_Class3_benchmark_cycle
605.6,73.948000,8.000000,synthetic_USFS_Class3_benchmark_cycle
605.7,73.956000,8.000000,synthetic_USFS_Class3_benchmark_cycle
605.8,73.964000,8.000000,synthetic_USFS_Class3_benchmark_cycle
605.9,73.972000,8.000000,synthetic_USFS_Class3_benchmark_cycle
606.0,73.980000,8.000000,synthetic_USFS_Class3_benchmark_cycle
606.1,73.988000,8.000000,synthetic_USFS_Class3_benchmark_cycle
606.2,73.996000,8.000000,synthetic_USFS_Class3_benchmark_cycle
606.3,74.004000,8.000000,synthetic_USFS_Class3_benchmark_cycle
606.4,74.012000,8.000000,synthetic_USFS_Class3_benchmark_cycle
606.5,74.020000,8.000000,synthetic_USFS_Class3_benchmark_cycle
606.6,74.028000,8.000000,synthetic_USFS_Class3_benchmark_cycle
606.7,74.036000,8.000000,synthetic_USFS_Class3_benchmark_cycle
606.8,74.044000,8.000000,synthetic_USFS_Class3_benchmark_cycle
606.9,74.052000,8.000000,synthetic_USFS_Class3_benchmark_cycle
607.0,74.060000,8.000000,synthetic_USFS_Class3_benchmark_cycle
607.1,74.068000,8.000000,synthetic_USFS_Class3_benchmark_cycle
607.2,74.076000,8.000000,synthetic_USFS_Class3_benchmark_cycle
607.3,74.084000,8.000000,synthetic_USFS_Class3_benchmark_cycle
607.4,74.092000,8.000000,synthetic_USFS_Class3_benchmark_cycle
607.5,74.100000,8.000000,synthetic_USFS_Class3_benchmark_cycle
607.6,74.108000,8.000000,synthetic_USFS_Class3_benchmark_cycle
607.7,74.116000,8.000000,synthetic_USFS_Class3_benchmark_cycle
607.8,74.124000,8.000000,synthetic_USFS_Class3_benchmark_cycle
607.9,74.132000,8.000000,synthetic_USFS_Class3_benchmark_cycle
608.0,74.140000,8.000000,synthetic_USFS_Class3_benchmark_cycle
608.1,74.148000,8.000000,synthetic_USFS_Class3_benchmark_cycle
608.2,74.156000,8.000000,synthetic_USFS_Class3_benchmark_cycle
608.3,74.164000,8.000000,synthetic_USFS_Class3_benchmark_cycle
608.4,74.172000,8.000000,synthetic_USFS_Class3_benchmark_cycle
608.5,74.180000,8.000000,synthetic_USFS_Class3_benchmark_cycle
608.6,74.188000,8.000000,synthetic_USFS_Class3_benchmark_cycle
608.7,74.196000,8.000000,synthetic_USFS_Class3_benchmark_cycle
608.8,74.204000,8.000000,synthetic_USFS_Class3_benchmark_cycle
608.9,74.212000,8.000000,synthetic_USFS_Class3_benchmark_cycle
609.0,74.220000,8.000000,synthetic_USFS_Class3_benchmark_cycle
609.1,74.228000,8.000000,synthetic_USFS_Class3_benchmark_cycle
609.2,74.236000,8.000000,synthetic_USFS_Class3_benchmark_cycle
609.3,74.244000,8.000000,synthetic_USFS_Class3_benchmark_cycle
609.4,74.252000,8.000000,synthetic_USFS_Class3_benchmark_cycle
609.5,74.260000,8.000000,synthetic_USFS_Class3_benchmark_cycle
609.6,74.268000,8.000000,synthetic_USFS_Class3_benchmark_cycle
609.7,74.276000,8.000000,synthetic_USFS_Class3_benchmark_cycle
609.8,74.284000,8.000000,synthetic_USFS_Class3_benchmark_cycle
609.9,74.292000,8.000000,synthetic_USFS_Class3_benchmark_cycle
610.0,74.300000,8.000000,synthetic_USFS_Class3_benchmark_cycle
610.1,74.308000,8.000000,synthetic_USFS_Class3_benchmark_cycle
610.2,74.316000,8.000000,synthetic_USFS_Class3_benchmark_cycle
610.3,74.324000,8.000000,synthetic_USFS_Class3_benchmark_cycle
610.4,74.332000,8.000000,synthetic_USFS_Class3_benchmark_cycle
610.5,74.340000,8.000000,synthetic_USFS_Class3_benchmark_cycle
610.6,74.348000,8.000000,synthetic_USFS_Class3_benchmark_cycle
610.7,74.356000,8.000000,synthetic_USFS_Class3_benchmark_cycle
610.8,74.364000,8.000000,synthetic_USFS_Class3_benchmark_cycle
610.9,74.372000,8.000000,synthetic_USFS_Class3_benchmark_cycle
611.0,74.380000,8.000000,synthetic_USFS_Class3_benchmark_cycle
611.1,74.388000,8.000000,synthetic_USFS_Class3_benchmark_cycle
611.2,74.396000,8.000000,synthetic_USFS_Class3_benchmark_cycle
611.3,74.404000,8.000000,synthetic_USFS_Class3_benchmark_cycle
611.4,74.412000,8.000000,synthetic_USFS_Class3_benchmark_cycle
611.5,74.420000,8.000000,synthetic_USFS_Class3_benchmark_cycle
611.6,74.428000,8.000000,synthetic_USFS_Class3_benchmark_cycle
611.7,74.436000,8.000000,synthetic_USFS_Class3_benchmark_cycle
611.8,74.444000,8.000000,synthetic_USFS_Class3_benchmark_cycle
611.9,74.452000,8.000000,synthetic_USFS_Class3_benchmark_cycle
612.0,74.460000,8.000000,synthetic_USFS_Class3_benchmark_cycle
612.1,74.468000,8.000000,synthetic_USFS_Class3_benchmark_cycle
612.2,74.476000,8.000000,synthetic_USFS_Class3_benchmark_cycle
612.3,74.484000,8.000000,synthetic_USFS_Class3_benchmark_cycle
612.4,74.492000,8.000000,synthetic_USFS_Class3_benchmark_cycle
612.5,74.500000,8.000000,synthetic_USFS_Class3_benchmark_cycle
612.6,74.508000,8.000000,synthetic_USFS_Class3_benchmark_cycle
612.7,74.516000,8.000000,synthetic_USFS_Class3_benchmark_cycle
612.8,74.524000,8.000000,synthetic_USFS_Class3_benchmark_cycle
612.9,74.532000,8.000000,synthetic_USFS_Class3_benchmark_cycle
613.0,74.540000,8.000000,synthetic_USFS_Class3_benchmark_cycle
613.1,74.548000,8.000000,synthetic_USFS_Class3_benchmark_cycle
613.2,74.556000,8.000000,synthetic_USFS_Class3_benchmark_cycle
613.3,74.564000,8.000000,synthetic_USFS_Class3_benchmark_cycle
613.4,74.572000,8.000000,synthetic_USFS_Class3_benchmark_cycle
613.5,74.580000,8.000000,synthetic_USFS_Class3_benchmark_cycle
613.6,74.588000,8.000000,synthetic_USFS_Class3_benchmark_cycle
613.7,74.596000,8.000000,synthetic_USFS_Class3_benchmark_cycle
613.8,74.604000,8.000000,synthetic_USFS_Class3_benchmark_cycle
613.9,74.612000,8.000000,synthetic_USFS_Class3_benchmark_cycle
614.0,74.620000,8.000000,synthetic_USFS_Class3_benchmark_cycle
614.1,74.628000,8.000000,synthetic_USFS_Class3_benchmark_cycle
614.2,74.636000,8.000000,synthetic_USFS_Class3_benchmark_cycle
614.3,74.644000,8.000000,synthetic_USFS_Class3_benchmark_cycle
614.4,74.652000,8.000000,synthetic_USFS_Class3_benchmark_cycle
614.5,74.660000,8.000000,synthetic_USFS_Class3_benchmark_cycle
614.6,74.668000,8.000000,synthetic_USFS_Class3_benchmark_cycle
614.7,74.676000,8.000000,synthetic_USFS_Class3_benchmark_cycle
614.8,74.684000,8.000000,synthetic_USFS_Class3_benchmark_cycle
614.9,74.692000,8.000000,synthetic_USFS_Class3_benchmark_cycle
615.0,74.700000,8.000000,synthetic_USFS_Class3_benchmark_cycle
615.1,74.708000,8.000000,synthetic_USFS_Class3_benchmark_cycle
615.2,74.716000,8.000000,synthetic_USFS_Class3_benchmark_cycle
615.3,74.724000,8.000000,synthetic_USFS_Class3_benchmark_cycle
615.4,74.732000,8.000000,synthetic_USFS_Class3_benchmark_cycle
615.5,74.740000,8.000000,synthetic_USFS_Class3_benchmark_cycle
615.6,74.748000,8.000000,synthetic_USFS_Class3_benchmark_cycle
615.7,74.756000,8.000000,synthetic_USFS_Class3_benchmark_cycle
615.8,74.764000,8.000000,synthetic_USFS_Class3_benchmark_cycle
615.9,74.772000,8.000000,synthetic_USFS_Class3_benchmark_cycle
616.0,74.780000,8.000000,synthetic_USFS_Class3_benchmark_cycle
616.1,74.788000,8.000000,synthetic_USFS_Class3_benchmark_cycle
616.2,74.796000,8.000000,synthetic_USFS_Class3_benchmark_cycle
616.3,74.804000,8.000000,synthetic_USFS_Class3_benchmark_cycle
616.4,74.812000,8.000000,synthetic_USFS_Class3_benchmark_cycle
616.5,74.820000,8.000000,synthetic_USFS_Class3_benchmark_cycle
616.6,74.828000,8.000000,synthetic_USFS_Class3_benchmark_cycle
616.7,74.836000,8.000000,synthetic_USFS_Class3_benchmark_cycle
616.8,74.844000,8.000000,synthetic_USFS_Class3_benchmark_cycle
616.9,74.852000,8.000000,synthetic_USFS_Class3_benchmark_cycle
617.0,74.860000,8.000000,synthetic_USFS_Class3_benchmark_cycle
617.1,74.868000,8.000000,synthetic_USFS_Class3_benchmark_cycle
617.2,74.876000,8.000000,synthetic_USFS_Class3_benchmark_cycle
617.3,74.884000,8.000000,synthetic_USFS_Class3_benchmark_cycle
617.4,74.892000,8.000000,synthetic_USFS_Class3_benchmark_cycle
617.5,74.900000,8.000000,synthetic_USFS_Class3_benchmark_cycle
617.6,74.908000,8.000000,synthetic_USFS_Class3_benchmark_cycle
617.7,74.916000,8.000000,synthetic_USFS_Class3_benchmark_cycle
617.8,74.924000,8.000000,synthetic_USFS_Class3_benchmark_cycle
617.9,74.932000,8.000000,synthetic_USFS_Class3_benchmark_cycle
618.0,74.940000,8.000000,synthetic_USFS_Class3_benchmark_cycle
618.1,74.948000,8.000000,synthetic_USFS_Class3_benchmark_cycle
618.2,74.956000,8.000000,synthetic_USFS_Class3_benchmark_cycle
618.3,74.964000,8.000000,synthetic_USFS_Class3_benchmark_cycle
618.4,74.972000,8.000000,synthetic_USFS_Class3_benchmark_cycle
618.5,74.980000,8.000000,synthetic_USFS_Class3_benchmark_cycle
618.6,74.988000,8.000000,synthetic_USFS_Class3_benchmark_cycle
618.7,74.996000,8.000000,synthetic_USFS_Class3_benchmark_cycle
618.8,75.004000,8.000000,synthetic_USFS_Class3_benchmark_cycle
618.9,75.012000,8.000000,synthetic_USFS_Class3_benchmark_cycle
619.0,75.020000,8.000000,synthetic_USFS_Class3_benchmark_cycle
619.1,75.028000,8.000000,synthetic_USFS_Class3_benchmark_cycle
619.2,75.036000,8.000000,synthetic_USFS_Class3_benchmark_cycle
619.3,75.044000,8.000000,synthetic_USFS_Class3_benchmark_cycle
619.4,75.052000,8.000000,synthetic_USFS_Class3_benchmark_cycle
619.5,75.060000,8.000000,synthetic_USFS_Class3_benchmark_cycle
619.6,75.068000,8.000000,synthetic_USFS_Class3_benchmark_cycle
619.7,75.076000,8.000000,synthetic_USFS_Class3_benchmark_cycle
619.8,75.084000,8.000000,synthetic_USFS_Class3_benchmark_cycle
619.9,75.092000,8.000000,synthetic_USFS_Class3_benchmark_cycle
620.0,75.100000,8.000000,synthetic_USFS_Class3_benchmark_cycle
620.1,75.108000,8.000000,synthetic_USFS_Class3_benchmark_cycle
620.2,75.116000,8.000000,synthetic_USFS_Class3_benchmark_cycle
620.3,75.124000,8.000000,synthetic_USFS_Class3_benchmark_cycle
620.4,75.132000,8.000000,synthetic_USFS_Class3_benchmark_cycle
620.5,75.140000,8.000000,synthetic_USFS_Class3_benchmark_cycle
620.6,75.148000,8.000000,synthetic_USFS_Class3_benchmark_cycle
620.7,75.156000,8.000000,synthetic_USFS_Class3_benchmark_cycle
620.8,75.164000,8.000000,synthetic_USFS_Class3_benchmark_cycle
620.9,75.172000,8.000000,synthetic_USFS_Class3_benchmark_cycle
621.0,75.180000,8.000000,synthetic_USFS_Class3_benchmark_cycle
621.1,75.188000,8.000000,synthetic_USFS_Class3_benchmark_cycle
621.2,75.196000,8.000000,synthetic_USFS_Class3_benchmark_cycle
621.3,75.204000,8.000000,synthetic_USFS_Class3_benchmark_cycle
621.4,75.212000,8.000000,synthetic_USFS_Class3_benchmark_cycle
621.5,75.220000,8.000000,synthetic_USFS_Class3_benchmark_cycle
621.6,75.228000,8.000000,synthetic_USFS_Class3_benchmark_cycle
621.7,75.236000,8.000000,synthetic_USFS_Class3_benchmark_cycle
621.8,75.244000,8.000000,synthetic_USFS_Class3_benchmark_cycle
621.9,75.252000,8.000000,synthetic_USFS_Class3_benchmark_cycle
622.0,75.260000,8.000000,synthetic_USFS_Class3_benchmark_cycle
622.1,75.268000,8.000000,synthetic_USFS_Class3_benchmark_cycle
622.2,75.276000,8.000000,synthetic_USFS_Class3_benchmark_cycle
622.3,75.284000,8.000000,synthetic_USFS_Class3_benchmark_cycle
622.4,75.292000,8.000000,synthetic_USFS_Class3_benchmark_cycle
622.5,75.300000,8.000000,synthetic_USFS_Class3_benchmark_cycle
622.6,75.308000,8.000000,synthetic_USFS_Class3_benchmark_cycle
622.7,75.316000,8.000000,synthetic_USFS_Class3_benchmark_cycle
622.8,75.324000,8.000000,synthetic_USFS_Class3_benchmark_cycle
622.9,75.332000,8.000000,synthetic_USFS_Class3_benchmark_cycle
623.0,75.340000,8.000000,synthetic_USFS_Class3_benchmark_cycle
623.1,75.348000,8.000000,synthetic_USFS_Class3_benchmark_cycle
623.2,75.356000,8.000000,synthetic_USFS_Class3_benchmark_cycle
623.3,75.364000,8.000000,synthetic_USFS_Class3_benchmark_cycle
623.4,75.372000,8.000000,synthetic_USFS_Class3_benchmark_cycle
623.5,75.380000,8.000000,synthetic_USFS_Class3_benchmark_cycle
623.6,75.388000,8.000000,synthetic_USFS_Class3_benchmark_cycle
623.7,75.396000,8.000000,synthetic_USFS_Class3_benchmark_cycle
623.8,75.404000,8.000000,synthetic_USFS_Class3_benchmark_cycle
623.9,75.412000,8.000000,synthetic_USFS_Class3_benchmark_cycle
624.0,75.420000,8.000000,synthetic_USFS_Class3_benchmark_cycle
624.1,75.428000,8.000000,synthetic_USFS_Class3_benchmark_cycle
624.2,75.436000,8.000000,synthetic_USFS_Class3_benchmark_cycle
624.3,75.444000,8.000000,synthetic_USFS_Class3_benchmark_cycle
624.4,75.452000,8.000000,synthetic_USFS_Class3_benchmark_cycle
624.5,75.460000,8.000000,synthetic_USFS_Class3_benchmark_cycle
624.6,75.468000,8.000000,synthetic_USFS_Class3_benchmark_cycle
624.7,75.476000,8.000000,synthetic_USFS_Class3_benchmark_cycle
624.8,75.484000,8.000000,synthetic_USFS_Class3_benchmark_cycle
624.9,75.492000,8.000000,synthetic_USFS_Class3_benchmark_cycle
625.0,75.500000,8.000000,synthetic_USFS_Class3_benchmark_cycle
625.1,75.508000,8.000000,synthetic_USFS_Class3_benchmark_cycle
625.2,75.516000,8.000000,synthetic_USFS_Class3_benchmark_cycle
625.3,75.524000,8.000000,synthetic_USFS_Class3_benchmark_cycle
625.4,75.532000,8.000000,synthetic_USFS_Class3_benchmark_cycle
625.5,75.540000,8.000000,synthetic_USFS_Class3_benchmark_cycle
625.6,75.548000,8.000000,synthetic_USFS_Class3_benchmark_cycle
625.7,75.556000,8.000000,synthetic_USFS_Class3_benchmark_cycle
625.8,75.564000,8.000000,synthetic_USFS_Class3_benchmark_cycle
625.9,75.572000,8.000000,synthetic_USFS_Class3_benchmark_cycle
626.0,75.580000,8.000000,synthetic_USFS_Class3_benchmark_cycle
626.1,75.588000,8.000000,synthetic_USFS_Class3_benchmark_cycle
626.2,75.596000,8.000000,synthetic_USFS_Class3_benchmark_cycle
626.3,75.604000,8.000000,synthetic_USFS_Class3_benchmark_cycle
626.4,75.612000,8.000000,synthetic_USFS_Class3_benchmark_cycle
626.5,75.620000,8.000000,synthetic_USFS_Class3_benchmark_cycle
626.6,75.628000,8.000000,synthetic_USFS_Class3_benchmark_cycle
626.7,75.636000,8.000000,synthetic_USFS_Class3_benchmark_cycle
626.8,75.644000,8.000000,synthetic_USFS_Class3_benchmark_cycle
626.9,75.652000,8.000000,synthetic_USFS_Class3_benchmark_cycle
627.0,75.660000,8.000000,synthetic_USFS_Class3_benchmark_cycle
627.1,75.668000,8.000000,synthetic_USFS_Class3_benchmark_cycle
627.2,75.676000,8.000000,synthetic_USFS_Class3_benchmark_cycle
627.3,75.684000,8.000000,synthetic_USFS_Class3_benchmark_cycle
627.4,75.692000,8.000000,synthetic_USFS_Class3_benchmark_cycle
627.5,75.700000,8.000000,synthetic_USFS_Class3_benchmark_cycle
627.6,75.708000,8.000000,synthetic_USFS_Class3_benchmark_cycle
627.7,75.716000,8.000000,synthetic_USFS_Class3_benchmark_cycle
627.8,75.724000,8.000000,synthetic_USFS_Class3_benchmark_cycle
627.9,75.732000,8.000000,synthetic_USFS_Class3_benchmark_cycle
628.0,75.740000,8.000000,synthetic_USFS_Class3_benchmark_cycle
628.1,75.748000,8.000000,synthetic_USFS_Class3_benchmark_cycle
628.2,75.756000,8.000000,synthetic_USFS_Class3_benchmark_cycle
628.3,75.764000,8.000000,synthetic_USFS_Class3_benchmark_cycle
628.4,75.772000,8.000000,synthetic_USFS_Class3_benchmark_cycle
628.5,75.780000,8.000000,synthetic_USFS_Class3_benchmark_cycle
628.6,75.788000,8.000000,synthetic_USFS_Class3_benchmark_cycle
628.7,75.796000,8.000000,synthetic_USFS_Class3_benchmark_cycle
628.8,75.804000,8.000000,synthetic_USFS_Class3_benchmark_cycle
628.9,75.812000,8.000000,synthetic_USFS_Class3_benchmark_cycle
629.0,75.820000,8.000000,synthetic_USFS_Class3_benchmark_cycle
629.1,75.828000,8.000000,synthetic_USFS_Class3_benchmark_cycle
629.2,75.836000,8.000000,synthetic_USFS_Class3_benchmark_cycle
629.3,75.844000,8.000000,synthetic_USFS_Class3_benchmark_cycle
629.4,75.852000,8.000000,synthetic_USFS_Class3_benchmark_cycle
629.5,75.860000,8.000000,synthetic_USFS_Class3_benchmark_cycle
629.6,75.868000,8.000000,synthetic_USFS_Class3_benchmark_cycle
629.7,75.876000,8.000000,synthetic_USFS_Class3_benchmark_cycle
629.8,75.884000,8.000000,synthetic_USFS_Class3_benchmark_cycle
629.9,75.892000,8.000000,synthetic_USFS_Class3_benchmark_cycle
630.0,75.900000,8.000000,synthetic_USFS_Class3_benchmark_cycle
630.1,75.908000,8.000000,synthetic_USFS_Class3_benchmark_cycle
630.2,75.916000,8.000000,synthetic_USFS_Class3_benchmark_cycle
630.3,75.924000,8.000000,synthetic_USFS_Class3_benchmark_cycle
630.4,75.932000,8.000000,synthetic_USFS_Class3_benchmark_cycle
630.5,75.940000,8.000000,synthetic_USFS_Class3_benchmark_cycle
630.6,75.948000,8.000000,synthetic_USFS_Class3_benchmark_cycle
630.7,75.956000,8.000000,synthetic_USFS_Class3_benchmark_cycle
630.8,75.964000,8.000000,synthetic_USFS_Class3_benchmark_cycle
630.9,75.972000,8.000000,synthetic_USFS_Class3_benchmark_cycle
631.0,75.980000,8.000000,synthetic_USFS_Class3_benchmark_cycle
631.1,75.988000,8.000000,synthetic_USFS_Class3_benchmark_cycle
631.2,75.996000,8.000000,synthetic_USFS_Class3_benchmark_cycle
631.3,76.004000,8.000000,synthetic_USFS_Class3_benchmark_cycle
631.4,76.012000,8.000000,synthetic_USFS_Class3_benchmark_cycle
631.5,76.020000,8.000000,synthetic_USFS_Class3_benchmark_cycle
631.6,76.028000,8.000000,synthetic_USFS_Class3_benchmark_cycle
631.7,76.036000,8.000000,synthetic_USFS_Class3_benchmark_cycle
631.8,76.044000,8.000000,synthetic_USFS_Class3_benchmark_cycle
631.9,76.052000,8.000000,synthetic_USFS_Class3_benchmark_cycle
632.0,76.060000,8.000000,synthetic_USFS_Class3_benchmark_cycle
632.1,76.068000,8.000000,synthetic_USFS_Class3_benchmark_cycle
632.2,76.076000,8.000000,synthetic_USFS_Class3_benchmark_cycle
632.3,76.084000,8.000000,synthetic_USFS_Class3_benchmark_cycle
632.4,76.092000,8.000000,synthetic_USFS_Class3_benchmark_cycle
632.5,76.100000,8.000000,synthetic_USFS_Class3_benchmark_cycle
632.6,76.108000,8.000000,synthetic_USFS_Class3_benchmark_cycle
632.7,76.116000,8.000000,synthetic_USFS_Class3_benchmark_cycle
632.8,76.124000,8.000000,synthetic_USFS_Class3_benchmark_cycle
632.9,76.132000,8.000000,synthetic_USFS_Class3_benchmark_cycle
633.0,76.140000,8.000000,synthetic_USFS_Class3_benchmark_cycle
633.1,76.148000,8.000000,synthetic_USFS_Class3_benchmark_cycle
633.2,76.156000,8.000000,synthetic_USFS_Class3_benchmark_cycle
633.3,76.164000,8.000000,synthetic_USFS_Class3_benchmark_cycle
633.4,76.172000,8.000000,synthetic_USFS_Class3_benchmark_cycle
633.5,76.180000,8.000000,synthetic_USFS_Class3_benchmark_cycle
633.6,76.188000,8.000000,synthetic_USFS_Class3_benchmark_cycle
633.7,76.196000,8.000000,synthetic_USFS_Class3_benchmark_cycle
633.8,76.204000,8.000000,synthetic_USFS_Class3_benchmark_cycle
633.9,76.212000,8.000000,synthetic_USFS_Class3_benchmark_cycle
634.0,76.220000,8.000000,synthetic_USFS_Class3_benchmark_cycle
634.1,76.228000,8.000000,synthetic_USFS_Class3_benchmark_cycle
634.2,76.236000,8.000000,synthetic_USFS_Class3_benchmark_cycle
634.3,76.244000,8.000000,synthetic_USFS_Class3_benchmark_cycle
634.4,76.252000,8.000000,synthetic_USFS_Class3_benchmark_cycle
634.5,76.260000,8.000000,synthetic_USFS_Class3_benchmark_cycle
634.6,76.268000,8.000000,synthetic_USFS_Class3_benchmark_cycle
634.7,76.276000,8.000000,synthetic_USFS_Class3_benchmark_cycle
634.8,76.284000,8.000000,synthetic_USFS_Class3_benchmark_cycle
634.9,76.292000,8.000000,synthetic_USFS_Class3_benchmark_cycle
635.0,76.300000,8.000000,synthetic_USFS_Class3_benchmark_cycle
635.1,76.308000,8.000000,synthetic_USFS_Class3_benchmark_cycle
635.2,76.316000,8.000000,synthetic_USFS_Class3_benchmark_cycle
635.3,76.324000,8.000000,synthetic_USFS_Class3_benchmark_cycle
635.4,76.332000,8.000000,synthetic_USFS_Class3_benchmark_cycle
635.5,76.340000,8.000000,synthetic_USFS_Class3_benchmark_cycle
635.6,76.348000,8.000000,synthetic_USFS_Class3_benchmark_cycle
635.7,76.356000,8.000000,synthetic_USFS_Class3_benchmark_cycle
635.8,76.364000,8.000000,synthetic_USFS_Class3_benchmark_cycle
635.9,76.372000,8.000000,synthetic_USFS_Class3_benchmark_cycle
636.0,76.380000,8.000000,synthetic_USFS_Class3_benchmark_cycle
636.1,76.388000,8.000000,synthetic_USFS_Class3_benchmark_cycle
636.2,76.396000,8.000000,synthetic_USFS_Class3_benchmark_cycle
636.3,76.404000,8.000000,synthetic_USFS_Class3_benchmark_cycle
636.4,76.412000,8.000000,synthetic_USFS_Class3_benchmark_cycle
636.5,76.420000,8.000000,synthetic_USFS_Class3_benchmark_cycle
636.6,76.428000,8.000000,synthetic_USFS_Class3_benchmark_cycle
636.7,76.436000,8.000000,synthetic_USFS_Class3_benchmark_cycle
636.8,76.444000,8.000000,synthetic_USFS_Class3_benchmark_cycle
636.9,76.452000,8.000000,synthetic_USFS_Class3_benchmark_cycle
637.0,76.460000,8.000000,synthetic_USFS_Class3_benchmark_cycle
637.1,76.468000,8.000000,synthetic_USFS_Class3_benchmark_cycle
637.2,76.476000,8.000000,synthetic_USFS_Class3_benchmark_cycle
637.3,76.484000,8.000000,synthetic_USFS_Class3_benchmark_cycle
637.4,76.492000,8.000000,synthetic_USFS_Class3_benchmark_cycle
637.5,76.500000,8.000000,synthetic_USFS_Class3_benchmark_cycle
637.6,76.508000,8.000000,synthetic_USFS_Class3_benchmark_cycle
637.7,76.516000,8.000000,synthetic_USFS_Class3_benchmark_cycle
637.8,76.524000,8.000000,synthetic_USFS_Class3_benchmark_cycle
637.9,76.532000,8.000000,synthetic_USFS_Class3_benchmark_cycle
638.0,76.540000,8.000000,synthetic_USFS_Class3_benchmark_cycle
638.1,76.548000,8.000000,synthetic_USFS_Class3_benchmark_cycle
638.2,76.556000,8.000000,synthetic_USFS_Class3_benchmark_cycle
638.3,76.564000,8.000000,synthetic_USFS_Class3_benchmark_cycle
638.4,76.572000,8.000000,synthetic_USFS_Class3_benchmark_cycle
638.5,76.580000,8.000000,synthetic_USFS_Class3_benchmark_cycle
638.6,76.588000,8.000000,synthetic_USFS_Class3_benchmark_cycle
638.7,76.596000,8.000000,synthetic_USFS_Class3_benchmark_cycle
638.8,76.604000,8.000000,synthetic_USFS_Class3_benchmark_cycle
638.9,76.612000,8.000000,synthetic_USFS_Class3_benchmark_cycle
639.0,76.620000,8.000000,synthetic_USFS_Class3_benchmark_cycle
639.1,76.628000,8.000000,synthetic_USFS_Class3_benchmark_cycle
639.2,76.636000,8.000000,synthetic_USFS_Class3_benchmark_cycle
639.3,76.644000,8.000000,synthetic_USFS_Class3_benchmark_cycle
639.4,76.652000,8.000000,synthetic_USFS_Class3_benchmark_cycle
639.5,76.660000,8.000000,synthetic_USFS_Class3_benchmark_cycle
639.6,76.668000,8.000000,synthetic_USFS_Class3_benchmark_cycle
639.7,76.676000,8.000000,synthetic_USFS_Class3_benchmark_cycle
639.8,76.684000,8.000000,synthetic_USFS_Class3_benchmark_cycle
639.9,76.692000,8.000000,synthetic_USFS_Class3_benchmark_cycle
640.0,76.700000,8.000000,synthetic_USFS_Class3_benchmark_cycle
640.1,76.708008,8.016773,synthetic_USFS_Class3_benchmark_cycle
640.2,76.716050,8.067025,synthetic_USFS_Class3_benchmark_cycle
640.3,76.724159,8.150558,synthetic_USFS_Class3_benchmark_cycle
640.4,76.732368,8.267043,synthetic_USFS_Class3_benchmark_cycle
640.5,76.740709,8.416020,synthetic_USFS_Class3_benchmark_cycle
640.6,76.749216,8.596900,synthetic_USFS_Class3_benchmark_cycle
640.7,76.757919,8.808970,synthetic_USFS_Class3_benchmark_cycle
640.8,76.766849,9.051393,synthetic_USFS_Class3_benchmark_cycle
640.9,76.776036,9.323213,synthetic_USFS_Class3_benchmark_cycle
641.0,76.785510,9.623356,synthetic_USFS_Class3_benchmark_cycle
641.1,76.795297,9.950637,synthetic_USFS_Class3_benchmark_cycle
641.2,76.805424,10.303767,synthetic_USFS_Class3_benchmark_cycle
641.3,76.815916,10.681350,synthetic_USFS_Class3_benchmark_cycle
641.4,76.826798,11.081896,synthetic_USFS_Class3_benchmark_cycle
641.5,76.838091,11.503825,synthetic_USFS_Class3_benchmark_cycle
641.6,76.849815,11.945472,synthetic_USFS_Class3_benchmark_cycle
641.7,76.861991,12.405094,synthetic_USFS_Class3_benchmark_cycle
641.8,76.874634,12.880876,synthetic_USFS_Class3_benchmark_cycle
641.9,76.887760,13.370941,synthetic_USFS_Class3_benchmark_cycle
642.0,76.901382,13.873356,synthetic_USFS_Class3_benchmark_cycle
642.1,76.915512,14.386136,synthetic_USFS_Class3_benchmark_cycle
642.2,76.930158,14.907259,synthetic_USFS_Class3_benchmark_cycle
642.3,76.945329,15.434668,synthetic_USFS_Class3_benchmark_cycle
642.4,76.961030,15.966281,synthetic_USFS_Class3_benchmark_cycle
642.5,76.977263,16.500000,synthetic_USFS_Class3_benchmark_cycle
642.6,76.994030,17.033719,synthetic_USFS_Class3_benchmark_cycle
642.7,77.011329,17.565332,synthetic_USFS_Class3_benchmark_cycle
642.8,77.029158,18.092741,synthetic_USFS_Class3_benchmark_cycle
642.9,77.047512,18.613864,synthetic_USFS_Class3_benchmark_cycle
643.0,77.066382,19.126644,synthetic_USFS_Class3_benchmark_cycle
643.1,77.085760,19.629059,synthetic_USFS_Class3_benchmark_cycle
643.2,77.105634,20.119124,synthetic_USFS_Class3_benchmark_cycle
643.3,77.125991,20.594906,synthetic_USFS_Class3_benchmark_cycle
643.4,77.146815,21.054528,synthetic_USFS_Class3_benchmark_cycle
643.5,77.168091,21.496175,synthetic_USFS_Class3_benchmark_cycle
643.6,77.189798,21.918104,synthetic_USFS_Class3_benchmark_cycle
643.7,77.211916,22.318650,synthetic_USFS_Class3_benchmark_cycle
643.8,77.234424,22.696233,synthetic_USFS_Class3_benchmark_cycle
643.9,77.257297,23.049363,synthetic_USFS_Class3_benchmark_cycle
644.0,77.280510,23.376644,synthetic_USFS_Class3_benchmark_cycle
644.1,77.304036,23.676787,synthetic_USFS_Class3_benchmark_cycle
644.2,77.327849,23.948607,synthetic_USFS_Class3_benchmark_cycle
644.3,77.351919,24.191030,synthetic_USFS_Class3_benchmark_cycle
644.4,77.376216,24.403100,synthetic_USFS_Class3_benchmark_cycle
644.5,77.400709,24.583980,synthetic_USFS_Class3_benchmark_cycle
644.6,77.425368,24.732957,synthetic_USFS_Class3_benchmark_cycle
644.7,77.450159,24.849442,synthetic_USFS_Class3_benchmark_cycle
644.8,77.475050,24.932975,synthetic_USFS_Class3_benchmark_cycle
644.9,77.500008,24.983227,synthetic_USFS_Class3_benchmark_cycle
645.0,77.525000,25.000000,synthetic_USFS_Class3_benchmark_cycle
645.1,77.550000,25.000000,synthetic_USFS_Class3_benchmark_cycle
645.2,77.575000,25.000000,synthetic_USFS_Class3_benchmark_cycle
645.3,77.600000,25.000000,synthetic_USFS_Class3_benchmark_cycle
645.4,77.625000,25.000000,synthetic_USFS_Class3_benchmark_cycle
645.5,77.650000,25.000000,synthetic_USFS_Class3_benchmark_cycle
645.6,77.675000,25.000000,synthetic_USFS_Class3_benchmark_cycle
645.7,77.700000,25.000000,synthetic_USFS_Class3_benchmark_cycle
645.8,77.725000,25.000000,synthetic_USFS_Class3_benchmark_cycle
645.9,77.750000,25.000000,synthetic_USFS_Class3_benchmark_cycle
646.0,77.775000,25.000000,synthetic_USFS_Class3_benchmark_cycle
646.1,77.800000,25.000000,synthetic_USFS_Class3_benchmark_cycle
646.2,77.825000,25.000000,synthetic_USFS_Class3_benchmark_cycle
646.3,77.850000,25.000000,synthetic_USFS_Class3_benchmark_cycle
646.4,77.875000,25.000000,synthetic_USFS_Class3_benchmark_cycle
646.5,77.900000,25.000000,synthetic_USFS_Class3_benchmark_cycle
646.6,77.925000,25.000000,synthetic_USFS_Class3_benchmark_cycle
646.7,77.950000,25.000000,synthetic_USFS_Class3_benchmark_cycle
646.8,77.975000,25.000000,synthetic_USFS_Class3_benchmark_cycle
646.9,78.000000,25.000000,synthetic_USFS_Class3_benchmark_cycle
647.0,78.025000,25.000000,synthetic_USFS_Class3_benchmark_cycle
647.1,78.050000,25.000000,synthetic_USFS_Class3_benchmark_cycle
647.2,78.075000,25.000000,synthetic_USFS_Class3_benchmark_cycle
647.3,78.100000,25.000000,synthetic_USFS_Class3_benchmark_cycle
647.4,78.125000,25.000000,synthetic_USFS_Class3_benchmark_cycle
647.5,78.150000,25.000000,synthetic_USFS_Class3_benchmark_cycle
647.6,78.175000,25.000000,synthetic_USFS_Class3_benchmark_cycle
647.7,78.200000,25.000000,synthetic_USFS_Class3_benchmark_cycle
647.8,78.225000,25.000000,synthetic_USFS_Class3_benchmark_cycle
647.9,78.250000,25.000000,synthetic_USFS_Class3_benchmark_cycle
648.0,78.275000,25.000000,synthetic_USFS_Class3_benchmark_cycle
648.1,78.300000,25.000000,synthetic_USFS_Class3_benchmark_cycle
648.2,78.325000,25.000000,synthetic_USFS_Class3_benchmark_cycle
648.3,78.350000,25.000000,synthetic_USFS_Class3_benchmark_cycle
648.4,78.375000,25.000000,synthetic_USFS_Class3_benchmark_cycle
648.5,78.400000,25.000000,synthetic_USFS_Class3_benchmark_cycle
648.6,78.425000,25.000000,synthetic_USFS_Class3_benchmark_cycle
648.7,78.450000,25.000000,synthetic_USFS_Class3_benchmark_cycle
648.8,78.475000,25.000000,synthetic_USFS_Class3_benchmark_cycle
648.9,78.500000,25.000000,synthetic_USFS_Class3_benchmark_cycle
649.0,78.525000,25.000000,synthetic_USFS_Class3_benchmark_cycle
649.1,78.550000,25.000000,synthetic_USFS_Class3_benchmark_cycle
649.2,78.575000,25.000000,synthetic_USFS_Class3_benchmark_cycle
649.3,78.600000,25.000000,synthetic_USFS_Class3_benchmark_cycle
649.4,78.625000,25.000000,synthetic_USFS_Class3_benchmark_cycle
649.5,78.650000,25.000000,synthetic_USFS_Class3_benchmark_cycle
649.6,78.675000,25.000000,synthetic_USFS_Class3_benchmark_cycle
649.7,78.700000,25.000000,synthetic_USFS_Class3_benchmark_cycle
649.8,78.725000,25.000000,synthetic_USFS_Class3_benchmark_cycle
649.9,78.750000,25.000000,synthetic_USFS_Class3_benchmark_cycle
650.0,78.775000,25.000000,synthetic_USFS_Class3_benchmark_cycle
650.1,78.800000,25.000000,synthetic_USFS_Class3_benchmark_cycle
650.2,78.825000,25.000000,synthetic_USFS_Class3_benchmark_cycle
650.3,78.850000,25.000000,synthetic_USFS_Class3_benchmark_cycle
650.4,78.875000,25.000000,synthetic_USFS_Class3_benchmark_cycle
650.5,78.900000,25.000000,synthetic_USFS_Class3_benchmark_cycle
650.6,78.925000,25.000000,synthetic_USFS_Class3_benchmark_cycle
650.7,78.950000,25.000000,synthetic_USFS_Class3_benchmark_cycle
650.8,78.975000,25.000000,synthetic_USFS_Class3_benchmark_cycle
650.9,79.000000,25.000000,synthetic_USFS_Class3_benchmark_cycle
651.0,79.025000,25.000000,synthetic_USFS_Class3_benchmark_cycle
651.1,79.050000,25.000000,synthetic_USFS_Class3_benchmark_cycle
651.2,79.075000,25.000000,synthetic_USFS_Class3_benchmark_cycle
651.3,79.100000,25.000000,synthetic_USFS_Class3_benchmark_cycle
651.4,79.125000,25.000000,synthetic_USFS_Class3_benchmark_cycle
651.5,79.150000,25.000000,synthetic_USFS_Class3_benchmark_cycle
651.6,79.175000,25.000000,synthetic_USFS_Class3_benchmark_cycle
651.7,79.200000,25.000000,synthetic_USFS_Class3_benchmark_cycle
651.8,79.225000,25.000000,synthetic_USFS_Class3_benchmark_cycle
651.9,79.250000,25.000000,synthetic_USFS_Class3_benchmark_cycle
652.0,79.275000,25.000000,synthetic_USFS_Class3_benchmark_cycle
652.1,79.300000,25.000000,synthetic_USFS_Class3_benchmark_cycle
652.2,79.325000,25.000000,synthetic_USFS_Class3_benchmark_cycle
652.3,79.350000,25.000000,synthetic_USFS_Class3_benchmark_cycle
652.4,79.375000,25.000000,synthetic_USFS_Class3_benchmark_cycle
652.5,79.400000,25.000000,synthetic_USFS_Class3_benchmark_cycle
652.6,79.425000,25.000000,synthetic_USFS_Class3_benchmark_cycle
652.7,79.450000,25.000000,synthetic_USFS_Class3_benchmark_cycle
652.8,79.475000,25.000000,synthetic_USFS_Class3_benchmark_cycle
652.9,79.500000,25.000000,synthetic_USFS_Class3_benchmark_cycle
653.0,79.525000,25.000000,synthetic_USFS_Class3_benchmark_cycle
653.1,79.550000,25.000000,synthetic_USFS_Class3_benchmark_cycle
653.2,79.575000,25.000000,synthetic_USFS_Class3_benchmark_cycle
653.3,79.600000,25.000000,synthetic_USFS_Class3_benchmark_cycle
653.4,79.625000,25.000000,synthetic_USFS_Class3_benchmark_cycle
653.5,79.650000,25.000000,synthetic_USFS_Class3_benchmark_cycle
653.6,79.675000,25.000000,synthetic_USFS_Class3_benchmark_cycle
653.7,79.700000,25.000000,synthetic_USFS_Class3_benchmark_cycle
653.8,79.725000,25.000000,synthetic_USFS_Class3_benchmark_cycle
653.9,79.750000,25.000000,synthetic_USFS_Class3_benchmark_cycle
654.0,79.775000,25.000000,synthetic_USFS_Class3_benchmark_cycle
654.1,79.800000,25.000000,synthetic_USFS_Class3_benchmark_cycle
654.2,79.825000,25.000000,synthetic_USFS_Class3_benchmark_cycle
654.3,79.850000,25.000000,synthetic_USFS_Class3_benchmark_cycle
654.4,79.875000,25.000000,synthetic_USFS_Class3_benchmark_cycle
654.5,79.900000,25.000000,synthetic_USFS_Class3_benchmark_cycle
654.6,79.925000,25.000000,synthetic_USFS_Class3_benchmark_cycle
654.7,79.950000,25.000000,synthetic_USFS_Class3_benchmark_cycle
654.8,79.975000,25.000000,synthetic_USFS_Class3_benchmark_cycle
654.9,80.000000,25.000000,synthetic_USFS_Class3_benchmark_cycle
655.0,80.025000,25.000000,synthetic_USFS_Class3_benchmark_cycle
655.1,80.050000,25.000000,synthetic_USFS_Class3_benchmark_cycle
655.2,80.075000,25.000000,synthetic_USFS_Class3_benchmark_cycle
655.3,80.100000,25.000000,synthetic_USFS_Class3_benchmark_cycle
655.4,80.125000,25.000000,synthetic_USFS_Class3_benchmark_cycle
655.5,80.150000,25.000000,synthetic_USFS_Class3_benchmark_cycle
655.6,80.175000,25.000000,synthetic_USFS_Class3_benchmark_cycle
655.7,80.200000,25.000000,synthetic_USFS_Class3_benchmark_cycle
655.8,80.225000,25.000000,synthetic_USFS_Class3_benchmark_cycle
655.9,80.250000,25.000000,synthetic_USFS_Class3_benchmark_cycle
656.0,80.275000,25.000000,synthetic_USFS_Class3_benchmark_cycle
656.1,80.300000,25.000000,synthetic_USFS_Class3_benchmark_cycle
656.2,80.325000,25.000000,synthetic_USFS_Class3_benchmark_cycle
656.3,80.350000,25.000000,synthetic_USFS_Class3_benchmark_cycle
656.4,80.375000,25.000000,synthetic_USFS_Class3_benchmark_cycle
656.5,80.400000,25.000000,synthetic_USFS_Class3_benchmark_cycle
656.6,80.425000,25.000000,synthetic_USFS_Class3_benchmark_cycle
656.7,80.450000,25.000000,synthetic_USFS_Class3_benchmark_cycle
656.8,80.475000,25.000000,synthetic_USFS_Class3_benchmark_cycle
656.9,80.500000,25.000000,synthetic_USFS_Class3_benchmark_cycle
657.0,80.525000,25.000000,synthetic_USFS_Class3_benchmark_cycle
657.1,80.550000,25.000000,synthetic_USFS_Class3_benchmark_cycle
657.2,80.575000,25.000000,synthetic_USFS_Class3_benchmark_cycle
657.3,80.600000,25.000000,synthetic_USFS_Class3_benchmark_cycle
657.4,80.625000,25.000000,synthetic_USFS_Class3_benchmark_cycle
657.5,80.650000,25.000000,synthetic_USFS_Class3_benchmark_cycle
657.6,80.675000,25.000000,synthetic_USFS_Class3_benchmark_cycle
657.7,80.700000,25.000000,synthetic_USFS_Class3_benchmark_cycle
657.8,80.725000,25.000000,synthetic_USFS_Class3_benchmark_cycle
657.9,80.750000,25.000000,synthetic_USFS_Class3_benchmark_cycle
658.0,80.775000,25.000000,synthetic_USFS_Class3_benchmark_cycle
658.1,80.800000,25.000000,synthetic_USFS_Class3_benchmark_cycle
658.2,80.825000,25.000000,synthetic_USFS_Class3_benchmark_cycle
658.3,80.850000,25.000000,synthetic_USFS_Class3_benchmark_cycle
658.4,80.875000,25.000000,synthetic_USFS_Class3_benchmark_cycle
658.5,80.900000,25.000000,synthetic_USFS_Class3_benchmark_cycle
658.6,80.925000,25.000000,synthetic_USFS_Class3_benchmark_cycle
658.7,80.950000,25.000000,synthetic_USFS_Class3_benchmark_cycle
658.8,80.975000,25.000000,synthetic_USFS_Class3_benchmark_cycle
658.9,81.000000,25.000000,synthetic_USFS_Class3_benchmark_cycle
659.0,81.025000,25.000000,synthetic_USFS_Class3_benchmark_cycle
659.1,81.050000,25.000000,synthetic_USFS_Class3_benchmark_cycle
659.2,81.075000,25.000000,synthetic_USFS_Class3_benchmark_cycle
659.3,81.100000,25.000000,synthetic_USFS_Class3_benchmark_cycle
659.4,81.125000,25.000000,synthetic_USFS_Class3_benchmark_cycle
659.5,81.150000,25.000000,synthetic_USFS_Class3_benchmark_cycle
659.6,81.175000,25.000000,synthetic_USFS_Class3_benchmark_cycle
659.7,81.200000,25.000000,synthetic_USFS_Class3_benchmark_cycle
659.8,81.225000,25.000000,synthetic_USFS_Class3_benchmark_cycle
659.9,81.250000,25.000000,synthetic_USFS_Class3_benchmark_cycle
660.0,81.275000,25.000000,synthetic_USFS_Class3_benchmark_cycle
660.1,81.300000,25.000000,synthetic_USFS_Class3_benchmark_cycle
660.2,81.325000,25.000000,synthetic_USFS_Class3_benchmark_cycle
660.3,81.350000,25.000000,synthetic_USFS_Class3_benchmark_cycle
660.4,81.375000,25.000000,synthetic_USFS_Class3_benchmark_cycle
660.5,81.400000,25.000000,synthetic_USFS_Class3_benchmark_cycle
660.6,81.425000,25.000000,synthetic_USFS_Class3_benchmark_cycle
660.7,81.450000,25.000000,synthetic_USFS_Class3_benchmark_cycle
660.8,81.475000,25.000000,synthetic_USFS_Class3_benchmark_cycle
660.9,81.500000,25.000000,synthetic_USFS_Class3_benchmark_cycle
661.0,81.525000,25.000000,synthetic_USFS_Class3_benchmark_cycle
661.1,81.550000,25.000000,synthetic_USFS_Class3_benchmark_cycle
661.2,81.575000,25.000000,synthetic_USFS_Class3_benchmark_cycle
661.3,81.600000,25.000000,synthetic_USFS_Class3_benchmark_cycle
661.4,81.625000,25.000000,synthetic_USFS_Class3_benchmark_cycle
661.5,81.650000,25.000000,synthetic_USFS_Class3_benchmark_cycle
661.6,81.675000,25.000000,synthetic_USFS_Class3_benchmark_cycle
661.7,81.700000,25.000000,synthetic_USFS_Class3_benchmark_cycle
661.8,81.725000,25.000000,synthetic_USFS_Class3_benchmark_cycle
661.9,81.750000,25.000000,synthetic_USFS_Class3_benchmark_cycle
662.0,81.775000,25.000000,synthetic_USFS_Class3_benchmark_cycle
662.1,81.800000,25.000000,synthetic_USFS_Class3_benchmark_cycle
662.2,81.825000,25.000000,synthetic_USFS_Class3_benchmark_cycle
662.3,81.850000,25.000000,synthetic_USFS_Class3_benchmark_cycle
662.4,81.875000,25.000000,synthetic_USFS_Class3_benchmark_cycle
662.5,81.900000,25.000000,synthetic_USFS_Class3_benchmark_cycle
662.6,81.925000,25.000000,synthetic_USFS_Class3_benchmark_cycle
662.7,81.950000,25.000000,synthetic_USFS_Class3_benchmark_cycle
662.8,81.975000,25.000000,synthetic_USFS_Class3_benchmark_cycle
662.9,82.000000,25.000000,synthetic_USFS_Class3_benchmark_cycle
663.0,82.025000,25.000000,synthetic_USFS_Class3_benchmark_cycle
663.1,82.050000,25.000000,synthetic_USFS_Class3_benchmark_cycle
663.2,82.075000,25.000000,synthetic_USFS_Class3_benchmark_cycle
663.3,82.100000,25.000000,synthetic_USFS_Class3_benchmark_cycle
663.4,82.125000,25.000000,synthetic_USFS_Class3_benchmark_cycle
663.5,82.150000,25.000000,synthetic_USFS_Class3_benchmark_cycle
663.6,82.175000,25.000000,synthetic_USFS_Class3_benchmark_cycle
663.7,82.200000,25.000000,synthetic_USFS_Class3_benchmark_cycle
663.8,82.225000,25.000000,synthetic_USFS_Class3_benchmark_cycle
663.9,82.250000,25.000000,synthetic_USFS_Class3_benchmark_cycle
664.0,82.275000,25.000000,synthetic_USFS_Class3_benchmark_cycle
664.1,82.300000,25.000000,synthetic_USFS_Class3_benchmark_cycle
664.2,82.325000,25.000000,synthetic_USFS_Class3_benchmark_cycle
664.3,82.350000,25.000000,synthetic_USFS_Class3_benchmark_cycle
664.4,82.375000,25.000000,synthetic_USFS_Class3_benchmark_cycle
664.5,82.400000,25.000000,synthetic_USFS_Class3_benchmark_cycle
664.6,82.425000,25.000000,synthetic_USFS_Class3_benchmark_cycle
664.7,82.450000,25.000000,synthetic_USFS_Class3_benchmark_cycle
664.8,82.475000,25.000000,synthetic_USFS_Class3_benchmark_cycle
664.9,82.500000,25.000000,synthetic_USFS_Class3_benchmark_cycle
665.0,82.525000,25.000000,synthetic_USFS_Class3_benchmark_cycle
665.1,82.549992,24.983227,synthetic_USFS_Class3_benchmark_cycle
665.2,82.574950,24.932975,synthetic_USFS_Class3_benchmark_cycle
665.3,82.599841,24.849442,synthetic_USFS_Class3_benchmark_cycle
665.4,82.624632,24.732957,synthetic_USFS_Class3_benchmark_cycle
665.5,82.649291,24.583980,synthetic_USFS_Class3_benchmark_cycle
665.6,82.673784,24.403100,synthetic_USFS_Class3_benchmark_cycle
665.7,82.698081,24.191030,synthetic_USFS_Class3_benchmark_cycle
665.8,82.722151,23.948607,synthetic_USFS_Class3_benchmark_cycle
665.9,82.745964,23.676787,synthetic_USFS_Class3_benchmark_cycle
666.0,82.769490,23.376644,synthetic_USFS_Class3_benchmark_cycle
666.1,82.792703,23.049363,synthetic_USFS_Class3_benchmark_cycle
666.2,82.815576,22.696233,synthetic_USFS_Class3_benchmark_cycle
666.3,82.838084,22.318650,synthetic_USFS_Class3_benchmark_cycle
666.4,82.860202,21.918104,synthetic_USFS_Class3_benchmark_cycle
666.5,82.881909,21.496175,synthetic_USFS_Class3_benchmark_cycle
666.6,82.903185,21.054528,synthetic_USFS_Class3_benchmark_cycle
666.7,82.924009,20.594906,synthetic_USFS_Class3_benchmark_cycle
666.8,82.944366,20.119124,synthetic_USFS_Class3_benchmark_cycle
666.9,82.964240,19.629059,synthetic_USFS_Class3_benchmark_cycle
667.0,82.983618,19.126644,synthetic_USFS_Class3_benchmark_cycle
667.1,83.002488,18.613864,synthetic_USFS_Class3_benchmark_cycle
667.2,83.020842,18.092741,synthetic_USFS_Class3_benchmark_cycle
667.3,83.038671,17.565332,synthetic_USFS_Class3_benchmark_cycle
667.4,83.055970,17.033719,synthetic_USFS_Class3_benchmark_cycle
667.5,83.072737,16.500000,synthetic_USFS_Class3_benchmark_cycle
667.6,83.088970,15.966281,synthetic_USFS_Class3_benchmark_cycle
667.7,83.104671,15.434668,synthetic_USFS_Class3_benchmark_cycle
667.8,83.119842,14.907259,synthetic_USFS_Class3_benchmark_cycle
667.9,83.134488,14.386136,synthetic_USFS_Class3_benchmark_cycle
668.0,83.148618,13.873356,synthetic_USFS_Class3_benchmark_cycle
668.1,83.162240,13.370941,synthetic_USFS_Class3_benchmark_cycle
668.2,83.175366,12.880876,synthetic_USFS_Class3_benchmark_cycle
668.3,83.188009,12.405094,synthetic_USFS_Class3_benchmark_cycle
668.4,83.200185,11.945472,synthetic_USFS_Class3_benchmark_cycle
668.5,83.211909,11.503825,synthetic_USFS_Class3_benchmark_cycle
668.6,83.223202,11.081896,synthetic_USFS_Class3_benchmark_cycle
668.7,83.234084,10.681350,synthetic_USFS_Class3_benchmark_cycle
668.8,83.244576,10.303767,synthetic_USFS_Class3_benchmark_cycle
668.9,83.254703,9.950637,synthetic_USFS_Class3_benchmark_cycle
669.0,83.264490,9.623356,synthetic_USFS_Class3_benchmark_cycle
669.1,83.273964,9.323213,synthetic_USFS_Class3_benchmark_cycle
669.2,83.283151,9.051393,synthetic_USFS_Class3_benchmark_cycle
669.3,83.292081,8.808970,synthetic_USFS_Class3_benchmark_cycle
669.4,83.300784,8.596900,synthetic_USFS_Class3_benchmark_cycle
669.5,83.309291,8.416020,synthetic_USFS_Class3_benchmark_cycle
669.6,83.317632,8.267043,synthetic_USFS_Class3_benchmark_cycle
669.7,83.325841,8.150558,synthetic_USFS_Class3_benchmark_cycle
669.8,83.333950,8.067025,synthetic_USFS_Class3_benchmark_cycle
669.9,83.341992,8.016773,synthetic_USFS_Class3_benchmark_cycle
670.0,83.350000,8.000000,synthetic_USFS_Class3_benchmark_cycle
670.1,83.358000,8.000000,synthetic_USFS_Class3_benchmark_cycle
670.2,83.366000,8.000000,synthetic_USFS_Class3_benchmark_cycle
670.3,83.374000,8.000000,synthetic_USFS_Class3_benchmark_cycle
670.4,83.382000,8.000000,synthetic_USFS_Class3_benchmark_cycle
670.5,83.390000,8.000000,synthetic_USFS_Class3_benchmark_cycle
670.6,83.398000,8.000000,synthetic_USFS_Class3_benchmark_cycle
670.7,83.406000,8.000000,synthetic_USFS_Class3_benchmark_cycle
670.8,83.414000,8.000000,synthetic_USFS_Class3_benchmark_cycle
670.9,83.422000,8.000000,synthetic_USFS_Class3_benchmark_cycle
671.0,83.430000,8.000000,synthetic_USFS_Class3_benchmark_cycle
671.1,83.438000,8.000000,synthetic_USFS_Class3_benchmark_cycle
671.2,83.446000,8.000000,synthetic_USFS_Class3_benchmark_cycle
671.3,83.454000,8.000000,synthetic_USFS_Class3_benchmark_cycle
671.4,83.462000,8.000000,synthetic_USFS_Class3_benchmark_cycle
671.5,83.470000,8.000000,synthetic_USFS_Class3_benchmark_cycle
671.6,83.478000,8.000000,synthetic_USFS_Class3_benchmark_cycle
671.7,83.486000,8.000000,synthetic_USFS_Class3_benchmark_cycle
671.8,83.494000,8.000000,synthetic_USFS_Class3_benchmark_cycle
671.9,83.502000,8.000000,synthetic_USFS_Class3_benchmark_cycle
672.0,83.510000,8.000000,synthetic_USFS_Class3_benchmark_cycle
672.1,83.518000,8.000000,synthetic_USFS_Class3_benchmark_cycle
672.2,83.526000,8.000000,synthetic_USFS_Class3_benchmark_cycle
672.3,83.534000,8.000000,synthetic_USFS_Class3_benchmark_cycle
672.4,83.542000,8.000000,synthetic_USFS_Class3_benchmark_cycle
672.5,83.550000,8.000000,synthetic_USFS_Class3_benchmark_cycle
672.6,83.558000,8.000000,synthetic_USFS_Class3_benchmark_cycle
672.7,83.566000,8.000000,synthetic_USFS_Class3_benchmark_cycle
672.8,83.574000,8.000000,synthetic_USFS_Class3_benchmark_cycle
672.9,83.582000,8.000000,synthetic_USFS_Class3_benchmark_cycle
673.0,83.590000,8.000000,synthetic_USFS_Class3_benchmark_cycle
673.1,83.598000,8.000000,synthetic_USFS_Class3_benchmark_cycle
673.2,83.606000,8.000000,synthetic_USFS_Class3_benchmark_cycle
673.3,83.614000,8.000000,synthetic_USFS_Class3_benchmark_cycle
673.4,83.622000,8.000000,synthetic_USFS_Class3_benchmark_cycle
673.5,83.630000,8.000000,synthetic_USFS_Class3_benchmark_cycle
673.6,83.638000,8.000000,synthetic_USFS_Class3_benchmark_cycle
673.7,83.646000,8.000000,synthetic_USFS_Class3_benchmark_cycle
673.8,83.654000,8.000000,synthetic_USFS_Class3_benchmark_cycle
673.9,83.662000,8.000000,synthetic_USFS_Class3_benchmark_cycle
674.0,83.670000,8.000000,synthetic_USFS_Class3_benchmark_cycle
674.1,83.678000,8.000000,synthetic_USFS_Class3_benchmark_cycle
674.2,83.686000,8.000000,synthetic_USFS_Class3_benchmark_cycle
674.3,83.694000,8.000000,synthetic_USFS_Class3_benchmark_cycle
674.4,83.702000,8.000000,synthetic_USFS_Class3_benchmark_cycle
674.5,83.710000,8.000000,synthetic_USFS_Class3_benchmark_cycle
674.6,83.718000,8.000000,synthetic_USFS_Class3_benchmark_cycle
674.7,83.726000,8.000000,synthetic_USFS_Class3_benchmark_cycle
674.8,83.734000,8.000000,synthetic_USFS_Class3_benchmark_cycle
674.9,83.742000,8.000000,synthetic_USFS_Class3_benchmark_cycle
675.0,83.750000,8.000000,synthetic_USFS_Class3_benchmark_cycle
675.1,83.758000,8.000000,synthetic_USFS_Class3_benchmark_cycle
675.2,83.766000,8.000000,synthetic_USFS_Class3_benchmark_cycle
675.3,83.774000,8.000000,synthetic_USFS_Class3_benchmark_cycle
675.4,83.782000,8.000000,synthetic_USFS_Class3_benchmark_cycle
675.5,83.790000,8.000000,synthetic_USFS_Class3_benchmark_cycle
675.6,83.798000,8.000000,synthetic_USFS_Class3_benchmark_cycle
675.7,83.806000,8.000000,synthetic_USFS_Class3_benchmark_cycle
675.8,83.814000,8.000000,synthetic_USFS_Class3_benchmark_cycle
675.9,83.822000,8.000000,synthetic_USFS_Class3_benchmark_cycle
676.0,83.830000,8.000000,synthetic_USFS_Class3_benchmark_cycle
676.1,83.838000,8.000000,synthetic_USFS_Class3_benchmark_cycle
676.2,83.846000,8.000000,synthetic_USFS_Class3_benchmark_cycle
676.3,83.854000,8.000000,synthetic_USFS_Class3_benchmark_cycle
676.4,83.862000,8.000000,synthetic_USFS_Class3_benchmark_cycle
676.5,83.870000,8.000000,synthetic_USFS_Class3_benchmark_cycle
676.6,83.878000,8.000000,synthetic_USFS_Class3_benchmark_cycle
676.7,83.886000,8.000000,synthetic_USFS_Class3_benchmark_cycle
676.8,83.894000,8.000000,synthetic_USFS_Class3_benchmark_cycle
676.9,83.902000,8.000000,synthetic_USFS_Class3_benchmark_cycle
677.0,83.910000,8.000000,synthetic_USFS_Class3_benchmark_cycle
677.1,83.918000,8.000000,synthetic_USFS_Class3_benchmark_cycle
677.2,83.926000,8.000000,synthetic_USFS_Class3_benchmark_cycle
677.3,83.934000,8.000000,synthetic_USFS_Class3_benchmark_cycle
677.4,83.942000,8.000000,synthetic_USFS_Class3_benchmark_cycle
677.5,83.950000,8.000000,synthetic_USFS_Class3_benchmark_cycle
677.6,83.958000,8.000000,synthetic_USFS_Class3_benchmark_cycle
677.7,83.966000,8.000000,synthetic_USFS_Class3_benchmark_cycle
677.8,83.974000,8.000000,synthetic_USFS_Class3_benchmark_cycle
677.9,83.982000,8.000000,synthetic_USFS_Class3_benchmark_cycle
678.0,83.990000,8.000000,synthetic_USFS_Class3_benchmark_cycle
678.1,83.998000,8.000000,synthetic_USFS_Class3_benchmark_cycle
678.2,84.006000,8.000000,synthetic_USFS_Class3_benchmark_cycle
678.3,84.014000,8.000000,synthetic_USFS_Class3_benchmark_cycle
678.4,84.022000,8.000000,synthetic_USFS_Class3_benchmark_cycle
678.5,84.030000,8.000000,synthetic_USFS_Class3_benchmark_cycle
678.6,84.038000,8.000000,synthetic_USFS_Class3_benchmark_cycle
678.7,84.046000,8.000000,synthetic_USFS_Class3_benchmark_cycle
678.8,84.054000,8.000000,synthetic_USFS_Class3_benchmark_cycle
678.9,84.062000,8.000000,synthetic_USFS_Class3_benchmark_cycle
679.0,84.070000,8.000000,synthetic_USFS_Class3_benchmark_cycle
679.1,84.078000,8.000000,synthetic_USFS_Class3_benchmark_cycle
679.2,84.086000,8.000000,synthetic_USFS_Class3_benchmark_cycle
679.3,84.094000,8.000000,synthetic_USFS_Class3_benchmark_cycle
679.4,84.102000,8.000000,synthetic_USFS_Class3_benchmark_cycle
679.5,84.110000,8.000000,synthetic_USFS_Class3_benchmark_cycle
679.6,84.118000,8.000000,synthetic_USFS_Class3_benchmark_cycle
679.7,84.126000,8.000000,synthetic_USFS_Class3_benchmark_cycle
679.8,84.134000,8.000000,synthetic_USFS_Class3_benchmark_cycle
679.9,84.142000,8.000000,synthetic_USFS_Class3_benchmark_cycle
680.0,84.150000,8.000000,synthetic_USFS_Class3_benchmark_cycle
680.1,84.158000,8.000000,synthetic_USFS_Class3_benchmark_cycle
680.2,84.166000,8.000000,synthetic_USFS_Class3_benchmark_cycle
680.3,84.174000,8.000000,synthetic_USFS_Class3_benchmark_cycle
680.4,84.182000,8.000000,synthetic_USFS_Class3_benchmark_cycle
680.5,84.190000,8.000000,synthetic_USFS_Class3_benchmark_cycle
680.6,84.198000,8.000000,synthetic_USFS_Class3_benchmark_cycle
680.7,84.206000,8.000000,synthetic_USFS_Class3_benchmark_cycle
680.8,84.214000,8.000000,synthetic_USFS_Class3_benchmark_cycle
680.9,84.222000,8.000000,synthetic_USFS_Class3_benchmark_cycle
681.0,84.230000,8.000000,synthetic_USFS_Class3_benchmark_cycle
681.1,84.238000,8.000000,synthetic_USFS_Class3_benchmark_cycle
681.2,84.246000,8.000000,synthetic_USFS_Class3_benchmark_cycle
681.3,84.254000,8.000000,synthetic_USFS_Class3_benchmark_cycle
681.4,84.262000,8.000000,synthetic_USFS_Class3_benchmark_cycle
681.5,84.270000,8.000000,synthetic_USFS_Class3_benchmark_cycle
681.6,84.278000,8.000000,synthetic_USFS_Class3_benchmark_cycle
681.7,84.286000,8.000000,synthetic_USFS_Class3_benchmark_cycle
681.8,84.294000,8.000000,synthetic_USFS_Class3_benchmark_cycle
681.9,84.302000,8.000000,synthetic_USFS_Class3_benchmark_cycle
682.0,84.310000,8.000000,synthetic_USFS_Class3_benchmark_cycle
682.1,84.318000,8.000000,synthetic_USFS_Class3_benchmark_cycle
682.2,84.326000,8.000000,synthetic_USFS_Class3_benchmark_cycle
682.3,84.334000,8.000000,synthetic_USFS_Class3_benchmark_cycle
682.4,84.342000,8.000000,synthetic_USFS_Class3_benchmark_cycle
682.5,84.350000,8.000000,synthetic_USFS_Class3_benchmark_cycle
682.6,84.358000,8.000000,synthetic_USFS_Class3_benchmark_cycle
682.7,84.366000,8.000000,synthetic_USFS_Class3_benchmark_cycle
682.8,84.374000,8.000000,synthetic_USFS_Class3_benchmark_cycle
682.9,84.382000,8.000000,synthetic_USFS_Class3_benchmark_cycle
683.0,84.390000,8.000000,synthetic_USFS_Class3_benchmark_cycle
683.1,84.398000,8.000000,synthetic_USFS_Class3_benchmark_cycle
683.2,84.406000,8.000000,synthetic_USFS_Class3_benchmark_cycle
683.3,84.414000,8.000000,synthetic_USFS_Class3_benchmark_cycle
683.4,84.422000,8.000000,synthetic_USFS_Class3_benchmark_cycle
683.5,84.430000,8.000000,synthetic_USFS_Class3_benchmark_cycle
683.6,84.438000,8.000000,synthetic_USFS_Class3_benchmark_cycle
683.7,84.446000,8.000000,synthetic_USFS_Class3_benchmark_cycle
683.8,84.454000,8.000000,synthetic_USFS_Class3_benchmark_cycle
683.9,84.462000,8.000000,synthetic_USFS_Class3_benchmark_cycle
684.0,84.470000,8.000000,synthetic_USFS_Class3_benchmark_cycle
684.1,84.478000,8.000000,synthetic_USFS_Class3_benchmark_cycle
684.2,84.486000,8.000000,synthetic_USFS_Class3_benchmark_cycle
684.3,84.494000,8.000000,synthetic_USFS_Class3_benchmark_cycle
684.4,84.502000,8.000000,synthetic_USFS_Class3_benchmark_cycle
684.5,84.510000,8.000000,synthetic_USFS_Class3_benchmark_cycle
684.6,84.518000,8.000000,synthetic_USFS_Class3_benchmark_cycle
684.7,84.526000,8.000000,synthetic_USFS_Class3_benchmark_cycle
684.8,84.534000,8.000000,synthetic_USFS_Class3_benchmark_cycle
684.9,84.542000,8.000000,synthetic_USFS_Class3_benchmark_cycle
685.0,84.550000,8.000000,synthetic_USFS_Class3_benchmark_cycle
685.1,84.558000,8.000000,synthetic_USFS_Class3_benchmark_cycle
685.2,84.566000,8.000000,synthetic_USFS_Class3_benchmark_cycle
685.3,84.574000,8.000000,synthetic_USFS_Class3_benchmark_cycle
685.4,84.582000,8.000000,synthetic_USFS_Class3_benchmark_cycle
685.5,84.590000,8.000000,synthetic_USFS_Class3_benchmark_cycle
685.6,84.598000,8.000000,synthetic_USFS_Class3_benchmark_cycle
685.7,84.606000,8.000000,synthetic_USFS_Class3_benchmark_cycle
685.8,84.614000,8.000000,synthetic_USFS_Class3_benchmark_cycle
685.9,84.622000,8.000000,synthetic_USFS_Class3_benchmark_cycle
686.0,84.630000,8.000000,synthetic_USFS_Class3_benchmark_cycle
686.1,84.638000,8.000000,synthetic_USFS_Class3_benchmark_cycle
686.2,84.646000,8.000000,synthetic_USFS_Class3_benchmark_cycle
686.3,84.654000,8.000000,synthetic_USFS_Class3_benchmark_cycle
686.4,84.662000,8.000000,synthetic_USFS_Class3_benchmark_cycle
686.5,84.670000,8.000000,synthetic_USFS_Class3_benchmark_cycle
686.6,84.678000,8.000000,synthetic_USFS_Class3_benchmark_cycle
686.7,84.686000,8.000000,synthetic_USFS_Class3_benchmark_cycle
686.8,84.694000,8.000000,synthetic_USFS_Class3_benchmark_cycle
686.9,84.702000,8.000000,synthetic_USFS_Class3_benchmark_cycle
687.0,84.710000,8.000000,synthetic_USFS_Class3_benchmark_cycle
687.1,84.718000,8.000000,synthetic_USFS_Class3_benchmark_cycle
687.2,84.726000,8.000000,synthetic_USFS_Class3_benchmark_cycle
687.3,84.734000,8.000000,synthetic_USFS_Class3_benchmark_cycle
687.4,84.742000,8.000000,synthetic_USFS_Class3_benchmark_cycle
687.5,84.750000,8.000000,synthetic_USFS_Class3_benchmark_cycle
687.6,84.758000,8.000000,synthetic_USFS_Class3_benchmark_cycle
687.7,84.766000,8.000000,synthetic_USFS_Class3_benchmark_cycle
687.8,84.774000,8.000000,synthetic_USFS_Class3_benchmark_cycle
687.9,84.782000,8.000000,synthetic_USFS_Class3_benchmark_cycle
688.0,84.790000,8.000000,synthetic_USFS_Class3_benchmark_cycle
688.1,84.798000,8.000000,synthetic_USFS_Class3_benchmark_cycle
688.2,84.806000,8.000000,synthetic_USFS_Class3_benchmark_cycle
688.3,84.814000,8.000000,synthetic_USFS_Class3_benchmark_cycle
688.4,84.822000,8.000000,synthetic_USFS_Class3_benchmark_cycle
688.5,84.830000,8.000000,synthetic_USFS_Class3_benchmark_cycle
688.6,84.838000,8.000000,synthetic_USFS_Class3_benchmark_cycle
688.7,84.846000,8.000000,synthetic_USFS_Class3_benchmark_cycle
688.8,84.854000,8.000000,synthetic_USFS_Class3_benchmark_cycle
688.9,84.862000,8.000000,synthetic_USFS_Class3_benchmark_cycle
689.0,84.870000,8.000000,synthetic_USFS_Class3_benchmark_cycle
689.1,84.878000,8.000000,synthetic_USFS_Class3_benchmark_cycle
689.2,84.886000,8.000000,synthetic_USFS_Class3_benchmark_cycle
689.3,84.894000,8.000000,synthetic_USFS_Class3_benchmark_cycle
689.4,84.902000,8.000000,synthetic_USFS_Class3_benchmark_cycle
689.5,84.910000,8.000000,synthetic_USFS_Class3_benchmark_cycle
689.6,84.918000,8.000000,synthetic_USFS_Class3_benchmark_cycle
689.7,84.926000,8.000000,synthetic_USFS_Class3_benchmark_cycle
689.8,84.934000,8.000000,synthetic_USFS_Class3_benchmark_cycle
689.9,84.942000,8.000000,synthetic_USFS_Class3_benchmark_cycle
690.0,84.950000,8.000000,synthetic_USFS_Class3_benchmark_cycle
690.1,84.958000,8.000000,synthetic_USFS_Class3_benchmark_cycle
690.2,84.966000,8.000000,synthetic_USFS_Class3_benchmark_cycle
690.3,84.974000,8.000000,synthetic_USFS_Class3_benchmark_cycle
690.4,84.982000,8.000000,synthetic_USFS_Class3_benchmark_cycle
690.5,84.990000,8.000000,synthetic_USFS_Class3_benchmark_cycle
690.6,84.998000,8.000000,synthetic_USFS_Class3_benchmark_cycle
690.7,85.006000,8.000000,synthetic_USFS_Class3_benchmark_cycle
690.8,85.014000,8.000000,synthetic_USFS_Class3_benchmark_cycle
690.9,85.022000,8.000000,synthetic_USFS_Class3_benchmark_cycle
691.0,85.030000,8.000000,synthetic_USFS_Class3_benchmark_cycle
691.1,85.038000,8.000000,synthetic_USFS_Class3_benchmark_cycle
691.2,85.046000,8.000000,synthetic_USFS_Class3_benchmark_cycle
691.3,85.054000,8.000000,synthetic_USFS_Class3_benchmark_cycle
691.4,85.062000,8.000000,synthetic_USFS_Class3_benchmark_cycle
691.5,85.070000,8.000000,synthetic_USFS_Class3_benchmark_cycle
691.6,85.078000,8.000000,synthetic_USFS_Class3_benchmark_cycle
691.7,85.086000,8.000000,synthetic_USFS_Class3_benchmark_cycle
691.8,85.094000,8.000000,synthetic_USFS_Class3_benchmark_cycle
691.9,85.102000,8.000000,synthetic_USFS_Class3_benchmark_cycle
692.0,85.110000,8.000000,synthetic_USFS_Class3_benchmark_cycle
692.1,85.118000,8.000000,synthetic_USFS_Class3_benchmark_cycle
692.2,85.126000,8.000000,synthetic_USFS_Class3_benchmark_cycle
692.3,85.134000,8.000000,synthetic_USFS_Class3_benchmark_cycle
692.4,85.142000,8.000000,synthetic_USFS_Class3_benchmark_cycle
692.5,85.150000,8.000000,synthetic_USFS_Class3_benchmark_cycle
692.6,85.158000,8.000000,synthetic_USFS_Class3_benchmark_cycle
692.7,85.166000,8.000000,synthetic_USFS_Class3_benchmark_cycle
692.8,85.174000,8.000000,synthetic_USFS_Class3_benchmark_cycle
692.9,85.182000,8.000000,synthetic_USFS_Class3_benchmark_cycle
693.0,85.190000,8.000000,synthetic_USFS_Class3_benchmark_cycle
693.1,85.198000,8.000000,synthetic_USFS_Class3_benchmark_cycle
693.2,85.206000,8.000000,synthetic_USFS_Class3_benchmark_cycle
693.3,85.214000,8.000000,synthetic_USFS_Class3_benchmark_cycle
693.4,85.222000,8.000000,synthetic_USFS_Class3_benchmark_cycle
693.5,85.230000,8.000000,synthetic_USFS_Class3_benchmark_cycle
693.6,85.238000,8.000000,synthetic_USFS_Class3_benchmark_cycle
693.7,85.246000,8.000000,synthetic_USFS_Class3_benchmark_cycle
693.8,85.254000,8.000000,synthetic_USFS_Class3_benchmark_cycle
693.9,85.262000,8.000000,synthetic_USFS_Class3_benchmark_cycle
694.0,85.270000,8.000000,synthetic_USFS_Class3_benchmark_cycle
694.1,85.278000,8.000000,synthetic_USFS_Class3_benchmark_cycle
694.2,85.286000,8.000000,synthetic_USFS_Class3_benchmark_cycle
694.3,85.294000,8.000000,synthetic_USFS_Class3_benchmark_cycle
694.4,85.302000,8.000000,synthetic_USFS_Class3_benchmark_cycle
694.5,85.310000,8.000000,synthetic_USFS_Class3_benchmark_cycle
694.6,85.318000,8.000000,synthetic_USFS_Class3_benchmark_cycle
694.7,85.326000,8.000000,synthetic_USFS_Class3_benchmark_cycle
694.8,85.334000,8.000000,synthetic_USFS_Class3_benchmark_cycle
694.9,85.342000,8.000000,synthetic_USFS_Class3_benchmark_cycle
695.0,85.350000,8.000000,synthetic_USFS_Class3_benchmark_cycle
695.1,85.358000,8.000000,synthetic_USFS_Class3_benchmark_cycle
695.2,85.366000,8.000000,synthetic_USFS_Class3_benchmark_cycle
695.3,85.374000,8.000000,synthetic_USFS_Class3_benchmark_cycle
695.4,85.382000,8.000000,synthetic_USFS_Class3_benchmark_cycle
695.5,85.390000,8.000000,synthetic_USFS_Class3_benchmark_cycle
695.6,85.398000,8.000000,synthetic_USFS_Class3_benchmark_cycle
695.7,85.406000,8.000000,synthetic_USFS_Class3_benchmark_cycle
695.8,85.414000,8.000000,synthetic_USFS_Class3_benchmark_cycle
695.9,85.422000,8.000000,synthetic_USFS_Class3_benchmark_cycle
696.0,85.430000,8.000000,synthetic_USFS_Class3_benchmark_cycle
696.1,85.438000,8.000000,synthetic_USFS_Class3_benchmark_cycle
696.2,85.446000,8.000000,synthetic_USFS_Class3_benchmark_cycle
696.3,85.454000,8.000000,synthetic_USFS_Class3_benchmark_cycle
696.4,85.462000,8.000000,synthetic_USFS_Class3_benchmark_cycle
696.5,85.470000,8.000000,synthetic_USFS_Class3_benchmark_cycle
696.6,85.478000,8.000000,synthetic_USFS_Class3_benchmark_cycle
696.7,85.486000,8.000000,synthetic_USFS_Class3_benchmark_cycle
696.8,85.494000,8.000000,synthetic_USFS_Class3_benchmark_cycle
696.9,85.502000,8.000000,synthetic_USFS_Class3_benchmark_cycle
697.0,85.510000,8.000000,synthetic_USFS_Class3_benchmark_cycle
697.1,85.518000,8.000000,synthetic_USFS_Class3_benchmark_cycle
697.2,85.526000,8.000000,synthetic_USFS_Class3_benchmark_cycle
697.3,85.534000,8.000000,synthetic_USFS_Class3_benchmark_cycle
697.4,85.542000,8.000000,synthetic_USFS_Class3_benchmark_cycle
697.5,85.550000,8.000000,synthetic_USFS_Class3_benchmark_cycle
697.6,85.558000,8.000000,synthetic_USFS_Class3_benchmark_cycle
697.7,85.566000,8.000000,synthetic_USFS_Class3_benchmark_cycle
697.8,85.574000,8.000000,synthetic_USFS_Class3_benchmark_cycle
697.9,85.582000,8.000000,synthetic_USFS_Class3_benchmark_cycle
698.0,85.590000,8.000000,synthetic_USFS_Class3_benchmark_cycle
698.1,85.598000,8.000000,synthetic_USFS_Class3_benchmark_cycle
698.2,85.606000,8.000000,synthetic_USFS_Class3_benchmark_cycle
698.3,85.614000,8.000000,synthetic_USFS_Class3_benchmark_cycle
698.4,85.622000,8.000000,synthetic_USFS_Class3_benchmark_cycle
698.5,85.630000,8.000000,synthetic_USFS_Class3_benchmark_cycle
698.6,85.638000,8.000000,synthetic_USFS_Class3_benchmark_cycle
698.7,85.646000,8.000000,synthetic_USFS_Class3_benchmark_cycle
698.8,85.654000,8.000000,synthetic_USFS_Class3_benchmark_cycle
698.9,85.662000,8.000000,synthetic_USFS_Class3_benchmark_cycle
699.0,85.670000,8.000000,synthetic_USFS_Class3_benchmark_cycle
699.1,85.678000,8.000000,synthetic_USFS_Class3_benchmark_cycle
699.2,85.686000,8.000000,synthetic_USFS_Class3_benchmark_cycle
699.3,85.694000,8.000000,synthetic_USFS_Class3_benchmark_cycle
699.4,85.702000,8.000000,synthetic_USFS_Class3_benchmark_cycle
699.5,85.710000,8.000000,synthetic_USFS_Class3_benchmark_cycle
699.6,85.718000,8.000000,synthetic_USFS_Class3_benchmark_cycle
699.7,85.726000,8.000000,synthetic_USFS_Class3_benchmark_cycle
699.8,85.734000,8.000000,synthetic_USFS_Class3_benchmark_cycle
699.9,85.742000,8.000000,synthetic_USFS_Class3_benchmark_cycle
700.0,85.750000,8.000000,synthetic_USFS_Class3_benchmark_cycle
700.1,85.758000,8.000000,synthetic_USFS_Class3_benchmark_cycle
700.2,85.766000,8.000000,synthetic_USFS_Class3_benchmark_cycle
700.3,85.774000,8.000000,synthetic_USFS_Class3_benchmark_cycle
700.4,85.782000,8.000000,synthetic_USFS_Class3_benchmark_cycle
700.5,85.790000,8.000000,synthetic_USFS_Class3_benchmark_cycle
700.6,85.798000,8.000000,synthetic_USFS_Class3_benchmark_cycle
700.7,85.806000,8.000000,synthetic_USFS_Class3_benchmark_cycle
700.8,85.814000,8.000000,synthetic_USFS_Class3_benchmark_cycle
700.9,85.822000,8.000000,synthetic_USFS_Class3_benchmark_cycle
701.0,85.830000,8.000000,synthetic_USFS_Class3_benchmark_cycle
701.1,85.838000,8.000000,synthetic_USFS_Class3_benchmark_cycle
701.2,85.846000,8.000000,synthetic_USFS_Class3_benchmark_cycle
701.3,85.854000,8.000000,synthetic_USFS_Class3_benchmark_cycle
701.4,85.862000,8.000000,synthetic_USFS_Class3_benchmark_cycle
701.5,85.870000,8.000000,synthetic_USFS_Class3_benchmark_cycle
701.6,85.878000,8.000000,synthetic_USFS_Class3_benchmark_cycle
701.7,85.886000,8.000000,synthetic_USFS_Class3_benchmark_cycle
701.8,85.894000,8.000000,synthetic_USFS_Class3_benchmark_cycle
701.9,85.902000,8.000000,synthetic_USFS_Class3_benchmark_cycle
702.0,85.910000,8.000000,synthetic_USFS_Class3_benchmark_cycle
702.1,85.918000,8.000000,synthetic_USFS_Class3_benchmark_cycle
702.2,85.926000,8.000000,synthetic_USFS_Class3_benchmark_cycle
702.3,85.934000,8.000000,synthetic_USFS_Class3_benchmark_cycle
702.4,85.942000,8.000000,synthetic_USFS_Class3_benchmark_cycle
702.5,85.950000,8.000000,synthetic_USFS_Class3_benchmark_cycle
702.6,85.958000,8.000000,synthetic_USFS_Class3_benchmark_cycle
702.7,85.966000,8.000000,synthetic_USFS_Class3_benchmark_cycle
702.8,85.974000,8.000000,synthetic_USFS_Class3_benchmark_cycle
702.9,85.982000,8.000000,synthetic_USFS_Class3_benchmark_cycle
703.0,85.990000,8.000000,synthetic_USFS_Class3_benchmark_cycle
703.1,85.998000,8.000000,synthetic_USFS_Class3_benchmark_cycle
703.2,86.006000,8.000000,synthetic_USFS_Class3_benchmark_cycle
703.3,86.014000,8.000000,synthetic_USFS_Class3_benchmark_cycle
703.4,86.022000,8.000000,synthetic_USFS_Class3_benchmark_cycle
703.5,86.030000,8.000000,synthetic_USFS_Class3_benchmark_cycle
703.6,86.038000,8.000000,synthetic_USFS_Class3_benchmark_cycle
703.7,86.046000,8.000000,synthetic_USFS_Class3_benchmark_cycle
703.8,86.054000,8.000000,synthetic_USFS_Class3_benchmark_cycle
703.9,86.062000,8.000000,synthetic_USFS_Class3_benchmark_cycle
704.0,86.070000,8.000000,synthetic_USFS_Class3_benchmark_cycle
704.1,86.078000,8.000000,synthetic_USFS_Class3_benchmark_cycle
704.2,86.086000,8.000000,synthetic_USFS_Class3_benchmark_cycle
704.3,86.094000,8.000000,synthetic_USFS_Class3_benchmark_cycle
704.4,86.102000,8.000000,synthetic_USFS_Class3_benchmark_cycle
704.5,86.110000,8.000000,synthetic_USFS_Class3_benchmark_cycle
704.6,86.118000,8.000000,synthetic_USFS_Class3_benchmark_cycle
704.7,86.126000,8.000000,synthetic_USFS_Class3_benchmark_cycle
704.8,86.134000,8.000000,synthetic_USFS_Class3_benchmark_cycle
704.9,86.142000,8.000000,synthetic_USFS_Class3_benchmark_cycle
705.0,86.150000,8.000000,synthetic_USFS_Class3_benchmark_cycle
705.1,86.158000,8.000000,synthetic_USFS_Class3_benchmark_cycle
705.2,86.166000,8.000000,synthetic_USFS_Class3_benchmark_cycle
705.3,86.174000,8.000000,synthetic_USFS_Class3_benchmark_cycle
705.4,86.182000,8.000000,synthetic_USFS_Class3_benchmark_cycle
705.5,86.190000,8.000000,synthetic_USFS_Class3_benchmark_cycle
705.6,86.198000,8.000000,synthetic_USFS_Class3_benchmark_cycle
705.7,86.206000,8.000000,synthetic_USFS_Class3_benchmark_cycle
705.8,86.214000,8.000000,synthetic_USFS_Class3_benchmark_cycle
705.9,86.222000,8.000000,synthetic_USFS_Class3_benchmark_cycle
706.0,86.230000,8.000000,synthetic_USFS_Class3_benchmark_cycle
706.1,86.238000,8.000000,synthetic_USFS_Class3_benchmark_cycle
706.2,86.246000,8.000000,synthetic_USFS_Class3_benchmark_cycle
706.3,86.254000,8.000000,synthetic_USFS_Class3_benchmark_cycle
706.4,86.262000,8.000000,synthetic_USFS_Class3_benchmark_cycle
706.5,86.270000,8.000000,synthetic_USFS_Class3_benchmark_cycle
706.6,86.278000,8.000000,synthetic_USFS_Class3_benchmark_cycle
706.7,86.286000,8.000000,synthetic_USFS_Class3_benchmark_cycle
706.8,86.294000,8.000000,synthetic_USFS_Class3_benchmark_cycle
706.9,86.302000,8.000000,synthetic_USFS_Class3_benchmark_cycle
707.0,86.310000,8.000000,synthetic_USFS_Class3_benchmark_cycle
707.1,86.318000,8.000000,synthetic_USFS_Class3_benchmark_cycle
707.2,86.326000,8.000000,synthetic_USFS_Class3_benchmark_cycle
707.3,86.334000,8.000000,synthetic_USFS_Class3_benchmark_cycle
707.4,86.342000,8.000000,synthetic_USFS_Class3_benchmark_cycle
707.5,86.350000,8.000000,synthetic_USFS_Class3_benchmark_cycle
707.6,86.358000,8.000000,synthetic_USFS_Class3_benchmark_cycle
707.7,86.366000,8.000000,synthetic_USFS_Class3_benchmark_cycle
707.8,86.374000,8.000000,synthetic_USFS_Class3_benchmark_cycle
707.9,86.382000,8.000000,synthetic_USFS_Class3_benchmark_cycle
708.0,86.390000,8.000000,synthetic_USFS_Class3_benchmark_cycle
708.1,86.398000,8.000000,synthetic_USFS_Class3_benchmark_cycle
708.2,86.406000,8.000000,synthetic_USFS_Class3_benchmark_cycle
708.3,86.414000,8.000000,synthetic_USFS_Class3_benchmark_cycle
708.4,86.422000,8.000000,synthetic_USFS_Class3_benchmark_cycle
708.5,86.430000,8.000000,synthetic_USFS_Class3_benchmark_cycle
708.6,86.438000,8.000000,synthetic_USFS_Class3_benchmark_cycle
708.7,86.446000,8.000000,synthetic_USFS_Class3_benchmark_cycle
708.8,86.454000,8.000000,synthetic_USFS_Class3_benchmark_cycle
708.9,86.462000,8.000000,synthetic_USFS_Class3_benchmark_cycle
709.0,86.470000,8.000000,synthetic_USFS_Class3_benchmark_cycle
709.1,86.478000,8.000000,synthetic_USFS_Class3_benchmark_cycle
709.2,86.486000,8.000000,synthetic_USFS_Class3_benchmark_cycle
709.3,86.494000,8.000000,synthetic_USFS_Class3_benchmark_cycle
709.4,86.502000,8.000000,synthetic_USFS_Class3_benchmark_cycle
709.5,86.510000,8.000000,synthetic_USFS_Class3_benchmark_cycle
709.6,86.518000,8.000000,synthetic_USFS_Class3_benchmark_cycle
709.7,86.526000,8.000000,synthetic_USFS_Class3_benchmark_cycle
709.8,86.534000,8.000000,synthetic_USFS_Class3_benchmark_cycle
709.9,86.542000,8.000000,synthetic_USFS_Class3_benchmark_cycle
710.0,86.550000,8.000000,synthetic_USFS_Class3_benchmark_cycle
710.1,86.558000,8.000000,synthetic_USFS_Class3_benchmark_cycle
710.2,86.566000,8.000000,synthetic_USFS_Class3_benchmark_cycle
710.3,86.574000,8.000000,synthetic_USFS_Class3_benchmark_cycle
710.4,86.582000,8.000000,synthetic_USFS_Class3_benchmark_cycle
710.5,86.590000,8.000000,synthetic_USFS_Class3_benchmark_cycle
710.6,86.598000,8.000000,synthetic_USFS_Class3_benchmark_cycle
710.7,86.606000,8.000000,synthetic_USFS_Class3_benchmark_cycle
710.8,86.614000,8.000000,synthetic_USFS_Class3_benchmark_cycle
710.9,86.622000,8.000000,synthetic_USFS_Class3_benchmark_cycle
711.0,86.630000,8.000000,synthetic_USFS_Class3_benchmark_cycle
711.1,86.638000,8.000000,synthetic_USFS_Class3_benchmark_cycle
711.2,86.646000,8.000000,synthetic_USFS_Class3_benchmark_cycle
711.3,86.654000,8.000000,synthetic_USFS_Class3_benchmark_cycle
711.4,86.662000,8.000000,synthetic_USFS_Class3_benchmark_cycle
711.5,86.670000,8.000000,synthetic_USFS_Class3_benchmark_cycle
711.6,86.678000,8.000000,synthetic_USFS_Class3_benchmark_cycle
711.7,86.686000,8.000000,synthetic_USFS_Class3_benchmark_cycle
711.8,86.694000,8.000000,synthetic_USFS_Class3_benchmark_cycle
711.9,86.702000,8.000000,synthetic_USFS_Class3_benchmark_cycle
712.0,86.710000,8.000000,synthetic_USFS_Class3_benchmark_cycle
712.1,86.718000,8.000000,synthetic_USFS_Class3_benchmark_cycle
712.2,86.726000,8.000000,synthetic_USFS_Class3_benchmark_cycle
712.3,86.734000,8.000000,synthetic_USFS_Class3_benchmark_cycle
712.4,86.742000,8.000000,synthetic_USFS_Class3_benchmark_cycle
712.5,86.750000,8.000000,synthetic_USFS_Class3_benchmark_cycle
712.6,86.758000,8.000000,synthetic_USFS_Class3_benchmark_cycle
712.7,86.766000,8.000000,synthetic_USFS_Class3_benchmark_cycle
712.8,86.774000,8.000000,synthetic_USFS_Class3_benchmark_cycle
712.9,86.782000,8.000000,synthetic_USFS_Class3_benchmark_cycle
713.0,86.790000,8.000000,synthetic_USFS_Class3_benchmark_cycle
713.1,86.798000,8.000000,synthetic_USFS_Class3_benchmark_cycle
713.2,86.806000,8.000000,synthetic_USFS_Class3_benchmark_cycle
713.3,86.814000,8.000000,synthetic_USFS_Class3_benchmark_cycle
713.4,86.822000,8.000000,synthetic_USFS_Class3_benchmark_cycle
713.5,86.830000,8.000000,synthetic_USFS_Class3_benchmark_cycle
713.6,86.838000,8.000000,synthetic_USFS_Class3_benchmark_cycle
713.7,86.846000,8.000000,synthetic_USFS_Class3_benchmark_cycle
713.8,86.854000,8.000000,synthetic_USFS_Class3_benchmark_cycle
713.9,86.862000,8.000000,synthetic_USFS_Class3_benchmark_cycle
714.0,86.870000,8.000000,synthetic_USFS_Class3_benchmark_cycle
714.1,86.878000,8.000000,synthetic_USFS_Class3_benchmark_cycle
714.2,86.886000,8.000000,synthetic_USFS_Class3_benchmark_cycle
714.3,86.894000,8.000000,synthetic_USFS_Class3_benchmark_cycle
714.4,86.902000,8.000000,synthetic_USFS_Class3_benchmark_cycle
714.5,86.910000,8.000000,synthetic_USFS_Class3_benchmark_cycle
714.6,86.918000,8.000000,synthetic_USFS_Class3_benchmark_cycle
714.7,86.926000,8.000000,synthetic_USFS_Class3_benchmark_cycle
714.8,86.934000,8.000000,synthetic_USFS_Class3_benchmark_cycle
714.9,86.942000,8.000000,synthetic_USFS_Class3_benchmark_cycle
715.0,86.950000,8.000000,synthetic_USFS_Class3_benchmark_cycle
715.1,86.958000,8.000000,synthetic_USFS_Class3_benchmark_cycle
715.2,86.966000,8.000000,synthetic_USFS_Class3_benchmark_cycle
715.3,86.974000,8.000000,synthetic_USFS_Class3_benchmark_cycle
715.4,86.982000,8.000000,synthetic_USFS_Class3_benchmark_cycle
715.5,86.990000,8.000000,synthetic_USFS_Class3_benchmark_cycle
715.6,86.998000,8.000000,synthetic_USFS_Class3_benchmark_cycle
715.7,87.006000,8.000000,synthetic_USFS_Class3_benchmark_cycle
715.8,87.014000,8.000000,synthetic_USFS_Class3_benchmark_cycle
715.9,87.022000,8.000000,synthetic_USFS_Class3_benchmark_cycle
716.0,87.030000,8.000000,synthetic_USFS_Class3_benchmark_cycle
716.1,87.038000,8.000000,synthetic_USFS_Class3_benchmark_cycle
716.2,87.046000,8.000000,synthetic_USFS_Class3_benchmark_cycle
716.3,87.054000,8.000000,synthetic_USFS_Class3_benchmark_cycle
716.4,87.062000,8.000000,synthetic_USFS_Class3_benchmark_cycle
716.5,87.070000,8.000000,synthetic_USFS_Class3_benchmark_cycle
716.6,87.078000,8.000000,synthetic_USFS_Class3_benchmark_cycle
716.7,87.086000,8.000000,synthetic_USFS_Class3_benchmark_cycle
716.8,87.094000,8.000000,synthetic_USFS_Class3_benchmark_cycle
716.9,87.102000,8.000000,synthetic_USFS_Class3_benchmark_cycle
717.0,87.110000,8.000000,synthetic_USFS_Class3_benchmark_cycle
717.1,87.118000,8.000000,synthetic_USFS_Class3_benchmark_cycle
717.2,87.126000,8.000000,synthetic_USFS_Class3_benchmark_cycle
717.3,87.134000,8.000000,synthetic_USFS_Class3_benchmark_cycle
717.4,87.142000,8.000000,synthetic_USFS_Class3_benchmark_cycle
717.5,87.150000,8.000000,synthetic_USFS_Class3_benchmark_cycle
717.6,87.158000,8.000000,synthetic_USFS_Class3_benchmark_cycle
717.7,87.166000,8.000000,synthetic_USFS_Class3_benchmark_cycle
717.8,87.174000,8.000000,synthetic_USFS_Class3_benchmark_cycle
717.9,87.182000,8.000000,synthetic_USFS_Class3_benchmark_cycle
718.0,87.190000,8.000000,synthetic_USFS_Class3_benchmark_cycle
718.1,87.198000,8.000000,synthetic_USFS_Class3_benchmark_cycle
718.2,87.206000,8.000000,synthetic_USFS_Class3_benchmark_cycle
718.3,87.214000,8.000000,synthetic_USFS_Class3_benchmark_cycle
718.4,87.222000,8.000000,synthetic_USFS_Class3_benchmark_cycle
718.5,87.230000,8.000000,synthetic_USFS_Class3_benchmark_cycle
718.6,87.238000,8.000000,synthetic_USFS_Class3_benchmark_cycle
718.7,87.246000,8.000000,synthetic_USFS_Class3_benchmark_cycle
718.8,87.254000,8.000000,synthetic_USFS_Class3_benchmark_cycle
718.9,87.262000,8.000000,synthetic_USFS_Class3_benchmark_cycle
719.0,87.270000,8.000000,synthetic_USFS_Class3_benchmark_cycle
719.1,87.278000,8.000000,synthetic_USFS_Class3_benchmark_cycle
719.2,87.286000,8.000000,synthetic_USFS_Class3_benchmark_cycle
719.3,87.294000,8.000000,synthetic_USFS_Class3_benchmark_cycle
719.4,87.302000,8.000000,synthetic_USFS_Class3_benchmark_cycle
719.5,87.310000,8.000000,synthetic_USFS_Class3_benchmark_cycle
719.6,87.318000,8.000000,synthetic_USFS_Class3_benchmark_cycle
719.7,87.326000,8.000000,synthetic_USFS_Class3_benchmark_cycle
719.8,87.334000,8.000000,synthetic_USFS_Class3_benchmark_cycle
719.9,87.342000,8.000000,synthetic_USFS_Class3_benchmark_cycle
720.0,87.350000,8.000000,synthetic_USFS_Class3_benchmark_cycle
720.1,87.358000,8.000000,synthetic_USFS_Class3_benchmark_cycle
720.2,87.366000,8.000000,synthetic_USFS_Class3_benchmark_cycle
720.3,87.374000,8.000000,synthetic_USFS_Class3_benchmark_cycle
720.4,87.382000,8.000000,synthetic_USFS_Class3_benchmark_cycle
720.5,87.390000,8.000000,synthetic_USFS_Class3_benchmark_cycle
720.6,87.398000,8.000000,synthetic_USFS_Class3_benchmark_cycle
720.7,87.406000,8.000000,synthetic_USFS_Class3_benchmark_cycle
720.8,87.414000,8.000000,synthetic_USFS_Class3_benchmark_cycle
720.9,87.422000,8.000000,synthetic_USFS_Class3_benchmark_cycle
721.0,87.430000,8.000000,synthetic_USFS_Class3_benchmark_cycle
721.1,87.438000,8.000000,synthetic_USFS_Class3_benchmark_cycle
721.2,87.446000,8.000000,synthetic_USFS_Class3_benchmark_cycle
721.3,87.454000,8.000000,synthetic_USFS_Class3_benchmark_cycle
721.4,87.462000,8.000000,synthetic_USFS_Class3_benchmark_cycle
721.5,87.470000,8.000000,synthetic_USFS_Class3_benchmark_cycle
721.6,87.478000,8.000000,synthetic_USFS_Class3_benchmark_cycle
721.7,87.486000,8.000000,synthetic_USFS_Class3_benchmark_cycle
721.8,87.494000,8.000000,synthetic_USFS_Class3_benchmark_cycle
721.9,87.502000,8.000000,synthetic_USFS_Class3_benchmark_cycle
722.0,87.510000,8.000000,synthetic_USFS_Class3_benchmark_cycle
722.1,87.518000,8.000000,synthetic_USFS_Class3_benchmark_cycle
722.2,87.526000,8.000000,synthetic_USFS_Class3_benchmark_cycle
722.3,87.534000,8.000000,synthetic_USFS_Class3_benchmark_cycle
722.4,87.542000,8.000000,synthetic_USFS_Class3_benchmark_cycle
722.5,87.550000,8.000000,synthetic_USFS_Class3_benchmark_cycle
722.6,87.558000,8.000000,synthetic_USFS_Class3_benchmark_cycle
722.7,87.566000,8.000000,synthetic_USFS_Class3_benchmark_cycle
722.8,87.574000,8.000000,synthetic_USFS_Class3_benchmark_cycle
722.9,87.582000,8.000000,synthetic_USFS_Class3_benchmark_cycle
723.0,87.590000,8.000000,synthetic_USFS_Class3_benchmark_cycle
723.1,87.598000,8.000000,synthetic_USFS_Class3_benchmark_cycle
723.2,87.606000,8.000000,synthetic_USFS_Class3_benchmark_cycle
723.3,87.614000,8.000000,synthetic_USFS_Class3_benchmark_cycle
723.4,87.622000,8.000000,synthetic_USFS_Class3_benchmark_cycle
723.5,87.630000,8.000000,synthetic_USFS_Class3_benchmark_cycle
723.6,87.638000,8.000000,synthetic_USFS_Class3_benchmark_cycle
723.7,87.646000,8.000000,synthetic_USFS_Class3_benchmark_cycle
723.8,87.654000,8.000000,synthetic_USFS_Class3_benchmark_cycle
723.9,87.662000,8.000000,synthetic_USFS_Class3_benchmark_cycle
724.0,87.670000,8.000000,synthetic_USFS_Class3_benchmark_cycle
724.1,87.678000,8.000000,synthetic_USFS_Class3_benchmark_cycle
724.2,87.686000,8.000000,synthetic_USFS_Class3_benchmark_cycle
724.3,87.694000,8.000000,synthetic_USFS_Class3_benchmark_cycle
724.4,87.702000,8.000000,synthetic_USFS_Class3_benchmark_cycle
724.5,87.710000,8.000000,synthetic_USFS_Class3_benchmark_cycle
724.6,87.718000,8.000000,synthetic_USFS_Class3_benchmark_cycle
724.7,87.726000,8.000000,synthetic_USFS_Class3_benchmark_cycle
724.8,87.734000,8.000000,synthetic_USFS_Class3_benchmark_cycle
724.9,87.742000,8.000000,synthetic_USFS_Class3_benchmark_cycle
725.0,87.750000,8.000000,synthetic_USFS_Class3_benchmark_cycle
725.1,87.758000,8.000000,synthetic_USFS_Class3_benchmark_cycle
725.2,87.766000,8.000000,synthetic_USFS_Class3_benchmark_cycle
725.3,87.774000,8.000000,synthetic_USFS_Class3_benchmark_cycle
725.4,87.782000,8.000000,synthetic_USFS_Class3_benchmark_cycle
725.5,87.790000,8.000000,synthetic_USFS_Class3_benchmark_cycle
725.6,87.798000,8.000000,synthetic_USFS_Class3_benchmark_cycle
725.7,87.806000,8.000000,synthetic_USFS_Class3_benchmark_cycle
725.8,87.814000,8.000000,synthetic_USFS_Class3_benchmark_cycle
725.9,87.822000,8.000000,synthetic_USFS_Class3_benchmark_cycle
726.0,87.830000,8.000000,synthetic_USFS_Class3_benchmark_cycle
726.1,87.838000,8.000000,synthetic_USFS_Class3_benchmark_cycle
726.2,87.846000,8.000000,synthetic_USFS_Class3_benchmark_cycle
726.3,87.854000,8.000000,synthetic_USFS_Class3_benchmark_cycle
726.4,87.862000,8.000000,synthetic_USFS_Class3_benchmark_cycle
726.5,87.870000,8.000000,synthetic_USFS_Class3_benchmark_cycle
726.6,87.878000,8.000000,synthetic_USFS_Class3_benchmark_cycle
726.7,87.886000,8.000000,synthetic_USFS_Class3_benchmark_cycle
726.8,87.894000,8.000000,synthetic_USFS_Class3_benchmark_cycle
726.9,87.902000,8.000000,synthetic_USFS_Class3_benchmark_cycle
727.0,87.910000,8.000000,synthetic_USFS_Class3_benchmark_cycle
727.1,87.918000,8.000000,synthetic_USFS_Class3_benchmark_cycle
727.2,87.926000,8.000000,synthetic_USFS_Class3_benchmark_cycle
727.3,87.934000,8.000000,synthetic_USFS_Class3_benchmark_cycle
727.4,87.942000,8.000000,synthetic_USFS_Class3_benchmark_cycle
727.5,87.950000,8.000000,synthetic_USFS_Class3_benchmark_cycle
727.6,87.958000,8.000000,synthetic_USFS_Class3_benchmark_cycle
727.7,87.966000,8.000000,synthetic_USFS_Class3_benchmark_cycle
727.8,87.974000,8.000000,synthetic_USFS_Class3_benchmark_cycle
727.9,87.982000,8.000000,synthetic_USFS_Class3_benchmark_cycle
728.0,87.990000,8.000000,synthetic_USFS_Class3_benchmark_cycle
728.1,87.998000,8.000000,synthetic_USFS_Class3_benchmark_cycle
728.2,88.006000,8.000000,synthetic_USFS_Class3_benchmark_cycle
728.3,88.014000,8.000000,synthetic_USFS_Class3_benchmark_cycle
728.4,88.022000,8.000000,synthetic_USFS_Class3_benchmark_cycle
728.5,88.030000,8.000000,synthetic_USFS_Class3_benchmark_cycle
728.6,88.038000,8.000000,synthetic_USFS_Class3_benchmark_cycle
728.7,88.046000,8.000000,synthetic_USFS_Class3_benchmark_cycle
728.8,88.054000,8.000000,synthetic_USFS_Class3_benchmark_cycle
728.9,88.062000,8.000000,synthetic_USFS_Class3_benchmark_cycle
729.0,88.070000,8.000000,synthetic_USFS_Class3_benchmark_cycle
729.1,88.078000,8.000000,synthetic_USFS_Class3_benchmark_cycle
729.2,88.086000,8.000000,synthetic_USFS_Class3_benchmark_cycle
729.3,88.094000,8.000000,synthetic_USFS_Class3_benchmark_cycle
729.4,88.102000,8.000000,synthetic_USFS_Class3_benchmark_cycle
729.5,88.110000,8.000000,synthetic_USFS_Class3_benchmark_cycle
729.6,88.118000,8.000000,synthetic_USFS_Class3_benchmark_cycle
729.7,88.126000,8.000000,synthetic_USFS_Class3_benchmark_cycle
729.8,88.134000,8.000000,synthetic_USFS_Class3_benchmark_cycle
729.9,88.142000,8.000000,synthetic_USFS_Class3_benchmark_cycle
730.0,88.150000,8.000000,synthetic_USFS_Class3_benchmark_cycle
730.1,88.158000,8.000000,synthetic_USFS_Class3_benchmark_cycle
730.2,88.166000,8.000000,synthetic_USFS_Class3_benchmark_cycle
730.3,88.174000,8.000000,synthetic_USFS_Class3_benchmark_cycle
730.4,88.182000,8.000000,synthetic_USFS_Class3_benchmark_cycle
730.5,88.190000,8.000000,synthetic_USFS_Class3_benchmark_cycle
730.6,88.198000,8.000000,synthetic_USFS_Class3_benchmark_cycle
730.7,88.206000,8.000000,synthetic_USFS_Class3_benchmark_cycle
730.8,88.214000,8.000000,synthetic_USFS_Class3_benchmark_cycle
730.9,88.222000,8.000000,synthetic_USFS_Class3_benchmark_cycle
731.0,88.230000,8.000000,synthetic_USFS_Class3_benchmark_cycle
731.1,88.238000,8.000000,synthetic_USFS_Class3_benchmark_cycle
731.2,88.246000,8.000000,synthetic_USFS_Class3_benchmark_cycle
731.3,88.254000,8.000000,synthetic_USFS_Class3_benchmark_cycle
731.4,88.262000,8.000000,synthetic_USFS_Class3_benchmark_cycle
731.5,88.270000,8.000000,synthetic_USFS_Class3_benchmark_cycle
731.6,88.278000,8.000000,synthetic_USFS_Class3_benchmark_cycle
731.7,88.286000,8.000000,synthetic_USFS_Class3_benchmark_cycle
731.8,88.294000,8.000000,synthetic_USFS_Class3_benchmark_cycle
731.9,88.302000,8.000000,synthetic_USFS_Class3_benchmark_cycle
732.0,88.310000,8.000000,synthetic_USFS_Class3_benchmark_cycle
732.1,88.318000,8.000000,synthetic_USFS_Class3_benchmark_cycle
732.2,88.326000,8.000000,synthetic_USFS_Class3_benchmark_cycle
732.3,88.334000,8.000000,synthetic_USFS_Class3_benchmark_cycle
732.4,88.342000,8.000000,synthetic_USFS_Class3_benchmark_cycle
732.5,88.350000,8.000000,synthetic_USFS_Class3_benchmark_cycle
732.6,88.358000,8.000000,synthetic_USFS_Class3_benchmark_cycle
732.7,88.366000,8.000000,synthetic_USFS_Class3_benchmark_cycle
732.8,88.374000,8.000000,synthetic_USFS_Class3_benchmark_cycle
732.9,88.382000,8.000000,synthetic_USFS_Class3_benchmark_cycle
733.0,88.390000,8.000000,synthetic_USFS_Class3_benchmark_cycle
733.1,88.398000,8.000000,synthetic_USFS_Class3_benchmark_cycle
733.2,88.406000,8.000000,synthetic_USFS_Class3_benchmark_cycle
733.3,88.414000,8.000000,synthetic_USFS_Class3_benchmark_cycle
733.4,88.422000,8.000000,synthetic_USFS_Class3_benchmark_cycle
733.5,88.430000,8.000000,synthetic_USFS_Class3_benchmark_cycle
733.6,88.438000,8.000000,synthetic_USFS_Class3_benchmark_cycle
733.7,88.446000,8.000000,synthetic_USFS_Class3_benchmark_cycle
733.8,88.454000,8.000000,synthetic_USFS_Class3_benchmark_cycle
733.9,88.462000,8.000000,synthetic_USFS_Class3_benchmark_cycle
734.0,88.470000,8.000000,synthetic_USFS_Class3_benchmark_cycle
734.1,88.478000,8.000000,synthetic_USFS_Class3_benchmark_cycle
734.2,88.486000,8.000000,synthetic_USFS_Class3_benchmark_cycle
734.3,88.494000,8.000000,synthetic_USFS_Class3_benchmark_cycle
734.4,88.502000,8.000000,synthetic_USFS_Class3_benchmark_cycle
734.5,88.510000,8.000000,synthetic_USFS_Class3_benchmark_cycle
734.6,88.518000,8.000000,synthetic_USFS_Class3_benchmark_cycle
734.7,88.526000,8.000000,synthetic_USFS_Class3_benchmark_cycle
734.8,88.534000,8.000000,synthetic_USFS_Class3_benchmark_cycle
734.9,88.542000,8.000000,synthetic_USFS_Class3_benchmark_cycle
735.0,88.550000,8.000000,synthetic_USFS_Class3_benchmark_cycle
735.1,88.558000,8.000000,synthetic_USFS_Class3_benchmark_cycle
735.2,88.566000,8.000000,synthetic_USFS_Class3_benchmark_cycle
735.3,88.574000,8.000000,synthetic_USFS_Class3_benchmark_cycle
735.4,88.582000,8.000000,synthetic_USFS_Class3_benchmark_cycle
735.5,88.590000,8.000000,synthetic_USFS_Class3_benchmark_cycle
735.6,88.598000,8.000000,synthetic_USFS_Class3_benchmark_cycle
735.7,88.606000,8.000000,synthetic_USFS_Class3_benchmark_cycle
735.8,88.614000,8.000000,synthetic_USFS_Class3_benchmark_cycle
735.9,88.622000,8.000000,synthetic_USFS_Class3_benchmark_cycle
736.0,88.630000,8.000000,synthetic_USFS_Class3_benchmark_cycle
736.1,88.638000,8.000000,synthetic_USFS_Class3_benchmark_cycle
736.2,88.646000,8.000000,synthetic_USFS_Class3_benchmark_cycle
736.3,88.654000,8.000000,synthetic_USFS_Class3_benchmark_cycle
736.4,88.662000,8.000000,synthetic_USFS_Class3_benchmark_cycle
736.5,88.670000,8.000000,synthetic_USFS_Class3_benchmark_cycle
736.6,88.678000,8.000000,synthetic_USFS_Class3_benchmark_cycle
736.7,88.686000,8.000000,synthetic_USFS_Class3_benchmark_cycle
736.8,88.694000,8.000000,synthetic_USFS_Class3_benchmark_cycle
736.9,88.702000,8.000000,synthetic_USFS_Class3_benchmark_cycle
737.0,88.710000,8.000000,synthetic_USFS_Class3_benchmark_cycle
737.1,88.718000,8.000000,synthetic_USFS_Class3_benchmark_cycle
737.2,88.726000,8.000000,synthetic_USFS_Class3_benchmark_cycle
737.3,88.734000,8.000000,synthetic_USFS_Class3_benchmark_cycle
737.4,88.742000,8.000000,synthetic_USFS_Class3_benchmark_cycle
737.5,88.750000,8.000000,synthetic_USFS_Class3_benchmark_cycle
737.6,88.758000,8.000000,synthetic_USFS_Class3_benchmark_cycle
737.7,88.766000,8.000000,synthetic_USFS_Class3_benchmark_cycle
737.8,88.774000,8.000000,synthetic_USFS_Class3_benchmark_cycle
737.9,88.782000,8.000000,synthetic_USFS_Class3_benchmark_cycle
738.0,88.790000,8.000000,synthetic_USFS_Class3_benchmark_cycle
738.1,88.798000,8.000000,synthetic_USFS_Class3_benchmark_cycle
738.2,88.806000,8.000000,synthetic_USFS_Class3_benchmark_cycle
738.3,88.814000,8.000000,synthetic_USFS_Class3_benchmark_cycle
738.4,88.822000,8.000000,synthetic_USFS_Class3_benchmark_cycle
738.5,88.830000,8.000000,synthetic_USFS_Class3_benchmark_cycle
738.6,88.838000,8.000000,synthetic_USFS_Class3_benchmark_cycle
738.7,88.846000,8.000000,synthetic_USFS_Class3_benchmark_cycle
738.8,88.854000,8.000000,synthetic_USFS_Class3_benchmark_cycle
738.9,88.862000,8.000000,synthetic_USFS_Class3_benchmark_cycle
739.0,88.870000,8.000000,synthetic_USFS_Class3_benchmark_cycle
739.1,88.878000,8.000000,synthetic_USFS_Class3_benchmark_cycle
739.2,88.886000,8.000000,synthetic_USFS_Class3_benchmark_cycle
739.3,88.894000,8.000000,synthetic_USFS_Class3_benchmark_cycle
739.4,88.902000,8.000000,synthetic_USFS_Class3_benchmark_cycle
739.5,88.910000,8.000000,synthetic_USFS_Class3_benchmark_cycle
739.6,88.918000,8.000000,synthetic_USFS_Class3_benchmark_cycle
739.7,88.926000,8.000000,synthetic_USFS_Class3_benchmark_cycle
739.8,88.934000,8.000000,synthetic_USFS_Class3_benchmark_cycle
739.9,88.942000,8.000000,synthetic_USFS_Class3_benchmark_cycle
740.0,88.950000,8.000000,synthetic_USFS_Class3_benchmark_cycle
740.1,88.958008,8.016773,synthetic_USFS_Class3_benchmark_cycle
740.2,88.966050,8.067025,synthetic_USFS_Class3_benchmark_cycle
740.3,88.974159,8.150558,synthetic_USFS_Class3_benchmark_cycle
740.4,88.982368,8.267043,synthetic_USFS_Class3_benchmark_cycle
740.5,88.990709,8.416020,synthetic_USFS_Class3_benchmark_cycle
740.6,88.999216,8.596900,synthetic_USFS_Class3_benchmark_cycle
740.7,89.007919,8.808970,synthetic_USFS_Class3_benchmark_cycle
740.8,89.016849,9.051393,synthetic_USFS_Class3_benchmark_cycle
740.9,89.026036,9.323213,synthetic_USFS_Class3_benchmark_cycle
741.0,89.035510,9.623356,synthetic_USFS_Class3_benchmark_cycle
741.1,89.045297,9.950637,synthetic_USFS_Class3_benchmark_cycle
741.2,89.055424,10.303767,synthetic_USFS_Class3_benchmark_cycle
741.3,89.065916,10.681350,synthetic_USFS_Class3_benchmark_cycle
741.4,89.076798,11.081896,synthetic_USFS_Class3_benchmark_cycle
741.5,89.088091,11.503825,synthetic_USFS_Class3_benchmark_cycle
741.6,89.099815,11.945472,synthetic_USFS_Class3_benchmark_cycle
741.7,89.111991,12.405094,synthetic_USFS_Class3_benchmark_cycle
741.8,89.124634,12.880876,synthetic_USFS_Class3_benchmark_cycle
741.9,89.137760,13.370941,synthetic_USFS_Class3_benchmark_cycle
742.0,89.151382,13.873356,synthetic_USFS_Class3_benchmark_cycle
742.1,89.165512,14.386136,synthetic_USFS_Class3_benchmark_cycle
742.2,89.180158,14.907259,synthetic_USFS_Class3_benchmark_cycle
742.3,89.195329,15.434668,synthetic_USFS_Class3_benchmark_cycle
742.4,89.211030,15.966281,synthetic_USFS_Class3_benchmark_cycle
742.5,89.227263,16.500000,synthetic_USFS_Class3_benchmark_cycle
742.6,89.244030,17.033719,synthetic_USFS_Class3_benchmark_cycle
742.7,89.261329,17.565332,synthetic_USFS_Class3_benchmark_cycle
742.8,89.279158,18.092741,synthetic_USFS_Class3_benchmark_cycle
742.9,89.297512,18.613864,synthetic_USFS_Class3_benchmark_cycle
743.0,89.316382,19.126644,synthetic_USFS_Class3_benchmark_cycle
743.1,89.335760,19.629059,synthetic_USFS_Class3_benchmark_cycle
743.2,89.355634,20.119124,synthetic_USFS_Class3_benchmark_cycle
743.3,89.375991,20.594906,synthetic_USFS_Class3_benchmark_cycle
743.4,89.396815,21.054528,synthetic_USFS_Class3_benchmark_cycle
743.5,89.418091,21.496175,synthetic_USFS_Class3_benchmark_cycle
743.6,89.439798,21.918104,synthetic_USFS_Class3_benchmark_cycle
743.7,89.461916,22.318650,synthetic_USFS_Class3_benchmark_cycle
743.8,89.484424,22.696233,synthetic_USFS_Class3_benchmark_cycle
743.9,89.507297,23.049363,synthetic_USFS_Class3_benchmark_cycle
744.0,89.530510,23.376644,synthetic_USFS_Class3_benchmark_cycle
744.1,89.554036,23.676787,synthetic_USFS_Class3_benchmark_cycle
744.2,89.577849,23.948607,synthetic_USFS_Class3_benchmark_cycle
744.3,89.601919,24.191030,synthetic_USFS_Class3_benchmark_cycle
744.4,89.626216,24.403100,synthetic_USFS_Class3_benchmark_cycle
744.5,89.650709,24.583980,synthetic_USFS_Class3_benchmark_cycle
744.6,89.675368,24.732957,synthetic_USFS_Class3_benchmark_cycle
744.7,89.700159,24.849442,synthetic_USFS_Class3_benchmark_cycle
744.8,89.725050,24.932975,synthetic_USFS_Class3_benchmark_cycle
744.9,89.750008,24.983227,synthetic_USFS_Class3_benchmark_cycle
745.0,89.775000,25.000000,synthetic_USFS_Class3_benchmark_cycle
745.1,89.800000,25.000000,synthetic_USFS_Class3_benchmark_cycle
745.2,89.825000,25.000000,synthetic_USFS_Class3_benchmark_cycle
745.3,89.850000,25.000000,synthetic_USFS_Class3_benchmark_cycle
745.4,89.875000,25.000000,synthetic_USFS_Class3_benchmark_cycle
745.5,89.900000,25.000000,synthetic_USFS_Class3_benchmark_cycle
745.6,89.925000,25.000000,synthetic_USFS_Class3_benchmark_cycle
745.7,89.950000,25.000000,synthetic_USFS_Class3_benchmark_cycle
745.8,89.975000,25.000000,synthetic_USFS_Class3_benchmark_cycle
745.9,90.000000,25.000000,synthetic_USFS_Class3_benchmark_cycle
746.0,90.025000,25.000000,synthetic_USFS_Class3_benchmark_cycle
746.1,90.050000,25.000000,synthetic_USFS_Class3_benchmark_cycle
746.2,90.075000,25.000000,synthetic_USFS_Class3_benchmark_cycle
746.3,90.100000,25.000000,synthetic_USFS_Class3_benchmark_cycle
746.4,90.125000,25.000000,synthetic_USFS_Class3_benchmark_cycle
746.5,90.150000,25.000000,synthetic_USFS_Class3_benchmark_cycle
746.6,90.175000,25.000000,synthetic_USFS_Class3_benchmark_cycle
746.7,90.200000,25.000000,synthetic_USFS_Class3_benchmark_cycle
746.8,90.225000,25.000000,synthetic_USFS_Class3_benchmark_cycle
746.9,90.250000,25.000000,synthetic_USFS_Class3_benchmark_cycle
747.0,90.275000,25.000000,synthetic_USFS_Class3_benchmark_cycle
747.1,90.300000,25.000000,synthetic_USFS_Class3_benchmark_cycle
747.2,90.325000,25.000000,synthetic_USFS_Class3_benchmark_cycle
747.3,90.350000,25.000000,synthetic_USFS_Class3_benchmark_cycle
747.4,90.375000,25.000000,synthetic_USFS_Class3_benchmark_cycle
747.5,90.400000,25.000000,synthetic_USFS_Class3_benchmark_cycle
747.6,90.425000,25.000000,synthetic_USFS_Class3_benchmark_cycle
747.7,90.450000,25.000000,synthetic_USFS_Class3_benchmark_cycle
747.8,90.475000,25.000000,synthetic_USFS_Class3_benchmark_cycle
747.9,90.500000,25.000000,synthetic_USFS_Class3_benchmark_cycle
748.0,90.525000,25.000000,synthetic_USFS_Class3_benchmark_cycle
748.1,90.550000,25.000000,synthetic_USFS_Class3_benchmark_cycle
748.2,90.575000,25.000000,synthetic_USFS_Class3_benchmark_cycle
748.3,90.600000,25.000000,synthetic_USFS_Class3_benchmark_cycle
748.4,90.625000,25.000000,synthetic_USFS_Class3_benchmark_cycle
748.5,90.650000,25.000000,synthetic_USFS_Class3_benchmark_cycle
748.6,90.675000,25.000000,synthetic_USFS_Class3_benchmark_cycle
748.7,90.700000,25.000000,synthetic_USFS_Class3_benchmark_cycle
748.8,90.725000,25.000000,synthetic_USFS_Class3_benchmark_cycle
748.9,90.750000,25.000000,synthetic_USFS_Class3_benchmark_cycle
749.0,90.775000,25.000000,synthetic_USFS_Class3_benchmark_cycle
749.1,90.800000,25.000000,synthetic_USFS_Class3_benchmark_cycle
749.2,90.825000,25.000000,synthetic_USFS_Class3_benchmark_cycle
749.3,90.850000,25.000000,synthetic_USFS_Class3_benchmark_cycle
749.4,90.875000,25.000000,synthetic_USFS_Class3_benchmark_cycle
749.5,90.900000,25.000000,synthetic_USFS_Class3_benchmark_cycle
749.6,90.925000,25.000000,synthetic_USFS_Class3_benchmark_cycle
749.7,90.950000,25.000000,synthetic_USFS_Class3_benchmark_cycle
749.8,90.975000,25.000000,synthetic_USFS_Class3_benchmark_cycle
749.9,91.000000,25.000000,synthetic_USFS_Class3_benchmark_cycle
750.0,91.025000,25.000000,synthetic_USFS_Class3_benchmark_cycle
750.1,91.050000,25.000000,synthetic_USFS_Class3_benchmark_cycle
750.2,91.075000,25.000000,synthetic_USFS_Class3_benchmark_cycle
750.3,91.100000,25.000000,synthetic_USFS_Class3_benchmark_cycle
750.4,91.125000,25.000000,synthetic_USFS_Class3_benchmark_cycle
750.5,91.150000,25.000000,synthetic_USFS_Class3_benchmark_cycle
750.6,91.175000,25.000000,synthetic_USFS_Class3_benchmark_cycle
750.7,91.200000,25.000000,synthetic_USFS_Class3_benchmark_cycle
750.8,91.225000,25.000000,synthetic_USFS_Class3_benchmark_cycle
750.9,91.250000,25.000000,synthetic_USFS_Class3_benchmark_cycle
751.0,91.275000,25.000000,synthetic_USFS_Class3_benchmark_cycle
751.1,91.300000,25.000000,synthetic_USFS_Class3_benchmark_cycle
751.2,91.325000,25.000000,synthetic_USFS_Class3_benchmark_cycle
751.3,91.350000,25.000000,synthetic_USFS_Class3_benchmark_cycle
751.4,91.375000,25.000000,synthetic_USFS_Class3_benchmark_cycle
751.5,91.400000,25.000000,synthetic_USFS_Class3_benchmark_cycle
751.6,91.425000,25.000000,synthetic_USFS_Class3_benchmark_cycle
751.7,91.450000,25.000000,synthetic_USFS_Class3_benchmark_cycle
751.8,91.475000,25.000000,synthetic_USFS_Class3_benchmark_cycle
751.9,91.500000,25.000000,synthetic_USFS_Class3_benchmark_cycle
752.0,91.525000,25.000000,synthetic_USFS_Class3_benchmark_cycle
752.1,91.550000,25.000000,synthetic_USFS_Class3_benchmark_cycle
752.2,91.575000,25.000000,synthetic_USFS_Class3_benchmark_cycle
752.3,91.600000,25.000000,synthetic_USFS_Class3_benchmark_cycle
752.4,91.625000,25.000000,synthetic_USFS_Class3_benchmark_cycle
752.5,91.650000,25.000000,synthetic_USFS_Class3_benchmark_cycle
752.6,91.675000,25.000000,synthetic_USFS_Class3_benchmark_cycle
752.7,91.700000,25.000000,synthetic_USFS_Class3_benchmark_cycle
752.8,91.725000,25.000000,synthetic_USFS_Class3_benchmark_cycle
752.9,91.750000,25.000000,synthetic_USFS_Class3_benchmark_cycle
753.0,91.775000,25.000000,synthetic_USFS_Class3_benchmark_cycle
753.1,91.800000,25.000000,synthetic_USFS_Class3_benchmark_cycle
753.2,91.825000,25.000000,synthetic_USFS_Class3_benchmark_cycle
753.3,91.850000,25.000000,synthetic_USFS_Class3_benchmark_cycle
753.4,91.875000,25.000000,synthetic_USFS_Class3_benchmark_cycle
753.5,91.900000,25.000000,synthetic_USFS_Class3_benchmark_cycle
753.6,91.925000,25.000000,synthetic_USFS_Class3_benchmark_cycle
753.7,91.950000,25.000000,synthetic_USFS_Class3_benchmark_cycle
753.8,91.975000,25.000000,synthetic_USFS_Class3_benchmark_cycle
753.9,92.000000,25.000000,synthetic_USFS_Class3_benchmark_cycle
754.0,92.025000,25.000000,synthetic_USFS_Class3_benchmark_cycle
754.1,92.050000,25.000000,synthetic_USFS_Class3_benchmark_cycle
754.2,92.075000,25.000000,synthetic_USFS_Class3_benchmark_cycle
754.3,92.100000,25.000000,synthetic_USFS_Class3_benchmark_cycle
754.4,92.125000,25.000000,synthetic_USFS_Class3_benchmark_cycle
754.5,92.150000,25.000000,synthetic_USFS_Class3_benchmark_cycle
754.6,92.175000,25.000000,synthetic_USFS_Class3_benchmark_cycle
754.7,92.200000,25.000000,synthetic_USFS_Class3_benchmark_cycle
754.8,92.225000,25.000000,synthetic_USFS_Class3_benchmark_cycle
754.9,92.250000,25.000000,synthetic_USFS_Class3_benchmark_cycle
755.0,92.275000,25.000000,synthetic_USFS_Class3_benchmark_cycle
755.1,92.300000,25.000000,synthetic_USFS_Class3_benchmark_cycle
755.2,92.325000,25.000000,synthetic_USFS_Class3_benchmark_cycle
755.3,92.350000,25.000000,synthetic_USFS_Class3_benchmark_cycle
755.4,92.375000,25.000000,synthetic_USFS_Class3_benchmark_cycle
755.5,92.400000,25.000000,synthetic_USFS_Class3_benchmark_cycle
755.6,92.425000,25.000000,synthetic_USFS_Class3_benchmark_cycle
755.7,92.450000,25.000000,synthetic_USFS_Class3_benchmark_cycle
755.8,92.475000,25.000000,synthetic_USFS_Class3_benchmark_cycle
755.9,92.500000,25.000000,synthetic_USFS_Class3_benchmark_cycle
756.0,92.525000,25.000000,synthetic_USFS_Class3_benchmark_cycle
756.1,92.550000,25.000000,synthetic_USFS_Class3_benchmark_cycle
756.2,92.575000,25.000000,synthetic_USFS_Class3_benchmark_cycle
756.3,92.600000,25.000000,synthetic_USFS_Class3_benchmark_cycle
756.4,92.625000,25.000000,synthetic_USFS_Class3_benchmark_cycle
756.5,92.650000,25.000000,synthetic_USFS_Class3_benchmark_cycle
756.6,92.675000,25.000000,synthetic_USFS_Class3_benchmark_cycle
756.7,92.700000,25.000000,synthetic_USFS_Class3_benchmark_cycle
756.8,92.725000,25.000000,synthetic_USFS_Class3_benchmark_cycle
756.9,92.750000,25.000000,synthetic_USFS_Class3_benchmark_cycle
757.0,92.775000,25.000000,synthetic_USFS_Class3_benchmark_cycle
757.1,92.800000,25.000000,synthetic_USFS_Class3_benchmark_cycle
757.2,92.825000,25.000000,synthetic_USFS_Class3_benchmark_cycle
757.3,92.850000,25.000000,synthetic_USFS_Class3_benchmark_cycle
757.4,92.875000,25.000000,synthetic_USFS_Class3_benchmark_cycle
757.5,92.900000,25.000000,synthetic_USFS_Class3_benchmark_cycle
757.6,92.925000,25.000000,synthetic_USFS_Class3_benchmark_cycle
757.7,92.950000,25.000000,synthetic_USFS_Class3_benchmark_cycle
757.8,92.975000,25.000000,synthetic_USFS_Class3_benchmark_cycle
757.9,93.000000,25.000000,synthetic_USFS_Class3_benchmark_cycle
758.0,93.025000,25.000000,synthetic_USFS_Class3_benchmark_cycle
758.1,93.050000,25.000000,synthetic_USFS_Class3_benchmark_cycle
758.2,93.075000,25.000000,synthetic_USFS_Class3_benchmark_cycle
758.3,93.100000,25.000000,synthetic_USFS_Class3_benchmark_cycle
758.4,93.125000,25.000000,synthetic_USFS_Class3_benchmark_cycle
758.5,93.150000,25.000000,synthetic_USFS_Class3_benchmark_cycle
758.6,93.175000,25.000000,synthetic_USFS_Class3_benchmark_cycle
758.7,93.200000,25.000000,synthetic_USFS_Class3_benchmark_cycle
758.8,93.225000,25.000000,synthetic_USFS_Class3_benchmark_cycle
758.9,93.250000,25.000000,synthetic_USFS_Class3_benchmark_cycle
759.0,93.275000,25.000000,synthetic_USFS_Class3_benchmark_cycle
759.1,93.300000,25.000000,synthetic_USFS_Class3_benchmark_cycle
759.2,93.325000,25.000000,synthetic_USFS_Class3_benchmark_cycle
759.3,93.350000,25.000000,synthetic_USFS_Class3_benchmark_cycle
759.4,93.375000,25.000000,synthetic_USFS_Class3_benchmark_cycle
759.5,93.400000,25.000000,synthetic_USFS_Class3_benchmark_cycle
759.6,93.425000,25.000000,synthetic_USFS_Class3_benchmark_cycle
759.7,93.450000,25.000000,synthetic_USFS_Class3_benchmark_cycle
759.8,93.475000,25.000000,synthetic_USFS_Class3_benchmark_cycle
759.9,93.500000,25.000000,synthetic_USFS_Class3_benchmark_cycle
760.0,93.525000,25.000000,synthetic_USFS_Class3_benchmark_cycle
760.1,93.550000,25.000000,synthetic_USFS_Class3_benchmark_cycle
760.2,93.575000,25.000000,synthetic_USFS_Class3_benchmark_cycle
760.3,93.600000,25.000000,synthetic_USFS_Class3_benchmark_cycle
760.4,93.625000,25.000000,synthetic_USFS_Class3_benchmark_cycle
760.5,93.650000,25.000000,synthetic_USFS_Class3_benchmark_cycle
760.6,93.675000,25.000000,synthetic_USFS_Class3_benchmark_cycle
760.7,93.700000,25.000000,synthetic_USFS_Class3_benchmark_cycle
760.8,93.725000,25.000000,synthetic_USFS_Class3_benchmark_cycle
760.9,93.750000,25.000000,synthetic_USFS_Class3_benchmark_cycle
761.0,93.775000,25.000000,synthetic_USFS_Class3_benchmark_cycle
761.1,93.800000,25.000000,synthetic_USFS_Class3_benchmark_cycle
761.2,93.825000,25.000000,synthetic_USFS_Class3_benchmark_cycle
761.3,93.850000,25.000000,synthetic_USFS_Class3_benchmark_cycle
761.4,93.875000,25.000000,synthetic_USFS_Class3_benchmark_cycle
761.5,93.900000,25.000000,synthetic_USFS_Class3_benchmark_cycle
761.6,93.925000,25.000000,synthetic_USFS_Class3_benchmark_cycle
761.7,93.950000,25.000000,synthetic_USFS_Class3_benchmark_cycle
761.8,93.975000,25.000000,synthetic_USFS_Class3_benchmark_cycle
761.9,94.000000,25.000000,synthetic_USFS_Class3_benchmark_cycle
762.0,94.025000,25.000000,synthetic_USFS_Class3_benchmark_cycle
762.1,94.050000,25.000000,synthetic_USFS_Class3_benchmark_cycle
762.2,94.075000,25.000000,synthetic_USFS_Class3_benchmark_cycle
762.3,94.100000,25.000000,synthetic_USFS_Class3_benchmark_cycle
762.4,94.125000,25.000000,synthetic_USFS_Class3_benchmark_cycle
762.5,94.150000,25.000000,synthetic_USFS_Class3_benchmark_cycle
762.6,94.175000,25.000000,synthetic_USFS_Class3_benchmark_cycle
762.7,94.200000,25.000000,synthetic_USFS_Class3_benchmark_cycle
762.8,94.225000,25.000000,synthetic_USFS_Class3_benchmark_cycle
762.9,94.250000,25.000000,synthetic_USFS_Class3_benchmark_cycle
763.0,94.275000,25.000000,synthetic_USFS_Class3_benchmark_cycle
763.1,94.300000,25.000000,synthetic_USFS_Class3_benchmark_cycle
763.2,94.325000,25.000000,synthetic_USFS_Class3_benchmark_cycle
763.3,94.350000,25.000000,synthetic_USFS_Class3_benchmark_cycle
763.4,94.375000,25.000000,synthetic_USFS_Class3_benchmark_cycle
763.5,94.400000,25.000000,synthetic_USFS_Class3_benchmark_cycle
763.6,94.425000,25.000000,synthetic_USFS_Class3_benchmark_cycle
763.7,94.450000,25.000000,synthetic_USFS_Class3_benchmark_cycle
763.8,94.475000,25.000000,synthetic_USFS_Class3_benchmark_cycle
763.9,94.500000,25.000000,synthetic_USFS_Class3_benchmark_cycle
764.0,94.525000,25.000000,synthetic_USFS_Class3_benchmark_cycle
764.1,94.550000,25.000000,synthetic_USFS_Class3_benchmark_cycle
764.2,94.575000,25.000000,synthetic_USFS_Class3_benchmark_cycle
764.3,94.600000,25.000000,synthetic_USFS_Class3_benchmark_cycle
764.4,94.625000,25.000000,synthetic_USFS_Class3_benchmark_cycle
764.5,94.650000,25.000000,synthetic_USFS_Class3_benchmark_cycle
764.6,94.675000,25.000000,synthetic_USFS_Class3_benchmark_cycle
764.7,94.700000,25.000000,synthetic_USFS_Class3_benchmark_cycle
764.8,94.725000,25.000000,synthetic_USFS_Class3_benchmark_cycle
764.9,94.750000,25.000000,synthetic_USFS_Class3_benchmark_cycle
765.0,94.775000,25.000000,synthetic_USFS_Class3_benchmark_cycle
765.1,94.799992,24.983227,synthetic_USFS_Class3_benchmark_cycle
765.2,94.824950,24.932975,synthetic_USFS_Class3_benchmark_cycle
765.3,94.849841,24.849442,synthetic_USFS_Class3_benchmark_cycle
765.4,94.874632,24.732957,synthetic_USFS_Class3_benchmark_cycle
765.5,94.899291,24.583980,synthetic_USFS_Class3_benchmark_cycle
765.6,94.923784,24.403100,synthetic_USFS_Class3_benchmark_cycle
765.7,94.948081,24.191030,synthetic_USFS_Class3_benchmark_cycle
765.8,94.972151,23.948607,synthetic_USFS_Class3_benchmark_cycle
765.9,94.995964,23.676787,synthetic_USFS_Class3_benchmark_cycle
766.0,95.019490,23.376644,synthetic_USFS_Class3_benchmark_cycle
766.1,95.042703,23.049363,synthetic_USFS_Class3_benchmark_cycle
766.2,95.065576,22.696233,synthetic_USFS_Class3_benchmark_cycle
766.3,95.088084,22.318650,synthetic_USFS_Class3_benchmark_cycle
766.4,95.110202,21.918104,synthetic_USFS_Class3_benchmark_cycle
766.5,95.131909,21.496175,synthetic_USFS_Class3_benchmark_cycle
766.6,95.153185,21.054528,synthetic_USFS_Class3_benchmark_cycle
766.7,95.174009,20.594906,synthetic_USFS_Class3_benchmark_cycle
766.8,95.194366,20.119124,synthetic_USFS_Class3_benchmark_cycle
766.9,95.214240,19.629059,synthetic_USFS_Class3_benchmark_cycle
767.0,95.233618,19.126644,synthetic_USFS_Class3_benchmark_cycle
767.1,95.252488,18.613864,synthetic_USFS_Class3_benchmark_cycle
767.2,95.270842,18.092741,synthetic_USFS_Class3_benchmark_cycle
767.3,95.288671,17.565332,synthetic_USFS_Class3_benchmark_cycle
767.4,95.305970,17.033719,synthetic_USFS_Class3_benchmark_cycle
767.5,95.322737,16.500000,synthetic_USFS_Class3_benchmark_cycle
767.6,95.338970,15.966281,synthetic_USFS_Class3_benchmark_cycle
767.7,95.354671,15.434668,synthetic_USFS_Class3_benchmark_cycle
767.8,95.369842,14.907259,synthetic_USFS_Class3_benchmark_cycle
767.9,95.384488,14.386136,synthetic_USFS_Class3_benchmark_cycle
768.0,95.398618,13.873356,synthetic_USFS_Class3_benchmark_cycle
768.1,95.412240,13.370941,synthetic_USFS_Class3_benchmark_cycle
768.2,95.425366,12.880876,synthetic_USFS_Class3_benchmark_cycle
768.3,95.438009,12.405094,synthetic_USFS_Class3_benchmark_cycle
768.4,95.450185,11.945472,synthetic_USFS_Class3_benchmark_cycle
768.5,95.461909,11.503825,synthetic_USFS_Class3_benchmark_cycle
768.6,95.473202,11.081896,synthetic_USFS_Class3_benchmark_cycle
768.7,95.484084,10.681350,synthetic_USFS_Class3_benchmark_cycle
768.8,95.494576,10.303767,synthetic_USFS_Class3_benchmark_cycle
768.9,95.504703,9.950637,synthetic_USFS_Class3_benchmark_cycle
769.0,95.514490,9.623356,synthetic_USFS_Class3_benchmark_cycle
769.1,95.523964,9.323213,synthetic_USFS_Class3_benchmark_cycle
769.2,95.533151,9.051393,synthetic_USFS_Class3_benchmark_cycle
769.3,95.542081,8.808970,synthetic_USFS_Class3_benchmark_cycle
769.4,95.550784,8.596900,synthetic_USFS_Class3_benchmark_cycle
769.5,95.559291,8.416020,synthetic_USFS_Class3_benchmark_cycle
769.6,95.567632,8.267043,synthetic_USFS_Class3_benchmark_cycle
769.7,95.575841,8.150558,synthetic_USFS_Class3_benchmark_cycle
769.8,95.583950,8.067025,synthetic_USFS_Class3_benchmark_cycle
769.9,95.591992,8.016773,synthetic_USFS_Class3_benchmark_cycle
770.0,95.600000,8.000000,synthetic_USFS_Class3_benchmark_cycle
770.1,95.608000,8.000000,synthetic_USFS_Class3_benchmark_cycle
770.2,95.616000,8.000000,synthetic_USFS_Class3_benchmark_cycle
770.3,95.624000,8.000000,synthetic_USFS_Class3_benchmark_cycle
770.4,95.632000,8.000000,synthetic_USFS_Class3_benchmark_cycle
770.5,95.640000,8.000000,synthetic_USFS_Class3_benchmark_cycle
770.6,95.648000,8.000000,synthetic_USFS_Class3_benchmark_cycle
770.7,95.656000,8.000000,synthetic_USFS_Class3_benchmark_cycle
770.8,95.664000,8.000000,synthetic_USFS_Class3_benchmark_cycle
770.9,95.672000,8.000000,synthetic_USFS_Class3_benchmark_cycle
771.0,95.680000,8.000000,synthetic_USFS_Class3_benchmark_cycle
771.1,95.688000,8.000000,synthetic_USFS_Class3_benchmark_cycle
771.2,95.696000,8.000000,synthetic_USFS_Class3_benchmark_cycle
771.3,95.704000,8.000000,synthetic_USFS_Class3_benchmark_cycle
771.4,95.712000,8.000000,synthetic_USFS_Class3_benchmark_cycle
771.5,95.720000,8.000000,synthetic_USFS_Class3_benchmark_cycle
771.6,95.728000,8.000000,synthetic_USFS_Class3_benchmark_cycle
771.7,95.736000,8.000000,synthetic_USFS_Class3_benchmark_cycle
771.8,95.744000,8.000000,synthetic_USFS_Class3_benchmark_cycle
771.9,95.752000,8.000000,synthetic_USFS_Class3_benchmark_cycle
772.0,95.760000,8.000000,synthetic_USFS_Class3_benchmark_cycle
772.1,95.768000,8.000000,synthetic_USFS_Class3_benchmark_cycle
772.2,95.776000,8.000000,synthetic_USFS_Class3_benchmark_cycle
772.3,95.784000,8.000000,synthetic_USFS_Class3_benchmark_cycle
772.4,95.792000,8.000000,synthetic_USFS_Class3_benchmark_cycle
772.5,95.800000,8.000000,synthetic_USFS_Class3_benchmark_cycle
772.6,95.808000,8.000000,synthetic_USFS_Class3_benchmark_cycle
772.7,95.816000,8.000000,synthetic_USFS_Class3_benchmark_cycle
772.8,95.824000,8.000000,synthetic_USFS_Class3_benchmark_cycle
772.9,95.832000,8.000000,synthetic_USFS_Class3_benchmark_cycle
773.0,95.840000,8.000000,synthetic_USFS_Class3_benchmark_cycle
773.1,95.848000,8.000000,synthetic_USFS_Class3_benchmark_cycle
773.2,95.856000,8.000000,synthetic_USFS_Class3_benchmark_cycle
773.3,95.864000,8.000000,synthetic_USFS_Class3_benchmark_cycle
773.4,95.872000,8.000000,synthetic_USFS_Class3_benchmark_cycle
773.5,95.880000,8.000000,synthetic_USFS_Class3_benchmark_cycle
773.6,95.888000,8.000000,synthetic_USFS_Class3_benchmark_cycle
773.7,95.896000,8.000000,synthetic_USFS_Class3_benchmark_cycle
773.8,95.904000,8.000000,synthetic_USFS_Class3_benchmark_cycle
773.9,95.912000,8.000000,synthetic_USFS_Class3_benchmark_cycle
774.0,95.920000,8.000000,synthetic_USFS_Class3_benchmark_cycle
774.1,95.928000,8.000000,synthetic_USFS_Class3_benchmark_cycle
774.2,95.936000,8.000000,synthetic_USFS_Class3_benchmark_cycle
774.3,95.944000,8.000000,synthetic_USFS_Class3_benchmark_cycle
774.4,95.952000,8.000000,synthetic_USFS_Class3_benchmark_cycle
774.5,95.960000,8.000000,synthetic_USFS_Class3_benchmark_cycle
774.6,95.968000,8.000000,synthetic_USFS_Class3_benchmark_cycle
774.7,95.976000,8.000000,synthetic_USFS_Class3_benchmark_cycle
774.8,95.984000,8.000000,synthetic_USFS_Class3_benchmark_cycle
774.9,95.992000,8.000000,synthetic_USFS_Class3_benchmark_cycle
775.0,96.000000,8.000000,synthetic_USFS_Class3_benchmark_cycle
775.1,96.008000,8.000000,synthetic_USFS_Class3_benchmark_cycle
775.2,96.016000,8.000000,synthetic_USFS_Class3_benchmark_cycle
775.3,96.024000,8.000000,synthetic_USFS_Class3_benchmark_cycle
775.4,96.032000,8.000000,synthetic_USFS_Class3_benchmark_cycle
775.5,96.040000,8.000000,synthetic_USFS_Class3_benchmark_cycle
775.6,96.048000,8.000000,synthetic_USFS_Class3_benchmark_cycle
775.7,96.056000,8.000000,synthetic_USFS_Class3_benchmark_cycle
775.8,96.064000,8.000000,synthetic_USFS_Class3_benchmark_cycle
775.9,96.072000,8.000000,synthetic_USFS_Class3_benchmark_cycle
776.0,96.080000,8.000000,synthetic_USFS_Class3_benchmark_cycle
776.1,96.088000,8.000000,synthetic_USFS_Class3_benchmark_cycle
776.2,96.096000,8.000000,synthetic_USFS_Class3_benchmark_cycle
776.3,96.104000,8.000000,synthetic_USFS_Class3_benchmark_cycle
776.4,96.112000,8.000000,synthetic_USFS_Class3_benchmark_cycle
776.5,96.120000,8.000000,synthetic_USFS_Class3_benchmark_cycle
776.6,96.128000,8.000000,synthetic_USFS_Class3_benchmark_cycle
776.7,96.136000,8.000000,synthetic_USFS_Class3_benchmark_cycle
776.8,96.144000,8.000000,synthetic_USFS_Class3_benchmark_cycle
776.9,96.152000,8.000000,synthetic_USFS_Class3_benchmark_cycle
777.0,96.160000,8.000000,synthetic_USFS_Class3_benchmark_cycle
777.1,96.168000,8.000000,synthetic_USFS_Class3_benchmark_cycle
777.2,96.176000,8.000000,synthetic_USFS_Class3_benchmark_cycle
777.3,96.184000,8.000000,synthetic_USFS_Class3_benchmark_cycle
777.4,96.192000,8.000000,synthetic_USFS_Class3_benchmark_cycle
777.5,96.200000,8.000000,synthetic_USFS_Class3_benchmark_cycle
777.6,96.208000,8.000000,synthetic_USFS_Class3_benchmark_cycle
777.7,96.216000,8.000000,synthetic_USFS_Class3_benchmark_cycle
777.8,96.224000,8.000000,synthetic_USFS_Class3_benchmark_cycle
777.9,96.232000,8.000000,synthetic_USFS_Class3_benchmark_cycle
778.0,96.240000,8.000000,synthetic_USFS_Class3_benchmark_cycle
778.1,96.248000,8.000000,synthetic_USFS_Class3_benchmark_cycle
778.2,96.256000,8.000000,synthetic_USFS_Class3_benchmark_cycle
778.3,96.264000,8.000000,synthetic_USFS_Class3_benchmark_cycle
778.4,96.272000,8.000000,synthetic_USFS_Class3_benchmark_cycle
778.5,96.280000,8.000000,synthetic_USFS_Class3_benchmark_cycle
778.6,96.288000,8.000000,synthetic_USFS_Class3_benchmark_cycle
778.7,96.296000,8.000000,synthetic_USFS_Class3_benchmark_cycle
778.8,96.304000,8.000000,synthetic_USFS_Class3_benchmark_cycle
778.9,96.312000,8.000000,synthetic_USFS_Class3_benchmark_cycle
779.0,96.320000,8.000000,synthetic_USFS_Class3_benchmark_cycle
779.1,96.328000,8.000000,synthetic_USFS_Class3_benchmark_cycle
779.2,96.336000,8.000000,synthetic_USFS_Class3_benchmark_cycle
779.3,96.344000,8.000000,synthetic_USFS_Class3_benchmark_cycle
779.4,96.352000,8.000000,synthetic_USFS_Class3_benchmark_cycle
779.5,96.360000,8.000000,synthetic_USFS_Class3_benchmark_cycle
779.6,96.368000,8.000000,synthetic_USFS_Class3_benchmark_cycle
779.7,96.376000,8.000000,synthetic_USFS_Class3_benchmark_cycle
779.8,96.384000,8.000000,synthetic_USFS_Class3_benchmark_cycle
779.9,96.392000,8.000000,synthetic_USFS_Class3_benchmark_cycle
780.0,96.400000,8.000000,synthetic_USFS_Class3_benchmark_cycle
780.1,96.408000,8.000000,synthetic_USFS_Class3_benchmark_cycle
780.2,96.416000,8.000000,synthetic_USFS_Class3_benchmark_cycle
780.3,96.424000,8.000000,synthetic_USFS_Class3_benchmark_cycle
780.4,96.432000,8.000000,synthetic_USFS_Class3_benchmark_cycle
780.5,96.440000,8.000000,synthetic_USFS_Class3_benchmark_cycle
780.6,96.448000,8.000000,synthetic_USFS_Class3_benchmark_cycle
780.7,96.456000,8.000000,synthetic_USFS_Class3_benchmark_cycle
780.8,96.464000,8.000000,synthetic_USFS_Class3_benchmark_cycle
780.9,96.472000,8.000000,synthetic_USFS_Class3_benchmark_cycle
781.0,96.480000,8.000000,synthetic_USFS_Class3_benchmark_cycle
781.1,96.488000,8.000000,synthetic_USFS_Class3_benchmark_cycle
781.2,96.496000,8.000000,synthetic_USFS_Class3_benchmark_cycle
781.3,96.504000,8.000000,synthetic_USFS_Class3_benchmark_cycle
781.4,96.512000,8.000000,synthetic_USFS_Class3_benchmark_cycle
781.5,96.520000,8.000000,synthetic_USFS_Class3_benchmark_cycle
781.6,96.528000,8.000000,synthetic_USFS_Class3_benchmark_cycle
781.7,96.536000,8.000000,synthetic_USFS_Class3_benchmark_cycle
781.8,96.544000,8.000000,synthetic_USFS_Class3_benchmark_cycle
781.9,96.552000,8.000000,synthetic_USFS_Class3_benchmark_cycle
782.0,96.560000,8.000000,synthetic_USFS_Class3_benchmark_cycle
782.1,96.568000,8.000000,synthetic_USFS_Class3_benchmark_cycle
782.2,96.576000,8.000000,synthetic_USFS_Class3_benchmark_cycle
782.3,96.584000,8.000000,synthetic_USFS_Class3_benchmark_cycle
782.4,96.592000,8.000000,synthetic_USFS_Class3_benchmark_cycle
782.5,96.600000,8.000000,synthetic_USFS_Class3_benchmark_cycle
782.6,96.608000,8.000000,synthetic_USFS_Class3_benchmark_cycle
782.7,96.616000,8.000000,synthetic_USFS_Class3_benchmark_cycle
782.8,96.624000,8.000000,synthetic_USFS_Class3_benchmark_cycle
782.9,96.632000,8.000000,synthetic_USFS_Class3_benchmark_cycle
783.0,96.640000,8.000000,synthetic_USFS_Class3_benchmark_cycle
783.1,96.648000,8.000000,synthetic_USFS_Class3_benchmark_cycle
783.2,96.656000,8.000000,synthetic_USFS_Class3_benchmark_cycle
783.3,96.664000,8.000000,synthetic_USFS_Class3_benchmark_cycle
783.4,96.672000,8.000000,synthetic_USFS_Class3_benchmark_cycle
783.5,96.680000,8.000000,synthetic_USFS_Class3_benchmark_cycle
783.6,96.688000,8.000000,synthetic_USFS_Class3_benchmark_cycle
783.7,96.696000,8.000000,synthetic_USFS_Class3_benchmark_cycle
783.8,96.704000,8.000000,synthetic_USFS_Class3_benchmark_cycle
783.9,96.712000,8.000000,synthetic_USFS_Class3_benchmark_cycle
784.0,96.720000,8.000000,synthetic_USFS_Class3_benchmark_cycle
784.1,96.728000,8.000000,synthetic_USFS_Class3_benchmark_cycle
784.2,96.736000,8.000000,synthetic_USFS_Class3_benchmark_cycle
784.3,96.744000,8.000000,synthetic_USFS_Class3_benchmark_cycle
784.4,96.752000,8.000000,synthetic_USFS_Class3_benchmark_cycle
784.5,96.760000,8.000000,synthetic_USFS_Class3_benchmark_cycle
784.6,96.768000,8.000000,synthetic_USFS_Class3_benchmark_cycle
784.7,96.776000,8.000000,synthetic_USFS_Class3_benchmark_cycle
784.8,96.784000,8.000000,synthetic_USFS_Class3_benchmark_cycle
784.9,96.792000,8.000000,synthetic_USFS_Class3_benchmark_cycle
785.0,96.800000,8.000000,synthetic_USFS_Class3_benchmark_cycle
785.1,96.808000,8.000000,synthetic_USFS_Class3_benchmark_cycle
785.2,96.816000,8.000000,synthetic_USFS_Class3_benchmark_cycle
785.3,96.824000,8.000000,synthetic_USFS_Class3_benchmark_cycle
785.4,96.832000,8.000000,synthetic_USFS_Class3_benchmark_cycle
785.5,96.840000,8.000000,synthetic_USFS_Class3_benchmark_cycle
785.6,96.848000,8.000000,synthetic_USFS_Class3_benchmark_cycle
785.7,96.856000,8.000000,synthetic_USFS_Class3_benchmark_cycle
785.8,96.864000,8.000000,synthetic_USFS_Class3_benchmark_cycle
785.9,96.872000,8.000000,synthetic_USFS_Class3_benchmark_cycle
786.0,96.880000,8.000000,synthetic_USFS_Class3_benchmark_cycle
786.1,96.888000,8.000000,synthetic_USFS_Class3_benchmark_cycle
786.2,96.896000,8.000000,synthetic_USFS_Class3_benchmark_cycle
786.3,96.904000,8.000000,synthetic_USFS_Class3_benchmark_cycle
786.4,96.912000,8.000000,synthetic_USFS_Class3_benchmark_cycle
786.5,96.920000,8.000000,synthetic_USFS_Class3_benchmark_cycle
786.6,96.928000,8.000000,synthetic_USFS_Class3_benchmark_cycle
786.7,96.936000,8.000000,synthetic_USFS_Class3_benchmark_cycle
786.8,96.944000,8.000000,synthetic_USFS_Class3_benchmark_cycle
786.9,96.952000,8.000000,synthetic_USFS_Class3_benchmark_cycle
787.0,96.960000,8.000000,synthetic_USFS_Class3_benchmark_cycle
787.1,96.968000,8.000000,synthetic_USFS_Class3_benchmark_cycle
787.2,96.976000,8.000000,synthetic_USFS_Class3_benchmark_cycle
787.3,96.984000,8.000000,synthetic_USFS_Class3_benchmark_cycle
787.4,96.992000,8.000000,synthetic_USFS_Class3_benchmark_cycle
787.5,97.000000,8.000000,synthetic_USFS_Class3_benchmark_cycle
787.6,97.008000,8.000000,synthetic_USFS_Class3_benchmark_cycle
787.7,97.016000,8.000000,synthetic_USFS_Class3_benchmark_cycle
787.8,97.024000,8.000000,synthetic_USFS_Class3_benchmark_cycle
787.9,97.032000,8.000000,synthetic_USFS_Class3_benchmark_cycle
788.0,97.040000,8.000000,synthetic_USFS_Class3_benchmark_cycle
788.1,97.048000,8.000000,synthetic_USFS_Class3_benchmark_cycle
788.2,97.056000,8.000000,synthetic_USFS_Class3_benchmark_cycle
788.3,97.064000,8.000000,synthetic_USFS_Class3_benchmark_cycle
788.4,97.072000,8.000000,synthetic_USFS_Class3_benchmark_cycle
788.5,97.080000,8.000000,synthetic_USFS_Class3_benchmark_cycle
788.6,97.088000,8.000000,synthetic_USFS_Class3_benchmark_cycle
788.7,97.096000,8.000000,synthetic_USFS_Class3_benchmark_cycle
788.8,97.104000,8.000000,synthetic_USFS_Class3_benchmark_cycle
788.9,97.112000,8.000000,synthetic_USFS_Class3_benchmark_cycle
789.0,97.120000,8.000000,synthetic_USFS_Class3_benchmark_cycle
789.1,97.128000,8.000000,synthetic_USFS_Class3_benchmark_cycle
789.2,97.136000,8.000000,synthetic_USFS_Class3_benchmark_cycle
789.3,97.144000,8.000000,synthetic_USFS_Class3_benchmark_cycle
789.4,97.152000,8.000000,synthetic_USFS_Class3_benchmark_cycle
789.5,97.160000,8.000000,synthetic_USFS_Class3_benchmark_cycle
789.6,97.168000,8.000000,synthetic_USFS_Class3_benchmark_cycle
789.7,97.176000,8.000000,synthetic_USFS_Class3_benchmark_cycle
789.8,97.184000,8.000000,synthetic_USFS_Class3_benchmark_cycle
789.9,97.192000,8.000000,synthetic_USFS_Class3_benchmark_cycle
790.0,97.200000,8.000000,synthetic_USFS_Class3_benchmark_cycle
790.1,97.208000,8.000000,synthetic_USFS_Class3_benchmark_cycle
790.2,97.216000,8.000000,synthetic_USFS_Class3_benchmark_cycle
790.3,97.224000,8.000000,synthetic_USFS_Class3_benchmark_cycle
790.4,97.232000,8.000000,synthetic_USFS_Class3_benchmark_cycle
790.5,97.240000,8.000000,synthetic_USFS_Class3_benchmark_cycle
790.6,97.248000,8.000000,synthetic_USFS_Class3_benchmark_cycle
790.7,97.256000,8.000000,synthetic_USFS_Class3_benchmark_cycle
790.8,97.264000,8.000000,synthetic_USFS_Class3_benchmark_cycle
790.9,97.272000,8.000000,synthetic_USFS_Class3_benchmark_cycle
791.0,97.280000,8.000000,synthetic_USFS_Class3_benchmark_cycle
791.1,97.288000,8.000000,synthetic_USFS_Class3_benchmark_cycle
791.2,97.296000,8.000000,synthetic_USFS_Class3_benchmark_cycle
791.3,97.304000,8.000000,synthetic_USFS_Class3_benchmark_cycle
791.4,97.312000,8.000000,synthetic_USFS_Class3_benchmark_cycle
791.5,97.320000,8.000000,synthetic_USFS_Class3_benchmark_cycle
791.6,97.328000,8.000000,synthetic_USFS_Class3_benchmark_cycle
791.7,97.336000,8.000000,synthetic_USFS_Class3_benchmark_cycle
791.8,97.344000,8.000000,synthetic_USFS_Class3_benchmark_cycle
791.9,97.352000,8.000000,synthetic_USFS_Class3_benchmark_cycle
792.0,97.360000,8.000000,synthetic_USFS_Class3_benchmark_cycle
792.1,97.368000,8.000000,synthetic_USFS_Class3_benchmark_cycle
792.2,97.376000,8.000000,synthetic_USFS_Class3_benchmark_cycle
792.3,97.384000,8.000000,synthetic_USFS_Class3_benchmark_cycle
792.4,97.392000,8.000000,synthetic_USFS_Class3_benchmark_cycle
792.5,97.400000,8.000000,synthetic_USFS_Class3_benchmark_cycle
792.6,97.408000,8.000000,synthetic_USFS_Class3_benchmark_cycle
792.7,97.416000,8.000000,synthetic_USFS_Class3_benchmark_cycle
792.8,97.424000,8.000000,synthetic_USFS_Class3_benchmark_cycle
792.9,97.432000,8.000000,synthetic_USFS_Class3_benchmark_cycle
793.0,97.440000,8.000000,synthetic_USFS_Class3_benchmark_cycle
793.1,97.448000,8.000000,synthetic_USFS_Class3_benchmark_cycle
793.2,97.456000,8.000000,synthetic_USFS_Class3_benchmark_cycle
793.3,97.464000,8.000000,synthetic_USFS_Class3_benchmark_cycle
793.4,97.472000,8.000000,synthetic_USFS_Class3_benchmark_cycle
793.5,97.480000,8.000000,synthetic_USFS_Class3_benchmark_cycle
793.6,97.488000,8.000000,synthetic_USFS_Class3_benchmark_cycle
793.7,97.496000,8.000000,synthetic_USFS_Class3_benchmark_cycle
793.8,97.504000,8.000000,synthetic_USFS_Class3_benchmark_cycle
793.9,97.512000,8.000000,synthetic_USFS_Class3_benchmark_cycle
794.0,97.520000,8.000000,synthetic_USFS_Class3_benchmark_cycle
794.1,97.528000,8.000000,synthetic_USFS_Class3_benchmark_cycle
794.2,97.536000,8.000000,synthetic_USFS_Class3_benchmark_cycle
794.3,97.544000,8.000000,synthetic_USFS_Class3_benchmark_cycle
794.4,97.552000,8.000000,synthetic_USFS_Class3_benchmark_cycle
794.5,97.560000,8.000000,synthetic_USFS_Class3_benchmark_cycle
794.6,97.568000,8.000000,synthetic_USFS_Class3_benchmark_cycle
794.7,97.576000,8.000000,synthetic_USFS_Class3_benchmark_cycle
794.8,97.584000,8.000000,synthetic_USFS_Class3_benchmark_cycle
794.9,97.592000,8.000000,synthetic_USFS_Class3_benchmark_cycle
795.0,97.600000,8.000000,synthetic_USFS_Class3_benchmark_cycle
795.1,97.608000,8.000000,synthetic_USFS_Class3_benchmark_cycle
795.2,97.616000,8.000000,synthetic_USFS_Class3_benchmark_cycle
795.3,97.624000,8.000000,synthetic_USFS_Class3_benchmark_cycle
795.4,97.632000,8.000000,synthetic_USFS_Class3_benchmark_cycle
795.5,97.640000,8.000000,synthetic_USFS_Class3_benchmark_cycle
795.6,97.648000,8.000000,synthetic_USFS_Class3_benchmark_cycle
795.7,97.656000,8.000000,synthetic_USFS_Class3_benchmark_cycle
795.8,97.664000,8.000000,synthetic_USFS_Class3_benchmark_cycle
795.9,97.672000,8.000000,synthetic_USFS_Class3_benchmark_cycle
796.0,97.680000,8.000000,synthetic_USFS_Class3_benchmark_cycle
796.1,97.688000,8.000000,synthetic_USFS_Class3_benchmark_cycle
796.2,97.696000,8.000000,synthetic_USFS_Class3_benchmark_cycle
796.3,97.704000,8.000000,synthetic_USFS_Class3_benchmark_cycle
796.4,97.712000,8.000000,synthetic_USFS_Class3_benchmark_cycle
796.5,97.720000,8.000000,synthetic_USFS_Class3_benchmark_cycle
796.6,97.728000,8.000000,synthetic_USFS_Class3_benchmark_cycle
796.7,97.736000,8.000000,synthetic_USFS_Class3_benchmark_cycle
796.8,97.744000,8.000000,synthetic_USFS_Class3_benchmark_cycle
796.9,97.752000,8.000000,synthetic_USFS_Class3_benchmark_cycle
797.0,97.760000,8.000000,synthetic_USFS_Class3_benchmark_cycle
797.1,97.768000,8.000000,synthetic_USFS_Class3_benchmark_cycle
797.2,97.776000,8.000000,synthetic_USFS_Class3_benchmark_cycle
797.3,97.784000,8.000000,synthetic_USFS_Class3_benchmark_cycle
797.4,97.792000,8.000000,synthetic_USFS_Class3_benchmark_cycle
797.5,97.800000,8.000000,synthetic_USFS_Class3_benchmark_cycle
797.6,97.808000,8.000000,synthetic_USFS_Class3_benchmark_cycle
797.7,97.816000,8.000000,synthetic_USFS_Class3_benchmark_cycle
797.8,97.824000,8.000000,synthetic_USFS_Class3_benchmark_cycle
797.9,97.832000,8.000000,synthetic_USFS_Class3_benchmark_cycle
798.0,97.840000,8.000000,synthetic_USFS_Class3_benchmark_cycle
798.1,97.848000,8.000000,synthetic_USFS_Class3_benchmark_cycle
798.2,97.856000,8.000000,synthetic_USFS_Class3_benchmark_cycle
798.3,97.864000,8.000000,synthetic_USFS_Class3_benchmark_cycle
798.4,97.872000,8.000000,synthetic_USFS_Class3_benchmark_cycle
798.5,97.880000,8.000000,synthetic_USFS_Class3_benchmark_cycle
798.6,97.888000,8.000000,synthetic_USFS_Class3_benchmark_cycle
798.7,97.896000,8.000000,synthetic_USFS_Class3_benchmark_cycle
798.8,97.904000,8.000000,synthetic_USFS_Class3_benchmark_cycle
798.9,97.912000,8.000000,synthetic_USFS_Class3_benchmark_cycle
799.0,97.920000,8.000000,synthetic_USFS_Class3_benchmark_cycle
799.1,97.928000,8.000000,synthetic_USFS_Class3_benchmark_cycle
799.2,97.936000,8.000000,synthetic_USFS_Class3_benchmark_cycle
799.3,97.944000,8.000000,synthetic_USFS_Class3_benchmark_cycle
799.4,97.952000,8.000000,synthetic_USFS_Class3_benchmark_cycle
799.5,97.960000,8.000000,synthetic_USFS_Class3_benchmark_cycle
799.6,97.968000,8.000000,synthetic_USFS_Class3_benchmark_cycle
799.7,97.976000,8.000000,synthetic_USFS_Class3_benchmark_cycle
799.8,97.984000,8.000000,synthetic_USFS_Class3_benchmark_cycle
799.9,97.992000,8.000000,synthetic_USFS_Class3_benchmark_cycle
800.0,98.000000,8.000000,synthetic_USFS_Class3_benchmark_cycle
800.1,98.008000,8.000000,synthetic_USFS_Class3_benchmark_cycle
800.2,98.016000,8.000000,synthetic_USFS_Class3_benchmark_cycle
800.3,98.024000,8.000000,synthetic_USFS_Class3_benchmark_cycle
800.4,98.032000,8.000000,synthetic_USFS_Class3_benchmark_cycle
800.5,98.040000,8.000000,synthetic_USFS_Class3_benchmark_cycle
800.6,98.048000,8.000000,synthetic_USFS_Class3_benchmark_cycle
800.7,98.056000,8.000000,synthetic_USFS_Class3_benchmark_cycle
800.8,98.064000,8.000000,synthetic_USFS_Class3_benchmark_cycle
800.9,98.072000,8.000000,synthetic_USFS_Class3_benchmark_cycle
801.0,98.080000,8.000000,synthetic_USFS_Class3_benchmark_cycle
801.1,98.088000,8.000000,synthetic_USFS_Class3_benchmark_cycle
801.2,98.096000,8.000000,synthetic_USFS_Class3_benchmark_cycle
801.3,98.104000,8.000000,synthetic_USFS_Class3_benchmark_cycle
801.4,98.112000,8.000000,synthetic_USFS_Class3_benchmark_cycle
801.5,98.120000,8.000000,synthetic_USFS_Class3_benchmark_cycle
801.6,98.128000,8.000000,synthetic_USFS_Class3_benchmark_cycle
801.7,98.136000,8.000000,synthetic_USFS_Class3_benchmark_cycle
801.8,98.144000,8.000000,synthetic_USFS_Class3_benchmark_cycle
801.9,98.152000,8.000000,synthetic_USFS_Class3_benchmark_cycle
802.0,98.160000,8.000000,synthetic_USFS_Class3_benchmark_cycle
802.1,98.168000,8.000000,synthetic_USFS_Class3_benchmark_cycle
802.2,98.176000,8.000000,synthetic_USFS_Class3_benchmark_cycle
802.3,98.184000,8.000000,synthetic_USFS_Class3_benchmark_cycle
802.4,98.192000,8.000000,synthetic_USFS_Class3_benchmark_cycle
802.5,98.200000,8.000000,synthetic_USFS_Class3_benchmark_cycle
802.6,98.208000,8.000000,synthetic_USFS_Class3_benchmark_cycle
802.7,98.216000,8.000000,synthetic_USFS_Class3_benchmark_cycle
802.8,98.224000,8.000000,synthetic_USFS_Class3_benchmark_cycle
802.9,98.232000,8.000000,synthetic_USFS_Class3_benchmark_cycle
803.0,98.240000,8.000000,synthetic_USFS_Class3_benchmark_cycle
803.1,98.248000,8.000000,synthetic_USFS_Class3_benchmark_cycle
803.2,98.256000,8.000000,synthetic_USFS_Class3_benchmark_cycle
803.3,98.264000,8.000000,synthetic_USFS_Class3_benchmark_cycle
803.4,98.272000,8.000000,synthetic_USFS_Class3_benchmark_cycle
803.5,98.280000,8.000000,synthetic_USFS_Class3_benchmark_cycle
803.6,98.288000,8.000000,synthetic_USFS_Class3_benchmark_cycle
803.7,98.296000,8.000000,synthetic_USFS_Class3_benchmark_cycle
803.8,98.304000,8.000000,synthetic_USFS_Class3_benchmark_cycle
803.9,98.312000,8.000000,synthetic_USFS_Class3_benchmark_cycle
804.0,98.320000,8.000000,synthetic_USFS_Class3_benchmark_cycle
804.1,98.328000,8.000000,synthetic_USFS_Class3_benchmark_cycle
804.2,98.336000,8.000000,synthetic_USFS_Class3_benchmark_cycle
804.3,98.344000,8.000000,synthetic_USFS_Class3_benchmark_cycle
804.4,98.352000,8.000000,synthetic_USFS_Class3_benchmark_cycle
804.5,98.360000,8.000000,synthetic_USFS_Class3_benchmark_cycle
804.6,98.368000,8.000000,synthetic_USFS_Class3_benchmark_cycle
804.7,98.376000,8.000000,synthetic_USFS_Class3_benchmark_cycle
804.8,98.384000,8.000000,synthetic_USFS_Class3_benchmark_cycle
804.9,98.392000,8.000000,synthetic_USFS_Class3_benchmark_cycle
805.0,98.400000,8.000000,synthetic_USFS_Class3_benchmark_cycle
805.1,98.408000,8.000000,synthetic_USFS_Class3_benchmark_cycle
805.2,98.416000,8.000000,synthetic_USFS_Class3_benchmark_cycle
805.3,98.424000,8.000000,synthetic_USFS_Class3_benchmark_cycle
805.4,98.432000,8.000000,synthetic_USFS_Class3_benchmark_cycle
805.5,98.440000,8.000000,synthetic_USFS_Class3_benchmark_cycle
805.6,98.448000,8.000000,synthetic_USFS_Class3_benchmark_cycle
805.7,98.456000,8.000000,synthetic_USFS_Class3_benchmark_cycle
805.8,98.464000,8.000000,synthetic_USFS_Class3_benchmark_cycle
805.9,98.472000,8.000000,synthetic_USFS_Class3_benchmark_cycle
806.0,98.480000,8.000000,synthetic_USFS_Class3_benchmark_cycle
806.1,98.488000,8.000000,synthetic_USFS_Class3_benchmark_cycle
806.2,98.496000,8.000000,synthetic_USFS_Class3_benchmark_cycle
806.3,98.504000,8.000000,synthetic_USFS_Class3_benchmark_cycle
806.4,98.512000,8.000000,synthetic_USFS_Class3_benchmark_cycle
806.5,98.520000,8.000000,synthetic_USFS_Class3_benchmark_cycle
806.6,98.528000,8.000000,synthetic_USFS_Class3_benchmark_cycle
806.7,98.536000,8.000000,synthetic_USFS_Class3_benchmark_cycle
806.8,98.544000,8.000000,synthetic_USFS_Class3_benchmark_cycle
806.9,98.552000,8.000000,synthetic_USFS_Class3_benchmark_cycle
807.0,98.560000,8.000000,synthetic_USFS_Class3_benchmark_cycle
807.1,98.568000,8.000000,synthetic_USFS_Class3_benchmark_cycle
807.2,98.576000,8.000000,synthetic_USFS_Class3_benchmark_cycle
807.3,98.584000,8.000000,synthetic_USFS_Class3_benchmark_cycle
807.4,98.592000,8.000000,synthetic_USFS_Class3_benchmark_cycle
807.5,98.600000,8.000000,synthetic_USFS_Class3_benchmark_cycle
807.6,98.608000,8.000000,synthetic_USFS_Class3_benchmark_cycle
807.7,98.616000,8.000000,synthetic_USFS_Class3_benchmark_cycle
807.8,98.624000,8.000000,synthetic_USFS_Class3_benchmark_cycle
807.9,98.632000,8.000000,synthetic_USFS_Class3_benchmark_cycle
808.0,98.640000,8.000000,synthetic_USFS_Class3_benchmark_cycle
808.1,98.648000,8.000000,synthetic_USFS_Class3_benchmark_cycle
808.2,98.656000,8.000000,synthetic_USFS_Class3_benchmark_cycle
808.3,98.664000,8.000000,synthetic_USFS_Class3_benchmark_cycle
808.4,98.672000,8.000000,synthetic_USFS_Class3_benchmark_cycle
808.5,98.680000,8.000000,synthetic_USFS_Class3_benchmark_cycle
808.6,98.688000,8.000000,synthetic_USFS_Class3_benchmark_cycle
808.7,98.696000,8.000000,synthetic_USFS_Class3_benchmark_cycle
808.8,98.704000,8.000000,synthetic_USFS_Class3_benchmark_cycle
808.9,98.712000,8.000000,synthetic_USFS_Class3_benchmark_cycle
809.0,98.720000,8.000000,synthetic_USFS_Class3_benchmark_cycle
809.1,98.728000,8.000000,synthetic_USFS_Class3_benchmark_cycle
809.2,98.736000,8.000000,synthetic_USFS_Class3_benchmark_cycle
809.3,98.744000,8.000000,synthetic_USFS_Class3_benchmark_cycle
809.4,98.752000,8.000000,synthetic_USFS_Class3_benchmark_cycle
809.5,98.760000,8.000000,synthetic_USFS_Class3_benchmark_cycle
809.6,98.768000,8.000000,synthetic_USFS_Class3_benchmark_cycle
809.7,98.776000,8.000000,synthetic_USFS_Class3_benchmark_cycle
809.8,98.784000,8.000000,synthetic_USFS_Class3_benchmark_cycle
809.9,98.792000,8.000000,synthetic_USFS_Class3_benchmark_cycle
810.0,98.800000,8.000000,synthetic_USFS_Class3_benchmark_cycle
810.1,98.808000,8.000000,synthetic_USFS_Class3_benchmark_cycle
810.2,98.816000,8.000000,synthetic_USFS_Class3_benchmark_cycle
810.3,98.824000,8.000000,synthetic_USFS_Class3_benchmark_cycle
810.4,98.832000,8.000000,synthetic_USFS_Class3_benchmark_cycle
810.5,98.840000,8.000000,synthetic_USFS_Class3_benchmark_cycle
810.6,98.848000,8.000000,synthetic_USFS_Class3_benchmark_cycle
810.7,98.856000,8.000000,synthetic_USFS_Class3_benchmark_cycle
810.8,98.864000,8.000000,synthetic_USFS_Class3_benchmark_cycle
810.9,98.872000,8.000000,synthetic_USFS_Class3_benchmark_cycle
811.0,98.880000,8.000000,synthetic_USFS_Class3_benchmark_cycle
811.1,98.888000,8.000000,synthetic_USFS_Class3_benchmark_cycle
811.2,98.896000,8.000000,synthetic_USFS_Class3_benchmark_cycle
811.3,98.904000,8.000000,synthetic_USFS_Class3_benchmark_cycle
811.4,98.912000,8.000000,synthetic_USFS_Class3_benchmark_cycle
811.5,98.920000,8.000000,synthetic_USFS_Class3_benchmark_cycle
811.6,98.928000,8.000000,synthetic_USFS_Class3_benchmark_cycle
811.7,98.936000,8.000000,synthetic_USFS_Class3_benchmark_cycle
811.8,98.944000,8.000000,synthetic_USFS_Class3_benchmark_cycle
811.9,98.952000,8.000000,synthetic_USFS_Class3_benchmark_cycle
812.0,98.960000,8.000000,synthetic_USFS_Class3_benchmark_cycle
812.1,98.968000,8.000000,synthetic_USFS_Class3_benchmark_cycle
812.2,98.976000,8.000000,synthetic_USFS_Class3_benchmark_cycle
812.3,98.984000,8.000000,synthetic_USFS_Class3_benchmark_cycle
812.4,98.992000,8.000000,synthetic_USFS_Class3_benchmark_cycle
812.5,99.000000,8.000000,synthetic_USFS_Class3_benchmark_cycle
812.6,99.008000,8.000000,synthetic_USFS_Class3_benchmark_cycle
812.7,99.016000,8.000000,synthetic_USFS_Class3_benchmark_cycle
812.8,99.024000,8.000000,synthetic_USFS_Class3_benchmark_cycle
812.9,99.032000,8.000000,synthetic_USFS_Class3_benchmark_cycle
813.0,99.040000,8.000000,synthetic_USFS_Class3_benchmark_cycle
813.1,99.048000,8.000000,synthetic_USFS_Class3_benchmark_cycle
813.2,99.056000,8.000000,synthetic_USFS_Class3_benchmark_cycle
813.3,99.064000,8.000000,synthetic_USFS_Class3_benchmark_cycle
813.4,99.072000,8.000000,synthetic_USFS_Class3_benchmark_cycle
813.5,99.080000,8.000000,synthetic_USFS_Class3_benchmark_cycle
813.6,99.088000,8.000000,synthetic_USFS_Class3_benchmark_cycle
813.7,99.096000,8.000000,synthetic_USFS_Class3_benchmark_cycle
813.8,99.104000,8.000000,synthetic_USFS_Class3_benchmark_cycle
813.9,99.112000,8.000000,synthetic_USFS_Class3_benchmark_cycle
814.0,99.120000,8.000000,synthetic_USFS_Class3_benchmark_cycle
814.1,99.128000,8.000000,synthetic_USFS_Class3_benchmark_cycle
814.2,99.136000,8.000000,synthetic_USFS_Class3_benchmark_cycle
814.3,99.144000,8.000000,synthetic_USFS_Class3_benchmark_cycle
814.4,99.152000,8.000000,synthetic_USFS_Class3_benchmark_cycle
814.5,99.160000,8.000000,synthetic_USFS_Class3_benchmark_cycle
814.6,99.168000,8.000000,synthetic_USFS_Class3_benchmark_cycle
814.7,99.176000,8.000000,synthetic_USFS_Class3_benchmark_cycle
814.8,99.184000,8.000000,synthetic_USFS_Class3_benchmark_cycle
814.9,99.192000,8.000000,synthetic_USFS_Class3_benchmark_cycle
815.0,99.200000,8.000000,synthetic_USFS_Class3_benchmark_cycle
815.1,99.208000,8.000000,synthetic_USFS_Class3_benchmark_cycle
815.2,99.216000,8.000000,synthetic_USFS_Class3_benchmark_cycle
815.3,99.224000,8.000000,synthetic_USFS_Class3_benchmark_cycle
815.4,99.232000,8.000000,synthetic_USFS_Class3_benchmark_cycle
815.5,99.240000,8.000000,synthetic_USFS_Class3_benchmark_cycle
815.6,99.248000,8.000000,synthetic_USFS_Class3_benchmark_cycle
815.7,99.256000,8.000000,synthetic_USFS_Class3_benchmark_cycle
815.8,99.264000,8.000000,synthetic_USFS_Class3_benchmark_cycle
815.9,99.272000,8.000000,synthetic_USFS_Class3_benchmark_cycle
816.0,99.280000,8.000000,synthetic_USFS_Class3_benchmark_cycle
816.1,99.288000,8.000000,synthetic_USFS_Class3_benchmark_cycle
816.2,99.296000,8.000000,synthetic_USFS_Class3_benchmark_cycle
816.3,99.304000,8.000000,synthetic_USFS_Class3_benchmark_cycle
816.4,99.312000,8.000000,synthetic_USFS_Class3_benchmark_cycle
816.5,99.320000,8.000000,synthetic_USFS_Class3_benchmark_cycle
816.6,99.328000,8.000000,synthetic_USFS_Class3_benchmark_cycle
816.7,99.336000,8.000000,synthetic_USFS_Class3_benchmark_cycle
816.8,99.344000,8.000000,synthetic_USFS_Class3_benchmark_cycle
816.9,99.352000,8.000000,synthetic_USFS_Class3_benchmark_cycle
817.0,99.360000,8.000000,synthetic_USFS_Class3_benchmark_cycle
817.1,99.368000,8.000000,synthetic_USFS_Class3_benchmark_cycle
817.2,99.376000,8.000000,synthetic_USFS_Class3_benchmark_cycle
817.3,99.384000,8.000000,synthetic_USFS_Class3_benchmark_cycle
817.4,99.392000,8.000000,synthetic_USFS_Class3_benchmark_cycle
817.5,99.400000,8.000000,synthetic_USFS_Class3_benchmark_cycle
817.6,99.408000,8.000000,synthetic_USFS_Class3_benchmark_cycle
817.7,99.416000,8.000000,synthetic_USFS_Class3_benchmark_cycle
817.8,99.424000,8.000000,synthetic_USFS_Class3_benchmark_cycle
817.9,99.432000,8.000000,synthetic_USFS_Class3_benchmark_cycle
818.0,99.440000,8.000000,synthetic_USFS_Class3_benchmark_cycle
818.1,99.448000,8.000000,synthetic_USFS_Class3_benchmark_cycle
818.2,99.456000,8.000000,synthetic_USFS_Class3_benchmark_cycle
818.3,99.464000,8.000000,synthetic_USFS_Class3_benchmark_cycle
818.4,99.472000,8.000000,synthetic_USFS_Class3_benchmark_cycle
818.5,99.480000,8.000000,synthetic_USFS_Class3_benchmark_cycle
818.6,99.488000,8.000000,synthetic_USFS_Class3_benchmark_cycle
818.7,99.496000,8.000000,synthetic_USFS_Class3_benchmark_cycle
818.8,99.504000,8.000000,synthetic_USFS_Class3_benchmark_cycle
818.9,99.512000,8.000000,synthetic_USFS_Class3_benchmark_cycle
819.0,99.520000,8.000000,synthetic_USFS_Class3_benchmark_cycle
819.1,99.528000,8.000000,synthetic_USFS_Class3_benchmark_cycle
819.2,99.536000,8.000000,synthetic_USFS_Class3_benchmark_cycle
819.3,99.544000,8.000000,synthetic_USFS_Class3_benchmark_cycle
819.4,99.552000,8.000000,synthetic_USFS_Class3_benchmark_cycle
819.5,99.560000,8.000000,synthetic_USFS_Class3_benchmark_cycle
819.6,99.568000,8.000000,synthetic_USFS_Class3_benchmark_cycle
819.7,99.576000,8.000000,synthetic_USFS_Class3_benchmark_cycle
819.8,99.584000,8.000000,synthetic_USFS_Class3_benchmark_cycle
819.9,99.592000,8.000000,synthetic_USFS_Class3_benchmark_cycle
820.0,99.600000,8.000000,synthetic_USFS_Class3_benchmark_cycle
820.1,99.608000,8.000000,synthetic_USFS_Class3_benchmark_cycle
820.2,99.616000,8.000000,synthetic_USFS_Class3_benchmark_cycle
820.3,99.624000,8.000000,synthetic_USFS_Class3_benchmark_cycle
820.4,99.632000,8.000000,synthetic_USFS_Class3_benchmark_cycle
820.5,99.640000,8.000000,synthetic_USFS_Class3_benchmark_cycle
820.6,99.648000,8.000000,synthetic_USFS_Class3_benchmark_cycle
820.7,99.656000,8.000000,synthetic_USFS_Class3_benchmark_cycle
820.8,99.664000,8.000000,synthetic_USFS_Class3_benchmark_cycle
820.9,99.672000,8.000000,synthetic_USFS_Class3_benchmark_cycle
821.0,99.680000,8.000000,synthetic_USFS_Class3_benchmark_cycle
821.1,99.688000,8.000000,synthetic_USFS_Class3_benchmark_cycle
821.2,99.696000,8.000000,synthetic_USFS_Class3_benchmark_cycle
821.3,99.704000,8.000000,synthetic_USFS_Class3_benchmark_cycle
821.4,99.712000,8.000000,synthetic_USFS_Class3_benchmark_cycle
821.5,99.720000,8.000000,synthetic_USFS_Class3_benchmark_cycle
821.6,99.728000,8.000000,synthetic_USFS_Class3_benchmark_cycle
821.7,99.736000,8.000000,synthetic_USFS_Class3_benchmark_cycle
821.8,99.744000,8.000000,synthetic_USFS_Class3_benchmark_cycle
821.9,99.752000,8.000000,synthetic_USFS_Class3_benchmark_cycle
822.0,99.760000,8.000000,synthetic_USFS_Class3_benchmark_cycle
822.1,99.768000,8.000000,synthetic_USFS_Class3_benchmark_cycle
822.2,99.776000,8.000000,synthetic_USFS_Class3_benchmark_cycle
822.3,99.784000,8.000000,synthetic_USFS_Class3_benchmark_cycle
822.4,99.792000,8.000000,synthetic_USFS_Class3_benchmark_cycle
822.5,99.800000,8.000000,synthetic_USFS_Class3_benchmark_cycle
822.6,99.808000,8.000000,synthetic_USFS_Class3_benchmark_cycle
822.7,99.816000,8.000000,synthetic_USFS_Class3_benchmark_cycle
822.8,99.824000,8.000000,synthetic_USFS_Class3_benchmark_cycle
822.9,99.832000,8.000000,synthetic_USFS_Class3_benchmark_cycle
823.0,99.840000,8.000000,synthetic_USFS_Class3_benchmark_cycle
823.1,99.848000,8.000000,synthetic_USFS_Class3_benchmark_cycle
823.2,99.856000,8.000000,synthetic_USFS_Class3_benchmark_cycle
823.3,99.864000,8.000000,synthetic_USFS_Class3_benchmark_cycle
823.4,99.872000,8.000000,synthetic_USFS_Class3_benchmark_cycle
823.5,99.880000,8.000000,synthetic_USFS_Class3_benchmark_cycle
823.6,99.888000,8.000000,synthetic_USFS_Class3_benchmark_cycle
823.7,99.896000,8.000000,synthetic_USFS_Class3_benchmark_cycle
823.8,99.904000,8.000000,synthetic_USFS_Class3_benchmark_cycle
823.9,99.912000,8.000000,synthetic_USFS_Class3_benchmark_cycle
824.0,99.920000,8.000000,synthetic_USFS_Class3_benchmark_cycle
824.1,99.928000,8.000000,synthetic_USFS_Class3_benchmark_cycle
824.2,99.936000,8.000000,synthetic_USFS_Class3_benchmark_cycle
824.3,99.944000,8.000000,synthetic_USFS_Class3_benchmark_cycle
824.4,99.952000,8.000000,synthetic_USFS_Class3_benchmark_cycle
824.5,99.960000,8.000000,synthetic_USFS_Class3_benchmark_cycle
824.6,99.968000,8.000000,synthetic_USFS_Class3_benchmark_cycle
824.7,99.976000,8.000000,synthetic_USFS_Class3_benchmark_cycle
824.8,99.984000,8.000000,synthetic_USFS_Class3_benchmark_cycle
824.9,99.992000,8.000000,synthetic_USFS_Class3_benchmark_cycle
825.0,100.000000,8.000000,synthetic_USFS_Class3_benchmark_cycle
825.1,100.008000,8.000000,synthetic_USFS_Class3_benchmark_cycle
825.2,100.016000,8.000000,synthetic_USFS_Class3_benchmark_cycle
825.3,100.024000,8.000000,synthetic_USFS_Class3_benchmark_cycle
825.4,100.032000,8.000000,synthetic_USFS_Class3_benchmark_cycle
825.5,100.040000,8.000000,synthetic_USFS_Class3_benchmark_cycle
825.6,100.048000,8.000000,synthetic_USFS_Class3_benchmark_cycle
825.7,100.056000,8.000000,synthetic_USFS_Class3_benchmark_cycle
825.8,100.064000,8.000000,synthetic_USFS_Class3_benchmark_cycle
825.9,100.072000,8.000000,synthetic_USFS_Class3_benchmark_cycle
826.0,100.080000,8.000000,synthetic_USFS_Class3_benchmark_cycle
826.1,100.088000,8.000000,synthetic_USFS_Class3_benchmark_cycle
826.2,100.096000,8.000000,synthetic_USFS_Class3_benchmark_cycle
826.3,100.104000,8.000000,synthetic_USFS_Class3_benchmark_cycle
826.4,100.112000,8.000000,synthetic_USFS_Class3_benchmark_cycle
826.5,100.120000,8.000000,synthetic_USFS_Class3_benchmark_cycle
826.6,100.128000,8.000000,synthetic_USFS_Class3_benchmark_cycle
826.7,100.136000,8.000000,synthetic_USFS_Class3_benchmark_cycle
826.8,100.144000,8.000000,synthetic_USFS_Class3_benchmark_cycle
826.9,100.152000,8.000000,synthetic_USFS_Class3_benchmark_cycle
827.0,100.160000,8.000000,synthetic_USFS_Class3_benchmark_cycle
827.1,100.168000,8.000000,synthetic_USFS_Class3_benchmark_cycle
827.2,100.176000,8.000000,synthetic_USFS_Class3_benchmark_cycle
827.3,100.184000,8.000000,synthetic_USFS_Class3_benchmark_cycle
827.4,100.192000,8.000000,synthetic_USFS_Class3_benchmark_cycle
827.5,100.200000,8.000000,synthetic_USFS_Class3_benchmark_cycle
827.6,100.208000,8.000000,synthetic_USFS_Class3_benchmark_cycle
827.7,100.216000,8.000000,synthetic_USFS_Class3_benchmark_cycle
827.8,100.224000,8.000000,synthetic_USFS_Class3_benchmark_cycle
827.9,100.232000,8.000000,synthetic_USFS_Class3_benchmark_cycle
828.0,100.240000,8.000000,synthetic_USFS_Class3_benchmark_cycle
828.1,100.248000,8.000000,synthetic_USFS_Class3_benchmark_cycle
828.2,100.256000,8.000000,synthetic_USFS_Class3_benchmark_cycle
828.3,100.264000,8.000000,synthetic_USFS_Class3_benchmark_cycle
828.4,100.272000,8.000000,synthetic_USFS_Class3_benchmark_cycle
828.5,100.280000,8.000000,synthetic_USFS_Class3_benchmark_cycle
828.6,100.288000,8.000000,synthetic_USFS_Class3_benchmark_cycle
828.7,100.296000,8.000000,synthetic_USFS_Class3_benchmark_cycle
828.8,100.304000,8.000000,synthetic_USFS_Class3_benchmark_cycle
828.9,100.312000,8.000000,synthetic_USFS_Class3_benchmark_cycle
829.0,100.320000,8.000000,synthetic_USFS_Class3_benchmark_cycle
829.1,100.328000,8.000000,synthetic_USFS_Class3_benchmark_cycle
829.2,100.336000,8.000000,synthetic_USFS_Class3_benchmark_cycle
829.3,100.344000,8.000000,synthetic_USFS_Class3_benchmark_cycle
829.4,100.352000,8.000000,synthetic_USFS_Class3_benchmark_cycle
829.5,100.360000,8.000000,synthetic_USFS_Class3_benchmark_cycle
829.6,100.368000,8.000000,synthetic_USFS_Class3_benchmark_cycle
829.7,100.376000,8.000000,synthetic_USFS_Class3_benchmark_cycle
829.8,100.384000,8.000000,synthetic_USFS_Class3_benchmark_cycle
829.9,100.392000,8.000000,synthetic_USFS_Class3_benchmark_cycle
830.0,100.400000,8.000000,synthetic_USFS_Class3_benchmark_cycle
830.1,100.408000,8.000000,synthetic_USFS_Class3_benchmark_cycle
830.2,100.416000,8.000000,synthetic_USFS_Class3_benchmark_cycle
830.3,100.424000,8.000000,synthetic_USFS_Class3_benchmark_cycle
830.4,100.432000,8.000000,synthetic_USFS_Class3_benchmark_cycle
830.5,100.440000,8.000000,synthetic_USFS_Class3_benchmark_cycle
830.6,100.448000,8.000000,synthetic_USFS_Class3_benchmark_cycle
830.7,100.456000,8.000000,synthetic_USFS_Class3_benchmark_cycle
830.8,100.464000,8.000000,synthetic_USFS_Class3_benchmark_cycle
830.9,100.472000,8.000000,synthetic_USFS_Class3_benchmark_cycle
831.0,100.480000,8.000000,synthetic_USFS_Class3_benchmark_cycle
831.1,100.488000,8.000000,synthetic_USFS_Class3_benchmark_cycle
831.2,100.496000,8.000000,synthetic_USFS_Class3_benchmark_cycle
831.3,100.504000,8.000000,synthetic_USFS_Class3_benchmark_cycle
831.4,100.512000,8.000000,synthetic_USFS_Class3_benchmark_cycle
831.5,100.520000,8.000000,synthetic_USFS_Class3_benchmark_cycle
831.6,100.528000,8.000000,synthetic_USFS_Class3_benchmark_cycle
831.7,100.536000,8.000000,synthetic_USFS_Class3_benchmark_cycle
831.8,100.544000,8.000000,synthetic_USFS_Class3_benchmark_cycle
831.9,100.552000,8.000000,synthetic_USFS_Class3_benchmark_cycle
832.0,100.560000,8.000000,synthetic_USFS_Class3_benchmark_cycle
832.1,100.568000,8.000000,synthetic_USFS_Class3_benchmark_cycle
832.2,100.576000,8.000000,synthetic_USFS_Class3_benchmark_cycle
832.3,100.584000,8.000000,synthetic_USFS_Class3_benchmark_cycle
832.4,100.592000,8.000000,synthetic_USFS_Class3_benchmark_cycle
832.5,100.600000,8.000000,synthetic_USFS_Class3_benchmark_cycle
832.6,100.608000,8.000000,synthetic_USFS_Class3_benchmark_cycle
832.7,100.616000,8.000000,synthetic_USFS_Class3_benchmark_cycle
832.8,100.624000,8.000000,synthetic_USFS_Class3_benchmark_cycle
832.9,100.632000,8.000000,synthetic_USFS_Class3_benchmark_cycle
833.0,100.640000,8.000000,synthetic_USFS_Class3_benchmark_cycle
833.1,100.648000,8.000000,synthetic_USFS_Class3_benchmark_cycle
833.2,100.656000,8.000000,synthetic_USFS_Class3_benchmark_cycle
833.3,100.664000,8.000000,synthetic_USFS_Class3_benchmark_cycle
833.4,100.672000,8.000000,synthetic_USFS_Class3_benchmark_cycle
833.5,100.680000,8.000000,synthetic_USFS_Class3_benchmark_cycle
833.6,100.688000,8.000000,synthetic_USFS_Class3_benchmark_cycle
833.7,100.696000,8.000000,synthetic_USFS_Class3_benchmark_cycle
833.8,100.704000,8.000000,synthetic_USFS_Class3_benchmark_cycle
833.9,100.712000,8.000000,synthetic_USFS_Class3_benchmark_cycle
834.0,100.720000,8.000000,synthetic_USFS_Class3_benchmark_cycle
834.1,100.728000,8.000000,synthetic_USFS_Class3_benchmark_cycle
834.2,100.736000,8.000000,synthetic_USFS_Class3_benchmark_cycle
834.3,100.744000,8.000000,synthetic_USFS_Class3_benchmark_cycle
834.4,100.752000,8.000000,synthetic_USFS_Class3_benchmark_cycle
834.5,100.760000,8.000000,synthetic_USFS_Class3_benchmark_cycle
834.6,100.768000,8.000000,synthetic_USFS_Class3_benchmark_cycle
834.7,100.776000,8.000000,synthetic_USFS_Class3_benchmark_cycle
834.8,100.784000,8.000000,synthetic_USFS_Class3_benchmark_cycle
834.9,100.792000,8.000000,synthetic_USFS_Class3_benchmark_cycle
835.0,100.800000,8.000000,synthetic_USFS_Class3_benchmark_cycle
835.1,100.808000,8.000000,synthetic_USFS_Class3_benchmark_cycle
835.2,100.816000,8.000000,synthetic_USFS_Class3_benchmark_cycle
835.3,100.824000,8.000000,synthetic_USFS_Class3_benchmark_cycle
835.4,100.832000,8.000000,synthetic_USFS_Class3_benchmark_cycle
835.5,100.840000,8.000000,synthetic_USFS_Class3_benchmark_cycle
835.6,100.848000,8.000000,synthetic_USFS_Class3_benchmark_cycle
835.7,100.856000,8.000000,synthetic_USFS_Class3_benchmark_cycle
835.8,100.864000,8.000000,synthetic_USFS_Class3_benchmark_cycle
835.9,100.872000,8.000000,synthetic_USFS_Class3_benchmark_cycle
836.0,100.880000,8.000000,synthetic_USFS_Class3_benchmark_cycle
836.1,100.888000,8.000000,synthetic_USFS_Class3_benchmark_cycle
836.2,100.896000,8.000000,synthetic_USFS_Class3_benchmark_cycle
836.3,100.904000,8.000000,synthetic_USFS_Class3_benchmark_cycle
836.4,100.912000,8.000000,synthetic_USFS_Class3_benchmark_cycle
836.5,100.920000,8.000000,synthetic_USFS_Class3_benchmark_cycle
836.6,100.928000,8.000000,synthetic_USFS_Class3_benchmark_cycle
836.7,100.936000,8.000000,synthetic_USFS_Class3_benchmark_cycle
836.8,100.944000,8.000000,synthetic_USFS_Class3_benchmark_cycle
836.9,100.952000,8.000000,synthetic_USFS_Class3_benchmark_cycle
837.0,100.960000,8.000000,synthetic_USFS_Class3_benchmark_cycle
837.1,100.968000,8.000000,synthetic_USFS_Class3_benchmark_cycle
837.2,100.976000,8.000000,synthetic_USFS_Class3_benchmark_cycle
837.3,100.984000,8.000000,synthetic_USFS_Class3_benchmark_cycle
837.4,100.992000,8.000000,synthetic_USFS_Class3_benchmark_cycle
837.5,101.000000,8.000000,synthetic_USFS_Class3_benchmark_cycle
837.6,101.008000,8.000000,synthetic_USFS_Class3_benchmark_cycle
837.7,101.016000,8.000000,synthetic_USFS_Class3_benchmark_cycle
837.8,101.024000,8.000000,synthetic_USFS_Class3_benchmark_cycle
837.9,101.032000,8.000000,synthetic_USFS_Class3_benchmark_cycle
838.0,101.040000,8.000000,synthetic_USFS_Class3_benchmark_cycle
838.1,101.048000,8.000000,synthetic_USFS_Class3_benchmark_cycle
838.2,101.056000,8.000000,synthetic_USFS_Class3_benchmark_cycle
838.3,101.064000,8.000000,synthetic_USFS_Class3_benchmark_cycle
838.4,101.072000,8.000000,synthetic_USFS_Class3_benchmark_cycle
838.5,101.080000,8.000000,synthetic_USFS_Class3_benchmark_cycle
838.6,101.088000,8.000000,synthetic_USFS_Class3_benchmark_cycle
838.7,101.096000,8.000000,synthetic_USFS_Class3_benchmark_cycle
838.8,101.104000,8.000000,synthetic_USFS_Class3_benchmark_cycle
838.9,101.112000,8.000000,synthetic_USFS_Class3_benchmark_cycle
839.0,101.120000,8.000000,synthetic_USFS_Class3_benchmark_cycle
839.1,101.128000,8.000000,synthetic_USFS_Class3_benchmark_cycle
839.2,101.136000,8.000000,synthetic_USFS_Class3_benchmark_cycle
839.3,101.144000,8.000000,synthetic_USFS_Class3_benchmark_cycle
839.4,101.152000,8.000000,synthetic_USFS_Class3_benchmark_cycle
839.5,101.160000,8.000000,synthetic_USFS_Class3_benchmark_cycle
839.6,101.168000,8.000000,synthetic_USFS_Class3_benchmark_cycle
839.7,101.176000,8.000000,synthetic_USFS_Class3_benchmark_cycle
839.8,101.184000,8.000000,synthetic_USFS_Class3_benchmark_cycle
839.9,101.192000,8.000000,synthetic_USFS_Class3_benchmark_cycle
840.0,101.200000,8.000000,synthetic_USFS_Class3_benchmark_cycle
840.1,101.208008,8.016773,synthetic_USFS_Class3_benchmark_cycle
840.2,101.216050,8.067025,synthetic_USFS_Class3_benchmark_cycle
840.3,101.224159,8.150558,synthetic_USFS_Class3_benchmark_cycle
840.4,101.232368,8.267043,synthetic_USFS_Class3_benchmark_cycle
840.5,101.240709,8.416020,synthetic_USFS_Class3_benchmark_cycle
840.6,101.249216,8.596900,synthetic_USFS_Class3_benchmark_cycle
840.7,101.257919,8.808970,synthetic_USFS_Class3_benchmark_cycle
840.8,101.266849,9.051393,synthetic_USFS_Class3_benchmark_cycle
840.9,101.276036,9.323213,synthetic_USFS_Class3_benchmark_cycle
841.0,101.285510,9.623356,synthetic_USFS_Class3_benchmark_cycle
841.1,101.295297,9.950637,synthetic_USFS_Class3_benchmark_cycle
841.2,101.305424,10.303767,synthetic_USFS_Class3_benchmark_cycle
841.3,101.315916,10.681350,synthetic_USFS_Class3_benchmark_cycle
841.4,101.326798,11.081896,synthetic_USFS_Class3_benchmark_cycle
841.5,101.338091,11.503825,synthetic_USFS_Class3_benchmark_cycle
841.6,101.349815,11.945472,synthetic_USFS_Class3_benchmark_cycle
841.7,101.361991,12.405094,synthetic_USFS_Class3_benchmark_cycle
841.8,101.374634,12.880876,synthetic_USFS_Class3_benchmark_cycle
841.9,101.387760,13.370941,synthetic_USFS_Class3_benchmark_cycle
842.0,101.401382,13.873356,synthetic_USFS_Class3_benchmark_cycle
842.1,101.415512,14.386136,synthetic_USFS_Class3_benchmark_cycle
842.2,101.430158,14.907259,synthetic_USFS_Class3_benchmark_cycle
842.3,101.445329,15.434668,synthetic_USFS_Class3_benchmark_cycle
842.4,101.461030,15.966281,synthetic_USFS_Class3_benchmark_cycle
842.5,101.477263,16.500000,synthetic_USFS_Class3_benchmark_cycle
842.6,101.494030,17.033719,synthetic_USFS_Class3_benchmark_cycle
842.7,101.511329,17.565332,synthetic_USFS_Class3_benchmark_cycle
842.8,101.529158,18.092741,synthetic_USFS_Class3_benchmark_cycle
842.9,101.547512,18.613864,synthetic_USFS_Class3_benchmark_cycle
843.0,101.566382,19.126644,synthetic_USFS_Class3_benchmark_cycle
843.1,101.585760,19.629059,synthetic_USFS_Class3_benchmark_cycle
843.2,101.605634,20.119124,synthetic_USFS_Class3_benchmark_cycle
843.3,101.625991,20.594906,synthetic_USFS_Class3_benchmark_cycle
843.4,101.646815,21.054528,synthetic_USFS_Class3_benchmark_cycle
843.5,101.668091,21.496175,synthetic_USFS_Class3_benchmark_cycle
843.6,101.689798,21.918104,synthetic_USFS_Class3_benchmark_cycle
843.7,101.711916,22.318650,synthetic_USFS_Class3_benchmark_cycle
843.8,101.734424,22.696233,synthetic_USFS_Class3_benchmark_cycle
843.9,101.757297,23.049363,synthetic_USFS_Class3_benchmark_cycle
844.0,101.780510,23.376644,synthetic_USFS_Class3_benchmark_cycle
844.1,101.804036,23.676787,synthetic_USFS_Class3_benchmark_cycle
844.2,101.827849,23.948607,synthetic_USFS_Class3_benchmark_cycle
844.3,101.851919,24.191030,synthetic_USFS_Class3_benchmark_cycle
844.4,101.876216,24.403100,synthetic_USFS_Class3_benchmark_cycle
844.5,101.900709,24.583980,synthetic_USFS_Class3_benchmark_cycle
844.6,101.925368,24.732957,synthetic_USFS_Class3_benchmark_cycle
844.7,101.950159,24.849442,synthetic_USFS_Class3_benchmark_cycle
844.8,101.975050,24.932975,synthetic_USFS_Class3_benchmark_cycle
844.9,102.000008,24.983227,synthetic_USFS_Class3_benchmark_cycle
845.0,102.025000,25.000000,synthetic_USFS_Class3_benchmark_cycle
845.1,102.050000,25.000000,synthetic_USFS_Class3_benchmark_cycle
845.2,102.075000,25.000000,synthetic_USFS_Class3_benchmark_cycle
845.3,102.100000,25.000000,synthetic_USFS_Class3_benchmark_cycle
845.4,102.125000,25.000000,synthetic_USFS_Class3_benchmark_cycle
845.5,102.150000,25.000000,synthetic_USFS_Class3_benchmark_cycle
845.6,102.175000,25.000000,synthetic_USFS_Class3_benchmark_cycle
845.7,102.200000,25.000000,synthetic_USFS_Class3_benchmark_cycle
845.8,102.225000,25.000000,synthetic_USFS_Class3_benchmark_cycle
845.9,102.250000,25.000000,synthetic_USFS_Class3_benchmark_cycle
846.0,102.275000,25.000000,synthetic_USFS_Class3_benchmark_cycle
846.1,102.300000,25.000000,synthetic_USFS_Class3_benchmark_cycle
846.2,102.325000,25.000000,synthetic_USFS_Class3_benchmark_cycle
846.3,102.350000,25.000000,synthetic_USFS_Class3_benchmark_cycle
846.4,102.375000,25.000000,synthetic_USFS_Class3_benchmark_cycle
846.5,102.400000,25.000000,synthetic_USFS_Class3_benchmark_cycle
846.6,102.425000,25.000000,synthetic_USFS_Class3_benchmark_cycle
846.7,102.450000,25.000000,synthetic_USFS_Class3_benchmark_cycle
846.8,102.475000,25.000000,synthetic_USFS_Class3_benchmark_cycle
846.9,102.500000,25.000000,synthetic_USFS_Class3_benchmark_cycle
847.0,102.525000,25.000000,synthetic_USFS_Class3_benchmark_cycle
847.1,102.550000,25.000000,synthetic_USFS_Class3_benchmark_cycle
847.2,102.575000,25.000000,synthetic_USFS_Class3_benchmark_cycle
847.3,102.600000,25.000000,synthetic_USFS_Class3_benchmark_cycle
847.4,102.625000,25.000000,synthetic_USFS_Class3_benchmark_cycle
847.5,102.650000,25.000000,synthetic_USFS_Class3_benchmark_cycle
847.6,102.675000,25.000000,synthetic_USFS_Class3_benchmark_cycle
847.7,102.700000,25.000000,synthetic_USFS_Class3_benchmark_cycle
847.8,102.725000,25.000000,synthetic_USFS_Class3_benchmark_cycle
847.9,102.750000,25.000000,synthetic_USFS_Class3_benchmark_cycle
848.0,102.775000,25.000000,synthetic_USFS_Class3_benchmark_cycle
848.1,102.800000,25.000000,synthetic_USFS_Class3_benchmark_cycle
848.2,102.825000,25.000000,synthetic_USFS_Class3_benchmark_cycle
848.3,102.850000,25.000000,synthetic_USFS_Class3_benchmark_cycle
848.4,102.875000,25.000000,synthetic_USFS_Class3_benchmark_cycle
848.5,102.900000,25.000000,synthetic_USFS_Class3_benchmark_cycle
848.6,102.925000,25.000000,synthetic_USFS_Class3_benchmark_cycle
848.7,102.950000,25.000000,synthetic_USFS_Class3_benchmark_cycle
848.8,102.975000,25.000000,synthetic_USFS_Class3_benchmark_cycle
848.9,103.000000,25.000000,synthetic_USFS_Class3_benchmark_cycle
849.0,103.025000,25.000000,synthetic_USFS_Class3_benchmark_cycle
849.1,103.050000,25.000000,synthetic_USFS_Class3_benchmark_cycle
849.2,103.075000,25.000000,synthetic_USFS_Class3_benchmark_cycle
849.3,103.100000,25.000000,synthetic_USFS_Class3_benchmark_cycle
849.4,103.125000,25.000000,synthetic_USFS_Class3_benchmark_cycle
849.5,103.150000,25.000000,synthetic_USFS_Class3_benchmark_cycle
849.6,103.175000,25.000000,synthetic_USFS_Class3_benchmark_cycle
849.7,103.200000,25.000000,synthetic_USFS_Class3_benchmark_cycle
849.8,103.225000,25.000000,synthetic_USFS_Class3_benchmark_cycle
849.9,103.250000,25.000000,synthetic_USFS_Class3_benchmark_cycle
850.0,103.275000,25.000000,synthetic_USFS_Class3_benchmark_cycle
850.1,103.300000,25.000000,synthetic_USFS_Class3_benchmark_cycle
850.2,103.325000,25.000000,synthetic_USFS_Class3_benchmark_cycle
850.3,103.350000,25.000000,synthetic_USFS_Class3_benchmark_cycle
850.4,103.375000,25.000000,synthetic_USFS_Class3_benchmark_cycle
850.5,103.400000,25.000000,synthetic_USFS_Class3_benchmark_cycle
850.6,103.425000,25.000000,synthetic_USFS_Class3_benchmark_cycle
850.7,103.450000,25.000000,synthetic_USFS_Class3_benchmark_cycle
850.8,103.475000,25.000000,synthetic_USFS_Class3_benchmark_cycle
850.9,103.500000,25.000000,synthetic_USFS_Class3_benchmark_cycle
851.0,103.525000,25.000000,synthetic_USFS_Class3_benchmark_cycle
851.1,103.550000,25.000000,synthetic_USFS_Class3_benchmark_cycle
851.2,103.575000,25.000000,synthetic_USFS_Class3_benchmark_cycle
851.3,103.600000,25.000000,synthetic_USFS_Class3_benchmark_cycle
851.4,103.625000,25.000000,synthetic_USFS_Class3_benchmark_cycle
851.5,103.650000,25.000000,synthetic_USFS_Class3_benchmark_cycle
851.6,103.675000,25.000000,synthetic_USFS_Class3_benchmark_cycle
851.7,103.700000,25.000000,synthetic_USFS_Class3_benchmark_cycle
851.8,103.725000,25.000000,synthetic_USFS_Class3_benchmark_cycle
851.9,103.750000,25.000000,synthetic_USFS_Class3_benchmark_cycle
852.0,103.775000,25.000000,synthetic_USFS_Class3_benchmark_cycle
852.1,103.800000,25.000000,synthetic_USFS_Class3_benchmark_cycle
852.2,103.825000,25.000000,synthetic_USFS_Class3_benchmark_cycle
852.3,103.850000,25.000000,synthetic_USFS_Class3_benchmark_cycle
852.4,103.875000,25.000000,synthetic_USFS_Class3_benchmark_cycle
852.5,103.900000,25.000000,synthetic_USFS_Class3_benchmark_cycle
852.6,103.925000,25.000000,synthetic_USFS_Class3_benchmark_cycle
852.7,103.950000,25.000000,synthetic_USFS_Class3_benchmark_cycle
852.8,103.975000,25.000000,synthetic_USFS_Class3_benchmark_cycle
852.9,104.000000,25.000000,synthetic_USFS_Class3_benchmark_cycle
853.0,104.025000,25.000000,synthetic_USFS_Class3_benchmark_cycle
853.1,104.050000,25.000000,synthetic_USFS_Class3_benchmark_cycle
853.2,104.075000,25.000000,synthetic_USFS_Class3_benchmark_cycle
853.3,104.100000,25.000000,synthetic_USFS_Class3_benchmark_cycle
853.4,104.125000,25.000000,synthetic_USFS_Class3_benchmark_cycle
853.5,104.150000,25.000000,synthetic_USFS_Class3_benchmark_cycle
853.6,104.175000,25.000000,synthetic_USFS_Class3_benchmark_cycle
853.7,104.200000,25.000000,synthetic_USFS_Class3_benchmark_cycle
853.8,104.225000,25.000000,synthetic_USFS_Class3_benchmark_cycle
853.9,104.250000,25.000000,synthetic_USFS_Class3_benchmark_cycle
854.0,104.275000,25.000000,synthetic_USFS_Class3_benchmark_cycle
854.1,104.300000,25.000000,synthetic_USFS_Class3_benchmark_cycle
854.2,104.325000,25.000000,synthetic_USFS_Class3_benchmark_cycle
854.3,104.350000,25.000000,synthetic_USFS_Class3_benchmark_cycle
854.4,104.375000,25.000000,synthetic_USFS_Class3_benchmark_cycle
854.5,104.400000,25.000000,synthetic_USFS_Class3_benchmark_cycle
854.6,104.425000,25.000000,synthetic_USFS_Class3_benchmark_cycle
854.7,104.450000,25.000000,synthetic_USFS_Class3_benchmark_cycle
854.8,104.475000,25.000000,synthetic_USFS_Class3_benchmark_cycle
854.9,104.500000,25.000000,synthetic_USFS_Class3_benchmark_cycle
855.0,104.525000,25.000000,synthetic_USFS_Class3_benchmark_cycle
855.1,104.550000,25.000000,synthetic_USFS_Class3_benchmark_cycle
855.2,104.575000,25.000000,synthetic_USFS_Class3_benchmark_cycle
855.3,104.600000,25.000000,synthetic_USFS_Class3_benchmark_cycle
855.4,104.625000,25.000000,synthetic_USFS_Class3_benchmark_cycle
855.5,104.650000,25.000000,synthetic_USFS_Class3_benchmark_cycle
855.6,104.675000,25.000000,synthetic_USFS_Class3_benchmark_cycle
855.7,104.700000,25.000000,synthetic_USFS_Class3_benchmark_cycle
855.8,104.725000,25.000000,synthetic_USFS_Class3_benchmark_cycle
855.9,104.750000,25.000000,synthetic_USFS_Class3_benchmark_cycle
856.0,104.775000,25.000000,synthetic_USFS_Class3_benchmark_cycle
856.1,104.800000,25.000000,synthetic_USFS_Class3_benchmark_cycle
856.2,104.825000,25.000000,synthetic_USFS_Class3_benchmark_cycle
856.3,104.850000,25.000000,synthetic_USFS_Class3_benchmark_cycle
856.4,104.875000,25.000000,synthetic_USFS_Class3_benchmark_cycle
856.5,104.900000,25.000000,synthetic_USFS_Class3_benchmark_cycle
856.6,104.925000,25.000000,synthetic_USFS_Class3_benchmark_cycle
856.7,104.950000,25.000000,synthetic_USFS_Class3_benchmark_cycle
856.8,104.975000,25.000000,synthetic_USFS_Class3_benchmark_cycle
856.9,105.000000,25.000000,synthetic_USFS_Class3_benchmark_cycle
857.0,105.025000,25.000000,synthetic_USFS_Class3_benchmark_cycle
857.1,105.050000,25.000000,synthetic_USFS_Class3_benchmark_cycle
857.2,105.075000,25.000000,synthetic_USFS_Class3_benchmark_cycle
857.3,105.100000,25.000000,synthetic_USFS_Class3_benchmark_cycle
857.4,105.125000,25.000000,synthetic_USFS_Class3_benchmark_cycle
857.5,105.150000,25.000000,synthetic_USFS_Class3_benchmark_cycle
857.6,105.175000,25.000000,synthetic_USFS_Class3_benchmark_cycle
857.7,105.200000,25.000000,synthetic_USFS_Class3_benchmark_cycle
857.8,105.225000,25.000000,synthetic_USFS_Class3_benchmark_cycle
857.9,105.250000,25.000000,synthetic_USFS_Class3_benchmark_cycle
858.0,105.275000,25.000000,synthetic_USFS_Class3_benchmark_cycle
858.1,105.300000,25.000000,synthetic_USFS_Class3_benchmark_cycle
858.2,105.325000,25.000000,synthetic_USFS_Class3_benchmark_cycle
858.3,105.350000,25.000000,synthetic_USFS_Class3_benchmark_cycle
858.4,105.375000,25.000000,synthetic_USFS_Class3_benchmark_cycle
858.5,105.400000,25.000000,synthetic_USFS_Class3_benchmark_cycle
858.6,105.425000,25.000000,synthetic_USFS_Class3_benchmark_cycle
858.7,105.450000,25.000000,synthetic_USFS_Class3_benchmark_cycle
858.8,105.475000,25.000000,synthetic_USFS_Class3_benchmark_cycle
858.9,105.500000,25.000000,synthetic_USFS_Class3_benchmark_cycle
859.0,105.525000,25.000000,synthetic_USFS_Class3_benchmark_cycle
859.1,105.550000,25.000000,synthetic_USFS_Class3_benchmark_cycle
859.2,105.575000,25.000000,synthetic_USFS_Class3_benchmark_cycle
859.3,105.600000,25.000000,synthetic_USFS_Class3_benchmark_cycle
859.4,105.625000,25.000000,synthetic_USFS_Class3_benchmark_cycle
859.5,105.650000,25.000000,synthetic_USFS_Class3_benchmark_cycle
859.6,105.675000,25.000000,synthetic_USFS_Class3_benchmark_cycle
859.7,105.700000,25.000000,synthetic_USFS_Class3_benchmark_cycle
859.8,105.725000,25.000000,synthetic_USFS_Class3_benchmark_cycle
859.9,105.750000,25.000000,synthetic_USFS_Class3_benchmark_cycle
860.0,105.775000,25.000000,synthetic_USFS_Class3_benchmark_cycle
860.1,105.800000,25.000000,synthetic_USFS_Class3_benchmark_cycle
860.2,105.825000,25.000000,synthetic_USFS_Class3_benchmark_cycle
860.3,105.850000,25.000000,synthetic_USFS_Class3_benchmark_cycle
860.4,105.875000,25.000000,synthetic_USFS_Class3_benchmark_cycle
860.5,105.900000,25.000000,synthetic_USFS_Class3_benchmark_cycle
860.6,105.925000,25.000000,synthetic_USFS_Class3_benchmark_cycle
860.7,105.950000,25.000000,synthetic_USFS_Class3_benchmark_cycle
860.8,105.975000,25.000000,synthetic_USFS_Class3_benchmark_cycle
860.9,106.000000,25.000000,synthetic_USFS_Class3_benchmark_cycle
861.0,106.025000,25.000000,synthetic_USFS_Class3_benchmark_cycle
861.1,106.050000,25.000000,synthetic_USFS_Class3_benchmark_cycle
861.2,106.075000,25.000000,synthetic_USFS_Class3_benchmark_cycle
861.3,106.100000,25.000000,synthetic_USFS_Class3_benchmark_cycle
861.4,106.125000,25.000000,synthetic_USFS_Class3_benchmark_cycle
861.5,106.150000,25.000000,synthetic_USFS_Class3_benchmark_cycle
861.6,106.175000,25.000000,synthetic_USFS_Class3_benchmark_cycle
861.7,106.200000,25.000000,synthetic_USFS_Class3_benchmark_cycle
861.8,106.225000,25.000000,synthetic_USFS_Class3_benchmark_cycle
861.9,106.250000,25.000000,synthetic_USFS_Class3_benchmark_cycle
862.0,106.275000,25.000000,synthetic_USFS_Class3_benchmark_cycle
862.1,106.300000,25.000000,synthetic_USFS_Class3_benchmark_cycle
862.2,106.325000,25.000000,synthetic_USFS_Class3_benchmark_cycle
862.3,106.350000,25.000000,synthetic_USFS_Class3_benchmark_cycle
862.4,106.375000,25.000000,synthetic_USFS_Class3_benchmark_cycle
862.5,106.400000,25.000000,synthetic_USFS_Class3_benchmark_cycle
862.6,106.425000,25.000000,synthetic_USFS_Class3_benchmark_cycle
862.7,106.450000,25.000000,synthetic_USFS_Class3_benchmark_cycle
862.8,106.475000,25.000000,synthetic_USFS_Class3_benchmark_cycle
862.9,106.500000,25.000000,synthetic_USFS_Class3_benchmark_cycle
863.0,106.525000,25.000000,synthetic_USFS_Class3_benchmark_cycle
863.1,106.550000,25.000000,synthetic_USFS_Class3_benchmark_cycle
863.2,106.575000,25.000000,synthetic_USFS_Class3_benchmark_cycle
863.3,106.600000,25.000000,synthetic_USFS_Class3_benchmark_cycle
863.4,106.625000,25.000000,synthetic_USFS_Class3_benchmark_cycle
863.5,106.650000,25.000000,synthetic_USFS_Class3_benchmark_cycle
863.6,106.675000,25.000000,synthetic_USFS_Class3_benchmark_cycle
863.7,106.700000,25.000000,synthetic_USFS_Class3_benchmark_cycle
863.8,106.725000,25.000000,synthetic_USFS_Class3_benchmark_cycle
863.9,106.750000,25.000000,synthetic_USFS_Class3_benchmark_cycle
864.0,106.775000,25.000000,synthetic_USFS_Class3_benchmark_cycle
864.1,106.800000,25.000000,synthetic_USFS_Class3_benchmark_cycle
864.2,106.825000,25.000000,synthetic_USFS_Class3_benchmark_cycle
864.3,106.850000,25.000000,synthetic_USFS_Class3_benchmark_cycle
864.4,106.875000,25.000000,synthetic_USFS_Class3_benchmark_cycle
864.5,106.900000,25.000000,synthetic_USFS_Class3_benchmark_cycle
864.6,106.925000,25.000000,synthetic_USFS_Class3_benchmark_cycle
864.7,106.950000,25.000000,synthetic_USFS_Class3_benchmark_cycle
864.8,106.975000,25.000000,synthetic_USFS_Class3_benchmark_cycle
864.9,107.000000,25.000000,synthetic_USFS_Class3_benchmark_cycle
865.0,107.025000,25.000000,synthetic_USFS_Class3_benchmark_cycle
865.1,107.049992,24.983227,synthetic_USFS_Class3_benchmark_cycle
865.2,107.074950,24.932975,synthetic_USFS_Class3_benchmark_cycle
865.3,107.099841,24.849442,synthetic_USFS_Class3_benchmark_cycle
865.4,107.124632,24.732957,synthetic_USFS_Class3_benchmark_cycle
865.5,107.149291,24.583980,synthetic_USFS_Class3_benchmark_cycle
865.6,107.173784,24.403100,synthetic_USFS_Class3_benchmark_cycle
865.7,107.198081,24.191030,synthetic_USFS_Class3_benchmark_cycle
865.8,107.222151,23.948607,synthetic_USFS_Class3_benchmark_cycle
865.9,107.245964,23.676787,synthetic_USFS_Class3_benchmark_cycle
866.0,107.269490,23.376644,synthetic_USFS_Class3_benchmark_cycle
866.1,107.292703,23.049363,synthetic_USFS_Class3_benchmark_cycle
866.2,107.315576,22.696233,synthetic_USFS_Class3_benchmark_cycle
866.3,107.338084,22.318650,synthetic_USFS_Class3_benchmark_cycle
866.4,107.360202,21.918104,synthetic_USFS_Class3_benchmark_cycle
866.5,107.381909,21.496175,synthetic_USFS_Class3_benchmark_cycle
866.6,107.403185,21.054528,synthetic_USFS_Class3_benchmark_cycle
866.7,107.424009,20.594906,synthetic_USFS_Class3_benchmark_cycle
866.8,107.444366,20.119124,synthetic_USFS_Class3_benchmark_cycle
866.9,107.464240,19.629059,synthetic_USFS_Class3_benchmark_cycle
867.0,107.483618,19.126644,synthetic_USFS_Class3_benchmark_cycle
867.1,107.502488,18.613864,synthetic_USFS_Class3_benchmark_cycle
867.2,107.520842,18.092741,synthetic_USFS_Class3_benchmark_cycle
867.3,107.538671,17.565332,synthetic_USFS_Class3_benchmark_cycle
867.4,107.555970,17.033719,synthetic_USFS_Class3_benchmark_cycle
867.5,107.572737,16.500000,synthetic_USFS_Class3_benchmark_cycle
867.6,107.588970,15.966281,synthetic_USFS_Class3_benchmark_cycle
867.7,107.604671,15.434668,synthetic_USFS_Class3_benchmark_cycle
867.8,107.619842,14.907259,synthetic_USFS_Class3_benchmark_cycle
867.9,107.634488,14.386136,synthetic_USFS_Class3_benchmark_cycle
868.0,107.648618,13.873356,synthetic_USFS_Class3_benchmark_cycle
868.1,107.662240,13.370941,synthetic_USFS_Class3_benchmark_cycle
868.2,107.675366,12.880876,synthetic_USFS_Class3_benchmark_cycle
868.3,107.688009,12.405094,synthetic_USFS_Class3_benchmark_cycle
868.4,107.700185,11.945472,synthetic_USFS_Class3_benchmark_cycle
868.5,107.711909,11.503825,synthetic_USFS_Class3_benchmark_cycle
868.6,107.723202,11.081896,synthetic_USFS_Class3_benchmark_cycle
868.7,107.734084,10.681350,synthetic_USFS_Class3_benchmark_cycle
868.8,107.744576,10.303767,synthetic_USFS_Class3_benchmark_cycle
868.9,107.754703,9.950637,synthetic_USFS_Class3_benchmark_cycle
869.0,107.764490,9.623356,synthetic_USFS_Class3_benchmark_cycle
869.1,107.773964,9.323213,synthetic_USFS_Class3_benchmark_cycle
869.2,107.783151,9.051393,synthetic_USFS_Class3_benchmark_cycle
869.3,107.792081,8.808970,synthetic_USFS_Class3_benchmark_cycle
869.4,107.800784,8.596900,synthetic_USFS_Class3_benchmark_cycle
869.5,107.809291,8.416020,synthetic_USFS_Class3_benchmark_cycle
869.6,107.817632,8.267043,synthetic_USFS_Class3_benchmark_cycle
869.7,107.825841,8.150558,synthetic_USFS_Class3_benchmark_cycle
869.8,107.833950,8.067025,synthetic_USFS_Class3_benchmark_cycle
869.9,107.841992,8.016773,synthetic_USFS_Class3_benchmark_cycle
870.0,107.850000,8.000000,synthetic_USFS_Class3_benchmark_cycle
870.1,107.858000,8.000000,synthetic_USFS_Class3_benchmark_cycle
870.2,107.866000,8.000000,synthetic_USFS_Class3_benchmark_cycle
870.3,107.874000,8.000000,synthetic_USFS_Class3_benchmark_cycle
870.4,107.882000,8.000000,synthetic_USFS_Class3_benchmark_cycle
870.5,107.890000,8.000000,synthetic_USFS_Class3_benchmark_cycle
870.6,107.898000,8.000000,synthetic_USFS_Class3_benchmark_cycle
870.7,107.906000,8.000000,synthetic_USFS_Class3_benchmark_cycle
870.8,107.914000,8.000000,synthetic_USFS_Class3_benchmark_cycle
870.9,107.922000,8.000000,synthetic_USFS_Class3_benchmark_cycle
871.0,107.930000,8.000000,synthetic_USFS_Class3_benchmark_cycle
871.1,107.938000,8.000000,synthetic_USFS_Class3_benchmark_cycle
871.2,107.946000,8.000000,synthetic_USFS_Class3_benchmark_cycle
871.3,107.954000,8.000000,synthetic_USFS_Class3_benchmark_cycle
871.4,107.962000,8.000000,synthetic_USFS_Class3_benchmark_cycle
871.5,107.970000,8.000000,synthetic_USFS_Class3_benchmark_cycle
871.6,107.978000,8.000000,synthetic_USFS_Class3_benchmark_cycle
871.7,107.986000,8.000000,synthetic_USFS_Class3_benchmark_cycle
871.8,107.994000,8.000000,synthetic_USFS_Class3_benchmark_cycle
871.9,108.002000,8.000000,synthetic_USFS_Class3_benchmark_cycle
872.0,108.010000,8.000000,synthetic_USFS_Class3_benchmark_cycle
872.1,108.018000,8.000000,synthetic_USFS_Class3_benchmark_cycle
872.2,108.026000,8.000000,synthetic_USFS_Class3_benchmark_cycle
872.3,108.034000,8.000000,synthetic_USFS_Class3_benchmark_cycle
872.4,108.042000,8.000000,synthetic_USFS_Class3_benchmark_cycle
872.5,108.050000,8.000000,synthetic_USFS_Class3_benchmark_cycle
872.6,108.058000,8.000000,synthetic_USFS_Class3_benchmark_cycle
872.7,108.066000,8.000000,synthetic_USFS_Class3_benchmark_cycle
872.8,108.074000,8.000000,synthetic_USFS_Class3_benchmark_cycle
872.9,108.082000,8.000000,synthetic_USFS_Class3_benchmark_cycle
873.0,108.090000,8.000000,synthetic_USFS_Class3_benchmark_cycle
873.1,108.098000,8.000000,synthetic_USFS_Class3_benchmark_cycle
873.2,108.106000,8.000000,synthetic_USFS_Class3_benchmark_cycle
873.3,108.114000,8.000000,synthetic_USFS_Class3_benchmark_cycle
873.4,108.122000,8.000000,synthetic_USFS_Class3_benchmark_cycle
873.5,108.130000,8.000000,synthetic_USFS_Class3_benchmark_cycle
873.6,108.138000,8.000000,synthetic_USFS_Class3_benchmark_cycle
873.7,108.146000,8.000000,synthetic_USFS_Class3_benchmark_cycle
873.8,108.154000,8.000000,synthetic_USFS_Class3_benchmark_cycle
873.9,108.162000,8.000000,synthetic_USFS_Class3_benchmark_cycle
874.0,108.170000,8.000000,synthetic_USFS_Class3_benchmark_cycle
874.1,108.178000,8.000000,synthetic_USFS_Class3_benchmark_cycle
874.2,108.186000,8.000000,synthetic_USFS_Class3_benchmark_cycle
874.3,108.194000,8.000000,synthetic_USFS_Class3_benchmark_cycle
874.4,108.202000,8.000000,synthetic_USFS_Class3_benchmark_cycle
874.5,108.210000,8.000000,synthetic_USFS_Class3_benchmark_cycle
874.6,108.218000,8.000000,synthetic_USFS_Class3_benchmark_cycle
874.7,108.226000,8.000000,synthetic_USFS_Class3_benchmark_cycle
874.8,108.234000,8.000000,synthetic_USFS_Class3_benchmark_cycle
874.9,108.242000,8.000000,synthetic_USFS_Class3_benchmark_cycle
875.0,108.250000,8.000000,synthetic_USFS_Class3_benchmark_cycle
875.1,108.258000,8.000000,synthetic_USFS_Class3_benchmark_cycle
875.2,108.266000,8.000000,synthetic_USFS_Class3_benchmark_cycle
875.3,108.274000,8.000000,synthetic_USFS_Class3_benchmark_cycle
875.4,108.282000,8.000000,synthetic_USFS_Class3_benchmark_cycle
875.5,108.290000,8.000000,synthetic_USFS_Class3_benchmark_cycle
875.6,108.298000,8.000000,synthetic_USFS_Class3_benchmark_cycle
875.7,108.306000,8.000000,synthetic_USFS_Class3_benchmark_cycle
875.8,108.314000,8.000000,synthetic_USFS_Class3_benchmark_cycle
875.9,108.322000,8.000000,synthetic_USFS_Class3_benchmark_cycle
876.0,108.330000,8.000000,synthetic_USFS_Class3_benchmark_cycle
876.1,108.338000,8.000000,synthetic_USFS_Class3_benchmark_cycle
876.2,108.346000,8.000000,synthetic_USFS_Class3_benchmark_cycle
876.3,108.354000,8.000000,synthetic_USFS_Class3_benchmark_cycle
876.4,108.362000,8.000000,synthetic_USFS_Class3_benchmark_cycle
876.5,108.370000,8.000000,synthetic_USFS_Class3_benchmark_cycle
876.6,108.378000,8.000000,synthetic_USFS_Class3_benchmark_cycle
876.7,108.386000,8.000000,synthetic_USFS_Class3_benchmark_cycle
876.8,108.394000,8.000000,synthetic_USFS_Class3_benchmark_cycle
876.9,108.402000,8.000000,synthetic_USFS_Class3_benchmark_cycle
877.0,108.410000,8.000000,synthetic_USFS_Class3_benchmark_cycle
877.1,108.418000,8.000000,synthetic_USFS_Class3_benchmark_cycle
877.2,108.426000,8.000000,synthetic_USFS_Class3_benchmark_cycle
877.3,108.434000,8.000000,synthetic_USFS_Class3_benchmark_cycle
877.4,108.442000,8.000000,synthetic_USFS_Class3_benchmark_cycle
877.5,108.450000,8.000000,synthetic_USFS_Class3_benchmark_cycle
877.6,108.458000,8.000000,synthetic_USFS_Class3_benchmark_cycle
877.7,108.466000,8.000000,synthetic_USFS_Class3_benchmark_cycle
877.8,108.474000,8.000000,synthetic_USFS_Class3_benchmark_cycle
877.9,108.482000,8.000000,synthetic_USFS_Class3_benchmark_cycle
878.0,108.490000,8.000000,synthetic_USFS_Class3_benchmark_cycle
878.1,108.498000,8.000000,synthetic_USFS_Class3_benchmark_cycle
878.2,108.506000,8.000000,synthetic_USFS_Class3_benchmark_cycle
878.3,108.514000,8.000000,synthetic_USFS_Class3_benchmark_cycle
878.4,108.522000,8.000000,synthetic_USFS_Class3_benchmark_cycle
878.5,108.530000,8.000000,synthetic_USFS_Class3_benchmark_cycle
878.6,108.538000,8.000000,synthetic_USFS_Class3_benchmark_cycle
878.7,108.546000,8.000000,synthetic_USFS_Class3_benchmark_cycle
878.8,108.554000,8.000000,synthetic_USFS_Class3_benchmark_cycle
878.9,108.562000,8.000000,synthetic_USFS_Class3_benchmark_cycle
879.0,108.570000,8.000000,synthetic_USFS_Class3_benchmark_cycle
879.1,108.578000,8.000000,synthetic_USFS_Class3_benchmark_cycle
879.2,108.586000,8.000000,synthetic_USFS_Class3_benchmark_cycle
879.3,108.594000,8.000000,synthetic_USFS_Class3_benchmark_cycle
879.4,108.602000,8.000000,synthetic_USFS_Class3_benchmark_cycle
879.5,108.610000,8.000000,synthetic_USFS_Class3_benchmark_cycle
879.6,108.618000,8.000000,synthetic_USFS_Class3_benchmark_cycle
879.7,108.626000,8.000000,synthetic_USFS_Class3_benchmark_cycle
879.8,108.634000,8.000000,synthetic_USFS_Class3_benchmark_cycle
879.9,108.642000,8.000000,synthetic_USFS_Class3_benchmark_cycle
880.0,108.650000,8.000000,synthetic_USFS_Class3_benchmark_cycle
880.1,108.658000,8.000000,synthetic_USFS_Class3_benchmark_cycle
880.2,108.666000,8.000000,synthetic_USFS_Class3_benchmark_cycle
880.3,108.674000,8.000000,synthetic_USFS_Class3_benchmark_cycle
880.4,108.682000,8.000000,synthetic_USFS_Class3_benchmark_cycle
880.5,108.690000,8.000000,synthetic_USFS_Class3_benchmark_cycle
880.6,108.698000,8.000000,synthetic_USFS_Class3_benchmark_cycle
880.7,108.706000,8.000000,synthetic_USFS_Class3_benchmark_cycle
880.8,108.714000,8.000000,synthetic_USFS_Class3_benchmark_cycle
880.9,108.722000,8.000000,synthetic_USFS_Class3_benchmark_cycle
881.0,108.730000,8.000000,synthetic_USFS_Class3_benchmark_cycle
881.1,108.738000,8.000000,synthetic_USFS_Class3_benchmark_cycle
881.2,108.746000,8.000000,synthetic_USFS_Class3_benchmark_cycle
881.3,108.754000,8.000000,synthetic_USFS_Class3_benchmark_cycle
881.4,108.762000,8.000000,synthetic_USFS_Class3_benchmark_cycle
881.5,108.770000,8.000000,synthetic_USFS_Class3_benchmark_cycle
881.6,108.778000,8.000000,synthetic_USFS_Class3_benchmark_cycle
881.7,108.786000,8.000000,synthetic_USFS_Class3_benchmark_cycle
881.8,108.794000,8.000000,synthetic_USFS_Class3_benchmark_cycle
881.9,108.802000,8.000000,synthetic_USFS_Class3_benchmark_cycle
882.0,108.810000,8.000000,synthetic_USFS_Class3_benchmark_cycle
882.1,108.818000,8.000000,synthetic_USFS_Class3_benchmark_cycle
882.2,108.826000,8.000000,synthetic_USFS_Class3_benchmark_cycle
882.3,108.834000,8.000000,synthetic_USFS_Class3_benchmark_cycle
882.4,108.842000,8.000000,synthetic_USFS_Class3_benchmark_cycle
882.5,108.850000,8.000000,synthetic_USFS_Class3_benchmark_cycle
882.6,108.858000,8.000000,synthetic_USFS_Class3_benchmark_cycle
882.7,108.866000,8.000000,synthetic_USFS_Class3_benchmark_cycle
882.8,108.874000,8.000000,synthetic_USFS_Class3_benchmark_cycle
882.9,108.882000,8.000000,synthetic_USFS_Class3_benchmark_cycle
883.0,108.890000,8.000000,synthetic_USFS_Class3_benchmark_cycle
883.1,108.898000,8.000000,synthetic_USFS_Class3_benchmark_cycle
883.2,108.906000,8.000000,synthetic_USFS_Class3_benchmark_cycle
883.3,108.914000,8.000000,synthetic_USFS_Class3_benchmark_cycle
883.4,108.922000,8.000000,synthetic_USFS_Class3_benchmark_cycle
883.5,108.930000,8.000000,synthetic_USFS_Class3_benchmark_cycle
883.6,108.938000,8.000000,synthetic_USFS_Class3_benchmark_cycle
883.7,108.946000,8.000000,synthetic_USFS_Class3_benchmark_cycle
883.8,108.954000,8.000000,synthetic_USFS_Class3_benchmark_cycle
883.9,108.962000,8.000000,synthetic_USFS_Class3_benchmark_cycle
884.0,108.970000,8.000000,synthetic_USFS_Class3_benchmark_cycle
884.1,108.978000,8.000000,synthetic_USFS_Class3_benchmark_cycle
884.2,108.986000,8.000000,synthetic_USFS_Class3_benchmark_cycle
884.3,108.994000,8.000000,synthetic_USFS_Class3_benchmark_cycle
884.4,109.002000,8.000000,synthetic_USFS_Class3_benchmark_cycle
884.5,109.010000,8.000000,synthetic_USFS_Class3_benchmark_cycle
884.6,109.018000,8.000000,synthetic_USFS_Class3_benchmark_cycle
884.7,109.026000,8.000000,synthetic_USFS_Class3_benchmark_cycle
884.8,109.034000,8.000000,synthetic_USFS_Class3_benchmark_cycle
884.9,109.042000,8.000000,synthetic_USFS_Class3_benchmark_cycle
885.0,109.050000,8.000000,synthetic_USFS_Class3_benchmark_cycle
885.1,109.058000,8.000000,synthetic_USFS_Class3_benchmark_cycle
885.2,109.066000,8.000000,synthetic_USFS_Class3_benchmark_cycle
885.3,109.074000,8.000000,synthetic_USFS_Class3_benchmark_cycle
885.4,109.082000,8.000000,synthetic_USFS_Class3_benchmark_cycle
885.5,109.090000,8.000000,synthetic_USFS_Class3_benchmark_cycle
885.6,109.098000,8.000000,synthetic_USFS_Class3_benchmark_cycle
885.7,109.106000,8.000000,synthetic_USFS_Class3_benchmark_cycle
885.8,109.114000,8.000000,synthetic_USFS_Class3_benchmark_cycle
885.9,109.122000,8.000000,synthetic_USFS_Class3_benchmark_cycle
886.0,109.130000,8.000000,synthetic_USFS_Class3_benchmark_cycle
886.1,109.138000,8.000000,synthetic_USFS_Class3_benchmark_cycle
886.2,109.146000,8.000000,synthetic_USFS_Class3_benchmark_cycle
886.3,109.154000,8.000000,synthetic_USFS_Class3_benchmark_cycle
886.4,109.162000,8.000000,synthetic_USFS_Class3_benchmark_cycle
886.5,109.170000,8.000000,synthetic_USFS_Class3_benchmark_cycle
886.6,109.178000,8.000000,synthetic_USFS_Class3_benchmark_cycle
886.7,109.186000,8.000000,synthetic_USFS_Class3_benchmark_cycle
886.8,109.194000,8.000000,synthetic_USFS_Class3_benchmark_cycle
886.9,109.202000,8.000000,synthetic_USFS_Class3_benchmark_cycle
887.0,109.210000,8.000000,synthetic_USFS_Class3_benchmark_cycle
887.1,109.218000,8.000000,synthetic_USFS_Class3_benchmark_cycle
887.2,109.226000,8.000000,synthetic_USFS_Class3_benchmark_cycle
887.3,109.234000,8.000000,synthetic_USFS_Class3_benchmark_cycle
887.4,109.242000,8.000000,synthetic_USFS_Class3_benchmark_cycle
887.5,109.250000,8.000000,synthetic_USFS_Class3_benchmark_cycle
887.6,109.258000,8.000000,synthetic_USFS_Class3_benchmark_cycle
887.7,109.266000,8.000000,synthetic_USFS_Class3_benchmark_cycle
887.8,109.274000,8.000000,synthetic_USFS_Class3_benchmark_cycle
887.9,109.282000,8.000000,synthetic_USFS_Class3_benchmark_cycle
888.0,109.290000,8.000000,synthetic_USFS_Class3_benchmark_cycle
888.1,109.298000,8.000000,synthetic_USFS_Class3_benchmark_cycle
888.2,109.306000,8.000000,synthetic_USFS_Class3_benchmark_cycle
888.3,109.314000,8.000000,synthetic_USFS_Class3_benchmark_cycle
888.4,109.322000,8.000000,synthetic_USFS_Class3_benchmark_cycle
888.5,109.330000,8.000000,synthetic_USFS_Class3_benchmark_cycle
888.6,109.338000,8.000000,synthetic_USFS_Class3_benchmark_cycle
888.7,109.346000,8.000000,synthetic_USFS_Class3_benchmark_cycle
888.8,109.354000,8.000000,synthetic_USFS_Class3_benchmark_cycle
888.9,109.362000,8.000000,synthetic_USFS_Class3_benchmark_cycle
889.0,109.370000,8.000000,synthetic_USFS_Class3_benchmark_cycle
889.1,109.378000,8.000000,synthetic_USFS_Class3_benchmark_cycle
889.2,109.386000,8.000000,synthetic_USFS_Class3_benchmark_cycle
889.3,109.394000,8.000000,synthetic_USFS_Class3_benchmark_cycle
889.4,109.402000,8.000000,synthetic_USFS_Class3_benchmark_cycle
889.5,109.410000,8.000000,synthetic_USFS_Class3_benchmark_cycle
889.6,109.418000,8.000000,synthetic_USFS_Class3_benchmark_cycle
889.7,109.426000,8.000000,synthetic_USFS_Class3_benchmark_cycle
889.8,109.434000,8.000000,synthetic_USFS_Class3_benchmark_cycle
889.9,109.442000,8.000000,synthetic_USFS_Class3_benchmark_cycle
890.0,109.450000,8.000000,synthetic_USFS_Class3_benchmark_cycle
890.1,109.458000,8.000000,synthetic_USFS_Class3_benchmark_cycle
890.2,109.466000,8.000000,synthetic_USFS_Class3_benchmark_cycle
890.3,109.474000,8.000000,synthetic_USFS_Class3_benchmark_cycle
890.4,109.482000,8.000000,synthetic_USFS_Class3_benchmark_cycle
890.5,109.490000,8.000000,synthetic_USFS_Class3_benchmark_cycle
890.6,109.498000,8.000000,synthetic_USFS_Class3_benchmark_cycle
890.7,109.506000,8.000000,synthetic_USFS_Class3_benchmark_cycle
890.8,109.514000,8.000000,synthetic_USFS_Class3_benchmark_cycle
890.9,109.522000,8.000000,synthetic_USFS_Class3_benchmark_cycle
891.0,109.530000,8.000000,synthetic_USFS_Class3_benchmark_cycle
891.1,109.538000,8.000000,synthetic_USFS_Class3_benchmark_cycle
891.2,109.546000,8.000000,synthetic_USFS_Class3_benchmark_cycle
891.3,109.554000,8.000000,synthetic_USFS_Class3_benchmark_cycle
891.4,109.562000,8.000000,synthetic_USFS_Class3_benchmark_cycle
891.5,109.570000,8.000000,synthetic_USFS_Class3_benchmark_cycle
891.6,109.578000,8.000000,synthetic_USFS_Class3_benchmark_cycle
891.7,109.586000,8.000000,synthetic_USFS_Class3_benchmark_cycle
891.8,109.594000,8.000000,synthetic_USFS_Class3_benchmark_cycle
891.9,109.602000,8.000000,synthetic_USFS_Class3_benchmark_cycle
892.0,109.610000,8.000000,synthetic_USFS_Class3_benchmark_cycle
892.1,109.618000,8.000000,synthetic_USFS_Class3_benchmark_cycle
892.2,109.626000,8.000000,synthetic_USFS_Class3_benchmark_cycle
892.3,109.634000,8.000000,synthetic_USFS_Class3_benchmark_cycle
892.4,109.642000,8.000000,synthetic_USFS_Class3_benchmark_cycle
892.5,109.650000,8.000000,synthetic_USFS_Class3_benchmark_cycle
892.6,109.658000,8.000000,synthetic_USFS_Class3_benchmark_cycle
892.7,109.666000,8.000000,synthetic_USFS_Class3_benchmark_cycle
892.8,109.674000,8.000000,synthetic_USFS_Class3_benchmark_cycle
892.9,109.682000,8.000000,synthetic_USFS_Class3_benchmark_cycle
893.0,109.690000,8.000000,synthetic_USFS_Class3_benchmark_cycle
893.1,109.698000,8.000000,synthetic_USFS_Class3_benchmark_cycle
893.2,109.706000,8.000000,synthetic_USFS_Class3_benchmark_cycle
893.3,109.714000,8.000000,synthetic_USFS_Class3_benchmark_cycle
893.4,109.722000,8.000000,synthetic_USFS_Class3_benchmark_cycle
893.5,109.730000,8.000000,synthetic_USFS_Class3_benchmark_cycle
893.6,109.738000,8.000000,synthetic_USFS_Class3_benchmark_cycle
893.7,109.746000,8.000000,synthetic_USFS_Class3_benchmark_cycle
893.8,109.754000,8.000000,synthetic_USFS_Class3_benchmark_cycle
893.9,109.762000,8.000000,synthetic_USFS_Class3_benchmark_cycle
894.0,109.770000,8.000000,synthetic_USFS_Class3_benchmark_cycle
894.1,109.778000,8.000000,synthetic_USFS_Class3_benchmark_cycle
894.2,109.786000,8.000000,synthetic_USFS_Class3_benchmark_cycle
894.3,109.794000,8.000000,synthetic_USFS_Class3_benchmark_cycle
894.4,109.802000,8.000000,synthetic_USFS_Class3_benchmark_cycle
894.5,109.810000,8.000000,synthetic_USFS_Class3_benchmark_cycle
894.6,109.818000,8.000000,synthetic_USFS_Class3_benchmark_cycle
894.7,109.826000,8.000000,synthetic_USFS_Class3_benchmark_cycle
894.8,109.834000,8.000000,synthetic_USFS_Class3_benchmark_cycle
894.9,109.842000,8.000000,synthetic_USFS_Class3_benchmark_cycle
895.0,109.850000,8.000000,synthetic_USFS_Class3_benchmark_cycle
895.1,109.858000,8.000000,synthetic_USFS_Class3_benchmark_cycle
895.2,109.866000,8.000000,synthetic_USFS_Class3_benchmark_cycle
895.3,109.874000,8.000000,synthetic_USFS_Class3_benchmark_cycle
895.4,109.882000,8.000000,synthetic_USFS_Class3_benchmark_cycle
895.5,109.890000,8.000000,synthetic_USFS_Class3_benchmark_cycle
895.6,109.898000,8.000000,synthetic_USFS_Class3_benchmark_cycle
895.7,109.906000,8.000000,synthetic_USFS_Class3_benchmark_cycle
895.8,109.914000,8.000000,synthetic_USFS_Class3_benchmark_cycle
895.9,109.922000,8.000000,synthetic_USFS_Class3_benchmark_cycle
896.0,109.930000,8.000000,synthetic_USFS_Class3_benchmark_cycle
896.1,109.938000,8.000000,synthetic_USFS_Class3_benchmark_cycle
896.2,109.946000,8.000000,synthetic_USFS_Class3_benchmark_cycle
896.3,109.954000,8.000000,synthetic_USFS_Class3_benchmark_cycle
896.4,109.962000,8.000000,synthetic_USFS_Class3_benchmark_cycle
896.5,109.970000,8.000000,synthetic_USFS_Class3_benchmark_cycle
896.6,109.978000,8.000000,synthetic_USFS_Class3_benchmark_cycle
896.7,109.986000,8.000000,synthetic_USFS_Class3_benchmark_cycle
896.8,109.994000,8.000000,synthetic_USFS_Class3_benchmark_cycle
896.9,110.002000,8.000000,synthetic_USFS_Class3_benchmark_cycle
897.0,110.010000,8.000000,synthetic_USFS_Class3_benchmark_cycle
897.1,110.018000,8.000000,synthetic_USFS_Class3_benchmark_cycle
897.2,110.026000,8.000000,synthetic_USFS_Class3_benchmark_cycle
897.3,110.034000,8.000000,synthetic_USFS_Class3_benchmark_cycle
897.4,110.042000,8.000000,synthetic_USFS_Class3_benchmark_cycle
897.5,110.050000,8.000000,synthetic_USFS_Class3_benchmark_cycle
897.6,110.058000,8.000000,synthetic_USFS_Class3_benchmark_cycle
897.7,110.066000,8.000000,synthetic_USFS_Class3_benchmark_cycle
897.8,110.074000,8.000000,synthetic_USFS_Class3_benchmark_cycle
897.9,110.082000,8.000000,synthetic_USFS_Class3_benchmark_cycle
898.0,110.090000,8.000000,synthetic_USFS_Class3_benchmark_cycle
898.1,110.098000,8.000000,synthetic_USFS_Class3_benchmark_cycle
898.2,110.106000,8.000000,synthetic_USFS_Class3_benchmark_cycle
898.3,110.114000,8.000000,synthetic_USFS_Class3_benchmark_cycle
898.4,110.122000,8.000000,synthetic_USFS_Class3_benchmark_cycle
898.5,110.130000,8.000000,synthetic_USFS_Class3_benchmark_cycle
898.6,110.138000,8.000000,synthetic_USFS_Class3_benchmark_cycle
898.7,110.146000,8.000000,synthetic_USFS_Class3_benchmark_cycle
898.8,110.154000,8.000000,synthetic_USFS_Class3_benchmark_cycle
898.9,110.162000,8.000000,synthetic_USFS_Class3_benchmark_cycle
899.0,110.170000,8.000000,synthetic_USFS_Class3_benchmark_cycle
899.1,110.178000,8.000000,synthetic_USFS_Class3_benchmark_cycle
899.2,110.186000,8.000000,synthetic_USFS_Class3_benchmark_cycle
899.3,110.194000,8.000000,synthetic_USFS_Class3_benchmark_cycle
899.4,110.202000,8.000000,synthetic_USFS_Class3_benchmark_cycle
899.5,110.210000,8.000000,synthetic_USFS_Class3_benchmark_cycle
899.6,110.218000,8.000000,synthetic_USFS_Class3_benchmark_cycle
899.7,110.226000,8.000000,synthetic_USFS_Class3_benchmark_cycle
899.8,110.234000,8.000000,synthetic_USFS_Class3_benchmark_cycle
899.9,110.242000,8.000000,synthetic_USFS_Class3_benchmark_cycle
900.0,110.250000,8.000000,synthetic_USFS_Class3_benchmark_cycle
900.1,110.258000,8.000000,synthetic_USFS_Class3_benchmark_cycle
900.2,110.266000,8.000000,synthetic_USFS_Class3_benchmark_cycle
900.3,110.274000,8.000000,synthetic_USFS_Class3_benchmark_cycle
900.4,110.282000,8.000000,synthetic_USFS_Class3_benchmark_cycle
900.5,110.290000,8.000000,synthetic_USFS_Class3_benchmark_cycle
900.6,110.298000,8.000000,synthetic_USFS_Class3_benchmark_cycle
900.7,110.306000,8.000000,synthetic_USFS_Class3_benchmark_cycle
900.8,110.314000,8.000000,synthetic_USFS_Class3_benchmark_cycle
900.9,110.322000,8.000000,synthetic_USFS_Class3_benchmark_cycle
901.0,110.330000,8.000000,synthetic_USFS_Class3_benchmark_cycle
901.1,110.338000,8.000000,synthetic_USFS_Class3_benchmark_cycle
901.2,110.346000,8.000000,synthetic_USFS_Class3_benchmark_cycle
901.3,110.354000,8.000000,synthetic_USFS_Class3_benchmark_cycle
901.4,110.362000,8.000000,synthetic_USFS_Class3_benchmark_cycle
901.5,110.370000,8.000000,synthetic_USFS_Class3_benchmark_cycle
901.6,110.378000,8.000000,synthetic_USFS_Class3_benchmark_cycle
901.7,110.386000,8.000000,synthetic_USFS_Class3_benchmark_cycle
901.8,110.394000,8.000000,synthetic_USFS_Class3_benchmark_cycle
901.9,110.402000,8.000000,synthetic_USFS_Class3_benchmark_cycle
902.0,110.410000,8.000000,synthetic_USFS_Class3_benchmark_cycle
902.1,110.418000,8.000000,synthetic_USFS_Class3_benchmark_cycle
902.2,110.426000,8.000000,synthetic_USFS_Class3_benchmark_cycle
902.3,110.434000,8.000000,synthetic_USFS_Class3_benchmark_cycle
902.4,110.442000,8.000000,synthetic_USFS_Class3_benchmark_cycle
902.5,110.450000,8.000000,synthetic_USFS_Class3_benchmark_cycle
902.6,110.458000,8.000000,synthetic_USFS_Class3_benchmark_cycle
902.7,110.466000,8.000000,synthetic_USFS_Class3_benchmark_cycle
902.8,110.474000,8.000000,synthetic_USFS_Class3_benchmark_cycle
902.9,110.482000,8.000000,synthetic_USFS_Class3_benchmark_cycle
903.0,110.490000,8.000000,synthetic_USFS_Class3_benchmark_cycle
903.1,110.498000,8.000000,synthetic_USFS_Class3_benchmark_cycle
903.2,110.506000,8.000000,synthetic_USFS_Class3_benchmark_cycle
903.3,110.514000,8.000000,synthetic_USFS_Class3_benchmark_cycle
903.4,110.522000,8.000000,synthetic_USFS_Class3_benchmark_cycle
903.5,110.530000,8.000000,synthetic_USFS_Class3_benchmark_cycle
903.6,110.538000,8.000000,synthetic_USFS_Class3_benchmark_cycle
903.7,110.546000,8.000000,synthetic_USFS_Class3_benchmark_cycle
903.8,110.554000,8.000000,synthetic_USFS_Class3_benchmark_cycle
903.9,110.562000,8.000000,synthetic_USFS_Class3_benchmark_cycle
904.0,110.570000,8.000000,synthetic_USFS_Class3_benchmark_cycle
904.1,110.578000,8.000000,synthetic_USFS_Class3_benchmark_cycle
904.2,110.586000,8.000000,synthetic_USFS_Class3_benchmark_cycle
904.3,110.594000,8.000000,synthetic_USFS_Class3_benchmark_cycle
904.4,110.602000,8.000000,synthetic_USFS_Class3_benchmark_cycle
904.5,110.610000,8.000000,synthetic_USFS_Class3_benchmark_cycle
904.6,110.618000,8.000000,synthetic_USFS_Class3_benchmark_cycle
904.7,110.626000,8.000000,synthetic_USFS_Class3_benchmark_cycle
904.8,110.634000,8.000000,synthetic_USFS_Class3_benchmark_cycle
904.9,110.642000,8.000000,synthetic_USFS_Class3_benchmark_cycle
905.0,110.650000,8.000000,synthetic_USFS_Class3_benchmark_cycle
905.1,110.658000,8.000000,synthetic_USFS_Class3_benchmark_cycle
905.2,110.666000,8.000000,synthetic_USFS_Class3_benchmark_cycle
905.3,110.674000,8.000000,synthetic_USFS_Class3_benchmark_cycle
905.4,110.682000,8.000000,synthetic_USFS_Class3_benchmark_cycle
905.5,110.690000,8.000000,synthetic_USFS_Class3_benchmark_cycle
905.6,110.698000,8.000000,synthetic_USFS_Class3_benchmark_cycle
905.7,110.706000,8.000000,synthetic_USFS_Class3_benchmark_cycle
905.8,110.714000,8.000000,synthetic_USFS_Class3_benchmark_cycle
905.9,110.722000,8.000000,synthetic_USFS_Class3_benchmark_cycle
906.0,110.730000,8.000000,synthetic_USFS_Class3_benchmark_cycle
906.1,110.738000,8.000000,synthetic_USFS_Class3_benchmark_cycle
906.2,110.746000,8.000000,synthetic_USFS_Class3_benchmark_cycle
906.3,110.754000,8.000000,synthetic_USFS_Class3_benchmark_cycle
906.4,110.762000,8.000000,synthetic_USFS_Class3_benchmark_cycle
906.5,110.770000,8.000000,synthetic_USFS_Class3_benchmark_cycle
906.6,110.778000,8.000000,synthetic_USFS_Class3_benchmark_cycle
906.7,110.786000,8.000000,synthetic_USFS_Class3_benchmark_cycle
906.8,110.794000,8.000000,synthetic_USFS_Class3_benchmark_cycle
906.9,110.802000,8.000000,synthetic_USFS_Class3_benchmark_cycle
907.0,110.810000,8.000000,synthetic_USFS_Class3_benchmark_cycle
907.1,110.818000,8.000000,synthetic_USFS_Class3_benchmark_cycle
907.2,110.826000,8.000000,synthetic_USFS_Class3_benchmark_cycle
907.3,110.834000,8.000000,synthetic_USFS_Class3_benchmark_cycle
907.4,110.842000,8.000000,synthetic_USFS_Class3_benchmark_cycle
907.5,110.850000,8.000000,synthetic_USFS_Class3_benchmark_cycle
907.6,110.858000,8.000000,synthetic_USFS_Class3_benchmark_cycle
907.7,110.866000,8.000000,synthetic_USFS_Class3_benchmark_cycle
907.8,110.874000,8.000000,synthetic_USFS_Class3_benchmark_cycle
907.9,110.882000,8.000000,synthetic_USFS_Class3_benchmark_cycle
908.0,110.890000,8.000000,synthetic_USFS_Class3_benchmark_cycle
908.1,110.898000,8.000000,synthetic_USFS_Class3_benchmark_cycle
908.2,110.906000,8.000000,synthetic_USFS_Class3_benchmark_cycle
908.3,110.914000,8.000000,synthetic_USFS_Class3_benchmark_cycle
908.4,110.922000,8.000000,synthetic_USFS_Class3_benchmark_cycle
908.5,110.930000,8.000000,synthetic_USFS_Class3_benchmark_cycle
908.6,110.938000,8.000000,synthetic_USFS_Class3_benchmark_cycle
908.7,110.946000,8.000000,synthetic_USFS_Class3_benchmark_cycle
908.8,110.954000,8.000000,synthetic_USFS_Class3_benchmark_cycle
908.9,110.962000,8.000000,synthetic_USFS_Class3_benchmark_cycle
909.0,110.970000,8.000000,synthetic_USFS_Class3_benchmark_cycle
909.1,110.978000,8.000000,synthetic_USFS_Class3_benchmark_cycle
909.2,110.986000,8.000000,synthetic_USFS_Class3_benchmark_cycle
909.3,110.994000,8.000000,synthetic_USFS_Class3_benchmark_cycle
909.4,111.002000,8.000000,synthetic_USFS_Class3_benchmark_cycle
909.5,111.010000,8.000000,synthetic_USFS_Class3_benchmark_cycle
909.6,111.018000,8.000000,synthetic_USFS_Class3_benchmark_cycle
909.7,111.026000,8.000000,synthetic_USFS_Class3_benchmark_cycle
909.8,111.034000,8.000000,synthetic_USFS_Class3_benchmark_cycle
909.9,111.042000,8.000000,synthetic_USFS_Class3_benchmark_cycle
910.0,111.050000,8.000000,synthetic_USFS_Class3_benchmark_cycle
910.1,111.058000,8.000000,synthetic_USFS_Class3_benchmark_cycle
910.2,111.066000,8.000000,synthetic_USFS_Class3_benchmark_cycle
910.3,111.074000,8.000000,synthetic_USFS_Class3_benchmark_cycle
910.4,111.082000,8.000000,synthetic_USFS_Class3_benchmark_cycle
910.5,111.090000,8.000000,synthetic_USFS_Class3_benchmark_cycle
910.6,111.098000,8.000000,synthetic_USFS_Class3_benchmark_cycle
910.7,111.106000,8.000000,synthetic_USFS_Class3_benchmark_cycle
910.8,111.114000,8.000000,synthetic_USFS_Class3_benchmark_cycle
910.9,111.122000,8.000000,synthetic_USFS_Class3_benchmark_cycle
911.0,111.130000,8.000000,synthetic_USFS_Class3_benchmark_cycle
911.1,111.138000,8.000000,synthetic_USFS_Class3_benchmark_cycle
911.2,111.146000,8.000000,synthetic_USFS_Class3_benchmark_cycle
911.3,111.154000,8.000000,synthetic_USFS_Class3_benchmark_cycle
911.4,111.162000,8.000000,synthetic_USFS_Class3_benchmark_cycle
911.5,111.170000,8.000000,synthetic_USFS_Class3_benchmark_cycle
911.6,111.178000,8.000000,synthetic_USFS_Class3_benchmark_cycle
911.7,111.186000,8.000000,synthetic_USFS_Class3_benchmark_cycle
911.8,111.194000,8.000000,synthetic_USFS_Class3_benchmark_cycle
911.9,111.202000,8.000000,synthetic_USFS_Class3_benchmark_cycle
912.0,111.210000,8.000000,synthetic_USFS_Class3_benchmark_cycle
912.1,111.218000,8.000000,synthetic_USFS_Class3_benchmark_cycle
912.2,111.226000,8.000000,synthetic_USFS_Class3_benchmark_cycle
912.3,111.234000,8.000000,synthetic_USFS_Class3_benchmark_cycle
912.4,111.242000,8.000000,synthetic_USFS_Class3_benchmark_cycle
912.5,111.250000,8.000000,synthetic_USFS_Class3_benchmark_cycle
912.6,111.258000,8.000000,synthetic_USFS_Class3_benchmark_cycle
912.7,111.266000,8.000000,synthetic_USFS_Class3_benchmark_cycle
912.8,111.274000,8.000000,synthetic_USFS_Class3_benchmark_cycle
912.9,111.282000,8.000000,synthetic_USFS_Class3_benchmark_cycle
913.0,111.290000,8.000000,synthetic_USFS_Class3_benchmark_cycle
913.1,111.298000,8.000000,synthetic_USFS_Class3_benchmark_cycle
913.2,111.306000,8.000000,synthetic_USFS_Class3_benchmark_cycle
913.3,111.314000,8.000000,synthetic_USFS_Class3_benchmark_cycle
913.4,111.322000,8.000000,synthetic_USFS_Class3_benchmark_cycle
913.5,111.330000,8.000000,synthetic_USFS_Class3_benchmark_cycle
913.6,111.338000,8.000000,synthetic_USFS_Class3_benchmark_cycle
913.7,111.346000,8.000000,synthetic_USFS_Class3_benchmark_cycle
913.8,111.354000,8.000000,synthetic_USFS_Class3_benchmark_cycle
913.9,111.362000,8.000000,synthetic_USFS_Class3_benchmark_cycle
914.0,111.370000,8.000000,synthetic_USFS_Class3_benchmark_cycle
914.1,111.378000,8.000000,synthetic_USFS_Class3_benchmark_cycle
914.2,111.386000,8.000000,synthetic_USFS_Class3_benchmark_cycle
914.3,111.394000,8.000000,synthetic_USFS_Class3_benchmark_cycle
914.4,111.402000,8.000000,synthetic_USFS_Class3_benchmark_cycle
914.5,111.410000,8.000000,synthetic_USFS_Class3_benchmark_cycle
914.6,111.418000,8.000000,synthetic_USFS_Class3_benchmark_cycle
914.7,111.426000,8.000000,synthetic_USFS_Class3_benchmark_cycle
914.8,111.434000,8.000000,synthetic_USFS_Class3_benchmark_cycle
914.9,111.442000,8.000000,synthetic_USFS_Class3_benchmark_cycle
915.0,111.450000,8.000000,synthetic_USFS_Class3_benchmark_cycle
915.1,111.458000,8.000000,synthetic_USFS_Class3_benchmark_cycle
915.2,111.466000,8.000000,synthetic_USFS_Class3_benchmark_cycle
915.3,111.474000,8.000000,synthetic_USFS_Class3_benchmark_cycle
915.4,111.482000,8.000000,synthetic_USFS_Class3_benchmark_cycle
915.5,111.490000,8.000000,synthetic_USFS_Class3_benchmark_cycle
915.6,111.498000,8.000000,synthetic_USFS_Class3_benchmark_cycle
915.7,111.506000,8.000000,synthetic_USFS_Class3_benchmark_cycle
915.8,111.514000,8.000000,synthetic_USFS_Class3_benchmark_cycle
915.9,111.522000,8.000000,synthetic_USFS_Class3_benchmark_cycle
916.0,111.530000,8.000000,synthetic_USFS_Class3_benchmark_cycle
916.1,111.538000,8.000000,synthetic_USFS_Class3_benchmark_cycle
916.2,111.546000,8.000000,synthetic_USFS_Class3_benchmark_cycle
916.3,111.554000,8.000000,synthetic_USFS_Class3_benchmark_cycle
916.4,111.562000,8.000000,synthetic_USFS_Class3_benchmark_cycle
916.5,111.570000,8.000000,synthetic_USFS_Class3_benchmark_cycle
916.6,111.578000,8.000000,synthetic_USFS_Class3_benchmark_cycle
916.7,111.586000,8.000000,synthetic_USFS_Class3_benchmark_cycle
916.8,111.594000,8.000000,synthetic_USFS_Class3_benchmark_cycle
916.9,111.602000,8.000000,synthetic_USFS_Class3_benchmark_cycle
917.0,111.610000,8.000000,synthetic_USFS_Class3_benchmark_cycle
917.1,111.618000,8.000000,synthetic_USFS_Class3_benchmark_cycle
917.2,111.626000,8.000000,synthetic_USFS_Class3_benchmark_cycle
917.3,111.634000,8.000000,synthetic_USFS_Class3_benchmark_cycle
917.4,111.642000,8.000000,synthetic_USFS_Class3_benchmark_cycle
917.5,111.650000,8.000000,synthetic_USFS_Class3_benchmark_cycle
917.6,111.658000,8.000000,synthetic_USFS_Class3_benchmark_cycle
917.7,111.666000,8.000000,synthetic_USFS_Class3_benchmark_cycle
917.8,111.674000,8.000000,synthetic_USFS_Class3_benchmark_cycle
917.9,111.682000,8.000000,synthetic_USFS_Class3_benchmark_cycle
918.0,111.690000,8.000000,synthetic_USFS_Class3_benchmark_cycle
918.1,111.698000,8.000000,synthetic_USFS_Class3_benchmark_cycle
918.2,111.706000,8.000000,synthetic_USFS_Class3_benchmark_cycle
918.3,111.714000,8.000000,synthetic_USFS_Class3_benchmark_cycle
918.4,111.722000,8.000000,synthetic_USFS_Class3_benchmark_cycle
918.5,111.730000,8.000000,synthetic_USFS_Class3_benchmark_cycle
918.6,111.738000,8.000000,synthetic_USFS_Class3_benchmark_cycle
918.7,111.746000,8.000000,synthetic_USFS_Class3_benchmark_cycle
918.8,111.754000,8.000000,synthetic_USFS_Class3_benchmark_cycle
918.9,111.762000,8.000000,synthetic_USFS_Class3_benchmark_cycle
919.0,111.770000,8.000000,synthetic_USFS_Class3_benchmark_cycle
919.1,111.778000,8.000000,synthetic_USFS_Class3_benchmark_cycle
919.2,111.786000,8.000000,synthetic_USFS_Class3_benchmark_cycle
919.3,111.794000,8.000000,synthetic_USFS_Class3_benchmark_cycle
919.4,111.802000,8.000000,synthetic_USFS_Class3_benchmark_cycle
919.5,111.810000,8.000000,synthetic_USFS_Class3_benchmark_cycle
919.6,111.818000,8.000000,synthetic_USFS_Class3_benchmark_cycle
919.7,111.826000,8.000000,synthetic_USFS_Class3_benchmark_cycle
919.8,111.834000,8.000000,synthetic_USFS_Class3_benchmark_cycle
919.9,111.842000,8.000000,synthetic_USFS_Class3_benchmark_cycle
920.0,111.850000,8.000000,synthetic_USFS_Class3_benchmark_cycle
920.1,111.858000,8.000000,synthetic_USFS_Class3_benchmark_cycle
920.2,111.866000,8.000000,synthetic_USFS_Class3_benchmark_cycle
920.3,111.874000,8.000000,synthetic_USFS_Class3_benchmark_cycle
920.4,111.882000,8.000000,synthetic_USFS_Class3_benchmark_cycle
920.5,111.890000,8.000000,synthetic_USFS_Class3_benchmark_cycle
920.6,111.898000,8.000000,synthetic_USFS_Class3_benchmark_cycle
920.7,111.906000,8.000000,synthetic_USFS_Class3_benchmark_cycle
920.8,111.914000,8.000000,synthetic_USFS_Class3_benchmark_cycle
920.9,111.922000,8.000000,synthetic_USFS_Class3_benchmark_cycle
921.0,111.930000,8.000000,synthetic_USFS_Class3_benchmark_cycle
921.1,111.938000,8.000000,synthetic_USFS_Class3_benchmark_cycle
921.2,111.946000,8.000000,synthetic_USFS_Class3_benchmark_cycle
921.3,111.954000,8.000000,synthetic_USFS_Class3_benchmark_cycle
921.4,111.962000,8.000000,synthetic_USFS_Class3_benchmark_cycle
921.5,111.970000,8.000000,synthetic_USFS_Class3_benchmark_cycle
921.6,111.978000,8.000000,synthetic_USFS_Class3_benchmark_cycle
921.7,111.986000,8.000000,synthetic_USFS_Class3_benchmark_cycle
921.8,111.994000,8.000000,synthetic_USFS_Class3_benchmark_cycle
921.9,112.002000,8.000000,synthetic_USFS_Class3_benchmark_cycle
922.0,112.010000,8.000000,synthetic_USFS_Class3_benchmark_cycle
922.1,112.018000,8.000000,synthetic_USFS_Class3_benchmark_cycle
922.2,112.026000,8.000000,synthetic_USFS_Class3_benchmark_cycle
922.3,112.034000,8.000000,synthetic_USFS_Class3_benchmark_cycle
922.4,112.042000,8.000000,synthetic_USFS_Class3_benchmark_cycle
922.5,112.050000,8.000000,synthetic_USFS_Class3_benchmark_cycle
922.6,112.058000,8.000000,synthetic_USFS_Class3_benchmark_cycle
922.7,112.066000,8.000000,synthetic_USFS_Class3_benchmark_cycle
922.8,112.074000,8.000000,synthetic_USFS_Class3_benchmark_cycle
922.9,112.082000,8.000000,synthetic_USFS_Class3_benchmark_cycle
923.0,112.090000,8.000000,synthetic_USFS_Class3_benchmark_cycle
923.1,112.098000,8.000000,synthetic_USFS_Class3_benchmark_cycle
923.2,112.106000,8.000000,synthetic_USFS_Class3_benchmark_cycle
923.3,112.114000,8.000000,synthetic_USFS_Class3_benchmark_cycle
923.4,112.122000,8.000000,synthetic_USFS_Class3_benchmark_cycle
923.5,112.130000,8.000000,synthetic_USFS_Class3_benchmark_cycle
923.6,112.138000,8.000000,synthetic_USFS_Class3_benchmark_cycle
923.7,112.146000,8.000000,synthetic_USFS_Class3_benchmark_cycle
923.8,112.154000,8.000000,synthetic_USFS_Class3_benchmark_cycle
923.9,112.162000,8.000000,synthetic_USFS_Class3_benchmark_cycle
924.0,112.170000,8.000000,synthetic_USFS_Class3_benchmark_cycle
924.1,112.178000,8.000000,synthetic_USFS_Class3_benchmark_cycle
924.2,112.186000,8.000000,synthetic_USFS_Class3_benchmark_cycle
924.3,112.194000,8.000000,synthetic_USFS_Class3_benchmark_cycle
924.4,112.202000,8.000000,synthetic_USFS_Class3_benchmark_cycle
924.5,112.210000,8.000000,synthetic_USFS_Class3_benchmark_cycle
924.6,112.218000,8.000000,synthetic_USFS_Class3_benchmark_cycle
924.7,112.226000,8.000000,synthetic_USFS_Class3_benchmark_cycle
924.8,112.234000,8.000000,synthetic_USFS_Class3_benchmark_cycle
924.9,112.242000,8.000000,synthetic_USFS_Class3_benchmark_cycle
925.0,112.250000,8.000000,synthetic_USFS_Class3_benchmark_cycle
925.1,112.258000,8.000000,synthetic_USFS_Class3_benchmark_cycle
925.2,112.266000,8.000000,synthetic_USFS_Class3_benchmark_cycle
925.3,112.274000,8.000000,synthetic_USFS_Class3_benchmark_cycle
925.4,112.282000,8.000000,synthetic_USFS_Class3_benchmark_cycle
925.5,112.290000,8.000000,synthetic_USFS_Class3_benchmark_cycle
925.6,112.298000,8.000000,synthetic_USFS_Class3_benchmark_cycle
925.7,112.306000,8.000000,synthetic_USFS_Class3_benchmark_cycle
925.8,112.314000,8.000000,synthetic_USFS_Class3_benchmark_cycle
925.9,112.322000,8.000000,synthetic_USFS_Class3_benchmark_cycle
926.0,112.330000,8.000000,synthetic_USFS_Class3_benchmark_cycle
926.1,112.338000,8.000000,synthetic_USFS_Class3_benchmark_cycle
926.2,112.346000,8.000000,synthetic_USFS_Class3_benchmark_cycle
926.3,112.354000,8.000000,synthetic_USFS_Class3_benchmark_cycle
926.4,112.362000,8.000000,synthetic_USFS_Class3_benchmark_cycle
926.5,112.370000,8.000000,synthetic_USFS_Class3_benchmark_cycle
926.6,112.378000,8.000000,synthetic_USFS_Class3_benchmark_cycle
926.7,112.386000,8.000000,synthetic_USFS_Class3_benchmark_cycle
926.8,112.394000,8.000000,synthetic_USFS_Class3_benchmark_cycle
926.9,112.402000,8.000000,synthetic_USFS_Class3_benchmark_cycle
927.0,112.410000,8.000000,synthetic_USFS_Class3_benchmark_cycle
927.1,112.418000,8.000000,synthetic_USFS_Class3_benchmark_cycle
927.2,112.426000,8.000000,synthetic_USFS_Class3_benchmark_cycle
927.3,112.434000,8.000000,synthetic_USFS_Class3_benchmark_cycle
927.4,112.442000,8.000000,synthetic_USFS_Class3_benchmark_cycle
927.5,112.450000,8.000000,synthetic_USFS_Class3_benchmark_cycle
927.6,112.458000,8.000000,synthetic_USFS_Class3_benchmark_cycle
927.7,112.466000,8.000000,synthetic_USFS_Class3_benchmark_cycle
927.8,112.474000,8.000000,synthetic_USFS_Class3_benchmark_cycle
927.9,112.482000,8.000000,synthetic_USFS_Class3_benchmark_cycle
928.0,112.490000,8.000000,synthetic_USFS_Class3_benchmark_cycle
928.1,112.498000,8.000000,synthetic_USFS_Class3_benchmark_cycle
928.2,112.506000,8.000000,synthetic_USFS_Class3_benchmark_cycle
928.3,112.514000,8.000000,synthetic_USFS_Class3_benchmark_cycle
928.4,112.522000,8.000000,synthetic_USFS_Class3_benchmark_cycle
928.5,112.530000,8.000000,synthetic_USFS_Class3_benchmark_cycle
928.6,112.538000,8.000000,synthetic_USFS_Class3_benchmark_cycle
928.7,112.546000,8.000000,synthetic_USFS_Class3_benchmark_cycle
928.8,112.554000,8.000000,synthetic_USFS_Class3_benchmark_cycle
928.9,112.562000,8.000000,synthetic_USFS_Class3_benchmark_cycle
929.0,112.570000,8.000000,synthetic_USFS_Class3_benchmark_cycle
929.1,112.578000,8.000000,synthetic_USFS_Class3_benchmark_cycle
929.2,112.586000,8.000000,synthetic_USFS_Class3_benchmark_cycle
929.3,112.594000,8.000000,synthetic_USFS_Class3_benchmark_cycle
929.4,112.602000,8.000000,synthetic_USFS_Class3_benchmark_cycle
929.5,112.610000,8.000000,synthetic_USFS_Class3_benchmark_cycle
929.6,112.618000,8.000000,synthetic_USFS_Class3_benchmark_cycle
929.7,112.626000,8.000000,synthetic_USFS_Class3_benchmark_cycle
929.8,112.634000,8.000000,synthetic_USFS_Class3_benchmark_cycle
929.9,112.642000,8.000000,synthetic_USFS_Class3_benchmark_cycle
930.0,112.650000,8.000000,synthetic_USFS_Class3_benchmark_cycle
930.1,112.658000,8.000000,synthetic_USFS_Class3_benchmark_cycle
930.2,112.666000,8.000000,synthetic_USFS_Class3_benchmark_cycle
930.3,112.674000,8.000000,synthetic_USFS_Class3_benchmark_cycle
930.4,112.682000,8.000000,synthetic_USFS_Class3_benchmark_cycle
930.5,112.690000,8.000000,synthetic_USFS_Class3_benchmark_cycle
930.6,112.698000,8.000000,synthetic_USFS_Class3_benchmark_cycle
930.7,112.706000,8.000000,synthetic_USFS_Class3_benchmark_cycle
930.8,112.714000,8.000000,synthetic_USFS_Class3_benchmark_cycle
930.9,112.722000,8.000000,synthetic_USFS_Class3_benchmark_cycle
931.0,112.730000,8.000000,synthetic_USFS_Class3_benchmark_cycle
931.1,112.738000,8.000000,synthetic_USFS_Class3_benchmark_cycle
931.2,112.746000,8.000000,synthetic_USFS_Class3_benchmark_cycle
931.3,112.754000,8.000000,synthetic_USFS_Class3_benchmark_cycle
931.4,112.762000,8.000000,synthetic_USFS_Class3_benchmark_cycle
931.5,112.770000,8.000000,synthetic_USFS_Class3_benchmark_cycle
931.6,112.778000,8.000000,synthetic_USFS_Class3_benchmark_cycle
931.7,112.786000,8.000000,synthetic_USFS_Class3_benchmark_cycle
931.8,112.794000,8.000000,synthetic_USFS_Class3_benchmark_cycle
931.9,112.802000,8.000000,synthetic_USFS_Class3_benchmark_cycle
932.0,112.810000,8.000000,synthetic_USFS_Class3_benchmark_cycle
932.1,112.818000,8.000000,synthetic_USFS_Class3_benchmark_cycle
932.2,112.826000,8.000000,synthetic_USFS_Class3_benchmark_cycle
932.3,112.834000,8.000000,synthetic_USFS_Class3_benchmark_cycle
932.4,112.842000,8.000000,synthetic_USFS_Class3_benchmark_cycle
932.5,112.850000,8.000000,synthetic_USFS_Class3_benchmark_cycle
932.6,112.858000,8.000000,synthetic_USFS_Class3_benchmark_cycle
932.7,112.866000,8.000000,synthetic_USFS_Class3_benchmark_cycle
932.8,112.874000,8.000000,synthetic_USFS_Class3_benchmark_cycle
932.9,112.882000,8.000000,synthetic_USFS_Class3_benchmark_cycle
933.0,112.890000,8.000000,synthetic_USFS_Class3_benchmark_cycle
933.1,112.898000,8.000000,synthetic_USFS_Class3_benchmark_cycle
933.2,112.906000,8.000000,synthetic_USFS_Class3_benchmark_cycle
933.3,112.914000,8.000000,synthetic_USFS_Class3_benchmark_cycle
933.4,112.922000,8.000000,synthetic_USFS_Class3_benchmark_cycle
933.5,112.930000,8.000000,synthetic_USFS_Class3_benchmark_cycle
933.6,112.938000,8.000000,synthetic_USFS_Class3_benchmark_cycle
933.7,112.946000,8.000000,synthetic_USFS_Class3_benchmark_cycle
933.8,112.954000,8.000000,synthetic_USFS_Class3_benchmark_cycle
933.9,112.962000,8.000000,synthetic_USFS_Class3_benchmark_cycle
934.0,112.970000,8.000000,synthetic_USFS_Class3_benchmark_cycle
934.1,112.978000,8.000000,synthetic_USFS_Class3_benchmark_cycle
934.2,112.986000,8.000000,synthetic_USFS_Class3_benchmark_cycle
934.3,112.994000,8.000000,synthetic_USFS_Class3_benchmark_cycle
934.4,113.002000,8.000000,synthetic_USFS_Class3_benchmark_cycle
934.5,113.010000,8.000000,synthetic_USFS_Class3_benchmark_cycle
934.6,113.018000,8.000000,synthetic_USFS_Class3_benchmark_cycle
934.7,113.026000,8.000000,synthetic_USFS_Class3_benchmark_cycle
934.8,113.034000,8.000000,synthetic_USFS_Class3_benchmark_cycle
934.9,113.042000,8.000000,synthetic_USFS_Class3_benchmark_cycle
935.0,113.050000,8.000000,synthetic_USFS_Class3_benchmark_cycle
935.1,113.058000,8.000000,synthetic_USFS_Class3_benchmark_cycle
935.2,113.066000,8.000000,synthetic_USFS_Class3_benchmark_cycle
935.3,113.074000,8.000000,synthetic_USFS_Class3_benchmark_cycle
935.4,113.082000,8.000000,synthetic_USFS_Class3_benchmark_cycle
935.5,113.090000,8.000000,synthetic_USFS_Class3_benchmark_cycle
935.6,113.098000,8.000000,synthetic_USFS_Class3_benchmark_cycle
935.7,113.106000,8.000000,synthetic_USFS_Class3_benchmark_cycle
935.8,113.114000,8.000000,synthetic_USFS_Class3_benchmark_cycle
935.9,113.122000,8.000000,synthetic_USFS_Class3_benchmark_cycle
936.0,113.130000,8.000000,synthetic_USFS_Class3_benchmark_cycle
936.1,113.138000,8.000000,synthetic_USFS_Class3_benchmark_cycle
936.2,113.146000,8.000000,synthetic_USFS_Class3_benchmark_cycle
936.3,113.154000,8.000000,synthetic_USFS_Class3_benchmark_cycle
936.4,113.162000,8.000000,synthetic_USFS_Class3_benchmark_cycle
936.5,113.170000,8.000000,synthetic_USFS_Class3_benchmark_cycle
936.6,113.178000,8.000000,synthetic_USFS_Class3_benchmark_cycle
936.7,113.186000,8.000000,synthetic_USFS_Class3_benchmark_cycle
936.8,113.194000,8.000000,synthetic_USFS_Class3_benchmark_cycle
936.9,113.202000,8.000000,synthetic_USFS_Class3_benchmark_cycle
937.0,113.210000,8.000000,synthetic_USFS_Class3_benchmark_cycle
937.1,113.218000,8.000000,synthetic_USFS_Class3_benchmark_cycle
937.2,113.226000,8.000000,synthetic_USFS_Class3_benchmark_cycle
937.3,113.234000,8.000000,synthetic_USFS_Class3_benchmark_cycle
937.4,113.242000,8.000000,synthetic_USFS_Class3_benchmark_cycle
937.5,113.250000,8.000000,synthetic_USFS_Class3_benchmark_cycle
937.6,113.258000,8.000000,synthetic_USFS_Class3_benchmark_cycle
937.7,113.266000,8.000000,synthetic_USFS_Class3_benchmark_cycle
937.8,113.274000,8.000000,synthetic_USFS_Class3_benchmark_cycle
937.9,113.282000,8.000000,synthetic_USFS_Class3_benchmark_cycle
938.0,113.290000,8.000000,synthetic_USFS_Class3_benchmark_cycle
938.1,113.298000,8.000000,synthetic_USFS_Class3_benchmark_cycle
938.2,113.306000,8.000000,synthetic_USFS_Class3_benchmark_cycle
938.3,113.314000,8.000000,synthetic_USFS_Class3_benchmark_cycle
938.4,113.322000,8.000000,synthetic_USFS_Class3_benchmark_cycle
938.5,113.330000,8.000000,synthetic_USFS_Class3_benchmark_cycle
938.6,113.338000,8.000000,synthetic_USFS_Class3_benchmark_cycle
938.7,113.346000,8.000000,synthetic_USFS_Class3_benchmark_cycle
938.8,113.354000,8.000000,synthetic_USFS_Class3_benchmark_cycle
938.9,113.362000,8.000000,synthetic_USFS_Class3_benchmark_cycle
939.0,113.370000,8.000000,synthetic_USFS_Class3_benchmark_cycle
939.1,113.378000,8.000000,synthetic_USFS_Class3_benchmark_cycle
939.2,113.386000,8.000000,synthetic_USFS_Class3_benchmark_cycle
939.3,113.394000,8.000000,synthetic_USFS_Class3_benchmark_cycle
939.4,113.402000,8.000000,synthetic_USFS_Class3_benchmark_cycle
939.5,113.410000,8.000000,synthetic_USFS_Class3_benchmark_cycle
939.6,113.418000,8.000000,synthetic_USFS_Class3_benchmark_cycle
939.7,113.426000,8.000000,synthetic_USFS_Class3_benchmark_cycle
939.8,113.434000,8.000000,synthetic_USFS_Class3_benchmark_cycle
939.9,113.442000,8.000000,synthetic_USFS_Class3_benchmark_cycle
940.0,113.450000,8.000000,synthetic_USFS_Class3_benchmark_cycle
940.1,113.458008,8.016773,synthetic_USFS_Class3_benchmark_cycle
940.2,113.466050,8.067025,synthetic_USFS_Class3_benchmark_cycle
940.3,113.474159,8.150558,synthetic_USFS_Class3_benchmark_cycle
940.4,113.482368,8.267043,synthetic_USFS_Class3_benchmark_cycle
940.5,113.490709,8.416020,synthetic_USFS_Class3_benchmark_cycle
940.6,113.499216,8.596900,synthetic_USFS_Class3_benchmark_cycle
940.7,113.507919,8.808970,synthetic_USFS_Class3_benchmark_cycle
940.8,113.516849,9.051393,synthetic_USFS_Class3_benchmark_cycle
940.9,113.526036,9.323213,synthetic_USFS_Class3_benchmark_cycle
941.0,113.535510,9.623356,synthetic_USFS_Class3_benchmark_cycle
941.1,113.545297,9.950637,synthetic_USFS_Class3_benchmark_cycle
941.2,113.555424,10.303767,synthetic_USFS_Class3_benchmark_cycle
941.3,113.565916,10.681350,synthetic_USFS_Class3_benchmark_cycle
941.4,113.576798,11.081896,synthetic_USFS_Class3_benchmark_cycle
941.5,113.588091,11.503825,synthetic_USFS_Class3_benchmark_cycle
941.6,113.599815,11.945472,synthetic_USFS_Class3_benchmark_cycle
941.7,113.611991,12.405094,synthetic_USFS_Class3_benchmark_cycle
941.8,113.624634,12.880876,synthetic_USFS_Class3_benchmark_cycle
941.9,113.637760,13.370941,synthetic_USFS_Class3_benchmark_cycle
942.0,113.651382,13.873356,synthetic_USFS_Class3_benchmark_cycle
942.1,113.665512,14.386136,synthetic_USFS_Class3_benchmark_cycle
942.2,113.680158,14.907259,synthetic_USFS_Class3_benchmark_cycle
942.3,113.695329,15.434668,synthetic_USFS_Class3_benchmark_cycle
942.4,113.711030,15.966281,synthetic_USFS_Class3_benchmark_cycle
942.5,113.727263,16.500000,synthetic_USFS_Class3_benchmark_cycle
942.6,113.744030,17.033719,synthetic_USFS_Class3_benchmark_cycle
942.7,113.761329,17.565332,synthetic_USFS_Class3_benchmark_cycle
942.8,113.779158,18.092741,synthetic_USFS_Class3_benchmark_cycle
942.9,113.797512,18.613864,synthetic_USFS_Class3_benchmark_cycle
943.0,113.816382,19.126644,synthetic_USFS_Class3_benchmark_cycle
943.1,113.835760,19.629059,synthetic_USFS_Class3_benchmark_cycle
943.2,113.855634,20.119124,synthetic_USFS_Class3_benchmark_cycle
943.3,113.875991,20.594906,synthetic_USFS_Class3_benchmark_cycle
943.4,113.896815,21.054528,synthetic_USFS_Class3_benchmark_cycle
943.5,113.918091,21.496175,synthetic_USFS_Class3_benchmark_cycle
943.6,113.939798,21.918104,synthetic_USFS_Class3_benchmark_cycle
943.7,113.961916,22.318650,synthetic_USFS_Class3_benchmark_cycle
943.8,113.984424,22.696233,synthetic_USFS_Class3_benchmark_cycle
943.9,114.007297,23.049363,synthetic_USFS_Class3_benchmark_cycle
944.0,114.030510,23.376644,synthetic_USFS_Class3_benchmark_cycle
944.1,114.054036,23.676787,synthetic_USFS_Class3_benchmark_cycle
944.2,114.077849,23.948607,synthetic_USFS_Class3_benchmark_cycle
944.3,114.101919,24.191030,synthetic_USFS_Class3_benchmark_cycle
944.4,114.126216,24.403100,synthetic_USFS_Class3_benchmark_cycle
944.5,114.150709,24.583980,synthetic_USFS_Class3_benchmark_cycle
944.6,114.175368,24.732957,synthetic_USFS_Class3_benchmark_cycle
944.7,114.200159,24.849442,synthetic_USFS_Class3_benchmark_cycle
944.8,114.225050,24.932975,synthetic_USFS_Class3_benchmark_cycle
944.9,114.250008,24.983227,synthetic_USFS_Class3_benchmark_cycle
945.0,114.275000,25.000000,synthetic_USFS_Class3_benchmark_cycle
945.1,114.300000,25.000000,synthetic_USFS_Class3_benchmark_cycle
945.2,114.325000,25.000000,synthetic_USFS_Class3_benchmark_cycle
945.3,114.350000,25.000000,synthetic_USFS_Class3_benchmark_cycle
945.4,114.375000,25.000000,synthetic_USFS_Class3_benchmark_cycle
945.5,114.400000,25.000000,synthetic_USFS_Class3_benchmark_cycle
945.6,114.425000,25.000000,synthetic_USFS_Class3_benchmark_cycle
945.7,114.450000,25.000000,synthetic_USFS_Class3_benchmark_cycle
945.8,114.475000,25.000000,synthetic_USFS_Class3_benchmark_cycle
945.9,114.500000,25.000000,synthetic_USFS_Class3_benchmark_cycle
946.0,114.525000,25.000000,synthetic_USFS_Class3_benchmark_cycle
946.1,114.550000,25.000000,synthetic_USFS_Class3_benchmark_cycle
946.2,114.575000,25.000000,synthetic_USFS_Class3_benchmark_cycle
946.3,114.600000,25.000000,synthetic_USFS_Class3_benchmark_cycle
946.4,114.625000,25.000000,synthetic_USFS_Class3_benchmark_cycle
946.5,114.650000,25.000000,synthetic_USFS_Class3_benchmark_cycle
946.6,114.675000,25.000000,synthetic_USFS_Class3_benchmark_cycle
946.7,114.700000,25.000000,synthetic_USFS_Class3_benchmark_cycle
946.8,114.725000,25.000000,synthetic_USFS_Class3_benchmark_cycle
946.9,114.750000,25.000000,synthetic_USFS_Class3_benchmark_cycle
947.0,114.775000,25.000000,synthetic_USFS_Class3_benchmark_cycle
947.1,114.800000,25.000000,synthetic_USFS_Class3_benchmark_cycle
947.2,114.825000,25.000000,synthetic_USFS_Class3_benchmark_cycle
947.3,114.850000,25.000000,synthetic_USFS_Class3_benchmark_cycle
947.4,114.875000,25.000000,synthetic_USFS_Class3_benchmark_cycle
947.5,114.900000,25.000000,synthetic_USFS_Class3_benchmark_cycle
947.6,114.925000,25.000000,synthetic_USFS_Class3_benchmark_cycle
947.7,114.950000,25.000000,synthetic_USFS_Class3_benchmark_cycle
947.8,114.975000,25.000000,synthetic_USFS_Class3_benchmark_cycle
947.9,115.000000,25.000000,synthetic_USFS_Class3_benchmark_cycle
948.0,115.025000,25.000000,synthetic_USFS_Class3_benchmark_cycle
948.1,115.050000,25.000000,synthetic_USFS_Class3_benchmark_cycle
948.2,115.075000,25.000000,synthetic_USFS_Class3_benchmark_cycle
948.3,115.100000,25.000000,synthetic_USFS_Class3_benchmark_cycle
948.4,115.125000,25.000000,synthetic_USFS_Class3_benchmark_cycle
948.5,115.150000,25.000000,synthetic_USFS_Class3_benchmark_cycle
948.6,115.175000,25.000000,synthetic_USFS_Class3_benchmark_cycle
948.7,115.200000,25.000000,synthetic_USFS_Class3_benchmark_cycle
948.8,115.225000,25.000000,synthetic_USFS_Class3_benchmark_cycle
948.9,115.250000,25.000000,synthetic_USFS_Class3_benchmark_cycle
949.0,115.275000,25.000000,synthetic_USFS_Class3_benchmark_cycle
949.1,115.300000,25.000000,synthetic_USFS_Class3_benchmark_cycle
949.2,115.325000,25.000000,synthetic_USFS_Class3_benchmark_cycle
949.3,115.350000,25.000000,synthetic_USFS_Class3_benchmark_cycle
949.4,115.375000,25.000000,synthetic_USFS_Class3_benchmark_cycle
949.5,115.400000,25.000000,synthetic_USFS_Class3_benchmark_cycle
949.6,115.425000,25.000000,synthetic_USFS_Class3_benchmark_cycle
949.7,115.450000,25.000000,synthetic_USFS_Class3_benchmark_cycle
949.8,115.475000,25.000000,synthetic_USFS_Class3_benchmark_cycle
949.9,115.500000,25.000000,synthetic_USFS_Class3_benchmark_cycle
950.0,115.525000,25.000000,synthetic_USFS_Class3_benchmark_cycle
950.1,115.550000,25.000000,synthetic_USFS_Class3_benchmark_cycle
950.2,115.575000,25.000000,synthetic_USFS_Class3_benchmark_cycle
950.3,115.600000,25.000000,synthetic_USFS_Class3_benchmark_cycle
950.4,115.625000,25.000000,synthetic_USFS_Class3_benchmark_cycle
950.5,115.650000,25.000000,synthetic_USFS_Class3_benchmark_cycle
950.6,115.675000,25.000000,synthetic_USFS_Class3_benchmark_cycle
950.7,115.700000,25.000000,synthetic_USFS_Class3_benchmark_cycle
950.8,115.725000,25.000000,synthetic_USFS_Class3_benchmark_cycle
950.9,115.750000,25.000000,synthetic_USFS_Class3_benchmark_cycle
951.0,115.775000,25.000000,synthetic_USFS_Class3_benchmark_cycle
951.1,115.800000,25.000000,synthetic_USFS_Class3_benchmark_cycle
951.2,115.825000,25.000000,synthetic_USFS_Class3_benchmark_cycle
951.3,115.850000,25.000000,synthetic_USFS_Class3_benchmark_cycle
951.4,115.875000,25.000000,synthetic_USFS_Class3_benchmark_cycle
951.5,115.900000,25.000000,synthetic_USFS_Class3_benchmark_cycle
951.6,115.925000,25.000000,synthetic_USFS_Class3_benchmark_cycle
951.7,115.950000,25.000000,synthetic_USFS_Class3_benchmark_cycle
951.8,115.975000,25.000000,synthetic_USFS_Class3_benchmark_cycle
951.9,116.000000,25.000000,synthetic_USFS_Class3_benchmark_cycle
952.0,116.025000,25.000000,synthetic_USFS_Class3_benchmark_cycle
952.1,116.050000,25.000000,synthetic_USFS_Class3_benchmark_cycle
952.2,116.075000,25.000000,synthetic_USFS_Class3_benchmark_cycle
952.3,116.100000,25.000000,synthetic_USFS_Class3_benchmark_cycle
952.4,116.125000,25.000000,synthetic_USFS_Class3_benchmark_cycle
952.5,116.150000,25.000000,synthetic_USFS_Class3_benchmark_cycle
952.6,116.175000,25.000000,synthetic_USFS_Class3_benchmark_cycle
952.7,116.200000,25.000000,synthetic_USFS_Class3_benchmark_cycle
952.8,116.225000,25.000000,synthetic_USFS_Class3_benchmark_cycle
952.9,116.250000,25.000000,synthetic_USFS_Class3_benchmark_cycle
953.0,116.275000,25.000000,synthetic_USFS_Class3_benchmark_cycle
953.1,116.300000,25.000000,synthetic_USFS_Class3_benchmark_cycle
953.2,116.325000,25.000000,synthetic_USFS_Class3_benchmark_cycle
953.3,116.350000,25.000000,synthetic_USFS_Class3_benchmark_cycle
953.4,116.375000,25.000000,synthetic_USFS_Class3_benchmark_cycle
953.5,116.400000,25.000000,synthetic_USFS_Class3_benchmark_cycle
953.6,116.425000,25.000000,synthetic_USFS_Class3_benchmark_cycle
953.7,116.450000,25.000000,synthetic_USFS_Class3_benchmark_cycle
953.8,116.475000,25.000000,synthetic_USFS_Class3_benchmark_cycle
953.9,116.500000,25.000000,synthetic_USFS_Class3_benchmark_cycle
954.0,116.525000,25.000000,synthetic_USFS_Class3_benchmark_cycle
954.1,116.550000,25.000000,synthetic_USFS_Class3_benchmark_cycle
954.2,116.575000,25.000000,synthetic_USFS_Class3_benchmark_cycle
954.3,116.600000,25.000000,synthetic_USFS_Class3_benchmark_cycle
954.4,116.625000,25.000000,synthetic_USFS_Class3_benchmark_cycle
954.5,116.650000,25.000000,synthetic_USFS_Class3_benchmark_cycle
954.6,116.675000,25.000000,synthetic_USFS_Class3_benchmark_cycle
954.7,116.700000,25.000000,synthetic_USFS_Class3_benchmark_cycle
954.8,116.725000,25.000000,synthetic_USFS_Class3_benchmark_cycle
954.9,116.750000,25.000000,synthetic_USFS_Class3_benchmark_cycle
955.0,116.775000,25.000000,synthetic_USFS_Class3_benchmark_cycle
955.1,116.800000,25.000000,synthetic_USFS_Class3_benchmark_cycle
955.2,116.825000,25.000000,synthetic_USFS_Class3_benchmark_cycle
955.3,116.850000,25.000000,synthetic_USFS_Class3_benchmark_cycle
955.4,116.875000,25.000000,synthetic_USFS_Class3_benchmark_cycle
955.5,116.900000,25.000000,synthetic_USFS_Class3_benchmark_cycle
955.6,116.925000,25.000000,synthetic_USFS_Class3_benchmark_cycle
955.7,116.950000,25.000000,synthetic_USFS_Class3_benchmark_cycle
955.8,116.975000,25.000000,synthetic_USFS_Class3_benchmark_cycle
955.9,117.000000,25.000000,synthetic_USFS_Class3_benchmark_cycle
956.0,117.025000,25.000000,synthetic_USFS_Class3_benchmark_cycle
956.1,117.050000,25.000000,synthetic_USFS_Class3_benchmark_cycle
956.2,117.075000,25.000000,synthetic_USFS_Class3_benchmark_cycle
956.3,117.100000,25.000000,synthetic_USFS_Class3_benchmark_cycle
956.4,117.125000,25.000000,synthetic_USFS_Class3_benchmark_cycle
956.5,117.150000,25.000000,synthetic_USFS_Class3_benchmark_cycle
956.6,117.175000,25.000000,synthetic_USFS_Class3_benchmark_cycle
956.7,117.200000,25.000000,synthetic_USFS_Class3_benchmark_cycle
956.8,117.225000,25.000000,synthetic_USFS_Class3_benchmark_cycle
956.9,117.250000,25.000000,synthetic_USFS_Class3_benchmark_cycle
957.0,117.275000,25.000000,synthetic_USFS_Class3_benchmark_cycle
957.1,117.300000,25.000000,synthetic_USFS_Class3_benchmark_cycle
957.2,117.325000,25.000000,synthetic_USFS_Class3_benchmark_cycle
957.3,117.350000,25.000000,synthetic_USFS_Class3_benchmark_cycle
957.4,117.375000,25.000000,synthetic_USFS_Class3_benchmark_cycle
957.5,117.400000,25.000000,synthetic_USFS_Class3_benchmark_cycle
957.6,117.425000,25.000000,synthetic_USFS_Class3_benchmark_cycle
957.7,117.450000,25.000000,synthetic_USFS_Class3_benchmark_cycle
957.8,117.475000,25.000000,synthetic_USFS_Class3_benchmark_cycle
957.9,117.500000,25.000000,synthetic_USFS_Class3_benchmark_cycle
958.0,117.525000,25.000000,synthetic_USFS_Class3_benchmark_cycle
958.1,117.550000,25.000000,synthetic_USFS_Class3_benchmark_cycle
958.2,117.575000,25.000000,synthetic_USFS_Class3_benchmark_cycle
958.3,117.600000,25.000000,synthetic_USFS_Class3_benchmark_cycle
958.4,117.625000,25.000000,synthetic_USFS_Class3_benchmark_cycle
958.5,117.650000,25.000000,synthetic_USFS_Class3_benchmark_cycle
958.6,117.675000,25.000000,synthetic_USFS_Class3_benchmark_cycle
958.7,117.700000,25.000000,synthetic_USFS_Class3_benchmark_cycle
958.8,117.725000,25.000000,synthetic_USFS_Class3_benchmark_cycle
958.9,117.750000,25.000000,synthetic_USFS_Class3_benchmark_cycle
959.0,117.775000,25.000000,synthetic_USFS_Class3_benchmark_cycle
959.1,117.800000,25.000000,synthetic_USFS_Class3_benchmark_cycle
959.2,117.825000,25.000000,synthetic_USFS_Class3_benchmark_cycle
959.3,117.850000,25.000000,synthetic_USFS_Class3_benchmark_cycle
959.4,117.875000,25.000000,synthetic_USFS_Class3_benchmark_cycle
959.5,117.900000,25.000000,synthetic_USFS_Class3_benchmark_cycle
959.6,117.925000,25.000000,synthetic_USFS_Class3_benchmark_cycle
959.7,117.950000,25.000000,synthetic_USFS_Class3_benchmark_cycle
959.8,117.975000,25.000000,synthetic_USFS_Class3_benchmark_cycle
959.9,118.000000,25.000000,synthetic_USFS_Class3_benchmark_cycle
960.0,118.025000,25.000000,synthetic_USFS_Class3_benchmark_cycle
960.1,118.050000,25.000000,synthetic_USFS_Class3_benchmark_cycle
960.2,118.075000,25.000000,synthetic_USFS_Class3_benchmark_cycle
960.3,118.100000,25.000000,synthetic_USFS_Class3_benchmark_cycle
960.4,118.125000,25.000000,synthetic_USFS_Class3_benchmark_cycle
960.5,118.150000,25.000000,synthetic_USFS_Class3_benchmark_cycle
960.6,118.175000,25.000000,synthetic_USFS_Class3_benchmark_cycle
960.7,118.200000,25.000000,synthetic_USFS_Class3_benchmark_cycle
960.8,118.225000,25.000000,synthetic_USFS_Class3_benchmark_cycle
960.9,118.250000,25.000000,synthetic_USFS_Class3_benchmark_cycle
961.0,118.275000,25.000000,synthetic_USFS_Class3_benchmark_cycle
961.1,118.300000,25.000000,synthetic_USFS_Class3_benchmark_cycle
961.2,118.325000,25.000000,synthetic_USFS_Class3_benchmark_cycle
961.3,118.350000,25.000000,synthetic_USFS_Class3_benchmark_cycle
961.4,118.375000,25.000000,synthetic_USFS_Class3_benchmark_cycle
961.5,118.400000,25.000000,synthetic_USFS_Class3_benchmark_cycle
961.6,118.425000,25.000000,synthetic_USFS_Class3_benchmark_cycle
961.7,118.450000,25.000000,synthetic_USFS_Class3_benchmark_cycle
961.8,118.475000,25.000000,synthetic_USFS_Class3_benchmark_cycle
961.9,118.500000,25.000000,synthetic_USFS_Class3_benchmark_cycle
962.0,118.525000,25.000000,synthetic_USFS_Class3_benchmark_cycle
962.1,118.550000,25.000000,synthetic_USFS_Class3_benchmark_cycle
962.2,118.575000,25.000000,synthetic_USFS_Class3_benchmark_cycle
962.3,118.600000,25.000000,synthetic_USFS_Class3_benchmark_cycle
962.4,118.625000,25.000000,synthetic_USFS_Class3_benchmark_cycle
962.5,118.650000,25.000000,synthetic_USFS_Class3_benchmark_cycle
962.6,118.675000,25.000000,synthetic_USFS_Class3_benchmark_cycle
962.7,118.700000,25.000000,synthetic_USFS_Class3_benchmark_cycle
962.8,118.725000,25.000000,synthetic_USFS_Class3_benchmark_cycle
962.9,118.750000,25.000000,synthetic_USFS_Class3_benchmark_cycle
963.0,118.775000,25.000000,synthetic_USFS_Class3_benchmark_cycle
963.1,118.800000,25.000000,synthetic_USFS_Class3_benchmark_cycle
963.2,118.825000,25.000000,synthetic_USFS_Class3_benchmark_cycle
963.3,118.850000,25.000000,synthetic_USFS_Class3_benchmark_cycle
963.4,118.875000,25.000000,synthetic_USFS_Class3_benchmark_cycle
963.5,118.900000,25.000000,synthetic_USFS_Class3_benchmark_cycle
963.6,118.925000,25.000000,synthetic_USFS_Class3_benchmark_cycle
963.7,118.950000,25.000000,synthetic_USFS_Class3_benchmark_cycle
963.8,118.975000,25.000000,synthetic_USFS_Class3_benchmark_cycle
963.9,119.000000,25.000000,synthetic_USFS_Class3_benchmark_cycle
964.0,119.025000,25.000000,synthetic_USFS_Class3_benchmark_cycle
964.1,119.050000,25.000000,synthetic_USFS_Class3_benchmark_cycle
964.2,119.075000,25.000000,synthetic_USFS_Class3_benchmark_cycle
964.3,119.100000,25.000000,synthetic_USFS_Class3_benchmark_cycle
964.4,119.125000,25.000000,synthetic_USFS_Class3_benchmark_cycle
964.5,119.150000,25.000000,synthetic_USFS_Class3_benchmark_cycle
964.6,119.175000,25.000000,synthetic_USFS_Class3_benchmark_cycle
964.7,119.200000,25.000000,synthetic_USFS_Class3_benchmark_cycle
964.8,119.225000,25.000000,synthetic_USFS_Class3_benchmark_cycle
964.9,119.250000,25.000000,synthetic_USFS_Class3_benchmark_cycle
965.0,119.275000,25.000000,synthetic_USFS_Class3_benchmark_cycle
965.1,119.299992,24.983227,synthetic_USFS_Class3_benchmark_cycle
965.2,119.324950,24.932975,synthetic_USFS_Class3_benchmark_cycle
965.3,119.349841,24.849442,synthetic_USFS_Class3_benchmark_cycle
965.4,119.374632,24.732957,synthetic_USFS_Class3_benchmark_cycle
965.5,119.399291,24.583980,synthetic_USFS_Class3_benchmark_cycle
965.6,119.423784,24.403100,synthetic_USFS_Class3_benchmark_cycle
965.7,119.448081,24.191030,synthetic_USFS_Class3_benchmark_cycle
965.8,119.472151,23.948607,synthetic_USFS_Class3_benchmark_cycle
965.9,119.495964,23.676787,synthetic_USFS_Class3_benchmark_cycle
966.0,119.519490,23.376644,synthetic_USFS_Class3_benchmark_cycle
966.1,119.542703,23.049363,synthetic_USFS_Class3_benchmark_cycle
966.2,119.565576,22.696233,synthetic_USFS_Class3_benchmark_cycle
966.3,119.588084,22.318650,synthetic_USFS_Class3_benchmark_cycle
966.4,119.610202,21.918104,synthetic_USFS_Class3_benchmark_cycle
966.5,119.631909,21.496175,synthetic_USFS_Class3_benchmark_cycle
966.6,119.653185,21.054528,synthetic_USFS_Class3_benchmark_cycle
966.7,119.674009,20.594906,synthetic_USFS_Class3_benchmark_cycle
966.8,119.694366,20.119124,synthetic_USFS_Class3_benchmark_cycle
966.9,119.714240,19.629059,synthetic_USFS_Class3_benchmark_cycle
967.0,119.733618,19.126644,synthetic_USFS_Class3_benchmark_cycle
967.1,119.752488,18.613864,synthetic_USFS_Class3_benchmark_cycle
967.2,119.770842,18.092741,synthetic_USFS_Class3_benchmark_cycle
967.3,119.788671,17.565332,synthetic_USFS_Class3_benchmark_cycle
967.4,119.805970,17.033719,synthetic_USFS_Class3_benchmark_cycle
967.5,119.822737,16.500000,synthetic_USFS_Class3_benchmark_cycle
967.6,119.838970,15.966281,synthetic_USFS_Class3_benchmark_cycle
967.7,119.854671,15.434668,synthetic_USFS_Class3_benchmark_cycle
967.8,119.869842,14.907259,synthetic_USFS_Class3_benchmark_cycle
967.9,119.884488,14.386136,synthetic_USFS_Class3_benchmark_cycle
968.0,119.898618,13.873356,synthetic_USFS_Class3_benchmark_cycle
968.1,119.912240,13.370941,synthetic_USFS_Class3_benchmark_cycle
968.2,119.925366,12.880876,synthetic_USFS_Class3_benchmark_cycle
968.3,119.938009,12.405094,synthetic_USFS_Class3_benchmark_cycle
968.4,119.950185,11.945472,synthetic_USFS_Class3_benchmark_cycle
968.5,119.961909,11.503825,synthetic_USFS_Class3_benchmark_cycle
968.6,119.973202,11.081896,synthetic_USFS_Class3_benchmark_cycle
968.7,119.984084,10.681350,synthetic_USFS_Class3_benchmark_cycle
968.8,119.994576,10.303767,synthetic_USFS_Class3_benchmark_cycle
968.9,120.004703,9.950637,synthetic_USFS_Class3_benchmark_cycle
969.0,120.014490,9.623356,synthetic_USFS_Class3_benchmark_cycle
969.1,120.023964,9.323213,synthetic_USFS_Class3_benchmark_cycle
969.2,120.033151,9.051393,synthetic_USFS_Class3_benchmark_cycle
969.3,120.042081,8.808970,synthetic_USFS_Class3_benchmark_cycle
969.4,120.050784,8.596900,synthetic_USFS_Class3_benchmark_cycle
969.5,120.059291,8.416020,synthetic_USFS_Class3_benchmark_cycle
969.6,120.067632,8.267043,synthetic_USFS_Class3_benchmark_cycle
969.7,120.075841,8.150558,synthetic_USFS_Class3_benchmark_cycle
969.8,120.083950,8.067025,synthetic_USFS_Class3_benchmark_cycle
969.9,120.091992,8.016773,synthetic_USFS_Class3_benchmark_cycle
970.0,120.100000,8.000000,synthetic_USFS_Class3_benchmark_cycle
970.1,120.108000,8.000000,synthetic_USFS_Class3_benchmark_cycle
970.2,120.116000,8.000000,synthetic_USFS_Class3_benchmark_cycle
970.3,120.124000,8.000000,synthetic_USFS_Class3_benchmark_cycle
970.4,120.132000,8.000000,synthetic_USFS_Class3_benchmark_cycle
970.5,120.140000,8.000000,synthetic_USFS_Class3_benchmark_cycle
970.6,120.148000,8.000000,synthetic_USFS_Class3_benchmark_cycle
970.7,120.156000,8.000000,synthetic_USFS_Class3_benchmark_cycle
970.8,120.164000,8.000000,synthetic_USFS_Class3_benchmark_cycle
970.9,120.172000,8.000000,synthetic_USFS_Class3_benchmark_cycle
971.0,120.180000,8.000000,synthetic_USFS_Class3_benchmark_cycle
971.1,120.188000,8.000000,synthetic_USFS_Class3_benchmark_cycle
971.2,120.196000,8.000000,synthetic_USFS_Class3_benchmark_cycle
971.3,120.204000,8.000000,synthetic_USFS_Class3_benchmark_cycle
971.4,120.212000,8.000000,synthetic_USFS_Class3_benchmark_cycle
971.5,120.220000,8.000000,synthetic_USFS_Class3_benchmark_cycle
971.6,120.228000,8.000000,synthetic_USFS_Class3_benchmark_cycle
971.7,120.236000,8.000000,synthetic_USFS_Class3_benchmark_cycle
971.8,120.244000,8.000000,synthetic_USFS_Class3_benchmark_cycle
971.9,120.252000,8.000000,synthetic_USFS_Class3_benchmark_cycle
972.0,120.260000,8.000000,synthetic_USFS_Class3_benchmark_cycle
972.1,120.268000,8.000000,synthetic_USFS_Class3_benchmark_cycle
972.2,120.276000,8.000000,synthetic_USFS_Class3_benchmark_cycle
972.3,120.284000,8.000000,synthetic_USFS_Class3_benchmark_cycle
972.4,120.292000,8.000000,synthetic_USFS_Class3_benchmark_cycle
972.5,120.300000,8.000000,synthetic_USFS_Class3_benchmark_cycle
972.6,120.308000,8.000000,synthetic_USFS_Class3_benchmark_cycle
972.7,120.316000,8.000000,synthetic_USFS_Class3_benchmark_cycle
972.8,120.324000,8.000000,synthetic_USFS_Class3_benchmark_cycle
972.9,120.332000,8.000000,synthetic_USFS_Class3_benchmark_cycle
973.0,120.340000,8.000000,synthetic_USFS_Class3_benchmark_cycle
973.1,120.348000,8.000000,synthetic_USFS_Class3_benchmark_cycle
973.2,120.356000,8.000000,synthetic_USFS_Class3_benchmark_cycle
973.3,120.364000,8.000000,synthetic_USFS_Class3_benchmark_cycle
973.4,120.372000,8.000000,synthetic_USFS_Class3_benchmark_cycle
973.5,120.380000,8.000000,synthetic_USFS_Class3_benchmark_cycle
973.6,120.388000,8.000000,synthetic_USFS_Class3_benchmark_cycle
973.7,120.396000,8.000000,synthetic_USFS_Class3_benchmark_cycle
973.8,120.404000,8.000000,synthetic_USFS_Class3_benchmark_cycle
973.9,120.412000,8.000000,synthetic_USFS_Class3_benchmark_cycle
974.0,120.420000,8.000000,synthetic_USFS_Class3_benchmark_cycle
974.1,120.428000,8.000000,synthetic_USFS_Class3_benchmark_cycle
974.2,120.436000,8.000000,synthetic_USFS_Class3_benchmark_cycle
974.3,120.444000,8.000000,synthetic_USFS_Class3_benchmark_cycle
974.4,120.452000,8.000000,synthetic_USFS_Class3_benchmark_cycle
974.5,120.460000,8.000000,synthetic_USFS_Class3_benchmark_cycle
974.6,120.468000,8.000000,synthetic_USFS_Class3_benchmark_cycle
974.7,120.476000,8.000000,synthetic_USFS_Class3_benchmark_cycle
974.8,120.484000,8.000000,synthetic_USFS_Class3_benchmark_cycle
974.9,120.492000,8.000000,synthetic_USFS_Class3_benchmark_cycle
975.0,120.500000,8.000000,synthetic_USFS_Class3_benchmark_cycle
975.1,120.508000,8.000000,synthetic_USFS_Class3_benchmark_cycle
975.2,120.516000,8.000000,synthetic_USFS_Class3_benchmark_cycle
975.3,120.524000,8.000000,synthetic_USFS_Class3_benchmark_cycle
975.4,120.532000,8.000000,synthetic_USFS_Class3_benchmark_cycle
975.5,120.540000,8.000000,synthetic_USFS_Class3_benchmark_cycle
975.6,120.548000,8.000000,synthetic_USFS_Class3_benchmark_cycle
975.7,120.556000,8.000000,synthetic_USFS_Class3_benchmark_cycle
975.8,120.564000,8.000000,synthetic_USFS_Class3_benchmark_cycle
975.9,120.572000,8.000000,synthetic_USFS_Class3_benchmark_cycle
976.0,120.580000,8.000000,synthetic_USFS_Class3_benchmark_cycle
976.1,120.588000,8.000000,synthetic_USFS_Class3_benchmark_cycle
976.2,120.596000,8.000000,synthetic_USFS_Class3_benchmark_cycle
976.3,120.604000,8.000000,synthetic_USFS_Class3_benchmark_cycle
976.4,120.612000,8.000000,synthetic_USFS_Class3_benchmark_cycle
976.5,120.620000,8.000000,synthetic_USFS_Class3_benchmark_cycle
976.6,120.628000,8.000000,synthetic_USFS_Class3_benchmark_cycle
976.7,120.636000,8.000000,synthetic_USFS_Class3_benchmark_cycle
976.8,120.644000,8.000000,synthetic_USFS_Class3_benchmark_cycle
976.9,120.652000,8.000000,synthetic_USFS_Class3_benchmark_cycle
977.0,120.660000,8.000000,synthetic_USFS_Class3_benchmark_cycle
977.1,120.668000,8.000000,synthetic_USFS_Class3_benchmark_cycle
977.2,120.676000,8.000000,synthetic_USFS_Class3_benchmark_cycle
977.3,120.684000,8.000000,synthetic_USFS_Class3_benchmark_cycle
977.4,120.692000,8.000000,synthetic_USFS_Class3_benchmark_cycle
977.5,120.700000,8.000000,synthetic_USFS_Class3_benchmark_cycle
977.6,120.708000,8.000000,synthetic_USFS_Class3_benchmark_cycle
977.7,120.716000,8.000000,synthetic_USFS_Class3_benchmark_cycle
977.8,120.724000,8.000000,synthetic_USFS_Class3_benchmark_cycle
977.9,120.732000,8.000000,synthetic_USFS_Class3_benchmark_cycle
978.0,120.740000,8.000000,synthetic_USFS_Class3_benchmark_cycle
978.1,120.748000,8.000000,synthetic_USFS_Class3_benchmark_cycle
978.2,120.756000,8.000000,synthetic_USFS_Class3_benchmark_cycle
978.3,120.764000,8.000000,synthetic_USFS_Class3_benchmark_cycle
978.4,120.772000,8.000000,synthetic_USFS_Class3_benchmark_cycle
978.5,120.780000,8.000000,synthetic_USFS_Class3_benchmark_cycle
978.6,120.788000,8.000000,synthetic_USFS_Class3_benchmark_cycle
978.7,120.796000,8.000000,synthetic_USFS_Class3_benchmark_cycle
978.8,120.804000,8.000000,synthetic_USFS_Class3_benchmark_cycle
978.9,120.812000,8.000000,synthetic_USFS_Class3_benchmark_cycle
979.0,120.820000,8.000000,synthetic_USFS_Class3_benchmark_cycle
979.1,120.828000,8.000000,synthetic_USFS_Class3_benchmark_cycle
979.2,120.836000,8.000000,synthetic_USFS_Class3_benchmark_cycle
979.3,120.844000,8.000000,synthetic_USFS_Class3_benchmark_cycle
979.4,120.852000,8.000000,synthetic_USFS_Class3_benchmark_cycle
979.5,120.860000,8.000000,synthetic_USFS_Class3_benchmark_cycle
979.6,120.868000,8.000000,synthetic_USFS_Class3_benchmark_cycle
979.7,120.876000,8.000000,synthetic_USFS_Class3_benchmark_cycle
979.8,120.884000,8.000000,synthetic_USFS_Class3_benchmark_cycle
979.9,120.892000,8.000000,synthetic_USFS_Class3_benchmark_cycle
980.0,120.900000,8.000000,synthetic_USFS_Class3_benchmark_cycle
980.1,120.908000,8.000000,synthetic_USFS_Class3_benchmark_cycle
980.2,120.916000,8.000000,synthetic_USFS_Class3_benchmark_cycle
980.3,120.924000,8.000000,synthetic_USFS_Class3_benchmark_cycle
980.4,120.932000,8.000000,synthetic_USFS_Class3_benchmark_cycle
980.5,120.940000,8.000000,synthetic_USFS_Class3_benchmark_cycle
980.6,120.948000,8.000000,synthetic_USFS_Class3_benchmark_cycle
980.7,120.956000,8.000000,synthetic_USFS_Class3_benchmark_cycle
980.8,120.964000,8.000000,synthetic_USFS_Class3_benchmark_cycle
980.9,120.972000,8.000000,synthetic_USFS_Class3_benchmark_cycle
981.0,120.980000,8.000000,synthetic_USFS_Class3_benchmark_cycle
981.1,120.988000,8.000000,synthetic_USFS_Class3_benchmark_cycle
981.2,120.996000,8.000000,synthetic_USFS_Class3_benchmark_cycle
981.3,121.004000,8.000000,synthetic_USFS_Class3_benchmark_cycle
981.4,121.012000,8.000000,synthetic_USFS_Class3_benchmark_cycle
981.5,121.020000,8.000000,synthetic_USFS_Class3_benchmark_cycle
981.6,121.028000,8.000000,synthetic_USFS_Class3_benchmark_cycle
981.7,121.036000,8.000000,synthetic_USFS_Class3_benchmark_cycle
981.8,121.044000,8.000000,synthetic_USFS_Class3_benchmark_cycle
981.9,121.052000,8.000000,synthetic_USFS_Class3_benchmark_cycle
982.0,121.060000,8.000000,synthetic_USFS_Class3_benchmark_cycle
982.1,121.068000,8.000000,synthetic_USFS_Class3_benchmark_cycle
982.2,121.076000,8.000000,synthetic_USFS_Class3_benchmark_cycle
982.3,121.084000,8.000000,synthetic_USFS_Class3_benchmark_cycle
982.4,121.092000,8.000000,synthetic_USFS_Class3_benchmark_cycle
982.5,121.100000,8.000000,synthetic_USFS_Class3_benchmark_cycle
982.6,121.108000,8.000000,synthetic_USFS_Class3_benchmark_cycle
982.7,121.116000,8.000000,synthetic_USFS_Class3_benchmark_cycle
982.8,121.124000,8.000000,synthetic_USFS_Class3_benchmark_cycle
982.9,121.132000,8.000000,synthetic_USFS_Class3_benchmark_cycle
983.0,121.140000,8.000000,synthetic_USFS_Class3_benchmark_cycle
983.1,121.148000,8.000000,synthetic_USFS_Class3_benchmark_cycle
983.2,121.156000,8.000000,synthetic_USFS_Class3_benchmark_cycle
983.3,121.164000,8.000000,synthetic_USFS_Class3_benchmark_cycle
983.4,121.172000,8.000000,synthetic_USFS_Class3_benchmark_cycle
983.5,121.180000,8.000000,synthetic_USFS_Class3_benchmark_cycle
983.6,121.188000,8.000000,synthetic_USFS_Class3_benchmark_cycle
983.7,121.196000,8.000000,synthetic_USFS_Class3_benchmark_cycle
983.8,121.204000,8.000000,synthetic_USFS_Class3_benchmark_cycle
983.9,121.212000,8.000000,synthetic_USFS_Class3_benchmark_cycle
984.0,121.220000,8.000000,synthetic_USFS_Class3_benchmark_cycle
984.1,121.228000,8.000000,synthetic_USFS_Class3_benchmark_cycle
984.2,121.236000,8.000000,synthetic_USFS_Class3_benchmark_cycle
984.3,121.244000,8.000000,synthetic_USFS_Class3_benchmark_cycle
984.4,121.252000,8.000000,synthetic_USFS_Class3_benchmark_cycle
984.5,121.260000,8.000000,synthetic_USFS_Class3_benchmark_cycle
984.6,121.268000,8.000000,synthetic_USFS_Class3_benchmark_cycle
984.7,121.276000,8.000000,synthetic_USFS_Class3_benchmark_cycle
984.8,121.284000,8.000000,synthetic_USFS_Class3_benchmark_cycle
984.9,121.292000,8.000000,synthetic_USFS_Class3_benchmark_cycle
985.0,121.300000,8.000000,synthetic_USFS_Class3_benchmark_cycle
985.1,121.308000,8.000000,synthetic_USFS_Class3_benchmark_cycle
985.2,121.316000,8.000000,synthetic_USFS_Class3_benchmark_cycle
985.3,121.324000,8.000000,synthetic_USFS_Class3_benchmark_cycle
985.4,121.332000,8.000000,synthetic_USFS_Class3_benchmark_cycle
985.5,121.340000,8.000000,synthetic_USFS_Class3_benchmark_cycle
985.6,121.348000,8.000000,synthetic_USFS_Class3_benchmark_cycle
985.7,121.356000,8.000000,synthetic_USFS_Class3_benchmark_cycle
985.8,121.364000,8.000000,synthetic_USFS_Class3_benchmark_cycle
985.9,121.372000,8.000000,synthetic_USFS_Class3_benchmark_cycle
986.0,121.380000,8.000000,synthetic_USFS_Class3_benchmark_cycle
986.1,121.388000,8.000000,synthetic_USFS_Class3_benchmark_cycle
986.2,121.396000,8.000000,synthetic_USFS_Class3_benchmark_cycle
986.3,121.404000,8.000000,synthetic_USFS_Class3_benchmark_cycle
986.4,121.412000,8.000000,synthetic_USFS_Class3_benchmark_cycle
986.5,121.420000,8.000000,synthetic_USFS_Class3_benchmark_cycle
986.6,121.428000,8.000000,synthetic_USFS_Class3_benchmark_cycle
986.7,121.436000,8.000000,synthetic_USFS_Class3_benchmark_cycle
986.8,121.444000,8.000000,synthetic_USFS_Class3_benchmark_cycle
986.9,121.452000,8.000000,synthetic_USFS_Class3_benchmark_cycle
987.0,121.460000,8.000000,synthetic_USFS_Class3_benchmark_cycle
987.1,121.468000,8.000000,synthetic_USFS_Class3_benchmark_cycle
987.2,121.476000,8.000000,synthetic_USFS_Class3_benchmark_cycle
987.3,121.484000,8.000000,synthetic_USFS_Class3_benchmark_cycle
987.4,121.492000,8.000000,synthetic_USFS_Class3_benchmark_cycle
987.5,121.500000,8.000000,synthetic_USFS_Class3_benchmark_cycle
987.6,121.508000,8.000000,synthetic_USFS_Class3_benchmark_cycle
987.7,121.516000,8.000000,synthetic_USFS_Class3_benchmark_cycle
987.8,121.524000,8.000000,synthetic_USFS_Class3_benchmark_cycle
987.9,121.532000,8.000000,synthetic_USFS_Class3_benchmark_cycle
988.0,121.540000,8.000000,synthetic_USFS_Class3_benchmark_cycle
988.1,121.548000,8.000000,synthetic_USFS_Class3_benchmark_cycle
988.2,121.556000,8.000000,synthetic_USFS_Class3_benchmark_cycle
988.3,121.564000,8.000000,synthetic_USFS_Class3_benchmark_cycle
988.4,121.572000,8.000000,synthetic_USFS_Class3_benchmark_cycle
988.5,121.580000,8.000000,synthetic_USFS_Class3_benchmark_cycle
988.6,121.588000,8.000000,synthetic_USFS_Class3_benchmark_cycle
988.7,121.596000,8.000000,synthetic_USFS_Class3_benchmark_cycle
988.8,121.604000,8.000000,synthetic_USFS_Class3_benchmark_cycle
988.9,121.612000,8.000000,synthetic_USFS_Class3_benchmark_cycle
989.0,121.620000,8.000000,synthetic_USFS_Class3_benchmark_cycle
989.1,121.628000,8.000000,synthetic_USFS_Class3_benchmark_cycle
989.2,121.636000,8.000000,synthetic_USFS_Class3_benchmark_cycle
989.3,121.644000,8.000000,synthetic_USFS_Class3_benchmark_cycle
989.4,121.652000,8.000000,synthetic_USFS_Class3_benchmark_cycle
989.5,121.660000,8.000000,synthetic_USFS_Class3_benchmark_cycle
989.6,121.668000,8.000000,synthetic_USFS_Class3_benchmark_cycle
989.7,121.676000,8.000000,synthetic_USFS_Class3_benchmark_cycle
989.8,121.684000,8.000000,synthetic_USFS_Class3_benchmark_cycle
989.9,121.692000,8.000000,synthetic_USFS_Class3_benchmark_cycle
990.0,121.700000,8.000000,synthetic_USFS_Class3_benchmark_cycle
990.1,121.708000,8.000000,synthetic_USFS_Class3_benchmark_cycle
990.2,121.716000,8.000000,synthetic_USFS_Class3_benchmark_cycle
990.3,121.724000,8.000000,synthetic_USFS_Class3_benchmark_cycle
990.4,121.732000,8.000000,synthetic_USFS_Class3_benchmark_cycle
990.5,121.740000,8.000000,synthetic_USFS_Class3_benchmark_cycle
990.6,121.748000,8.000000,synthetic_USFS_Class3_benchmark_cycle
990.7,121.756000,8.000000,synthetic_USFS_Class3_benchmark_cycle
990.8,121.764000,8.000000,synthetic_USFS_Class3_benchmark_cycle
990.9,121.772000,8.000000,synthetic_USFS_Class3_benchmark_cycle
991.0,121.780000,8.000000,synthetic_USFS_Class3_benchmark_cycle
991.1,121.788000,8.000000,synthetic_USFS_Class3_benchmark_cycle
991.2,121.796000,8.000000,synthetic_USFS_Class3_benchmark_cycle
991.3,121.804000,8.000000,synthetic_USFS_Class3_benchmark_cycle
991.4,121.812000,8.000000,synthetic_USFS_Class3_benchmark_cycle
991.5,121.820000,8.000000,synthetic_USFS_Class3_benchmark_cycle
991.6,121.828000,8.000000,synthetic_USFS_Class3_benchmark_cycle
991.7,121.836000,8.000000,synthetic_USFS_Class3_benchmark_cycle
991.8,121.844000,8.000000,synthetic_USFS_Class3_benchmark_cycle
991.9,121.852000,8.000000,synthetic_USFS_Class3_benchmark_cycle
992.0,121.860000,8.000000,synthetic_USFS_Class3_benchmark_cycle
992.1,121.868000,8.000000,synthetic_USFS_Class3_benchmark_cycle
992.2,121.876000,8.000000,synthetic_USFS_Class3_benchmark_cycle
992.3,121.884000,8.000000,synthetic_USFS_Class3_benchmark_cycle
992.4,121.892000,8.000000,synthetic_USFS_Class3_benchmark_cycle
992.5,121.900000,8.000000,synthetic_USFS_Class3_benchmark_cycle
992.6,121.908000,8.000000,synthetic_USFS_Class3_benchmark_cycle
992.7,121.916000,8.000000,synthetic_USFS_Class3_benchmark_cycle
992.8,121.924000,8.000000,synthetic_USFS_Class3_benchmark_cycle
992.9,121.932000,8.000000,synthetic_USFS_Class3_benchmark_cycle
993.0,121.940000,8.000000,synthetic_USFS_Class3_benchmark_cycle
993.1,121.948000,8.000000,synthetic_USFS_Class3_benchmark_cycle
993.2,121.956000,8.000000,synthetic_USFS_Class3_benchmark_cycle
993.3,121.964000,8.000000,synthetic_USFS_Class3_benchmark_cycle
993.4,121.972000,8.000000,synthetic_USFS_Class3_benchmark_cycle
993.5,121.980000,8.000000,synthetic_USFS_Class3_benchmark_cycle
993.6,121.988000,8.000000,synthetic_USFS_Class3_benchmark_cycle
993.7,121.996000,8.000000,synthetic_USFS_Class3_benchmark_cycle
993.8,122.004000,8.000000,synthetic_USFS_Class3_benchmark_cycle
993.9,122.012000,8.000000,synthetic_USFS_Class3_benchmark_cycle
994.0,122.020000,8.000000,synthetic_USFS_Class3_benchmark_cycle
994.1,122.028000,8.000000,synthetic_USFS_Class3_benchmark_cycle
994.2,122.036000,8.000000,synthetic_USFS_Class3_benchmark_cycle
994.3,122.044000,8.000000,synthetic_USFS_Class3_benchmark_cycle
994.4,122.052000,8.000000,synthetic_USFS_Class3_benchmark_cycle
994.5,122.060000,8.000000,synthetic_USFS_Class3_benchmark_cycle
994.6,122.068000,8.000000,synthetic_USFS_Class3_benchmark_cycle
994.7,122.076000,8.000000,synthetic_USFS_Class3_benchmark_cycle
994.8,122.084000,8.000000,synthetic_USFS_Class3_benchmark_cycle
994.9,122.092000,8.000000,synthetic_USFS_Class3_benchmark_cycle
995.0,122.100000,8.000000,synthetic_USFS_Class3_benchmark_cycle
995.1,122.108000,8.000000,synthetic_USFS_Class3_benchmark_cycle
995.2,122.116000,8.000000,synthetic_USFS_Class3_benchmark_cycle
995.3,122.124000,8.000000,synthetic_USFS_Class3_benchmark_cycle
995.4,122.132000,8.000000,synthetic_USFS_Class3_benchmark_cycle
995.5,122.140000,8.000000,synthetic_USFS_Class3_benchmark_cycle
995.6,122.148000,8.000000,synthetic_USFS_Class3_benchmark_cycle
995.7,122.156000,8.000000,synthetic_USFS_Class3_benchmark_cycle
995.8,122.164000,8.000000,synthetic_USFS_Class3_benchmark_cycle
995.9,122.172000,8.000000,synthetic_USFS_Class3_benchmark_cycle
996.0,122.180000,8.000000,synthetic_USFS_Class3_benchmark_cycle
996.1,122.188000,8.000000,synthetic_USFS_Class3_benchmark_cycle
996.2,122.196000,8.000000,synthetic_USFS_Class3_benchmark_cycle
996.3,122.204000,8.000000,synthetic_USFS_Class3_benchmark_cycle
996.4,122.212000,8.000000,synthetic_USFS_Class3_benchmark_cycle
996.5,122.220000,8.000000,synthetic_USFS_Class3_benchmark_cycle
996.6,122.228000,8.000000,synthetic_USFS_Class3_benchmark_cycle
996.7,122.236000,8.000000,synthetic_USFS_Class3_benchmark_cycle
996.8,122.244000,8.000000,synthetic_USFS_Class3_benchmark_cycle
996.9,122.252000,8.000000,synthetic_USFS_Class3_benchmark_cycle
997.0,122.260000,8.000000,synthetic_USFS_Class3_benchmark_cycle
997.1,122.268000,8.000000,synthetic_USFS_Class3_benchmark_cycle
997.2,122.276000,8.000000,synthetic_USFS_Class3_benchmark_cycle
997.3,122.284000,8.000000,synthetic_USFS_Class3_benchmark_cycle
997.4,122.292000,8.000000,synthetic_USFS_Class3_benchmark_cycle
997.5,122.300000,8.000000,synthetic_USFS_Class3_benchmark_cycle
997.6,122.308000,8.000000,synthetic_USFS_Class3_benchmark_cycle
997.7,122.316000,8.000000,synthetic_USFS_Class3_benchmark_cycle
997.8,122.324000,8.000000,synthetic_USFS_Class3_benchmark_cycle
997.9,122.332000,8.000000,synthetic_USFS_Class3_benchmark_cycle
998.0,122.340000,8.000000,synthetic_USFS_Class3_benchmark_cycle
998.1,122.348000,8.000000,synthetic_USFS_Class3_benchmark_cycle
998.2,122.356000,8.000000,synthetic_USFS_Class3_benchmark_cycle
998.3,122.364000,8.000000,synthetic_USFS_Class3_benchmark_cycle
998.4,122.372000,8.000000,synthetic_USFS_Class3_benchmark_cycle
998.5,122.380000,8.000000,synthetic_USFS_Class3_benchmark_cycle
998.6,122.388000,8.000000,synthetic_USFS_Class3_benchmark_cycle
998.7,122.396000,8.000000,synthetic_USFS_Class3_benchmark_cycle
998.8,122.404000,8.000000,synthetic_USFS_Class3_benchmark_cycle
998.9,122.412000,8.000000,synthetic_USFS_Class3_benchmark_cycle
999.0,122.420000,8.000000,synthetic_USFS_Class3_benchmark_cycle
999.1,122.428000,8.000000,synthetic_USFS_Class3_benchmark_cycle
999.2,122.436000,8.000000,synthetic_USFS_Class3_benchmark_cycle
999.3,122.444000,8.000000,synthetic_USFS_Class3_benchmark_cycle
999.4,122.452000,8.000000,synthetic_USFS_Class3_benchmark_cycle
999.5,122.460000,8.000000,synthetic_USFS_Class3_benchmark_cycle
999.6,122.468000,8.000000,synthetic_USFS_Class3_benchmark_cycle
999.7,122.476000,8.000000,synthetic_USFS_Class3_benchmark_cycle
999.8,122.484000,8.000000,synthetic_USFS_Class3_benchmark_cycle
999.9,122.492000,8.000000,synthetic_USFS_Class3_benchmark_cycle
1000.0,122.500000,8.000000,synthetic_USFS_Class3_benchmark_cycle
