distance_m,relative_elevation_m,grade_component_m,roughness_component_m,obstacle_component_m,provenance
0.00,0.000000,0.000000,0.000000,0.000000,synthetic_chat_design_preset
0.01,0.004352,0.000800,0.003552,0.000000,synthetic_chat_design_preset
0.02,0.008690,0.001600,0.007090,0.000000,synthetic_chat_design_preset
0.03,0.013000,0.002400,0.010600,0.000000,synthetic_chat_design_preset
0.04,0.017268,0.003200,0.014068,0.000000,synthetic_chat_design_preset
0.05,0.021481,0.004000,0.017481,0.000000,synthetic_chat_design_preset
0.06,0.025624,0.004800,0.020824,0.000000,synthetic_chat_design_preset
0.07,0.029686,0.005600,0.024086,0.000000,synthetic_chat_design_preset
0.08,0.033652,0.006400,0.027252,0.000000,synthetic_chat_design_preset
0.09,0.037511,0.007200,0.030311,0.000000,synthetic_chat_design_preset
0.10,0.041250,0.008000,0.033250,0.000000,synthetic_chat_design_preset
0.11,0.044858,0.008800,0.036058,0.000000,synthetic_chat_design_preset
0.12,0.048324,0.009600,0.038724,0.000000,synthetic_chat_design_preset
0.13,0.051637,0.010400,0.041237,0.000000,synthetic_chat_design_preset
0.14,0.054787,0.011200,0.043587,0.000000,synthetic_chat_design_preset
0.15,0.057765,0.012000,0.045765,0.000000,synthetic_chat_design_preset
0.16,0.060562,0.012800,0.047762,0.000000,synthetic_chat_design_preset
0.17,0.063171,0.013600,0.049571,0.000000,synthetic_chat_design_preset
0.18,0.065585,0.014400,0.051185,0.000000,synthetic_chat_design_preset
0.19,0.067796,0.015200,0.052596,0.000000,synthetic_chat_design_preset
0.20,0.069800,0.016000,0.053800,0.000000,synthetic_chat_design_preset
0.21,0.071591,0.016800,0.054791,0.000000,synthetic_chat_design_preset
0.22,0.073167,0.017600,0.055567,0.000000,synthetic_chat_design_preset
0.23,0.074522,0.018400,0.056122,0.000000,synthetic_chat_design_preset
0.24,0.075657,0.019200,0.056457,0.000000,synthetic_chat_design_preset
0.25,0.076569,0.020000,0.056569,0.000000,synthetic_chat_design_preset
0.26,0.077257,0.020800,0.056457,0.000000,synthetic_chat_design_preset
0.27,0.077722,0.021600,0.056122,0.000000,synthetic_chat_design_preset
0.28,0.077967,0.022400,0.055567,0.000000,synthetic_chat_design_preset
0.29,0.077991,0.023200,0.054791,0.000000,synthetic_chat_design_preset
0.30,0.077800,0.024000,0.053800,0.000000,synthetic_chat_design_preset
0.31,0.077396,0.024800,0.052596,0.000000,synthetic_chat_design_preset
0.32,0.076785,0.025600,0.051185,0.000000,synthetic_chat_design_preset
0.33,0.075971,0.026400,0.049571,0.000000,synthetic_chat_design_preset
0.34,0.074962,0.027200,0.047762,0.000000,synthetic_chat_design_preset
0.35,0.073765,0.028000,0.045765,0.000000,synthetic_chat_design_preset
0.36,0.072387,0.028800,0.043587,0.000000,synthetic_chat_design_preset
0.37,0.070837,0.029600,0.041237,0.000000,synthetic_chat_design_preset
0.38,0.069124,0.030400,0.038724,0.000000,synthetic_chat_design_preset
0.39,0.067258,0.031200,0.036058,0.000000,synthetic_chat_design_preset
0.40,0.065250,0.032000,0.033250,0.000000,synthetic_chat_design_preset
0.41,0.063111,0.032800,0.030311,0.000000,synthetic_chat_design_preset
0.42,0.060852,0.033600,0.027252,0.000000,synthetic_chat_design_preset
0.43,0.058486,0.034400,0.024086,0.000000,synthetic_chat_design_preset
0.44,0.056024,0.035200,0.020824,0.000000,synthetic_chat_design_preset
0.45,0.053481,0.036000,0.017481,0.000000,synthetic_chat_design_preset
0.46,0.050868,0.036800,0.014068,0.000000,synthetic_chat_design_preset
0.47,0.048200,0.037600,0.010600,0.000000,synthetic_chat_design_preset
0.48,0.045490,0.038400,0.007090,0.000000,synthetic_chat_design_preset
0.49,0.042752,0.039200,0.003552,0.000000,synthetic_chat_design_preset
0.50,0.040000,0.040000,0.000000,0.000000,synthetic_chat_design_preset
0.51,0.037248,0.040800,-0.003552,0.000000,synthetic_chat_design_preset
0.52,0.034510,0.041600,-0.007090,0.000000,synthetic_chat_design_preset
0.53,0.031800,0.042400,-0.010600,0.000000,synthetic_chat_design_preset
0.54,0.029132,0.043200,-0.014068,0.000000,synthetic_chat_design_preset
0.55,0.026519,0.044000,-0.017481,0.000000,synthetic_chat_design_preset
0.56,0.023976,0.044800,-0.020824,0.000000,synthetic_chat_design_preset
0.57,0.021514,0.045600,-0.024086,0.000000,synthetic_chat_design_preset
0.58,0.019148,0.046400,-0.027252,0.000000,synthetic_chat_design_preset
0.59,0.016889,0.047200,-0.030311,0.000000,synthetic_chat_design_preset
0.60,0.014750,0.048000,-0.033250,0.000000,synthetic_chat_design_preset
0.61,0.012742,0.048800,-0.036058,0.000000,synthetic_chat_design_preset
0.62,0.010876,0.049600,-0.038724,0.000000,synthetic_chat_design_preset
0.63,0.009163,0.050400,-0.041237,0.000000,synthetic_chat_design_preset
0.64,0.007613,0.051200,-0.043587,0.000000,synthetic_chat_design_preset
0.65,0.006235,0.052000,-0.045765,0.000000,synthetic_chat_design_preset
0.66,0.005038,0.052800,-0.047762,0.000000,synthetic_chat_design_preset
0.67,0.004029,0.053600,-0.049571,0.000000,synthetic_chat_design_preset
0.68,0.003215,0.054400,-0.051185,0.000000,synthetic_chat_design_preset
0.69,0.002604,0.055200,-0.052596,0.000000,synthetic_chat_design_preset
0.70,0.002200,0.056000,-0.053800,0.000000,synthetic_chat_design_preset
0.71,0.002009,0.056800,-0.054791,0.000000,synthetic_chat_design_preset
0.72,0.002033,0.057600,-0.055567,0.000000,synthetic_chat_design_preset
0.73,0.002278,0.058400,-0.056122,0.000000,synthetic_chat_design_preset
0.74,0.002743,0.059200,-0.056457,0.000000,synthetic_chat_design_preset
0.75,0.003431,0.060000,-0.056569,0.000000,synthetic_chat_design_preset
0.76,0.004343,0.060800,-0.056457,0.000000,synthetic_chat_design_preset
0.77,0.005478,0.061600,-0.056122,0.000000,synthetic_chat_design_preset
0.78,0.006833,0.062400,-0.055567,0.000000,synthetic_chat_design_preset
0.79,0.008409,0.063200,-0.054791,0.000000,synthetic_chat_design_preset
0.80,0.010200,0.064000,-0.053800,0.000000,synthetic_chat_design_preset
0.81,0.012204,0.064800,-0.052596,0.000000,synthetic_chat_design_preset
0.82,0.014415,0.065600,-0.051185,0.000000,synthetic_chat_design_preset
0.83,0.016829,0.066400,-0.049571,0.000000,synthetic_chat_design_preset
0.84,0.019438,0.067200,-0.047762,0.000000,synthetic_chat_design_preset
0.85,0.022235,0.068000,-0.045765,0.000000,synthetic_chat_design_preset
0.86,0.025213,0.068800,-0.043587,0.000000,synthetic_chat_design_preset
0.87,0.028363,0.069600,-0.041237,0.000000,synthetic_chat_design_preset
0.88,0.031676,0.070400,-0.038724,0.000000,synthetic_chat_design_preset
0.89,0.035142,0.071200,-0.036058,0.000000,synthetic_chat_design_preset
0.90,0.038750,0.072000,-0.033250,0.000000,synthetic_chat_design_preset
0.91,0.042489,0.072800,-0.030311,0.000000,synthetic_chat_design_preset
0.92,0.046348,0.073600,-0.027252,0.000000,synthetic_chat_design_preset
0.93,0.050314,0.074400,-0.024086,0.000000,synthetic_chat_design_preset
0.94,0.054376,0.075200,-0.020824,0.000000,synthetic_chat_design_preset
0.95,0.058519,0.076000,-0.017481,0.000000,synthetic_chat_design_preset
0.96,0.062732,0.076800,-0.014068,0.000000,synthetic_chat_design_preset
0.97,0.067000,0.077600,-0.010600,0.000000,synthetic_chat_design_preset
0.98,0.071310,0.078400,-0.007090,0.000000,synthetic_chat_design_preset
0.99,0.075648,0.079200,-0.003552,0.000000,synthetic_chat_design_preset
1.00,0.080000,0.080000,-0.000000,0.000000,synthetic_chat_design_preset
1.01,0.084352,0.080800,0.003552,0.000000,synthetic_chat_design_preset
1.02,0.088690,0.081600,0.007090,0.000000,synthetic_chat_design_preset
1.03,0.093000,0.082400,0.010600,0.000000,synthetic_chat_design_preset
1.04,0.097268,0.083200,0.014068,0.000000,synthetic_chat_design_preset
1.05,0.101481,0.084000,0.017481,0.000000,synthetic_chat_design_preset
1.06,0.105624,0.084800,0.020824,0.000000,synthetic_chat_design_preset
1.07,0.109686,0.085600,0.024086,0.000000,synthetic_chat_design_preset
1.08,0.113652,0.086400,0.027252,0.000000,synthetic_chat_design_preset
1.09,0.117511,0.087200,0.030311,0.000000,synthetic_chat_design_preset
1.10,0.121250,0.088000,0.033250,0.000000,synthetic_chat_design_preset
1.11,0.124858,0.088800,0.036058,0.000000,synthetic_chat_design_preset
1.12,0.128324,0.089600,0.038724,0.000000,synthetic_chat_design_preset
1.13,0.131637,0.090400,0.041237,0.000000,synthetic_chat_design_preset
1.14,0.134787,0.091200,0.043587,0.000000,synthetic_chat_design_preset
1.15,0.137765,0.092000,0.045765,0.000000,synthetic_chat_design_preset
1.16,0.140562,0.092800,0.047762,0.000000,synthetic_chat_design_preset
1.17,0.143171,0.093600,0.049571,0.000000,synthetic_chat_design_preset
1.18,0.145585,0.094400,0.051185,0.000000,synthetic_chat_design_preset
1.19,0.147796,0.095200,0.052596,0.000000,synthetic_chat_design_preset
1.20,0.149800,0.096000,0.053800,0.000000,synthetic_chat_design_preset
1.21,0.151591,0.096800,0.054791,0.000000,synthetic_chat_design_preset
1.22,0.153167,0.097600,0.055567,0.000000,synthetic_chat_design_preset
1.23,0.154522,0.098400,0.056122,0.000000,synthetic_chat_design_preset
1.24,0.155657,0.099200,0.056457,0.000000,synthetic_chat_design_preset
1.25,0.156569,0.100000,0.056569,0.000000,synthetic_chat_design_preset
1.26,0.157257,0.100800,0.056457,0.000000,synthetic_chat_design_preset
1.27,0.157722,0.101600,0.056122,0.000000,synthetic_chat_design_preset
1.28,0.157967,0.102400,0.055567,0.000000,synthetic_chat_design_preset
1.29,0.157991,0.103200,0.054791,0.000000,synthetic_chat_design_preset
1.30,0.157800,0.104000,0.053800,0.000000,synthetic_chat_design_preset
1.31,0.157396,0.104800,0.052596,0.000000,synthetic_chat_design_preset
1.32,0.156785,0.105600,0.051185,0.000000,synthetic_chat_design_preset
1.33,0.155971,0.106400,0.049571,0.000000,synthetic_chat_design_preset
1.34,0.154962,0.107200,0.047762,0.000000,synthetic_chat_design_preset
1.35,0.153765,0.108000,0.045765,0.000000,synthetic_chat_design_preset
1.36,0.152387,0.108800,0.043587,0.000000,synthetic_chat_design_preset
1.37,0.150837,0.109600,0.041237,0.000000,synthetic_chat_design_preset
1.38,0.149124,0.110400,0.038724,0.000000,synthetic_chat_design_preset
1.39,0.147258,0.111200,0.036058,0.000000,synthetic_chat_design_preset
1.40,0.145250,0.112000,0.033250,0.000000,synthetic_chat_design_preset
1.41,0.143111,0.112800,0.030311,0.000000,synthetic_chat_design_preset
1.42,0.140852,0.113600,0.027252,0.000000,synthetic_chat_design_preset
1.43,0.138486,0.114400,0.024086,0.000000,synthetic_chat_design_preset
1.44,0.136024,0.115200,0.020824,0.000000,synthetic_chat_design_preset
1.45,0.133481,0.116000,0.017481,0.000000,synthetic_chat_design_preset
1.46,0.130868,0.116800,0.014068,0.000000,synthetic_chat_design_preset
1.47,0.128200,0.117600,0.010600,0.000000,synthetic_chat_design_preset
1.48,0.125490,0.118400,0.007090,0.000000,synthetic_chat_design_preset
1.49,0.122752,0.119200,0.003552,0.000000,synthetic_chat_design_preset
1.50,0.120000,0.120000,0.000000,0.000000,synthetic_chat_design_preset
1.51,0.117248,0.120800,-0.003552,0.000000,synthetic_chat_design_preset
1.52,0.114510,0.121600,-0.007090,0.000000,synthetic_chat_design_preset
1.53,0.111800,0.122400,-0.010600,0.000000,synthetic_chat_design_preset
1.54,0.109132,0.123200,-0.014068,0.000000,synthetic_chat_design_preset
1.55,0.106519,0.124000,-0.017481,0.000000,synthetic_chat_design_preset
1.56,0.103976,0.124800,-0.020824,0.000000,synthetic_chat_design_preset
1.57,0.101514,0.125600,-0.024086,0.000000,synthetic_chat_design_preset
1.58,0.099148,0.126400,-0.027252,0.000000,synthetic_chat_design_preset
1.59,0.096889,0.127200,-0.030311,0.000000,synthetic_chat_design_preset
1.60,0.094750,0.128000,-0.033250,0.000000,synthetic_chat_design_preset
1.61,0.092742,0.128800,-0.036058,0.000000,synthetic_chat_design_preset
1.62,0.090876,0.129600,-0.038724,0.000000,synthetic_chat_design_preset
1.63,0.089163,0.130400,-0.041237,0.000000,synthetic_chat_design_preset
1.64,0.087613,0.131200,-0.043587,0.000000,synthetic_chat_design_preset
1.65,0.086235,0.132000,-0.045765,0.000000,synthetic_chat_design_preset
1.66,0.085038,0.132800,-0.047762,0.000000,synthetic_chat_design_preset
1.67,0.084029,0.133600,-0.049571,0.000000,synthetic_chat_design_preset
1.68,0.083215,0.134400,-0.051185,0.000000,synthetic_chat_design_preset
1.69,0.082604,0.135200,-0.052596,0.000000,synthetic_chat_design_preset
1.70,0.082200,0.136000,-0.053800,0.000000,synthetic_chat_design_preset
1.71,0.082009,0.136800,-0.054791,0.000000,synthetic_chat_design_preset
1.72,0.082033,0.137600,-0.055567,0.000000,synthetic_chat_design_preset
1.73,0.082278,0.138400,-0.056122,0.000000,synthetic_chat_design_preset
1.74,0.082743,0.139200,-0.056457,0.000000,synthetic_chat_design_preset
1.75,0.083431,0.140000,-0.056569,0.000000,synthetic_chat_design_preset
1.76,0.084343,0.140800,-0.056457,0.000000,synthetic_chat_design_preset
1.77,0.085478,0.141600,-0.056122,0.000000,synthetic_chat_design_preset
1.78,0.086833,0.142400,-0.055567,0.000000,synthetic_chat_design_preset
1.79,0.088409,0.143200,-0.054791,0.000000,synthetic_chat_design_preset
1.80,0.090200,0.144000,-0.053800,0.000000,synthetic_chat_design_preset
1.81,0.092204,0.144800,-0.052596,0.000000,synthetic_chat_design_preset
1.82,0.094415,0.145600,-0.051185,0.000000,synthetic_chat_design_preset
1.83,0.096829,0.146400,-0.049571,0.000000,synthetic_chat_design_preset
1.84,0.099438,0.147200,-0.047762,0.000000,synthetic_chat_design_preset
1.85,0.102235,0.148000,-0.045765,0.000000,synthetic_chat_design_preset
1.86,0.105213,0.148800,-0.043587,0.000000,synthetic_chat_design_preset
1.87,0.108363,0.149600,-0.041237,0.000000,synthetic_chat_design_preset
1.88,0.111676,0.150400,-0.038724,0.000000,synthetic_chat_design_preset
1.89,0.115142,0.151200,-0.036058,0.000000,synthetic_chat_design_preset
1.90,0.118750,0.152000,-0.033250,0.000000,synthetic_chat_design_preset
1.91,0.122489,0.152800,-0.030311,0.000000,synthetic_chat_design_preset
1.92,0.126348,0.153600,-0.027252,0.000000,synthetic_chat_design_preset
1.93,0.130314,0.154400,-0.024086,0.000000,synthetic_chat_design_preset
1.94,0.134376,0.155200,-0.020824,0.000000,synthetic_chat_design_preset
1.95,0.138519,0.156000,-0.017481,0.000000,synthetic_chat_design_preset
1.96,0.142732,0.156800,-0.014068,0.000000,synthetic_chat_design_preset
1.97,0.147000,0.157600,-0.010600,0.000000,synthetic_chat_design_preset
1.98,0.151310,0.158400,-0.007090,0.000000,synthetic_chat_design_preset
1.99,0.155681,0.159200,-0.003552,0.000033,synthetic_chat_design_preset
2.00,0.160045,0.160000,-0.000000,0.000045,synthetic_chat_design_preset
2.01,0.164413,0.160800,0.003552,0.000061,synthetic_chat_design_preset
2.02,0.168773,0.161600,0.007090,0.000083,synthetic_chat_design_preset
2.03,0.173111,0.162400,0.010600,0.000111,synthetic_chat_design_preset
2.04,0.177416,0.163200,0.014068,0.000148,synthetic_chat_design_preset
2.05,0.181676,0.164000,0.017481,0.000195,synthetic_chat_design_preset
2.06,0.185881,0.164800,0.020824,0.000257,synthetic_chat_design_preset
2.07,0.190022,0.165600,0.024086,0.000336,synthetic_chat_design_preset
2.08,0.194089,0.166400,0.027252,0.000436,synthetic_chat_design_preset
2.09,0.198075,0.167200,0.030311,0.000564,synthetic_chat_design_preset
2.10,0.201973,0.168000,0.033250,0.000723,synthetic_chat_design_preset
2.11,0.205781,0.168800,0.036058,0.000923,synthetic_chat_design_preset
2.12,0.209493,0.169600,0.038724,0.001170,synthetic_chat_design_preset
2.13,0.213110,0.170400,0.041237,0.001474,synthetic_chat_design_preset
2.14,0.216632,0.171200,0.043587,0.001845,synthetic_chat_design_preset
2.15,0.220061,0.172000,0.045765,0.002296,synthetic_chat_design_preset
2.16,0.223403,0.172800,0.047762,0.002840,synthetic_chat_design_preset
2.17,0.226663,0.173600,0.049571,0.003492,synthetic_chat_design_preset
2.18,0.229850,0.174400,0.051185,0.004266,synthetic_chat_design_preset
2.19,0.232975,0.175200,0.052596,0.005179,synthetic_chat_design_preset
2.20,0.236050,0.176000,0.053800,0.006250,synthetic_chat_design_preset
2.21,0.239087,0.176800,0.054791,0.007496,synthetic_chat_design_preset
2.22,0.242101,0.177600,0.055567,0.008935,synthetic_chat_design_preset
2.23,0.245107,0.178400,0.056122,0.010584,synthetic_chat_design_preset
2.24,0.248118,0.179200,0.056457,0.012462,synthetic_chat_design_preset
2.25,0.251150,0.180000,0.056569,0.014582,synthetic_chat_design_preset
2.26,0.254214,0.180800,0.056457,0.016958,synthetic_chat_design_preset
2.27,0.257322,0.181600,0.056122,0.019600,synthetic_chat_design_preset
2.28,0.260480,0.182400,0.055567,0.022514,synthetic_chat_design_preset
2.29,0.263694,0.183200,0.054791,0.025703,synthetic_chat_design_preset
2.30,0.266963,0.184000,0.053800,0.029163,synthetic_chat_design_preset
2.31,0.270282,0.184800,0.052596,0.032886,synthetic_chat_design_preset
2.32,0.273641,0.185600,0.051185,0.036857,synthetic_chat_design_preset
2.33,0.277024,0.186400,0.049571,0.041053,synthetic_chat_design_preset
2.34,0.280408,0.187200,0.047762,0.045446,synthetic_chat_design_preset
2.35,0.283765,0.188000,0.045765,0.050000,synthetic_chat_design_preset
2.36,0.287059,0.188800,0.043587,0.054673,synthetic_chat_design_preset
2.37,0.290251,0.189600,0.041237,0.059415,synthetic_chat_design_preset
2.38,0.293295,0.190400,0.038724,0.064171,synthetic_chat_design_preset
2.39,0.296141,0.191200,0.036058,0.068883,synthetic_chat_design_preset
2.40,0.298737,0.192000,0.033250,0.073487,synthetic_chat_design_preset
2.41,0.301027,0.192800,0.030311,0.077916,synthetic_chat_design_preset
2.42,0.302958,0.193600,0.027252,0.082106,synthetic_chat_design_preset
2.43,0.304475,0.194400,0.024086,0.085989,synthetic_chat_design_preset
2.44,0.305527,0.195200,0.020824,0.089503,synthetic_chat_design_preset
2.45,0.306068,0.196000,0.017481,0.092587,synthetic_chat_design_preset
2.46,0.306058,0.196800,0.014068,0.095190,synthetic_chat_design_preset
2.47,0.305465,0.197600,0.010600,0.097265,synthetic_chat_design_preset
2.48,0.304265,0.198400,0.007090,0.098775,synthetic_chat_design_preset
2.49,0.302444,0.199200,0.003552,0.099692,synthetic_chat_design_preset
2.50,0.300000,0.200000,0.000000,0.100000,synthetic_chat_design_preset
2.51,0.296940,0.200800,-0.003552,0.099692,synthetic_chat_design_preset
2.52,0.293285,0.201600,-0.007090,0.098775,synthetic_chat_design_preset
2.53,0.289066,0.202400,-0.010600,0.097265,synthetic_chat_design_preset
2.54,0.284322,0.203200,-0.014068,0.095190,synthetic_chat_design_preset
2.55,0.279107,0.204000,-0.017481,0.092587,synthetic_chat_design_preset
2.56,0.273478,0.204800,-0.020824,0.089503,synthetic_chat_design_preset
2.57,0.267503,0.205600,-0.024086,0.085989,synthetic_chat_design_preset
2.58,0.261254,0.206400,-0.027252,0.082106,synthetic_chat_design_preset
2.59,0.254806,0.207200,-0.030311,0.077916,synthetic_chat_design_preset
2.60,0.248237,0.208000,-0.033250,0.073487,synthetic_chat_design_preset
2.61,0.241625,0.208800,-0.036058,0.068883,synthetic_chat_design_preset
2.62,0.235047,0.209600,-0.038724,0.064171,synthetic_chat_design_preset
2.63,0.228578,0.210400,-0.041237,0.059415,synthetic_chat_design_preset
2.64,0.222286,0.211200,-0.043587,0.054673,synthetic_chat_design_preset
2.65,0.216235,0.212000,-0.045765,0.050000,synthetic_chat_design_preset
2.66,0.210484,0.212800,-0.047762,0.045446,synthetic_chat_design_preset
2.67,0.205081,0.213600,-0.049571,0.041053,synthetic_chat_design_preset
2.68,0.200072,0.214400,-0.051185,0.036857,synthetic_chat_design_preset
2.69,0.195490,0.215200,-0.052596,0.032886,synthetic_chat_design_preset
2.70,0.191363,0.216000,-0.053800,0.029163,synthetic_chat_design_preset
2.71,0.187712,0.216800,-0.054791,0.025703,synthetic_chat_design_preset
2.72,0.184547,0.217600,-0.055567,0.022514,synthetic_chat_design_preset
2.73,0.181877,0.218400,-0.056122,0.019600,synthetic_chat_design_preset
2.74,0.179701,0.219200,-0.056457,0.016958,synthetic_chat_design_preset
2.75,0.178013,0.220000,-0.056569,0.014582,synthetic_chat_design_preset
2.76,0.176805,0.220800,-0.056457,0.012462,synthetic_chat_design_preset
2.77,0.176062,0.221600,-0.056122,0.010584,synthetic_chat_design_preset
2.78,0.175768,0.222400,-0.055567,0.008935,synthetic_chat_design_preset
2.79,0.175904,0.223200,-0.054791,0.007496,synthetic_chat_design_preset
2.80,0.176450,0.224000,-0.053800,0.006250,synthetic_chat_design_preset
2.81,0.177383,0.224800,-0.052596,0.005179,synthetic_chat_design_preset
2.82,0.178681,0.225600,-0.051185,0.004266,synthetic_chat_design_preset
2.83,0.180320,0.226400,-0.049571,0.003492,synthetic_chat_design_preset
2.84,0.182278,0.227200,-0.047762,0.002840,synthetic_chat_design_preset
2.85,0.184532,0.228000,-0.045765,0.002296,synthetic_chat_design_preset
2.86,0.187058,0.228800,-0.043587,0.001845,synthetic_chat_design_preset
2.87,0.189837,0.229600,-0.041237,0.001474,synthetic_chat_design_preset
2.88,0.192846,0.230400,-0.038724,0.001170,synthetic_chat_design_preset
2.89,0.196065,0.231200,-0.036058,0.000923,synthetic_chat_design_preset
2.90,0.199473,0.232000,-0.033250,0.000723,synthetic_chat_design_preset
2.91,0.203053,0.232800,-0.030311,0.000564,synthetic_chat_design_preset
2.92,0.206784,0.233600,-0.027252,0.000436,synthetic_chat_design_preset
2.93,0.210650,0.234400,-0.024086,0.000336,synthetic_chat_design_preset
2.94,0.214633,0.235200,-0.020824,0.000257,synthetic_chat_design_preset
2.95,0.218715,0.236000,-0.017481,0.000195,synthetic_chat_design_preset
2.96,0.222880,0.236800,-0.014068,0.000148,synthetic_chat_design_preset
2.97,0.227111,0.237600,-0.010600,0.000111,synthetic_chat_design_preset
2.98,0.231393,0.238400,-0.007090,0.000083,synthetic_chat_design_preset
2.99,0.235709,0.239200,-0.003552,0.000061,synthetic_chat_design_preset
3.00,0.240045,0.240000,-0.000000,0.000045,synthetic_chat_design_preset
3.01,0.244352,0.240800,0.003552,0.000000,synthetic_chat_design_preset
3.02,0.248690,0.241600,0.007090,0.000000,synthetic_chat_design_preset
3.03,0.253000,0.242400,0.010600,0.000000,synthetic_chat_design_preset
3.04,0.257268,0.243200,0.014068,0.000000,synthetic_chat_design_preset
3.05,0.261481,0.244000,0.017481,0.000000,synthetic_chat_design_preset
3.06,0.265624,0.244800,0.020824,0.000000,synthetic_chat_design_preset
3.07,0.269686,0.245600,0.024086,0.000000,synthetic_chat_design_preset
3.08,0.273652,0.246400,0.027252,0.000000,synthetic_chat_design_preset
3.09,0.277511,0.247200,0.030311,0.000000,synthetic_chat_design_preset
3.10,0.281250,0.248000,0.033250,0.000000,synthetic_chat_design_preset
3.11,0.284858,0.248800,0.036058,0.000000,synthetic_chat_design_preset
3.12,0.288324,0.249600,0.038724,0.000000,synthetic_chat_design_preset
3.13,0.291637,0.250400,0.041237,0.000000,synthetic_chat_design_preset
3.14,0.294787,0.251200,0.043587,0.000000,synthetic_chat_design_preset
3.15,0.297765,0.252000,0.045765,0.000000,synthetic_chat_design_preset
3.16,0.300562,0.252800,0.047762,0.000000,synthetic_chat_design_preset
3.17,0.303171,0.253600,0.049571,0.000000,synthetic_chat_design_preset
3.18,0.305585,0.254400,0.051185,0.000000,synthetic_chat_design_preset
3.19,0.307796,0.255200,0.052596,0.000000,synthetic_chat_design_preset
3.20,0.309800,0.256000,0.053800,0.000000,synthetic_chat_design_preset
3.21,0.311591,0.256800,0.054791,0.000000,synthetic_chat_design_preset
3.22,0.313167,0.257600,0.055567,0.000000,synthetic_chat_design_preset
3.23,0.314522,0.258400,0.056122,0.000000,synthetic_chat_design_preset
3.24,0.315657,0.259200,0.056457,0.000000,synthetic_chat_design_preset
3.25,0.316569,0.260000,0.056569,0.000000,synthetic_chat_design_preset
3.26,0.317257,0.260800,0.056457,0.000000,synthetic_chat_design_preset
3.27,0.317722,0.261600,0.056122,0.000000,synthetic_chat_design_preset
3.28,0.317967,0.262400,0.055567,0.000000,synthetic_chat_design_preset
3.29,0.317991,0.263200,0.054791,0.000000,synthetic_chat_design_preset
3.30,0.317800,0.264000,0.053800,0.000000,synthetic_chat_design_preset
3.31,0.317396,0.264800,0.052596,0.000000,synthetic_chat_design_preset
3.32,0.316785,0.265600,0.051185,0.000000,synthetic_chat_design_preset
3.33,0.315971,0.266400,0.049571,0.000000,synthetic_chat_design_preset
3.34,0.314962,0.267200,0.047762,0.000000,synthetic_chat_design_preset
3.35,0.313765,0.268000,0.045765,0.000000,synthetic_chat_design_preset
3.36,0.312387,0.268800,0.043587,0.000000,synthetic_chat_design_preset
3.37,0.310837,0.269600,0.041237,0.000000,synthetic_chat_design_preset
3.38,0.309124,0.270400,0.038724,0.000000,synthetic_chat_design_preset
3.39,0.307258,0.271200,0.036058,0.000000,synthetic_chat_design_preset
3.40,0.305250,0.272000,0.033250,0.000000,synthetic_chat_design_preset
3.41,0.303111,0.272800,0.030311,0.000000,synthetic_chat_design_preset
3.42,0.300852,0.273600,0.027252,0.000000,synthetic_chat_design_preset
3.43,0.298486,0.274400,0.024086,0.000000,synthetic_chat_design_preset
3.44,0.296024,0.275200,0.020824,0.000000,synthetic_chat_design_preset
3.45,0.293481,0.276000,0.017481,0.000000,synthetic_chat_design_preset
3.46,0.290868,0.276800,0.014068,0.000000,synthetic_chat_design_preset
3.47,0.288200,0.277600,0.010600,0.000000,synthetic_chat_design_preset
3.48,0.285490,0.278400,0.007090,0.000000,synthetic_chat_design_preset
3.49,0.282752,0.279200,0.003552,0.000000,synthetic_chat_design_preset
3.50,0.280000,0.280000,0.000000,0.000000,synthetic_chat_design_preset
3.51,0.277248,0.280800,-0.003552,0.000000,synthetic_chat_design_preset
3.52,0.274510,0.281600,-0.007090,0.000000,synthetic_chat_design_preset
3.53,0.271800,0.282400,-0.010600,0.000000,synthetic_chat_design_preset
3.54,0.269132,0.283200,-0.014068,0.000000,synthetic_chat_design_preset
3.55,0.266519,0.284000,-0.017481,0.000000,synthetic_chat_design_preset
3.56,0.263976,0.284800,-0.020824,0.000000,synthetic_chat_design_preset
3.57,0.261514,0.285600,-0.024086,0.000000,synthetic_chat_design_preset
3.58,0.259148,0.286400,-0.027252,0.000000,synthetic_chat_design_preset
3.59,0.256889,0.287200,-0.030311,0.000000,synthetic_chat_design_preset
3.60,0.254750,0.288000,-0.033250,0.000000,synthetic_chat_design_preset
3.61,0.252742,0.288800,-0.036058,0.000000,synthetic_chat_design_preset
3.62,0.250876,0.289600,-0.038724,0.000000,synthetic_chat_design_preset
3.63,0.249163,0.290400,-0.041237,0.000000,synthetic_chat_design_preset
3.64,0.247613,0.291200,-0.043587,0.000000,synthetic_chat_design_preset
3.65,0.246235,0.292000,-0.045765,0.000000,synthetic_chat_design_preset
3.66,0.245038,0.292800,-0.047762,0.000000,synthetic_chat_design_preset
3.67,0.244029,0.293600,-0.049571,0.000000,synthetic_chat_design_preset
3.68,0.243215,0.294400,-0.051185,0.000000,synthetic_chat_design_preset
3.69,0.242604,0.295200,-0.052596,0.000000,synthetic_chat_design_preset
3.70,0.242200,0.296000,-0.053800,0.000000,synthetic_chat_design_preset
3.71,0.242009,0.296800,-0.054791,0.000000,synthetic_chat_design_preset
3.72,0.242033,0.297600,-0.055567,0.000000,synthetic_chat_design_preset
3.73,0.242278,0.298400,-0.056122,0.000000,synthetic_chat_design_preset
3.74,0.242743,0.299200,-0.056457,0.000000,synthetic_chat_design_preset
3.75,0.243431,0.300000,-0.056569,0.000000,synthetic_chat_design_preset
3.76,0.244343,0.300800,-0.056457,0.000000,synthetic_chat_design_preset
3.77,0.245478,0.301600,-0.056122,0.000000,synthetic_chat_design_preset
3.78,0.246833,0.302400,-0.055567,0.000000,synthetic_chat_design_preset
3.79,0.248409,0.303200,-0.054791,0.000000,synthetic_chat_design_preset
3.80,0.250200,0.304000,-0.053800,0.000000,synthetic_chat_design_preset
3.81,0.252204,0.304800,-0.052596,0.000000,synthetic_chat_design_preset
3.82,0.254415,0.305600,-0.051185,0.000000,synthetic_chat_design_preset
3.83,0.256829,0.306400,-0.049571,0.000000,synthetic_chat_design_preset
3.84,0.259438,0.307200,-0.047762,0.000000,synthetic_chat_design_preset
3.85,0.262235,0.308000,-0.045765,0.000000,synthetic_chat_design_preset
3.86,0.265213,0.308800,-0.043587,0.000000,synthetic_chat_design_preset
3.87,0.268363,0.309600,-0.041237,0.000000,synthetic_chat_design_preset
3.88,0.271676,0.310400,-0.038724,0.000000,synthetic_chat_design_preset
3.89,0.275142,0.311200,-0.036058,0.000000,synthetic_chat_design_preset
3.90,0.278750,0.312000,-0.033250,0.000000,synthetic_chat_design_preset
3.91,0.282489,0.312800,-0.030311,0.000000,synthetic_chat_design_preset
3.92,0.286348,0.313600,-0.027252,0.000000,synthetic_chat_design_preset
3.93,0.290314,0.314400,-0.024086,0.000000,synthetic_chat_design_preset
3.94,0.294376,0.315200,-0.020824,0.000000,synthetic_chat_design_preset
3.95,0.298519,0.316000,-0.017481,0.000000,synthetic_chat_design_preset
3.96,0.302732,0.316800,-0.014068,0.000000,synthetic_chat_design_preset
3.97,0.307000,0.317600,-0.010600,0.000000,synthetic_chat_design_preset
3.98,0.311310,0.318400,-0.007090,0.000000,synthetic_chat_design_preset
3.99,0.315648,0.319200,-0.003552,0.000000,synthetic_chat_design_preset
4.00,0.320000,0.320000,-0.000000,0.000000,synthetic_chat_design_preset
4.01,0.324352,0.320800,0.003552,0.000000,synthetic_chat_design_preset
4.02,0.328690,0.321600,0.007090,0.000000,synthetic_chat_design_preset
4.03,0.333000,0.322400,0.010600,0.000000,synthetic_chat_design_preset
4.04,0.337268,0.323200,0.014068,0.000000,synthetic_chat_design_preset
4.05,0.341481,0.324000,0.017481,0.000000,synthetic_chat_design_preset
4.06,0.345624,0.324800,0.020824,0.000000,synthetic_chat_design_preset
4.07,0.349686,0.325600,0.024086,0.000000,synthetic_chat_design_preset
4.08,0.353652,0.326400,0.027252,0.000000,synthetic_chat_design_preset
4.09,0.357511,0.327200,0.030311,0.000000,synthetic_chat_design_preset
4.10,0.361250,0.328000,0.033250,0.000000,synthetic_chat_design_preset
4.11,0.364858,0.328800,0.036058,0.000000,synthetic_chat_design_preset
4.12,0.368324,0.329600,0.038724,0.000000,synthetic_chat_design_preset
4.13,0.371637,0.330400,0.041237,0.000000,synthetic_chat_design_preset
4.14,0.374787,0.331200,0.043587,0.000000,synthetic_chat_design_preset
4.15,0.377765,0.332000,0.045765,0.000000,synthetic_chat_design_preset
4.16,0.380562,0.332800,0.047762,0.000000,synthetic_chat_design_preset
4.17,0.383171,0.333600,0.049571,0.000000,synthetic_chat_design_preset
4.18,0.385585,0.334400,0.051185,0.000000,synthetic_chat_design_preset
4.19,0.387796,0.335200,0.052596,0.000000,synthetic_chat_design_preset
4.20,0.389800,0.336000,0.053800,0.000000,synthetic_chat_design_preset
4.21,0.391591,0.336800,0.054791,0.000000,synthetic_chat_design_preset
4.22,0.393167,0.337600,0.055567,0.000000,synthetic_chat_design_preset
4.23,0.394522,0.338400,0.056122,0.000000,synthetic_chat_design_preset
4.24,0.395657,0.339200,0.056457,0.000000,synthetic_chat_design_preset
4.25,0.396569,0.340000,0.056569,0.000000,synthetic_chat_design_preset
4.26,0.397257,0.340800,0.056457,0.000000,synthetic_chat_design_preset
4.27,0.397722,0.341600,0.056122,0.000000,synthetic_chat_design_preset
4.28,0.397967,0.342400,0.055567,0.000000,synthetic_chat_design_preset
4.29,0.397991,0.343200,0.054791,0.000000,synthetic_chat_design_preset
4.30,0.397800,0.344000,0.053800,0.000000,synthetic_chat_design_preset
4.31,0.397396,0.344800,0.052596,0.000000,synthetic_chat_design_preset
4.32,0.396785,0.345600,0.051185,0.000000,synthetic_chat_design_preset
4.33,0.395971,0.346400,0.049571,0.000000,synthetic_chat_design_preset
4.34,0.394962,0.347200,0.047762,0.000000,synthetic_chat_design_preset
4.35,0.393765,0.348000,0.045765,0.000000,synthetic_chat_design_preset
4.36,0.392387,0.348800,0.043587,0.000000,synthetic_chat_design_preset
4.37,0.390837,0.349600,0.041237,0.000000,synthetic_chat_design_preset
4.38,0.389124,0.350400,0.038724,0.000000,synthetic_chat_design_preset
4.39,0.387258,0.351200,0.036058,0.000000,synthetic_chat_design_preset
4.40,0.385250,0.352000,0.033250,0.000000,synthetic_chat_design_preset
4.41,0.383111,0.352800,0.030311,0.000000,synthetic_chat_design_preset
4.42,0.380852,0.353600,0.027252,0.000000,synthetic_chat_design_preset
4.43,0.378486,0.354400,0.024086,0.000000,synthetic_chat_design_preset
4.44,0.376024,0.355200,0.020824,0.000000,synthetic_chat_design_preset
4.45,0.373481,0.356000,0.017481,0.000000,synthetic_chat_design_preset
4.46,0.370868,0.356800,0.014068,0.000000,synthetic_chat_design_preset
4.47,0.368200,0.357600,0.010600,0.000000,synthetic_chat_design_preset
4.48,0.365490,0.358400,0.007090,0.000000,synthetic_chat_design_preset
4.49,0.362752,0.359200,0.003552,0.000000,synthetic_chat_design_preset
4.50,0.360000,0.360000,0.000000,0.000000,synthetic_chat_design_preset
4.51,0.357248,0.360800,-0.003552,0.000000,synthetic_chat_design_preset
4.52,0.354510,0.361600,-0.007090,0.000000,synthetic_chat_design_preset
4.53,0.351800,0.362400,-0.010600,0.000000,synthetic_chat_design_preset
4.54,0.349132,0.363200,-0.014068,0.000000,synthetic_chat_design_preset
4.55,0.346519,0.364000,-0.017481,0.000000,synthetic_chat_design_preset
4.56,0.343976,0.364800,-0.020824,0.000000,synthetic_chat_design_preset
4.57,0.341514,0.365600,-0.024086,0.000000,synthetic_chat_design_preset
4.58,0.339148,0.366400,-0.027252,0.000000,synthetic_chat_design_preset
4.59,0.336889,0.367200,-0.030311,0.000000,synthetic_chat_design_preset
4.60,0.334750,0.368000,-0.033250,0.000000,synthetic_chat_design_preset
4.61,0.332742,0.368800,-0.036058,0.000000,synthetic_chat_design_preset
4.62,0.330876,0.369600,-0.038724,0.000000,synthetic_chat_design_preset
4.63,0.329163,0.370400,-0.041237,0.000000,synthetic_chat_design_preset
4.64,0.327613,0.371200,-0.043587,0.000000,synthetic_chat_design_preset
4.65,0.326235,0.372000,-0.045765,0.000000,synthetic_chat_design_preset
4.66,0.325038,0.372800,-0.047762,0.000000,synthetic_chat_design_preset
4.67,0.324029,0.373600,-0.049571,0.000000,synthetic_chat_design_preset
4.68,0.323215,0.374400,-0.051185,0.000000,synthetic_chat_design_preset
4.69,0.322604,0.375200,-0.052596,0.000000,synthetic_chat_design_preset
4.70,0.322200,0.376000,-0.053800,0.000000,synthetic_chat_design_preset
4.71,0.322009,0.376800,-0.054791,0.000000,synthetic_chat_design_preset
4.72,0.322033,0.377600,-0.055567,0.000000,synthetic_chat_design_preset
4.73,0.322278,0.378400,-0.056122,0.000000,synthetic_chat_design_preset
4.74,0.322743,0.379200,-0.056457,0.000000,synthetic_chat_design_preset
4.75,0.323431,0.380000,-0.056569,0.000000,synthetic_chat_design_preset
4.76,0.324343,0.380800,-0.056457,0.000000,synthetic_chat_design_preset
4.77,0.325478,0.381600,-0.056122,0.000000,synthetic_chat_design_preset
4.78,0.326833,0.382400,-0.055567,0.000000,synthetic_chat_design_preset
4.79,0.328409,0.383200,-0.054791,0.000000,synthetic_chat_design_preset
4.80,0.330200,0.384000,-0.053800,0.000000,synthetic_chat_design_preset
4.81,0.332204,0.384800,-0.052596,0.000000,synthetic_chat_design_preset
4.82,0.334415,0.385600,-0.051185,0.000000,synthetic_chat_design_preset
4.83,0.336829,0.386400,-0.049571,0.000000,synthetic_chat_design_preset
4.84,0.339438,0.387200,-0.047762,0.000000,synthetic_chat_design_preset
4.85,0.342235,0.388000,-0.045765,0.000000,synthetic_chat_design_preset
4.86,0.345213,0.388800,-0.043587,0.000000,synthetic_chat_design_preset
4.87,0.348363,0.389600,-0.041237,0.000000,synthetic_chat_design_preset
4.88,0.351676,0.390400,-0.038724,0.000000,synthetic_chat_design_preset
4.89,0.355142,0.391200,-0.036058,0.000000,synthetic_chat_design_preset
4.90,0.358750,0.392000,-0.033250,0.000000,synthetic_chat_design_preset
4.91,0.362489,0.392800,-0.030311,0.000000,synthetic_chat_design_preset
4.92,0.366348,0.393600,-0.027252,0.000000,synthetic_chat_design_preset
4.93,0.370314,0.394400,-0.024086,0.000000,synthetic_chat_design_preset
4.94,0.374376,0.395200,-0.020824,0.000000,synthetic_chat_design_preset
4.95,0.378519,0.396000,-0.017481,0.000000,synthetic_chat_design_preset
4.96,0.382732,0.396800,-0.014068,0.000000,synthetic_chat_design_preset
4.97,0.387000,0.397600,-0.010600,0.000000,synthetic_chat_design_preset
4.98,0.391310,0.398400,-0.007090,0.000000,synthetic_chat_design_preset
4.99,0.395648,0.399200,-0.003552,0.000000,synthetic_chat_design_preset
5.00,0.400000,0.400000,-0.000000,0.000000,synthetic_chat_design_preset
5.01,0.404352,0.400800,0.003552,0.000000,synthetic_chat_design_preset
5.02,0.408690,0.401600,0.007090,0.000000,synthetic_chat_design_preset
5.03,0.413000,0.402400,0.010600,0.000000,synthetic_chat_design_preset
5.04,0.417268,0.403200,0.014068,0.000000,synthetic_chat_design_preset
5.05,0.421481,0.404000,0.017481,0.000000,synthetic_chat_design_preset
5.06,0.425624,0.404800,0.020824,0.000000,synthetic_chat_design_preset
5.07,0.429686,0.405600,0.024086,0.000000,synthetic_chat_design_preset
5.08,0.433652,0.406400,0.027252,0.000000,synthetic_chat_design_preset
5.09,0.437511,0.407200,0.030311,0.000000,synthetic_chat_design_preset
5.10,0.441250,0.408000,0.033250,0.000000,synthetic_chat_design_preset
5.11,0.444858,0.408800,0.036058,0.000000,synthetic_chat_design_preset
5.12,0.448324,0.409600,0.038724,0.000000,synthetic_chat_design_preset
5.13,0.451637,0.410400,0.041237,0.000000,synthetic_chat_design_preset
5.14,0.454787,0.411200,0.043587,0.000000,synthetic_chat_design_preset
5.15,0.457765,0.412000,0.045765,0.000000,synthetic_chat_design_preset
5.16,0.460562,0.412800,0.047762,0.000000,synthetic_chat_design_preset
5.17,0.463171,0.413600,0.049571,0.000000,synthetic_chat_design_preset
5.18,0.465585,0.414400,0.051185,0.000000,synthetic_chat_design_preset
5.19,0.467796,0.415200,0.052596,0.000000,synthetic_chat_design_preset
5.20,0.469800,0.416000,0.053800,0.000000,synthetic_chat_design_preset
5.21,0.471591,0.416800,0.054791,0.000000,synthetic_chat_design_preset
5.22,0.473167,0.417600,0.055567,0.000000,synthetic_chat_design_preset
5.23,0.474522,0.418400,0.056122,0.000000,synthetic_chat_design_preset
5.24,0.475657,0.419200,0.056457,0.000000,synthetic_chat_design_preset
5.25,0.476569,0.420000,0.056569,0.000000,synthetic_chat_design_preset
5.26,0.477257,0.420800,0.056457,0.000000,synthetic_chat_design_preset
5.27,0.477722,0.421600,0.056122,0.000000,synthetic_chat_design_preset
5.28,0.477967,0.422400,0.055567,0.000000,synthetic_chat_design_preset
5.29,0.477991,0.423200,0.054791,0.000000,synthetic_chat_design_preset
5.30,0.477800,0.424000,0.053800,0.000000,synthetic_chat_design_preset
5.31,0.477396,0.424800,0.052596,0.000000,synthetic_chat_design_preset
5.32,0.476785,0.425600,0.051185,0.000000,synthetic_chat_design_preset
5.33,0.475971,0.426400,0.049571,0.000000,synthetic_chat_design_preset
5.34,0.474962,0.427200,0.047762,0.000000,synthetic_chat_design_preset
5.35,0.473765,0.428000,0.045765,0.000000,synthetic_chat_design_preset
5.36,0.472387,0.428800,0.043587,0.000000,synthetic_chat_design_preset
5.37,0.470837,0.429600,0.041237,0.000000,synthetic_chat_design_preset
5.38,0.469124,0.430400,0.038724,0.000000,synthetic_chat_design_preset
5.39,0.467258,0.431200,0.036058,0.000000,synthetic_chat_design_preset
5.40,0.465250,0.432000,0.033250,0.000000,synthetic_chat_design_preset
5.41,0.463111,0.432800,0.030311,0.000000,synthetic_chat_design_preset
5.42,0.460852,0.433600,0.027252,0.000000,synthetic_chat_design_preset
5.43,0.458486,0.434400,0.024086,0.000000,synthetic_chat_design_preset
5.44,0.456024,0.435200,0.020824,0.000000,synthetic_chat_design_preset
5.45,0.453481,0.436000,0.017481,0.000000,synthetic_chat_design_preset
5.46,0.450868,0.436800,0.014068,0.000000,synthetic_chat_design_preset
5.47,0.448200,0.437600,0.010600,0.000000,synthetic_chat_design_preset
5.48,0.445490,0.438400,0.007090,0.000000,synthetic_chat_design_preset
5.49,0.442752,0.439200,0.003552,0.000000,synthetic_chat_design_preset
5.50,0.440000,0.440000,0.000000,0.000000,synthetic_chat_design_preset
5.51,0.437248,0.440800,-0.003552,0.000000,synthetic_chat_design_preset
5.52,0.434510,0.441600,-0.007090,0.000000,synthetic_chat_design_preset
5.53,0.431800,0.442400,-0.010600,0.000000,synthetic_chat_design_preset
5.54,0.429132,0.443200,-0.014068,0.000000,synthetic_chat_design_preset
5.55,0.426519,0.444000,-0.017481,0.000000,synthetic_chat_design_preset
5.56,0.423976,0.444800,-0.020824,0.000000,synthetic_chat_design_preset
5.57,0.421514,0.445600,-0.024086,0.000000,synthetic_chat_design_preset
5.58,0.419148,0.446400,-0.027252,0.000000,synthetic_chat_design_preset
5.59,0.416889,0.447200,-0.030311,0.000000,synthetic_chat_design_preset
5.60,0.414750,0.448000,-0.033250,0.000000,synthetic_chat_design_preset
5.61,0.412742,0.448800,-0.036058,0.000000,synthetic_chat_design_preset
5.62,0.410876,0.449600,-0.038724,0.000000,synthetic_chat_design_preset
5.63,0.409163,0.450400,-0.041237,0.000000,synthetic_chat_design_preset
5.64,0.407613,0.451200,-0.043587,0.000000,synthetic_chat_design_preset
5.65,0.406235,0.452000,-0.045765,0.000000,synthetic_chat_design_preset
5.66,0.405038,0.452800,-0.047762,0.000000,synthetic_chat_design_preset
5.67,0.404029,0.453600,-0.049571,0.000000,synthetic_chat_design_preset
5.68,0.403215,0.454400,-0.051185,0.000000,synthetic_chat_design_preset
5.69,0.402604,0.455200,-0.052596,0.000000,synthetic_chat_design_preset
5.70,0.402200,0.456000,-0.053800,0.000000,synthetic_chat_design_preset
5.71,0.402009,0.456800,-0.054791,0.000000,synthetic_chat_design_preset
5.72,0.402033,0.457600,-0.055567,0.000000,synthetic_chat_design_preset
5.73,0.402278,0.458400,-0.056122,0.000000,synthetic_chat_design_preset
5.74,0.402743,0.459200,-0.056457,0.000000,synthetic_chat_design_preset
5.75,0.403431,0.460000,-0.056569,0.000000,synthetic_chat_design_preset
5.76,0.404343,0.460800,-0.056457,0.000000,synthetic_chat_design_preset
5.77,0.405478,0.461600,-0.056122,0.000000,synthetic_chat_design_preset
5.78,0.406833,0.462400,-0.055567,0.000000,synthetic_chat_design_preset
5.79,0.408409,0.463200,-0.054791,0.000000,synthetic_chat_design_preset
5.80,0.410200,0.464000,-0.053800,0.000000,synthetic_chat_design_preset
5.81,0.412204,0.464800,-0.052596,0.000000,synthetic_chat_design_preset
5.82,0.414415,0.465600,-0.051185,0.000000,synthetic_chat_design_preset
5.83,0.416829,0.466400,-0.049571,0.000000,synthetic_chat_design_preset
5.84,0.419438,0.467200,-0.047762,0.000000,synthetic_chat_design_preset
5.85,0.422235,0.468000,-0.045765,0.000000,synthetic_chat_design_preset
5.86,0.425213,0.468800,-0.043587,0.000000,synthetic_chat_design_preset
5.87,0.428363,0.469600,-0.041237,0.000000,synthetic_chat_design_preset
5.88,0.431676,0.470400,-0.038724,0.000000,synthetic_chat_design_preset
5.89,0.435142,0.471200,-0.036058,0.000000,synthetic_chat_design_preset
5.90,0.438750,0.472000,-0.033250,0.000000,synthetic_chat_design_preset
5.91,0.442489,0.472800,-0.030311,0.000000,synthetic_chat_design_preset
5.92,0.446348,0.473600,-0.027252,0.000000,synthetic_chat_design_preset
5.93,0.450314,0.474400,-0.024086,0.000000,synthetic_chat_design_preset
5.94,0.454376,0.475200,-0.020824,0.000000,synthetic_chat_design_preset
5.95,0.458519,0.476000,-0.017481,0.000000,synthetic_chat_design_preset
5.96,0.462732,0.476800,-0.014068,0.000000,synthetic_chat_design_preset
5.97,0.467000,0.477600,-0.010600,0.000000,synthetic_chat_design_preset
5.98,0.471310,0.478400,-0.007090,0.000000,synthetic_chat_design_preset
5.99,0.475648,0.479200,-0.003552,0.000000,synthetic_chat_design_preset
6.00,0.480000,0.480000,-0.000000,0.000000,synthetic_chat_design_preset
6.01,0.484352,0.480800,0.003552,0.000000,synthetic_chat_design_preset
6.02,0.488690,0.481600,0.007090,0.000000,synthetic_chat_design_preset
6.03,0.493000,0.482400,0.010600,0.000000,synthetic_chat_design_preset
6.04,0.497268,0.483200,0.014068,0.000000,synthetic_chat_design_preset
6.05,0.501481,0.484000,0.017481,0.000000,synthetic_chat_design_preset
6.06,0.505624,0.484800,0.020824,0.000000,synthetic_chat_design_preset
6.07,0.509686,0.485600,0.024086,0.000000,synthetic_chat_design_preset
6.08,0.513652,0.486400,0.027252,0.000000,synthetic_chat_design_preset
6.09,0.517511,0.487200,0.030311,0.000000,synthetic_chat_design_preset
6.10,0.521250,0.488000,0.033250,0.000000,synthetic_chat_design_preset
6.11,0.524858,0.488800,0.036058,0.000000,synthetic_chat_design_preset
6.12,0.528324,0.489600,0.038724,0.000000,synthetic_chat_design_preset
6.13,0.531637,0.490400,0.041237,0.000000,synthetic_chat_design_preset
6.14,0.534787,0.491200,0.043587,0.000000,synthetic_chat_design_preset
6.15,0.537765,0.492000,0.045765,0.000000,synthetic_chat_design_preset
6.16,0.540562,0.492800,0.047762,0.000000,synthetic_chat_design_preset
6.17,0.543171,0.493600,0.049571,0.000000,synthetic_chat_design_preset
6.18,0.545585,0.494400,0.051185,0.000000,synthetic_chat_design_preset
6.19,0.547796,0.495200,0.052596,0.000000,synthetic_chat_design_preset
6.20,0.549800,0.496000,0.053800,0.000000,synthetic_chat_design_preset
6.21,0.551591,0.496800,0.054791,0.000000,synthetic_chat_design_preset
6.22,0.553167,0.497600,0.055567,0.000000,synthetic_chat_design_preset
6.23,0.554522,0.498400,0.056122,0.000000,synthetic_chat_design_preset
6.24,0.555657,0.499200,0.056457,0.000000,synthetic_chat_design_preset
6.25,0.556569,0.500000,0.056569,0.000000,synthetic_chat_design_preset
6.26,0.557257,0.500800,0.056457,0.000000,synthetic_chat_design_preset
6.27,0.557722,0.501600,0.056122,0.000000,synthetic_chat_design_preset
6.28,0.557967,0.502400,0.055567,0.000000,synthetic_chat_design_preset
6.29,0.557991,0.503200,0.054791,0.000000,synthetic_chat_design_preset
6.30,0.557800,0.504000,0.053800,0.000000,synthetic_chat_design_preset
6.31,0.557396,0.504800,0.052596,0.000000,synthetic_chat_design_preset
6.32,0.556785,0.505600,0.051185,0.000000,synthetic_chat_design_preset
6.33,0.555971,0.506400,0.049571,0.000000,synthetic_chat_design_preset
6.34,0.554962,0.507200,0.047762,0.000000,synthetic_chat_design_preset
6.35,0.553765,0.508000,0.045765,0.000000,synthetic_chat_design_preset
6.36,0.552387,0.508800,0.043587,0.000000,synthetic_chat_design_preset
6.37,0.550837,0.509600,0.041237,0.000000,synthetic_chat_design_preset
6.38,0.549124,0.510400,0.038724,0.000000,synthetic_chat_design_preset
6.39,0.547258,0.511200,0.036058,0.000000,synthetic_chat_design_preset
6.40,0.545250,0.512000,0.033250,0.000000,synthetic_chat_design_preset
6.41,0.543111,0.512800,0.030311,0.000000,synthetic_chat_design_preset
6.42,0.540852,0.513600,0.027252,0.000000,synthetic_chat_design_preset
6.43,0.538486,0.514400,0.024086,0.000000,synthetic_chat_design_preset
6.44,0.536024,0.515200,0.020824,0.000000,synthetic_chat_design_preset
6.45,0.533481,0.516000,0.017481,0.000000,synthetic_chat_design_preset
6.46,0.530868,0.516800,0.014068,0.000000,synthetic_chat_design_preset
6.47,0.528200,0.517600,0.010600,0.000000,synthetic_chat_design_preset
6.48,0.525490,0.518400,0.007090,0.000000,synthetic_chat_design_preset
6.49,0.522752,0.519200,0.003552,0.000000,synthetic_chat_design_preset
6.50,0.520000,0.520000,-0.000000,0.000000,synthetic_chat_design_preset
6.51,0.517248,0.520800,-0.003552,0.000000,synthetic_chat_design_preset
6.52,0.514510,0.521600,-0.007090,0.000000,synthetic_chat_design_preset
6.53,0.511800,0.522400,-0.010600,0.000000,synthetic_chat_design_preset
6.54,0.509132,0.523200,-0.014068,0.000000,synthetic_chat_design_preset
6.55,0.506519,0.524000,-0.017481,0.000000,synthetic_chat_design_preset
6.56,0.503976,0.524800,-0.020824,0.000000,synthetic_chat_design_preset
6.57,0.501514,0.525600,-0.024086,0.000000,synthetic_chat_design_preset
6.58,0.499148,0.526400,-0.027252,0.000000,synthetic_chat_design_preset
6.59,0.496889,0.527200,-0.030311,0.000000,synthetic_chat_design_preset
6.60,0.494750,0.528000,-0.033250,0.000000,synthetic_chat_design_preset
6.61,0.492742,0.528800,-0.036058,0.000000,synthetic_chat_design_preset
6.62,0.490876,0.529600,-0.038724,0.000000,synthetic_chat_design_preset
6.63,0.489163,0.530400,-0.041237,0.000000,synthetic_chat_design_preset
6.64,0.487613,0.531200,-0.043587,0.000000,synthetic_chat_design_preset
6.65,0.486235,0.532000,-0.045765,0.000000,synthetic_chat_design_preset
6.66,0.485038,0.532800,-0.047762,0.000000,synthetic_chat_design_preset
6.67,0.484029,0.533600,-0.049571,0.000000,synthetic_chat_design_preset
6.68,0.483215,0.534400,-0.051185,0.000000,synthetic_chat_design_preset
6.69,0.482604,0.535200,-0.052596,0.000000,synthetic_chat_design_preset
6.70,0.482200,0.536000,-0.053800,0.000000,synthetic_chat_design_preset
6.71,0.482009,0.536800,-0.054791,0.000000,synthetic_chat_design_preset
6.72,0.482033,0.537600,-0.055567,0.000000,synthetic_chat_design_preset
6.73,0.482278,0.538400,-0.056122,0.000000,synthetic_chat_design_preset
6.74,0.482743,0.539200,-0.056457,0.000000,synthetic_chat_design_preset
6.75,0.483431,0.540000,-0.056569,0.000000,synthetic_chat_design_preset
6.76,0.484343,0.540800,-0.056457,0.000000,synthetic_chat_design_preset
6.77,0.485478,0.541600,-0.056122,0.000000,synthetic_chat_design_preset
6.78,0.486833,0.542400,-0.055567,0.000000,synthetic_chat_design_preset
6.79,0.488409,0.543200,-0.054791,0.000000,synthetic_chat_design_preset
6.80,0.490200,0.544000,-0.053800,0.000000,synthetic_chat_design_preset
6.81,0.492204,0.544800,-0.052596,0.000000,synthetic_chat_design_preset
6.82,0.494415,0.545600,-0.051185,0.000000,synthetic_chat_design_preset
6.83,0.496829,0.546400,-0.049571,0.000000,synthetic_chat_design_preset
6.84,0.499438,0.547200,-0.047762,0.000000,synthetic_chat_design_preset
6.85,0.502235,0.548000,-0.045765,0.000000,synthetic_chat_design_preset
6.86,0.505213,0.548800,-0.043587,0.000000,synthetic_chat_design_preset
6.87,0.508363,0.549600,-0.041237,0.000000,synthetic_chat_design_preset
6.88,0.511676,0.550400,-0.038724,0.000000,synthetic_chat_design_preset
6.89,0.515142,0.551200,-0.036058,0.000000,synthetic_chat_design_preset
6.90,0.518750,0.552000,-0.033250,0.000000,synthetic_chat_design_preset
6.91,0.522489,0.552800,-0.030311,0.000000,synthetic_chat_design_preset
6.92,0.526348,0.553600,-0.027252,0.000000,synthetic_chat_design_preset
6.93,0.530314,0.554400,-0.024086,0.000000,synthetic_chat_design_preset
6.94,0.534376,0.555200,-0.020824,0.000000,synthetic_chat_design_preset
6.95,0.538519,0.556000,-0.017481,0.000000,synthetic_chat_design_preset
6.96,0.542732,0.556800,-0.014068,0.000000,synthetic_chat_design_preset
6.97,0.547000,0.557600,-0.010600,0.000000,synthetic_chat_design_preset
6.98,0.551310,0.558400,-0.007090,0.000000,synthetic_chat_design_preset
6.99,0.555681,0.559200,-0.003552,0.000033,synthetic_chat_design_preset
7.00,0.560045,0.560000,-0.000000,0.000045,synthetic_chat_design_preset
7.01,0.564413,0.560800,0.003552,0.000061,synthetic_chat_design_preset
7.02,0.568773,0.561600,0.007090,0.000083,synthetic_chat_design_preset
7.03,0.573111,0.562400,0.010600,0.000111,synthetic_chat_design_preset
7.04,0.577416,0.563200,0.014068,0.000148,synthetic_chat_design_preset
7.05,0.581676,0.564000,0.017481,0.000195,synthetic_chat_design_preset
7.06,0.585881,0.564800,0.020824,0.000257,synthetic_chat_design_preset
7.07,0.590022,0.565600,0.024086,0.000336,synthetic_chat_design_preset
7.08,0.594089,0.566400,0.027252,0.000436,synthetic_chat_design_preset
7.09,0.598075,0.567200,0.030311,0.000564,synthetic_chat_design_preset
7.10,0.601973,0.568000,0.033250,0.000723,synthetic_chat_design_preset
7.11,0.605781,0.568800,0.036058,0.000923,synthetic_chat_design_preset
7.12,0.609493,0.569600,0.038724,0.001170,synthetic_chat_design_preset
7.13,0.613110,0.570400,0.041237,0.001474,synthetic_chat_design_preset
7.14,0.616632,0.571200,0.043587,0.001845,synthetic_chat_design_preset
7.15,0.620061,0.572000,0.045765,0.002296,synthetic_chat_design_preset
7.16,0.623403,0.572800,0.047762,0.002840,synthetic_chat_design_preset
7.17,0.626663,0.573600,0.049571,0.003492,synthetic_chat_design_preset
7.18,0.629850,0.574400,0.051185,0.004266,synthetic_chat_design_preset
7.19,0.632975,0.575200,0.052596,0.005179,synthetic_chat_design_preset
7.20,0.636050,0.576000,0.053800,0.006250,synthetic_chat_design_preset
7.21,0.639087,0.576800,0.054791,0.007496,synthetic_chat_design_preset
7.22,0.642101,0.577600,0.055567,0.008935,synthetic_chat_design_preset
7.23,0.645107,0.578400,0.056122,0.010584,synthetic_chat_design_preset
7.24,0.648118,0.579200,0.056457,0.012462,synthetic_chat_design_preset
7.25,0.651150,0.580000,0.056569,0.014582,synthetic_chat_design_preset
7.26,0.654214,0.580800,0.056457,0.016958,synthetic_chat_design_preset
7.27,0.657322,0.581600,0.056122,0.019600,synthetic_chat_design_preset
7.28,0.660480,0.582400,0.055567,0.022514,synthetic_chat_design_preset
7.29,0.663694,0.583200,0.054791,0.025703,synthetic_chat_design_preset
7.30,0.666963,0.584000,0.053800,0.029163,synthetic_chat_design_preset
7.31,0.670282,0.584800,0.052596,0.032886,synthetic_chat_design_preset
7.32,0.673641,0.585600,0.051185,0.036857,synthetic_chat_design_preset
7.33,0.677024,0.586400,0.049571,0.041053,synthetic_chat_design_preset
7.34,0.680408,0.587200,0.047762,0.045446,synthetic_chat_design_preset
7.35,0.683765,0.588000,0.045765,0.050000,synthetic_chat_design_preset
7.36,0.687059,0.588800,0.043587,0.054673,synthetic_chat_design_preset
7.37,0.690251,0.589600,0.041237,0.059415,synthetic_chat_design_preset
7.38,0.693295,0.590400,0.038724,0.064171,synthetic_chat_design_preset
7.39,0.696141,0.591200,0.036058,0.068883,synthetic_chat_design_preset
7.40,0.698737,0.592000,0.033250,0.073487,synthetic_chat_design_preset
7.41,0.701027,0.592800,0.030311,0.077916,synthetic_chat_design_preset
7.42,0.702958,0.593600,0.027252,0.082106,synthetic_chat_design_preset
7.43,0.704475,0.594400,0.024086,0.085989,synthetic_chat_design_preset
7.44,0.705527,0.595200,0.020824,0.089503,synthetic_chat_design_preset
7.45,0.706068,0.596000,0.017481,0.092587,synthetic_chat_design_preset
7.46,0.706058,0.596800,0.014068,0.095190,synthetic_chat_design_preset
7.47,0.705465,0.597600,0.010600,0.097265,synthetic_chat_design_preset
7.48,0.704265,0.598400,0.007090,0.098775,synthetic_chat_design_preset
7.49,0.702444,0.599200,0.003552,0.099692,synthetic_chat_design_preset
7.50,0.700000,0.600000,0.000000,0.100000,synthetic_chat_design_preset
7.51,0.696940,0.600800,-0.003552,0.099692,synthetic_chat_design_preset
7.52,0.693285,0.601600,-0.007090,0.098775,synthetic_chat_design_preset
7.53,0.689066,0.602400,-0.010600,0.097265,synthetic_chat_design_preset
7.54,0.684322,0.603200,-0.014068,0.095190,synthetic_chat_design_preset
7.55,0.679107,0.604000,-0.017481,0.092587,synthetic_chat_design_preset
7.56,0.673478,0.604800,-0.020824,0.089503,synthetic_chat_design_preset
7.57,0.667503,0.605600,-0.024086,0.085989,synthetic_chat_design_preset
7.58,0.661254,0.606400,-0.027252,0.082106,synthetic_chat_design_preset
7.59,0.654806,0.607200,-0.030311,0.077916,synthetic_chat_design_preset
7.60,0.648237,0.608000,-0.033250,0.073487,synthetic_chat_design_preset
7.61,0.641625,0.608800,-0.036058,0.068883,synthetic_chat_design_preset
7.62,0.635047,0.609600,-0.038724,0.064171,synthetic_chat_design_preset
7.63,0.628578,0.610400,-0.041237,0.059415,synthetic_chat_design_preset
7.64,0.622286,0.611200,-0.043587,0.054673,synthetic_chat_design_preset
7.65,0.616235,0.612000,-0.045765,0.050000,synthetic_chat_design_preset
7.66,0.610484,0.612800,-0.047762,0.045446,synthetic_chat_design_preset
7.67,0.605081,0.613600,-0.049571,0.041053,synthetic_chat_design_preset
7.68,0.600072,0.614400,-0.051185,0.036857,synthetic_chat_design_preset
7.69,0.595490,0.615200,-0.052596,0.032886,synthetic_chat_design_preset
7.70,0.591363,0.616000,-0.053800,0.029163,synthetic_chat_design_preset
7.71,0.587712,0.616800,-0.054791,0.025703,synthetic_chat_design_preset
7.72,0.584547,0.617600,-0.055567,0.022514,synthetic_chat_design_preset
7.73,0.581877,0.618400,-0.056122,0.019600,synthetic_chat_design_preset
7.74,0.579701,0.619200,-0.056457,0.016958,synthetic_chat_design_preset
7.75,0.578013,0.620000,-0.056569,0.014582,synthetic_chat_design_preset
7.76,0.576805,0.620800,-0.056457,0.012462,synthetic_chat_design_preset
7.77,0.576062,0.621600,-0.056122,0.010584,synthetic_chat_design_preset
7.78,0.575768,0.622400,-0.055567,0.008935,synthetic_chat_design_preset
7.79,0.575904,0.623200,-0.054791,0.007496,synthetic_chat_design_preset
7.80,0.576450,0.624000,-0.053800,0.006250,synthetic_chat_design_preset
7.81,0.577383,0.624800,-0.052596,0.005179,synthetic_chat_design_preset
7.82,0.578681,0.625600,-0.051185,0.004266,synthetic_chat_design_preset
7.83,0.580320,0.626400,-0.049571,0.003492,synthetic_chat_design_preset
7.84,0.582278,0.627200,-0.047762,0.002840,synthetic_chat_design_preset
7.85,0.584532,0.628000,-0.045765,0.002296,synthetic_chat_design_preset
7.86,0.587058,0.628800,-0.043587,0.001845,synthetic_chat_design_preset
7.87,0.589837,0.629600,-0.041237,0.001474,synthetic_chat_design_preset
7.88,0.592846,0.630400,-0.038724,0.001170,synthetic_chat_design_preset
7.89,0.596065,0.631200,-0.036058,0.000923,synthetic_chat_design_preset
7.90,0.599473,0.632000,-0.033250,0.000723,synthetic_chat_design_preset
7.91,0.603053,0.632800,-0.030311,0.000564,synthetic_chat_design_preset
7.92,0.606784,0.633600,-0.027252,0.000436,synthetic_chat_design_preset
7.93,0.610650,0.634400,-0.024086,0.000336,synthetic_chat_design_preset
7.94,0.614633,0.635200,-0.020824,0.000257,synthetic_chat_design_preset
7.95,0.618715,0.636000,-0.017481,0.000195,synthetic_chat_design_preset
7.96,0.622880,0.636800,-0.014068,0.000148,synthetic_chat_design_preset
7.97,0.627111,0.637600,-0.010600,0.000111,synthetic_chat_design_preset
7.98,0.631393,0.638400,-0.007090,0.000083,synthetic_chat_design_preset
7.99,0.635709,0.639200,-0.003552,0.000061,synthetic_chat_design_preset
8.00,0.640045,0.640000,-0.000000,0.000045,synthetic_chat_design_preset
8.01,0.644352,0.640800,0.003552,0.000000,synthetic_chat_design_preset
8.02,0.648690,0.641600,0.007090,0.000000,synthetic_chat_design_preset
8.03,0.653000,0.642400,0.010600,0.000000,synthetic_chat_design_preset
8.04,0.657268,0.643200,0.014068,0.000000,synthetic_chat_design_preset
8.05,0.661481,0.644000,0.017481,0.000000,synthetic_chat_design_preset
8.06,0.665624,0.644800,0.020824,0.000000,synthetic_chat_design_preset
8.07,0.669686,0.645600,0.024086,0.000000,synthetic_chat_design_preset
8.08,0.673652,0.646400,0.027252,0.000000,synthetic_chat_design_preset
8.09,0.677511,0.647200,0.030311,0.000000,synthetic_chat_design_preset
8.10,0.681250,0.648000,0.033250,0.000000,synthetic_chat_design_preset
8.11,0.684858,0.648800,0.036058,0.000000,synthetic_chat_design_preset
8.12,0.688324,0.649600,0.038724,0.000000,synthetic_chat_design_preset
8.13,0.691637,0.650400,0.041237,0.000000,synthetic_chat_design_preset
8.14,0.694787,0.651200,0.043587,0.000000,synthetic_chat_design_preset
8.15,0.697765,0.652000,0.045765,0.000000,synthetic_chat_design_preset
8.16,0.700562,0.652800,0.047762,0.000000,synthetic_chat_design_preset
8.17,0.703171,0.653600,0.049571,0.000000,synthetic_chat_design_preset
8.18,0.705585,0.654400,0.051185,0.000000,synthetic_chat_design_preset
8.19,0.707796,0.655200,0.052596,0.000000,synthetic_chat_design_preset
8.20,0.709800,0.656000,0.053800,0.000000,synthetic_chat_design_preset
8.21,0.711591,0.656800,0.054791,0.000000,synthetic_chat_design_preset
8.22,0.713167,0.657600,0.055567,0.000000,synthetic_chat_design_preset
8.23,0.714522,0.658400,0.056122,0.000000,synthetic_chat_design_preset
8.24,0.715657,0.659200,0.056457,0.000000,synthetic_chat_design_preset
8.25,0.716569,0.660000,0.056569,0.000000,synthetic_chat_design_preset
8.26,0.717257,0.660800,0.056457,0.000000,synthetic_chat_design_preset
8.27,0.717722,0.661600,0.056122,0.000000,synthetic_chat_design_preset
8.28,0.717967,0.662400,0.055567,0.000000,synthetic_chat_design_preset
8.29,0.717991,0.663200,0.054791,0.000000,synthetic_chat_design_preset
8.30,0.717800,0.664000,0.053800,0.000000,synthetic_chat_design_preset
8.31,0.717396,0.664800,0.052596,0.000000,synthetic_chat_design_preset
8.32,0.716785,0.665600,0.051185,0.000000,synthetic_chat_design_preset
8.33,0.715971,0.666400,0.049571,0.000000,synthetic_chat_design_preset
8.34,0.714962,0.667200,0.047762,0.000000,synthetic_chat_design_preset
8.35,0.713765,0.668000,0.045765,0.000000,synthetic_chat_design_preset
8.36,0.712387,0.668800,0.043587,0.000000,synthetic_chat_design_preset
8.37,0.710837,0.669600,0.041237,0.000000,synthetic_chat_design_preset
8.38,0.709124,0.670400,0.038724,0.000000,synthetic_chat_design_preset
8.39,0.707258,0.671200,0.036058,0.000000,synthetic_chat_design_preset
8.40,0.705250,0.672000,0.033250,0.000000,synthetic_chat_design_preset
8.41,0.703111,0.672800,0.030311,0.000000,synthetic_chat_design_preset
8.42,0.700852,0.673600,0.027252,0.000000,synthetic_chat_design_preset
8.43,0.698486,0.674400,0.024086,0.000000,synthetic_chat_design_preset
8.44,0.696024,0.675200,0.020824,0.000000,synthetic_chat_design_preset
8.45,0.693481,0.676000,0.017481,0.000000,synthetic_chat_design_preset
8.46,0.690868,0.676800,0.014068,0.000000,synthetic_chat_design_preset
8.47,0.688200,0.677600,0.010600,0.000000,synthetic_chat_design_preset
8.48,0.685490,0.678400,0.007090,0.000000,synthetic_chat_design_preset
8.49,0.682752,0.679200,0.003552,0.000000,synthetic_chat_design_preset
8.50,0.680000,0.680000,-0.000000,0.000000,synthetic_chat_design_preset
8.51,0.677248,0.680800,-0.003552,0.000000,synthetic_chat_design_preset
8.52,0.674510,0.681600,-0.007090,0.000000,synthetic_chat_design_preset
8.53,0.671800,0.682400,-0.010600,0.000000,synthetic_chat_design_preset
8.54,0.669132,0.683200,-0.014068,0.000000,synthetic_chat_design_preset
8.55,0.666519,0.684000,-0.017481,0.000000,synthetic_chat_design_preset
8.56,0.663976,0.684800,-0.020824,0.000000,synthetic_chat_design_preset
8.57,0.661514,0.685600,-0.024086,0.000000,synthetic_chat_design_preset
8.58,0.659148,0.686400,-0.027252,0.000000,synthetic_chat_design_preset
8.59,0.656889,0.687200,-0.030311,0.000000,synthetic_chat_design_preset
8.60,0.654750,0.688000,-0.033250,0.000000,synthetic_chat_design_preset
8.61,0.652742,0.688800,-0.036058,0.000000,synthetic_chat_design_preset
8.62,0.650876,0.689600,-0.038724,0.000000,synthetic_chat_design_preset
8.63,0.649163,0.690400,-0.041237,0.000000,synthetic_chat_design_preset
8.64,0.647613,0.691200,-0.043587,0.000000,synthetic_chat_design_preset
8.65,0.646235,0.692000,-0.045765,0.000000,synthetic_chat_design_preset
8.66,0.645038,0.692800,-0.047762,0.000000,synthetic_chat_design_preset
8.67,0.644029,0.693600,-0.049571,0.000000,synthetic_chat_design_preset
8.68,0.643215,0.694400,-0.051185,0.000000,synthetic_chat_design_preset
8.69,0.642604,0.695200,-0.052596,0.000000,synthetic_chat_design_preset
8.70,0.642200,0.696000,-0.053800,0.000000,synthetic_chat_design_preset
8.71,0.642009,0.696800,-0.054791,0.000000,synthetic_chat_design_preset
8.72,0.642033,0.697600,-0.055567,0.000000,synthetic_chat_design_preset
8.73,0.642278,0.698400,-0.056122,0.000000,synthetic_chat_design_preset
8.74,0.642743,0.699200,-0.056457,0.000000,synthetic_chat_design_preset
8.75,0.643431,0.700000,-0.056569,0.000000,synthetic_chat_design_preset
8.76,0.644343,0.700800,-0.056457,0.000000,synthetic_chat_design_preset
8.77,0.645478,0.701600,-0.056122,0.000000,synthetic_chat_design_preset
8.78,0.646833,0.702400,-0.055567,0.000000,synthetic_chat_design_preset
8.79,0.648409,0.703200,-0.054791,0.000000,synthetic_chat_design_preset
8.80,0.650200,0.704000,-0.053800,0.000000,synthetic_chat_design_preset
8.81,0.652204,0.704800,-0.052596,0.000000,synthetic_chat_design_preset
8.82,0.654415,0.705600,-0.051185,0.000000,synthetic_chat_design_preset
8.83,0.656829,0.706400,-0.049571,0.000000,synthetic_chat_design_preset
8.84,0.659438,0.707200,-0.047762,0.000000,synthetic_chat_design_preset
8.85,0.662235,0.708000,-0.045765,0.000000,synthetic_chat_design_preset
8.86,0.665213,0.708800,-0.043587,0.000000,synthetic_chat_design_preset
8.87,0.668363,0.709600,-0.041237,0.000000,synthetic_chat_design_preset
8.88,0.671676,0.710400,-0.038724,0.000000,synthetic_chat_design_preset
8.89,0.675142,0.711200,-0.036058,0.000000,synthetic_chat_design_preset
8.90,0.678750,0.712000,-0.033250,0.000000,synthetic_chat_design_preset
8.91,0.682489,0.712800,-0.030311,0.000000,synthetic_chat_design_preset
8.92,0.686348,0.713600,-0.027252,0.000000,synthetic_chat_design_preset
8.93,0.690314,0.714400,-0.024086,0.000000,synthetic_chat_design_preset
8.94,0.694376,0.715200,-0.020824,0.000000,synthetic_chat_design_preset
8.95,0.698519,0.716000,-0.017481,0.000000,synthetic_chat_design_preset
8.96,0.702732,0.716800,-0.014068,0.000000,synthetic_chat_design_preset
8.97,0.707000,0.717600,-0.010600,0.000000,synthetic_chat_design_preset
8.98,0.711310,0.718400,-0.007090,0.000000,synthetic_chat_design_preset
8.99,0.715648,0.719200,-0.003552,0.000000,synthetic_chat_design_preset
9.00,0.720000,0.720000,-0.000000,0.000000,synthetic_chat_design_preset
9.01,0.724352,0.720800,0.003552,0.000000,synthetic_chat_design_preset
9.02,0.728690,0.721600,0.007090,0.000000,synthetic_chat_design_preset
9.03,0.733000,0.722400,0.010600,0.000000,synthetic_chat_design_preset
9.04,0.737268,0.723200,0.014068,0.000000,synthetic_chat_design_preset
9.05,0.741481,0.724000,0.017481,0.000000,synthetic_chat_design_preset
9.06,0.745624,0.724800,0.020824,0.000000,synthetic_chat_design_preset
9.07,0.749686,0.725600,0.024086,0.000000,synthetic_chat_design_preset
9.08,0.753652,0.726400,0.027252,0.000000,synthetic_chat_design_preset
9.09,0.757511,0.727200,0.030311,0.000000,synthetic_chat_design_preset
9.10,0.761250,0.728000,0.033250,0.000000,synthetic_chat_design_preset
9.11,0.764858,0.728800,0.036058,0.000000,synthetic_chat_design_preset
9.12,0.768324,0.729600,0.038724,0.000000,synthetic_chat_design_preset
9.13,0.771637,0.730400,0.041237,0.000000,synthetic_chat_design_preset
9.14,0.774787,0.731200,0.043587,0.000000,synthetic_chat_design_preset
9.15,0.777765,0.732000,0.045765,0.000000,synthetic_chat_design_preset
9.16,0.780562,0.732800,0.047762,0.000000,synthetic_chat_design_preset
9.17,0.783171,0.733600,0.049571,0.000000,synthetic_chat_design_preset
9.18,0.785585,0.734400,0.051185,0.000000,synthetic_chat_design_preset
9.19,0.787796,0.735200,0.052596,0.000000,synthetic_chat_design_preset
9.20,0.789800,0.736000,0.053800,0.000000,synthetic_chat_design_preset
9.21,0.791591,0.736800,0.054791,0.000000,synthetic_chat_design_preset
9.22,0.793167,0.737600,0.055567,0.000000,synthetic_chat_design_preset
9.23,0.794522,0.738400,0.056122,0.000000,synthetic_chat_design_preset
9.24,0.795657,0.739200,0.056457,0.000000,synthetic_chat_design_preset
9.25,0.796569,0.740000,0.056569,0.000000,synthetic_chat_design_preset
9.26,0.797257,0.740800,0.056457,0.000000,synthetic_chat_design_preset
9.27,0.797722,0.741600,0.056122,0.000000,synthetic_chat_design_preset
9.28,0.797967,0.742400,0.055567,0.000000,synthetic_chat_design_preset
9.29,0.797991,0.743200,0.054791,0.000000,synthetic_chat_design_preset
9.30,0.797800,0.744000,0.053800,0.000000,synthetic_chat_design_preset
9.31,0.797396,0.744800,0.052596,0.000000,synthetic_chat_design_preset
9.32,0.796785,0.745600,0.051185,0.000000,synthetic_chat_design_preset
9.33,0.795971,0.746400,0.049571,0.000000,synthetic_chat_design_preset
9.34,0.794962,0.747200,0.047762,0.000000,synthetic_chat_design_preset
9.35,0.793765,0.748000,0.045765,0.000000,synthetic_chat_design_preset
9.36,0.792387,0.748800,0.043587,0.000000,synthetic_chat_design_preset
9.37,0.790837,0.749600,0.041237,0.000000,synthetic_chat_design_preset
9.38,0.789124,0.750400,0.038724,0.000000,synthetic_chat_design_preset
9.39,0.787258,0.751200,0.036058,0.000000,synthetic_chat_design_preset
9.40,0.785250,0.752000,0.033250,0.000000,synthetic_chat_design_preset
9.41,0.783111,0.752800,0.030311,0.000000,synthetic_chat_design_preset
9.42,0.780852,0.753600,0.027252,0.000000,synthetic_chat_design_preset
9.43,0.778486,0.754400,0.024086,0.000000,synthetic_chat_design_preset
9.44,0.776024,0.755200,0.020824,0.000000,synthetic_chat_design_preset
9.45,0.773481,0.756000,0.017481,0.000000,synthetic_chat_design_preset
9.46,0.770868,0.756800,0.014068,0.000000,synthetic_chat_design_preset
9.47,0.768200,0.757600,0.010600,0.000000,synthetic_chat_design_preset
9.48,0.765490,0.758400,0.007090,0.000000,synthetic_chat_design_preset
9.49,0.762752,0.759200,0.003552,0.000000,synthetic_chat_design_preset
9.50,0.760000,0.760000,0.000000,0.000000,synthetic_chat_design_preset
9.51,0.757248,0.760800,-0.003552,0.000000,synthetic_chat_design_preset
9.52,0.754510,0.761600,-0.007090,0.000000,synthetic_chat_design_preset
9.53,0.751800,0.762400,-0.010600,0.000000,synthetic_chat_design_preset
9.54,0.749132,0.763200,-0.014068,0.000000,synthetic_chat_design_preset
9.55,0.746519,0.764000,-0.017481,0.000000,synthetic_chat_design_preset
9.56,0.743976,0.764800,-0.020824,0.000000,synthetic_chat_design_preset
9.57,0.741514,0.765600,-0.024086,0.000000,synthetic_chat_design_preset
9.58,0.739148,0.766400,-0.027252,0.000000,synthetic_chat_design_preset
9.59,0.736889,0.767200,-0.030311,0.000000,synthetic_chat_design_preset
9.60,0.734750,0.768000,-0.033250,0.000000,synthetic_chat_design_preset
9.61,0.732742,0.768800,-0.036058,0.000000,synthetic_chat_design_preset
9.62,0.730876,0.769600,-0.038724,0.000000,synthetic_chat_design_preset
9.63,0.729163,0.770400,-0.041237,0.000000,synthetic_chat_design_preset
9.64,0.727613,0.771200,-0.043587,0.000000,synthetic_chat_design_preset
9.65,0.726235,0.772000,-0.045765,0.000000,synthetic_chat_design_preset
9.66,0.725038,0.772800,-0.047762,0.000000,synthetic_chat_design_preset
9.67,0.724029,0.773600,-0.049571,0.000000,synthetic_chat_design_preset
9.68,0.723215,0.774400,-0.051185,0.000000,synthetic_chat_design_preset
9.69,0.722604,0.775200,-0.052596,0.000000,synthetic_chat_design_preset
9.70,0.722200,0.776000,-0.053800,0.000000,synthetic_chat_design_preset
9.71,0.722009,0.776800,-0.054791,0.000000,synthetic_chat_design_preset
9.72,0.722033,0.777600,-0.055567,0.000000,synthetic_chat_design_preset
9.73,0.722278,0.778400,-0.056122,0.000000,synthetic_chat_design_preset
9.74,0.722743,0.779200,-0.056457,0.000000,synthetic_chat_design_preset
9.75,0.723431,0.780000,-0.056569,0.000000,synthetic_chat_design_preset
9.76,0.724343,0.780800,-0.056457,0.000000,synthetic_chat_design_preset
9.77,0.725478,0.781600,-0.056122,0.000000,synthetic_chat_design_preset
9.78,0.726833,0.782400,-0.055567,0.000000,synthetic_chat_design_preset
9.79,0.728409,0.783200,-0.054791,0.000000,synthetic_chat_design_preset
9.80,0.730200,0.784000,-0.053800,0.000000,synthetic_chat_design_preset
9.81,0.732204,0.784800,-0.052596,0.000000,synthetic_chat_design_preset
9.82,0.734415,0.785600,-0.051185,0.000000,synthetic_chat_design_preset
9.83,0.736829,0.786400,-0.049571,0.000000,synthetic_chat_design_preset
9.84,0.739438,0.787200,-0.047762,0.000000,synthetic_chat_design_preset
9.85,0.742235,0.788000,-0.045765,0.000000,synthetic_chat_design_preset
9.86,0.745213,0.788800,-0.043587,0.000000,synthetic_chat_design_preset
9.87,0.748363,0.789600,-0.041237,0.000000,synthetic_chat_design_preset
9.88,0.751676,0.790400,-0.038724,0.000000,synthetic_chat_design_preset
9.89,0.755142,0.791200,-0.036058,0.000000,synthetic_chat_design_preset
9.90,0.758750,0.792000,-0.033250,0.000000,synthetic_chat_design_preset
9.91,0.762489,0.792800,-0.030311,0.000000,synthetic_chat_design_preset
9.92,0.766348,0.793600,-0.027252,0.000000,synthetic_chat_design_preset
9.93,0.770314,0.794400,-0.024086,0.000000,synthetic_chat_design_preset
9.94,0.774376,0.795200,-0.020824,0.000000,synthetic_chat_design_preset
9.95,0.778519,0.796000,-0.017481,0.000000,synthetic_chat_design_preset
9.96,0.782732,0.796800,-0.014068,0.000000,synthetic_chat_design_preset
9.97,0.787000,0.797600,-0.010600,0.000000,synthetic_chat_design_preset
9.98,0.791310,0.798400,-0.007090,0.000000,synthetic_chat_design_preset
9.99,0.795648,0.799200,-0.003552,0.000000,synthetic_chat_design_preset
10.00,0.800000,0.800000,-0.000000,0.000000,synthetic_chat_design_preset
10.01,0.804352,0.800800,0.003552,0.000000,synthetic_chat_design_preset
10.02,0.808690,0.801600,0.007090,0.000000,synthetic_chat_design_preset
10.03,0.813000,0.802400,0.010600,0.000000,synthetic_chat_design_preset
10.04,0.817268,0.803200,0.014068,0.000000,synthetic_chat_design_preset
10.05,0.821481,0.804000,0.017481,0.000000,synthetic_chat_design_preset
10.06,0.825624,0.804800,0.020824,0.000000,synthetic_chat_design_preset
10.07,0.829686,0.805600,0.024086,0.000000,synthetic_chat_design_preset
10.08,0.833652,0.806400,0.027252,0.000000,synthetic_chat_design_preset
10.09,0.837511,0.807200,0.030311,0.000000,synthetic_chat_design_preset
10.10,0.841250,0.808000,0.033250,0.000000,synthetic_chat_design_preset
10.11,0.844858,0.808800,0.036058,0.000000,synthetic_chat_design_preset
10.12,0.848324,0.809600,0.038724,0.000000,synthetic_chat_design_preset
10.13,0.851637,0.810400,0.041237,0.000000,synthetic_chat_design_preset
10.14,0.854787,0.811200,0.043587,0.000000,synthetic_chat_design_preset
10.15,0.857765,0.812000,0.045765,0.000000,synthetic_chat_design_preset
10.16,0.860562,0.812800,0.047762,0.000000,synthetic_chat_design_preset
10.17,0.863171,0.813600,0.049571,0.000000,synthetic_chat_design_preset
10.18,0.865585,0.814400,0.051185,0.000000,synthetic_chat_design_preset
10.19,0.867796,0.815200,0.052596,0.000000,synthetic_chat_design_preset
10.20,0.869800,0.816000,0.053800,0.000000,synthetic_chat_design_preset
10.21,0.871591,0.816800,0.054791,0.000000,synthetic_chat_design_preset
10.22,0.873167,0.817600,0.055567,0.000000,synthetic_chat_design_preset
10.23,0.874522,0.818400,0.056122,0.000000,synthetic_chat_design_preset
10.24,0.875657,0.819200,0.056457,0.000000,synthetic_chat_design_preset
10.25,0.876569,0.820000,0.056569,0.000000,synthetic_chat_design_preset
10.26,0.877257,0.820800,0.056457,0.000000,synthetic_chat_design_preset
10.27,0.877722,0.821600,0.056122,0.000000,synthetic_chat_design_preset
10.28,0.877967,0.822400,0.055567,0.000000,synthetic_chat_design_preset
10.29,0.877991,0.823200,0.054791,0.000000,synthetic_chat_design_preset
10.30,0.877800,0.824000,0.053800,0.000000,synthetic_chat_design_preset
10.31,0.877396,0.824800,0.052596,0.000000,synthetic_chat_design_preset
10.32,0.876785,0.825600,0.051185,0.000000,synthetic_chat_design_preset
10.33,0.875971,0.826400,0.049571,0.000000,synthetic_chat_design_preset
10.34,0.874962,0.827200,0.047762,0.000000,synthetic_chat_design_preset
10.35,0.873765,0.828000,0.045765,0.000000,synthetic_chat_design_preset
10.36,0.872387,0.828800,0.043587,0.000000,synthetic_chat_design_preset
10.37,0.870837,0.829600,0.041237,0.000000,synthetic_chat_design_preset
10.38,0.869124,0.830400,0.038724,0.000000,synthetic_chat_design_preset
10.39,0.867258,0.831200,0.036058,0.000000,synthetic_chat_design_preset
10.40,0.865250,0.832000,0.033250,0.000000,synthetic_chat_design_preset
10.41,0.863111,0.832800,0.030311,0.000000,synthetic_chat_design_preset
10.42,0.860852,0.833600,0.027252,0.000000,synthetic_chat_design_preset
10.43,0.858486,0.834400,0.024086,0.000000,synthetic_chat_design_preset
10.44,0.856024,0.835200,0.020824,0.000000,synthetic_chat_design_preset
10.45,0.853481,0.836000,0.017481,0.000000,synthetic_chat_design_preset
10.46,0.850868,0.836800,0.014068,0.000000,synthetic_chat_design_preset
10.47,0.848200,0.837600,0.010600,0.000000,synthetic_chat_design_preset
10.48,0.845490,0.838400,0.007090,0.000000,synthetic_chat_design_preset
10.49,0.842752,0.839200,0.003552,0.000000,synthetic_chat_design_preset
10.50,0.840000,0.840000,-0.000000,0.000000,synthetic_chat_design_preset
10.51,0.837248,0.840800,-0.003552,0.000000,synthetic_chat_design_preset
10.52,0.834510,0.841600,-0.007090,0.000000,synthetic_chat_design_preset
10.53,0.831800,0.842400,-0.010600,0.000000,synthetic_chat_design_preset
10.54,0.829132,0.843200,-0.014068,0.000000,synthetic_chat_design_preset
10.55,0.826519,0.844000,-0.017481,0.000000,synthetic_chat_design_preset
10.56,0.823976,0.844800,-0.020824,0.000000,synthetic_chat_design_preset
10.57,0.821514,0.845600,-0.024086,0.000000,synthetic_chat_design_preset
10.58,0.819148,0.846400,-0.027252,0.000000,synthetic_chat_design_preset
10.59,0.816889,0.847200,-0.030311,0.000000,synthetic_chat_design_preset
10.60,0.814750,0.848000,-0.033250,0.000000,synthetic_chat_design_preset
10.61,0.812742,0.848800,-0.036058,0.000000,synthetic_chat_design_preset
10.62,0.810876,0.849600,-0.038724,0.000000,synthetic_chat_design_preset
10.63,0.809163,0.850400,-0.041237,0.000000,synthetic_chat_design_preset
10.64,0.807613,0.851200,-0.043587,0.000000,synthetic_chat_design_preset
10.65,0.806235,0.852000,-0.045765,0.000000,synthetic_chat_design_preset
10.66,0.805038,0.852800,-0.047762,0.000000,synthetic_chat_design_preset
10.67,0.804029,0.853600,-0.049571,0.000000,synthetic_chat_design_preset
10.68,0.803215,0.854400,-0.051185,0.000000,synthetic_chat_design_preset
10.69,0.802604,0.855200,-0.052596,0.000000,synthetic_chat_design_preset
10.70,0.802200,0.856000,-0.053800,0.000000,synthetic_chat_design_preset
10.71,0.802009,0.856800,-0.054791,0.000000,synthetic_chat_design_preset
10.72,0.802033,0.857600,-0.055567,0.000000,synthetic_chat_design_preset
10.73,0.802278,0.858400,-0.056122,0.000000,synthetic_chat_design_preset
10.74,0.802743,0.859200,-0.056457,0.000000,synthetic_chat_design_preset
10.75,0.803431,0.860000,-0.056569,0.000000,synthetic_chat_design_preset
10.76,0.804343,0.860800,-0.056457,0.000000,synthetic_chat_design_preset
10.77,0.805478,0.861600,-0.056122,0.000000,synthetic_chat_design_preset
10.78,0.806833,0.862400,-0.055567,0.000000,synthetic_chat_design_preset
10.79,0.808409,0.863200,-0.054791,0.000000,synthetic_chat_design_preset
10.80,0.810200,0.864000,-0.053800,0.000000,synthetic_chat_design_preset
10.81,0.812204,0.864800,-0.052596,0.000000,synthetic_chat_design_preset
10.82,0.814415,0.865600,-0.051185,0.000000,synthetic_chat_design_preset
10.83,0.816829,0.866400,-0.049571,0.000000,synthetic_chat_design_preset
10.84,0.819438,0.867200,-0.047762,0.000000,synthetic_chat_design_preset
10.85,0.822235,0.868000,-0.045765,0.000000,synthetic_chat_design_preset
10.86,0.825213,0.868800,-0.043587,0.000000,synthetic_chat_design_preset
10.87,0.828363,0.869600,-0.041237,0.000000,synthetic_chat_design_preset
10.88,0.831676,0.870400,-0.038724,0.000000,synthetic_chat_design_preset
10.89,0.835142,0.871200,-0.036058,0.000000,synthetic_chat_design_preset
10.90,0.838750,0.872000,-0.033250,0.000000,synthetic_chat_design_preset
10.91,0.842489,0.872800,-0.030311,0.000000,synthetic_chat_design_preset
10.92,0.846348,0.873600,-0.027252,0.000000,synthetic_chat_design_preset
10.93,0.850314,0.874400,-0.024086,0.000000,synthetic_chat_design_preset
10.94,0.854376,0.875200,-0.020824,0.000000,synthetic_chat_design_preset
10.95,0.858519,0.876000,-0.017481,0.000000,synthetic_chat_design_preset
10.96,0.862732,0.876800,-0.014068,0.000000,synthetic_chat_design_preset
10.97,0.867000,0.877600,-0.010600,0.000000,synthetic_chat_design_preset
10.98,0.871310,0.878400,-0.007090,0.000000,synthetic_chat_design_preset
10.99,0.875648,0.879200,-0.003552,0.000000,synthetic_chat_design_preset
11.00,0.880000,0.880000,-0.000000,0.000000,synthetic_chat_design_preset
11.01,0.884352,0.880800,0.003552,0.000000,synthetic_chat_design_preset
11.02,0.888690,0.881600,0.007090,0.000000,synthetic_chat_design_preset
11.03,0.893000,0.882400,0.010600,0.000000,synthetic_chat_design_preset
11.04,0.897268,0.883200,0.014068,0.000000,synthetic_chat_design_preset
11.05,0.901481,0.884000,0.017481,0.000000,synthetic_chat_design_preset
11.06,0.905624,0.884800,0.020824,0.000000,synthetic_chat_design_preset
11.07,0.909686,0.885600,0.024086,0.000000,synthetic_chat_design_preset
11.08,0.913652,0.886400,0.027252,0.000000,synthetic_chat_design_preset
11.09,0.917511,0.887200,0.030311,0.000000,synthetic_chat_design_preset
11.10,0.921250,0.888000,0.033250,0.000000,synthetic_chat_design_preset
11.11,0.924858,0.888800,0.036058,0.000000,synthetic_chat_design_preset
11.12,0.928324,0.889600,0.038724,0.000000,synthetic_chat_design_preset
11.13,0.931637,0.890400,0.041237,0.000000,synthetic_chat_design_preset
11.14,0.934787,0.891200,0.043587,0.000000,synthetic_chat_design_preset
11.15,0.937765,0.892000,0.045765,0.000000,synthetic_chat_design_preset
11.16,0.940562,0.892800,0.047762,0.000000,synthetic_chat_design_preset
11.17,0.943171,0.893600,0.049571,0.000000,synthetic_chat_design_preset
11.18,0.945585,0.894400,0.051185,0.000000,synthetic_chat_design_preset
11.19,0.947796,0.895200,0.052596,0.000000,synthetic_chat_design_preset
11.20,0.949800,0.896000,0.053800,0.000000,synthetic_chat_design_preset
11.21,0.951591,0.896800,0.054791,0.000000,synthetic_chat_design_preset
11.22,0.953167,0.897600,0.055567,0.000000,synthetic_chat_design_preset
11.23,0.954522,0.898400,0.056122,0.000000,synthetic_chat_design_preset
11.24,0.955657,0.899200,0.056457,0.000000,synthetic_chat_design_preset
11.25,0.956569,0.900000,0.056569,0.000000,synthetic_chat_design_preset
11.26,0.957257,0.900800,0.056457,0.000000,synthetic_chat_design_preset
11.27,0.957722,0.901600,0.056122,0.000000,synthetic_chat_design_preset
11.28,0.957967,0.902400,0.055567,0.000000,synthetic_chat_design_preset
11.29,0.957991,0.903200,0.054791,0.000000,synthetic_chat_design_preset
11.30,0.957800,0.904000,0.053800,0.000000,synthetic_chat_design_preset
11.31,0.957396,0.904800,0.052596,0.000000,synthetic_chat_design_preset
11.32,0.956785,0.905600,0.051185,0.000000,synthetic_chat_design_preset
11.33,0.955971,0.906400,0.049571,0.000000,synthetic_chat_design_preset
11.34,0.954962,0.907200,0.047762,0.000000,synthetic_chat_design_preset
11.35,0.953765,0.908000,0.045765,0.000000,synthetic_chat_design_preset
11.36,0.952387,0.908800,0.043587,0.000000,synthetic_chat_design_preset
11.37,0.950837,0.909600,0.041237,0.000000,synthetic_chat_design_preset
11.38,0.949124,0.910400,0.038724,0.000000,synthetic_chat_design_preset
11.39,0.947258,0.911200,0.036058,0.000000,synthetic_chat_design_preset
11.40,0.945250,0.912000,0.033250,0.000000,synthetic_chat_design_preset
11.41,0.943111,0.912800,0.030311,0.000000,synthetic_chat_design_preset
11.42,0.940852,0.913600,0.027252,0.000000,synthetic_chat_design_preset
11.43,0.938486,0.914400,0.024086,0.000000,synthetic_chat_design_preset
11.44,0.936024,0.915200,0.020824,0.000000,synthetic_chat_design_preset
11.45,0.933481,0.916000,0.017481,0.000000,synthetic_chat_design_preset
11.46,0.930868,0.916800,0.014068,0.000000,synthetic_chat_design_preset
11.47,0.928200,0.917600,0.010600,0.000000,synthetic_chat_design_preset
11.48,0.925490,0.918400,0.007090,0.000000,synthetic_chat_design_preset
11.49,0.922752,0.919200,0.003552,0.000000,synthetic_chat_design_preset
11.50,0.920000,0.920000,0.000000,0.000000,synthetic_chat_design_preset
11.51,0.917248,0.920800,-0.003552,0.000000,synthetic_chat_design_preset
11.52,0.914510,0.921600,-0.007090,0.000000,synthetic_chat_design_preset
11.53,0.911800,0.922400,-0.010600,0.000000,synthetic_chat_design_preset
11.54,0.909132,0.923200,-0.014068,0.000000,synthetic_chat_design_preset
11.55,0.906519,0.924000,-0.017481,0.000000,synthetic_chat_design_preset
11.56,0.903976,0.924800,-0.020824,0.000000,synthetic_chat_design_preset
11.57,0.901514,0.925600,-0.024086,0.000000,synthetic_chat_design_preset
11.58,0.899148,0.926400,-0.027252,0.000000,synthetic_chat_design_preset
11.59,0.896889,0.927200,-0.030311,0.000000,synthetic_chat_design_preset
11.60,0.894750,0.928000,-0.033250,0.000000,synthetic_chat_design_preset
11.61,0.892742,0.928800,-0.036058,0.000000,synthetic_chat_design_preset
11.62,0.890876,0.929600,-0.038724,0.000000,synthetic_chat_design_preset
11.63,0.889163,0.930400,-0.041237,0.000000,synthetic_chat_design_preset
11.64,0.887613,0.931200,-0.043587,0.000000,synthetic_chat_design_preset
11.65,0.886235,0.932000,-0.045765,0.000000,synthetic_chat_design_preset
11.66,0.885038,0.932800,-0.047762,0.000000,synthetic_chat_design_preset
11.67,0.884029,0.933600,-0.049571,0.000000,synthetic_chat_design_preset
11.68,0.883215,0.934400,-0.051185,0.000000,synthetic_chat_design_preset
11.69,0.882604,0.935200,-0.052596,0.000000,synthetic_chat_design_preset
11.70,0.882200,0.936000,-0.053800,0.000000,synthetic_chat_design_preset
11.71,0.882009,0.936800,-0.054791,0.000000,synthetic_chat_design_preset
11.72,0.882033,0.937600,-0.055567,0.000000,synthetic_chat_design_preset
11.73,0.882278,0.938400,-0.056122,0.000000,synthetic_chat_design_preset
11.74,0.882743,0.939200,-0.056457,0.000000,synthetic_chat_design_preset
11.75,0.883431,0.940000,-0.056569,0.000000,synthetic_chat_design_preset
11.76,0.884343,0.940800,-0.056457,0.000000,synthetic_chat_design_preset
11.77,0.885478,0.941600,-0.056122,0.000000,synthetic_chat_design_preset
11.78,0.886833,0.942400,-0.055567,0.000000,synthetic_chat_design_preset
11.79,0.888409,0.943200,-0.054791,0.000000,synthetic_chat_design_preset
11.80,0.890200,0.944000,-0.053800,0.000000,synthetic_chat_design_preset
11.81,0.892204,0.944800,-0.052596,0.000000,synthetic_chat_design_preset
11.82,0.894415,0.945600,-0.051185,0.000000,synthetic_chat_design_preset
11.83,0.896829,0.946400,-0.049571,0.000000,synthetic_chat_design_preset
11.84,0.899438,0.947200,-0.047762,0.000000,synthetic_chat_design_preset
11.85,0.902235,0.948000,-0.045765,0.000000,synthetic_chat_design_preset
11.86,0.905213,0.948800,-0.043587,0.000000,synthetic_chat_design_preset
11.87,0.908363,0.949600,-0.041237,0.000000,synthetic_chat_design_preset
11.88,0.911676,0.950400,-0.038724,0.000000,synthetic_chat_design_preset
11.89,0.915142,0.951200,-0.036058,0.000000,synthetic_chat_design_preset
11.90,0.918750,0.952000,-0.033250,0.000000,synthetic_chat_design_preset
11.91,0.922489,0.952800,-0.030311,0.000000,synthetic_chat_design_preset
11.92,0.926348,0.953600,-0.027252,0.000000,synthetic_chat_design_preset
11.93,0.930314,0.954400,-0.024086,0.000000,synthetic_chat_design_preset
11.94,0.934376,0.955200,-0.020824,0.000000,synthetic_chat_design_preset
11.95,0.938519,0.956000,-0.017481,0.000000,synthetic_chat_design_preset
11.96,0.942732,0.956800,-0.014068,0.000000,synthetic_chat_design_preset
11.97,0.947000,0.957600,-0.010600,0.000000,synthetic_chat_design_preset
11.98,0.951310,0.958400,-0.007090,0.000000,synthetic_chat_design_preset
11.99,0.955681,0.959200,-0.003552,0.000033,synthetic_chat_design_preset
12.00,0.960045,0.960000,-0.000000,0.000045,synthetic_chat_design_preset
12.01,0.964413,0.960800,0.003552,0.000061,synthetic_chat_design_preset
12.02,0.968773,0.961600,0.007090,0.000083,synthetic_chat_design_preset
12.03,0.973111,0.962400,0.010600,0.000111,synthetic_chat_design_preset
12.04,0.977416,0.963200,0.014068,0.000148,synthetic_chat_design_preset
12.05,0.981676,0.964000,0.017481,0.000195,synthetic_chat_design_preset
12.06,0.985881,0.964800,0.020824,0.000257,synthetic_chat_design_preset
12.07,0.990022,0.965600,0.024086,0.000336,synthetic_chat_design_preset
12.08,0.994089,0.966400,0.027252,0.000436,synthetic_chat_design_preset
12.09,0.998075,0.967200,0.030311,0.000564,synthetic_chat_design_preset
12.10,1.001973,0.968000,0.033250,0.000723,synthetic_chat_design_preset
12.11,1.005781,0.968800,0.036058,0.000923,synthetic_chat_design_preset
12.12,1.009493,0.969600,0.038724,0.001170,synthetic_chat_design_preset
12.13,1.013110,0.970400,0.041237,0.001474,synthetic_chat_design_preset
12.14,1.016632,0.971200,0.043587,0.001845,synthetic_chat_design_preset
12.15,1.020061,0.972000,0.045765,0.002296,synthetic_chat_design_preset
12.16,1.023403,0.972800,0.047762,0.002840,synthetic_chat_design_preset
12.17,1.026663,0.973600,0.049571,0.003492,synthetic_chat_design_preset
12.18,1.029850,0.974400,0.051185,0.004266,synthetic_chat_design_preset
12.19,1.032975,0.975200,0.052596,0.005179,synthetic_chat_design_preset
12.20,1.036050,0.976000,0.053800,0.006250,synthetic_chat_design_preset
12.21,1.039087,0.976800,0.054791,0.007496,synthetic_chat_design_preset
12.22,1.042101,0.977600,0.055567,0.008935,synthetic_chat_design_preset
12.23,1.045107,0.978400,0.056122,0.010584,synthetic_chat_design_preset
12.24,1.048118,0.979200,0.056457,0.012462,synthetic_chat_design_preset
12.25,1.051150,0.980000,0.056569,0.014582,synthetic_chat_design_preset
12.26,1.054214,0.980800,0.056457,0.016958,synthetic_chat_design_preset
12.27,1.057322,0.981600,0.056122,0.019600,synthetic_chat_design_preset
12.28,1.060480,0.982400,0.055567,0.022514,synthetic_chat_design_preset
12.29,1.063694,0.983200,0.054791,0.025703,synthetic_chat_design_preset
12.30,1.066963,0.984000,0.053800,0.029163,synthetic_chat_design_preset
12.31,1.070282,0.984800,0.052596,0.032886,synthetic_chat_design_preset
12.32,1.073641,0.985600,0.051185,0.036857,synthetic_chat_design_preset
12.33,1.077024,0.986400,0.049571,0.041053,synthetic_chat_design_preset
12.34,1.080408,0.987200,0.047762,0.045446,synthetic_chat_design_preset
12.35,1.083765,0.988000,0.045765,0.050000,synthetic_chat_design_preset
12.36,1.087059,0.988800,0.043587,0.054673,synthetic_chat_design_preset
12.37,1.090251,0.989600,0.041237,0.059415,synthetic_chat_design_preset
12.38,1.093295,0.990400,0.038724,0.064171,synthetic_chat_design_preset
12.39,1.096141,0.991200,0.036058,0.068883,synthetic_chat_design_preset
12.40,1.098737,0.992000,0.033250,0.073487,synthetic_chat_design_preset
12.41,1.101027,0.992800,0.030311,0.077916,synthetic_chat_design_preset
12.42,1.102958,0.993600,0.027252,0.082106,synthetic_chat_design_preset
12.43,1.104475,0.994400,0.024086,0.085989,synthetic_chat_design_preset
12.44,1.105527,0.995200,0.020824,0.089503,synthetic_chat_design_preset
12.45,1.106068,0.996000,0.017481,0.092587,synthetic_chat_design_preset
12.46,1.106058,0.996800,0.014068,0.095190,synthetic_chat_design_preset
12.47,1.105465,0.997600,0.010600,0.097265,synthetic_chat_design_preset
12.48,1.104265,0.998400,0.007090,0.098775,synthetic_chat_design_preset
12.49,1.102444,0.999200,0.003552,0.099692,synthetic_chat_design_preset
12.50,1.100000,1.000000,-0.000000,0.100000,synthetic_chat_design_preset
12.51,1.096940,1.000800,-0.003552,0.099692,synthetic_chat_design_preset
12.52,1.093285,1.001600,-0.007090,0.098775,synthetic_chat_design_preset
12.53,1.089066,1.002400,-0.010600,0.097265,synthetic_chat_design_preset
12.54,1.084322,1.003200,-0.014068,0.095190,synthetic_chat_design_preset
12.55,1.079107,1.004000,-0.017481,0.092587,synthetic_chat_design_preset
12.56,1.073478,1.004800,-0.020824,0.089503,synthetic_chat_design_preset
12.57,1.067503,1.005600,-0.024086,0.085989,synthetic_chat_design_preset
12.58,1.061254,1.006400,-0.027252,0.082106,synthetic_chat_design_preset
12.59,1.054806,1.007200,-0.030311,0.077916,synthetic_chat_design_preset
12.60,1.048237,1.008000,-0.033250,0.073487,synthetic_chat_design_preset
12.61,1.041625,1.008800,-0.036058,0.068883,synthetic_chat_design_preset
12.62,1.035047,1.009600,-0.038724,0.064171,synthetic_chat_design_preset
12.63,1.028578,1.010400,-0.041237,0.059415,synthetic_chat_design_preset
12.64,1.022286,1.011200,-0.043587,0.054673,synthetic_chat_design_preset
12.65,1.016235,1.012000,-0.045765,0.050000,synthetic_chat_design_preset
12.66,1.010484,1.012800,-0.047762,0.045446,synthetic_chat_design_preset
12.67,1.005081,1.013600,-0.049571,0.041053,synthetic_chat_design_preset
12.68,1.000072,1.014400,-0.051185,0.036857,synthetic_chat_design_preset
12.69,0.995490,1.015200,-0.052596,0.032886,synthetic_chat_design_preset
12.70,0.991363,1.016000,-0.053800,0.029163,synthetic_chat_design_preset
12.71,0.987712,1.016800,-0.054791,0.025703,synthetic_chat_design_preset
12.72,0.984547,1.017600,-0.055567,0.022514,synthetic_chat_design_preset
12.73,0.981877,1.018400,-0.056122,0.019600,synthetic_chat_design_preset
12.74,0.979701,1.019200,-0.056457,0.016958,synthetic_chat_design_preset
12.75,0.978013,1.020000,-0.056569,0.014582,synthetic_chat_design_preset
12.76,0.976805,1.020800,-0.056457,0.012462,synthetic_chat_design_preset
12.77,0.976062,1.021600,-0.056122,0.010584,synthetic_chat_design_preset
12.78,0.975768,1.022400,-0.055567,0.008935,synthetic_chat_design_preset
12.79,0.975904,1.023200,-0.054791,0.007496,synthetic_chat_design_preset
12.80,0.976450,1.024000,-0.053800,0.006250,synthetic_chat_design_preset
12.81,0.977383,1.024800,-0.052596,0.005179,synthetic_chat_design_preset
12.82,0.978681,1.025600,-0.051185,0.004266,synthetic_chat_design_preset
12.83,0.980320,1.026400,-0.049571,0.003492,synthetic_chat_design_preset
12.84,0.982278,1.027200,-0.047762,0.002840,synthetic_chat_design_preset
12.85,0.984532,1.028000,-0.045765,0.002296,synthetic_chat_design_preset
12.86,0.987058,1.028800,-0.043587,0.001845,synthetic_chat_design_preset
12.87,0.989837,1.029600,-0.041237,0.001474,synthetic_chat_design_preset
12.88,0.992846,1.030400,-0.038724,0.001170,synthetic_chat_design_preset
12.89,0.996065,1.031200,-0.036058,0.000923,synthetic_chat_design_preset
12.90,0.999473,1.032000,-0.033250,0.000723,synthetic_chat_design_preset
12.91,1.003053,1.032800,-0.030311,0.000564,synthetic_chat_design_preset
12.92,1.006784,1.033600,-0.027252,0.000436,synthetic_chat_design_preset
12.93,1.010650,1.034400,-0.024086,0.000336,synthetic_chat_design_preset
12.94,1.014633,1.035200,-0.020824,0.000257,synthetic_chat_design_preset
12.95,1.018715,1.036000,-0.017481,0.000195,synthetic_chat_design_preset
12.96,1.022880,1.036800,-0.014068,0.000148,synthetic_chat_design_preset
12.97,1.027111,1.037600,-0.010600,0.000111,synthetic_chat_design_preset
12.98,1.031393,1.038400,-0.007090,0.000083,synthetic_chat_design_preset
12.99,1.035709,1.039200,-0.003552,0.000061,synthetic_chat_design_preset
13.00,1.040045,1.040000,0.000000,0.000045,synthetic_chat_design_preset
13.01,1.044352,1.040800,0.003552,0.000000,synthetic_chat_design_preset
13.02,1.048690,1.041600,0.007090,0.000000,synthetic_chat_design_preset
13.03,1.053000,1.042400,0.010600,0.000000,synthetic_chat_design_preset
13.04,1.057268,1.043200,0.014068,0.000000,synthetic_chat_design_preset
13.05,1.061481,1.044000,0.017481,0.000000,synthetic_chat_design_preset
13.06,1.065624,1.044800,0.020824,0.000000,synthetic_chat_design_preset
13.07,1.069686,1.045600,0.024086,0.000000,synthetic_chat_design_preset
13.08,1.073652,1.046400,0.027252,0.000000,synthetic_chat_design_preset
13.09,1.077511,1.047200,0.030311,0.000000,synthetic_chat_design_preset
13.10,1.081250,1.048000,0.033250,0.000000,synthetic_chat_design_preset
13.11,1.084858,1.048800,0.036058,0.000000,synthetic_chat_design_preset
13.12,1.088324,1.049600,0.038724,0.000000,synthetic_chat_design_preset
13.13,1.091637,1.050400,0.041237,0.000000,synthetic_chat_design_preset
13.14,1.094787,1.051200,0.043587,0.000000,synthetic_chat_design_preset
13.15,1.097765,1.052000,0.045765,0.000000,synthetic_chat_design_preset
13.16,1.100562,1.052800,0.047762,0.000000,synthetic_chat_design_preset
13.17,1.103171,1.053600,0.049571,0.000000,synthetic_chat_design_preset
13.18,1.105585,1.054400,0.051185,0.000000,synthetic_chat_design_preset
13.19,1.107796,1.055200,0.052596,0.000000,synthetic_chat_design_preset
13.20,1.109800,1.056000,0.053800,0.000000,synthetic_chat_design_preset
13.21,1.111591,1.056800,0.054791,0.000000,synthetic_chat_design_preset
13.22,1.113167,1.057600,0.055567,0.000000,synthetic_chat_design_preset
13.23,1.114522,1.058400,0.056122,0.000000,synthetic_chat_design_preset
13.24,1.115657,1.059200,0.056457,0.000000,synthetic_chat_design_preset
13.25,1.116569,1.060000,0.056569,0.000000,synthetic_chat_design_preset
13.26,1.117257,1.060800,0.056457,0.000000,synthetic_chat_design_preset
13.27,1.117722,1.061600,0.056122,0.000000,synthetic_chat_design_preset
13.28,1.117967,1.062400,0.055567,0.000000,synthetic_chat_design_preset
13.29,1.117991,1.063200,0.054791,0.000000,synthetic_chat_design_preset
13.30,1.117800,1.064000,0.053800,0.000000,synthetic_chat_design_preset
13.31,1.117396,1.064800,0.052596,0.000000,synthetic_chat_design_preset
13.32,1.116785,1.065600,0.051185,0.000000,synthetic_chat_design_preset
13.33,1.115971,1.066400,0.049571,0.000000,synthetic_chat_design_preset
13.34,1.114962,1.067200,0.047762,0.000000,synthetic_chat_design_preset
13.35,1.113765,1.068000,0.045765,0.000000,synthetic_chat_design_preset
13.36,1.112387,1.068800,0.043587,0.000000,synthetic_chat_design_preset
13.37,1.110837,1.069600,0.041237,0.000000,synthetic_chat_design_preset
13.38,1.109124,1.070400,0.038724,0.000000,synthetic_chat_design_preset
13.39,1.107258,1.071200,0.036058,0.000000,synthetic_chat_design_preset
13.40,1.105250,1.072000,0.033250,0.000000,synthetic_chat_design_preset
13.41,1.103111,1.072800,0.030311,0.000000,synthetic_chat_design_preset
13.42,1.100852,1.073600,0.027252,0.000000,synthetic_chat_design_preset
13.43,1.098486,1.074400,0.024086,0.000000,synthetic_chat_design_preset
13.44,1.096024,1.075200,0.020824,0.000000,synthetic_chat_design_preset
13.45,1.093481,1.076000,0.017481,0.000000,synthetic_chat_design_preset
13.46,1.090868,1.076800,0.014068,0.000000,synthetic_chat_design_preset
13.47,1.088200,1.077600,0.010600,0.000000,synthetic_chat_design_preset
13.48,1.085490,1.078400,0.007090,0.000000,synthetic_chat_design_preset
13.49,1.082752,1.079200,0.003552,0.000000,synthetic_chat_design_preset
13.50,1.080000,1.080000,0.000000,0.000000,synthetic_chat_design_preset
13.51,1.077248,1.080800,-0.003552,0.000000,synthetic_chat_design_preset
13.52,1.074510,1.081600,-0.007090,0.000000,synthetic_chat_design_preset
13.53,1.071800,1.082400,-0.010600,0.000000,synthetic_chat_design_preset
13.54,1.069132,1.083200,-0.014068,0.000000,synthetic_chat_design_preset
13.55,1.066519,1.084000,-0.017481,0.000000,synthetic_chat_design_preset
13.56,1.063976,1.084800,-0.020824,0.000000,synthetic_chat_design_preset
13.57,1.061514,1.085600,-0.024086,0.000000,synthetic_chat_design_preset
13.58,1.059148,1.086400,-0.027252,0.000000,synthetic_chat_design_preset
13.59,1.056889,1.087200,-0.030311,0.000000,synthetic_chat_design_preset
13.60,1.054750,1.088000,-0.033250,0.000000,synthetic_chat_design_preset
13.61,1.052742,1.088800,-0.036058,0.000000,synthetic_chat_design_preset
13.62,1.050876,1.089600,-0.038724,0.000000,synthetic_chat_design_preset
13.63,1.049163,1.090400,-0.041237,0.000000,synthetic_chat_design_preset
13.64,1.047613,1.091200,-0.043587,0.000000,synthetic_chat_design_preset
13.65,1.046235,1.092000,-0.045765,0.000000,synthetic_chat_design_preset
13.66,1.045038,1.092800,-0.047762,0.000000,synthetic_chat_design_preset
13.67,1.044029,1.093600,-0.049571,0.000000,synthetic_chat_design_preset
13.68,1.043215,1.094400,-0.051185,0.000000,synthetic_chat_design_preset
13.69,1.042604,1.095200,-0.052596,0.000000,synthetic_chat_design_preset
13.70,1.042200,1.096000,-0.053800,0.000000,synthetic_chat_design_preset
13.71,1.042009,1.096800,-0.054791,0.000000,synthetic_chat_design_preset
13.72,1.042033,1.097600,-0.055567,0.000000,synthetic_chat_design_preset
13.73,1.042278,1.098400,-0.056122,0.000000,synthetic_chat_design_preset
13.74,1.042743,1.099200,-0.056457,0.000000,synthetic_chat_design_preset
13.75,1.043431,1.100000,-0.056569,0.000000,synthetic_chat_design_preset
13.76,1.044343,1.100800,-0.056457,0.000000,synthetic_chat_design_preset
13.77,1.045478,1.101600,-0.056122,0.000000,synthetic_chat_design_preset
13.78,1.046833,1.102400,-0.055567,0.000000,synthetic_chat_design_preset
13.79,1.048409,1.103200,-0.054791,0.000000,synthetic_chat_design_preset
13.80,1.050200,1.104000,-0.053800,0.000000,synthetic_chat_design_preset
13.81,1.052204,1.104800,-0.052596,0.000000,synthetic_chat_design_preset
13.82,1.054415,1.105600,-0.051185,0.000000,synthetic_chat_design_preset
13.83,1.056829,1.106400,-0.049571,0.000000,synthetic_chat_design_preset
13.84,1.059438,1.107200,-0.047762,0.000000,synthetic_chat_design_preset
13.85,1.062235,1.108000,-0.045765,0.000000,synthetic_chat_design_preset
13.86,1.065213,1.108800,-0.043587,0.000000,synthetic_chat_design_preset
13.87,1.068363,1.109600,-0.041237,0.000000,synthetic_chat_design_preset
13.88,1.071676,1.110400,-0.038724,0.000000,synthetic_chat_design_preset
13.89,1.075142,1.111200,-0.036058,0.000000,synthetic_chat_design_preset
13.90,1.078750,1.112000,-0.033250,0.000000,synthetic_chat_design_preset
13.91,1.082489,1.112800,-0.030311,0.000000,synthetic_chat_design_preset
13.92,1.086348,1.113600,-0.027252,0.000000,synthetic_chat_design_preset
13.93,1.090314,1.114400,-0.024086,0.000000,synthetic_chat_design_preset
13.94,1.094376,1.115200,-0.020824,0.000000,synthetic_chat_design_preset
13.95,1.098519,1.116000,-0.017481,0.000000,synthetic_chat_design_preset
13.96,1.102732,1.116800,-0.014068,0.000000,synthetic_chat_design_preset
13.97,1.107000,1.117600,-0.010600,0.000000,synthetic_chat_design_preset
13.98,1.111310,1.118400,-0.007090,0.000000,synthetic_chat_design_preset
13.99,1.115648,1.119200,-0.003552,0.000000,synthetic_chat_design_preset
14.00,1.120000,1.120000,-0.000000,0.000000,synthetic_chat_design_preset
14.01,1.124352,1.120800,0.003552,0.000000,synthetic_chat_design_preset
14.02,1.128690,1.121600,0.007090,0.000000,synthetic_chat_design_preset
14.03,1.133000,1.122400,0.010600,0.000000,synthetic_chat_design_preset
14.04,1.137268,1.123200,0.014068,0.000000,synthetic_chat_design_preset
14.05,1.141481,1.124000,0.017481,0.000000,synthetic_chat_design_preset
14.06,1.145624,1.124800,0.020824,0.000000,synthetic_chat_design_preset
14.07,1.149686,1.125600,0.024086,0.000000,synthetic_chat_design_preset
14.08,1.153652,1.126400,0.027252,0.000000,synthetic_chat_design_preset
14.09,1.157511,1.127200,0.030311,0.000000,synthetic_chat_design_preset
14.10,1.161250,1.128000,0.033250,0.000000,synthetic_chat_design_preset
14.11,1.164858,1.128800,0.036058,0.000000,synthetic_chat_design_preset
14.12,1.168324,1.129600,0.038724,0.000000,synthetic_chat_design_preset
14.13,1.171637,1.130400,0.041237,0.000000,synthetic_chat_design_preset
14.14,1.174787,1.131200,0.043587,0.000000,synthetic_chat_design_preset
14.15,1.177765,1.132000,0.045765,0.000000,synthetic_chat_design_preset
14.16,1.180562,1.132800,0.047762,0.000000,synthetic_chat_design_preset
14.17,1.183171,1.133600,0.049571,0.000000,synthetic_chat_design_preset
14.18,1.185585,1.134400,0.051185,0.000000,synthetic_chat_design_preset
14.19,1.187796,1.135200,0.052596,0.000000,synthetic_chat_design_preset
14.20,1.189800,1.136000,0.053800,0.000000,synthetic_chat_design_preset
14.21,1.191591,1.136800,0.054791,0.000000,synthetic_chat_design_preset
14.22,1.193167,1.137600,0.055567,0.000000,synthetic_chat_design_preset
14.23,1.194522,1.138400,0.056122,0.000000,synthetic_chat_design_preset
14.24,1.195657,1.139200,0.056457,0.000000,synthetic_chat_design_preset
14.25,1.196569,1.140000,0.056569,0.000000,synthetic_chat_design_preset
14.26,1.197257,1.140800,0.056457,0.000000,synthetic_chat_design_preset
14.27,1.197722,1.141600,0.056122,0.000000,synthetic_chat_design_preset
14.28,1.197967,1.142400,0.055567,0.000000,synthetic_chat_design_preset
14.29,1.197991,1.143200,0.054791,0.000000,synthetic_chat_design_preset
14.30,1.197800,1.144000,0.053800,0.000000,synthetic_chat_design_preset
14.31,1.197396,1.144800,0.052596,0.000000,synthetic_chat_design_preset
14.32,1.196785,1.145600,0.051185,0.000000,synthetic_chat_design_preset
14.33,1.195971,1.146400,0.049571,0.000000,synthetic_chat_design_preset
14.34,1.194962,1.147200,0.047762,0.000000,synthetic_chat_design_preset
14.35,1.193765,1.148000,0.045765,0.000000,synthetic_chat_design_preset
14.36,1.192387,1.148800,0.043587,0.000000,synthetic_chat_design_preset
14.37,1.190837,1.149600,0.041237,0.000000,synthetic_chat_design_preset
14.38,1.189124,1.150400,0.038724,0.000000,synthetic_chat_design_preset
14.39,1.187258,1.151200,0.036058,0.000000,synthetic_chat_design_preset
14.40,1.185250,1.152000,0.033250,0.000000,synthetic_chat_design_preset
14.41,1.183111,1.152800,0.030311,0.000000,synthetic_chat_design_preset
14.42,1.180852,1.153600,0.027252,0.000000,synthetic_chat_design_preset
14.43,1.178486,1.154400,0.024086,0.000000,synthetic_chat_design_preset
14.44,1.176024,1.155200,0.020824,0.000000,synthetic_chat_design_preset
14.45,1.173481,1.156000,0.017481,0.000000,synthetic_chat_design_preset
14.46,1.170868,1.156800,0.014068,0.000000,synthetic_chat_design_preset
14.47,1.168200,1.157600,0.010600,0.000000,synthetic_chat_design_preset
14.48,1.165490,1.158400,0.007090,0.000000,synthetic_chat_design_preset
14.49,1.162752,1.159200,0.003552,0.000000,synthetic_chat_design_preset
14.50,1.160000,1.160000,-0.000000,0.000000,synthetic_chat_design_preset
14.51,1.157248,1.160800,-0.003552,0.000000,synthetic_chat_design_preset
14.52,1.154510,1.161600,-0.007090,0.000000,synthetic_chat_design_preset
14.53,1.151800,1.162400,-0.010600,0.000000,synthetic_chat_design_preset
14.54,1.149132,1.163200,-0.014068,0.000000,synthetic_chat_design_preset
14.55,1.146519,1.164000,-0.017481,0.000000,synthetic_chat_design_preset
14.56,1.143976,1.164800,-0.020824,0.000000,synthetic_chat_design_preset
14.57,1.141514,1.165600,-0.024086,0.000000,synthetic_chat_design_preset
14.58,1.139148,1.166400,-0.027252,0.000000,synthetic_chat_design_preset
14.59,1.136889,1.167200,-0.030311,0.000000,synthetic_chat_design_preset
14.60,1.134750,1.168000,-0.033250,0.000000,synthetic_chat_design_preset
14.61,1.132742,1.168800,-0.036058,0.000000,synthetic_chat_design_preset
14.62,1.130876,1.169600,-0.038724,0.000000,synthetic_chat_design_preset
14.63,1.129163,1.170400,-0.041237,0.000000,synthetic_chat_design_preset
14.64,1.127613,1.171200,-0.043587,0.000000,synthetic_chat_design_preset
14.65,1.126235,1.172000,-0.045765,0.000000,synthetic_chat_design_preset
14.66,1.125038,1.172800,-0.047762,0.000000,synthetic_chat_design_preset
14.67,1.124029,1.173600,-0.049571,0.000000,synthetic_chat_design_preset
14.68,1.123215,1.174400,-0.051185,0.000000,synthetic_chat_design_preset
14.69,1.122604,1.175200,-0.052596,0.000000,synthetic_chat_design_preset
14.70,1.122200,1.176000,-0.053800,0.000000,synthetic_chat_design_preset
14.71,1.122009,1.176800,-0.054791,0.000000,synthetic_chat_design_preset
14.72,1.122033,1.177600,-0.055567,0.000000,synthetic_chat_design_preset
14.73,1.122278,1.178400,-0.056122,0.000000,synthetic_chat_design_preset
14.74,1.122743,1.179200,-0.056457,0.000000,synthetic_chat_design_preset
14.75,1.123431,1.180000,-0.056569,0.000000,synthetic_chat_design_preset
14.76,1.124343,1.180800,-0.056457,0.000000,synthetic_chat_design_preset
14.77,1.125478,1.181600,-0.056122,0.000000,synthetic_chat_design_preset
14.78,1.126833,1.182400,-0.055567,0.000000,synthetic_chat_design_preset
14.79,1.128409,1.183200,-0.054791,0.000000,synthetic_chat_design_preset
14.80,1.130200,1.184000,-0.053800,0.000000,synthetic_chat_design_preset
14.81,1.132204,1.184800,-0.052596,0.000000,synthetic_chat_design_preset
14.82,1.134415,1.185600,-0.051185,0.000000,synthetic_chat_design_preset
14.83,1.136829,1.186400,-0.049571,0.000000,synthetic_chat_design_preset
14.84,1.139438,1.187200,-0.047762,0.000000,synthetic_chat_design_preset
14.85,1.142235,1.188000,-0.045765,0.000000,synthetic_chat_design_preset
14.86,1.145213,1.188800,-0.043587,0.000000,synthetic_chat_design_preset
14.87,1.148363,1.189600,-0.041237,0.000000,synthetic_chat_design_preset
14.88,1.151676,1.190400,-0.038724,0.000000,synthetic_chat_design_preset
14.89,1.155142,1.191200,-0.036058,0.000000,synthetic_chat_design_preset
14.90,1.158750,1.192000,-0.033250,0.000000,synthetic_chat_design_preset
14.91,1.162489,1.192800,-0.030311,0.000000,synthetic_chat_design_preset
14.92,1.166348,1.193600,-0.027252,0.000000,synthetic_chat_design_preset
14.93,1.170314,1.194400,-0.024086,0.000000,synthetic_chat_design_preset
14.94,1.174376,1.195200,-0.020824,0.000000,synthetic_chat_design_preset
14.95,1.178519,1.196000,-0.017481,0.000000,synthetic_chat_design_preset
14.96,1.182732,1.196800,-0.014068,0.000000,synthetic_chat_design_preset
14.97,1.187000,1.197600,-0.010600,0.000000,synthetic_chat_design_preset
14.98,1.191310,1.198400,-0.007090,0.000000,synthetic_chat_design_preset
14.99,1.195648,1.199200,-0.003552,0.000000,synthetic_chat_design_preset
15.00,1.200000,1.200000,-0.000000,0.000000,synthetic_chat_design_preset
15.01,1.204352,1.200800,0.003552,0.000000,synthetic_chat_design_preset
15.02,1.208690,1.201600,0.007090,0.000000,synthetic_chat_design_preset
15.03,1.213000,1.202400,0.010600,0.000000,synthetic_chat_design_preset
15.04,1.217268,1.203200,0.014068,0.000000,synthetic_chat_design_preset
15.05,1.221481,1.204000,0.017481,0.000000,synthetic_chat_design_preset
15.06,1.225624,1.204800,0.020824,0.000000,synthetic_chat_design_preset
15.07,1.229686,1.205600,0.024086,0.000000,synthetic_chat_design_preset
15.08,1.233652,1.206400,0.027252,0.000000,synthetic_chat_design_preset
15.09,1.237511,1.207200,0.030311,0.000000,synthetic_chat_design_preset
15.10,1.241250,1.208000,0.033250,0.000000,synthetic_chat_design_preset
15.11,1.244858,1.208800,0.036058,0.000000,synthetic_chat_design_preset
15.12,1.248324,1.209600,0.038724,0.000000,synthetic_chat_design_preset
15.13,1.251637,1.210400,0.041237,0.000000,synthetic_chat_design_preset
15.14,1.254787,1.211200,0.043587,0.000000,synthetic_chat_design_preset
15.15,1.257765,1.212000,0.045765,0.000000,synthetic_chat_design_preset
15.16,1.260562,1.212800,0.047762,0.000000,synthetic_chat_design_preset
15.17,1.263171,1.213600,0.049571,0.000000,synthetic_chat_design_preset
15.18,1.265585,1.214400,0.051185,0.000000,synthetic_chat_design_preset
15.19,1.267796,1.215200,0.052596,0.000000,synthetic_chat_design_preset
15.20,1.269800,1.216000,0.053800,0.000000,synthetic_chat_design_preset
15.21,1.271591,1.216800,0.054791,0.000000,synthetic_chat_design_preset
15.22,1.273167,1.217600,0.055567,0.000000,synthetic_chat_design_preset
15.23,1.274522,1.218400,0.056122,0.000000,synthetic_chat_design_preset
15.24,1.275657,1.219200,0.056457,0.000000,synthetic_chat_design_preset
15.25,1.276569,1.220000,0.056569,0.000000,synthetic_chat_design_preset
15.26,1.277257,1.220800,0.056457,0.000000,synthetic_chat_design_preset
15.27,1.277722,1.221600,0.056122,0.000000,synthetic_chat_design_preset
15.28,1.277967,1.222400,0.055567,0.000000,synthetic_chat_design_preset
15.29,1.277991,1.223200,0.054791,0.000000,synthetic_chat_design_preset
15.30,1.277800,1.224000,0.053800,0.000000,synthetic_chat_design_preset
15.31,1.277396,1.224800,0.052596,0.000000,synthetic_chat_design_preset
15.32,1.276785,1.225600,0.051185,0.000000,synthetic_chat_design_preset
15.33,1.275971,1.226400,0.049571,0.000000,synthetic_chat_design_preset
15.34,1.274962,1.227200,0.047762,0.000000,synthetic_chat_design_preset
15.35,1.273765,1.228000,0.045765,0.000000,synthetic_chat_design_preset
15.36,1.272387,1.228800,0.043587,0.000000,synthetic_chat_design_preset
15.37,1.270837,1.229600,0.041237,0.000000,synthetic_chat_design_preset
15.38,1.269124,1.230400,0.038724,0.000000,synthetic_chat_design_preset
15.39,1.267258,1.231200,0.036058,0.000000,synthetic_chat_design_preset
15.40,1.265250,1.232000,0.033250,0.000000,synthetic_chat_design_preset
15.41,1.263111,1.232800,0.030311,0.000000,synthetic_chat_design_preset
15.42,1.260852,1.233600,0.027252,0.000000,synthetic_chat_design_preset
15.43,1.258486,1.234400,0.024086,0.000000,synthetic_chat_design_preset
15.44,1.256024,1.235200,0.020824,0.000000,synthetic_chat_design_preset
15.45,1.253481,1.236000,0.017481,0.000000,synthetic_chat_design_preset
15.46,1.250868,1.236800,0.014068,0.000000,synthetic_chat_design_preset
15.47,1.248200,1.237600,0.010600,0.000000,synthetic_chat_design_preset
15.48,1.245490,1.238400,0.007090,0.000000,synthetic_chat_design_preset
15.49,1.242752,1.239200,0.003552,0.000000,synthetic_chat_design_preset
15.50,1.240000,1.240000,0.000000,0.000000,synthetic_chat_design_preset
15.51,1.237248,1.240800,-0.003552,0.000000,synthetic_chat_design_preset
15.52,1.234510,1.241600,-0.007090,0.000000,synthetic_chat_design_preset
15.53,1.231800,1.242400,-0.010600,0.000000,synthetic_chat_design_preset
15.54,1.229132,1.243200,-0.014068,0.000000,synthetic_chat_design_preset
15.55,1.226519,1.244000,-0.017481,0.000000,synthetic_chat_design_preset
15.56,1.223976,1.244800,-0.020824,0.000000,synthetic_chat_design_preset
15.57,1.221514,1.245600,-0.024086,0.000000,synthetic_chat_design_preset
15.58,1.219148,1.246400,-0.027252,0.000000,synthetic_chat_design_preset
15.59,1.216889,1.247200,-0.030311,0.000000,synthetic_chat_design_preset
15.60,1.214750,1.248000,-0.033250,0.000000,synthetic_chat_design_preset
15.61,1.212742,1.248800,-0.036058,0.000000,synthetic_chat_design_preset
15.62,1.210876,1.249600,-0.038724,0.000000,synthetic_chat_design_preset
15.63,1.209163,1.250400,-0.041237,0.000000,synthetic_chat_design_preset
15.64,1.207613,1.251200,-0.043587,0.000000,synthetic_chat_design_preset
15.65,1.206235,1.252000,-0.045765,0.000000,synthetic_chat_design_preset
15.66,1.205038,1.252800,-0.047762,0.000000,synthetic_chat_design_preset
15.67,1.204029,1.253600,-0.049571,0.000000,synthetic_chat_design_preset
15.68,1.203215,1.254400,-0.051185,0.000000,synthetic_chat_design_preset
15.69,1.202604,1.255200,-0.052596,0.000000,synthetic_chat_design_preset
15.70,1.202200,1.256000,-0.053800,0.000000,synthetic_chat_design_preset
15.71,1.202009,1.256800,-0.054791,0.000000,synthetic_chat_design_preset
15.72,1.202033,1.257600,-0.055567,0.000000,synthetic_chat_design_preset
15.73,1.202278,1.258400,-0.056122,0.000000,synthetic_chat_design_preset
15.74,1.202743,1.259200,-0.056457,0.000000,synthetic_chat_design_preset
15.75,1.203431,1.260000,-0.056569,0.000000,synthetic_chat_design_preset
15.76,1.204343,1.260800,-0.056457,0.000000,synthetic_chat_design_preset
15.77,1.205478,1.261600,-0.056122,0.000000,synthetic_chat_design_preset
15.78,1.206833,1.262400,-0.055567,0.000000,synthetic_chat_design_preset
15.79,1.208409,1.263200,-0.054791,0.000000,synthetic_chat_design_preset
15.80,1.210200,1.264000,-0.053800,0.000000,synthetic_chat_design_preset
15.81,1.212204,1.264800,-0.052596,0.000000,synthetic_chat_design_preset
15.82,1.214415,1.265600,-0.051185,0.000000,synthetic_chat_design_preset
15.83,1.216829,1.266400,-0.049571,0.000000,synthetic_chat_design_preset
15.84,1.219438,1.267200,-0.047762,0.000000,synthetic_chat_design_preset
15.85,1.222235,1.268000,-0.045765,0.000000,synthetic_chat_design_preset
15.86,1.225213,1.268800,-0.043587,0.000000,synthetic_chat_design_preset
15.87,1.228363,1.269600,-0.041237,0.000000,synthetic_chat_design_preset
15.88,1.231676,1.270400,-0.038724,0.000000,synthetic_chat_design_preset
15.89,1.235142,1.271200,-0.036058,0.000000,synthetic_chat_design_preset
15.90,1.238750,1.272000,-0.033250,0.000000,synthetic_chat_design_preset
15.91,1.242489,1.272800,-0.030311,0.000000,synthetic_chat_design_preset
15.92,1.246348,1.273600,-0.027252,0.000000,synthetic_chat_design_preset
15.93,1.250314,1.274400,-0.024086,0.000000,synthetic_chat_design_preset
15.94,1.254376,1.275200,-0.020824,0.000000,synthetic_chat_design_preset
15.95,1.258519,1.276000,-0.017481,0.000000,synthetic_chat_design_preset
15.96,1.262732,1.276800,-0.014068,0.000000,synthetic_chat_design_preset
15.97,1.267000,1.277600,-0.010600,0.000000,synthetic_chat_design_preset
15.98,1.271310,1.278400,-0.007090,0.000000,synthetic_chat_design_preset
15.99,1.275648,1.279200,-0.003552,0.000000,synthetic_chat_design_preset
16.00,1.280000,1.280000,-0.000000,0.000000,synthetic_chat_design_preset
16.01,1.284352,1.280800,0.003552,0.000000,synthetic_chat_design_preset
16.02,1.288690,1.281600,0.007090,0.000000,synthetic_chat_design_preset
16.03,1.293000,1.282400,0.010600,0.000000,synthetic_chat_design_preset
16.04,1.297268,1.283200,0.014068,0.000000,synthetic_chat_design_preset
16.05,1.301481,1.284000,0.017481,0.000000,synthetic_chat_design_preset
16.06,1.305624,1.284800,0.020824,0.000000,synthetic_chat_design_preset
16.07,1.309686,1.285600,0.024086,0.000000,synthetic_chat_design_preset
16.08,1.313652,1.286400,0.027252,0.000000,synthetic_chat_design_preset
16.09,1.317511,1.287200,0.030311,0.000000,synthetic_chat_design_preset
16.10,1.321250,1.288000,0.033250,0.000000,synthetic_chat_design_preset
16.11,1.324858,1.288800,0.036058,0.000000,synthetic_chat_design_preset
16.12,1.328324,1.289600,0.038724,0.000000,synthetic_chat_design_preset
16.13,1.331637,1.290400,0.041237,0.000000,synthetic_chat_design_preset
16.14,1.334787,1.291200,0.043587,0.000000,synthetic_chat_design_preset
16.15,1.337765,1.292000,0.045765,0.000000,synthetic_chat_design_preset
16.16,1.340562,1.292800,0.047762,0.000000,synthetic_chat_design_preset
16.17,1.343171,1.293600,0.049571,0.000000,synthetic_chat_design_preset
16.18,1.345585,1.294400,0.051185,0.000000,synthetic_chat_design_preset
16.19,1.347796,1.295200,0.052596,0.000000,synthetic_chat_design_preset
16.20,1.349800,1.296000,0.053800,0.000000,synthetic_chat_design_preset
16.21,1.351591,1.296800,0.054791,0.000000,synthetic_chat_design_preset
16.22,1.353167,1.297600,0.055567,0.000000,synthetic_chat_design_preset
16.23,1.354522,1.298400,0.056122,0.000000,synthetic_chat_design_preset
16.24,1.355657,1.299200,0.056457,0.000000,synthetic_chat_design_preset
16.25,1.356569,1.300000,0.056569,0.000000,synthetic_chat_design_preset
16.26,1.357257,1.300800,0.056457,0.000000,synthetic_chat_design_preset
16.27,1.357722,1.301600,0.056122,0.000000,synthetic_chat_design_preset
16.28,1.357967,1.302400,0.055567,0.000000,synthetic_chat_design_preset
16.29,1.357991,1.303200,0.054791,0.000000,synthetic_chat_design_preset
16.30,1.357800,1.304000,0.053800,0.000000,synthetic_chat_design_preset
16.31,1.357396,1.304800,0.052596,0.000000,synthetic_chat_design_preset
16.32,1.356785,1.305600,0.051185,0.000000,synthetic_chat_design_preset
16.33,1.355971,1.306400,0.049571,0.000000,synthetic_chat_design_preset
16.34,1.354962,1.307200,0.047762,0.000000,synthetic_chat_design_preset
16.35,1.353765,1.308000,0.045765,0.000000,synthetic_chat_design_preset
16.36,1.352387,1.308800,0.043587,0.000000,synthetic_chat_design_preset
16.37,1.350837,1.309600,0.041237,0.000000,synthetic_chat_design_preset
16.38,1.349124,1.310400,0.038724,0.000000,synthetic_chat_design_preset
16.39,1.347258,1.311200,0.036058,0.000000,synthetic_chat_design_preset
16.40,1.345250,1.312000,0.033250,0.000000,synthetic_chat_design_preset
16.41,1.343111,1.312800,0.030311,0.000000,synthetic_chat_design_preset
16.42,1.340852,1.313600,0.027252,0.000000,synthetic_chat_design_preset
16.43,1.338486,1.314400,0.024086,0.000000,synthetic_chat_design_preset
16.44,1.336024,1.315200,0.020824,0.000000,synthetic_chat_design_preset
16.45,1.333481,1.316000,0.017481,0.000000,synthetic_chat_design_preset
16.46,1.330868,1.316800,0.014068,0.000000,synthetic_chat_design_preset
16.47,1.328200,1.317600,0.010600,0.000000,synthetic_chat_design_preset
16.48,1.325490,1.318400,0.007090,0.000000,synthetic_chat_design_preset
16.49,1.322752,1.319200,0.003552,0.000000,synthetic_chat_design_preset
16.50,1.320000,1.320000,0.000000,0.000000,synthetic_chat_design_preset
16.51,1.317248,1.320800,-0.003552,0.000000,synthetic_chat_design_preset
16.52,1.314510,1.321600,-0.007090,0.000000,synthetic_chat_design_preset
16.53,1.311800,1.322400,-0.010600,0.000000,synthetic_chat_design_preset
16.54,1.309132,1.323200,-0.014068,0.000000,synthetic_chat_design_preset
16.55,1.306519,1.324000,-0.017481,0.000000,synthetic_chat_design_preset
16.56,1.303976,1.324800,-0.020824,0.000000,synthetic_chat_design_preset
16.57,1.301514,1.325600,-0.024086,0.000000,synthetic_chat_design_preset
16.58,1.299148,1.326400,-0.027252,0.000000,synthetic_chat_design_preset
16.59,1.296889,1.327200,-0.030311,0.000000,synthetic_chat_design_preset
16.60,1.294750,1.328000,-0.033250,0.000000,synthetic_chat_design_preset
16.61,1.292742,1.328800,-0.036058,0.000000,synthetic_chat_design_preset
16.62,1.290876,1.329600,-0.038724,0.000000,synthetic_chat_design_preset
16.63,1.289163,1.330400,-0.041237,0.000000,synthetic_chat_design_preset
16.64,1.287613,1.331200,-0.043587,0.000000,synthetic_chat_design_preset
16.65,1.286235,1.332000,-0.045765,0.000000,synthetic_chat_design_preset
16.66,1.285038,1.332800,-0.047762,0.000000,synthetic_chat_design_preset
16.67,1.284029,1.333600,-0.049571,0.000000,synthetic_chat_design_preset
16.68,1.283215,1.334400,-0.051185,0.000000,synthetic_chat_design_preset
16.69,1.282604,1.335200,-0.052596,0.000000,synthetic_chat_design_preset
16.70,1.282200,1.336000,-0.053800,0.000000,synthetic_chat_design_preset
16.71,1.282009,1.336800,-0.054791,0.000000,synthetic_chat_design_preset
16.72,1.282033,1.337600,-0.055567,0.000000,synthetic_chat_design_preset
16.73,1.282278,1.338400,-0.056122,0.000000,synthetic_chat_design_preset
16.74,1.282743,1.339200,-0.056457,0.000000,synthetic_chat_design_preset
16.75,1.283431,1.340000,-0.056569,0.000000,synthetic_chat_design_preset
16.76,1.284343,1.340800,-0.056457,0.000000,synthetic_chat_design_preset
16.77,1.285478,1.341600,-0.056122,0.000000,synthetic_chat_design_preset
16.78,1.286833,1.342400,-0.055567,0.000000,synthetic_chat_design_preset
16.79,1.288409,1.343200,-0.054791,0.000000,synthetic_chat_design_preset
16.80,1.290200,1.344000,-0.053800,0.000000,synthetic_chat_design_preset
16.81,1.292204,1.344800,-0.052596,0.000000,synthetic_chat_design_preset
16.82,1.294415,1.345600,-0.051185,0.000000,synthetic_chat_design_preset
16.83,1.296829,1.346400,-0.049571,0.000000,synthetic_chat_design_preset
16.84,1.299438,1.347200,-0.047762,0.000000,synthetic_chat_design_preset
16.85,1.302235,1.348000,-0.045765,0.000000,synthetic_chat_design_preset
16.86,1.305213,1.348800,-0.043587,0.000000,synthetic_chat_design_preset
16.87,1.308363,1.349600,-0.041237,0.000000,synthetic_chat_design_preset
16.88,1.311676,1.350400,-0.038724,0.000000,synthetic_chat_design_preset
16.89,1.315142,1.351200,-0.036058,0.000000,synthetic_chat_design_preset
16.90,1.318750,1.352000,-0.033250,0.000000,synthetic_chat_design_preset
16.91,1.322489,1.352800,-0.030311,0.000000,synthetic_chat_design_preset
16.92,1.326348,1.353600,-0.027252,0.000000,synthetic_chat_design_preset
16.93,1.330314,1.354400,-0.024086,0.000000,synthetic_chat_design_preset
16.94,1.334376,1.355200,-0.020824,0.000000,synthetic_chat_design_preset
16.95,1.338519,1.356000,-0.017481,0.000000,synthetic_chat_design_preset
16.96,1.342732,1.356800,-0.014068,0.000000,synthetic_chat_design_preset
16.97,1.347000,1.357600,-0.010600,0.000000,synthetic_chat_design_preset
16.98,1.351310,1.358400,-0.007090,0.000000,synthetic_chat_design_preset
16.99,1.355681,1.359200,-0.003552,0.000033,synthetic_chat_design_preset
17.00,1.360045,1.360000,0.000000,0.000045,synthetic_chat_design_preset
17.01,1.364413,1.360800,0.003552,0.000061,synthetic_chat_design_preset
17.02,1.368773,1.361600,0.007090,0.000083,synthetic_chat_design_preset
17.03,1.373111,1.362400,0.010600,0.000111,synthetic_chat_design_preset
17.04,1.377416,1.363200,0.014068,0.000148,synthetic_chat_design_preset
17.05,1.381676,1.364000,0.017481,0.000195,synthetic_chat_design_preset
17.06,1.385881,1.364800,0.020824,0.000257,synthetic_chat_design_preset
17.07,1.390022,1.365600,0.024086,0.000336,synthetic_chat_design_preset
17.08,1.394089,1.366400,0.027252,0.000436,synthetic_chat_design_preset
17.09,1.398075,1.367200,0.030311,0.000564,synthetic_chat_design_preset
17.10,1.401973,1.368000,0.033250,0.000723,synthetic_chat_design_preset
17.11,1.405781,1.368800,0.036058,0.000923,synthetic_chat_design_preset
17.12,1.409493,1.369600,0.038724,0.001170,synthetic_chat_design_preset
17.13,1.413110,1.370400,0.041237,0.001474,synthetic_chat_design_preset
17.14,1.416632,1.371200,0.043587,0.001845,synthetic_chat_design_preset
17.15,1.420061,1.372000,0.045765,0.002296,synthetic_chat_design_preset
17.16,1.423403,1.372800,0.047762,0.002840,synthetic_chat_design_preset
17.17,1.426663,1.373600,0.049571,0.003492,synthetic_chat_design_preset
17.18,1.429850,1.374400,0.051185,0.004266,synthetic_chat_design_preset
17.19,1.432975,1.375200,0.052596,0.005179,synthetic_chat_design_preset
17.20,1.436050,1.376000,0.053800,0.006250,synthetic_chat_design_preset
17.21,1.439087,1.376800,0.054791,0.007496,synthetic_chat_design_preset
17.22,1.442101,1.377600,0.055567,0.008935,synthetic_chat_design_preset
17.23,1.445107,1.378400,0.056122,0.010584,synthetic_chat_design_preset
17.24,1.448118,1.379200,0.056457,0.012462,synthetic_chat_design_preset
17.25,1.451150,1.380000,0.056569,0.014582,synthetic_chat_design_preset
17.26,1.454214,1.380800,0.056457,0.016958,synthetic_chat_design_preset
17.27,1.457322,1.381600,0.056122,0.019600,synthetic_chat_design_preset
17.28,1.460480,1.382400,0.055567,0.022514,synthetic_chat_design_preset
17.29,1.463694,1.383200,0.054791,0.025703,synthetic_chat_design_preset
17.30,1.466963,1.384000,0.053800,0.029163,synthetic_chat_design_preset
17.31,1.470282,1.384800,0.052596,0.032886,synthetic_chat_design_preset
17.32,1.473641,1.385600,0.051185,0.036857,synthetic_chat_design_preset
17.33,1.477024,1.386400,0.049571,0.041053,synthetic_chat_design_preset
17.34,1.480408,1.387200,0.047762,0.045446,synthetic_chat_design_preset
17.35,1.483765,1.388000,0.045765,0.050000,synthetic_chat_design_preset
17.36,1.487059,1.388800,0.043587,0.054673,synthetic_chat_design_preset
17.37,1.490251,1.389600,0.041237,0.059415,synthetic_chat_design_preset
17.38,1.493295,1.390400,0.038724,0.064171,synthetic_chat_design_preset
17.39,1.496141,1.391200,0.036058,0.068883,synthetic_chat_design_preset
17.40,1.498737,1.392000,0.033250,0.073487,synthetic_chat_design_preset
17.41,1.501027,1.392800,0.030311,0.077916,synthetic_chat_design_preset
17.42,1.502958,1.393600,0.027252,0.082106,synthetic_chat_design_preset
17.43,1.504475,1.394400,0.024086,0.085989,synthetic_chat_design_preset
17.44,1.505527,1.395200,0.020824,0.089503,synthetic_chat_design_preset
17.45,1.506068,1.396000,0.017481,0.092587,synthetic_chat_design_preset
17.46,1.506058,1.396800,0.014068,0.095190,synthetic_chat_design_preset
17.47,1.505465,1.397600,0.010600,0.097265,synthetic_chat_design_preset
17.48,1.504265,1.398400,0.007090,0.098775,synthetic_chat_design_preset
17.49,1.502444,1.399200,0.003552,0.099692,synthetic_chat_design_preset
17.50,1.500000,1.400000,0.000000,0.100000,synthetic_chat_design_preset
17.51,1.496940,1.400800,-0.003552,0.099692,synthetic_chat_design_preset
17.52,1.493285,1.401600,-0.007090,0.098775,synthetic_chat_design_preset
17.53,1.489066,1.402400,-0.010600,0.097265,synthetic_chat_design_preset
17.54,1.484322,1.403200,-0.014068,0.095190,synthetic_chat_design_preset
17.55,1.479107,1.404000,-0.017481,0.092587,synthetic_chat_design_preset
17.56,1.473478,1.404800,-0.020824,0.089503,synthetic_chat_design_preset
17.57,1.467503,1.405600,-0.024086,0.085989,synthetic_chat_design_preset
17.58,1.461254,1.406400,-0.027252,0.082106,synthetic_chat_design_preset
17.59,1.454806,1.407200,-0.030311,0.077916,synthetic_chat_design_preset
17.60,1.448237,1.408000,-0.033250,0.073487,synthetic_chat_design_preset
17.61,1.441625,1.408800,-0.036058,0.068883,synthetic_chat_design_preset
17.62,1.435047,1.409600,-0.038724,0.064171,synthetic_chat_design_preset
17.63,1.428578,1.410400,-0.041237,0.059415,synthetic_chat_design_preset
17.64,1.422286,1.411200,-0.043587,0.054673,synthetic_chat_design_preset
17.65,1.416235,1.412000,-0.045765,0.050000,synthetic_chat_design_preset
17.66,1.410484,1.412800,-0.047762,0.045446,synthetic_chat_design_preset
17.67,1.405081,1.413600,-0.049571,0.041053,synthetic_chat_design_preset
17.68,1.400072,1.414400,-0.051185,0.036857,synthetic_chat_design_preset
17.69,1.395490,1.415200,-0.052596,0.032886,synthetic_chat_design_preset
17.70,1.391363,1.416000,-0.053800,0.029163,synthetic_chat_design_preset
17.71,1.387712,1.416800,-0.054791,0.025703,synthetic_chat_design_preset
17.72,1.384547,1.417600,-0.055567,0.022514,synthetic_chat_design_preset
17.73,1.381877,1.418400,-0.056122,0.019600,synthetic_chat_design_preset
17.74,1.379701,1.419200,-0.056457,0.016958,synthetic_chat_design_preset
17.75,1.378013,1.420000,-0.056569,0.014582,synthetic_chat_design_preset
17.76,1.376805,1.420800,-0.056457,0.012462,synthetic_chat_design_preset
17.77,1.376062,1.421600,-0.056122,0.010584,synthetic_chat_design_preset
17.78,1.375768,1.422400,-0.055567,0.008935,synthetic_chat_design_preset
17.79,1.375904,1.423200,-0.054791,0.007496,synthetic_chat_design_preset
17.80,1.376450,1.424000,-0.053800,0.006250,synthetic_chat_design_preset
17.81,1.377383,1.424800,-0.052596,0.005179,synthetic_chat_design_preset
17.82,1.378681,1.425600,-0.051185,0.004266,synthetic_chat_design_preset
17.83,1.380320,1.426400,-0.049571,0.003492,synthetic_chat_design_preset
17.84,1.382278,1.427200,-0.047762,0.002840,synthetic_chat_design_preset
17.85,1.384532,1.428000,-0.045765,0.002296,synthetic_chat_design_preset
17.86,1.387058,1.428800,-0.043587,0.001845,synthetic_chat_design_preset
17.87,1.389837,1.429600,-0.041237,0.001474,synthetic_chat_design_preset
17.88,1.392846,1.430400,-0.038724,0.001170,synthetic_chat_design_preset
17.89,1.396065,1.431200,-0.036058,0.000923,synthetic_chat_design_preset
17.90,1.399473,1.432000,-0.033250,0.000723,synthetic_chat_design_preset
17.91,1.403053,1.432800,-0.030311,0.000564,synthetic_chat_design_preset
17.92,1.406784,1.433600,-0.027252,0.000436,synthetic_chat_design_preset
17.93,1.410650,1.434400,-0.024086,0.000336,synthetic_chat_design_preset
17.94,1.414633,1.435200,-0.020824,0.000257,synthetic_chat_design_preset
17.95,1.418715,1.436000,-0.017481,0.000195,synthetic_chat_design_preset
17.96,1.422880,1.436800,-0.014068,0.000148,synthetic_chat_design_preset
17.97,1.427111,1.437600,-0.010600,0.000111,synthetic_chat_design_preset
17.98,1.431393,1.438400,-0.007090,0.000083,synthetic_chat_design_preset
17.99,1.435709,1.439200,-0.003552,0.000061,synthetic_chat_design_preset
18.00,1.440045,1.440000,-0.000000,0.000045,synthetic_chat_design_preset
18.01,1.444352,1.440800,0.003552,0.000000,synthetic_chat_design_preset
18.02,1.448690,1.441600,0.007090,0.000000,synthetic_chat_design_preset
18.03,1.453000,1.442400,0.010600,0.000000,synthetic_chat_design_preset
18.04,1.457268,1.443200,0.014068,0.000000,synthetic_chat_design_preset
18.05,1.461481,1.444000,0.017481,0.000000,synthetic_chat_design_preset
18.06,1.465624,1.444800,0.020824,0.000000,synthetic_chat_design_preset
18.07,1.469686,1.445600,0.024086,0.000000,synthetic_chat_design_preset
18.08,1.473652,1.446400,0.027252,0.000000,synthetic_chat_design_preset
18.09,1.477511,1.447200,0.030311,0.000000,synthetic_chat_design_preset
18.10,1.481250,1.448000,0.033250,0.000000,synthetic_chat_design_preset
18.11,1.484858,1.448800,0.036058,0.000000,synthetic_chat_design_preset
18.12,1.488324,1.449600,0.038724,0.000000,synthetic_chat_design_preset
18.13,1.491637,1.450400,0.041237,0.000000,synthetic_chat_design_preset
18.14,1.494787,1.451200,0.043587,0.000000,synthetic_chat_design_preset
18.15,1.497765,1.452000,0.045765,0.000000,synthetic_chat_design_preset
18.16,1.500562,1.452800,0.047762,0.000000,synthetic_chat_design_preset
18.17,1.503171,1.453600,0.049571,0.000000,synthetic_chat_design_preset
18.18,1.505585,1.454400,0.051185,0.000000,synthetic_chat_design_preset
18.19,1.507796,1.455200,0.052596,0.000000,synthetic_chat_design_preset
18.20,1.509800,1.456000,0.053800,0.000000,synthetic_chat_design_preset
18.21,1.511591,1.456800,0.054791,0.000000,synthetic_chat_design_preset
18.22,1.513167,1.457600,0.055567,0.000000,synthetic_chat_design_preset
18.23,1.514522,1.458400,0.056122,0.000000,synthetic_chat_design_preset
18.24,1.515657,1.459200,0.056457,0.000000,synthetic_chat_design_preset
18.25,1.516569,1.460000,0.056569,0.000000,synthetic_chat_design_preset
18.26,1.517257,1.460800,0.056457,0.000000,synthetic_chat_design_preset
18.27,1.517722,1.461600,0.056122,0.000000,synthetic_chat_design_preset
18.28,1.517967,1.462400,0.055567,0.000000,synthetic_chat_design_preset
18.29,1.517991,1.463200,0.054791,0.000000,synthetic_chat_design_preset
18.30,1.517800,1.464000,0.053800,0.000000,synthetic_chat_design_preset
18.31,1.517396,1.464800,0.052596,0.000000,synthetic_chat_design_preset
18.32,1.516785,1.465600,0.051185,0.000000,synthetic_chat_design_preset
18.33,1.515971,1.466400,0.049571,0.000000,synthetic_chat_design_preset
18.34,1.514962,1.467200,0.047762,0.000000,synthetic_chat_design_preset
18.35,1.513765,1.468000,0.045765,0.000000,synthetic_chat_design_preset
18.36,1.512387,1.468800,0.043587,0.000000,synthetic_chat_design_preset
18.37,1.510837,1.469600,0.041237,0.000000,synthetic_chat_design_preset
18.38,1.509124,1.470400,0.038724,0.000000,synthetic_chat_design_preset
18.39,1.507258,1.471200,0.036058,0.000000,synthetic_chat_design_preset
18.40,1.505250,1.472000,0.033250,0.000000,synthetic_chat_design_preset
18.41,1.503111,1.472800,0.030311,0.000000,synthetic_chat_design_preset
18.42,1.500852,1.473600,0.027252,0.000000,synthetic_chat_design_preset
18.43,1.498486,1.474400,0.024086,0.000000,synthetic_chat_design_preset
18.44,1.496024,1.475200,0.020824,0.000000,synthetic_chat_design_preset
18.45,1.493481,1.476000,0.017481,0.000000,synthetic_chat_design_preset
18.46,1.490868,1.476800,0.014068,0.000000,synthetic_chat_design_preset
18.47,1.488200,1.477600,0.010600,0.000000,synthetic_chat_design_preset
18.48,1.485490,1.478400,0.007090,0.000000,synthetic_chat_design_preset
18.49,1.482752,1.479200,0.003552,0.000000,synthetic_chat_design_preset
18.50,1.480000,1.480000,0.000000,0.000000,synthetic_chat_design_preset
18.51,1.477248,1.480800,-0.003552,0.000000,synthetic_chat_design_preset
18.52,1.474510,1.481600,-0.007090,0.000000,synthetic_chat_design_preset
18.53,1.471800,1.482400,-0.010600,0.000000,synthetic_chat_design_preset
18.54,1.469132,1.483200,-0.014068,0.000000,synthetic_chat_design_preset
18.55,1.466519,1.484000,-0.017481,0.000000,synthetic_chat_design_preset
18.56,1.463976,1.484800,-0.020824,0.000000,synthetic_chat_design_preset
18.57,1.461514,1.485600,-0.024086,0.000000,synthetic_chat_design_preset
18.58,1.459148,1.486400,-0.027252,0.000000,synthetic_chat_design_preset
18.59,1.456889,1.487200,-0.030311,0.000000,synthetic_chat_design_preset
18.60,1.454750,1.488000,-0.033250,0.000000,synthetic_chat_design_preset
18.61,1.452742,1.488800,-0.036058,0.000000,synthetic_chat_design_preset
18.62,1.450876,1.489600,-0.038724,0.000000,synthetic_chat_design_preset
18.63,1.449163,1.490400,-0.041237,0.000000,synthetic_chat_design_preset
18.64,1.447613,1.491200,-0.043587,0.000000,synthetic_chat_design_preset
18.65,1.446235,1.492000,-0.045765,0.000000,synthetic_chat_design_preset
18.66,1.445038,1.492800,-0.047762,0.000000,synthetic_chat_design_preset
18.67,1.444029,1.493600,-0.049571,0.000000,synthetic_chat_design_preset
18.68,1.443215,1.494400,-0.051185,0.000000,synthetic_chat_design_preset
18.69,1.442604,1.495200,-0.052596,0.000000,synthetic_chat_design_preset
18.70,1.442200,1.496000,-0.053800,0.000000,synthetic_chat_design_preset
18.71,1.442009,1.496800,-0.054791,0.000000,synthetic_chat_design_preset
18.72,1.442033,1.497600,-0.055567,0.000000,synthetic_chat_design_preset
18.73,1.442278,1.498400,-0.056122,0.000000,synthetic_chat_design_preset
18.74,1.442743,1.499200,-0.056457,0.000000,synthetic_chat_design_preset
18.75,1.443431,1.500000,-0.056569,0.000000,synthetic_chat_design_preset
18.76,1.444343,1.500800,-0.056457,0.000000,synthetic_chat_design_preset
18.77,1.445478,1.501600,-0.056122,0.000000,synthetic_chat_design_preset
18.78,1.446833,1.502400,-0.055567,0.000000,synthetic_chat_design_preset
18.79,1.448409,1.503200,-0.054791,0.000000,synthetic_chat_design_preset
18.80,1.450200,1.504000,-0.053800,0.000000,synthetic_chat_design_preset
18.81,1.452204,1.504800,-0.052596,0.000000,synthetic_chat_design_preset
18.82,1.454415,1.505600,-0.051185,0.000000,synthetic_chat_design_preset
18.83,1.456829,1.506400,-0.049571,0.000000,synthetic_chat_design_preset
18.84,1.459438,1.507200,-0.047762,0.000000,synthetic_chat_design_preset
18.85,1.462235,1.508000,-0.045765,0.000000,synthetic_chat_design_preset
18.86,1.465213,1.508800,-0.043587,0.000000,synthetic_chat_design_preset
18.87,1.468363,1.509600,-0.041237,0.000000,synthetic_chat_design_preset
18.88,1.471676,1.510400,-0.038724,0.000000,synthetic_chat_design_preset
18.89,1.475142,1.511200,-0.036058,0.000000,synthetic_chat_design_preset
18.90,1.478750,1.512000,-0.033250,0.000000,synthetic_chat_design_preset
18.91,1.482489,1.512800,-0.030311,0.000000,synthetic_chat_design_preset
18.92,1.486348,1.513600,-0.027252,0.000000,synthetic_chat_design_preset
18.93,1.490314,1.514400,-0.024086,0.000000,synthetic_chat_design_preset
18.94,1.494376,1.515200,-0.020824,0.000000,synthetic_chat_design_preset
18.95,1.498519,1.516000,-0.017481,0.000000,synthetic_chat_design_preset
18.96,1.502732,1.516800,-0.014068,0.000000,synthetic_chat_design_preset
18.97,1.507000,1.517600,-0.010600,0.000000,synthetic_chat_design_preset
18.98,1.511310,1.518400,-0.007090,0.000000,synthetic_chat_design_preset
18.99,1.515648,1.519200,-0.003552,0.000000,synthetic_chat_design_preset
19.00,1.520000,1.520000,-0.000000,0.000000,synthetic_chat_design_preset
19.01,1.524352,1.520800,0.003552,0.000000,synthetic_chat_design_preset
19.02,1.528690,1.521600,0.007090,0.000000,synthetic_chat_design_preset
19.03,1.533000,1.522400,0.010600,0.000000,synthetic_chat_design_preset
19.04,1.537268,1.523200,0.014068,0.000000,synthetic_chat_design_preset
19.05,1.541481,1.524000,0.017481,0.000000,synthetic_chat_design_preset
19.06,1.545624,1.524800,0.020824,0.000000,synthetic_chat_design_preset
19.07,1.549686,1.525600,0.024086,0.000000,synthetic_chat_design_preset
19.08,1.553652,1.526400,0.027252,0.000000,synthetic_chat_design_preset
19.09,1.557511,1.527200,0.030311,0.000000,synthetic_chat_design_preset
19.10,1.561250,1.528000,0.033250,0.000000,synthetic_chat_design_preset
19.11,1.564858,1.528800,0.036058,0.000000,synthetic_chat_design_preset
19.12,1.568324,1.529600,0.038724,0.000000,synthetic_chat_design_preset
19.13,1.571637,1.530400,0.041237,0.000000,synthetic_chat_design_preset
19.14,1.574787,1.531200,0.043587,0.000000,synthetic_chat_design_preset
19.15,1.577765,1.532000,0.045765,0.000000,synthetic_chat_design_preset
19.16,1.580562,1.532800,0.047762,0.000000,synthetic_chat_design_preset
19.17,1.583171,1.533600,0.049571,0.000000,synthetic_chat_design_preset
19.18,1.585585,1.534400,0.051185,0.000000,synthetic_chat_design_preset
19.19,1.587796,1.535200,0.052596,0.000000,synthetic_chat_design_preset
19.20,1.589800,1.536000,0.053800,0.000000,synthetic_chat_design_preset
19.21,1.591591,1.536800,0.054791,0.000000,synthetic_chat_design_preset
19.22,1.593167,1.537600,0.055567,0.000000,synthetic_chat_design_preset
19.23,1.594522,1.538400,0.056122,0.000000,synthetic_chat_design_preset
19.24,1.595657,1.539200,0.056457,0.000000,synthetic_chat_design_preset
19.25,1.596569,1.540000,0.056569,0.000000,synthetic_chat_design_preset
19.26,1.597257,1.540800,0.056457,0.000000,synthetic_chat_design_preset
19.27,1.597722,1.541600,0.056122,0.000000,synthetic_chat_design_preset
19.28,1.597967,1.542400,0.055567,0.000000,synthetic_chat_design_preset
19.29,1.597991,1.543200,0.054791,0.000000,synthetic_chat_design_preset
19.30,1.597800,1.544000,0.053800,0.000000,synthetic_chat_design_preset
19.31,1.597396,1.544800,0.052596,0.000000,synthetic_chat_design_preset
19.32,1.596785,1.545600,0.051185,0.000000,synthetic_chat_design_preset
19.33,1.595971,1.546400,0.049571,0.000000,synthetic_chat_design_preset
19.34,1.594962,1.547200,0.047762,0.000000,synthetic_chat_design_preset
19.35,1.593765,1.548000,0.045765,0.000000,synthetic_chat_design_preset
19.36,1.592387,1.548800,0.043587,0.000000,synthetic_chat_design_preset
19.37,1.590837,1.549600,0.041237,0.000000,synthetic_chat_design_preset
19.38,1.589124,1.550400,0.038724,0.000000,synthetic_chat_design_preset
19.39,1.587258,1.551200,0.036058,0.000000,synthetic_chat_design_preset
19.40,1.585250,1.552000,0.033250,0.000000,synthetic_chat_design_preset
19.41,1.583111,1.552800,0.030311,0.000000,synthetic_chat_design_preset
19.42,1.580852,1.553600,0.027252,0.000000,synthetic_chat_design_preset
19.43,1.578486,1.554400,0.024086,0.000000,synthetic_chat_design_preset
19.44,1.576024,1.555200,0.020824,0.000000,synthetic_chat_design_preset
19.45,1.573481,1.556000,0.017481,0.000000,synthetic_chat_design_preset
19.46,1.570868,1.556800,0.014068,0.000000,synthetic_chat_design_preset
19.47,1.568200,1.557600,0.010600,0.000000,synthetic_chat_design_preset
19.48,1.565490,1.558400,0.007090,0.000000,synthetic_chat_design_preset
19.49,1.562752,1.559200,0.003552,0.000000,synthetic_chat_design_preset
19.50,1.560000,1.560000,0.000000,0.000000,synthetic_chat_design_preset
19.51,1.557248,1.560800,-0.003552,0.000000,synthetic_chat_design_preset
19.52,1.554510,1.561600,-0.007090,0.000000,synthetic_chat_design_preset
19.53,1.551800,1.562400,-0.010600,0.000000,synthetic_chat_design_preset
19.54,1.549132,1.563200,-0.014068,0.000000,synthetic_chat_design_preset
19.55,1.546519,1.564000,-0.017481,0.000000,synthetic_chat_design_preset
19.56,1.543976,1.564800,-0.020824,0.000000,synthetic_chat_design_preset
19.57,1.541514,1.565600,-0.024086,0.000000,synthetic_chat_design_preset
19.58,1.539148,1.566400,-0.027252,0.000000,synthetic_chat_design_preset
19.59,1.536889,1.567200,-0.030311,0.000000,synthetic_chat_design_preset
19.60,1.534750,1.568000,-0.033250,0.000000,synthetic_chat_design_preset
19.61,1.532742,1.568800,-0.036058,0.000000,synthetic_chat_design_preset
19.62,1.530876,1.569600,-0.038724,0.000000,synthetic_chat_design_preset
19.63,1.529163,1.570400,-0.041237,0.000000,synthetic_chat_design_preset
19.64,1.527613,1.571200,-0.043587,0.000000,synthetic_chat_design_preset
19.65,1.526235,1.572000,-0.045765,0.000000,synthetic_chat_design_preset
19.66,1.525038,1.572800,-0.047762,0.000000,synthetic_chat_design_preset
19.67,1.524029,1.573600,-0.049571,0.000000,synthetic_chat_design_preset
19.68,1.523215,1.574400,-0.051185,0.000000,synthetic_chat_design_preset
19.69,1.522604,1.575200,-0.052596,0.000000,synthetic_chat_design_preset
19.70,1.522200,1.576000,-0.053800,0.000000,synthetic_chat_design_preset
19.71,1.522009,1.576800,-0.054791,0.000000,synthetic_chat_design_preset
19.72,1.522033,1.577600,-0.055567,0.000000,synthetic_chat_design_preset
19.73,1.522278,1.578400,-0.056122,0.000000,synthetic_chat_design_preset
19.74,1.522743,1.579200,-0.056457,0.000000,synthetic_chat_design_preset
19.75,1.523431,1.580000,-0.056569,0.000000,synthetic_chat_design_preset
19.76,1.524343,1.580800,-0.056457,0.000000,synthetic_chat_design_preset
19.77,1.525478,1.581600,-0.056122,0.000000,synthetic_chat_design_preset
19.78,1.526833,1.582400,-0.055567,0.000000,synthetic_chat_design_preset
19.79,1.528409,1.583200,-0.054791,0.000000,synthetic_chat_design_preset
19.80,1.530200,1.584000,-0.053800,0.000000,synthetic_chat_design_preset
19.81,1.532204,1.584800,-0.052596,0.000000,synthetic_chat_design_preset
19.82,1.534415,1.585600,-0.051185,0.000000,synthetic_chat_design_preset
19.83,1.536829,1.586400,-0.049571,0.000000,synthetic_chat_design_preset
19.84,1.539438,1.587200,-0.047762,0.000000,synthetic_chat_design_preset
19.85,1.542235,1.588000,-0.045765,0.000000,synthetic_chat_design_preset
19.86,1.545213,1.588800,-0.043587,0.000000,synthetic_chat_design_preset
19.87,1.548363,1.589600,-0.041237,0.000000,synthetic_chat_design_preset
19.88,1.551676,1.590400,-0.038724,0.000000,synthetic_chat_design_preset
19.89,1.555142,1.591200,-0.036058,0.000000,synthetic_chat_design_preset
19.90,1.558750,1.592000,-0.033250,0.000000,synthetic_chat_design_preset
19.91,1.562489,1.592800,-0.030311,0.000000,synthetic_chat_design_preset
19.92,1.566348,1.593600,-0.027252,0.000000,synthetic_chat_design_preset
19.93,1.570314,1.594400,-0.024086,0.000000,synthetic_chat_design_preset
19.94,1.574376,1.595200,-0.020824,0.000000,synthetic_chat_design_preset
19.95,1.578519,1.596000,-0.017481,0.000000,synthetic_chat_design_preset
19.96,1.582732,1.596800,-0.014068,0.000000,synthetic_chat_design_preset
19.97,1.587000,1.597600,-0.010600,0.000000,synthetic_chat_design_preset
19.98,1.591310,1.598400,-0.007090,0.000000,synthetic_chat_design_preset
19.99,1.595648,1.599200,-0.003552,0.000000,synthetic_chat_design_preset
20.00,1.600000,1.600000,-0.000000,0.000000,synthetic_chat_design_preset
20.01,1.604352,1.600800,0.003552,0.000000,synthetic_chat_design_preset
20.02,1.608690,1.601600,0.007090,0.000000,synthetic_chat_design_preset
20.03,1.613000,1.602400,0.010600,0.000000,synthetic_chat_design_preset
20.04,1.617268,1.603200,0.014068,0.000000,synthetic_chat_design_preset
20.05,1.621481,1.604000,0.017481,0.000000,synthetic_chat_design_preset
20.06,1.625624,1.604800,0.020824,0.000000,synthetic_chat_design_preset
20.07,1.629686,1.605600,0.024086,0.000000,synthetic_chat_design_preset
20.08,1.633652,1.606400,0.027252,0.000000,synthetic_chat_design_preset
20.09,1.637511,1.607200,0.030311,0.000000,synthetic_chat_design_preset
20.10,1.641250,1.608000,0.033250,0.000000,synthetic_chat_design_preset
20.11,1.644858,1.608800,0.036058,0.000000,synthetic_chat_design_preset
20.12,1.648324,1.609600,0.038724,0.000000,synthetic_chat_design_preset
20.13,1.651637,1.610400,0.041237,0.000000,synthetic_chat_design_preset
20.14,1.654787,1.611200,0.043587,0.000000,synthetic_chat_design_preset
20.15,1.657765,1.612000,0.045765,0.000000,synthetic_chat_design_preset
20.16,1.660562,1.612800,0.047762,0.000000,synthetic_chat_design_preset
20.17,1.663171,1.613600,0.049571,0.000000,synthetic_chat_design_preset
20.18,1.665585,1.614400,0.051185,0.000000,synthetic_chat_design_preset
20.19,1.667796,1.615200,0.052596,0.000000,synthetic_chat_design_preset
20.20,1.669800,1.616000,0.053800,0.000000,synthetic_chat_design_preset
20.21,1.671591,1.616800,0.054791,0.000000,synthetic_chat_design_preset
20.22,1.673167,1.617600,0.055567,0.000000,synthetic_chat_design_preset
20.23,1.674522,1.618400,0.056122,0.000000,synthetic_chat_design_preset
20.24,1.675657,1.619200,0.056457,0.000000,synthetic_chat_design_preset
20.25,1.676569,1.620000,0.056569,0.000000,synthetic_chat_design_preset
20.26,1.677257,1.620800,0.056457,0.000000,synthetic_chat_design_preset
20.27,1.677722,1.621600,0.056122,0.000000,synthetic_chat_design_preset
20.28,1.677967,1.622400,0.055567,0.000000,synthetic_chat_design_preset
20.29,1.677991,1.623200,0.054791,0.000000,synthetic_chat_design_preset
20.30,1.677800,1.624000,0.053800,0.000000,synthetic_chat_design_preset
20.31,1.677396,1.624800,0.052596,0.000000,synthetic_chat_design_preset
20.32,1.676785,1.625600,0.051185,0.000000,synthetic_chat_design_preset
20.33,1.675971,1.626400,0.049571,0.000000,synthetic_chat_design_preset
20.34,1.674962,1.627200,0.047762,0.000000,synthetic_chat_design_preset
20.35,1.673765,1.628000,0.045765,0.000000,synthetic_chat_design_preset
20.36,1.672387,1.628800,0.043587,0.000000,synthetic_chat_design_preset
20.37,1.670837,1.629600,0.041237,0.000000,synthetic_chat_design_preset
20.38,1.669124,1.630400,0.038724,0.000000,synthetic_chat_design_preset
20.39,1.667258,1.631200,0.036058,0.000000,synthetic_chat_design_preset
20.40,1.665250,1.632000,0.033250,0.000000,synthetic_chat_design_preset
20.41,1.663111,1.632800,0.030311,0.000000,synthetic_chat_design_preset
20.42,1.660852,1.633600,0.027252,0.000000,synthetic_chat_design_preset
20.43,1.658486,1.634400,0.024086,0.000000,synthetic_chat_design_preset
20.44,1.656024,1.635200,0.020824,0.000000,synthetic_chat_design_preset
20.45,1.653481,1.636000,0.017481,0.000000,synthetic_chat_design_preset
20.46,1.650868,1.636800,0.014068,0.000000,synthetic_chat_design_preset
20.47,1.648200,1.637600,0.010600,0.000000,synthetic_chat_design_preset
20.48,1.645490,1.638400,0.007090,0.000000,synthetic_chat_design_preset
20.49,1.642752,1.639200,0.003552,0.000000,synthetic_chat_design_preset
20.50,1.640000,1.640000,0.000000,0.000000,synthetic_chat_design_preset
20.51,1.637248,1.640800,-0.003552,0.000000,synthetic_chat_design_preset
20.52,1.634510,1.641600,-0.007090,0.000000,synthetic_chat_design_preset
20.53,1.631800,1.642400,-0.010600,0.000000,synthetic_chat_design_preset
20.54,1.629132,1.643200,-0.014068,0.000000,synthetic_chat_design_preset
20.55,1.626519,1.644000,-0.017481,0.000000,synthetic_chat_design_preset
20.56,1.623976,1.644800,-0.020824,0.000000,synthetic_chat_design_preset
20.57,1.621514,1.645600,-0.024086,0.000000,synthetic_chat_design_preset
20.58,1.619148,1.646400,-0.027252,0.000000,synthetic_chat_design_preset
20.59,1.616889,1.647200,-0.030311,0.000000,synthetic_chat_design_preset
20.60,1.614750,1.648000,-0.033250,0.000000,synthetic_chat_design_preset
20.61,1.612742,1.648800,-0.036058,0.000000,synthetic_chat_design_preset
20.62,1.610876,1.649600,-0.038724,0.000000,synthetic_chat_design_preset
20.63,1.609163,1.650400,-0.041237,0.000000,synthetic_chat_design_preset
20.64,1.607613,1.651200,-0.043587,0.000000,synthetic_chat_design_preset
20.65,1.606235,1.652000,-0.045765,0.000000,synthetic_chat_design_preset
20.66,1.605038,1.652800,-0.047762,0.000000,synthetic_chat_design_preset
20.67,1.604029,1.653600,-0.049571,0.000000,synthetic_chat_design_preset
20.68,1.603215,1.654400,-0.051185,0.000000,synthetic_chat_design_preset
20.69,1.602604,1.655200,-0.052596,0.000000,synthetic_chat_design_preset
20.70,1.602200,1.656000,-0.053800,0.000000,synthetic_chat_design_preset
20.71,1.602009,1.656800,-0.054791,0.000000,synthetic_chat_design_preset
20.72,1.602033,1.657600,-0.055567,0.000000,synthetic_chat_design_preset
20.73,1.602278,1.658400,-0.056122,0.000000,synthetic_chat_design_preset
20.74,1.602743,1.659200,-0.056457,0.000000,synthetic_chat_design_preset
20.75,1.603431,1.660000,-0.056569,0.000000,synthetic_chat_design_preset
20.76,1.604343,1.660800,-0.056457,0.000000,synthetic_chat_design_preset
20.77,1.605478,1.661600,-0.056122,0.000000,synthetic_chat_design_preset
20.78,1.606833,1.662400,-0.055567,0.000000,synthetic_chat_design_preset
20.79,1.608409,1.663200,-0.054791,0.000000,synthetic_chat_design_preset
20.80,1.610200,1.664000,-0.053800,0.000000,synthetic_chat_design_preset
20.81,1.612204,1.664800,-0.052596,0.000000,synthetic_chat_design_preset
20.82,1.614415,1.665600,-0.051185,0.000000,synthetic_chat_design_preset
20.83,1.616829,1.666400,-0.049571,0.000000,synthetic_chat_design_preset
20.84,1.619438,1.667200,-0.047762,0.000000,synthetic_chat_design_preset
20.85,1.622235,1.668000,-0.045765,0.000000,synthetic_chat_design_preset
20.86,1.625213,1.668800,-0.043587,0.000000,synthetic_chat_design_preset
20.87,1.628363,1.669600,-0.041237,0.000000,synthetic_chat_design_preset
20.88,1.631676,1.670400,-0.038724,0.000000,synthetic_chat_design_preset
20.89,1.635142,1.671200,-0.036058,0.000000,synthetic_chat_design_preset
20.90,1.638750,1.672000,-0.033250,0.000000,synthetic_chat_design_preset
20.91,1.642489,1.672800,-0.030311,0.000000,synthetic_chat_design_preset
20.92,1.646348,1.673600,-0.027252,0.000000,synthetic_chat_design_preset
20.93,1.650314,1.674400,-0.024086,0.000000,synthetic_chat_design_preset
20.94,1.654376,1.675200,-0.020824,0.000000,synthetic_chat_design_preset
20.95,1.658519,1.676000,-0.017481,0.000000,synthetic_chat_design_preset
20.96,1.662732,1.676800,-0.014068,0.000000,synthetic_chat_design_preset
20.97,1.667000,1.677600,-0.010600,0.000000,synthetic_chat_design_preset
20.98,1.671310,1.678400,-0.007090,0.000000,synthetic_chat_design_preset
20.99,1.675648,1.679200,-0.003552,0.000000,synthetic_chat_design_preset
21.00,1.680000,1.680000,0.000000,0.000000,synthetic_chat_design_preset
21.01,1.684352,1.680800,0.003552,0.000000,synthetic_chat_design_preset
21.02,1.688690,1.681600,0.007090,0.000000,synthetic_chat_design_preset
21.03,1.693000,1.682400,0.010600,0.000000,synthetic_chat_design_preset
21.04,1.697268,1.683200,0.014068,0.000000,synthetic_chat_design_preset
21.05,1.701481,1.684000,0.017481,0.000000,synthetic_chat_design_preset
21.06,1.705624,1.684800,0.020824,0.000000,synthetic_chat_design_preset
21.07,1.709686,1.685600,0.024086,0.000000,synthetic_chat_design_preset
21.08,1.713652,1.686400,0.027252,0.000000,synthetic_chat_design_preset
21.09,1.717511,1.687200,0.030311,0.000000,synthetic_chat_design_preset
21.10,1.721250,1.688000,0.033250,0.000000,synthetic_chat_design_preset
21.11,1.724858,1.688800,0.036058,0.000000,synthetic_chat_design_preset
21.12,1.728324,1.689600,0.038724,0.000000,synthetic_chat_design_preset
21.13,1.731637,1.690400,0.041237,0.000000,synthetic_chat_design_preset
21.14,1.734787,1.691200,0.043587,0.000000,synthetic_chat_design_preset
21.15,1.737765,1.692000,0.045765,0.000000,synthetic_chat_design_preset
21.16,1.740562,1.692800,0.047762,0.000000,synthetic_chat_design_preset
21.17,1.743171,1.693600,0.049571,0.000000,synthetic_chat_design_preset
21.18,1.745585,1.694400,0.051185,0.000000,synthetic_chat_design_preset
21.19,1.747796,1.695200,0.052596,0.000000,synthetic_chat_design_preset
21.20,1.749800,1.696000,0.053800,0.000000,synthetic_chat_design_preset
21.21,1.751591,1.696800,0.054791,0.000000,synthetic_chat_design_preset
21.22,1.753167,1.697600,0.055567,0.000000,synthetic_chat_design_preset
21.23,1.754522,1.698400,0.056122,0.000000,synthetic_chat_design_preset
21.24,1.755657,1.699200,0.056457,0.000000,synthetic_chat_design_preset
21.25,1.756569,1.700000,0.056569,0.000000,synthetic_chat_design_preset
21.26,1.757257,1.700800,0.056457,0.000000,synthetic_chat_design_preset
21.27,1.757722,1.701600,0.056122,0.000000,synthetic_chat_design_preset
21.28,1.757967,1.702400,0.055567,0.000000,synthetic_chat_design_preset
21.29,1.757991,1.703200,0.054791,0.000000,synthetic_chat_design_preset
21.30,1.757800,1.704000,0.053800,0.000000,synthetic_chat_design_preset
21.31,1.757396,1.704800,0.052596,0.000000,synthetic_chat_design_preset
21.32,1.756785,1.705600,0.051185,0.000000,synthetic_chat_design_preset
21.33,1.755971,1.706400,0.049571,0.000000,synthetic_chat_design_preset
21.34,1.754962,1.707200,0.047762,0.000000,synthetic_chat_design_preset
21.35,1.753765,1.708000,0.045765,0.000000,synthetic_chat_design_preset
21.36,1.752387,1.708800,0.043587,0.000000,synthetic_chat_design_preset
21.37,1.750837,1.709600,0.041237,0.000000,synthetic_chat_design_preset
21.38,1.749124,1.710400,0.038724,0.000000,synthetic_chat_design_preset
21.39,1.747258,1.711200,0.036058,0.000000,synthetic_chat_design_preset
21.40,1.745250,1.712000,0.033250,0.000000,synthetic_chat_design_preset
21.41,1.743111,1.712800,0.030311,0.000000,synthetic_chat_design_preset
21.42,1.740852,1.713600,0.027252,0.000000,synthetic_chat_design_preset
21.43,1.738486,1.714400,0.024086,0.000000,synthetic_chat_design_preset
21.44,1.736024,1.715200,0.020824,0.000000,synthetic_chat_design_preset
21.45,1.733481,1.716000,0.017481,0.000000,synthetic_chat_design_preset
21.46,1.730868,1.716800,0.014068,0.000000,synthetic_chat_design_preset
21.47,1.728200,1.717600,0.010600,0.000000,synthetic_chat_design_preset
21.48,1.725490,1.718400,0.007090,0.000000,synthetic_chat_design_preset
21.49,1.722752,1.719200,0.003552,0.000000,synthetic_chat_design_preset
21.50,1.720000,1.720000,0.000000,0.000000,synthetic_chat_design_preset
21.51,1.717248,1.720800,-0.003552,0.000000,synthetic_chat_design_preset
21.52,1.714510,1.721600,-0.007090,0.000000,synthetic_chat_design_preset
21.53,1.711800,1.722400,-0.010600,0.000000,synthetic_chat_design_preset
21.54,1.709132,1.723200,-0.014068,0.000000,synthetic_chat_design_preset
21.55,1.706519,1.724000,-0.017481,0.000000,synthetic_chat_design_preset
21.56,1.703976,1.724800,-0.020824,0.000000,synthetic_chat_design_preset
21.57,1.701514,1.725600,-0.024086,0.000000,synthetic_chat_design_preset
21.58,1.699148,1.726400,-0.027252,0.000000,synthetic_chat_design_preset
21.59,1.696889,1.727200,-0.030311,0.000000,synthetic_chat_design_preset
21.60,1.694750,1.728000,-0.033250,0.000000,synthetic_chat_design_preset
21.61,1.692742,1.728800,-0.036058,0.000000,synthetic_chat_design_preset
21.62,1.690876,1.729600,-0.038724,0.000000,synthetic_chat_design_preset
21.63,1.689163,1.730400,-0.041237,0.000000,synthetic_chat_design_preset
21.64,1.687613,1.731200,-0.043587,0.000000,synthetic_chat_design_preset
21.65,1.686235,1.732000,-0.045765,0.000000,synthetic_chat_design_preset
21.66,1.685038,1.732800,-0.047762,0.000000,synthetic_chat_design_preset
21.67,1.684029,1.733600,-0.049571,0.000000,synthetic_chat_design_preset
21.68,1.683215,1.734400,-0.051185,0.000000,synthetic_chat_design_preset
21.69,1.682604,1.735200,-0.052596,0.000000,synthetic_chat_design_preset
21.70,1.682200,1.736000,-0.053800,0.000000,synthetic_chat_design_preset
21.71,1.682009,1.736800,-0.054791,0.000000,synthetic_chat_design_preset
21.72,1.682033,1.737600,-0.055567,0.000000,synthetic_chat_design_preset
21.73,1.682278,1.738400,-0.056122,0.000000,synthetic_chat_design_preset
21.74,1.682743,1.739200,-0.056457,0.000000,synthetic_chat_design_preset
21.75,1.683431,1.740000,-0.056569,0.000000,synthetic_chat_design_preset
21.76,1.684343,1.740800,-0.056457,0.000000,synthetic_chat_design_preset
21.77,1.685478,1.741600,-0.056122,0.000000,synthetic_chat_design_preset
21.78,1.686833,1.742400,-0.055567,0.000000,synthetic_chat_design_preset
21.79,1.688409,1.743200,-0.054791,0.000000,synthetic_chat_design_preset
21.80,1.690200,1.744000,-0.053800,0.000000,synthetic_chat_design_preset
21.81,1.692204,1.744800,-0.052596,0.000000,synthetic_chat_design_preset
21.82,1.694415,1.745600,-0.051185,0.000000,synthetic_chat_design_preset
21.83,1.696829,1.746400,-0.049571,0.000000,synthetic_chat_design_preset
21.84,1.699438,1.747200,-0.047762,0.000000,synthetic_chat_design_preset
21.85,1.702235,1.748000,-0.045765,0.000000,synthetic_chat_design_preset
21.86,1.705213,1.748800,-0.043587,0.000000,synthetic_chat_design_preset
21.87,1.708363,1.749600,-0.041237,0.000000,synthetic_chat_design_preset
21.88,1.711676,1.750400,-0.038724,0.000000,synthetic_chat_design_preset
21.89,1.715142,1.751200,-0.036058,0.000000,synthetic_chat_design_preset
21.90,1.718750,1.752000,-0.033250,0.000000,synthetic_chat_design_preset
21.91,1.722489,1.752800,-0.030311,0.000000,synthetic_chat_design_preset
21.92,1.726348,1.753600,-0.027252,0.000000,synthetic_chat_design_preset
21.93,1.730314,1.754400,-0.024086,0.000000,synthetic_chat_design_preset
21.94,1.734376,1.755200,-0.020824,0.000000,synthetic_chat_design_preset
21.95,1.738519,1.756000,-0.017481,0.000000,synthetic_chat_design_preset
21.96,1.742732,1.756800,-0.014068,0.000000,synthetic_chat_design_preset
21.97,1.747000,1.757600,-0.010600,0.000000,synthetic_chat_design_preset
21.98,1.751310,1.758400,-0.007090,0.000000,synthetic_chat_design_preset
21.99,1.755681,1.759200,-0.003552,0.000033,synthetic_chat_design_preset
22.00,1.760045,1.760000,-0.000000,0.000045,synthetic_chat_design_preset
22.01,1.764413,1.760800,0.003552,0.000061,synthetic_chat_design_preset
22.02,1.768773,1.761600,0.007090,0.000083,synthetic_chat_design_preset
22.03,1.773111,1.762400,0.010600,0.000111,synthetic_chat_design_preset
22.04,1.777416,1.763200,0.014068,0.000148,synthetic_chat_design_preset
22.05,1.781676,1.764000,0.017481,0.000195,synthetic_chat_design_preset
22.06,1.785881,1.764800,0.020824,0.000257,synthetic_chat_design_preset
22.07,1.790022,1.765600,0.024086,0.000336,synthetic_chat_design_preset
22.08,1.794089,1.766400,0.027252,0.000436,synthetic_chat_design_preset
22.09,1.798075,1.767200,0.030311,0.000564,synthetic_chat_design_preset
22.10,1.801973,1.768000,0.033250,0.000723,synthetic_chat_design_preset
22.11,1.805781,1.768800,0.036058,0.000923,synthetic_chat_design_preset
22.12,1.809493,1.769600,0.038724,0.001170,synthetic_chat_design_preset
22.13,1.813110,1.770400,0.041237,0.001474,synthetic_chat_design_preset
22.14,1.816632,1.771200,0.043587,0.001845,synthetic_chat_design_preset
22.15,1.820061,1.772000,0.045765,0.002296,synthetic_chat_design_preset
22.16,1.823403,1.772800,0.047762,0.002840,synthetic_chat_design_preset
22.17,1.826663,1.773600,0.049571,0.003492,synthetic_chat_design_preset
22.18,1.829850,1.774400,0.051185,0.004266,synthetic_chat_design_preset
22.19,1.832975,1.775200,0.052596,0.005179,synthetic_chat_design_preset
22.20,1.836050,1.776000,0.053800,0.006250,synthetic_chat_design_preset
22.21,1.839087,1.776800,0.054791,0.007496,synthetic_chat_design_preset
22.22,1.842101,1.777600,0.055567,0.008935,synthetic_chat_design_preset
22.23,1.845107,1.778400,0.056122,0.010584,synthetic_chat_design_preset
22.24,1.848118,1.779200,0.056457,0.012462,synthetic_chat_design_preset
22.25,1.851150,1.780000,0.056569,0.014582,synthetic_chat_design_preset
22.26,1.854214,1.780800,0.056457,0.016958,synthetic_chat_design_preset
22.27,1.857322,1.781600,0.056122,0.019600,synthetic_chat_design_preset
22.28,1.860480,1.782400,0.055567,0.022514,synthetic_chat_design_preset
22.29,1.863694,1.783200,0.054791,0.025703,synthetic_chat_design_preset
22.30,1.866963,1.784000,0.053800,0.029163,synthetic_chat_design_preset
22.31,1.870282,1.784800,0.052596,0.032886,synthetic_chat_design_preset
22.32,1.873641,1.785600,0.051185,0.036857,synthetic_chat_design_preset
22.33,1.877024,1.786400,0.049571,0.041053,synthetic_chat_design_preset
22.34,1.880408,1.787200,0.047762,0.045446,synthetic_chat_design_preset
22.35,1.883765,1.788000,0.045765,0.050000,synthetic_chat_design_preset
22.36,1.887059,1.788800,0.043587,0.054673,synthetic_chat_design_preset
22.37,1.890251,1.789600,0.041237,0.059415,synthetic_chat_design_preset
22.38,1.893295,1.790400,0.038724,0.064171,synthetic_chat_design_preset
22.39,1.896141,1.791200,0.036058,0.068883,synthetic_chat_design_preset
22.40,1.898737,1.792000,0.033250,0.073487,synthetic_chat_design_preset
22.41,1.901027,1.792800,0.030311,0.077916,synthetic_chat_design_preset
22.42,1.902958,1.793600,0.027252,0.082106,synthetic_chat_design_preset
22.43,1.904475,1.794400,0.024086,0.085989,synthetic_chat_design_preset
22.44,1.905527,1.795200,0.020824,0.089503,synthetic_chat_design_preset
22.45,1.906068,1.796000,0.017481,0.092587,synthetic_chat_design_preset
22.46,1.906058,1.796800,0.014068,0.095190,synthetic_chat_design_preset
22.47,1.905465,1.797600,0.010600,0.097265,synthetic_chat_design_preset
22.48,1.904265,1.798400,0.007090,0.098775,synthetic_chat_design_preset
22.49,1.902444,1.799200,0.003552,0.099692,synthetic_chat_design_preset
22.50,1.900000,1.800000,0.000000,0.100000,synthetic_chat_design_preset
22.51,1.896940,1.800800,-0.003552,0.099692,synthetic_chat_design_preset
22.52,1.893285,1.801600,-0.007090,0.098775,synthetic_chat_design_preset
22.53,1.889066,1.802400,-0.010600,0.097265,synthetic_chat_design_preset
22.54,1.884322,1.803200,-0.014068,0.095190,synthetic_chat_design_preset
22.55,1.879107,1.804000,-0.017481,0.092587,synthetic_chat_design_preset
22.56,1.873478,1.804800,-0.020824,0.089503,synthetic_chat_design_preset
22.57,1.867503,1.805600,-0.024086,0.085989,synthetic_chat_design_preset
22.58,1.861254,1.806400,-0.027252,0.082106,synthetic_chat_design_preset
22.59,1.854806,1.807200,-0.030311,0.077916,synthetic_chat_design_preset
22.60,1.848237,1.808000,-0.033250,0.073487,synthetic_chat_design_preset
22.61,1.841625,1.808800,-0.036058,0.068883,synthetic_chat_design_preset
22.62,1.835047,1.809600,-0.038724,0.064171,synthetic_chat_design_preset
22.63,1.828578,1.810400,-0.041237,0.059415,synthetic_chat_design_preset
22.64,1.822286,1.811200,-0.043587,0.054673,synthetic_chat_design_preset
22.65,1.816235,1.812000,-0.045765,0.050000,synthetic_chat_design_preset
22.66,1.810484,1.812800,-0.047762,0.045446,synthetic_chat_design_preset
22.67,1.805081,1.813600,-0.049571,0.041053,synthetic_chat_design_preset
22.68,1.800072,1.814400,-0.051185,0.036857,synthetic_chat_design_preset
22.69,1.795490,1.815200,-0.052596,0.032886,synthetic_chat_design_preset
22.70,1.791363,1.816000,-0.053800,0.029163,synthetic_chat_design_preset
22.71,1.787712,1.816800,-0.054791,0.025703,synthetic_chat_design_preset
22.72,1.784547,1.817600,-0.055567,0.022514,synthetic_chat_design_preset
22.73,1.781877,1.818400,-0.056122,0.019600,synthetic_chat_design_preset
22.74,1.779701,1.819200,-0.056457,0.016958,synthetic_chat_design_preset
22.75,1.778013,1.820000,-0.056569,0.014582,synthetic_chat_design_preset
22.76,1.776805,1.820800,-0.056457,0.012462,synthetic_chat_design_preset
22.77,1.776062,1.821600,-0.056122,0.010584,synthetic_chat_design_preset
22.78,1.775768,1.822400,-0.055567,0.008935,synthetic_chat_design_preset
22.79,1.775904,1.823200,-0.054791,0.007496,synthetic_chat_design_preset
22.80,1.776450,1.824000,-0.053800,0.006250,synthetic_chat_design_preset
22.81,1.777383,1.824800,-0.052596,0.005179,synthetic_chat_design_preset
22.82,1.778681,1.825600,-0.051185,0.004266,synthetic_chat_design_preset
22.83,1.780320,1.826400,-0.049571,0.003492,synthetic_chat_design_preset
22.84,1.782278,1.827200,-0.047762,0.002840,synthetic_chat_design_preset
22.85,1.784532,1.828000,-0.045765,0.002296,synthetic_chat_design_preset
22.86,1.787058,1.828800,-0.043587,0.001845,synthetic_chat_design_preset
22.87,1.789837,1.829600,-0.041237,0.001474,synthetic_chat_design_preset
22.88,1.792846,1.830400,-0.038724,0.001170,synthetic_chat_design_preset
22.89,1.796065,1.831200,-0.036058,0.000923,synthetic_chat_design_preset
22.90,1.799473,1.832000,-0.033250,0.000723,synthetic_chat_design_preset
22.91,1.803053,1.832800,-0.030311,0.000564,synthetic_chat_design_preset
22.92,1.806784,1.833600,-0.027252,0.000436,synthetic_chat_design_preset
22.93,1.810650,1.834400,-0.024086,0.000336,synthetic_chat_design_preset
22.94,1.814633,1.835200,-0.020824,0.000257,synthetic_chat_design_preset
22.95,1.818715,1.836000,-0.017481,0.000195,synthetic_chat_design_preset
22.96,1.822880,1.836800,-0.014068,0.000148,synthetic_chat_design_preset
22.97,1.827111,1.837600,-0.010600,0.000111,synthetic_chat_design_preset
22.98,1.831393,1.838400,-0.007090,0.000083,synthetic_chat_design_preset
22.99,1.835709,1.839200,-0.003552,0.000061,synthetic_chat_design_preset
23.00,1.840045,1.840000,-0.000000,0.000045,synthetic_chat_design_preset
23.01,1.844352,1.840800,0.003552,0.000000,synthetic_chat_design_preset
23.02,1.848690,1.841600,0.007090,0.000000,synthetic_chat_design_preset
23.03,1.853000,1.842400,0.010600,0.000000,synthetic_chat_design_preset
23.04,1.857268,1.843200,0.014068,0.000000,synthetic_chat_design_preset
23.05,1.861481,1.844000,0.017481,0.000000,synthetic_chat_design_preset
23.06,1.865624,1.844800,0.020824,0.000000,synthetic_chat_design_preset
23.07,1.869686,1.845600,0.024086,0.000000,synthetic_chat_design_preset
23.08,1.873652,1.846400,0.027252,0.000000,synthetic_chat_design_preset
23.09,1.877511,1.847200,0.030311,0.000000,synthetic_chat_design_preset
23.10,1.881250,1.848000,0.033250,0.000000,synthetic_chat_design_preset
23.11,1.884858,1.848800,0.036058,0.000000,synthetic_chat_design_preset
23.12,1.888324,1.849600,0.038724,0.000000,synthetic_chat_design_preset
23.13,1.891637,1.850400,0.041237,0.000000,synthetic_chat_design_preset
23.14,1.894787,1.851200,0.043587,0.000000,synthetic_chat_design_preset
23.15,1.897765,1.852000,0.045765,0.000000,synthetic_chat_design_preset
23.16,1.900562,1.852800,0.047762,0.000000,synthetic_chat_design_preset
23.17,1.903171,1.853600,0.049571,0.000000,synthetic_chat_design_preset
23.18,1.905585,1.854400,0.051185,0.000000,synthetic_chat_design_preset
23.19,1.907796,1.855200,0.052596,0.000000,synthetic_chat_design_preset
23.20,1.909800,1.856000,0.053800,0.000000,synthetic_chat_design_preset
23.21,1.911591,1.856800,0.054791,0.000000,synthetic_chat_design_preset
23.22,1.913167,1.857600,0.055567,0.000000,synthetic_chat_design_preset
23.23,1.914522,1.858400,0.056122,0.000000,synthetic_chat_design_preset
23.24,1.915657,1.859200,0.056457,0.000000,synthetic_chat_design_preset
23.25,1.916569,1.860000,0.056569,0.000000,synthetic_chat_design_preset
23.26,1.917257,1.860800,0.056457,0.000000,synthetic_chat_design_preset
23.27,1.917722,1.861600,0.056122,0.000000,synthetic_chat_design_preset
23.28,1.917967,1.862400,0.055567,0.000000,synthetic_chat_design_preset
23.29,1.917991,1.863200,0.054791,0.000000,synthetic_chat_design_preset
23.30,1.917800,1.864000,0.053800,0.000000,synthetic_chat_design_preset
23.31,1.917396,1.864800,0.052596,0.000000,synthetic_chat_design_preset
23.32,1.916785,1.865600,0.051185,0.000000,synthetic_chat_design_preset
23.33,1.915971,1.866400,0.049571,0.000000,synthetic_chat_design_preset
23.34,1.914962,1.867200,0.047762,0.000000,synthetic_chat_design_preset
23.35,1.913765,1.868000,0.045765,0.000000,synthetic_chat_design_preset
23.36,1.912387,1.868800,0.043587,0.000000,synthetic_chat_design_preset
23.37,1.910837,1.869600,0.041237,0.000000,synthetic_chat_design_preset
23.38,1.909124,1.870400,0.038724,0.000000,synthetic_chat_design_preset
23.39,1.907258,1.871200,0.036058,0.000000,synthetic_chat_design_preset
23.40,1.905250,1.872000,0.033250,0.000000,synthetic_chat_design_preset
23.41,1.903111,1.872800,0.030311,0.000000,synthetic_chat_design_preset
23.42,1.900852,1.873600,0.027252,0.000000,synthetic_chat_design_preset
23.43,1.898486,1.874400,0.024086,0.000000,synthetic_chat_design_preset
23.44,1.896024,1.875200,0.020824,0.000000,synthetic_chat_design_preset
23.45,1.893481,1.876000,0.017481,0.000000,synthetic_chat_design_preset
23.46,1.890868,1.876800,0.014068,0.000000,synthetic_chat_design_preset
23.47,1.888200,1.877600,0.010600,0.000000,synthetic_chat_design_preset
23.48,1.885490,1.878400,0.007090,0.000000,synthetic_chat_design_preset
23.49,1.882752,1.879200,0.003552,0.000000,synthetic_chat_design_preset
23.50,1.880000,1.880000,-0.000000,0.000000,synthetic_chat_design_preset
23.51,1.877248,1.880800,-0.003552,0.000000,synthetic_chat_design_preset
23.52,1.874510,1.881600,-0.007090,0.000000,synthetic_chat_design_preset
23.53,1.871800,1.882400,-0.010600,0.000000,synthetic_chat_design_preset
23.54,1.869132,1.883200,-0.014068,0.000000,synthetic_chat_design_preset
23.55,1.866519,1.884000,-0.017481,0.000000,synthetic_chat_design_preset
23.56,1.863976,1.884800,-0.020824,0.000000,synthetic_chat_design_preset
23.57,1.861514,1.885600,-0.024086,0.000000,synthetic_chat_design_preset
23.58,1.859148,1.886400,-0.027252,0.000000,synthetic_chat_design_preset
23.59,1.856889,1.887200,-0.030311,0.000000,synthetic_chat_design_preset
23.60,1.854750,1.888000,-0.033250,0.000000,synthetic_chat_design_preset
23.61,1.852742,1.888800,-0.036058,0.000000,synthetic_chat_design_preset
23.62,1.850876,1.889600,-0.038724,0.000000,synthetic_chat_design_preset
23.63,1.849163,1.890400,-0.041237,0.000000,synthetic_chat_design_preset
23.64,1.847613,1.891200,-0.043587,0.000000,synthetic_chat_design_preset
23.65,1.846235,1.892000,-0.045765,0.000000,synthetic_chat_design_preset
23.66,1.845038,1.892800,-0.047762,0.000000,synthetic_chat_design_preset
23.67,1.844029,1.893600,-0.049571,0.000000,synthetic_chat_design_preset
23.68,1.843215,1.894400,-0.051185,0.000000,synthetic_chat_design_preset
23.69,1.842604,1.895200,-0.052596,0.000000,synthetic_chat_design_preset
23.70,1.842200,1.896000,-0.053800,0.000000,synthetic_chat_design_preset
23.71,1.842009,1.896800,-0.054791,0.000000,synthetic_chat_design_preset
23.72,1.842033,1.897600,-0.055567,0.000000,synthetic_chat_design_preset
23.73,1.842278,1.898400,-0.056122,0.000000,synthetic_chat_design_preset
23.74,1.842743,1.899200,-0.056457,0.000000,synthetic_chat_design_preset
23.75,1.843431,1.900000,-0.056569,0.000000,synthetic_chat_design_preset
23.76,1.844343,1.900800,-0.056457,0.000000,synthetic_chat_design_preset
23.77,1.845478,1.901600,-0.056122,0.000000,synthetic_chat_design_preset
23.78,1.846833,1.902400,-0.055567,0.000000,synthetic_chat_design_preset
23.79,1.848409,1.903200,-0.054791,0.000000,synthetic_chat_design_preset
23.80,1.850200,1.904000,-0.053800,0.000000,synthetic_chat_design_preset
23.81,1.852204,1.904800,-0.052596,0.000000,synthetic_chat_design_preset
23.82,1.854415,1.905600,-0.051185,0.000000,synthetic_chat_design_preset
23.83,1.856829,1.906400,-0.049571,0.000000,synthetic_chat_design_preset
23.84,1.859438,1.907200,-0.047762,0.000000,synthetic_chat_design_preset
23.85,1.862235,1.908000,-0.045765,0.000000,synthetic_chat_design_preset
23.86,1.865213,1.908800,-0.043587,0.000000,synthetic_chat_design_preset
23.87,1.868363,1.909600,-0.041237,0.000000,synthetic_chat_design_preset
23.88,1.871676,1.910400,-0.038724,0.000000,synthetic_chat_design_preset
23.89,1.875142,1.911200,-0.036058,0.000000,synthetic_chat_design_preset
23.90,1.878750,1.912000,-0.033250,0.000000,synthetic_chat_design_preset
23.91,1.882489,1.912800,-0.030311,0.000000,synthetic_chat_design_preset
23.92,1.886348,1.913600,-0.027252,0.000000,synthetic_chat_design_preset
23.93,1.890314,1.914400,-0.024086,0.000000,synthetic_chat_design_preset
23.94,1.894376,1.915200,-0.020824,0.000000,synthetic_chat_design_preset
23.95,1.898519,1.916000,-0.017481,0.000000,synthetic_chat_design_preset
23.96,1.902732,1.916800,-0.014068,0.000000,synthetic_chat_design_preset
23.97,1.907000,1.917600,-0.010600,0.000000,synthetic_chat_design_preset
23.98,1.911310,1.918400,-0.007090,0.000000,synthetic_chat_design_preset
23.99,1.915648,1.919200,-0.003552,0.000000,synthetic_chat_design_preset
24.00,1.920000,1.920000,-0.000000,0.000000,synthetic_chat_design_preset
24.01,1.924352,1.920800,0.003552,0.000000,synthetic_chat_design_preset
24.02,1.928690,1.921600,0.007090,0.000000,synthetic_chat_design_preset
24.03,1.933000,1.922400,0.010600,0.000000,synthetic_chat_design_preset
24.04,1.937268,1.923200,0.014068,0.000000,synthetic_chat_design_preset
24.05,1.941481,1.924000,0.017481,0.000000,synthetic_chat_design_preset
24.06,1.945624,1.924800,0.020824,0.000000,synthetic_chat_design_preset
24.07,1.949686,1.925600,0.024086,0.000000,synthetic_chat_design_preset
24.08,1.953652,1.926400,0.027252,0.000000,synthetic_chat_design_preset
24.09,1.957511,1.927200,0.030311,0.000000,synthetic_chat_design_preset
24.10,1.961250,1.928000,0.033250,0.000000,synthetic_chat_design_preset
24.11,1.964858,1.928800,0.036058,0.000000,synthetic_chat_design_preset
24.12,1.968324,1.929600,0.038724,0.000000,synthetic_chat_design_preset
24.13,1.971637,1.930400,0.041237,0.000000,synthetic_chat_design_preset
24.14,1.974787,1.931200,0.043587,0.000000,synthetic_chat_design_preset
24.15,1.977765,1.932000,0.045765,0.000000,synthetic_chat_design_preset
24.16,1.980562,1.932800,0.047762,0.000000,synthetic_chat_design_preset
24.17,1.983171,1.933600,0.049571,0.000000,synthetic_chat_design_preset
24.18,1.985585,1.934400,0.051185,0.000000,synthetic_chat_design_preset
24.19,1.987796,1.935200,0.052596,0.000000,synthetic_chat_design_preset
24.20,1.989800,1.936000,0.053800,0.000000,synthetic_chat_design_preset
24.21,1.991591,1.936800,0.054791,0.000000,synthetic_chat_design_preset
24.22,1.993167,1.937600,0.055567,0.000000,synthetic_chat_design_preset
24.23,1.994522,1.938400,0.056122,0.000000,synthetic_chat_design_preset
24.24,1.995657,1.939200,0.056457,0.000000,synthetic_chat_design_preset
24.25,1.996569,1.940000,0.056569,0.000000,synthetic_chat_design_preset
24.26,1.997257,1.940800,0.056457,0.000000,synthetic_chat_design_preset
24.27,1.997722,1.941600,0.056122,0.000000,synthetic_chat_design_preset
24.28,1.997967,1.942400,0.055567,0.000000,synthetic_chat_design_preset
24.29,1.997991,1.943200,0.054791,0.000000,synthetic_chat_design_preset
24.30,1.997800,1.944000,0.053800,0.000000,synthetic_chat_design_preset
24.31,1.997396,1.944800,0.052596,0.000000,synthetic_chat_design_preset
24.32,1.996785,1.945600,0.051185,0.000000,synthetic_chat_design_preset
24.33,1.995971,1.946400,0.049571,0.000000,synthetic_chat_design_preset
24.34,1.994962,1.947200,0.047762,0.000000,synthetic_chat_design_preset
24.35,1.993765,1.948000,0.045765,0.000000,synthetic_chat_design_preset
24.36,1.992387,1.948800,0.043587,0.000000,synthetic_chat_design_preset
24.37,1.990837,1.949600,0.041237,0.000000,synthetic_chat_design_preset
24.38,1.989124,1.950400,0.038724,0.000000,synthetic_chat_design_preset
24.39,1.987258,1.951200,0.036058,0.000000,synthetic_chat_design_preset
24.40,1.985250,1.952000,0.033250,0.000000,synthetic_chat_design_preset
24.41,1.983111,1.952800,0.030311,0.000000,synthetic_chat_design_preset
24.42,1.980852,1.953600,0.027252,0.000000,synthetic_chat_design_preset
24.43,1.978486,1.954400,0.024086,0.000000,synthetic_chat_design_preset
24.44,1.976024,1.955200,0.020824,0.000000,synthetic_chat_design_preset
24.45,1.973481,1.956000,0.017481,0.000000,synthetic_chat_design_preset
24.46,1.970868,1.956800,0.014068,0.000000,synthetic_chat_design_preset
24.47,1.968200,1.957600,0.010600,0.000000,synthetic_chat_design_preset
24.48,1.965490,1.958400,0.007090,0.000000,synthetic_chat_design_preset
24.49,1.962752,1.959200,0.003552,0.000000,synthetic_chat_design_preset
24.50,1.960000,1.960000,0.000000,0.000000,synthetic_chat_design_preset
24.51,1.957248,1.960800,-0.003552,0.000000,synthetic_chat_design_preset
24.52,1.954510,1.961600,-0.007090,0.000000,synthetic_chat_design_preset
24.53,1.951800,1.962400,-0.010600,0.000000,synthetic_chat_design_preset
24.54,1.949132,1.963200,-0.014068,0.000000,synthetic_chat_design_preset
24.55,1.946519,1.964000,-0.017481,0.000000,synthetic_chat_design_preset
24.56,1.943976,1.964800,-0.020824,0.000000,synthetic_chat_design_preset
24.57,1.941514,1.965600,-0.024086,0.000000,synthetic_chat_design_preset
24.58,1.939148,1.966400,-0.027252,0.000000,synthetic_chat_design_preset
24.59,1.936889,1.967200,-0.030311,0.000000,synthetic_chat_design_preset
24.60,1.934750,1.968000,-0.033250,0.000000,synthetic_chat_design_preset
24.61,1.932742,1.968800,-0.036058,0.000000,synthetic_chat_design_preset
24.62,1.930876,1.969600,-0.038724,0.000000,synthetic_chat_design_preset
24.63,1.929163,1.970400,-0.041237,0.000000,synthetic_chat_design_preset
24.64,1.927613,1.971200,-0.043587,0.000000,synthetic_chat_design_preset
24.65,1.926235,1.972000,-0.045765,0.000000,synthetic_chat_design_preset
24.66,1.925038,1.972800,-0.047762,0.000000,synthetic_chat_design_preset
24.67,1.924029,1.973600,-0.049571,0.000000,synthetic_chat_design_preset
24.68,1.923215,1.974400,-0.051185,0.000000,synthetic_chat_design_preset
24.69,1.922604,1.975200,-0.052596,0.000000,synthetic_chat_design_preset
24.70,1.922200,1.976000,-0.053800,0.000000,synthetic_chat_design_preset
24.71,1.922009,1.976800,-0.054791,0.000000,synthetic_chat_design_preset
24.72,1.922033,1.977600,-0.055567,0.000000,synthetic_chat_design_preset
24.73,1.922278,1.978400,-0.056122,0.000000,synthetic_chat_design_preset
24.74,1.922743,1.979200,-0.056457,0.000000,synthetic_chat_design_preset
24.75,1.923431,1.980000,-0.056569,0.000000,synthetic_chat_design_preset
24.76,1.924343,1.980800,-0.056457,0.000000,synthetic_chat_design_preset
24.77,1.925478,1.981600,-0.056122,0.000000,synthetic_chat_design_preset
24.78,1.926833,1.982400,-0.055567,0.000000,synthetic_chat_design_preset
24.79,1.928409,1.983200,-0.054791,0.000000,synthetic_chat_design_preset
24.80,1.930200,1.984000,-0.053800,0.000000,synthetic_chat_design_preset
24.81,1.932204,1.984800,-0.052596,0.000000,synthetic_chat_design_preset
24.82,1.934415,1.985600,-0.051185,0.000000,synthetic_chat_design_preset
24.83,1.936829,1.986400,-0.049571,0.000000,synthetic_chat_design_preset
24.84,1.939438,1.987200,-0.047762,0.000000,synthetic_chat_design_preset
24.85,1.942235,1.988000,-0.045765,0.000000,synthetic_chat_design_preset
24.86,1.945213,1.988800,-0.043587,0.000000,synthetic_chat_design_preset
24.87,1.948363,1.989600,-0.041237,0.000000,synthetic_chat_design_preset
24.88,1.951676,1.990400,-0.038724,0.000000,synthetic_chat_design_preset
24.89,1.955142,1.991200,-0.036058,0.000000,synthetic_chat_design_preset
24.90,1.958750,1.992000,-0.033250,0.000000,synthetic_chat_design_preset
24.91,1.962489,1.992800,-0.030311,0.000000,synthetic_chat_design_preset
24.92,1.966348,1.993600,-0.027252,0.000000,synthetic_chat_design_preset
24.93,1.970314,1.994400,-0.024086,0.000000,synthetic_chat_design_preset
24.94,1.974376,1.995200,-0.020824,0.000000,synthetic_chat_design_preset
24.95,1.978519,1.996000,-0.017481,0.000000,synthetic_chat_design_preset
24.96,1.982732,1.996800,-0.014068,0.000000,synthetic_chat_design_preset
24.97,1.987000,1.997600,-0.010600,0.000000,synthetic_chat_design_preset
24.98,1.991310,1.998400,-0.007090,0.000000,synthetic_chat_design_preset
24.99,1.995648,1.999200,-0.003552,0.000000,synthetic_chat_design_preset
25.00,2.000000,2.000000,0.000000,0.000000,synthetic_chat_design_preset
25.01,2.004352,2.000800,0.003552,0.000000,synthetic_chat_design_preset
25.02,2.008690,2.001600,0.007090,0.000000,synthetic_chat_design_preset
25.03,2.013000,2.002400,0.010600,0.000000,synthetic_chat_design_preset
25.04,2.017268,2.003200,0.014068,0.000000,synthetic_chat_design_preset
25.05,2.021481,2.004000,0.017481,0.000000,synthetic_chat_design_preset
25.06,2.025624,2.004800,0.020824,0.000000,synthetic_chat_design_preset
25.07,2.029686,2.005600,0.024086,0.000000,synthetic_chat_design_preset
25.08,2.033652,2.006400,0.027252,0.000000,synthetic_chat_design_preset
25.09,2.037511,2.007200,0.030311,0.000000,synthetic_chat_design_preset
25.10,2.041250,2.008000,0.033250,0.000000,synthetic_chat_design_preset
25.11,2.044858,2.008800,0.036058,0.000000,synthetic_chat_design_preset
25.12,2.048324,2.009600,0.038724,0.000000,synthetic_chat_design_preset
25.13,2.051637,2.010400,0.041237,0.000000,synthetic_chat_design_preset
25.14,2.054787,2.011200,0.043587,0.000000,synthetic_chat_design_preset
25.15,2.057765,2.012000,0.045765,0.000000,synthetic_chat_design_preset
25.16,2.060562,2.012800,0.047762,0.000000,synthetic_chat_design_preset
25.17,2.063171,2.013600,0.049571,0.000000,synthetic_chat_design_preset
25.18,2.065585,2.014400,0.051185,0.000000,synthetic_chat_design_preset
25.19,2.067796,2.015200,0.052596,0.000000,synthetic_chat_design_preset
25.20,2.069800,2.016000,0.053800,0.000000,synthetic_chat_design_preset
25.21,2.071591,2.016800,0.054791,0.000000,synthetic_chat_design_preset
25.22,2.073167,2.017600,0.055567,0.000000,synthetic_chat_design_preset
25.23,2.074522,2.018400,0.056122,0.000000,synthetic_chat_design_preset
25.24,2.075657,2.019200,0.056457,0.000000,synthetic_chat_design_preset
25.25,2.076569,2.020000,0.056569,0.000000,synthetic_chat_design_preset
25.26,2.077257,2.020800,0.056457,0.000000,synthetic_chat_design_preset
25.27,2.077722,2.021600,0.056122,0.000000,synthetic_chat_design_preset
25.28,2.077967,2.022400,0.055567,0.000000,synthetic_chat_design_preset
25.29,2.077991,2.023200,0.054791,0.000000,synthetic_chat_design_preset
25.30,2.077800,2.024000,0.053800,0.000000,synthetic_chat_design_preset
25.31,2.077396,2.024800,0.052596,0.000000,synthetic_chat_design_preset
25.32,2.076785,2.025600,0.051185,0.000000,synthetic_chat_design_preset
25.33,2.075971,2.026400,0.049571,0.000000,synthetic_chat_design_preset
25.34,2.074962,2.027200,0.047762,0.000000,synthetic_chat_design_preset
25.35,2.073765,2.028000,0.045765,0.000000,synthetic_chat_design_preset
25.36,2.072387,2.028800,0.043587,0.000000,synthetic_chat_design_preset
25.37,2.070837,2.029600,0.041237,0.000000,synthetic_chat_design_preset
25.38,2.069124,2.030400,0.038724,0.000000,synthetic_chat_design_preset
25.39,2.067258,2.031200,0.036058,0.000000,synthetic_chat_design_preset
25.40,2.065250,2.032000,0.033250,0.000000,synthetic_chat_design_preset
25.41,2.063111,2.032800,0.030311,0.000000,synthetic_chat_design_preset
25.42,2.060852,2.033600,0.027252,0.000000,synthetic_chat_design_preset
25.43,2.058486,2.034400,0.024086,0.000000,synthetic_chat_design_preset
25.44,2.056024,2.035200,0.020824,0.000000,synthetic_chat_design_preset
25.45,2.053481,2.036000,0.017481,0.000000,synthetic_chat_design_preset
25.46,2.050868,2.036800,0.014068,0.000000,synthetic_chat_design_preset
25.47,2.048200,2.037600,0.010600,0.000000,synthetic_chat_design_preset
25.48,2.045490,2.038400,0.007090,0.000000,synthetic_chat_design_preset
25.49,2.042752,2.039200,0.003552,0.000000,synthetic_chat_design_preset
25.50,2.040000,2.040000,0.000000,0.000000,synthetic_chat_design_preset
25.51,2.037248,2.040800,-0.003552,0.000000,synthetic_chat_design_preset
25.52,2.034510,2.041600,-0.007090,0.000000,synthetic_chat_design_preset
25.53,2.031800,2.042400,-0.010600,0.000000,synthetic_chat_design_preset
25.54,2.029132,2.043200,-0.014068,0.000000,synthetic_chat_design_preset
25.55,2.026519,2.044000,-0.017481,0.000000,synthetic_chat_design_preset
25.56,2.023976,2.044800,-0.020824,0.000000,synthetic_chat_design_preset
25.57,2.021514,2.045600,-0.024086,0.000000,synthetic_chat_design_preset
25.58,2.019148,2.046400,-0.027252,0.000000,synthetic_chat_design_preset
25.59,2.016889,2.047200,-0.030311,0.000000,synthetic_chat_design_preset
25.60,2.014750,2.048000,-0.033250,0.000000,synthetic_chat_design_preset
25.61,2.012742,2.048800,-0.036058,0.000000,synthetic_chat_design_preset
25.62,2.010876,2.049600,-0.038724,0.000000,synthetic_chat_design_preset
25.63,2.009163,2.050400,-0.041237,0.000000,synthetic_chat_design_preset
25.64,2.007613,2.051200,-0.043587,0.000000,synthetic_chat_design_preset
25.65,2.006235,2.052000,-0.045765,0.000000,synthetic_chat_design_preset
25.66,2.005038,2.052800,-0.047762,0.000000,synthetic_chat_design_preset
25.67,2.004029,2.053600,-0.049571,0.000000,synthetic_chat_design_preset
25.68,2.003215,2.054400,-0.051185,0.000000,synthetic_chat_design_preset
25.69,2.002604,2.055200,-0.052596,0.000000,synthetic_chat_design_preset
25.70,2.002200,2.056000,-0.053800,0.000000,synthetic_chat_design_preset
25.71,2.002009,2.056800,-0.054791,0.000000,synthetic_chat_design_preset
25.72,2.002033,2.057600,-0.055567,0.000000,synthetic_chat_design_preset
25.73,2.002278,2.058400,-0.056122,0.000000,synthetic_chat_design_preset
25.74,2.002743,2.059200,-0.056457,0.000000,synthetic_chat_design_preset
25.75,2.003431,2.060000,-0.056569,0.000000,synthetic_chat_design_preset
25.76,2.004343,2.060800,-0.056457,0.000000,synthetic_chat_design_preset
25.77,2.005478,2.061600,-0.056122,0.000000,synthetic_chat_design_preset
25.78,2.006833,2.062400,-0.055567,0.000000,synthetic_chat_design_preset
25.79,2.008409,2.063200,-0.054791,0.000000,synthetic_chat_design_preset
25.80,2.010200,2.064000,-0.053800,0.000000,synthetic_chat_design_preset
25.81,2.012204,2.064800,-0.052596,0.000000,synthetic_chat_design_preset
25.82,2.014415,2.065600,-0.051185,0.000000,synthetic_chat_design_preset
25.83,2.016829,2.066400,-0.049571,0.000000,synthetic_chat_design_preset
25.84,2.019438,2.067200,-0.047762,0.000000,synthetic_chat_design_preset
25.85,2.022235,2.068000,-0.045765,0.000000,synthetic_chat_design_preset
25.86,2.025213,2.068800,-0.043587,0.000000,synthetic_chat_design_preset
25.87,2.028363,2.069600,-0.041237,0.000000,synthetic_chat_design_preset
25.88,2.031676,2.070400,-0.038724,0.000000,synthetic_chat_design_preset
25.89,2.035142,2.071200,-0.036058,0.000000,synthetic_chat_design_preset
25.90,2.038750,2.072000,-0.033250,0.000000,synthetic_chat_design_preset
25.91,2.042489,2.072800,-0.030311,0.000000,synthetic_chat_design_preset
25.92,2.046348,2.073600,-0.027252,0.000000,synthetic_chat_design_preset
25.93,2.050314,2.074400,-0.024086,0.000000,synthetic_chat_design_preset
25.94,2.054376,2.075200,-0.020824,0.000000,synthetic_chat_design_preset
25.95,2.058519,2.076000,-0.017481,0.000000,synthetic_chat_design_preset
25.96,2.062732,2.076800,-0.014068,0.000000,synthetic_chat_design_preset
25.97,2.067000,2.077600,-0.010600,0.000000,synthetic_chat_design_preset
25.98,2.071310,2.078400,-0.007090,0.000000,synthetic_chat_design_preset
25.99,2.075648,2.079200,-0.003552,0.000000,synthetic_chat_design_preset
26.00,2.080000,2.080000,0.000000,0.000000,synthetic_chat_design_preset
26.01,2.084352,2.080800,0.003552,0.000000,synthetic_chat_design_preset
26.02,2.088690,2.081600,0.007090,0.000000,synthetic_chat_design_preset
26.03,2.093000,2.082400,0.010600,0.000000,synthetic_chat_design_preset
26.04,2.097268,2.083200,0.014068,0.000000,synthetic_chat_design_preset
26.05,2.101481,2.084000,0.017481,0.000000,synthetic_chat_design_preset
26.06,2.105624,2.084800,0.020824,0.000000,synthetic_chat_design_preset
26.07,2.109686,2.085600,0.024086,0.000000,synthetic_chat_design_preset
26.08,2.113652,2.086400,0.027252,0.000000,synthetic_chat_design_preset
26.09,2.117511,2.087200,0.030311,0.000000,synthetic_chat_design_preset
26.10,2.121250,2.088000,0.033250,0.000000,synthetic_chat_design_preset
26.11,2.124858,2.088800,0.036058,0.000000,synthetic_chat_design_preset
26.12,2.128324,2.089600,0.038724,0.000000,synthetic_chat_design_preset
26.13,2.131637,2.090400,0.041237,0.000000,synthetic_chat_design_preset
26.14,2.134787,2.091200,0.043587,0.000000,synthetic_chat_design_preset
26.15,2.137765,2.092000,0.045765,0.000000,synthetic_chat_design_preset
26.16,2.140562,2.092800,0.047762,0.000000,synthetic_chat_design_preset
26.17,2.143171,2.093600,0.049571,0.000000,synthetic_chat_design_preset
26.18,2.145585,2.094400,0.051185,0.000000,synthetic_chat_design_preset
26.19,2.147796,2.095200,0.052596,0.000000,synthetic_chat_design_preset
26.20,2.149800,2.096000,0.053800,0.000000,synthetic_chat_design_preset
26.21,2.151591,2.096800,0.054791,0.000000,synthetic_chat_design_preset
26.22,2.153167,2.097600,0.055567,0.000000,synthetic_chat_design_preset
26.23,2.154522,2.098400,0.056122,0.000000,synthetic_chat_design_preset
26.24,2.155657,2.099200,0.056457,0.000000,synthetic_chat_design_preset
26.25,2.156569,2.100000,0.056569,0.000000,synthetic_chat_design_preset
26.26,2.157257,2.100800,0.056457,0.000000,synthetic_chat_design_preset
26.27,2.157722,2.101600,0.056122,0.000000,synthetic_chat_design_preset
26.28,2.157967,2.102400,0.055567,0.000000,synthetic_chat_design_preset
26.29,2.157991,2.103200,0.054791,0.000000,synthetic_chat_design_preset
26.30,2.157800,2.104000,0.053800,0.000000,synthetic_chat_design_preset
26.31,2.157396,2.104800,0.052596,0.000000,synthetic_chat_design_preset
26.32,2.156785,2.105600,0.051185,0.000000,synthetic_chat_design_preset
26.33,2.155971,2.106400,0.049571,0.000000,synthetic_chat_design_preset
26.34,2.154962,2.107200,0.047762,0.000000,synthetic_chat_design_preset
26.35,2.153765,2.108000,0.045765,0.000000,synthetic_chat_design_preset
26.36,2.152387,2.108800,0.043587,0.000000,synthetic_chat_design_preset
26.37,2.150837,2.109600,0.041237,0.000000,synthetic_chat_design_preset
26.38,2.149124,2.110400,0.038724,0.000000,synthetic_chat_design_preset
26.39,2.147258,2.111200,0.036058,0.000000,synthetic_chat_design_preset
26.40,2.145250,2.112000,0.033250,0.000000,synthetic_chat_design_preset
26.41,2.143111,2.112800,0.030311,0.000000,synthetic_chat_design_preset
26.42,2.140852,2.113600,0.027252,0.000000,synthetic_chat_design_preset
26.43,2.138486,2.114400,0.024086,0.000000,synthetic_chat_design_preset
26.44,2.136024,2.115200,0.020824,0.000000,synthetic_chat_design_preset
26.45,2.133481,2.116000,0.017481,0.000000,synthetic_chat_design_preset
26.46,2.130868,2.116800,0.014068,0.000000,synthetic_chat_design_preset
26.47,2.128200,2.117600,0.010600,0.000000,synthetic_chat_design_preset
26.48,2.125490,2.118400,0.007090,0.000000,synthetic_chat_design_preset
26.49,2.122752,2.119200,0.003552,0.000000,synthetic_chat_design_preset
26.50,2.120000,2.120000,0.000000,0.000000,synthetic_chat_design_preset
26.51,2.117248,2.120800,-0.003552,0.000000,synthetic_chat_design_preset
26.52,2.114510,2.121600,-0.007090,0.000000,synthetic_chat_design_preset
26.53,2.111800,2.122400,-0.010600,0.000000,synthetic_chat_design_preset
26.54,2.109132,2.123200,-0.014068,0.000000,synthetic_chat_design_preset
26.55,2.106519,2.124000,-0.017481,0.000000,synthetic_chat_design_preset
26.56,2.103976,2.124800,-0.020824,0.000000,synthetic_chat_design_preset
26.57,2.101514,2.125600,-0.024086,0.000000,synthetic_chat_design_preset
26.58,2.099148,2.126400,-0.027252,0.000000,synthetic_chat_design_preset
26.59,2.096889,2.127200,-0.030311,0.000000,synthetic_chat_design_preset
26.60,2.094750,2.128000,-0.033250,0.000000,synthetic_chat_design_preset
26.61,2.092742,2.128800,-0.036058,0.000000,synthetic_chat_design_preset
26.62,2.090876,2.129600,-0.038724,0.000000,synthetic_chat_design_preset
26.63,2.089163,2.130400,-0.041237,0.000000,synthetic_chat_design_preset
26.64,2.087613,2.131200,-0.043587,0.000000,synthetic_chat_design_preset
26.65,2.086235,2.132000,-0.045765,0.000000,synthetic_chat_design_preset
26.66,2.085038,2.132800,-0.047762,0.000000,synthetic_chat_design_preset
26.67,2.084029,2.133600,-0.049571,0.000000,synthetic_chat_design_preset
26.68,2.083215,2.134400,-0.051185,0.000000,synthetic_chat_design_preset
26.69,2.082604,2.135200,-0.052596,0.000000,synthetic_chat_design_preset
26.70,2.082200,2.136000,-0.053800,0.000000,synthetic_chat_design_preset
26.71,2.082009,2.136800,-0.054791,0.000000,synthetic_chat_design_preset
26.72,2.082033,2.137600,-0.055567,0.000000,synthetic_chat_design_preset
26.73,2.082278,2.138400,-0.056122,0.000000,synthetic_chat_design_preset
26.74,2.082743,2.139200,-0.056457,0.000000,synthetic_chat_design_preset
26.75,2.083431,2.140000,-0.056569,0.000000,synthetic_chat_design_preset
26.76,2.084343,2.140800,-0.056457,0.000000,synthetic_chat_design_preset
26.77,2.085478,2.141600,-0.056122,0.000000,synthetic_chat_design_preset
26.78,2.086833,2.142400,-0.055567,0.000000,synthetic_chat_design_preset
26.79,2.088409,2.143200,-0.054791,0.000000,synthetic_chat_design_preset
26.80,2.090200,2.144000,-0.053800,0.000000,synthetic_chat_design_preset
26.81,2.092204,2.144800,-0.052596,0.000000,synthetic_chat_design_preset
26.82,2.094415,2.145600,-0.051185,0.000000,synthetic_chat_design_preset
26.83,2.096829,2.146400,-0.049571,0.000000,synthetic_chat_design_preset
26.84,2.099438,2.147200,-0.047762,0.000000,synthetic_chat_design_preset
26.85,2.102235,2.148000,-0.045765,0.000000,synthetic_chat_design_preset
26.86,2.105213,2.148800,-0.043587,0.000000,synthetic_chat_design_preset
26.87,2.108363,2.149600,-0.041237,0.000000,synthetic_chat_design_preset
26.88,2.111676,2.150400,-0.038724,0.000000,synthetic_chat_design_preset
26.89,2.115142,2.151200,-0.036058,0.000000,synthetic_chat_design_preset
26.90,2.118750,2.152000,-0.033250,0.000000,synthetic_chat_design_preset
26.91,2.122489,2.152800,-0.030311,0.000000,synthetic_chat_design_preset
26.92,2.126348,2.153600,-0.027252,0.000000,synthetic_chat_design_preset
26.93,2.130314,2.154400,-0.024086,0.000000,synthetic_chat_design_preset
26.94,2.134376,2.155200,-0.020824,0.000000,synthetic_chat_design_preset
26.95,2.138519,2.156000,-0.017481,0.000000,synthetic_chat_design_preset
26.96,2.142732,2.156800,-0.014068,0.000000,synthetic_chat_design_preset
26.97,2.147000,2.157600,-0.010600,0.000000,synthetic_chat_design_preset
26.98,2.151310,2.158400,-0.007090,0.000000,synthetic_chat_design_preset
26.99,2.155681,2.159200,-0.003552,0.000033,synthetic_chat_design_preset
27.00,2.160045,2.160000,-0.000000,0.000045,synthetic_chat_design_preset
27.01,2.164413,2.160800,0.003552,0.000061,synthetic_chat_design_preset
27.02,2.168773,2.161600,0.007090,0.000083,synthetic_chat_design_preset
27.03,2.173111,2.162400,0.010600,0.000111,synthetic_chat_design_preset
27.04,2.177416,2.163200,0.014068,0.000148,synthetic_chat_design_preset
27.05,2.181676,2.164000,0.017481,0.000195,synthetic_chat_design_preset
27.06,2.185881,2.164800,0.020824,0.000257,synthetic_chat_design_preset
27.07,2.190022,2.165600,0.024086,0.000336,synthetic_chat_design_preset
27.08,2.194089,2.166400,0.027252,0.000436,synthetic_chat_design_preset
27.09,2.198075,2.167200,0.030311,0.000564,synthetic_chat_design_preset
27.10,2.201973,2.168000,0.033250,0.000723,synthetic_chat_design_preset
27.11,2.205781,2.168800,0.036058,0.000923,synthetic_chat_design_preset
27.12,2.209493,2.169600,0.038724,0.001170,synthetic_chat_design_preset
27.13,2.213110,2.170400,0.041237,0.001474,synthetic_chat_design_preset
27.14,2.216632,2.171200,0.043587,0.001845,synthetic_chat_design_preset
27.15,2.220061,2.172000,0.045765,0.002296,synthetic_chat_design_preset
27.16,2.223403,2.172800,0.047762,0.002840,synthetic_chat_design_preset
27.17,2.226663,2.173600,0.049571,0.003492,synthetic_chat_design_preset
27.18,2.229850,2.174400,0.051185,0.004266,synthetic_chat_design_preset
27.19,2.232975,2.175200,0.052596,0.005179,synthetic_chat_design_preset
27.20,2.236050,2.176000,0.053800,0.006250,synthetic_chat_design_preset
27.21,2.239087,2.176800,0.054791,0.007496,synthetic_chat_design_preset
27.22,2.242101,2.177600,0.055567,0.008935,synthetic_chat_design_preset
27.23,2.245107,2.178400,0.056122,0.010584,synthetic_chat_design_preset
27.24,2.248118,2.179200,0.056457,0.012462,synthetic_chat_design_preset
27.25,2.251150,2.180000,0.056569,0.014582,synthetic_chat_design_preset
27.26,2.254214,2.180800,0.056457,0.016958,synthetic_chat_design_preset
27.27,2.257322,2.181600,0.056122,0.019600,synthetic_chat_design_preset
27.28,2.260480,2.182400,0.055567,0.022514,synthetic_chat_design_preset
27.29,2.263694,2.183200,0.054791,0.025703,synthetic_chat_design_preset
27.30,2.266963,2.184000,0.053800,0.029163,synthetic_chat_design_preset
27.31,2.270282,2.184800,0.052596,0.032886,synthetic_chat_design_preset
27.32,2.273641,2.185600,0.051185,0.036857,synthetic_chat_design_preset
27.33,2.277024,2.186400,0.049571,0.041053,synthetic_chat_design_preset
27.34,2.280408,2.187200,0.047762,0.045446,synthetic_chat_design_preset
27.35,2.283765,2.188000,0.045765,0.050000,synthetic_chat_design_preset
27.36,2.287059,2.188800,0.043587,0.054673,synthetic_chat_design_preset
27.37,2.290251,2.189600,0.041237,0.059415,synthetic_chat_design_preset
27.38,2.293295,2.190400,0.038724,0.064171,synthetic_chat_design_preset
27.39,2.296141,2.191200,0.036058,0.068883,synthetic_chat_design_preset
27.40,2.298737,2.192000,0.033250,0.073487,synthetic_chat_design_preset
27.41,2.301027,2.192800,0.030311,0.077916,synthetic_chat_design_preset
27.42,2.302958,2.193600,0.027252,0.082106,synthetic_chat_design_preset
27.43,2.304475,2.194400,0.024086,0.085989,synthetic_chat_design_preset
27.44,2.305527,2.195200,0.020824,0.089503,synthetic_chat_design_preset
27.45,2.306068,2.196000,0.017481,0.092587,synthetic_chat_design_preset
27.46,2.306058,2.196800,0.014068,0.095190,synthetic_chat_design_preset
27.47,2.305465,2.197600,0.010600,0.097265,synthetic_chat_design_preset
27.48,2.304265,2.198400,0.007090,0.098775,synthetic_chat_design_preset
27.49,2.302444,2.199200,0.003552,0.099692,synthetic_chat_design_preset
27.50,2.300000,2.200000,-0.000000,0.100000,synthetic_chat_design_preset
27.51,2.296940,2.200800,-0.003552,0.099692,synthetic_chat_design_preset
27.52,2.293285,2.201600,-0.007090,0.098775,synthetic_chat_design_preset
27.53,2.289066,2.202400,-0.010600,0.097265,synthetic_chat_design_preset
27.54,2.284322,2.203200,-0.014068,0.095190,synthetic_chat_design_preset
27.55,2.279107,2.204000,-0.017481,0.092587,synthetic_chat_design_preset
27.56,2.273478,2.204800,-0.020824,0.089503,synthetic_chat_design_preset
27.57,2.267503,2.205600,-0.024086,0.085989,synthetic_chat_design_preset
27.58,2.261254,2.206400,-0.027252,0.082106,synthetic_chat_design_preset
27.59,2.254806,2.207200,-0.030311,0.077916,synthetic_chat_design_preset
27.60,2.248237,2.208000,-0.033250,0.073487,synthetic_chat_design_preset
27.61,2.241625,2.208800,-0.036058,0.068883,synthetic_chat_design_preset
27.62,2.235047,2.209600,-0.038724,0.064171,synthetic_chat_design_preset
27.63,2.228578,2.210400,-0.041237,0.059415,synthetic_chat_design_preset
27.64,2.222286,2.211200,-0.043587,0.054673,synthetic_chat_design_preset
27.65,2.216235,2.212000,-0.045765,0.050000,synthetic_chat_design_preset
27.66,2.210484,2.212800,-0.047762,0.045446,synthetic_chat_design_preset
27.67,2.205081,2.213600,-0.049571,0.041053,synthetic_chat_design_preset
27.68,2.200072,2.214400,-0.051185,0.036857,synthetic_chat_design_preset
27.69,2.195490,2.215200,-0.052596,0.032886,synthetic_chat_design_preset
27.70,2.191363,2.216000,-0.053800,0.029163,synthetic_chat_design_preset
27.71,2.187712,2.216800,-0.054791,0.025703,synthetic_chat_design_preset
27.72,2.184547,2.217600,-0.055567,0.022514,synthetic_chat_design_preset
27.73,2.181877,2.218400,-0.056122,0.019600,synthetic_chat_design_preset
27.74,2.179701,2.219200,-0.056457,0.016958,synthetic_chat_design_preset
27.75,2.178013,2.220000,-0.056569,0.014582,synthetic_chat_design_preset
27.76,2.176805,2.220800,-0.056457,0.012462,synthetic_chat_design_preset
27.77,2.176062,2.221600,-0.056122,0.010584,synthetic_chat_design_preset
27.78,2.175768,2.222400,-0.055567,0.008935,synthetic_chat_design_preset
27.79,2.175904,2.223200,-0.054791,0.007496,synthetic_chat_design_preset
27.80,2.176450,2.224000,-0.053800,0.006250,synthetic_chat_design_preset
27.81,2.177383,2.224800,-0.052596,0.005179,synthetic_chat_design_preset
27.82,2.178681,2.225600,-0.051185,0.004266,synthetic_chat_design_preset
27.83,2.180320,2.226400,-0.049571,0.003492,synthetic_chat_design_preset
27.84,2.182278,2.227200,-0.047762,0.002840,synthetic_chat_design_preset
27.85,2.184532,2.228000,-0.045765,0.002296,synthetic_chat_design_preset
27.86,2.187058,2.228800,-0.043587,0.001845,synthetic_chat_design_preset
27.87,2.189837,2.229600,-0.041237,0.001474,synthetic_chat_design_preset
27.88,2.192846,2.230400,-0.038724,0.001170,synthetic_chat_design_preset
27.89,2.196065,2.231200,-0.036058,0.000923,synthetic_chat_design_preset
27.90,2.199473,2.232000,-0.033250,0.000723,synthetic_chat_design_preset
27.91,2.203053,2.232800,-0.030311,0.000564,synthetic_chat_design_preset
27.92,2.206784,2.233600,-0.027252,0.000436,synthetic_chat_design_preset
27.93,2.210650,2.234400,-0.024086,0.000336,synthetic_chat_design_preset
27.94,2.214633,2.235200,-0.020824,0.000257,synthetic_chat_design_preset
27.95,2.218715,2.236000,-0.017481,0.000195,synthetic_chat_design_preset
27.96,2.222880,2.236800,-0.014068,0.000148,synthetic_chat_design_preset
27.97,2.227111,2.237600,-0.010600,0.000111,synthetic_chat_design_preset
27.98,2.231393,2.238400,-0.007090,0.000083,synthetic_chat_design_preset
27.99,2.235709,2.239200,-0.003552,0.000061,synthetic_chat_design_preset
28.00,2.240045,2.240000,-0.000000,0.000045,synthetic_chat_design_preset
28.01,2.244352,2.240800,0.003552,0.000000,synthetic_chat_design_preset
28.02,2.248690,2.241600,0.007090,0.000000,synthetic_chat_design_preset
28.03,2.253000,2.242400,0.010600,0.000000,synthetic_chat_design_preset
28.04,2.257268,2.243200,0.014068,0.000000,synthetic_chat_design_preset
28.05,2.261481,2.244000,0.017481,0.000000,synthetic_chat_design_preset
28.06,2.265624,2.244800,0.020824,0.000000,synthetic_chat_design_preset
28.07,2.269686,2.245600,0.024086,0.000000,synthetic_chat_design_preset
28.08,2.273652,2.246400,0.027252,0.000000,synthetic_chat_design_preset
28.09,2.277511,2.247200,0.030311,0.000000,synthetic_chat_design_preset
28.10,2.281250,2.248000,0.033250,0.000000,synthetic_chat_design_preset
28.11,2.284858,2.248800,0.036058,0.000000,synthetic_chat_design_preset
28.12,2.288324,2.249600,0.038724,0.000000,synthetic_chat_design_preset
28.13,2.291637,2.250400,0.041237,0.000000,synthetic_chat_design_preset
28.14,2.294787,2.251200,0.043587,0.000000,synthetic_chat_design_preset
28.15,2.297765,2.252000,0.045765,0.000000,synthetic_chat_design_preset
28.16,2.300562,2.252800,0.047762,0.000000,synthetic_chat_design_preset
28.17,2.303171,2.253600,0.049571,0.000000,synthetic_chat_design_preset
28.18,2.305585,2.254400,0.051185,0.000000,synthetic_chat_design_preset
28.19,2.307796,2.255200,0.052596,0.000000,synthetic_chat_design_preset
28.20,2.309800,2.256000,0.053800,0.000000,synthetic_chat_design_preset
28.21,2.311591,2.256800,0.054791,0.000000,synthetic_chat_design_preset
28.22,2.313167,2.257600,0.055567,0.000000,synthetic_chat_design_preset
28.23,2.314522,2.258400,0.056122,0.000000,synthetic_chat_design_preset
28.24,2.315657,2.259200,0.056457,0.000000,synthetic_chat_design_preset
28.25,2.316569,2.260000,0.056569,0.000000,synthetic_chat_design_preset
28.26,2.317257,2.260800,0.056457,0.000000,synthetic_chat_design_preset
28.27,2.317722,2.261600,0.056122,0.000000,synthetic_chat_design_preset
28.28,2.317967,2.262400,0.055567,0.000000,synthetic_chat_design_preset
28.29,2.317991,2.263200,0.054791,0.000000,synthetic_chat_design_preset
28.30,2.317800,2.264000,0.053800,0.000000,synthetic_chat_design_preset
28.31,2.317396,2.264800,0.052596,0.000000,synthetic_chat_design_preset
28.32,2.316785,2.265600,0.051185,0.000000,synthetic_chat_design_preset
28.33,2.315971,2.266400,0.049571,0.000000,synthetic_chat_design_preset
28.34,2.314962,2.267200,0.047762,0.000000,synthetic_chat_design_preset
28.35,2.313765,2.268000,0.045765,0.000000,synthetic_chat_design_preset
28.36,2.312387,2.268800,0.043587,0.000000,synthetic_chat_design_preset
28.37,2.310837,2.269600,0.041237,0.000000,synthetic_chat_design_preset
28.38,2.309124,2.270400,0.038724,0.000000,synthetic_chat_design_preset
28.39,2.307258,2.271200,0.036058,0.000000,synthetic_chat_design_preset
28.40,2.305250,2.272000,0.033250,0.000000,synthetic_chat_design_preset
28.41,2.303111,2.272800,0.030311,0.000000,synthetic_chat_design_preset
28.42,2.300852,2.273600,0.027252,0.000000,synthetic_chat_design_preset
28.43,2.298486,2.274400,0.024086,0.000000,synthetic_chat_design_preset
28.44,2.296024,2.275200,0.020824,0.000000,synthetic_chat_design_preset
28.45,2.293481,2.276000,0.017481,0.000000,synthetic_chat_design_preset
28.46,2.290868,2.276800,0.014068,0.000000,synthetic_chat_design_preset
28.47,2.288200,2.277600,0.010600,0.000000,synthetic_chat_design_preset
28.48,2.285490,2.278400,0.007090,0.000000,synthetic_chat_design_preset
28.49,2.282752,2.279200,0.003552,0.000000,synthetic_chat_design_preset
28.50,2.280000,2.280000,0.000000,0.000000,synthetic_chat_design_preset
28.51,2.277248,2.280800,-0.003552,0.000000,synthetic_chat_design_preset
28.52,2.274510,2.281600,-0.007090,0.000000,synthetic_chat_design_preset
28.53,2.271800,2.282400,-0.010600,0.000000,synthetic_chat_design_preset
28.54,2.269132,2.283200,-0.014068,0.000000,synthetic_chat_design_preset
28.55,2.266519,2.284000,-0.017481,0.000000,synthetic_chat_design_preset
28.56,2.263976,2.284800,-0.020824,0.000000,synthetic_chat_design_preset
28.57,2.261514,2.285600,-0.024086,0.000000,synthetic_chat_design_preset
28.58,2.259148,2.286400,-0.027252,0.000000,synthetic_chat_design_preset
28.59,2.256889,2.287200,-0.030311,0.000000,synthetic_chat_design_preset
28.60,2.254750,2.288000,-0.033250,0.000000,synthetic_chat_design_preset
28.61,2.252742,2.288800,-0.036058,0.000000,synthetic_chat_design_preset
28.62,2.250876,2.289600,-0.038724,0.000000,synthetic_chat_design_preset
28.63,2.249163,2.290400,-0.041237,0.000000,synthetic_chat_design_preset
28.64,2.247613,2.291200,-0.043587,0.000000,synthetic_chat_design_preset
28.65,2.246235,2.292000,-0.045765,0.000000,synthetic_chat_design_preset
28.66,2.245038,2.292800,-0.047762,0.000000,synthetic_chat_design_preset
28.67,2.244029,2.293600,-0.049571,0.000000,synthetic_chat_design_preset
28.68,2.243215,2.294400,-0.051185,0.000000,synthetic_chat_design_preset
28.69,2.242604,2.295200,-0.052596,0.000000,synthetic_chat_design_preset
28.70,2.242200,2.296000,-0.053800,0.000000,synthetic_chat_design_preset
28.71,2.242009,2.296800,-0.054791,0.000000,synthetic_chat_design_preset
28.72,2.242033,2.297600,-0.055567,0.000000,synthetic_chat_design_preset
28.73,2.242278,2.298400,-0.056122,0.000000,synthetic_chat_design_preset
28.74,2.242743,2.299200,-0.056457,0.000000,synthetic_chat_design_preset
28.75,2.243431,2.300000,-0.056569,0.000000,synthetic_chat_design_preset
28.76,2.244343,2.300800,-0.056457,0.000000,synthetic_chat_design_preset
28.77,2.245478,2.301600,-0.056122,0.000000,synthetic_chat_design_preset
28.78,2.246833,2.302400,-0.055567,0.000000,synthetic_chat_design_preset
28.79,2.248409,2.303200,-0.054791,0.000000,synthetic_chat_design_preset
28.80,2.250200,2.304000,-0.053800,0.000000,synthetic_chat_design_preset
28.81,2.252204,2.304800,-0.052596,0.000000,synthetic_chat_design_preset
28.82,2.254415,2.305600,-0.051185,0.000000,synthetic_chat_design_preset
28.83,2.256829,2.306400,-0.049571,0.000000,synthetic_chat_design_preset
28.84,2.259438,2.307200,-0.047762,0.000000,synthetic_chat_design_preset
28.85,2.262235,2.308000,-0.045765,0.000000,synthetic_chat_design_preset
28.86,2.265213,2.308800,-0.043587,0.000000,synthetic_chat_design_preset
28.87,2.268363,2.309600,-0.041237,0.000000,synthetic_chat_design_preset
28.88,2.271676,2.310400,-0.038724,0.000000,synthetic_chat_design_preset
28.89,2.275142,2.311200,-0.036058,0.000000,synthetic_chat_design_preset
28.90,2.278750,2.312000,-0.033250,0.000000,synthetic_chat_design_preset
28.91,2.282489,2.312800,-0.030311,0.000000,synthetic_chat_design_preset
28.92,2.286348,2.313600,-0.027252,0.000000,synthetic_chat_design_preset
28.93,2.290314,2.314400,-0.024086,0.000000,synthetic_chat_design_preset
28.94,2.294376,2.315200,-0.020824,0.000000,synthetic_chat_design_preset
28.95,2.298519,2.316000,-0.017481,0.000000,synthetic_chat_design_preset
28.96,2.302732,2.316800,-0.014068,0.000000,synthetic_chat_design_preset
28.97,2.307000,2.317600,-0.010600,0.000000,synthetic_chat_design_preset
28.98,2.311310,2.318400,-0.007090,0.000000,synthetic_chat_design_preset
28.99,2.315648,2.319200,-0.003552,0.000000,synthetic_chat_design_preset
29.00,2.320000,2.320000,0.000000,0.000000,synthetic_chat_design_preset
29.01,2.324352,2.320800,0.003552,0.000000,synthetic_chat_design_preset
29.02,2.328690,2.321600,0.007090,0.000000,synthetic_chat_design_preset
29.03,2.333000,2.322400,0.010600,0.000000,synthetic_chat_design_preset
29.04,2.337268,2.323200,0.014068,0.000000,synthetic_chat_design_preset
29.05,2.341481,2.324000,0.017481,0.000000,synthetic_chat_design_preset
29.06,2.345624,2.324800,0.020824,0.000000,synthetic_chat_design_preset
29.07,2.349686,2.325600,0.024086,0.000000,synthetic_chat_design_preset
29.08,2.353652,2.326400,0.027252,0.000000,synthetic_chat_design_preset
29.09,2.357511,2.327200,0.030311,0.000000,synthetic_chat_design_preset
29.10,2.361250,2.328000,0.033250,0.000000,synthetic_chat_design_preset
29.11,2.364858,2.328800,0.036058,0.000000,synthetic_chat_design_preset
29.12,2.368324,2.329600,0.038724,0.000000,synthetic_chat_design_preset
29.13,2.371637,2.330400,0.041237,0.000000,synthetic_chat_design_preset
29.14,2.374787,2.331200,0.043587,0.000000,synthetic_chat_design_preset
29.15,2.377765,2.332000,0.045765,0.000000,synthetic_chat_design_preset
29.16,2.380562,2.332800,0.047762,0.000000,synthetic_chat_design_preset
29.17,2.383171,2.333600,0.049571,0.000000,synthetic_chat_design_preset
29.18,2.385585,2.334400,0.051185,0.000000,synthetic_chat_design_preset
29.19,2.387796,2.335200,0.052596,0.000000,synthetic_chat_design_preset
29.20,2.389800,2.336000,0.053800,0.000000,synthetic_chat_design_preset
29.21,2.391591,2.336800,0.054791,0.000000,synthetic_chat_design_preset
29.22,2.393167,2.337600,0.055567,0.000000,synthetic_chat_design_preset
29.23,2.394522,2.338400,0.056122,0.000000,synthetic_chat_design_preset
29.24,2.395657,2.339200,0.056457,0.000000,synthetic_chat_design_preset
29.25,2.396569,2.340000,0.056569,0.000000,synthetic_chat_design_preset
29.26,2.397257,2.340800,0.056457,0.000000,synthetic_chat_design_preset
29.27,2.397722,2.341600,0.056122,0.000000,synthetic_chat_design_preset
29.28,2.397967,2.342400,0.055567,0.000000,synthetic_chat_design_preset
29.29,2.397991,2.343200,0.054791,0.000000,synthetic_chat_design_preset
29.30,2.397800,2.344000,0.053800,0.000000,synthetic_chat_design_preset
29.31,2.397396,2.344800,0.052596,0.000000,synthetic_chat_design_preset
29.32,2.396785,2.345600,0.051185,0.000000,synthetic_chat_design_preset
29.33,2.395971,2.346400,0.049571,0.000000,synthetic_chat_design_preset
29.34,2.394962,2.347200,0.047762,0.000000,synthetic_chat_design_preset
29.35,2.393765,2.348000,0.045765,0.000000,synthetic_chat_design_preset
29.36,2.392387,2.348800,0.043587,0.000000,synthetic_chat_design_preset
29.37,2.390837,2.349600,0.041237,0.000000,synthetic_chat_design_preset
29.38,2.389124,2.350400,0.038724,0.000000,synthetic_chat_design_preset
29.39,2.387258,2.351200,0.036058,0.000000,synthetic_chat_design_preset
29.40,2.385250,2.352000,0.033250,0.000000,synthetic_chat_design_preset
29.41,2.383111,2.352800,0.030311,0.000000,synthetic_chat_design_preset
29.42,2.380852,2.353600,0.027252,0.000000,synthetic_chat_design_preset
29.43,2.378486,2.354400,0.024086,0.000000,synthetic_chat_design_preset
29.44,2.376024,2.355200,0.020824,0.000000,synthetic_chat_design_preset
29.45,2.373481,2.356000,0.017481,0.000000,synthetic_chat_design_preset
29.46,2.370868,2.356800,0.014068,0.000000,synthetic_chat_design_preset
29.47,2.368200,2.357600,0.010600,0.000000,synthetic_chat_design_preset
29.48,2.365490,2.358400,0.007090,0.000000,synthetic_chat_design_preset
29.49,2.362752,2.359200,0.003552,0.000000,synthetic_chat_design_preset
29.50,2.360000,2.360000,0.000000,0.000000,synthetic_chat_design_preset
29.51,2.357248,2.360800,-0.003552,0.000000,synthetic_chat_design_preset
29.52,2.354510,2.361600,-0.007090,0.000000,synthetic_chat_design_preset
29.53,2.351800,2.362400,-0.010600,0.000000,synthetic_chat_design_preset
29.54,2.349132,2.363200,-0.014068,0.000000,synthetic_chat_design_preset
29.55,2.346519,2.364000,-0.017481,0.000000,synthetic_chat_design_preset
29.56,2.343976,2.364800,-0.020824,0.000000,synthetic_chat_design_preset
29.57,2.341514,2.365600,-0.024086,0.000000,synthetic_chat_design_preset
29.58,2.339148,2.366400,-0.027252,0.000000,synthetic_chat_design_preset
29.59,2.336889,2.367200,-0.030311,0.000000,synthetic_chat_design_preset
29.60,2.334750,2.368000,-0.033250,0.000000,synthetic_chat_design_preset
29.61,2.332742,2.368800,-0.036058,0.000000,synthetic_chat_design_preset
29.62,2.330876,2.369600,-0.038724,0.000000,synthetic_chat_design_preset
29.63,2.329163,2.370400,-0.041237,0.000000,synthetic_chat_design_preset
29.64,2.327613,2.371200,-0.043587,0.000000,synthetic_chat_design_preset
29.65,2.326235,2.372000,-0.045765,0.000000,synthetic_chat_design_preset
29.66,2.325038,2.372800,-0.047762,0.000000,synthetic_chat_design_preset
29.67,2.324029,2.373600,-0.049571,0.000000,synthetic_chat_design_preset
29.68,2.323215,2.374400,-0.051185,0.000000,synthetic_chat_design_preset
29.69,2.322604,2.375200,-0.052596,0.000000,synthetic_chat_design_preset
29.70,2.322200,2.376000,-0.053800,0.000000,synthetic_chat_design_preset
29.71,2.322009,2.376800,-0.054791,0.000000,synthetic_chat_design_preset
29.72,2.322033,2.377600,-0.055567,0.000000,synthetic_chat_design_preset
29.73,2.322278,2.378400,-0.056122,0.000000,synthetic_chat_design_preset
29.74,2.322743,2.379200,-0.056457,0.000000,synthetic_chat_design_preset
29.75,2.323431,2.380000,-0.056569,0.000000,synthetic_chat_design_preset
29.76,2.324343,2.380800,-0.056457,0.000000,synthetic_chat_design_preset
29.77,2.325478,2.381600,-0.056122,0.000000,synthetic_chat_design_preset
29.78,2.326833,2.382400,-0.055567,0.000000,synthetic_chat_design_preset
29.79,2.328409,2.383200,-0.054791,0.000000,synthetic_chat_design_preset
29.80,2.330200,2.384000,-0.053800,0.000000,synthetic_chat_design_preset
29.81,2.332204,2.384800,-0.052596,0.000000,synthetic_chat_design_preset
29.82,2.334415,2.385600,-0.051185,0.000000,synthetic_chat_design_preset
29.83,2.336829,2.386400,-0.049571,0.000000,synthetic_chat_design_preset
29.84,2.339438,2.387200,-0.047762,0.000000,synthetic_chat_design_preset
29.85,2.342235,2.388000,-0.045765,0.000000,synthetic_chat_design_preset
29.86,2.345213,2.388800,-0.043587,0.000000,synthetic_chat_design_preset
29.87,2.348363,2.389600,-0.041237,0.000000,synthetic_chat_design_preset
29.88,2.351676,2.390400,-0.038724,0.000000,synthetic_chat_design_preset
29.89,2.355142,2.391200,-0.036058,0.000000,synthetic_chat_design_preset
29.90,2.358750,2.392000,-0.033250,0.000000,synthetic_chat_design_preset
29.91,2.362489,2.392800,-0.030311,0.000000,synthetic_chat_design_preset
29.92,2.366348,2.393600,-0.027252,0.000000,synthetic_chat_design_preset
29.93,2.370314,2.394400,-0.024086,0.000000,synthetic_chat_design_preset
29.94,2.374376,2.395200,-0.020824,0.000000,synthetic_chat_design_preset
29.95,2.378519,2.396000,-0.017481,0.000000,synthetic_chat_design_preset
29.96,2.382732,2.396800,-0.014068,0.000000,synthetic_chat_design_preset
29.97,2.387000,2.397600,-0.010600,0.000000,synthetic_chat_design_preset
29.98,2.391310,2.398400,-0.007090,0.000000,synthetic_chat_design_preset
29.99,2.395648,2.399200,-0.003552,0.000000,synthetic_chat_design_preset
30.00,2.400000,2.400000,-0.000000,0.000000,synthetic_chat_design_preset
30.01,2.404352,2.400800,0.003552,0.000000,synthetic_chat_design_preset
30.02,2.408690,2.401600,0.007090,0.000000,synthetic_chat_design_preset
30.03,2.413000,2.402400,0.010600,0.000000,synthetic_chat_design_preset
30.04,2.417268,2.403200,0.014068,0.000000,synthetic_chat_design_preset
30.05,2.421481,2.404000,0.017481,0.000000,synthetic_chat_design_preset
30.06,2.425624,2.404800,0.020824,0.000000,synthetic_chat_design_preset
30.07,2.429686,2.405600,0.024086,0.000000,synthetic_chat_design_preset
30.08,2.433652,2.406400,0.027252,0.000000,synthetic_chat_design_preset
30.09,2.437511,2.407200,0.030311,0.000000,synthetic_chat_design_preset
30.10,2.441250,2.408000,0.033250,0.000000,synthetic_chat_design_preset
30.11,2.444858,2.408800,0.036058,0.000000,synthetic_chat_design_preset
30.12,2.448324,2.409600,0.038724,0.000000,synthetic_chat_design_preset
30.13,2.451637,2.410400,0.041237,0.000000,synthetic_chat_design_preset
30.14,2.454787,2.411200,0.043587,0.000000,synthetic_chat_design_preset
30.15,2.457765,2.412000,0.045765,0.000000,synthetic_chat_design_preset
30.16,2.460562,2.412800,0.047762,0.000000,synthetic_chat_design_preset
30.17,2.463171,2.413600,0.049571,0.000000,synthetic_chat_design_preset
30.18,2.465585,2.414400,0.051185,0.000000,synthetic_chat_design_preset
30.19,2.467796,2.415200,0.052596,0.000000,synthetic_chat_design_preset
30.20,2.469800,2.416000,0.053800,0.000000,synthetic_chat_design_preset
30.21,2.471591,2.416800,0.054791,0.000000,synthetic_chat_design_preset
30.22,2.473167,2.417600,0.055567,0.000000,synthetic_chat_design_preset
30.23,2.474522,2.418400,0.056122,0.000000,synthetic_chat_design_preset
30.24,2.475657,2.419200,0.056457,0.000000,synthetic_chat_design_preset
30.25,2.476569,2.420000,0.056569,0.000000,synthetic_chat_design_preset
30.26,2.477257,2.420800,0.056457,0.000000,synthetic_chat_design_preset
30.27,2.477722,2.421600,0.056122,0.000000,synthetic_chat_design_preset
30.28,2.477967,2.422400,0.055567,0.000000,synthetic_chat_design_preset
30.29,2.477991,2.423200,0.054791,0.000000,synthetic_chat_design_preset
30.30,2.477800,2.424000,0.053800,0.000000,synthetic_chat_design_preset
30.31,2.477396,2.424800,0.052596,0.000000,synthetic_chat_design_preset
30.32,2.476785,2.425600,0.051185,0.000000,synthetic_chat_design_preset
30.33,2.475971,2.426400,0.049571,0.000000,synthetic_chat_design_preset
30.34,2.474962,2.427200,0.047762,0.000000,synthetic_chat_design_preset
30.35,2.473765,2.428000,0.045765,0.000000,synthetic_chat_design_preset
30.36,2.472387,2.428800,0.043587,0.000000,synthetic_chat_design_preset
30.37,2.470837,2.429600,0.041237,0.000000,synthetic_chat_design_preset
30.38,2.469124,2.430400,0.038724,0.000000,synthetic_chat_design_preset
30.39,2.467258,2.431200,0.036058,0.000000,synthetic_chat_design_preset
30.40,2.465250,2.432000,0.033250,0.000000,synthetic_chat_design_preset
30.41,2.463111,2.432800,0.030311,0.000000,synthetic_chat_design_preset
30.42,2.460852,2.433600,0.027252,0.000000,synthetic_chat_design_preset
30.43,2.458486,2.434400,0.024086,0.000000,synthetic_chat_design_preset
30.44,2.456024,2.435200,0.020824,0.000000,synthetic_chat_design_preset
30.45,2.453481,2.436000,0.017481,0.000000,synthetic_chat_design_preset
30.46,2.450868,2.436800,0.014068,0.000000,synthetic_chat_design_preset
30.47,2.448200,2.437600,0.010600,0.000000,synthetic_chat_design_preset
30.48,2.445490,2.438400,0.007090,0.000000,synthetic_chat_design_preset
30.49,2.442752,2.439200,0.003552,0.000000,synthetic_chat_design_preset
30.50,2.440000,2.440000,0.000000,0.000000,synthetic_chat_design_preset
30.51,2.437248,2.440800,-0.003552,0.000000,synthetic_chat_design_preset
30.52,2.434510,2.441600,-0.007090,0.000000,synthetic_chat_design_preset
30.53,2.431800,2.442400,-0.010600,0.000000,synthetic_chat_design_preset
30.54,2.429132,2.443200,-0.014068,0.000000,synthetic_chat_design_preset
30.55,2.426519,2.444000,-0.017481,0.000000,synthetic_chat_design_preset
30.56,2.423976,2.444800,-0.020824,0.000000,synthetic_chat_design_preset
30.57,2.421514,2.445600,-0.024086,0.000000,synthetic_chat_design_preset
30.58,2.419148,2.446400,-0.027252,0.000000,synthetic_chat_design_preset
30.59,2.416889,2.447200,-0.030311,0.000000,synthetic_chat_design_preset
30.60,2.414750,2.448000,-0.033250,0.000000,synthetic_chat_design_preset
30.61,2.412742,2.448800,-0.036058,0.000000,synthetic_chat_design_preset
30.62,2.410876,2.449600,-0.038724,0.000000,synthetic_chat_design_preset
30.63,2.409163,2.450400,-0.041237,0.000000,synthetic_chat_design_preset
30.64,2.407613,2.451200,-0.043587,0.000000,synthetic_chat_design_preset
30.65,2.406235,2.452000,-0.045765,0.000000,synthetic_chat_design_preset
30.66,2.405038,2.452800,-0.047762,0.000000,synthetic_chat_design_preset
30.67,2.404029,2.453600,-0.049571,0.000000,synthetic_chat_design_preset
30.68,2.403215,2.454400,-0.051185,0.000000,synthetic_chat_design_preset
30.69,2.402604,2.455200,-0.052596,0.000000,synthetic_chat_design_preset
30.70,2.402200,2.456000,-0.053800,0.000000,synthetic_chat_design_preset
30.71,2.402009,2.456800,-0.054791,0.000000,synthetic_chat_design_preset
30.72,2.402033,2.457600,-0.055567,0.000000,synthetic_chat_design_preset
30.73,2.402278,2.458400,-0.056122,0.000000,synthetic_chat_design_preset
30.74,2.402743,2.459200,-0.056457,0.000000,synthetic_chat_design_preset
30.75,2.403431,2.460000,-0.056569,0.000000,synthetic_chat_design_preset
30.76,2.404343,2.460800,-0.056457,0.000000,synthetic_chat_design_preset
30.77,2.405478,2.461600,-0.056122,0.000000,synthetic_chat_design_preset
30.78,2.406833,2.462400,-0.055567,0.000000,synthetic_chat_design_preset
30.79,2.408409,2.463200,-0.054791,0.000000,synthetic_chat_design_preset
30.80,2.410200,2.464000,-0.053800,0.000000,synthetic_chat_design_preset
30.81,2.412204,2.464800,-0.052596,0.000000,synthetic_chat_design_preset
30.82,2.414415,2.465600,-0.051185,0.000000,synthetic_chat_design_preset
30.83,2.416829,2.466400,-0.049571,0.000000,synthetic_chat_design_preset
30.84,2.419438,2.467200,-0.047762,0.000000,synthetic_chat_design_preset
30.85,2.422235,2.468000,-0.045765,0.000000,synthetic_chat_design_preset
30.86,2.425213,2.468800,-0.043587,0.000000,synthetic_chat_design_preset
30.87,2.428363,2.469600,-0.041237,0.000000,synthetic_chat_design_preset
30.88,2.431676,2.470400,-0.038724,0.000000,synthetic_chat_design_preset
30.89,2.435142,2.471200,-0.036058,0.000000,synthetic_chat_design_preset
30.90,2.438750,2.472000,-0.033250,0.000000,synthetic_chat_design_preset
30.91,2.442489,2.472800,-0.030311,0.000000,synthetic_chat_design_preset
30.92,2.446348,2.473600,-0.027252,0.000000,synthetic_chat_design_preset
30.93,2.450314,2.474400,-0.024086,0.000000,synthetic_chat_design_preset
30.94,2.454376,2.475200,-0.020824,0.000000,synthetic_chat_design_preset
30.95,2.458519,2.476000,-0.017481,0.000000,synthetic_chat_design_preset
30.96,2.462732,2.476800,-0.014068,0.000000,synthetic_chat_design_preset
30.97,2.467000,2.477600,-0.010600,0.000000,synthetic_chat_design_preset
30.98,2.471310,2.478400,-0.007090,0.000000,synthetic_chat_design_preset
30.99,2.475648,2.479200,-0.003552,0.000000,synthetic_chat_design_preset
31.00,2.480000,2.480000,-0.000000,0.000000,synthetic_chat_design_preset
31.01,2.484352,2.480800,0.003552,0.000000,synthetic_chat_design_preset
31.02,2.488690,2.481600,0.007090,0.000000,synthetic_chat_design_preset
31.03,2.493000,2.482400,0.010600,0.000000,synthetic_chat_design_preset
31.04,2.497268,2.483200,0.014068,0.000000,synthetic_chat_design_preset
31.05,2.501481,2.484000,0.017481,0.000000,synthetic_chat_design_preset
31.06,2.505624,2.484800,0.020824,0.000000,synthetic_chat_design_preset
31.07,2.509686,2.485600,0.024086,0.000000,synthetic_chat_design_preset
31.08,2.513652,2.486400,0.027252,0.000000,synthetic_chat_design_preset
31.09,2.517511,2.487200,0.030311,0.000000,synthetic_chat_design_preset
31.10,2.521250,2.488000,0.033250,0.000000,synthetic_chat_design_preset
31.11,2.524858,2.488800,0.036058,0.000000,synthetic_chat_design_preset
31.12,2.528324,2.489600,0.038724,0.000000,synthetic_chat_design_preset
31.13,2.531637,2.490400,0.041237,0.000000,synthetic_chat_design_preset
31.14,2.534787,2.491200,0.043587,0.000000,synthetic_chat_design_preset
31.15,2.537765,2.492000,0.045765,0.000000,synthetic_chat_design_preset
31.16,2.540562,2.492800,0.047762,0.000000,synthetic_chat_design_preset
31.17,2.543171,2.493600,0.049571,0.000000,synthetic_chat_design_preset
31.18,2.545585,2.494400,0.051185,0.000000,synthetic_chat_design_preset
31.19,2.547796,2.495200,0.052596,0.000000,synthetic_chat_design_preset
31.20,2.549800,2.496000,0.053800,0.000000,synthetic_chat_design_preset
31.21,2.551591,2.496800,0.054791,0.000000,synthetic_chat_design_preset
31.22,2.553167,2.497600,0.055567,0.000000,synthetic_chat_design_preset
31.23,2.554522,2.498400,0.056122,0.000000,synthetic_chat_design_preset
31.24,2.555657,2.499200,0.056457,0.000000,synthetic_chat_design_preset
31.25,2.556569,2.500000,0.056569,0.000000,synthetic_chat_design_preset
31.26,2.557257,2.500800,0.056457,0.000000,synthetic_chat_design_preset
31.27,2.557722,2.501600,0.056122,0.000000,synthetic_chat_design_preset
31.28,2.557967,2.502400,0.055567,0.000000,synthetic_chat_design_preset
31.29,2.557991,2.503200,0.054791,0.000000,synthetic_chat_design_preset
31.30,2.557800,2.504000,0.053800,0.000000,synthetic_chat_design_preset
31.31,2.557396,2.504800,0.052596,0.000000,synthetic_chat_design_preset
31.32,2.556785,2.505600,0.051185,0.000000,synthetic_chat_design_preset
31.33,2.555971,2.506400,0.049571,0.000000,synthetic_chat_design_preset
31.34,2.554962,2.507200,0.047762,0.000000,synthetic_chat_design_preset
31.35,2.553765,2.508000,0.045765,0.000000,synthetic_chat_design_preset
31.36,2.552387,2.508800,0.043587,0.000000,synthetic_chat_design_preset
31.37,2.550837,2.509600,0.041237,0.000000,synthetic_chat_design_preset
31.38,2.549124,2.510400,0.038724,0.000000,synthetic_chat_design_preset
31.39,2.547258,2.511200,0.036058,0.000000,synthetic_chat_design_preset
31.40,2.545250,2.512000,0.033250,0.000000,synthetic_chat_design_preset
31.41,2.543111,2.512800,0.030311,0.000000,synthetic_chat_design_preset
31.42,2.540852,2.513600,0.027252,0.000000,synthetic_chat_design_preset
31.43,2.538486,2.514400,0.024086,0.000000,synthetic_chat_design_preset
31.44,2.536024,2.515200,0.020824,0.000000,synthetic_chat_design_preset
31.45,2.533481,2.516000,0.017481,0.000000,synthetic_chat_design_preset
31.46,2.530868,2.516800,0.014068,0.000000,synthetic_chat_design_preset
31.47,2.528200,2.517600,0.010600,0.000000,synthetic_chat_design_preset
31.48,2.525490,2.518400,0.007090,0.000000,synthetic_chat_design_preset
31.49,2.522752,2.519200,0.003552,0.000000,synthetic_chat_design_preset
31.50,2.520000,2.520000,-0.000000,0.000000,synthetic_chat_design_preset
31.51,2.517248,2.520800,-0.003552,0.000000,synthetic_chat_design_preset
31.52,2.514510,2.521600,-0.007090,0.000000,synthetic_chat_design_preset
31.53,2.511800,2.522400,-0.010600,0.000000,synthetic_chat_design_preset
31.54,2.509132,2.523200,-0.014068,0.000000,synthetic_chat_design_preset
31.55,2.506519,2.524000,-0.017481,0.000000,synthetic_chat_design_preset
31.56,2.503976,2.524800,-0.020824,0.000000,synthetic_chat_design_preset
31.57,2.501514,2.525600,-0.024086,0.000000,synthetic_chat_design_preset
31.58,2.499148,2.526400,-0.027252,0.000000,synthetic_chat_design_preset
31.59,2.496889,2.527200,-0.030311,0.000000,synthetic_chat_design_preset
31.60,2.494750,2.528000,-0.033250,0.000000,synthetic_chat_design_preset
31.61,2.492742,2.528800,-0.036058,0.000000,synthetic_chat_design_preset
31.62,2.490876,2.529600,-0.038724,0.000000,synthetic_chat_design_preset
31.63,2.489163,2.530400,-0.041237,0.000000,synthetic_chat_design_preset
31.64,2.487613,2.531200,-0.043587,0.000000,synthetic_chat_design_preset
31.65,2.486235,2.532000,-0.045765,0.000000,synthetic_chat_design_preset
31.66,2.485038,2.532800,-0.047762,0.000000,synthetic_chat_design_preset
31.67,2.484029,2.533600,-0.049571,0.000000,synthetic_chat_design_preset
31.68,2.483215,2.534400,-0.051185,0.000000,synthetic_chat_design_preset
31.69,2.482604,2.535200,-0.052596,0.000000,synthetic_chat_design_preset
31.70,2.482200,2.536000,-0.053800,0.000000,synthetic_chat_design_preset
31.71,2.482009,2.536800,-0.054791,0.000000,synthetic_chat_design_preset
31.72,2.482033,2.537600,-0.055567,0.000000,synthetic_chat_design_preset
31.73,2.482278,2.538400,-0.056122,0.000000,synthetic_chat_design_preset
31.74,2.482743,2.539200,-0.056457,0.000000,synthetic_chat_design_preset
31.75,2.483431,2.540000,-0.056569,0.000000,synthetic_chat_design_preset
31.76,2.484343,2.540800,-0.056457,0.000000,synthetic_chat_design_preset
31.77,2.485478,2.541600,-0.056122,0.000000,synthetic_chat_design_preset
31.78,2.486833,2.542400,-0.055567,0.000000,synthetic_chat_design_preset
31.79,2.488409,2.543200,-0.054791,0.000000,synthetic_chat_design_preset
31.80,2.490200,2.544000,-0.053800,0.000000,synthetic_chat_design_preset
31.81,2.492204,2.544800,-0.052596,0.000000,synthetic_chat_design_preset
31.82,2.494415,2.545600,-0.051185,0.000000,synthetic_chat_design_preset
31.83,2.496829,2.546400,-0.049571,0.000000,synthetic_chat_design_preset
31.84,2.499438,2.547200,-0.047762,0.000000,synthetic_chat_design_preset
31.85,2.502235,2.548000,-0.045765,0.000000,synthetic_chat_design_preset
31.86,2.505213,2.548800,-0.043587,0.000000,synthetic_chat_design_preset
31.87,2.508363,2.549600,-0.041237,0.000000,synthetic_chat_design_preset
31.88,2.511676,2.550400,-0.038724,0.000000,synthetic_chat_design_preset
31.89,2.515142,2.551200,-0.036058,0.000000,synthetic_chat_design_preset
31.90,2.518750,2.552000,-0.033250,0.000000,synthetic_chat_design_preset
31.91,2.522489,2.552800,-0.030311,0.000000,synthetic_chat_design_preset
31.92,2.526348,2.553600,-0.027252,0.000000,synthetic_chat_design_preset
31.93,2.530314,2.554400,-0.024086,0.000000,synthetic_chat_design_preset
31.94,2.534376,2.555200,-0.020824,0.000000,synthetic_chat_design_preset
31.95,2.538519,2.556000,-0.017481,0.000000,synthetic_chat_design_preset
31.96,2.542732,2.556800,-0.014068,0.000000,synthetic_chat_design_preset
31.97,2.547000,2.557600,-0.010600,0.000000,synthetic_chat_design_preset
31.98,2.551310,2.558400,-0.007090,0.000000,synthetic_chat_design_preset
31.99,2.555681,2.559200,-0.003552,0.000033,synthetic_chat_design_preset
32.00,2.560045,2.560000,-0.000000,0.000045,synthetic_chat_design_preset
32.01,2.564413,2.560800,0.003552,0.000061,synthetic_chat_design_preset
32.02,2.568773,2.561600,0.007090,0.000083,synthetic_chat_design_preset
32.03,2.573111,2.562400,0.010600,0.000111,synthetic_chat_design_preset
32.04,2.577416,2.563200,0.014068,0.000148,synthetic_chat_design_preset
32.05,2.581676,2.564000,0.017481,0.000195,synthetic_chat_design_preset
32.06,2.585881,2.564800,0.020824,0.000257,synthetic_chat_design_preset
32.07,2.590022,2.565600,0.024086,0.000336,synthetic_chat_design_preset
32.08,2.594089,2.566400,0.027252,0.000436,synthetic_chat_design_preset
32.09,2.598075,2.567200,0.030311,0.000564,synthetic_chat_design_preset
32.10,2.601973,2.568000,0.033250,0.000723,synthetic_chat_design_preset
32.11,2.605781,2.568800,0.036058,0.000923,synthetic_chat_design_preset
32.12,2.609493,2.569600,0.038724,0.001170,synthetic_chat_design_preset
32.13,2.613110,2.570400,0.041237,0.001474,synthetic_chat_design_preset
32.14,2.616632,2.571200,0.043587,0.001845,synthetic_chat_design_preset
32.15,2.620061,2.572000,0.045765,0.002296,synthetic_chat_design_preset
32.16,2.623403,2.572800,0.047762,0.002840,synthetic_chat_design_preset
32.17,2.626663,2.573600,0.049571,0.003492,synthetic_chat_design_preset
32.18,2.629850,2.574400,0.051185,0.004266,synthetic_chat_design_preset
32.19,2.632975,2.575200,0.052596,0.005179,synthetic_chat_design_preset
32.20,2.636050,2.576000,0.053800,0.006250,synthetic_chat_design_preset
32.21,2.639087,2.576800,0.054791,0.007496,synthetic_chat_design_preset
32.22,2.642101,2.577600,0.055567,0.008935,synthetic_chat_design_preset
32.23,2.645107,2.578400,0.056122,0.010584,synthetic_chat_design_preset
32.24,2.648118,2.579200,0.056457,0.012462,synthetic_chat_design_preset
32.25,2.651150,2.580000,0.056569,0.014582,synthetic_chat_design_preset
32.26,2.654214,2.580800,0.056457,0.016958,synthetic_chat_design_preset
32.27,2.657322,2.581600,0.056122,0.019600,synthetic_chat_design_preset
32.28,2.660480,2.582400,0.055567,0.022514,synthetic_chat_design_preset
32.29,2.663694,2.583200,0.054791,0.025703,synthetic_chat_design_preset
32.30,2.666963,2.584000,0.053800,0.029163,synthetic_chat_design_preset
32.31,2.670282,2.584800,0.052596,0.032886,synthetic_chat_design_preset
32.32,2.673641,2.585600,0.051185,0.036857,synthetic_chat_design_preset
32.33,2.677024,2.586400,0.049571,0.041053,synthetic_chat_design_preset
32.34,2.680408,2.587200,0.047762,0.045446,synthetic_chat_design_preset
32.35,2.683765,2.588000,0.045765,0.050000,synthetic_chat_design_preset
32.36,2.687059,2.588800,0.043587,0.054673,synthetic_chat_design_preset
32.37,2.690251,2.589600,0.041237,0.059415,synthetic_chat_design_preset
32.38,2.693295,2.590400,0.038724,0.064171,synthetic_chat_design_preset
32.39,2.696141,2.591200,0.036058,0.068883,synthetic_chat_design_preset
32.40,2.698737,2.592000,0.033250,0.073487,synthetic_chat_design_preset
32.41,2.701027,2.592800,0.030311,0.077916,synthetic_chat_design_preset
32.42,2.702958,2.593600,0.027252,0.082106,synthetic_chat_design_preset
32.43,2.704475,2.594400,0.024086,0.085989,synthetic_chat_design_preset
32.44,2.705527,2.595200,0.020824,0.089503,synthetic_chat_design_preset
32.45,2.706068,2.596000,0.017481,0.092587,synthetic_chat_design_preset
32.46,2.706058,2.596800,0.014068,0.095190,synthetic_chat_design_preset
32.47,2.705465,2.597600,0.010600,0.097265,synthetic_chat_design_preset
32.48,2.704265,2.598400,0.007090,0.098775,synthetic_chat_design_preset
32.49,2.702444,2.599200,0.003552,0.099692,synthetic_chat_design_preset
32.50,2.700000,2.600000,0.000000,0.100000,synthetic_chat_design_preset
32.51,2.696940,2.600800,-0.003552,0.099692,synthetic_chat_design_preset
32.52,2.693285,2.601600,-0.007090,0.098775,synthetic_chat_design_preset
32.53,2.689066,2.602400,-0.010600,0.097265,synthetic_chat_design_preset
32.54,2.684322,2.603200,-0.014068,0.095190,synthetic_chat_design_preset
32.55,2.679107,2.604000,-0.017481,0.092587,synthetic_chat_design_preset
32.56,2.673478,2.604800,-0.020824,0.089503,synthetic_chat_design_preset
32.57,2.667503,2.605600,-0.024086,0.085989,synthetic_chat_design_preset
32.58,2.661254,2.606400,-0.027252,0.082106,synthetic_chat_design_preset
32.59,2.654806,2.607200,-0.030311,0.077916,synthetic_chat_design_preset
32.60,2.648237,2.608000,-0.033250,0.073487,synthetic_chat_design_preset
32.61,2.641625,2.608800,-0.036058,0.068883,synthetic_chat_design_preset
32.62,2.635047,2.609600,-0.038724,0.064171,synthetic_chat_design_preset
32.63,2.628578,2.610400,-0.041237,0.059415,synthetic_chat_design_preset
32.64,2.622286,2.611200,-0.043587,0.054673,synthetic_chat_design_preset
32.65,2.616235,2.612000,-0.045765,0.050000,synthetic_chat_design_preset
32.66,2.610484,2.612800,-0.047762,0.045446,synthetic_chat_design_preset
32.67,2.605081,2.613600,-0.049571,0.041053,synthetic_chat_design_preset
32.68,2.600072,2.614400,-0.051185,0.036857,synthetic_chat_design_preset
32.69,2.595490,2.615200,-0.052596,0.032886,synthetic_chat_design_preset
32.70,2.591363,2.616000,-0.053800,0.029163,synthetic_chat_design_preset
32.71,2.587712,2.616800,-0.054791,0.025703,synthetic_chat_design_preset
32.72,2.584547,2.617600,-0.055567,0.022514,synthetic_chat_design_preset
32.73,2.581877,2.618400,-0.056122,0.019600,synthetic_chat_design_preset
32.74,2.579701,2.619200,-0.056457,0.016958,synthetic_chat_design_preset
32.75,2.578013,2.620000,-0.056569,0.014582,synthetic_chat_design_preset
32.76,2.576805,2.620800,-0.056457,0.012462,synthetic_chat_design_preset
32.77,2.576062,2.621600,-0.056122,0.010584,synthetic_chat_design_preset
32.78,2.575768,2.622400,-0.055567,0.008935,synthetic_chat_design_preset
32.79,2.575904,2.623200,-0.054791,0.007496,synthetic_chat_design_preset
32.80,2.576450,2.624000,-0.053800,0.006250,synthetic_chat_design_preset
32.81,2.577383,2.624800,-0.052596,0.005179,synthetic_chat_design_preset
32.82,2.578681,2.625600,-0.051185,0.004266,synthetic_chat_design_preset
32.83,2.580320,2.626400,-0.049571,0.003492,synthetic_chat_design_preset
32.84,2.582278,2.627200,-0.047762,0.002840,synthetic_chat_design_preset
32.85,2.584532,2.628000,-0.045765,0.002296,synthetic_chat_design_preset
32.86,2.587058,2.628800,-0.043587,0.001845,synthetic_chat_design_preset
32.87,2.589837,2.629600,-0.041237,0.001474,synthetic_chat_design_preset
32.88,2.592846,2.630400,-0.038724,0.001170,synthetic_chat_design_preset
32.89,2.596065,2.631200,-0.036058,0.000923,synthetic_chat_design_preset
32.90,2.599473,2.632000,-0.033250,0.000723,synthetic_chat_design_preset
32.91,2.603053,2.632800,-0.030311,0.000564,synthetic_chat_design_preset
32.92,2.606784,2.633600,-0.027252,0.000436,synthetic_chat_design_preset
32.93,2.610650,2.634400,-0.024086,0.000336,synthetic_chat_design_preset
32.94,2.614633,2.635200,-0.020824,0.000257,synthetic_chat_design_preset
32.95,2.618715,2.636000,-0.017481,0.000195,synthetic_chat_design_preset
32.96,2.622880,2.636800,-0.014068,0.000148,synthetic_chat_design_preset
32.97,2.627111,2.637600,-0.010600,0.000111,synthetic_chat_design_preset
32.98,2.631393,2.638400,-0.007090,0.000083,synthetic_chat_design_preset
32.99,2.635709,2.639200,-0.003552,0.000061,synthetic_chat_design_preset
33.00,2.640045,2.640000,-0.000000,0.000045,synthetic_chat_design_preset
33.01,2.644352,2.640800,0.003552,0.000000,synthetic_chat_design_preset
33.02,2.648690,2.641600,0.007090,0.000000,synthetic_chat_design_preset
33.03,2.653000,2.642400,0.010600,0.000000,synthetic_chat_design_preset
33.04,2.657268,2.643200,0.014068,0.000000,synthetic_chat_design_preset
33.05,2.661481,2.644000,0.017481,0.000000,synthetic_chat_design_preset
33.06,2.665624,2.644800,0.020824,0.000000,synthetic_chat_design_preset
33.07,2.669686,2.645600,0.024086,0.000000,synthetic_chat_design_preset
33.08,2.673652,2.646400,0.027252,0.000000,synthetic_chat_design_preset
33.09,2.677511,2.647200,0.030311,0.000000,synthetic_chat_design_preset
33.10,2.681250,2.648000,0.033250,0.000000,synthetic_chat_design_preset
33.11,2.684858,2.648800,0.036058,0.000000,synthetic_chat_design_preset
33.12,2.688324,2.649600,0.038724,0.000000,synthetic_chat_design_preset
33.13,2.691637,2.650400,0.041237,0.000000,synthetic_chat_design_preset
33.14,2.694787,2.651200,0.043587,0.000000,synthetic_chat_design_preset
33.15,2.697765,2.652000,0.045765,0.000000,synthetic_chat_design_preset
33.16,2.700562,2.652800,0.047762,0.000000,synthetic_chat_design_preset
33.17,2.703171,2.653600,0.049571,0.000000,synthetic_chat_design_preset
33.18,2.705585,2.654400,0.051185,0.000000,synthetic_chat_design_preset
33.19,2.707796,2.655200,0.052596,0.000000,synthetic_chat_design_preset
33.20,2.709800,2.656000,0.053800,0.000000,synthetic_chat_design_preset
33.21,2.711591,2.656800,0.054791,0.000000,synthetic_chat_design_preset
33.22,2.713167,2.657600,0.055567,0.000000,synthetic_chat_design_preset
33.23,2.714522,2.658400,0.056122,0.000000,synthetic_chat_design_preset
33.24,2.715657,2.659200,0.056457,0.000000,synthetic_chat_design_preset
33.25,2.716569,2.660000,0.056569,0.000000,synthetic_chat_design_preset
33.26,2.717257,2.660800,0.056457,0.000000,synthetic_chat_design_preset
33.27,2.717722,2.661600,0.056122,0.000000,synthetic_chat_design_preset
33.28,2.717967,2.662400,0.055567,0.000000,synthetic_chat_design_preset
33.29,2.717991,2.663200,0.054791,0.000000,synthetic_chat_design_preset
33.30,2.717800,2.664000,0.053800,0.000000,synthetic_chat_design_preset
33.31,2.717396,2.664800,0.052596,0.000000,synthetic_chat_design_preset
33.32,2.716785,2.665600,0.051185,0.000000,synthetic_chat_design_preset
33.33,2.715971,2.666400,0.049571,0.000000,synthetic_chat_design_preset
33.34,2.714962,2.667200,0.047762,0.000000,synthetic_chat_design_preset
33.35,2.713765,2.668000,0.045765,0.000000,synthetic_chat_design_preset
33.36,2.712387,2.668800,0.043587,0.000000,synthetic_chat_design_preset
33.37,2.710837,2.669600,0.041237,0.000000,synthetic_chat_design_preset
33.38,2.709124,2.670400,0.038724,0.000000,synthetic_chat_design_preset
33.39,2.707258,2.671200,0.036058,0.000000,synthetic_chat_design_preset
33.40,2.705250,2.672000,0.033250,0.000000,synthetic_chat_design_preset
33.41,2.703111,2.672800,0.030311,0.000000,synthetic_chat_design_preset
33.42,2.700852,2.673600,0.027252,0.000000,synthetic_chat_design_preset
33.43,2.698486,2.674400,0.024086,0.000000,synthetic_chat_design_preset
33.44,2.696024,2.675200,0.020824,0.000000,synthetic_chat_design_preset
33.45,2.693481,2.676000,0.017481,0.000000,synthetic_chat_design_preset
33.46,2.690868,2.676800,0.014068,0.000000,synthetic_chat_design_preset
33.47,2.688200,2.677600,0.010600,0.000000,synthetic_chat_design_preset
33.48,2.685490,2.678400,0.007090,0.000000,synthetic_chat_design_preset
33.49,2.682752,2.679200,0.003552,0.000000,synthetic_chat_design_preset
33.50,2.680000,2.680000,0.000000,0.000000,synthetic_chat_design_preset
33.51,2.677248,2.680800,-0.003552,0.000000,synthetic_chat_design_preset
33.52,2.674510,2.681600,-0.007090,0.000000,synthetic_chat_design_preset
33.53,2.671800,2.682400,-0.010600,0.000000,synthetic_chat_design_preset
33.54,2.669132,2.683200,-0.014068,0.000000,synthetic_chat_design_preset
33.55,2.666519,2.684000,-0.017481,0.000000,synthetic_chat_design_preset
33.56,2.663976,2.684800,-0.020824,0.000000,synthetic_chat_design_preset
33.57,2.661514,2.685600,-0.024086,0.000000,synthetic_chat_design_preset
33.58,2.659148,2.686400,-0.027252,0.000000,synthetic_chat_design_preset
33.59,2.656889,2.687200,-0.030311,0.000000,synthetic_chat_design_preset
33.60,2.654750,2.688000,-0.033250,0.000000,synthetic_chat_design_preset
33.61,2.652742,2.688800,-0.036058,0.000000,synthetic_chat_design_preset
33.62,2.650876,2.689600,-0.038724,0.000000,synthetic_chat_design_preset
33.63,2.649163,2.690400,-0.041237,0.000000,synthetic_chat_design_preset
33.64,2.647613,2.691200,-0.043587,0.000000,synthetic_chat_design_preset
33.65,2.646235,2.692000,-0.045765,0.000000,synthetic_chat_design_preset
33.66,2.645038,2.692800,-0.047762,0.000000,synthetic_chat_design_preset
33.67,2.644029,2.693600,-0.049571,0.000000,synthetic_chat_design_preset
33.68,2.643215,2.694400,-0.051185,0.000000,synthetic_chat_design_preset
33.69,2.642604,2.695200,-0.052596,0.000000,synthetic_chat_design_preset
33.70,2.642200,2.696000,-0.053800,0.000000,synthetic_chat_design_preset
33.71,2.642009,2.696800,-0.054791,0.000000,synthetic_chat_design_preset
33.72,2.642033,2.697600,-0.055567,0.000000,synthetic_chat_design_preset
33.73,2.642278,2.698400,-0.056122,0.000000,synthetic_chat_design_preset
33.74,2.642743,2.699200,-0.056457,0.000000,synthetic_chat_design_preset
33.75,2.643431,2.700000,-0.056569,0.000000,synthetic_chat_design_preset
33.76,2.644343,2.700800,-0.056457,0.000000,synthetic_chat_design_preset
33.77,2.645478,2.701600,-0.056122,0.000000,synthetic_chat_design_preset
33.78,2.646833,2.702400,-0.055567,0.000000,synthetic_chat_design_preset
33.79,2.648409,2.703200,-0.054791,0.000000,synthetic_chat_design_preset
33.80,2.650200,2.704000,-0.053800,0.000000,synthetic_chat_design_preset
33.81,2.652204,2.704800,-0.052596,0.000000,synthetic_chat_design_preset
33.82,2.654415,2.705600,-0.051185,0.000000,synthetic_chat_design_preset
33.83,2.656829,2.706400,-0.049571,0.000000,synthetic_chat_design_preset
33.84,2.659438,2.707200,-0.047762,0.000000,synthetic_chat_design_preset
33.85,2.662235,2.708000,-0.045765,0.000000,synthetic_chat_design_preset
33.86,2.665213,2.708800,-0.043587,0.000000,synthetic_chat_design_preset
33.87,2.668363,2.709600,-0.041237,0.000000,synthetic_chat_design_preset
33.88,2.671676,2.710400,-0.038724,0.000000,synthetic_chat_design_preset
33.89,2.675142,2.711200,-0.036058,0.000000,synthetic_chat_design_preset
33.90,2.678750,2.712000,-0.033250,0.000000,synthetic_chat_design_preset
33.91,2.682489,2.712800,-0.030311,0.000000,synthetic_chat_design_preset
33.92,2.686348,2.713600,-0.027252,0.000000,synthetic_chat_design_preset
33.93,2.690314,2.714400,-0.024086,0.000000,synthetic_chat_design_preset
33.94,2.694376,2.715200,-0.020824,0.000000,synthetic_chat_design_preset
33.95,2.698519,2.716000,-0.017481,0.000000,synthetic_chat_design_preset
33.96,2.702732,2.716800,-0.014068,0.000000,synthetic_chat_design_preset
33.97,2.707000,2.717600,-0.010600,0.000000,synthetic_chat_design_preset
33.98,2.711310,2.718400,-0.007090,0.000000,synthetic_chat_design_preset
33.99,2.715648,2.719200,-0.003552,0.000000,synthetic_chat_design_preset
34.00,2.720000,2.720000,0.000000,0.000000,synthetic_chat_design_preset
34.01,2.724352,2.720800,0.003552,0.000000,synthetic_chat_design_preset
34.02,2.728690,2.721600,0.007090,0.000000,synthetic_chat_design_preset
34.03,2.733000,2.722400,0.010600,0.000000,synthetic_chat_design_preset
34.04,2.737268,2.723200,0.014068,0.000000,synthetic_chat_design_preset
34.05,2.741481,2.724000,0.017481,0.000000,synthetic_chat_design_preset
34.06,2.745624,2.724800,0.020824,0.000000,synthetic_chat_design_preset
34.07,2.749686,2.725600,0.024086,0.000000,synthetic_chat_design_preset
34.08,2.753652,2.726400,0.027252,0.000000,synthetic_chat_design_preset
34.09,2.757511,2.727200,0.030311,0.000000,synthetic_chat_design_preset
34.10,2.761250,2.728000,0.033250,0.000000,synthetic_chat_design_preset
34.11,2.764858,2.728800,0.036058,0.000000,synthetic_chat_design_preset
34.12,2.768324,2.729600,0.038724,0.000000,synthetic_chat_design_preset
34.13,2.771637,2.730400,0.041237,0.000000,synthetic_chat_design_preset
34.14,2.774787,2.731200,0.043587,0.000000,synthetic_chat_design_preset
34.15,2.777765,2.732000,0.045765,0.000000,synthetic_chat_design_preset
34.16,2.780562,2.732800,0.047762,0.000000,synthetic_chat_design_preset
34.17,2.783171,2.733600,0.049571,0.000000,synthetic_chat_design_preset
34.18,2.785585,2.734400,0.051185,0.000000,synthetic_chat_design_preset
34.19,2.787796,2.735200,0.052596,0.000000,synthetic_chat_design_preset
34.20,2.789800,2.736000,0.053800,0.000000,synthetic_chat_design_preset
34.21,2.791591,2.736800,0.054791,0.000000,synthetic_chat_design_preset
34.22,2.793167,2.737600,0.055567,0.000000,synthetic_chat_design_preset
34.23,2.794522,2.738400,0.056122,0.000000,synthetic_chat_design_preset
34.24,2.795657,2.739200,0.056457,0.000000,synthetic_chat_design_preset
34.25,2.796569,2.740000,0.056569,0.000000,synthetic_chat_design_preset
34.26,2.797257,2.740800,0.056457,0.000000,synthetic_chat_design_preset
34.27,2.797722,2.741600,0.056122,0.000000,synthetic_chat_design_preset
34.28,2.797967,2.742400,0.055567,0.000000,synthetic_chat_design_preset
34.29,2.797991,2.743200,0.054791,0.000000,synthetic_chat_design_preset
34.30,2.797800,2.744000,0.053800,0.000000,synthetic_chat_design_preset
34.31,2.797396,2.744800,0.052596,0.000000,synthetic_chat_design_preset
34.32,2.796785,2.745600,0.051185,0.000000,synthetic_chat_design_preset
34.33,2.795971,2.746400,0.049571,0.000000,synthetic_chat_design_preset
34.34,2.794962,2.747200,0.047762,0.000000,synthetic_chat_design_preset
34.35,2.793765,2.748000,0.045765,0.000000,synthetic_chat_design_preset
34.36,2.792387,2.748800,0.043587,0.000000,synthetic_chat_design_preset
34.37,2.790837,2.749600,0.041237,0.000000,synthetic_chat_design_preset
34.38,2.789124,2.750400,0.038724,0.000000,synthetic_chat_design_preset
34.39,2.787258,2.751200,0.036058,0.000000,synthetic_chat_design_preset
34.40,2.785250,2.752000,0.033250,0.000000,synthetic_chat_design_preset
34.41,2.783111,2.752800,0.030311,0.000000,synthetic_chat_design_preset
34.42,2.780852,2.753600,0.027252,0.000000,synthetic_chat_design_preset
34.43,2.778486,2.754400,0.024086,0.000000,synthetic_chat_design_preset
34.44,2.776024,2.755200,0.020824,0.000000,synthetic_chat_design_preset
34.45,2.773481,2.756000,0.017481,0.000000,synthetic_chat_design_preset
34.46,2.770868,2.756800,0.014068,0.000000,synthetic_chat_design_preset
34.47,2.768200,2.757600,0.010600,0.000000,synthetic_chat_design_preset
34.48,2.765490,2.758400,0.007090,0.000000,synthetic_chat_design_preset
34.49,2.762752,2.759200,0.003552,0.000000,synthetic_chat_design_preset
34.50,2.760000,2.760000,0.000000,0.000000,synthetic_chat_design_preset
34.51,2.757248,2.760800,-0.003552,0.000000,synthetic_chat_design_preset
34.52,2.754510,2.761600,-0.007090,0.000000,synthetic_chat_design_preset
34.53,2.751800,2.762400,-0.010600,0.000000,synthetic_chat_design_preset
34.54,2.749132,2.763200,-0.014068,0.000000,synthetic_chat_design_preset
34.55,2.746519,2.764000,-0.017481,0.000000,synthetic_chat_design_preset
34.56,2.743976,2.764800,-0.020824,0.000000,synthetic_chat_design_preset
34.57,2.741514,2.765600,-0.024086,0.000000,synthetic_chat_design_preset
34.58,2.739148,2.766400,-0.027252,0.000000,synthetic_chat_design_preset
34.59,2.736889,2.767200,-0.030311,0.000000,synthetic_chat_design_preset
34.60,2.734750,2.768000,-0.033250,0.000000,synthetic_chat_design_preset
34.61,2.732742,2.768800,-0.036058,0.000000,synthetic_chat_design_preset
34.62,2.730876,2.769600,-0.038724,0.000000,synthetic_chat_design_preset
34.63,2.729163,2.770400,-0.041237,0.000000,synthetic_chat_design_preset
34.64,2.727613,2.771200,-0.043587,0.000000,synthetic_chat_design_preset
34.65,2.726235,2.772000,-0.045765,0.000000,synthetic_chat_design_preset
34.66,2.725038,2.772800,-0.047762,0.000000,synthetic_chat_design_preset
34.67,2.724029,2.773600,-0.049571,0.000000,synthetic_chat_design_preset
34.68,2.723215,2.774400,-0.051185,0.000000,synthetic_chat_design_preset
34.69,2.722604,2.775200,-0.052596,0.000000,synthetic_chat_design_preset
34.70,2.722200,2.776000,-0.053800,0.000000,synthetic_chat_design_preset
34.71,2.722009,2.776800,-0.054791,0.000000,synthetic_chat_design_preset
34.72,2.722033,2.777600,-0.055567,0.000000,synthetic_chat_design_preset
34.73,2.722278,2.778400,-0.056122,0.000000,synthetic_chat_design_preset
34.74,2.722743,2.779200,-0.056457,0.000000,synthetic_chat_design_preset
34.75,2.723431,2.780000,-0.056569,0.000000,synthetic_chat_design_preset
34.76,2.724343,2.780800,-0.056457,0.000000,synthetic_chat_design_preset
34.77,2.725478,2.781600,-0.056122,0.000000,synthetic_chat_design_preset
34.78,2.726833,2.782400,-0.055567,0.000000,synthetic_chat_design_preset
34.79,2.728409,2.783200,-0.054791,0.000000,synthetic_chat_design_preset
34.80,2.730200,2.784000,-0.053800,0.000000,synthetic_chat_design_preset
34.81,2.732204,2.784800,-0.052596,0.000000,synthetic_chat_design_preset
34.82,2.734415,2.785600,-0.051185,0.000000,synthetic_chat_design_preset
34.83,2.736829,2.786400,-0.049571,0.000000,synthetic_chat_design_preset
34.84,2.739438,2.787200,-0.047762,0.000000,synthetic_chat_design_preset
34.85,2.742235,2.788000,-0.045765,0.000000,synthetic_chat_design_preset
34.86,2.745213,2.788800,-0.043587,0.000000,synthetic_chat_design_preset
34.87,2.748363,2.789600,-0.041237,0.000000,synthetic_chat_design_preset
34.88,2.751676,2.790400,-0.038724,0.000000,synthetic_chat_design_preset
34.89,2.755142,2.791200,-0.036058,0.000000,synthetic_chat_design_preset
34.90,2.758750,2.792000,-0.033250,0.000000,synthetic_chat_design_preset
34.91,2.762489,2.792800,-0.030311,0.000000,synthetic_chat_design_preset
34.92,2.766348,2.793600,-0.027252,0.000000,synthetic_chat_design_preset
34.93,2.770314,2.794400,-0.024086,0.000000,synthetic_chat_design_preset
34.94,2.774376,2.795200,-0.020824,0.000000,synthetic_chat_design_preset
34.95,2.778519,2.796000,-0.017481,0.000000,synthetic_chat_design_preset
34.96,2.782732,2.796800,-0.014068,0.000000,synthetic_chat_design_preset
34.97,2.787000,2.797600,-0.010600,0.000000,synthetic_chat_design_preset
34.98,2.791310,2.798400,-0.007090,0.000000,synthetic_chat_design_preset
34.99,2.795648,2.799200,-0.003552,0.000000,synthetic_chat_design_preset
35.00,2.800000,2.800000,-0.000000,0.000000,synthetic_chat_design_preset
35.01,2.804352,2.800800,0.003552,0.000000,synthetic_chat_design_preset
35.02,2.808690,2.801600,0.007090,0.000000,synthetic_chat_design_preset
35.03,2.813000,2.802400,0.010600,0.000000,synthetic_chat_design_preset
35.04,2.817268,2.803200,0.014068,0.000000,synthetic_chat_design_preset
35.05,2.821481,2.804000,0.017481,0.000000,synthetic_chat_design_preset
35.06,2.825624,2.804800,0.020824,0.000000,synthetic_chat_design_preset
35.07,2.829686,2.805600,0.024086,0.000000,synthetic_chat_design_preset
35.08,2.833652,2.806400,0.027252,0.000000,synthetic_chat_design_preset
35.09,2.837511,2.807200,0.030311,0.000000,synthetic_chat_design_preset
35.10,2.841250,2.808000,0.033250,0.000000,synthetic_chat_design_preset
35.11,2.844858,2.808800,0.036058,0.000000,synthetic_chat_design_preset
35.12,2.848324,2.809600,0.038724,0.000000,synthetic_chat_design_preset
35.13,2.851637,2.810400,0.041237,0.000000,synthetic_chat_design_preset
35.14,2.854787,2.811200,0.043587,0.000000,synthetic_chat_design_preset
35.15,2.857765,2.812000,0.045765,0.000000,synthetic_chat_design_preset
35.16,2.860562,2.812800,0.047762,0.000000,synthetic_chat_design_preset
35.17,2.863171,2.813600,0.049571,0.000000,synthetic_chat_design_preset
35.18,2.865585,2.814400,0.051185,0.000000,synthetic_chat_design_preset
35.19,2.867796,2.815200,0.052596,0.000000,synthetic_chat_design_preset
35.20,2.869800,2.816000,0.053800,0.000000,synthetic_chat_design_preset
35.21,2.871591,2.816800,0.054791,0.000000,synthetic_chat_design_preset
35.22,2.873167,2.817600,0.055567,0.000000,synthetic_chat_design_preset
35.23,2.874522,2.818400,0.056122,0.000000,synthetic_chat_design_preset
35.24,2.875657,2.819200,0.056457,0.000000,synthetic_chat_design_preset
35.25,2.876569,2.820000,0.056569,0.000000,synthetic_chat_design_preset
35.26,2.877257,2.820800,0.056457,0.000000,synthetic_chat_design_preset
35.27,2.877722,2.821600,0.056122,0.000000,synthetic_chat_design_preset
35.28,2.877967,2.822400,0.055567,0.000000,synthetic_chat_design_preset
35.29,2.877991,2.823200,0.054791,0.000000,synthetic_chat_design_preset
35.30,2.877800,2.824000,0.053800,0.000000,synthetic_chat_design_preset
35.31,2.877396,2.824800,0.052596,0.000000,synthetic_chat_design_preset
35.32,2.876785,2.825600,0.051185,0.000000,synthetic_chat_design_preset
35.33,2.875971,2.826400,0.049571,0.000000,synthetic_chat_design_preset
35.34,2.874962,2.827200,0.047762,0.000000,synthetic_chat_design_preset
35.35,2.873765,2.828000,0.045765,0.000000,synthetic_chat_design_preset
35.36,2.872387,2.828800,0.043587,0.000000,synthetic_chat_design_preset
35.37,2.870837,2.829600,0.041237,0.000000,synthetic_chat_design_preset
35.38,2.869124,2.830400,0.038724,0.000000,synthetic_chat_design_preset
35.39,2.867258,2.831200,0.036058,0.000000,synthetic_chat_design_preset
35.40,2.865250,2.832000,0.033250,0.000000,synthetic_chat_design_preset
35.41,2.863111,2.832800,0.030311,0.000000,synthetic_chat_design_preset
35.42,2.860852,2.833600,0.027252,0.000000,synthetic_chat_design_preset
35.43,2.858486,2.834400,0.024086,0.000000,synthetic_chat_design_preset
35.44,2.856024,2.835200,0.020824,0.000000,synthetic_chat_design_preset
35.45,2.853481,2.836000,0.017481,0.000000,synthetic_chat_design_preset
35.46,2.850868,2.836800,0.014068,0.000000,synthetic_chat_design_preset
35.47,2.848200,2.837600,0.010600,0.000000,synthetic_chat_design_preset
35.48,2.845490,2.838400,0.007090,0.000000,synthetic_chat_design_preset
35.49,2.842752,2.839200,0.003552,0.000000,synthetic_chat_design_preset
35.50,2.840000,2.840000,-0.000000,0.000000,synthetic_chat_design_preset
35.51,2.837248,2.840800,-0.003552,0.000000,synthetic_chat_design_preset
35.52,2.834510,2.841600,-0.007090,0.000000,synthetic_chat_design_preset
35.53,2.831800,2.842400,-0.010600,0.000000,synthetic_chat_design_preset
35.54,2.829132,2.843200,-0.014068,0.000000,synthetic_chat_design_preset
35.55,2.826519,2.844000,-0.017481,0.000000,synthetic_chat_design_preset
35.56,2.823976,2.844800,-0.020824,0.000000,synthetic_chat_design_preset
35.57,2.821514,2.845600,-0.024086,0.000000,synthetic_chat_design_preset
35.58,2.819148,2.846400,-0.027252,0.000000,synthetic_chat_design_preset
35.59,2.816889,2.847200,-0.030311,0.000000,synthetic_chat_design_preset
35.60,2.814750,2.848000,-0.033250,0.000000,synthetic_chat_design_preset
35.61,2.812742,2.848800,-0.036058,0.000000,synthetic_chat_design_preset
35.62,2.810876,2.849600,-0.038724,0.000000,synthetic_chat_design_preset
35.63,2.809163,2.850400,-0.041237,0.000000,synthetic_chat_design_preset
35.64,2.807613,2.851200,-0.043587,0.000000,synthetic_chat_design_preset
35.65,2.806235,2.852000,-0.045765,0.000000,synthetic_chat_design_preset
35.66,2.805038,2.852800,-0.047762,0.000000,synthetic_chat_design_preset
35.67,2.804029,2.853600,-0.049571,0.000000,synthetic_chat_design_preset
35.68,2.803215,2.854400,-0.051185,0.000000,synthetic_chat_design_preset
35.69,2.802604,2.855200,-0.052596,0.000000,synthetic_chat_design_preset
35.70,2.802200,2.856000,-0.053800,0.000000,synthetic_chat_design_preset
35.71,2.802009,2.856800,-0.054791,0.000000,synthetic_chat_design_preset
35.72,2.802033,2.857600,-0.055567,0.000000,synthetic_chat_design_preset
35.73,2.802278,2.858400,-0.056122,0.000000,synthetic_chat_design_preset
35.74,2.802743,2.859200,-0.056457,0.000000,synthetic_chat_design_preset
35.75,2.803431,2.860000,-0.056569,0.000000,synthetic_chat_design_preset
35.76,2.804343,2.860800,-0.056457,0.000000,synthetic_chat_design_preset
35.77,2.805478,2.861600,-0.056122,0.000000,synthetic_chat_design_preset
35.78,2.806833,2.862400,-0.055567,0.000000,synthetic_chat_design_preset
35.79,2.808409,2.863200,-0.054791,0.000000,synthetic_chat_design_preset
35.80,2.810200,2.864000,-0.053800,0.000000,synthetic_chat_design_preset
35.81,2.812204,2.864800,-0.052596,0.000000,synthetic_chat_design_preset
35.82,2.814415,2.865600,-0.051185,0.000000,synthetic_chat_design_preset
35.83,2.816829,2.866400,-0.049571,0.000000,synthetic_chat_design_preset
35.84,2.819438,2.867200,-0.047762,0.000000,synthetic_chat_design_preset
35.85,2.822235,2.868000,-0.045765,0.000000,synthetic_chat_design_preset
35.86,2.825213,2.868800,-0.043587,0.000000,synthetic_chat_design_preset
35.87,2.828363,2.869600,-0.041237,0.000000,synthetic_chat_design_preset
35.88,2.831676,2.870400,-0.038724,0.000000,synthetic_chat_design_preset
35.89,2.835142,2.871200,-0.036058,0.000000,synthetic_chat_design_preset
35.90,2.838750,2.872000,-0.033250,0.000000,synthetic_chat_design_preset
35.91,2.842489,2.872800,-0.030311,0.000000,synthetic_chat_design_preset
35.92,2.846348,2.873600,-0.027252,0.000000,synthetic_chat_design_preset
35.93,2.850314,2.874400,-0.024086,0.000000,synthetic_chat_design_preset
35.94,2.854376,2.875200,-0.020824,0.000000,synthetic_chat_design_preset
35.95,2.858519,2.876000,-0.017481,0.000000,synthetic_chat_design_preset
35.96,2.862732,2.876800,-0.014068,0.000000,synthetic_chat_design_preset
35.97,2.867000,2.877600,-0.010600,0.000000,synthetic_chat_design_preset
35.98,2.871310,2.878400,-0.007090,0.000000,synthetic_chat_design_preset
35.99,2.875648,2.879200,-0.003552,0.000000,synthetic_chat_design_preset
36.00,2.880000,2.880000,-0.000000,0.000000,synthetic_chat_design_preset
36.01,2.884352,2.880800,0.003552,0.000000,synthetic_chat_design_preset
36.02,2.888690,2.881600,0.007090,0.000000,synthetic_chat_design_preset
36.03,2.893000,2.882400,0.010600,0.000000,synthetic_chat_design_preset
36.04,2.897268,2.883200,0.014068,0.000000,synthetic_chat_design_preset
36.05,2.901481,2.884000,0.017481,0.000000,synthetic_chat_design_preset
36.06,2.905624,2.884800,0.020824,0.000000,synthetic_chat_design_preset
36.07,2.909686,2.885600,0.024086,0.000000,synthetic_chat_design_preset
36.08,2.913652,2.886400,0.027252,0.000000,synthetic_chat_design_preset
36.09,2.917511,2.887200,0.030311,0.000000,synthetic_chat_design_preset
36.10,2.921250,2.888000,0.033250,0.000000,synthetic_chat_design_preset
36.11,2.924858,2.888800,0.036058,0.000000,synthetic_chat_design_preset
36.12,2.928324,2.889600,0.038724,0.000000,synthetic_chat_design_preset
36.13,2.931637,2.890400,0.041237,0.000000,synthetic_chat_design_preset
36.14,2.934787,2.891200,0.043587,0.000000,synthetic_chat_design_preset
36.15,2.937765,2.892000,0.045765,0.000000,synthetic_chat_design_preset
36.16,2.940562,2.892800,0.047762,0.000000,synthetic_chat_design_preset
36.17,2.943171,2.893600,0.049571,0.000000,synthetic_chat_design_preset
36.18,2.945585,2.894400,0.051185,0.000000,synthetic_chat_design_preset
36.19,2.947796,2.895200,0.052596,0.000000,synthetic_chat_design_preset
36.20,2.949800,2.896000,0.053800,0.000000,synthetic_chat_design_preset
36.21,2.951591,2.896800,0.054791,0.000000,synthetic_chat_design_preset
36.22,2.953167,2.897600,0.055567,0.000000,synthetic_chat_design_preset
36.23,2.954522,2.898400,0.056122,0.000000,synthetic_chat_design_preset
36.24,2.955657,2.899200,0.056457,0.000000,synthetic_chat_design_preset
36.25,2.956569,2.900000,0.056569,0.000000,synthetic_chat_design_preset
36.26,2.957257,2.900800,0.056457,0.000000,synthetic_chat_design_preset
36.27,2.957722,2.901600,0.056122,0.000000,synthetic_chat_design_preset
36.28,2.957967,2.902400,0.055567,0.000000,synthetic_chat_design_preset
36.29,2.957991,2.903200,0.054791,0.000000,synthetic_chat_design_preset
36.30,2.957800,2.904000,0.053800,0.000000,synthetic_chat_design_preset
36.31,2.957396,2.904800,0.052596,0.000000,synthetic_chat_design_preset
36.32,2.956785,2.905600,0.051185,0.000000,synthetic_chat_design_preset
36.33,2.955971,2.906400,0.049571,0.000000,synthetic_chat_design_preset
36.34,2.954962,2.907200,0.047762,0.000000,synthetic_chat_design_preset
36.35,2.953765,2.908000,0.045765,0.000000,synthetic_chat_design_preset
36.36,2.952387,2.908800,0.043587,0.000000,synthetic_chat_design_preset
36.37,2.950837,2.909600,0.041237,0.000000,synthetic_chat_design_preset
36.38,2.949124,2.910400,0.038724,0.000000,synthetic_chat_design_preset
36.39,2.947258,2.911200,0.036058,0.000000,synthetic_chat_design_preset
36.40,2.945250,2.912000,0.033250,0.000000,synthetic_chat_design_preset
36.41,2.943111,2.912800,0.030311,0.000000,synthetic_chat_design_preset
36.42,2.940852,2.913600,0.027252,0.000000,synthetic_chat_design_preset
36.43,2.938486,2.914400,0.024086,0.000000,synthetic_chat_design_preset
36.44,2.936024,2.915200,0.020824,0.000000,synthetic_chat_design_preset
36.45,2.933481,2.916000,0.017481,0.000000,synthetic_chat_design_preset
36.46,2.930868,2.916800,0.014068,0.000000,synthetic_chat_design_preset
36.47,2.928200,2.917600,0.010600,0.000000,synthetic_chat_design_preset
36.48,2.925490,2.918400,0.007090,0.000000,synthetic_chat_design_preset
36.49,2.922752,2.919200,0.003552,0.000000,synthetic_chat_design_preset
36.50,2.920000,2.920000,0.000000,0.000000,synthetic_chat_design_preset
36.51,2.917248,2.920800,-0.003552,0.000000,synthetic_chat_design_preset
36.52,2.914510,2.921600,-0.007090,0.000000,synthetic_chat_design_preset
36.53,2.911800,2.922400,-0.010600,0.000000,synthetic_chat_design_preset
36.54,2.909132,2.923200,-0.014068,0.000000,synthetic_chat_design_preset
36.55,2.906519,2.924000,-0.017481,0.000000,synthetic_chat_design_preset
36.56,2.903976,2.924800,-0.020824,0.000000,synthetic_chat_design_preset
36.57,2.901514,2.925600,-0.024086,0.000000,synthetic_chat_design_preset
36.58,2.899148,2.926400,-0.027252,0.000000,synthetic_chat_design_preset
36.59,2.896889,2.927200,-0.030311,0.000000,synthetic_chat_design_preset
36.60,2.894750,2.928000,-0.033250,0.000000,synthetic_chat_design_preset
36.61,2.892742,2.928800,-0.036058,0.000000,synthetic_chat_design_preset
36.62,2.890876,2.929600,-0.038724,0.000000,synthetic_chat_design_preset
36.63,2.889163,2.930400,-0.041237,0.000000,synthetic_chat_design_preset
36.64,2.887613,2.931200,-0.043587,0.000000,synthetic_chat_design_preset
36.65,2.886235,2.932000,-0.045765,0.000000,synthetic_chat_design_preset
36.66,2.885038,2.932800,-0.047762,0.000000,synthetic_chat_design_preset
36.67,2.884029,2.933600,-0.049571,0.000000,synthetic_chat_design_preset
36.68,2.883215,2.934400,-0.051185,0.000000,synthetic_chat_design_preset
36.69,2.882604,2.935200,-0.052596,0.000000,synthetic_chat_design_preset
36.70,2.882200,2.936000,-0.053800,0.000000,synthetic_chat_design_preset
36.71,2.882009,2.936800,-0.054791,0.000000,synthetic_chat_design_preset
36.72,2.882033,2.937600,-0.055567,0.000000,synthetic_chat_design_preset
36.73,2.882278,2.938400,-0.056122,0.000000,synthetic_chat_design_preset
36.74,2.882743,2.939200,-0.056457,0.000000,synthetic_chat_design_preset
36.75,2.883431,2.940000,-0.056569,0.000000,synthetic_chat_design_preset
36.76,2.884343,2.940800,-0.056457,0.000000,synthetic_chat_design_preset
36.77,2.885478,2.941600,-0.056122,0.000000,synthetic_chat_design_preset
36.78,2.886833,2.942400,-0.055567,0.000000,synthetic_chat_design_preset
36.79,2.888409,2.943200,-0.054791,0.000000,synthetic_chat_design_preset
36.80,2.890200,2.944000,-0.053800,0.000000,synthetic_chat_design_preset
36.81,2.892204,2.944800,-0.052596,0.000000,synthetic_chat_design_preset
36.82,2.894415,2.945600,-0.051185,0.000000,synthetic_chat_design_preset
36.83,2.896829,2.946400,-0.049571,0.000000,synthetic_chat_design_preset
36.84,2.899438,2.947200,-0.047762,0.000000,synthetic_chat_design_preset
36.85,2.902235,2.948000,-0.045765,0.000000,synthetic_chat_design_preset
36.86,2.905213,2.948800,-0.043587,0.000000,synthetic_chat_design_preset
36.87,2.908363,2.949600,-0.041237,0.000000,synthetic_chat_design_preset
36.88,2.911676,2.950400,-0.038724,0.000000,synthetic_chat_design_preset
36.89,2.915142,2.951200,-0.036058,0.000000,synthetic_chat_design_preset
36.90,2.918750,2.952000,-0.033250,0.000000,synthetic_chat_design_preset
36.91,2.922489,2.952800,-0.030311,0.000000,synthetic_chat_design_preset
36.92,2.926348,2.953600,-0.027252,0.000000,synthetic_chat_design_preset
36.93,2.930314,2.954400,-0.024086,0.000000,synthetic_chat_design_preset
36.94,2.934376,2.955200,-0.020824,0.000000,synthetic_chat_design_preset
36.95,2.938519,2.956000,-0.017481,0.000000,synthetic_chat_design_preset
36.96,2.942732,2.956800,-0.014068,0.000000,synthetic_chat_design_preset
36.97,2.947000,2.957600,-0.010600,0.000000,synthetic_chat_design_preset
36.98,2.951310,2.958400,-0.007090,0.000000,synthetic_chat_design_preset
36.99,2.955681,2.959200,-0.003552,0.000033,synthetic_chat_design_preset
37.00,2.960045,2.960000,-0.000000,0.000045,synthetic_chat_design_preset
37.01,2.964413,2.960800,0.003552,0.000061,synthetic_chat_design_preset
37.02,2.968773,2.961600,0.007090,0.000083,synthetic_chat_design_preset
37.03,2.973111,2.962400,0.010600,0.000111,synthetic_chat_design_preset
37.04,2.977416,2.963200,0.014068,0.000148,synthetic_chat_design_preset
37.05,2.981676,2.964000,0.017481,0.000195,synthetic_chat_design_preset
37.06,2.985881,2.964800,0.020824,0.000257,synthetic_chat_design_preset
37.07,2.990022,2.965600,0.024086,0.000336,synthetic_chat_design_preset
37.08,2.994089,2.966400,0.027252,0.000436,synthetic_chat_design_preset
37.09,2.998075,2.967200,0.030311,0.000564,synthetic_chat_design_preset
37.10,3.001973,2.968000,0.033250,0.000723,synthetic_chat_design_preset
37.11,3.005781,2.968800,0.036058,0.000923,synthetic_chat_design_preset
37.12,3.009493,2.969600,0.038724,0.001170,synthetic_chat_design_preset
37.13,3.013110,2.970400,0.041237,0.001474,synthetic_chat_design_preset
37.14,3.016632,2.971200,0.043587,0.001845,synthetic_chat_design_preset
37.15,3.020061,2.972000,0.045765,0.002296,synthetic_chat_design_preset
37.16,3.023403,2.972800,0.047762,0.002840,synthetic_chat_design_preset
37.17,3.026663,2.973600,0.049571,0.003492,synthetic_chat_design_preset
37.18,3.029850,2.974400,0.051185,0.004266,synthetic_chat_design_preset
37.19,3.032975,2.975200,0.052596,0.005179,synthetic_chat_design_preset
37.20,3.036050,2.976000,0.053800,0.006250,synthetic_chat_design_preset
37.21,3.039087,2.976800,0.054791,0.007496,synthetic_chat_design_preset
37.22,3.042101,2.977600,0.055567,0.008935,synthetic_chat_design_preset
37.23,3.045107,2.978400,0.056122,0.010584,synthetic_chat_design_preset
37.24,3.048118,2.979200,0.056457,0.012462,synthetic_chat_design_preset
37.25,3.051150,2.980000,0.056569,0.014582,synthetic_chat_design_preset
37.26,3.054214,2.980800,0.056457,0.016958,synthetic_chat_design_preset
37.27,3.057322,2.981600,0.056122,0.019600,synthetic_chat_design_preset
37.28,3.060480,2.982400,0.055567,0.022514,synthetic_chat_design_preset
37.29,3.063694,2.983200,0.054791,0.025703,synthetic_chat_design_preset
37.30,3.066963,2.984000,0.053800,0.029163,synthetic_chat_design_preset
37.31,3.070282,2.984800,0.052596,0.032886,synthetic_chat_design_preset
37.32,3.073641,2.985600,0.051185,0.036857,synthetic_chat_design_preset
37.33,3.077024,2.986400,0.049571,0.041053,synthetic_chat_design_preset
37.34,3.080408,2.987200,0.047762,0.045446,synthetic_chat_design_preset
37.35,3.083765,2.988000,0.045765,0.050000,synthetic_chat_design_preset
37.36,3.087059,2.988800,0.043587,0.054673,synthetic_chat_design_preset
37.37,3.090251,2.989600,0.041237,0.059415,synthetic_chat_design_preset
37.38,3.093295,2.990400,0.038724,0.064171,synthetic_chat_design_preset
37.39,3.096141,2.991200,0.036058,0.068883,synthetic_chat_design_preset
37.40,3.098737,2.992000,0.033250,0.073487,synthetic_chat_design_preset
37.41,3.101027,2.992800,0.030311,0.077916,synthetic_chat_design_preset
37.42,3.102958,2.993600,0.027252,0.082106,synthetic_chat_design_preset
37.43,3.104475,2.994400,0.024086,0.085989,synthetic_chat_design_preset
37.44,3.105527,2.995200,0.020824,0.089503,synthetic_chat_design_preset
37.45,3.106068,2.996000,0.017481,0.092587,synthetic_chat_design_preset
37.46,3.106058,2.996800,0.014068,0.095190,synthetic_chat_design_preset
37.47,3.105465,2.997600,0.010600,0.097265,synthetic_chat_design_preset
37.48,3.104265,2.998400,0.007090,0.098775,synthetic_chat_design_preset
37.49,3.102444,2.999200,0.003552,0.099692,synthetic_chat_design_preset
37.50,3.100000,3.000000,0.000000,0.100000,synthetic_chat_design_preset
37.51,3.096940,3.000800,-0.003552,0.099692,synthetic_chat_design_preset
37.52,3.093285,3.001600,-0.007090,0.098775,synthetic_chat_design_preset
37.53,3.089066,3.002400,-0.010600,0.097265,synthetic_chat_design_preset
37.54,3.084322,3.003200,-0.014068,0.095190,synthetic_chat_design_preset
37.55,3.079107,3.004000,-0.017481,0.092587,synthetic_chat_design_preset
37.56,3.073478,3.004800,-0.020824,0.089503,synthetic_chat_design_preset
37.57,3.067503,3.005600,-0.024086,0.085989,synthetic_chat_design_preset
37.58,3.061254,3.006400,-0.027252,0.082106,synthetic_chat_design_preset
37.59,3.054806,3.007200,-0.030311,0.077916,synthetic_chat_design_preset
37.60,3.048237,3.008000,-0.033250,0.073487,synthetic_chat_design_preset
37.61,3.041625,3.008800,-0.036058,0.068883,synthetic_chat_design_preset
37.62,3.035047,3.009600,-0.038724,0.064171,synthetic_chat_design_preset
37.63,3.028578,3.010400,-0.041237,0.059415,synthetic_chat_design_preset
37.64,3.022286,3.011200,-0.043587,0.054673,synthetic_chat_design_preset
37.65,3.016235,3.012000,-0.045765,0.050000,synthetic_chat_design_preset
37.66,3.010484,3.012800,-0.047762,0.045446,synthetic_chat_design_preset
37.67,3.005081,3.013600,-0.049571,0.041053,synthetic_chat_design_preset
37.68,3.000072,3.014400,-0.051185,0.036857,synthetic_chat_design_preset
37.69,2.995490,3.015200,-0.052596,0.032886,synthetic_chat_design_preset
37.70,2.991363,3.016000,-0.053800,0.029163,synthetic_chat_design_preset
37.71,2.987712,3.016800,-0.054791,0.025703,synthetic_chat_design_preset
37.72,2.984547,3.017600,-0.055567,0.022514,synthetic_chat_design_preset
37.73,2.981877,3.018400,-0.056122,0.019600,synthetic_chat_design_preset
37.74,2.979701,3.019200,-0.056457,0.016958,synthetic_chat_design_preset
37.75,2.978013,3.020000,-0.056569,0.014582,synthetic_chat_design_preset
37.76,2.976805,3.020800,-0.056457,0.012462,synthetic_chat_design_preset
37.77,2.976062,3.021600,-0.056122,0.010584,synthetic_chat_design_preset
37.78,2.975768,3.022400,-0.055567,0.008935,synthetic_chat_design_preset
37.79,2.975904,3.023200,-0.054791,0.007496,synthetic_chat_design_preset
37.80,2.976450,3.024000,-0.053800,0.006250,synthetic_chat_design_preset
37.81,2.977383,3.024800,-0.052596,0.005179,synthetic_chat_design_preset
37.82,2.978681,3.025600,-0.051185,0.004266,synthetic_chat_design_preset
37.83,2.980320,3.026400,-0.049571,0.003492,synthetic_chat_design_preset
37.84,2.982278,3.027200,-0.047762,0.002840,synthetic_chat_design_preset
37.85,2.984532,3.028000,-0.045765,0.002296,synthetic_chat_design_preset
37.86,2.987058,3.028800,-0.043587,0.001845,synthetic_chat_design_preset
37.87,2.989837,3.029600,-0.041237,0.001474,synthetic_chat_design_preset
37.88,2.992846,3.030400,-0.038724,0.001170,synthetic_chat_design_preset
37.89,2.996065,3.031200,-0.036058,0.000923,synthetic_chat_design_preset
37.90,2.999473,3.032000,-0.033250,0.000723,synthetic_chat_design_preset
37.91,3.003053,3.032800,-0.030311,0.000564,synthetic_chat_design_preset
37.92,3.006784,3.033600,-0.027252,0.000436,synthetic_chat_design_preset
37.93,3.010650,3.034400,-0.024086,0.000336,synthetic_chat_design_preset
37.94,3.014633,3.035200,-0.020824,0.000257,synthetic_chat_design_preset
37.95,3.018715,3.036000,-0.017481,0.000195,synthetic_chat_design_preset
37.96,3.022880,3.036800,-0.014068,0.000148,synthetic_chat_design_preset
37.97,3.027111,3.037600,-0.010600,0.000111,synthetic_chat_design_preset
37.98,3.031393,3.038400,-0.007090,0.000083,synthetic_chat_design_preset
37.99,3.035709,3.039200,-0.003552,0.000061,synthetic_chat_design_preset
38.00,3.040045,3.040000,-0.000000,0.000045,synthetic_chat_design_preset
38.01,3.044352,3.040800,0.003552,0.000000,synthetic_chat_design_preset
38.02,3.048690,3.041600,0.007090,0.000000,synthetic_chat_design_preset
38.03,3.053000,3.042400,0.010600,0.000000,synthetic_chat_design_preset
38.04,3.057268,3.043200,0.014068,0.000000,synthetic_chat_design_preset
38.05,3.061481,3.044000,0.017481,0.000000,synthetic_chat_design_preset
38.06,3.065624,3.044800,0.020824,0.000000,synthetic_chat_design_preset
38.07,3.069686,3.045600,0.024086,0.000000,synthetic_chat_design_preset
38.08,3.073652,3.046400,0.027252,0.000000,synthetic_chat_design_preset
38.09,3.077511,3.047200,0.030311,0.000000,synthetic_chat_design_preset
38.10,3.081250,3.048000,0.033250,0.000000,synthetic_chat_design_preset
38.11,3.084858,3.048800,0.036058,0.000000,synthetic_chat_design_preset
38.12,3.088324,3.049600,0.038724,0.000000,synthetic_chat_design_preset
38.13,3.091637,3.050400,0.041237,0.000000,synthetic_chat_design_preset
38.14,3.094787,3.051200,0.043587,0.000000,synthetic_chat_design_preset
38.15,3.097765,3.052000,0.045765,0.000000,synthetic_chat_design_preset
38.16,3.100562,3.052800,0.047762,0.000000,synthetic_chat_design_preset
38.17,3.103171,3.053600,0.049571,0.000000,synthetic_chat_design_preset
38.18,3.105585,3.054400,0.051185,0.000000,synthetic_chat_design_preset
38.19,3.107796,3.055200,0.052596,0.000000,synthetic_chat_design_preset
38.20,3.109800,3.056000,0.053800,0.000000,synthetic_chat_design_preset
38.21,3.111591,3.056800,0.054791,0.000000,synthetic_chat_design_preset
38.22,3.113167,3.057600,0.055567,0.000000,synthetic_chat_design_preset
38.23,3.114522,3.058400,0.056122,0.000000,synthetic_chat_design_preset
38.24,3.115657,3.059200,0.056457,0.000000,synthetic_chat_design_preset
38.25,3.116569,3.060000,0.056569,0.000000,synthetic_chat_design_preset
38.26,3.117257,3.060800,0.056457,0.000000,synthetic_chat_design_preset
38.27,3.117722,3.061600,0.056122,0.000000,synthetic_chat_design_preset
38.28,3.117967,3.062400,0.055567,0.000000,synthetic_chat_design_preset
38.29,3.117991,3.063200,0.054791,0.000000,synthetic_chat_design_preset
38.30,3.117800,3.064000,0.053800,0.000000,synthetic_chat_design_preset
38.31,3.117396,3.064800,0.052596,0.000000,synthetic_chat_design_preset
38.32,3.116785,3.065600,0.051185,0.000000,synthetic_chat_design_preset
38.33,3.115971,3.066400,0.049571,0.000000,synthetic_chat_design_preset
38.34,3.114962,3.067200,0.047762,0.000000,synthetic_chat_design_preset
38.35,3.113765,3.068000,0.045765,0.000000,synthetic_chat_design_preset
38.36,3.112387,3.068800,0.043587,0.000000,synthetic_chat_design_preset
38.37,3.110837,3.069600,0.041237,0.000000,synthetic_chat_design_preset
38.38,3.109124,3.070400,0.038724,0.000000,synthetic_chat_design_preset
38.39,3.107258,3.071200,0.036058,0.000000,synthetic_chat_design_preset
38.40,3.105250,3.072000,0.033250,0.000000,synthetic_chat_design_preset
38.41,3.103111,3.072800,0.030311,0.000000,synthetic_chat_design_preset
38.42,3.100852,3.073600,0.027252,0.000000,synthetic_chat_design_preset
38.43,3.098486,3.074400,0.024086,0.000000,synthetic_chat_design_preset
38.44,3.096024,3.075200,0.020824,0.000000,synthetic_chat_design_preset
38.45,3.093481,3.076000,0.017481,0.000000,synthetic_chat_design_preset
38.46,3.090868,3.076800,0.014068,0.000000,synthetic_chat_design_preset
38.47,3.088200,3.077600,0.010600,0.000000,synthetic_chat_design_preset
38.48,3.085490,3.078400,0.007090,0.000000,synthetic_chat_design_preset
38.49,3.082752,3.079200,0.003552,0.000000,synthetic_chat_design_preset
38.50,3.080000,3.080000,0.000000,0.000000,synthetic_chat_design_preset
38.51,3.077248,3.080800,-0.003552,0.000000,synthetic_chat_design_preset
38.52,3.074510,3.081600,-0.007090,0.000000,synthetic_chat_design_preset
38.53,3.071800,3.082400,-0.010600,0.000000,synthetic_chat_design_preset
38.54,3.069132,3.083200,-0.014068,0.000000,synthetic_chat_design_preset
38.55,3.066519,3.084000,-0.017481,0.000000,synthetic_chat_design_preset
38.56,3.063976,3.084800,-0.020824,0.000000,synthetic_chat_design_preset
38.57,3.061514,3.085600,-0.024086,0.000000,synthetic_chat_design_preset
38.58,3.059148,3.086400,-0.027252,0.000000,synthetic_chat_design_preset
38.59,3.056889,3.087200,-0.030311,0.000000,synthetic_chat_design_preset
38.60,3.054750,3.088000,-0.033250,0.000000,synthetic_chat_design_preset
38.61,3.052742,3.088800,-0.036058,0.000000,synthetic_chat_design_preset
38.62,3.050876,3.089600,-0.038724,0.000000,synthetic_chat_design_preset
38.63,3.049163,3.090400,-0.041237,0.000000,synthetic_chat_design_preset
38.64,3.047613,3.091200,-0.043587,0.000000,synthetic_chat_design_preset
38.65,3.046235,3.092000,-0.045765,0.000000,synthetic_chat_design_preset
38.66,3.045038,3.092800,-0.047762,0.000000,synthetic_chat_design_preset
38.67,3.044029,3.093600,-0.049571,0.000000,synthetic_chat_design_preset
38.68,3.043215,3.094400,-0.051185,0.000000,synthetic_chat_design_preset
38.69,3.042604,3.095200,-0.052596,0.000000,synthetic_chat_design_preset
38.70,3.042200,3.096000,-0.053800,0.000000,synthetic_chat_design_preset
38.71,3.042009,3.096800,-0.054791,0.000000,synthetic_chat_design_preset
38.72,3.042033,3.097600,-0.055567,0.000000,synthetic_chat_design_preset
38.73,3.042278,3.098400,-0.056122,0.000000,synthetic_chat_design_preset
38.74,3.042743,3.099200,-0.056457,0.000000,synthetic_chat_design_preset
38.75,3.043431,3.100000,-0.056569,0.000000,synthetic_chat_design_preset
38.76,3.044343,3.100800,-0.056457,0.000000,synthetic_chat_design_preset
38.77,3.045478,3.101600,-0.056122,0.000000,synthetic_chat_design_preset
38.78,3.046833,3.102400,-0.055567,0.000000,synthetic_chat_design_preset
38.79,3.048409,3.103200,-0.054791,0.000000,synthetic_chat_design_preset
38.80,3.050200,3.104000,-0.053800,0.000000,synthetic_chat_design_preset
38.81,3.052204,3.104800,-0.052596,0.000000,synthetic_chat_design_preset
38.82,3.054415,3.105600,-0.051185,0.000000,synthetic_chat_design_preset
38.83,3.056829,3.106400,-0.049571,0.000000,synthetic_chat_design_preset
38.84,3.059438,3.107200,-0.047762,0.000000,synthetic_chat_design_preset
38.85,3.062235,3.108000,-0.045765,0.000000,synthetic_chat_design_preset
38.86,3.065213,3.108800,-0.043587,0.000000,synthetic_chat_design_preset
38.87,3.068363,3.109600,-0.041237,0.000000,synthetic_chat_design_preset
38.88,3.071676,3.110400,-0.038724,0.000000,synthetic_chat_design_preset
38.89,3.075142,3.111200,-0.036058,0.000000,synthetic_chat_design_preset
38.90,3.078750,3.112000,-0.033250,0.000000,synthetic_chat_design_preset
38.91,3.082489,3.112800,-0.030311,0.000000,synthetic_chat_design_preset
38.92,3.086348,3.113600,-0.027252,0.000000,synthetic_chat_design_preset
38.93,3.090314,3.114400,-0.024086,0.000000,synthetic_chat_design_preset
38.94,3.094376,3.115200,-0.020824,0.000000,synthetic_chat_design_preset
38.95,3.098519,3.116000,-0.017481,0.000000,synthetic_chat_design_preset
38.96,3.102732,3.116800,-0.014068,0.000000,synthetic_chat_design_preset
38.97,3.107000,3.117600,-0.010600,0.000000,synthetic_chat_design_preset
38.98,3.111310,3.118400,-0.007090,0.000000,synthetic_chat_design_preset
38.99,3.115648,3.119200,-0.003552,0.000000,synthetic_chat_design_preset
39.00,3.120000,3.120000,-0.000000,0.000000,synthetic_chat_design_preset
39.01,3.124352,3.120800,0.003552,0.000000,synthetic_chat_design_preset
39.02,3.128690,3.121600,0.007090,0.000000,synthetic_chat_design_preset
39.03,3.133000,3.122400,0.010600,0.000000,synthetic_chat_design_preset
39.04,3.137268,3.123200,0.014068,0.000000,synthetic_chat_design_preset
39.05,3.141481,3.124000,0.017481,0.000000,synthetic_chat_design_preset
39.06,3.145624,3.124800,0.020824,0.000000,synthetic_chat_design_preset
39.07,3.149686,3.125600,0.024086,0.000000,synthetic_chat_design_preset
39.08,3.153652,3.126400,0.027252,0.000000,synthetic_chat_design_preset
39.09,3.157511,3.127200,0.030311,0.000000,synthetic_chat_design_preset
39.10,3.161250,3.128000,0.033250,0.000000,synthetic_chat_design_preset
39.11,3.164858,3.128800,0.036058,0.000000,synthetic_chat_design_preset
39.12,3.168324,3.129600,0.038724,0.000000,synthetic_chat_design_preset
39.13,3.171637,3.130400,0.041237,0.000000,synthetic_chat_design_preset
39.14,3.174787,3.131200,0.043587,0.000000,synthetic_chat_design_preset
39.15,3.177765,3.132000,0.045765,0.000000,synthetic_chat_design_preset
39.16,3.180562,3.132800,0.047762,0.000000,synthetic_chat_design_preset
39.17,3.183171,3.133600,0.049571,0.000000,synthetic_chat_design_preset
39.18,3.185585,3.134400,0.051185,0.000000,synthetic_chat_design_preset
39.19,3.187796,3.135200,0.052596,0.000000,synthetic_chat_design_preset
39.20,3.189800,3.136000,0.053800,0.000000,synthetic_chat_design_preset
39.21,3.191591,3.136800,0.054791,0.000000,synthetic_chat_design_preset
39.22,3.193167,3.137600,0.055567,0.000000,synthetic_chat_design_preset
39.23,3.194522,3.138400,0.056122,0.000000,synthetic_chat_design_preset
39.24,3.195657,3.139200,0.056457,0.000000,synthetic_chat_design_preset
39.25,3.196569,3.140000,0.056569,0.000000,synthetic_chat_design_preset
39.26,3.197257,3.140800,0.056457,0.000000,synthetic_chat_design_preset
39.27,3.197722,3.141600,0.056122,0.000000,synthetic_chat_design_preset
39.28,3.197967,3.142400,0.055567,0.000000,synthetic_chat_design_preset
39.29,3.197991,3.143200,0.054791,0.000000,synthetic_chat_design_preset
39.30,3.197800,3.144000,0.053800,0.000000,synthetic_chat_design_preset
39.31,3.197396,3.144800,0.052596,0.000000,synthetic_chat_design_preset
39.32,3.196785,3.145600,0.051185,0.000000,synthetic_chat_design_preset
39.33,3.195971,3.146400,0.049571,0.000000,synthetic_chat_design_preset
39.34,3.194962,3.147200,0.047762,0.000000,synthetic_chat_design_preset
39.35,3.193765,3.148000,0.045765,0.000000,synthetic_chat_design_preset
39.36,3.192387,3.148800,0.043587,0.000000,synthetic_chat_design_preset
39.37,3.190837,3.149600,0.041237,0.000000,synthetic_chat_design_preset
39.38,3.189124,3.150400,0.038724,0.000000,synthetic_chat_design_preset
39.39,3.187258,3.151200,0.036058,0.000000,synthetic_chat_design_preset
39.40,3.185250,3.152000,0.033250,0.000000,synthetic_chat_design_preset
39.41,3.183111,3.152800,0.030311,0.000000,synthetic_chat_design_preset
39.42,3.180852,3.153600,0.027252,0.000000,synthetic_chat_design_preset
39.43,3.178486,3.154400,0.024086,0.000000,synthetic_chat_design_preset
39.44,3.176024,3.155200,0.020824,0.000000,synthetic_chat_design_preset
39.45,3.173481,3.156000,0.017481,0.000000,synthetic_chat_design_preset
39.46,3.170868,3.156800,0.014068,0.000000,synthetic_chat_design_preset
39.47,3.168200,3.157600,0.010600,0.000000,synthetic_chat_design_preset
39.48,3.165490,3.158400,0.007090,0.000000,synthetic_chat_design_preset
39.49,3.162752,3.159200,0.003552,0.000000,synthetic_chat_design_preset
39.50,3.160000,3.160000,-0.000000,0.000000,synthetic_chat_design_preset
39.51,3.157248,3.160800,-0.003552,0.000000,synthetic_chat_design_preset
39.52,3.154510,3.161600,-0.007090,0.000000,synthetic_chat_design_preset
39.53,3.151800,3.162400,-0.010600,0.000000,synthetic_chat_design_preset
39.54,3.149132,3.163200,-0.014068,0.000000,synthetic_chat_design_preset
39.55,3.146519,3.164000,-0.017481,0.000000,synthetic_chat_design_preset
39.56,3.143976,3.164800,-0.020824,0.000000,synthetic_chat_design_preset
39.57,3.141514,3.165600,-0.024086,0.000000,synthetic_chat_design_preset
39.58,3.139148,3.166400,-0.027252,0.000000,synthetic_chat_design_preset
39.59,3.136889,3.167200,-0.030311,0.000000,synthetic_chat_design_preset
39.60,3.134750,3.168000,-0.033250,0.000000,synthetic_chat_design_preset
39.61,3.132742,3.168800,-0.036058,0.000000,synthetic_chat_design_preset
39.62,3.130876,3.169600,-0.038724,0.000000,synthetic_chat_design_preset
39.63,3.129163,3.170400,-0.041237,0.000000,synthetic_chat_design_preset
39.64,3.127613,3.171200,-0.043587,0.000000,synthetic_chat_design_preset
39.65,3.126235,3.172000,-0.045765,0.000000,synthetic_chat_design_preset
39.66,3.125038,3.172800,-0.047762,0.000000,synthetic_chat_design_preset
39.67,3.124029,3.173600,-0.049571,0.000000,synthetic_chat_design_preset
39.68,3.123215,3.174400,-0.051185,0.000000,synthetic_chat_design_preset
39.69,3.122604,3.175200,-0.052596,0.000000,synthetic_chat_design_preset
39.70,3.122200,3.176000,-0.053800,0.000000,synthetic_chat_design_preset
39.71,3.122009,3.176800,-0.054791,0.000000,synthetic_chat_design_preset
39.72,3.122033,3.177600,-0.055567,0.000000,synthetic_chat_design_preset
39.73,3.122278,3.178400,-0.056122,0.000000,synthetic_chat_design_preset
39.74,3.122743,3.179200,-0.056457,0.000000,synthetic_chat_design_preset
39.75,3.123431,3.180000,-0.056569,0.000000,synthetic_chat_design_preset
39.76,3.124343,3.180800,-0.056457,0.000000,synthetic_chat_design_preset
39.77,3.125478,3.181600,-0.056122,0.000000,synthetic_chat_design_preset
39.78,3.126833,3.182400,-0.055567,0.000000,synthetic_chat_design_preset
39.79,3.128409,3.183200,-0.054791,0.000000,synthetic_chat_design_preset
39.80,3.130200,3.184000,-0.053800,0.000000,synthetic_chat_design_preset
39.81,3.132204,3.184800,-0.052596,0.000000,synthetic_chat_design_preset
39.82,3.134415,3.185600,-0.051185,0.000000,synthetic_chat_design_preset
39.83,3.136829,3.186400,-0.049571,0.000000,synthetic_chat_design_preset
39.84,3.139438,3.187200,-0.047762,0.000000,synthetic_chat_design_preset
39.85,3.142235,3.188000,-0.045765,0.000000,synthetic_chat_design_preset
39.86,3.145213,3.188800,-0.043587,0.000000,synthetic_chat_design_preset
39.87,3.148363,3.189600,-0.041237,0.000000,synthetic_chat_design_preset
39.88,3.151676,3.190400,-0.038724,0.000000,synthetic_chat_design_preset
39.89,3.155142,3.191200,-0.036058,0.000000,synthetic_chat_design_preset
39.90,3.158750,3.192000,-0.033250,0.000000,synthetic_chat_design_preset
39.91,3.162489,3.192800,-0.030311,0.000000,synthetic_chat_design_preset
39.92,3.166348,3.193600,-0.027252,0.000000,synthetic_chat_design_preset
39.93,3.170314,3.194400,-0.024086,0.000000,synthetic_chat_design_preset
39.94,3.174376,3.195200,-0.020824,0.000000,synthetic_chat_design_preset
39.95,3.178519,3.196000,-0.017481,0.000000,synthetic_chat_design_preset
39.96,3.182732,3.196800,-0.014068,0.000000,synthetic_chat_design_preset
39.97,3.187000,3.197600,-0.010600,0.000000,synthetic_chat_design_preset
39.98,3.191310,3.198400,-0.007090,0.000000,synthetic_chat_design_preset
39.99,3.195648,3.199200,-0.003552,0.000000,synthetic_chat_design_preset
40.00,3.200000,3.200000,-0.000000,0.000000,synthetic_chat_design_preset
40.01,3.204352,3.200800,0.003552,0.000000,synthetic_chat_design_preset
40.02,3.208690,3.201600,0.007090,0.000000,synthetic_chat_design_preset
40.03,3.213000,3.202400,0.010600,0.000000,synthetic_chat_design_preset
40.04,3.217268,3.203200,0.014068,0.000000,synthetic_chat_design_preset
40.05,3.221481,3.204000,0.017481,0.000000,synthetic_chat_design_preset
40.06,3.225624,3.204800,0.020824,0.000000,synthetic_chat_design_preset
40.07,3.229686,3.205600,0.024086,0.000000,synthetic_chat_design_preset
40.08,3.233652,3.206400,0.027252,0.000000,synthetic_chat_design_preset
40.09,3.237511,3.207200,0.030311,0.000000,synthetic_chat_design_preset
40.10,3.241250,3.208000,0.033250,0.000000,synthetic_chat_design_preset
40.11,3.244858,3.208800,0.036058,0.000000,synthetic_chat_design_preset
40.12,3.248324,3.209600,0.038724,0.000000,synthetic_chat_design_preset
40.13,3.251637,3.210400,0.041237,0.000000,synthetic_chat_design_preset
40.14,3.254787,3.211200,0.043587,0.000000,synthetic_chat_design_preset
40.15,3.257765,3.212000,0.045765,0.000000,synthetic_chat_design_preset
40.16,3.260562,3.212800,0.047762,0.000000,synthetic_chat_design_preset
40.17,3.263171,3.213600,0.049571,0.000000,synthetic_chat_design_preset
40.18,3.265585,3.214400,0.051185,0.000000,synthetic_chat_design_preset
40.19,3.267796,3.215200,0.052596,0.000000,synthetic_chat_design_preset
40.20,3.269800,3.216000,0.053800,0.000000,synthetic_chat_design_preset
40.21,3.271591,3.216800,0.054791,0.000000,synthetic_chat_design_preset
40.22,3.273167,3.217600,0.055567,0.000000,synthetic_chat_design_preset
40.23,3.274522,3.218400,0.056122,0.000000,synthetic_chat_design_preset
40.24,3.275657,3.219200,0.056457,0.000000,synthetic_chat_design_preset
40.25,3.276569,3.220000,0.056569,0.000000,synthetic_chat_design_preset
40.26,3.277257,3.220800,0.056457,0.000000,synthetic_chat_design_preset
40.27,3.277722,3.221600,0.056122,0.000000,synthetic_chat_design_preset
40.28,3.277967,3.222400,0.055567,0.000000,synthetic_chat_design_preset
40.29,3.277991,3.223200,0.054791,0.000000,synthetic_chat_design_preset
40.30,3.277800,3.224000,0.053800,0.000000,synthetic_chat_design_preset
40.31,3.277396,3.224800,0.052596,0.000000,synthetic_chat_design_preset
40.32,3.276785,3.225600,0.051185,0.000000,synthetic_chat_design_preset
40.33,3.275971,3.226400,0.049571,0.000000,synthetic_chat_design_preset
40.34,3.274962,3.227200,0.047762,0.000000,synthetic_chat_design_preset
40.35,3.273765,3.228000,0.045765,0.000000,synthetic_chat_design_preset
40.36,3.272387,3.228800,0.043587,0.000000,synthetic_chat_design_preset
40.37,3.270837,3.229600,0.041237,0.000000,synthetic_chat_design_preset
40.38,3.269124,3.230400,0.038724,0.000000,synthetic_chat_design_preset
40.39,3.267258,3.231200,0.036058,0.000000,synthetic_chat_design_preset
40.40,3.265250,3.232000,0.033250,0.000000,synthetic_chat_design_preset
40.41,3.263111,3.232800,0.030311,0.000000,synthetic_chat_design_preset
40.42,3.260852,3.233600,0.027252,0.000000,synthetic_chat_design_preset
40.43,3.258486,3.234400,0.024086,0.000000,synthetic_chat_design_preset
40.44,3.256024,3.235200,0.020824,0.000000,synthetic_chat_design_preset
40.45,3.253481,3.236000,0.017481,0.000000,synthetic_chat_design_preset
40.46,3.250868,3.236800,0.014068,0.000000,synthetic_chat_design_preset
40.47,3.248200,3.237600,0.010600,0.000000,synthetic_chat_design_preset
40.48,3.245490,3.238400,0.007090,0.000000,synthetic_chat_design_preset
40.49,3.242752,3.239200,0.003552,0.000000,synthetic_chat_design_preset
40.50,3.240000,3.240000,0.000000,0.000000,synthetic_chat_design_preset
40.51,3.237248,3.240800,-0.003552,0.000000,synthetic_chat_design_preset
40.52,3.234510,3.241600,-0.007090,0.000000,synthetic_chat_design_preset
40.53,3.231800,3.242400,-0.010600,0.000000,synthetic_chat_design_preset
40.54,3.229132,3.243200,-0.014068,0.000000,synthetic_chat_design_preset
40.55,3.226519,3.244000,-0.017481,0.000000,synthetic_chat_design_preset
40.56,3.223976,3.244800,-0.020824,0.000000,synthetic_chat_design_preset
40.57,3.221514,3.245600,-0.024086,0.000000,synthetic_chat_design_preset
40.58,3.219148,3.246400,-0.027252,0.000000,synthetic_chat_design_preset
40.59,3.216889,3.247200,-0.030311,0.000000,synthetic_chat_design_preset
40.60,3.214750,3.248000,-0.033250,0.000000,synthetic_chat_design_preset
40.61,3.212742,3.248800,-0.036058,0.000000,synthetic_chat_design_preset
40.62,3.210876,3.249600,-0.038724,0.000000,synthetic_chat_design_preset
40.63,3.209163,3.250400,-0.041237,0.000000,synthetic_chat_design_preset
40.64,3.207613,3.251200,-0.043587,0.000000,synthetic_chat_design_preset
40.65,3.206235,3.252000,-0.045765,0.000000,synthetic_chat_design_preset
40.66,3.205038,3.252800,-0.047762,0.000000,synthetic_chat_design_preset
40.67,3.204029,3.253600,-0.049571,0.000000,synthetic_chat_design_preset
40.68,3.203215,3.254400,-0.051185,0.000000,synthetic_chat_design_preset
40.69,3.202604,3.255200,-0.052596,0.000000,synthetic_chat_design_preset
40.70,3.202200,3.256000,-0.053800,0.000000,synthetic_chat_design_preset
40.71,3.202009,3.256800,-0.054791,0.000000,synthetic_chat_design_preset
40.72,3.202033,3.257600,-0.055567,0.000000,synthetic_chat_design_preset
40.73,3.202278,3.258400,-0.056122,0.000000,synthetic_chat_design_preset
40.74,3.202743,3.259200,-0.056457,0.000000,synthetic_chat_design_preset
40.75,3.203431,3.260000,-0.056569,0.000000,synthetic_chat_design_preset
40.76,3.204343,3.260800,-0.056457,0.000000,synthetic_chat_design_preset
40.77,3.205478,3.261600,-0.056122,0.000000,synthetic_chat_design_preset
40.78,3.206833,3.262400,-0.055567,0.000000,synthetic_chat_design_preset
40.79,3.208409,3.263200,-0.054791,0.000000,synthetic_chat_design_preset
40.80,3.210200,3.264000,-0.053800,0.000000,synthetic_chat_design_preset
40.81,3.212204,3.264800,-0.052596,0.000000,synthetic_chat_design_preset
40.82,3.214415,3.265600,-0.051185,0.000000,synthetic_chat_design_preset
40.83,3.216829,3.266400,-0.049571,0.000000,synthetic_chat_design_preset
40.84,3.219438,3.267200,-0.047762,0.000000,synthetic_chat_design_preset
40.85,3.222235,3.268000,-0.045765,0.000000,synthetic_chat_design_preset
40.86,3.225213,3.268800,-0.043587,0.000000,synthetic_chat_design_preset
40.87,3.228363,3.269600,-0.041237,0.000000,synthetic_chat_design_preset
40.88,3.231676,3.270400,-0.038724,0.000000,synthetic_chat_design_preset
40.89,3.235142,3.271200,-0.036058,0.000000,synthetic_chat_design_preset
40.90,3.238750,3.272000,-0.033250,0.000000,synthetic_chat_design_preset
40.91,3.242489,3.272800,-0.030311,0.000000,synthetic_chat_design_preset
40.92,3.246348,3.273600,-0.027252,0.000000,synthetic_chat_design_preset
40.93,3.250314,3.274400,-0.024086,0.000000,synthetic_chat_design_preset
40.94,3.254376,3.275200,-0.020824,0.000000,synthetic_chat_design_preset
40.95,3.258519,3.276000,-0.017481,0.000000,synthetic_chat_design_preset
40.96,3.262732,3.276800,-0.014068,0.000000,synthetic_chat_design_preset
40.97,3.267000,3.277600,-0.010600,0.000000,synthetic_chat_design_preset
40.98,3.271310,3.278400,-0.007090,0.000000,synthetic_chat_design_preset
40.99,3.275648,3.279200,-0.003552,0.000000,synthetic_chat_design_preset
41.00,3.280000,3.280000,-0.000000,0.000000,synthetic_chat_design_preset
41.01,3.284352,3.280800,0.003552,0.000000,synthetic_chat_design_preset
41.02,3.288690,3.281600,0.007090,0.000000,synthetic_chat_design_preset
41.03,3.293000,3.282400,0.010600,0.000000,synthetic_chat_design_preset
41.04,3.297268,3.283200,0.014068,0.000000,synthetic_chat_design_preset
41.05,3.301481,3.284000,0.017481,0.000000,synthetic_chat_design_preset
41.06,3.305624,3.284800,0.020824,0.000000,synthetic_chat_design_preset
41.07,3.309686,3.285600,0.024086,0.000000,synthetic_chat_design_preset
41.08,3.313652,3.286400,0.027252,0.000000,synthetic_chat_design_preset
41.09,3.317511,3.287200,0.030311,0.000000,synthetic_chat_design_preset
41.10,3.321250,3.288000,0.033250,0.000000,synthetic_chat_design_preset
41.11,3.324858,3.288800,0.036058,0.000000,synthetic_chat_design_preset
41.12,3.328324,3.289600,0.038724,0.000000,synthetic_chat_design_preset
41.13,3.331637,3.290400,0.041237,0.000000,synthetic_chat_design_preset
41.14,3.334787,3.291200,0.043587,0.000000,synthetic_chat_design_preset
41.15,3.337765,3.292000,0.045765,0.000000,synthetic_chat_design_preset
41.16,3.340562,3.292800,0.047762,0.000000,synthetic_chat_design_preset
41.17,3.343171,3.293600,0.049571,0.000000,synthetic_chat_design_preset
41.18,3.345585,3.294400,0.051185,0.000000,synthetic_chat_design_preset
41.19,3.347796,3.295200,0.052596,0.000000,synthetic_chat_design_preset
41.20,3.349800,3.296000,0.053800,0.000000,synthetic_chat_design_preset
41.21,3.351591,3.296800,0.054791,0.000000,synthetic_chat_design_preset
41.22,3.353167,3.297600,0.055567,0.000000,synthetic_chat_design_preset
41.23,3.354522,3.298400,0.056122,0.000000,synthetic_chat_design_preset
41.24,3.355657,3.299200,0.056457,0.000000,synthetic_chat_design_preset
41.25,3.356569,3.300000,0.056569,0.000000,synthetic_chat_design_preset
41.26,3.357257,3.300800,0.056457,0.000000,synthetic_chat_design_preset
41.27,3.357722,3.301600,0.056122,0.000000,synthetic_chat_design_preset
41.28,3.357967,3.302400,0.055567,0.000000,synthetic_chat_design_preset
41.29,3.357991,3.303200,0.054791,0.000000,synthetic_chat_design_preset
41.30,3.357800,3.304000,0.053800,0.000000,synthetic_chat_design_preset
41.31,3.357396,3.304800,0.052596,0.000000,synthetic_chat_design_preset
41.32,3.356785,3.305600,0.051185,0.000000,synthetic_chat_design_preset
41.33,3.355971,3.306400,0.049571,0.000000,synthetic_chat_design_preset
41.34,3.354962,3.307200,0.047762,0.000000,synthetic_chat_design_preset
41.35,3.353765,3.308000,0.045765,0.000000,synthetic_chat_design_preset
41.36,3.352387,3.308800,0.043587,0.000000,synthetic_chat_design_preset
41.37,3.350837,3.309600,0.041237,0.000000,synthetic_chat_design_preset
41.38,3.349124,3.310400,0.038724,0.000000,synthetic_chat_design_preset
41.39,3.347258,3.311200,0.036058,0.000000,synthetic_chat_design_preset
41.40,3.345250,3.312000,0.033250,0.000000,synthetic_chat_design_preset
41.41,3.343111,3.312800,0.030311,0.000000,synthetic_chat_design_preset
41.42,3.340852,3.313600,0.027252,0.000000,synthetic_chat_design_preset
41.43,3.338486,3.314400,0.024086,0.000000,synthetic_chat_design_preset
41.44,3.336024,3.315200,0.020824,0.000000,synthetic_chat_design_preset
41.45,3.333481,3.316000,0.017481,0.000000,synthetic_chat_design_preset
41.46,3.330868,3.316800,0.014068,0.000000,synthetic_chat_design_preset
41.47,3.328200,3.317600,0.010600,0.000000,synthetic_chat_design_preset
41.48,3.325490,3.318400,0.007090,0.000000,synthetic_chat_design_preset
41.49,3.322752,3.319200,0.003552,0.000000,synthetic_chat_design_preset
41.50,3.320000,3.320000,-0.000000,0.000000,synthetic_chat_design_preset
41.51,3.317248,3.320800,-0.003552,0.000000,synthetic_chat_design_preset
41.52,3.314510,3.321600,-0.007090,0.000000,synthetic_chat_design_preset
41.53,3.311800,3.322400,-0.010600,0.000000,synthetic_chat_design_preset
41.54,3.309132,3.323200,-0.014068,0.000000,synthetic_chat_design_preset
41.55,3.306519,3.324000,-0.017481,0.000000,synthetic_chat_design_preset
41.56,3.303976,3.324800,-0.020824,0.000000,synthetic_chat_design_preset
41.57,3.301514,3.325600,-0.024086,0.000000,synthetic_chat_design_preset
41.58,3.299148,3.326400,-0.027252,0.000000,synthetic_chat_design_preset
41.59,3.296889,3.327200,-0.030311,0.000000,synthetic_chat_design_preset
41.60,3.294750,3.328000,-0.033250,0.000000,synthetic_chat_design_preset
41.61,3.292742,3.328800,-0.036058,0.000000,synthetic_chat_design_preset
41.62,3.290876,3.329600,-0.038724,0.000000,synthetic_chat_design_preset
41.63,3.289163,3.330400,-0.041237,0.000000,synthetic_chat_design_preset
41.64,3.287613,3.331200,-0.043587,0.000000,synthetic_chat_design_preset
41.65,3.286235,3.332000,-0.045765,0.000000,synthetic_chat_design_preset
41.66,3.285038,3.332800,-0.047762,0.000000,synthetic_chat_design_preset
41.67,3.284029,3.333600,-0.049571,0.000000,synthetic_chat_design_preset
41.68,3.283215,3.334400,-0.051185,0.000000,synthetic_chat_design_preset
41.69,3.282604,3.335200,-0.052596,0.000000,synthetic_chat_design_preset
41.70,3.282200,3.336000,-0.053800,0.000000,synthetic_chat_design_preset
41.71,3.282009,3.336800,-0.054791,0.000000,synthetic_chat_design_preset
41.72,3.282033,3.337600,-0.055567,0.000000,synthetic_chat_design_preset
41.73,3.282278,3.338400,-0.056122,0.000000,synthetic_chat_design_preset
41.74,3.282743,3.339200,-0.056457,0.000000,synthetic_chat_design_preset
41.75,3.283431,3.340000,-0.056569,0.000000,synthetic_chat_design_preset
41.76,3.284343,3.340800,-0.056457,0.000000,synthetic_chat_design_preset
41.77,3.285478,3.341600,-0.056122,0.000000,synthetic_chat_design_preset
41.78,3.286833,3.342400,-0.055567,0.000000,synthetic_chat_design_preset
41.79,3.288409,3.343200,-0.054791,0.000000,synthetic_chat_design_preset
41.80,3.290200,3.344000,-0.053800,0.000000,synthetic_chat_design_preset
41.81,3.292204,3.344800,-0.052596,0.000000,synthetic_chat_design_preset
41.82,3.294415,3.345600,-0.051185,0.000000,synthetic_chat_design_preset
41.83,3.296829,3.346400,-0.049571,0.000000,synthetic_chat_design_preset
41.84,3.299438,3.347200,-0.047762,0.000000,synthetic_chat_design_preset
41.85,3.302235,3.348000,-0.045765,0.000000,synthetic_chat_design_preset
41.86,3.305213,3.348800,-0.043587,0.000000,synthetic_chat_design_preset
41.87,3.308363,3.349600,-0.041237,0.000000,synthetic_chat_design_preset
41.88,3.311676,3.350400,-0.038724,0.000000,synthetic_chat_design_preset
41.89,3.315142,3.351200,-0.036058,0.000000,synthetic_chat_design_preset
41.90,3.318750,3.352000,-0.033250,0.000000,synthetic_chat_design_preset
41.91,3.322489,3.352800,-0.030311,0.000000,synthetic_chat_design_preset
41.92,3.326348,3.353600,-0.027252,0.000000,synthetic_chat_design_preset
41.93,3.330314,3.354400,-0.024086,0.000000,synthetic_chat_design_preset
41.94,3.334376,3.355200,-0.020824,0.000000,synthetic_chat_design_preset
41.95,3.338519,3.356000,-0.017481,0.000000,synthetic_chat_design_preset
41.96,3.342732,3.356800,-0.014068,0.000000,synthetic_chat_design_preset
41.97,3.347000,3.357600,-0.010600,0.000000,synthetic_chat_design_preset
41.98,3.351310,3.358400,-0.007090,0.000000,synthetic_chat_design_preset
41.99,3.355681,3.359200,-0.003552,0.000033,synthetic_chat_design_preset
42.00,3.360045,3.360000,0.000000,0.000045,synthetic_chat_design_preset
42.01,3.364413,3.360800,0.003552,0.000061,synthetic_chat_design_preset
42.02,3.368773,3.361600,0.007090,0.000083,synthetic_chat_design_preset
42.03,3.373111,3.362400,0.010600,0.000111,synthetic_chat_design_preset
42.04,3.377416,3.363200,0.014068,0.000148,synthetic_chat_design_preset
42.05,3.381676,3.364000,0.017481,0.000195,synthetic_chat_design_preset
42.06,3.385881,3.364800,0.020824,0.000257,synthetic_chat_design_preset
42.07,3.390022,3.365600,0.024086,0.000336,synthetic_chat_design_preset
42.08,3.394089,3.366400,0.027252,0.000436,synthetic_chat_design_preset
42.09,3.398075,3.367200,0.030311,0.000564,synthetic_chat_design_preset
42.10,3.401973,3.368000,0.033250,0.000723,synthetic_chat_design_preset
42.11,3.405781,3.368800,0.036058,0.000923,synthetic_chat_design_preset
42.12,3.409493,3.369600,0.038724,0.001170,synthetic_chat_design_preset
42.13,3.413110,3.370400,0.041237,0.001474,synthetic_chat_design_preset
42.14,3.416632,3.371200,0.043587,0.001845,synthetic_chat_design_preset
42.15,3.420061,3.372000,0.045765,0.002296,synthetic_chat_design_preset
42.16,3.423403,3.372800,0.047762,0.002840,synthetic_chat_design_preset
42.17,3.426663,3.373600,0.049571,0.003492,synthetic_chat_design_preset
42.18,3.429850,3.374400,0.051185,0.004266,synthetic_chat_design_preset
42.19,3.432975,3.375200,0.052596,0.005179,synthetic_chat_design_preset
42.20,3.436050,3.376000,0.053800,0.006250,synthetic_chat_design_preset
42.21,3.439087,3.376800,0.054791,0.007496,synthetic_chat_design_preset
42.22,3.442101,3.377600,0.055567,0.008935,synthetic_chat_design_preset
42.23,3.445107,3.378400,0.056122,0.010584,synthetic_chat_design_preset
42.24,3.448118,3.379200,0.056457,0.012462,synthetic_chat_design_preset
42.25,3.451150,3.380000,0.056569,0.014582,synthetic_chat_design_preset
42.26,3.454214,3.380800,0.056457,0.016958,synthetic_chat_design_preset
42.27,3.457322,3.381600,0.056122,0.019600,synthetic_chat_design_preset
42.28,3.460480,3.382400,0.055567,0.022514,synthetic_chat_design_preset
42.29,3.463694,3.383200,0.054791,0.025703,synthetic_chat_design_preset
42.30,3.466963,3.384000,0.053800,0.029163,synthetic_chat_design_preset
42.31,3.470282,3.384800,0.052596,0.032886,synthetic_chat_design_preset
42.32,3.473641,3.385600,0.051185,0.036857,synthetic_chat_design_preset
42.33,3.477024,3.386400,0.049571,0.041053,synthetic_chat_design_preset
42.34,3.480408,3.387200,0.047762,0.045446,synthetic_chat_design_preset
42.35,3.483765,3.388000,0.045765,0.050000,synthetic_chat_design_preset
42.36,3.487059,3.388800,0.043587,0.054673,synthetic_chat_design_preset
42.37,3.490251,3.389600,0.041237,0.059415,synthetic_chat_design_preset
42.38,3.493295,3.390400,0.038724,0.064171,synthetic_chat_design_preset
42.39,3.496141,3.391200,0.036058,0.068883,synthetic_chat_design_preset
42.40,3.498737,3.392000,0.033250,0.073487,synthetic_chat_design_preset
42.41,3.501027,3.392800,0.030311,0.077916,synthetic_chat_design_preset
42.42,3.502958,3.393600,0.027252,0.082106,synthetic_chat_design_preset
42.43,3.504475,3.394400,0.024086,0.085989,synthetic_chat_design_preset
42.44,3.505527,3.395200,0.020824,0.089503,synthetic_chat_design_preset
42.45,3.506068,3.396000,0.017481,0.092587,synthetic_chat_design_preset
42.46,3.506058,3.396800,0.014068,0.095190,synthetic_chat_design_preset
42.47,3.505465,3.397600,0.010600,0.097265,synthetic_chat_design_preset
42.48,3.504265,3.398400,0.007090,0.098775,synthetic_chat_design_preset
42.49,3.502444,3.399200,0.003552,0.099692,synthetic_chat_design_preset
42.50,3.500000,3.400000,0.000000,0.100000,synthetic_chat_design_preset
42.51,3.496940,3.400800,-0.003552,0.099692,synthetic_chat_design_preset
42.52,3.493285,3.401600,-0.007090,0.098775,synthetic_chat_design_preset
42.53,3.489066,3.402400,-0.010600,0.097265,synthetic_chat_design_preset
42.54,3.484322,3.403200,-0.014068,0.095190,synthetic_chat_design_preset
42.55,3.479107,3.404000,-0.017481,0.092587,synthetic_chat_design_preset
42.56,3.473478,3.404800,-0.020824,0.089503,synthetic_chat_design_preset
42.57,3.467503,3.405600,-0.024086,0.085989,synthetic_chat_design_preset
42.58,3.461254,3.406400,-0.027252,0.082106,synthetic_chat_design_preset
42.59,3.454806,3.407200,-0.030311,0.077916,synthetic_chat_design_preset
42.60,3.448237,3.408000,-0.033250,0.073487,synthetic_chat_design_preset
42.61,3.441625,3.408800,-0.036058,0.068883,synthetic_chat_design_preset
42.62,3.435047,3.409600,-0.038724,0.064171,synthetic_chat_design_preset
42.63,3.428578,3.410400,-0.041237,0.059415,synthetic_chat_design_preset
42.64,3.422286,3.411200,-0.043587,0.054673,synthetic_chat_design_preset
42.65,3.416235,3.412000,-0.045765,0.050000,synthetic_chat_design_preset
42.66,3.410484,3.412800,-0.047762,0.045446,synthetic_chat_design_preset
42.67,3.405081,3.413600,-0.049571,0.041053,synthetic_chat_design_preset
42.68,3.400072,3.414400,-0.051185,0.036857,synthetic_chat_design_preset
42.69,3.395490,3.415200,-0.052596,0.032886,synthetic_chat_design_preset
42.70,3.391363,3.416000,-0.053800,0.029163,synthetic_chat_design_preset
42.71,3.387712,3.416800,-0.054791,0.025703,synthetic_chat_design_preset
42.72,3.384547,3.417600,-0.055567,0.022514,synthetic_chat_design_preset
42.73,3.381877,3.418400,-0.056122,0.019600,synthetic_chat_design_preset
42.74,3.379701,3.419200,-0.056457,0.016958,synthetic_chat_design_preset
42.75,3.378013,3.420000,-0.056569,0.014582,synthetic_chat_design_preset
42.76,3.376805,3.420800,-0.056457,0.012462,synthetic_chat_design_preset
42.77,3.376062,3.421600,-0.056122,0.010584,synthetic_chat_design_preset
42.78,3.375768,3.422400,-0.055567,0.008935,synthetic_chat_design_preset
42.79,3.375904,3.423200,-0.054791,0.007496,synthetic_chat_design_preset
42.80,3.376450,3.424000,-0.053800,0.006250,synthetic_chat_design_preset
42.81,3.377383,3.424800,-0.052596,0.005179,synthetic_chat_design_preset
42.82,3.378681,3.425600,-0.051185,0.004266,synthetic_chat_design_preset
42.83,3.380320,3.426400,-0.049571,0.003492,synthetic_chat_design_preset
42.84,3.382278,3.427200,-0.047762,0.002840,synthetic_chat_design_preset
42.85,3.384532,3.428000,-0.045765,0.002296,synthetic_chat_design_preset
42.86,3.387058,3.428800,-0.043587,0.001845,synthetic_chat_design_preset
42.87,3.389837,3.429600,-0.041237,0.001474,synthetic_chat_design_preset
42.88,3.392846,3.430400,-0.038724,0.001170,synthetic_chat_design_preset
42.89,3.396065,3.431200,-0.036058,0.000923,synthetic_chat_design_preset
42.90,3.399473,3.432000,-0.033250,0.000723,synthetic_chat_design_preset
42.91,3.403053,3.432800,-0.030311,0.000564,synthetic_chat_design_preset
42.92,3.406784,3.433600,-0.027252,0.000436,synthetic_chat_design_preset
42.93,3.410650,3.434400,-0.024086,0.000336,synthetic_chat_design_preset
42.94,3.414633,3.435200,-0.020824,0.000257,synthetic_chat_design_preset
42.95,3.418715,3.436000,-0.017481,0.000195,synthetic_chat_design_preset
42.96,3.422880,3.436800,-0.014068,0.000148,synthetic_chat_design_preset
42.97,3.427111,3.437600,-0.010600,0.000111,synthetic_chat_design_preset
42.98,3.431393,3.438400,-0.007090,0.000083,synthetic_chat_design_preset
42.99,3.435709,3.439200,-0.003552,0.000061,synthetic_chat_design_preset
43.00,3.440045,3.440000,-0.000000,0.000045,synthetic_chat_design_preset
43.01,3.444352,3.440800,0.003552,0.000000,synthetic_chat_design_preset
43.02,3.448690,3.441600,0.007090,0.000000,synthetic_chat_design_preset
43.03,3.453000,3.442400,0.010600,0.000000,synthetic_chat_design_preset
43.04,3.457268,3.443200,0.014068,0.000000,synthetic_chat_design_preset
43.05,3.461481,3.444000,0.017481,0.000000,synthetic_chat_design_preset
43.06,3.465624,3.444800,0.020824,0.000000,synthetic_chat_design_preset
43.07,3.469686,3.445600,0.024086,0.000000,synthetic_chat_design_preset
43.08,3.473652,3.446400,0.027252,0.000000,synthetic_chat_design_preset
43.09,3.477511,3.447200,0.030311,0.000000,synthetic_chat_design_preset
43.10,3.481250,3.448000,0.033250,0.000000,synthetic_chat_design_preset
43.11,3.484858,3.448800,0.036058,0.000000,synthetic_chat_design_preset
43.12,3.488324,3.449600,0.038724,0.000000,synthetic_chat_design_preset
43.13,3.491637,3.450400,0.041237,0.000000,synthetic_chat_design_preset
43.14,3.494787,3.451200,0.043587,0.000000,synthetic_chat_design_preset
43.15,3.497765,3.452000,0.045765,0.000000,synthetic_chat_design_preset
43.16,3.500562,3.452800,0.047762,0.000000,synthetic_chat_design_preset
43.17,3.503171,3.453600,0.049571,0.000000,synthetic_chat_design_preset
43.18,3.505585,3.454400,0.051185,0.000000,synthetic_chat_design_preset
43.19,3.507796,3.455200,0.052596,0.000000,synthetic_chat_design_preset
43.20,3.509800,3.456000,0.053800,0.000000,synthetic_chat_design_preset
43.21,3.511591,3.456800,0.054791,0.000000,synthetic_chat_design_preset
43.22,3.513167,3.457600,0.055567,0.000000,synthetic_chat_design_preset
43.23,3.514522,3.458400,0.056122,0.000000,synthetic_chat_design_preset
43.24,3.515657,3.459200,0.056457,0.000000,synthetic_chat_design_preset
43.25,3.516569,3.460000,0.056569,0.000000,synthetic_chat_design_preset
43.26,3.517257,3.460800,0.056457,0.000000,synthetic_chat_design_preset
43.27,3.517722,3.461600,0.056122,0.000000,synthetic_chat_design_preset
43.28,3.517967,3.462400,0.055567,0.000000,synthetic_chat_design_preset
43.29,3.517991,3.463200,0.054791,0.000000,synthetic_chat_design_preset
43.30,3.517800,3.464000,0.053800,0.000000,synthetic_chat_design_preset
43.31,3.517396,3.464800,0.052596,0.000000,synthetic_chat_design_preset
43.32,3.516785,3.465600,0.051185,0.000000,synthetic_chat_design_preset
43.33,3.515971,3.466400,0.049571,0.000000,synthetic_chat_design_preset
43.34,3.514962,3.467200,0.047762,0.000000,synthetic_chat_design_preset
43.35,3.513765,3.468000,0.045765,0.000000,synthetic_chat_design_preset
43.36,3.512387,3.468800,0.043587,0.000000,synthetic_chat_design_preset
43.37,3.510837,3.469600,0.041237,0.000000,synthetic_chat_design_preset
43.38,3.509124,3.470400,0.038724,0.000000,synthetic_chat_design_preset
43.39,3.507258,3.471200,0.036058,0.000000,synthetic_chat_design_preset
43.40,3.505250,3.472000,0.033250,0.000000,synthetic_chat_design_preset
43.41,3.503111,3.472800,0.030311,0.000000,synthetic_chat_design_preset
43.42,3.500852,3.473600,0.027252,0.000000,synthetic_chat_design_preset
43.43,3.498486,3.474400,0.024086,0.000000,synthetic_chat_design_preset
43.44,3.496024,3.475200,0.020824,0.000000,synthetic_chat_design_preset
43.45,3.493481,3.476000,0.017481,0.000000,synthetic_chat_design_preset
43.46,3.490868,3.476800,0.014068,0.000000,synthetic_chat_design_preset
43.47,3.488200,3.477600,0.010600,0.000000,synthetic_chat_design_preset
43.48,3.485490,3.478400,0.007090,0.000000,synthetic_chat_design_preset
43.49,3.482752,3.479200,0.003552,0.000000,synthetic_chat_design_preset
43.50,3.480000,3.480000,0.000000,0.000000,synthetic_chat_design_preset
43.51,3.477248,3.480800,-0.003552,0.000000,synthetic_chat_design_preset
43.52,3.474510,3.481600,-0.007090,0.000000,synthetic_chat_design_preset
43.53,3.471800,3.482400,-0.010600,0.000000,synthetic_chat_design_preset
43.54,3.469132,3.483200,-0.014068,0.000000,synthetic_chat_design_preset
43.55,3.466519,3.484000,-0.017481,0.000000,synthetic_chat_design_preset
43.56,3.463976,3.484800,-0.020824,0.000000,synthetic_chat_design_preset
43.57,3.461514,3.485600,-0.024086,0.000000,synthetic_chat_design_preset
43.58,3.459148,3.486400,-0.027252,0.000000,synthetic_chat_design_preset
43.59,3.456889,3.487200,-0.030311,0.000000,synthetic_chat_design_preset
43.60,3.454750,3.488000,-0.033250,0.000000,synthetic_chat_design_preset
43.61,3.452742,3.488800,-0.036058,0.000000,synthetic_chat_design_preset
43.62,3.450876,3.489600,-0.038724,0.000000,synthetic_chat_design_preset
43.63,3.449163,3.490400,-0.041237,0.000000,synthetic_chat_design_preset
43.64,3.447613,3.491200,-0.043587,0.000000,synthetic_chat_design_preset
43.65,3.446235,3.492000,-0.045765,0.000000,synthetic_chat_design_preset
43.66,3.445038,3.492800,-0.047762,0.000000,synthetic_chat_design_preset
43.67,3.444029,3.493600,-0.049571,0.000000,synthetic_chat_design_preset
43.68,3.443215,3.494400,-0.051185,0.000000,synthetic_chat_design_preset
43.69,3.442604,3.495200,-0.052596,0.000000,synthetic_chat_design_preset
43.70,3.442200,3.496000,-0.053800,0.000000,synthetic_chat_design_preset
43.71,3.442009,3.496800,-0.054791,0.000000,synthetic_chat_design_preset
43.72,3.442033,3.497600,-0.055567,0.000000,synthetic_chat_design_preset
43.73,3.442278,3.498400,-0.056122,0.000000,synthetic_chat_design_preset
43.74,3.442743,3.499200,-0.056457,0.000000,synthetic_chat_design_preset
43.75,3.443431,3.500000,-0.056569,0.000000,synthetic_chat_design_preset
43.76,3.444343,3.500800,-0.056457,0.000000,synthetic_chat_design_preset
43.77,3.445478,3.501600,-0.056122,0.000000,synthetic_chat_design_preset
43.78,3.446833,3.502400,-0.055567,0.000000,synthetic_chat_design_preset
43.79,3.448409,3.503200,-0.054791,0.000000,synthetic_chat_design_preset
43.80,3.450200,3.504000,-0.053800,0.000000,synthetic_chat_design_preset
43.81,3.452204,3.504800,-0.052596,0.000000,synthetic_chat_design_preset
43.82,3.454415,3.505600,-0.051185,0.000000,synthetic_chat_design_preset
43.83,3.456829,3.506400,-0.049571,0.000000,synthetic_chat_design_preset
43.84,3.459438,3.507200,-0.047762,0.000000,synthetic_chat_design_preset
43.85,3.462235,3.508000,-0.045765,0.000000,synthetic_chat_design_preset
43.86,3.465213,3.508800,-0.043587,0.000000,synthetic_chat_design_preset
43.87,3.468363,3.509600,-0.041237,0.000000,synthetic_chat_design_preset
43.88,3.471676,3.510400,-0.038724,0.000000,synthetic_chat_design_preset
43.89,3.475142,3.511200,-0.036058,0.000000,synthetic_chat_design_preset
43.90,3.478750,3.512000,-0.033250,0.000000,synthetic_chat_design_preset
43.91,3.482489,3.512800,-0.030311,0.000000,synthetic_chat_design_preset
43.92,3.486348,3.513600,-0.027252,0.000000,synthetic_chat_design_preset
43.93,3.490314,3.514400,-0.024086,0.000000,synthetic_chat_design_preset
43.94,3.494376,3.515200,-0.020824,0.000000,synthetic_chat_design_preset
43.95,3.498519,3.516000,-0.017481,0.000000,synthetic_chat_design_preset
43.96,3.502732,3.516800,-0.014068,0.000000,synthetic_chat_design_preset
43.97,3.507000,3.517600,-0.010600,0.000000,synthetic_chat_design_preset
43.98,3.511310,3.518400,-0.007090,0.000000,synthetic_chat_design_preset
43.99,3.515648,3.519200,-0.003552,0.000000,synthetic_chat_design_preset
44.00,3.520000,3.520000,-0.000000,0.000000,synthetic_chat_design_preset
44.01,3.524352,3.520800,0.003552,0.000000,synthetic_chat_design_preset
44.02,3.528690,3.521600,0.007090,0.000000,synthetic_chat_design_preset
44.03,3.533000,3.522400,0.010600,0.000000,synthetic_chat_design_preset
44.04,3.537268,3.523200,0.014068,0.000000,synthetic_chat_design_preset
44.05,3.541481,3.524000,0.017481,0.000000,synthetic_chat_design_preset
44.06,3.545624,3.524800,0.020824,0.000000,synthetic_chat_design_preset
44.07,3.549686,3.525600,0.024086,0.000000,synthetic_chat_design_preset
44.08,3.553652,3.526400,0.027252,0.000000,synthetic_chat_design_preset
44.09,3.557511,3.527200,0.030311,0.000000,synthetic_chat_design_preset
44.10,3.561250,3.528000,0.033250,0.000000,synthetic_chat_design_preset
44.11,3.564858,3.528800,0.036058,0.000000,synthetic_chat_design_preset
44.12,3.568324,3.529600,0.038724,0.000000,synthetic_chat_design_preset
44.13,3.571637,3.530400,0.041237,0.000000,synthetic_chat_design_preset
44.14,3.574787,3.531200,0.043587,0.000000,synthetic_chat_design_preset
44.15,3.577765,3.532000,0.045765,0.000000,synthetic_chat_design_preset
44.16,3.580562,3.532800,0.047762,0.000000,synthetic_chat_design_preset
44.17,3.583171,3.533600,0.049571,0.000000,synthetic_chat_design_preset
44.18,3.585585,3.534400,0.051185,0.000000,synthetic_chat_design_preset
44.19,3.587796,3.535200,0.052596,0.000000,synthetic_chat_design_preset
44.20,3.589800,3.536000,0.053800,0.000000,synthetic_chat_design_preset
44.21,3.591591,3.536800,0.054791,0.000000,synthetic_chat_design_preset
44.22,3.593167,3.537600,0.055567,0.000000,synthetic_chat_design_preset
44.23,3.594522,3.538400,0.056122,0.000000,synthetic_chat_design_preset
44.24,3.595657,3.539200,0.056457,0.000000,synthetic_chat_design_preset
44.25,3.596569,3.540000,0.056569,0.000000,synthetic_chat_design_preset
44.26,3.597257,3.540800,0.056457,0.000000,synthetic_chat_design_preset
44.27,3.597722,3.541600,0.056122,0.000000,synthetic_chat_design_preset
44.28,3.597967,3.542400,0.055567,0.000000,synthetic_chat_design_preset
44.29,3.597991,3.543200,0.054791,0.000000,synthetic_chat_design_preset
44.30,3.597800,3.544000,0.053800,0.000000,synthetic_chat_design_preset
44.31,3.597396,3.544800,0.052596,0.000000,synthetic_chat_design_preset
44.32,3.596785,3.545600,0.051185,0.000000,synthetic_chat_design_preset
44.33,3.595971,3.546400,0.049571,0.000000,synthetic_chat_design_preset
44.34,3.594962,3.547200,0.047762,0.000000,synthetic_chat_design_preset
44.35,3.593765,3.548000,0.045765,0.000000,synthetic_chat_design_preset
44.36,3.592387,3.548800,0.043587,0.000000,synthetic_chat_design_preset
44.37,3.590837,3.549600,0.041237,0.000000,synthetic_chat_design_preset
44.38,3.589124,3.550400,0.038724,0.000000,synthetic_chat_design_preset
44.39,3.587258,3.551200,0.036058,0.000000,synthetic_chat_design_preset
44.40,3.585250,3.552000,0.033250,0.000000,synthetic_chat_design_preset
44.41,3.583111,3.552800,0.030311,0.000000,synthetic_chat_design_preset
44.42,3.580852,3.553600,0.027252,0.000000,synthetic_chat_design_preset
44.43,3.578486,3.554400,0.024086,0.000000,synthetic_chat_design_preset
44.44,3.576024,3.555200,0.020824,0.000000,synthetic_chat_design_preset
44.45,3.573481,3.556000,0.017481,0.000000,synthetic_chat_design_preset
44.46,3.570868,3.556800,0.014068,0.000000,synthetic_chat_design_preset
44.47,3.568200,3.557600,0.010600,0.000000,synthetic_chat_design_preset
44.48,3.565490,3.558400,0.007090,0.000000,synthetic_chat_design_preset
44.49,3.562752,3.559200,0.003552,0.000000,synthetic_chat_design_preset
44.50,3.560000,3.560000,-0.000000,0.000000,synthetic_chat_design_preset
44.51,3.557248,3.560800,-0.003552,0.000000,synthetic_chat_design_preset
44.52,3.554510,3.561600,-0.007090,0.000000,synthetic_chat_design_preset
44.53,3.551800,3.562400,-0.010600,0.000000,synthetic_chat_design_preset
44.54,3.549132,3.563200,-0.014068,0.000000,synthetic_chat_design_preset
44.55,3.546519,3.564000,-0.017481,0.000000,synthetic_chat_design_preset
44.56,3.543976,3.564800,-0.020824,0.000000,synthetic_chat_design_preset
44.57,3.541514,3.565600,-0.024086,0.000000,synthetic_chat_design_preset
44.58,3.539148,3.566400,-0.027252,0.000000,synthetic_chat_design_preset
44.59,3.536889,3.567200,-0.030311,0.000000,synthetic_chat_design_preset
44.60,3.534750,3.568000,-0.033250,0.000000,synthetic_chat_design_preset
44.61,3.532742,3.568800,-0.036058,0.000000,synthetic_chat_design_preset
44.62,3.530876,3.569600,-0.038724,0.000000,synthetic_chat_design_preset
44.63,3.529163,3.570400,-0.041237,0.000000,synthetic_chat_design_preset
44.64,3.527613,3.571200,-0.043587,0.000000,synthetic_chat_design_preset
44.65,3.526235,3.572000,-0.045765,0.000000,synthetic_chat_design_preset
44.66,3.525038,3.572800,-0.047762,0.000000,synthetic_chat_design_preset
44.67,3.524029,3.573600,-0.049571,0.000000,synthetic_chat_design_preset
44.68,3.523215,3.574400,-0.051185,0.000000,synthetic_chat_design_preset
44.69,3.522604,3.575200,-0.052596,0.000000,synthetic_chat_design_preset
44.70,3.522200,3.576000,-0.053800,0.000000,synthetic_chat_design_preset
44.71,3.522009,3.576800,-0.054791,0.000000,synthetic_chat_design_preset
44.72,3.522033,3.577600,-0.055567,0.000000,synthetic_chat_design_preset
44.73,3.522278,3.578400,-0.056122,0.000000,synthetic_chat_design_preset
44.74,3.522743,3.579200,-0.056457,0.000000,synthetic_chat_design_preset
44.75,3.523431,3.580000,-0.056569,0.000000,synthetic_chat_design_preset
44.76,3.524343,3.580800,-0.056457,0.000000,synthetic_chat_design_preset
44.77,3.525478,3.581600,-0.056122,0.000000,synthetic_chat_design_preset
44.78,3.526833,3.582400,-0.055567,0.000000,synthetic_chat_design_preset
44.79,3.528409,3.583200,-0.054791,0.000000,synthetic_chat_design_preset
44.80,3.530200,3.584000,-0.053800,0.000000,synthetic_chat_design_preset
44.81,3.532204,3.584800,-0.052596,0.000000,synthetic_chat_design_preset
44.82,3.534415,3.585600,-0.051185,0.000000,synthetic_chat_design_preset
44.83,3.536829,3.586400,-0.049571,0.000000,synthetic_chat_design_preset
44.84,3.539438,3.587200,-0.047762,0.000000,synthetic_chat_design_preset
44.85,3.542235,3.588000,-0.045765,0.000000,synthetic_chat_design_preset
44.86,3.545213,3.588800,-0.043587,0.000000,synthetic_chat_design_preset
44.87,3.548363,3.589600,-0.041237,0.000000,synthetic_chat_design_preset
44.88,3.551676,3.590400,-0.038724,0.000000,synthetic_chat_design_preset
44.89,3.555142,3.591200,-0.036058,0.000000,synthetic_chat_design_preset
44.90,3.558750,3.592000,-0.033250,0.000000,synthetic_chat_design_preset
44.91,3.562489,3.592800,-0.030311,0.000000,synthetic_chat_design_preset
44.92,3.566348,3.593600,-0.027252,0.000000,synthetic_chat_design_preset
44.93,3.570314,3.594400,-0.024086,0.000000,synthetic_chat_design_preset
44.94,3.574376,3.595200,-0.020824,0.000000,synthetic_chat_design_preset
44.95,3.578519,3.596000,-0.017481,0.000000,synthetic_chat_design_preset
44.96,3.582732,3.596800,-0.014068,0.000000,synthetic_chat_design_preset
44.97,3.587000,3.597600,-0.010600,0.000000,synthetic_chat_design_preset
44.98,3.591310,3.598400,-0.007090,0.000000,synthetic_chat_design_preset
44.99,3.595648,3.599200,-0.003552,0.000000,synthetic_chat_design_preset
45.00,3.600000,3.600000,-0.000000,0.000000,synthetic_chat_design_preset
45.01,3.604352,3.600800,0.003552,0.000000,synthetic_chat_design_preset
45.02,3.608690,3.601600,0.007090,0.000000,synthetic_chat_design_preset
45.03,3.613000,3.602400,0.010600,0.000000,synthetic_chat_design_preset
45.04,3.617268,3.603200,0.014068,0.000000,synthetic_chat_design_preset
45.05,3.621481,3.604000,0.017481,0.000000,synthetic_chat_design_preset
45.06,3.625624,3.604800,0.020824,0.000000,synthetic_chat_design_preset
45.07,3.629686,3.605600,0.024086,0.000000,synthetic_chat_design_preset
45.08,3.633652,3.606400,0.027252,0.000000,synthetic_chat_design_preset
45.09,3.637511,3.607200,0.030311,0.000000,synthetic_chat_design_preset
45.10,3.641250,3.608000,0.033250,0.000000,synthetic_chat_design_preset
45.11,3.644858,3.608800,0.036058,0.000000,synthetic_chat_design_preset
45.12,3.648324,3.609600,0.038724,0.000000,synthetic_chat_design_preset
45.13,3.651637,3.610400,0.041237,0.000000,synthetic_chat_design_preset
45.14,3.654787,3.611200,0.043587,0.000000,synthetic_chat_design_preset
45.15,3.657765,3.612000,0.045765,0.000000,synthetic_chat_design_preset
45.16,3.660562,3.612800,0.047762,0.000000,synthetic_chat_design_preset
45.17,3.663171,3.613600,0.049571,0.000000,synthetic_chat_design_preset
45.18,3.665585,3.614400,0.051185,0.000000,synthetic_chat_design_preset
45.19,3.667796,3.615200,0.052596,0.000000,synthetic_chat_design_preset
45.20,3.669800,3.616000,0.053800,0.000000,synthetic_chat_design_preset
45.21,3.671591,3.616800,0.054791,0.000000,synthetic_chat_design_preset
45.22,3.673167,3.617600,0.055567,0.000000,synthetic_chat_design_preset
45.23,3.674522,3.618400,0.056122,0.000000,synthetic_chat_design_preset
45.24,3.675657,3.619200,0.056457,0.000000,synthetic_chat_design_preset
45.25,3.676569,3.620000,0.056569,0.000000,synthetic_chat_design_preset
45.26,3.677257,3.620800,0.056457,0.000000,synthetic_chat_design_preset
45.27,3.677722,3.621600,0.056122,0.000000,synthetic_chat_design_preset
45.28,3.677967,3.622400,0.055567,0.000000,synthetic_chat_design_preset
45.29,3.677991,3.623200,0.054791,0.000000,synthetic_chat_design_preset
45.30,3.677800,3.624000,0.053800,0.000000,synthetic_chat_design_preset
45.31,3.677396,3.624800,0.052596,0.000000,synthetic_chat_design_preset
45.32,3.676785,3.625600,0.051185,0.000000,synthetic_chat_design_preset
45.33,3.675971,3.626400,0.049571,0.000000,synthetic_chat_design_preset
45.34,3.674962,3.627200,0.047762,0.000000,synthetic_chat_design_preset
45.35,3.673765,3.628000,0.045765,0.000000,synthetic_chat_design_preset
45.36,3.672387,3.628800,0.043587,0.000000,synthetic_chat_design_preset
45.37,3.670837,3.629600,0.041237,0.000000,synthetic_chat_design_preset
45.38,3.669124,3.630400,0.038724,0.000000,synthetic_chat_design_preset
45.39,3.667258,3.631200,0.036058,0.000000,synthetic_chat_design_preset
45.40,3.665250,3.632000,0.033250,0.000000,synthetic_chat_design_preset
45.41,3.663111,3.632800,0.030311,0.000000,synthetic_chat_design_preset
45.42,3.660852,3.633600,0.027252,0.000000,synthetic_chat_design_preset
45.43,3.658486,3.634400,0.024086,0.000000,synthetic_chat_design_preset
45.44,3.656024,3.635200,0.020824,0.000000,synthetic_chat_design_preset
45.45,3.653481,3.636000,0.017481,0.000000,synthetic_chat_design_preset
45.46,3.650868,3.636800,0.014068,0.000000,synthetic_chat_design_preset
45.47,3.648200,3.637600,0.010600,0.000000,synthetic_chat_design_preset
45.48,3.645490,3.638400,0.007090,0.000000,synthetic_chat_design_preset
45.49,3.642752,3.639200,0.003552,0.000000,synthetic_chat_design_preset
45.50,3.640000,3.640000,0.000000,0.000000,synthetic_chat_design_preset
45.51,3.637248,3.640800,-0.003552,0.000000,synthetic_chat_design_preset
45.52,3.634510,3.641600,-0.007090,0.000000,synthetic_chat_design_preset
45.53,3.631800,3.642400,-0.010600,0.000000,synthetic_chat_design_preset
45.54,3.629132,3.643200,-0.014068,0.000000,synthetic_chat_design_preset
45.55,3.626519,3.644000,-0.017481,0.000000,synthetic_chat_design_preset
45.56,3.623976,3.644800,-0.020824,0.000000,synthetic_chat_design_preset
45.57,3.621514,3.645600,-0.024086,0.000000,synthetic_chat_design_preset
45.58,3.619148,3.646400,-0.027252,0.000000,synthetic_chat_design_preset
45.59,3.616889,3.647200,-0.030311,0.000000,synthetic_chat_design_preset
45.60,3.614750,3.648000,-0.033250,0.000000,synthetic_chat_design_preset
45.61,3.612742,3.648800,-0.036058,0.000000,synthetic_chat_design_preset
45.62,3.610876,3.649600,-0.038724,0.000000,synthetic_chat_design_preset
45.63,3.609163,3.650400,-0.041237,0.000000,synthetic_chat_design_preset
45.64,3.607613,3.651200,-0.043587,0.000000,synthetic_chat_design_preset
45.65,3.606235,3.652000,-0.045765,0.000000,synthetic_chat_design_preset
45.66,3.605038,3.652800,-0.047762,0.000000,synthetic_chat_design_preset
45.67,3.604029,3.653600,-0.049571,0.000000,synthetic_chat_design_preset
45.68,3.603215,3.654400,-0.051185,0.000000,synthetic_chat_design_preset
45.69,3.602604,3.655200,-0.052596,0.000000,synthetic_chat_design_preset
45.70,3.602200,3.656000,-0.053800,0.000000,synthetic_chat_design_preset
45.71,3.602009,3.656800,-0.054791,0.000000,synthetic_chat_design_preset
45.72,3.602033,3.657600,-0.055567,0.000000,synthetic_chat_design_preset
45.73,3.602278,3.658400,-0.056122,0.000000,synthetic_chat_design_preset
45.74,3.602743,3.659200,-0.056457,0.000000,synthetic_chat_design_preset
45.75,3.603431,3.660000,-0.056569,0.000000,synthetic_chat_design_preset
45.76,3.604343,3.660800,-0.056457,0.000000,synthetic_chat_design_preset
45.77,3.605478,3.661600,-0.056122,0.000000,synthetic_chat_design_preset
45.78,3.606833,3.662400,-0.055567,0.000000,synthetic_chat_design_preset
45.79,3.608409,3.663200,-0.054791,0.000000,synthetic_chat_design_preset
45.80,3.610200,3.664000,-0.053800,0.000000,synthetic_chat_design_preset
45.81,3.612204,3.664800,-0.052596,0.000000,synthetic_chat_design_preset
45.82,3.614415,3.665600,-0.051185,0.000000,synthetic_chat_design_preset
45.83,3.616829,3.666400,-0.049571,0.000000,synthetic_chat_design_preset
45.84,3.619438,3.667200,-0.047762,0.000000,synthetic_chat_design_preset
45.85,3.622235,3.668000,-0.045765,0.000000,synthetic_chat_design_preset
45.86,3.625213,3.668800,-0.043587,0.000000,synthetic_chat_design_preset
45.87,3.628363,3.669600,-0.041237,0.000000,synthetic_chat_design_preset
45.88,3.631676,3.670400,-0.038724,0.000000,synthetic_chat_design_preset
45.89,3.635142,3.671200,-0.036058,0.000000,synthetic_chat_design_preset
45.90,3.638750,3.672000,-0.033250,0.000000,synthetic_chat_design_preset
45.91,3.642489,3.672800,-0.030311,0.000000,synthetic_chat_design_preset
45.92,3.646348,3.673600,-0.027252,0.000000,synthetic_chat_design_preset
45.93,3.650314,3.674400,-0.024086,0.000000,synthetic_chat_design_preset
45.94,3.654376,3.675200,-0.020824,0.000000,synthetic_chat_design_preset
45.95,3.658519,3.676000,-0.017481,0.000000,synthetic_chat_design_preset
45.96,3.662732,3.676800,-0.014068,0.000000,synthetic_chat_design_preset
45.97,3.667000,3.677600,-0.010600,0.000000,synthetic_chat_design_preset
45.98,3.671310,3.678400,-0.007090,0.000000,synthetic_chat_design_preset
45.99,3.675648,3.679200,-0.003552,0.000000,synthetic_chat_design_preset
46.00,3.680000,3.680000,-0.000000,0.000000,synthetic_chat_design_preset
46.01,3.684352,3.680800,0.003552,0.000000,synthetic_chat_design_preset
46.02,3.688690,3.681600,0.007090,0.000000,synthetic_chat_design_preset
46.03,3.693000,3.682400,0.010600,0.000000,synthetic_chat_design_preset
46.04,3.697268,3.683200,0.014068,0.000000,synthetic_chat_design_preset
46.05,3.701481,3.684000,0.017481,0.000000,synthetic_chat_design_preset
46.06,3.705624,3.684800,0.020824,0.000000,synthetic_chat_design_preset
46.07,3.709686,3.685600,0.024086,0.000000,synthetic_chat_design_preset
46.08,3.713652,3.686400,0.027252,0.000000,synthetic_chat_design_preset
46.09,3.717511,3.687200,0.030311,0.000000,synthetic_chat_design_preset
46.10,3.721250,3.688000,0.033250,0.000000,synthetic_chat_design_preset
46.11,3.724858,3.688800,0.036058,0.000000,synthetic_chat_design_preset
46.12,3.728324,3.689600,0.038724,0.000000,synthetic_chat_design_preset
46.13,3.731637,3.690400,0.041237,0.000000,synthetic_chat_design_preset
46.14,3.734787,3.691200,0.043587,0.000000,synthetic_chat_design_preset
46.15,3.737765,3.692000,0.045765,0.000000,synthetic_chat_design_preset
46.16,3.740562,3.692800,0.047762,0.000000,synthetic_chat_design_preset
46.17,3.743171,3.693600,0.049571,0.000000,synthetic_chat_design_preset
46.18,3.745585,3.694400,0.051185,0.000000,synthetic_chat_design_preset
46.19,3.747796,3.695200,0.052596,0.000000,synthetic_chat_design_preset
46.20,3.749800,3.696000,0.053800,0.000000,synthetic_chat_design_preset
46.21,3.751591,3.696800,0.054791,0.000000,synthetic_chat_design_preset
46.22,3.753167,3.697600,0.055567,0.000000,synthetic_chat_design_preset
46.23,3.754522,3.698400,0.056122,0.000000,synthetic_chat_design_preset
46.24,3.755657,3.699200,0.056457,0.000000,synthetic_chat_design_preset
46.25,3.756569,3.700000,0.056569,0.000000,synthetic_chat_design_preset
46.26,3.757257,3.700800,0.056457,0.000000,synthetic_chat_design_preset
46.27,3.757722,3.701600,0.056122,0.000000,synthetic_chat_design_preset
46.28,3.757967,3.702400,0.055567,0.000000,synthetic_chat_design_preset
46.29,3.757991,3.703200,0.054791,0.000000,synthetic_chat_design_preset
46.30,3.757800,3.704000,0.053800,0.000000,synthetic_chat_design_preset
46.31,3.757396,3.704800,0.052596,0.000000,synthetic_chat_design_preset
46.32,3.756785,3.705600,0.051185,0.000000,synthetic_chat_design_preset
46.33,3.755971,3.706400,0.049571,0.000000,synthetic_chat_design_preset
46.34,3.754962,3.707200,0.047762,0.000000,synthetic_chat_design_preset
46.35,3.753765,3.708000,0.045765,0.000000,synthetic_chat_design_preset
46.36,3.752387,3.708800,0.043587,0.000000,synthetic_chat_design_preset
46.37,3.750837,3.709600,0.041237,0.000000,synthetic_chat_design_preset
46.38,3.749124,3.710400,0.038724,0.000000,synthetic_chat_design_preset
46.39,3.747258,3.711200,0.036058,0.000000,synthetic_chat_design_preset
46.40,3.745250,3.712000,0.033250,0.000000,synthetic_chat_design_preset
46.41,3.743111,3.712800,0.030311,0.000000,synthetic_chat_design_preset
46.42,3.740852,3.713600,0.027252,0.000000,synthetic_chat_design_preset
46.43,3.738486,3.714400,0.024086,0.000000,synthetic_chat_design_preset
46.44,3.736024,3.715200,0.020824,0.000000,synthetic_chat_design_preset
46.45,3.733481,3.716000,0.017481,0.000000,synthetic_chat_design_preset
46.46,3.730868,3.716800,0.014068,0.000000,synthetic_chat_design_preset
46.47,3.728200,3.717600,0.010600,0.000000,synthetic_chat_design_preset
46.48,3.725490,3.718400,0.007090,0.000000,synthetic_chat_design_preset
46.49,3.722752,3.719200,0.003552,0.000000,synthetic_chat_design_preset
46.50,3.720000,3.720000,0.000000,0.000000,synthetic_chat_design_preset
46.51,3.717248,3.720800,-0.003552,0.000000,synthetic_chat_design_preset
46.52,3.714510,3.721600,-0.007090,0.000000,synthetic_chat_design_preset
46.53,3.711800,3.722400,-0.010600,0.000000,synthetic_chat_design_preset
46.54,3.709132,3.723200,-0.014068,0.000000,synthetic_chat_design_preset
46.55,3.706519,3.724000,-0.017481,0.000000,synthetic_chat_design_preset
46.56,3.703976,3.724800,-0.020824,0.000000,synthetic_chat_design_preset
46.57,3.701514,3.725600,-0.024086,0.000000,synthetic_chat_design_preset
46.58,3.699148,3.726400,-0.027252,0.000000,synthetic_chat_design_preset
46.59,3.696889,3.727200,-0.030311,0.000000,synthetic_chat_design_preset
46.60,3.694750,3.728000,-0.033250,0.000000,synthetic_chat_design_preset
46.61,3.692742,3.728800,-0.036058,0.000000,synthetic_chat_design_preset
46.62,3.690876,3.729600,-0.038724,0.000000,synthetic_chat_design_preset
46.63,3.689163,3.730400,-0.041237,0.000000,synthetic_chat_design_preset
46.64,3.687613,3.731200,-0.043587,0.000000,synthetic_chat_design_preset
46.65,3.686235,3.732000,-0.045765,0.000000,synthetic_chat_design_preset
46.66,3.685038,3.732800,-0.047762,0.000000,synthetic_chat_design_preset
46.67,3.684029,3.733600,-0.049571,0.000000,synthetic_chat_design_preset
46.68,3.683215,3.734400,-0.051185,0.000000,synthetic_chat_design_preset
46.69,3.682604,3.735200,-0.052596,0.000000,synthetic_chat_design_preset
46.70,3.682200,3.736000,-0.053800,0.000000,synthetic_chat_design_preset
46.71,3.682009,3.736800,-0.054791,0.000000,synthetic_chat_design_preset
46.72,3.682033,3.737600,-0.055567,0.000000,synthetic_chat_design_preset
46.73,3.682278,3.738400,-0.056122,0.000000,synthetic_chat_design_preset
46.74,3.682743,3.739200,-0.056457,0.000000,synthetic_chat_design_preset
46.75,3.683431,3.740000,-0.056569,0.000000,synthetic_chat_design_preset
46.76,3.684343,3.740800,-0.056457,0.000000,synthetic_chat_design_preset
46.77,3.685478,3.741600,-0.056122,0.000000,synthetic_chat_design_preset
46.78,3.686833,3.742400,-0.055567,0.000000,synthetic_chat_design_preset
46.79,3.688409,3.743200,-0.054791,0.000000,synthetic_chat_design_preset
46.80,3.690200,3.744000,-0.053800,0.000000,synthetic_chat_design_preset
46.81,3.692204,3.744800,-0.052596,0.000000,synthetic_chat_design_preset
46.82,3.694415,3.745600,-0.051185,0.000000,synthetic_chat_design_preset
46.83,3.696829,3.746400,-0.049571,0.000000,synthetic_chat_design_preset
46.84,3.699438,3.747200,-0.047762,0.000000,synthetic_chat_design_preset
46.85,3.702235,3.748000,-0.045765,0.000000,synthetic_chat_design_preset
46.86,3.705213,3.748800,-0.043587,0.000000,synthetic_chat_design_preset
46.87,3.708363,3.749600,-0.041237,0.000000,synthetic_chat_design_preset
46.88,3.711676,3.750400,-0.038724,0.000000,synthetic_chat_design_preset
46.89,3.715142,3.751200,-0.036058,0.000000,synthetic_chat_design_preset
46.90,3.718750,3.752000,-0.033250,0.000000,synthetic_chat_design_preset
46.91,3.722489,3.752800,-0.030311,0.000000,synthetic_chat_design_preset
46.92,3.726348,3.753600,-0.027252,0.000000,synthetic_chat_design_preset
46.93,3.730314,3.754400,-0.024086,0.000000,synthetic_chat_design_preset
46.94,3.734376,3.755200,-0.020824,0.000000,synthetic_chat_design_preset
46.95,3.738519,3.756000,-0.017481,0.000000,synthetic_chat_design_preset
46.96,3.742732,3.756800,-0.014068,0.000000,synthetic_chat_design_preset
46.97,3.747000,3.757600,-0.010600,0.000000,synthetic_chat_design_preset
46.98,3.751310,3.758400,-0.007090,0.000000,synthetic_chat_design_preset
46.99,3.755681,3.759200,-0.003552,0.000033,synthetic_chat_design_preset
47.00,3.760045,3.760000,0.000000,0.000045,synthetic_chat_design_preset
47.01,3.764413,3.760800,0.003552,0.000061,synthetic_chat_design_preset
47.02,3.768773,3.761600,0.007090,0.000083,synthetic_chat_design_preset
47.03,3.773111,3.762400,0.010600,0.000111,synthetic_chat_design_preset
47.04,3.777416,3.763200,0.014068,0.000148,synthetic_chat_design_preset
47.05,3.781676,3.764000,0.017481,0.000195,synthetic_chat_design_preset
47.06,3.785881,3.764800,0.020824,0.000257,synthetic_chat_design_preset
47.07,3.790022,3.765600,0.024086,0.000336,synthetic_chat_design_preset
47.08,3.794089,3.766400,0.027252,0.000436,synthetic_chat_design_preset
47.09,3.798075,3.767200,0.030311,0.000564,synthetic_chat_design_preset
47.10,3.801973,3.768000,0.033250,0.000723,synthetic_chat_design_preset
47.11,3.805781,3.768800,0.036058,0.000923,synthetic_chat_design_preset
47.12,3.809493,3.769600,0.038724,0.001170,synthetic_chat_design_preset
47.13,3.813110,3.770400,0.041237,0.001474,synthetic_chat_design_preset
47.14,3.816632,3.771200,0.043587,0.001845,synthetic_chat_design_preset
47.15,3.820061,3.772000,0.045765,0.002296,synthetic_chat_design_preset
47.16,3.823403,3.772800,0.047762,0.002840,synthetic_chat_design_preset
47.17,3.826663,3.773600,0.049571,0.003492,synthetic_chat_design_preset
47.18,3.829850,3.774400,0.051185,0.004266,synthetic_chat_design_preset
47.19,3.832975,3.775200,0.052596,0.005179,synthetic_chat_design_preset
47.20,3.836050,3.776000,0.053800,0.006250,synthetic_chat_design_preset
47.21,3.839087,3.776800,0.054791,0.007496,synthetic_chat_design_preset
47.22,3.842101,3.777600,0.055567,0.008935,synthetic_chat_design_preset
47.23,3.845107,3.778400,0.056122,0.010584,synthetic_chat_design_preset
47.24,3.848118,3.779200,0.056457,0.012462,synthetic_chat_design_preset
47.25,3.851150,3.780000,0.056569,0.014582,synthetic_chat_design_preset
47.26,3.854214,3.780800,0.056457,0.016958,synthetic_chat_design_preset
47.27,3.857322,3.781600,0.056122,0.019600,synthetic_chat_design_preset
47.28,3.860480,3.782400,0.055567,0.022514,synthetic_chat_design_preset
47.29,3.863694,3.783200,0.054791,0.025703,synthetic_chat_design_preset
47.30,3.866963,3.784000,0.053800,0.029163,synthetic_chat_design_preset
47.31,3.870282,3.784800,0.052596,0.032886,synthetic_chat_design_preset
47.32,3.873641,3.785600,0.051185,0.036857,synthetic_chat_design_preset
47.33,3.877024,3.786400,0.049571,0.041053,synthetic_chat_design_preset
47.34,3.880408,3.787200,0.047762,0.045446,synthetic_chat_design_preset
47.35,3.883765,3.788000,0.045765,0.050000,synthetic_chat_design_preset
47.36,3.887059,3.788800,0.043587,0.054673,synthetic_chat_design_preset
47.37,3.890251,3.789600,0.041237,0.059415,synthetic_chat_design_preset
47.38,3.893295,3.790400,0.038724,0.064171,synthetic_chat_design_preset
47.39,3.896141,3.791200,0.036058,0.068883,synthetic_chat_design_preset
47.40,3.898737,3.792000,0.033250,0.073487,synthetic_chat_design_preset
47.41,3.901027,3.792800,0.030311,0.077916,synthetic_chat_design_preset
47.42,3.902958,3.793600,0.027252,0.082106,synthetic_chat_design_preset
47.43,3.904475,3.794400,0.024086,0.085989,synthetic_chat_design_preset
47.44,3.905527,3.795200,0.020824,0.089503,synthetic_chat_design_preset
47.45,3.906068,3.796000,0.017481,0.092587,synthetic_chat_design_preset
47.46,3.906058,3.796800,0.014068,0.095190,synthetic_chat_design_preset
47.47,3.905465,3.797600,0.010600,0.097265,synthetic_chat_design_preset
47.48,3.904265,3.798400,0.007090,0.098775,synthetic_chat_design_preset
47.49,3.902444,3.799200,0.003552,0.099692,synthetic_chat_design_preset
47.50,3.900000,3.800000,0.000000,0.100000,synthetic_chat_design_preset
47.51,3.896940,3.800800,-0.003552,0.099692,synthetic_chat_design_preset
47.52,3.893285,3.801600,-0.007090,0.098775,synthetic_chat_design_preset
47.53,3.889066,3.802400,-0.010600,0.097265,synthetic_chat_design_preset
47.54,3.884322,3.803200,-0.014068,0.095190,synthetic_chat_design_preset
47.55,3.879107,3.804000,-0.017481,0.092587,synthetic_chat_design_preset
47.56,3.873478,3.804800,-0.020824,0.089503,synthetic_chat_design_preset
47.57,3.867503,3.805600,-0.024086,0.085989,synthetic_chat_design_preset
47.58,3.861254,3.806400,-0.027252,0.082106,synthetic_chat_design_preset
47.59,3.854806,3.807200,-0.030311,0.077916,synthetic_chat_design_preset
47.60,3.848237,3.808000,-0.033250,0.073487,synthetic_chat_design_preset
47.61,3.841625,3.808800,-0.036058,0.068883,synthetic_chat_design_preset
47.62,3.835047,3.809600,-0.038724,0.064171,synthetic_chat_design_preset
47.63,3.828578,3.810400,-0.041237,0.059415,synthetic_chat_design_preset
47.64,3.822286,3.811200,-0.043587,0.054673,synthetic_chat_design_preset
47.65,3.816235,3.812000,-0.045765,0.050000,synthetic_chat_design_preset
47.66,3.810484,3.812800,-0.047762,0.045446,synthetic_chat_design_preset
47.67,3.805081,3.813600,-0.049571,0.041053,synthetic_chat_design_preset
47.68,3.800072,3.814400,-0.051185,0.036857,synthetic_chat_design_preset
47.69,3.795490,3.815200,-0.052596,0.032886,synthetic_chat_design_preset
47.70,3.791363,3.816000,-0.053800,0.029163,synthetic_chat_design_preset
47.71,3.787712,3.816800,-0.054791,0.025703,synthetic_chat_design_preset
47.72,3.784547,3.817600,-0.055567,0.022514,synthetic_chat_design_preset
47.73,3.781877,3.818400,-0.056122,0.019600,synthetic_chat_design_preset
47.74,3.779701,3.819200,-0.056457,0.016958,synthetic_chat_design_preset
47.75,3.778013,3.820000,-0.056569,0.014582,synthetic_chat_design_preset
47.76,3.776805,3.820800,-0.056457,0.012462,synthetic_chat_design_preset
47.77,3.776062,3.821600,-0.056122,0.010584,synthetic_chat_design_preset
47.78,3.775768,3.822400,-0.055567,0.008935,synthetic_chat_design_preset
47.79,3.775904,3.823200,-0.054791,0.007496,synthetic_chat_design_preset
47.80,3.776450,3.824000,-0.053800,0.006250,synthetic_chat_design_preset
47.81,3.777383,3.824800,-0.052596,0.005179,synthetic_chat_design_preset
47.82,3.778681,3.825600,-0.051185,0.004266,synthetic_chat_design_preset
47.83,3.780320,3.826400,-0.049571,0.003492,synthetic_chat_design_preset
47.84,3.782278,3.827200,-0.047762,0.002840,synthetic_chat_design_preset
47.85,3.784532,3.828000,-0.045765,0.002296,synthetic_chat_design_preset
47.86,3.787058,3.828800,-0.043587,0.001845,synthetic_chat_design_preset
47.87,3.789837,3.829600,-0.041237,0.001474,synthetic_chat_design_preset
47.88,3.792846,3.830400,-0.038724,0.001170,synthetic_chat_design_preset
47.89,3.796065,3.831200,-0.036058,0.000923,synthetic_chat_design_preset
47.90,3.799473,3.832000,-0.033250,0.000723,synthetic_chat_design_preset
47.91,3.803053,3.832800,-0.030311,0.000564,synthetic_chat_design_preset
47.92,3.806784,3.833600,-0.027252,0.000436,synthetic_chat_design_preset
47.93,3.810650,3.834400,-0.024086,0.000336,synthetic_chat_design_preset
47.94,3.814633,3.835200,-0.020824,0.000257,synthetic_chat_design_preset
47.95,3.818715,3.836000,-0.017481,0.000195,synthetic_chat_design_preset
47.96,3.822880,3.836800,-0.014068,0.000148,synthetic_chat_design_preset
47.97,3.827111,3.837600,-0.010600,0.000111,synthetic_chat_design_preset
47.98,3.831393,3.838400,-0.007090,0.000083,synthetic_chat_design_preset
47.99,3.835709,3.839200,-0.003552,0.000061,synthetic_chat_design_preset
48.00,3.840045,3.840000,-0.000000,0.000045,synthetic_chat_design_preset
48.01,3.844352,3.840800,0.003552,0.000000,synthetic_chat_design_preset
48.02,3.848690,3.841600,0.007090,0.000000,synthetic_chat_design_preset
48.03,3.853000,3.842400,0.010600,0.000000,synthetic_chat_design_preset
48.04,3.857268,3.843200,0.014068,0.000000,synthetic_chat_design_preset
48.05,3.861481,3.844000,0.017481,0.000000,synthetic_chat_design_preset
48.06,3.865624,3.844800,0.020824,0.000000,synthetic_chat_design_preset
48.07,3.869686,3.845600,0.024086,0.000000,synthetic_chat_design_preset
48.08,3.873652,3.846400,0.027252,0.000000,synthetic_chat_design_preset
48.09,3.877511,3.847200,0.030311,0.000000,synthetic_chat_design_preset
48.10,3.881250,3.848000,0.033250,0.000000,synthetic_chat_design_preset
48.11,3.884858,3.848800,0.036058,0.000000,synthetic_chat_design_preset
48.12,3.888324,3.849600,0.038724,0.000000,synthetic_chat_design_preset
48.13,3.891637,3.850400,0.041237,0.000000,synthetic_chat_design_preset
48.14,3.894787,3.851200,0.043587,0.000000,synthetic_chat_design_preset
48.15,3.897765,3.852000,0.045765,0.000000,synthetic_chat_design_preset
48.16,3.900562,3.852800,0.047762,0.000000,synthetic_chat_design_preset
48.17,3.903171,3.853600,0.049571,0.000000,synthetic_chat_design_preset
48.18,3.905585,3.854400,0.051185,0.000000,synthetic_chat_design_preset
48.19,3.907796,3.855200,0.052596,0.000000,synthetic_chat_design_preset
48.20,3.909800,3.856000,0.053800,0.000000,synthetic_chat_design_preset
48.21,3.911591,3.856800,0.054791,0.000000,synthetic_chat_design_preset
48.22,3.913167,3.857600,0.055567,0.000000,synthetic_chat_design_preset
48.23,3.914522,3.858400,0.056122,0.000000,synthetic_chat_design_preset
48.24,3.915657,3.859200,0.056457,0.000000,synthetic_chat_design_preset
48.25,3.916569,3.860000,0.056569,0.000000,synthetic_chat_design_preset
48.26,3.917257,3.860800,0.056457,0.000000,synthetic_chat_design_preset
48.27,3.917722,3.861600,0.056122,0.000000,synthetic_chat_design_preset
48.28,3.917967,3.862400,0.055567,0.000000,synthetic_chat_design_preset
48.29,3.917991,3.863200,0.054791,0.000000,synthetic_chat_design_preset
48.30,3.917800,3.864000,0.053800,0.000000,synthetic_chat_design_preset
48.31,3.917396,3.864800,0.052596,0.000000,synthetic_chat_design_preset
48.32,3.916785,3.865600,0.051185,0.000000,synthetic_chat_design_preset
48.33,3.915971,3.866400,0.049571,0.000000,synthetic_chat_design_preset
48.34,3.914962,3.867200,0.047762,0.000000,synthetic_chat_design_preset
48.35,3.913765,3.868000,0.045765,0.000000,synthetic_chat_design_preset
48.36,3.912387,3.868800,0.043587,0.000000,synthetic_chat_design_preset
48.37,3.910837,3.869600,0.041237,0.000000,synthetic_chat_design_preset
48.38,3.909124,3.870400,0.038724,0.000000,synthetic_chat_design_preset
48.39,3.907258,3.871200,0.036058,0.000000,synthetic_chat_design_preset
48.40,3.905250,3.872000,0.033250,0.000000,synthetic_chat_design_preset
48.41,3.903111,3.872800,0.030311,0.000000,synthetic_chat_design_preset
48.42,3.900852,3.873600,0.027252,0.000000,synthetic_chat_design_preset
48.43,3.898486,3.874400,0.024086,0.000000,synthetic_chat_design_preset
48.44,3.896024,3.875200,0.020824,0.000000,synthetic_chat_design_preset
48.45,3.893481,3.876000,0.017481,0.000000,synthetic_chat_design_preset
48.46,3.890868,3.876800,0.014068,0.000000,synthetic_chat_design_preset
48.47,3.888200,3.877600,0.010600,0.000000,synthetic_chat_design_preset
48.48,3.885490,3.878400,0.007090,0.000000,synthetic_chat_design_preset
48.49,3.882752,3.879200,0.003552,0.000000,synthetic_chat_design_preset
48.50,3.880000,3.880000,0.000000,0.000000,synthetic_chat_design_preset
48.51,3.877248,3.880800,-0.003552,0.000000,synthetic_chat_design_preset
48.52,3.874510,3.881600,-0.007090,0.000000,synthetic_chat_design_preset
48.53,3.871800,3.882400,-0.010600,0.000000,synthetic_chat_design_preset
48.54,3.869132,3.883200,-0.014068,0.000000,synthetic_chat_design_preset
48.55,3.866519,3.884000,-0.017481,0.000000,synthetic_chat_design_preset
48.56,3.863976,3.884800,-0.020824,0.000000,synthetic_chat_design_preset
48.57,3.861514,3.885600,-0.024086,0.000000,synthetic_chat_design_preset
48.58,3.859148,3.886400,-0.027252,0.000000,synthetic_chat_design_preset
48.59,3.856889,3.887200,-0.030311,0.000000,synthetic_chat_design_preset
48.60,3.854750,3.888000,-0.033250,0.000000,synthetic_chat_design_preset
48.61,3.852742,3.888800,-0.036058,0.000000,synthetic_chat_design_preset
48.62,3.850876,3.889600,-0.038724,0.000000,synthetic_chat_design_preset
48.63,3.849163,3.890400,-0.041237,0.000000,synthetic_chat_design_preset
48.64,3.847613,3.891200,-0.043587,0.000000,synthetic_chat_design_preset
48.65,3.846235,3.892000,-0.045765,0.000000,synthetic_chat_design_preset
48.66,3.845038,3.892800,-0.047762,0.000000,synthetic_chat_design_preset
48.67,3.844029,3.893600,-0.049571,0.000000,synthetic_chat_design_preset
48.68,3.843215,3.894400,-0.051185,0.000000,synthetic_chat_design_preset
48.69,3.842604,3.895200,-0.052596,0.000000,synthetic_chat_design_preset
48.70,3.842200,3.896000,-0.053800,0.000000,synthetic_chat_design_preset
48.71,3.842009,3.896800,-0.054791,0.000000,synthetic_chat_design_preset
48.72,3.842033,3.897600,-0.055567,0.000000,synthetic_chat_design_preset
48.73,3.842278,3.898400,-0.056122,0.000000,synthetic_chat_design_preset
48.74,3.842743,3.899200,-0.056457,0.000000,synthetic_chat_design_preset
48.75,3.843431,3.900000,-0.056569,0.000000,synthetic_chat_design_preset
48.76,3.844343,3.900800,-0.056457,0.000000,synthetic_chat_design_preset
48.77,3.845478,3.901600,-0.056122,0.000000,synthetic_chat_design_preset
48.78,3.846833,3.902400,-0.055567,0.000000,synthetic_chat_design_preset
48.79,3.848409,3.903200,-0.054791,0.000000,synthetic_chat_design_preset
48.80,3.850200,3.904000,-0.053800,0.000000,synthetic_chat_design_preset
48.81,3.852204,3.904800,-0.052596,0.000000,synthetic_chat_design_preset
48.82,3.854415,3.905600,-0.051185,0.000000,synthetic_chat_design_preset
48.83,3.856829,3.906400,-0.049571,0.000000,synthetic_chat_design_preset
48.84,3.859438,3.907200,-0.047762,0.000000,synthetic_chat_design_preset
48.85,3.862235,3.908000,-0.045765,0.000000,synthetic_chat_design_preset
48.86,3.865213,3.908800,-0.043587,0.000000,synthetic_chat_design_preset
48.87,3.868363,3.909600,-0.041237,0.000000,synthetic_chat_design_preset
48.88,3.871676,3.910400,-0.038724,0.000000,synthetic_chat_design_preset
48.89,3.875142,3.911200,-0.036058,0.000000,synthetic_chat_design_preset
48.90,3.878750,3.912000,-0.033250,0.000000,synthetic_chat_design_preset
48.91,3.882489,3.912800,-0.030311,0.000000,synthetic_chat_design_preset
48.92,3.886348,3.913600,-0.027252,0.000000,synthetic_chat_design_preset
48.93,3.890314,3.914400,-0.024086,0.000000,synthetic_chat_design_preset
48.94,3.894376,3.915200,-0.020824,0.000000,synthetic_chat_design_preset
48.95,3.898519,3.916000,-0.017481,0.000000,synthetic_chat_design_preset
48.96,3.902732,3.916800,-0.014068,0.000000,synthetic_chat_design_preset
48.97,3.907000,3.917600,-0.010600,0.000000,synthetic_chat_design_preset
48.98,3.911310,3.918400,-0.007090,0.000000,synthetic_chat_design_preset
48.99,3.915648,3.919200,-0.003552,0.000000,synthetic_chat_design_preset
49.00,3.920000,3.920000,-0.000000,0.000000,synthetic_chat_design_preset
49.01,3.924352,3.920800,0.003552,0.000000,synthetic_chat_design_preset
49.02,3.928690,3.921600,0.007090,0.000000,synthetic_chat_design_preset
49.03,3.933000,3.922400,0.010600,0.000000,synthetic_chat_design_preset
49.04,3.937268,3.923200,0.014068,0.000000,synthetic_chat_design_preset
49.05,3.941481,3.924000,0.017481,0.000000,synthetic_chat_design_preset
49.06,3.945624,3.924800,0.020824,0.000000,synthetic_chat_design_preset
49.07,3.949686,3.925600,0.024086,0.000000,synthetic_chat_design_preset
49.08,3.953652,3.926400,0.027252,0.000000,synthetic_chat_design_preset
49.09,3.957511,3.927200,0.030311,0.000000,synthetic_chat_design_preset
49.10,3.961250,3.928000,0.033250,0.000000,synthetic_chat_design_preset
49.11,3.964858,3.928800,0.036058,0.000000,synthetic_chat_design_preset
49.12,3.968324,3.929600,0.038724,0.000000,synthetic_chat_design_preset
49.13,3.971637,3.930400,0.041237,0.000000,synthetic_chat_design_preset
49.14,3.974787,3.931200,0.043587,0.000000,synthetic_chat_design_preset
49.15,3.977765,3.932000,0.045765,0.000000,synthetic_chat_design_preset
49.16,3.980562,3.932800,0.047762,0.000000,synthetic_chat_design_preset
49.17,3.983171,3.933600,0.049571,0.000000,synthetic_chat_design_preset
49.18,3.985585,3.934400,0.051185,0.000000,synthetic_chat_design_preset
49.19,3.987796,3.935200,0.052596,0.000000,synthetic_chat_design_preset
49.20,3.989800,3.936000,0.053800,0.000000,synthetic_chat_design_preset
49.21,3.991591,3.936800,0.054791,0.000000,synthetic_chat_design_preset
49.22,3.993167,3.937600,0.055567,0.000000,synthetic_chat_design_preset
49.23,3.994522,3.938400,0.056122,0.000000,synthetic_chat_design_preset
49.24,3.995657,3.939200,0.056457,0.000000,synthetic_chat_design_preset
49.25,3.996569,3.940000,0.056569,0.000000,synthetic_chat_design_preset
49.26,3.997257,3.940800,0.056457,0.000000,synthetic_chat_design_preset
49.27,3.997722,3.941600,0.056122,0.000000,synthetic_chat_design_preset
49.28,3.997967,3.942400,0.055567,0.000000,synthetic_chat_design_preset
49.29,3.997991,3.943200,0.054791,0.000000,synthetic_chat_design_preset
49.30,3.997800,3.944000,0.053800,0.000000,synthetic_chat_design_preset
49.31,3.997396,3.944800,0.052596,0.000000,synthetic_chat_design_preset
49.32,3.996785,3.945600,0.051185,0.000000,synthetic_chat_design_preset
49.33,3.995971,3.946400,0.049571,0.000000,synthetic_chat_design_preset
49.34,3.994962,3.947200,0.047762,0.000000,synthetic_chat_design_preset
49.35,3.993765,3.948000,0.045765,0.000000,synthetic_chat_design_preset
49.36,3.992387,3.948800,0.043587,0.000000,synthetic_chat_design_preset
49.37,3.990837,3.949600,0.041237,0.000000,synthetic_chat_design_preset
49.38,3.989124,3.950400,0.038724,0.000000,synthetic_chat_design_preset
49.39,3.987258,3.951200,0.036058,0.000000,synthetic_chat_design_preset
49.40,3.985250,3.952000,0.033250,0.000000,synthetic_chat_design_preset
49.41,3.983111,3.952800,0.030311,0.000000,synthetic_chat_design_preset
49.42,3.980852,3.953600,0.027252,0.000000,synthetic_chat_design_preset
49.43,3.978486,3.954400,0.024086,0.000000,synthetic_chat_design_preset
49.44,3.976024,3.955200,0.020824,0.000000,synthetic_chat_design_preset
49.45,3.973481,3.956000,0.017481,0.000000,synthetic_chat_design_preset
49.46,3.970868,3.956800,0.014068,0.000000,synthetic_chat_design_preset
49.47,3.968200,3.957600,0.010600,0.000000,synthetic_chat_design_preset
49.48,3.965490,3.958400,0.007090,0.000000,synthetic_chat_design_preset
49.49,3.962752,3.959200,0.003552,0.000000,synthetic_chat_design_preset
49.50,3.960000,3.960000,-0.000000,0.000000,synthetic_chat_design_preset
49.51,3.957248,3.960800,-0.003552,0.000000,synthetic_chat_design_preset
49.52,3.954510,3.961600,-0.007090,0.000000,synthetic_chat_design_preset
49.53,3.951800,3.962400,-0.010600,0.000000,synthetic_chat_design_preset
49.54,3.949132,3.963200,-0.014068,0.000000,synthetic_chat_design_preset
49.55,3.946519,3.964000,-0.017481,0.000000,synthetic_chat_design_preset
49.56,3.943976,3.964800,-0.020824,0.000000,synthetic_chat_design_preset
49.57,3.941514,3.965600,-0.024086,0.000000,synthetic_chat_design_preset
49.58,3.939148,3.966400,-0.027252,0.000000,synthetic_chat_design_preset
49.59,3.936889,3.967200,-0.030311,0.000000,synthetic_chat_design_preset
49.60,3.934750,3.968000,-0.033250,0.000000,synthetic_chat_design_preset
49.61,3.932742,3.968800,-0.036058,0.000000,synthetic_chat_design_preset
49.62,3.930876,3.969600,-0.038724,0.000000,synthetic_chat_design_preset
49.63,3.929163,3.970400,-0.041237,0.000000,synthetic_chat_design_preset
49.64,3.927613,3.971200,-0.043587,0.000000,synthetic_chat_design_preset
49.65,3.926235,3.972000,-0.045765,0.000000,synthetic_chat_design_preset
49.66,3.925038,3.972800,-0.047762,0.000000,synthetic_chat_design_preset
49.67,3.924029,3.973600,-0.049571,0.000000,synthetic_chat_design_preset
49.68,3.923215,3.974400,-0.051185,0.000000,synthetic_chat_design_preset
49.69,3.922604,3.975200,-0.052596,0.000000,synthetic_chat_design_preset
49.70,3.922200,3.976000,-0.053800,0.000000,synthetic_chat_design_preset
49.71,3.922009,3.976800,-0.054791,0.000000,synthetic_chat_design_preset
49.72,3.922033,3.977600,-0.055567,0.000000,synthetic_chat_design_preset
49.73,3.922278,3.978400,-0.056122,0.000000,synthetic_chat_design_preset
49.74,3.922743,3.979200,-0.056457,0.000000,synthetic_chat_design_preset
49.75,3.923431,3.980000,-0.056569,0.000000,synthetic_chat_design_preset
49.76,3.924343,3.980800,-0.056457,0.000000,synthetic_chat_design_preset
49.77,3.925478,3.981600,-0.056122,0.000000,synthetic_chat_design_preset
49.78,3.926833,3.982400,-0.055567,0.000000,synthetic_chat_design_preset
49.79,3.928409,3.983200,-0.054791,0.000000,synthetic_chat_design_preset
49.80,3.930200,3.984000,-0.053800,0.000000,synthetic_chat_design_preset
49.81,3.932204,3.984800,-0.052596,0.000000,synthetic_chat_design_preset
49.82,3.934415,3.985600,-0.051185,0.000000,synthetic_chat_design_preset
49.83,3.936829,3.986400,-0.049571,0.000000,synthetic_chat_design_preset
49.84,3.939438,3.987200,-0.047762,0.000000,synthetic_chat_design_preset
49.85,3.942235,3.988000,-0.045765,0.000000,synthetic_chat_design_preset
49.86,3.945213,3.988800,-0.043587,0.000000,synthetic_chat_design_preset
49.87,3.948363,3.989600,-0.041237,0.000000,synthetic_chat_design_preset
49.88,3.951676,3.990400,-0.038724,0.000000,synthetic_chat_design_preset
49.89,3.955142,3.991200,-0.036058,0.000000,synthetic_chat_design_preset
49.90,3.958750,3.992000,-0.033250,0.000000,synthetic_chat_design_preset
49.91,3.962489,3.992800,-0.030311,0.000000,synthetic_chat_design_preset
49.92,3.966348,3.993600,-0.027252,0.000000,synthetic_chat_design_preset
49.93,3.970314,3.994400,-0.024086,0.000000,synthetic_chat_design_preset
49.94,3.974376,3.995200,-0.020824,0.000000,synthetic_chat_design_preset
49.95,3.978519,3.996000,-0.017481,0.000000,synthetic_chat_design_preset
49.96,3.982732,3.996800,-0.014068,0.000000,synthetic_chat_design_preset
49.97,3.987000,3.997600,-0.010600,0.000000,synthetic_chat_design_preset
49.98,3.991310,3.998400,-0.007090,0.000000,synthetic_chat_design_preset
49.99,3.995648,3.999200,-0.003552,0.000000,synthetic_chat_design_preset
50.00,4.000000,4.000000,0.000000,0.000000,synthetic_chat_design_preset
50.01,4.004352,4.000800,0.003552,0.000000,synthetic_chat_design_preset
50.02,4.008690,4.001600,0.007090,0.000000,synthetic_chat_design_preset
50.03,4.013000,4.002400,0.010600,0.000000,synthetic_chat_design_preset
50.04,4.017268,4.003200,0.014068,0.000000,synthetic_chat_design_preset
50.05,4.021481,4.004000,0.017481,0.000000,synthetic_chat_design_preset
50.06,4.025624,4.004800,0.020824,0.000000,synthetic_chat_design_preset
50.07,4.029686,4.005600,0.024086,0.000000,synthetic_chat_design_preset
50.08,4.033652,4.006400,0.027252,0.000000,synthetic_chat_design_preset
50.09,4.037511,4.007200,0.030311,0.000000,synthetic_chat_design_preset
50.10,4.041250,4.008000,0.033250,0.000000,synthetic_chat_design_preset
50.11,4.044858,4.008800,0.036058,0.000000,synthetic_chat_design_preset
50.12,4.048324,4.009600,0.038724,0.000000,synthetic_chat_design_preset
50.13,4.051637,4.010400,0.041237,0.000000,synthetic_chat_design_preset
50.14,4.054787,4.011200,0.043587,0.000000,synthetic_chat_design_preset
50.15,4.057765,4.012000,0.045765,0.000000,synthetic_chat_design_preset
50.16,4.060562,4.012800,0.047762,0.000000,synthetic_chat_design_preset
50.17,4.063171,4.013600,0.049571,0.000000,synthetic_chat_design_preset
50.18,4.065585,4.014400,0.051185,0.000000,synthetic_chat_design_preset
50.19,4.067796,4.015200,0.052596,0.000000,synthetic_chat_design_preset
50.20,4.069800,4.016000,0.053800,0.000000,synthetic_chat_design_preset
50.21,4.071591,4.016800,0.054791,0.000000,synthetic_chat_design_preset
50.22,4.073167,4.017600,0.055567,0.000000,synthetic_chat_design_preset
50.23,4.074522,4.018400,0.056122,0.000000,synthetic_chat_design_preset
50.24,4.075657,4.019200,0.056457,0.000000,synthetic_chat_design_preset
50.25,4.076569,4.020000,0.056569,0.000000,synthetic_chat_design_preset
50.26,4.077257,4.020800,0.056457,0.000000,synthetic_chat_design_preset
50.27,4.077722,4.021600,0.056122,0.000000,synthetic_chat_design_preset
50.28,4.077967,4.022400,0.055567,0.000000,synthetic_chat_design_preset
50.29,4.077991,4.023200,0.054791,0.000000,synthetic_chat_design_preset
50.30,4.077800,4.024000,0.053800,0.000000,synthetic_chat_design_preset
50.31,4.077396,4.024800,0.052596,0.000000,synthetic_chat_design_preset
50.32,4.076785,4.025600,0.051185,0.000000,synthetic_chat_design_preset
50.33,4.075971,4.026400,0.049571,0.000000,synthetic_chat_design_preset
50.34,4.074962,4.027200,0.047762,0.000000,synthetic_chat_design_preset
50.35,4.073765,4.028000,0.045765,0.000000,synthetic_chat_design_preset
50.36,4.072387,4.028800,0.043587,0.000000,synthetic_chat_design_preset
50.37,4.070837,4.029600,0.041237,0.000000,synthetic_chat_design_preset
50.38,4.069124,4.030400,0.038724,0.000000,synthetic_chat_design_preset
50.39,4.067258,4.031200,0.036058,0.000000,synthetic_chat_design_preset
50.40,4.065250,4.032000,0.033250,0.000000,synthetic_chat_design_preset
50.41,4.063111,4.032800,0.030311,0.000000,synthetic_chat_design_preset
50.42,4.060852,4.033600,0.027252,0.000000,synthetic_chat_design_preset
50.43,4.058486,4.034400,0.024086,0.000000,synthetic_chat_design_preset
50.44,4.056024,4.035200,0.020824,0.000000,synthetic_chat_design_preset
50.45,4.053481,4.036000,0.017481,0.000000,synthetic_chat_design_preset
50.46,4.050868,4.036800,0.014068,0.000000,synthetic_chat_design_preset
50.47,4.048200,4.037600,0.010600,0.000000,synthetic_chat_design_preset
50.48,4.045490,4.038400,0.007090,0.000000,synthetic_chat_design_preset
50.49,4.042752,4.039200,0.003552,0.000000,synthetic_chat_design_preset
50.50,4.040000,4.040000,0.000000,0.000000,synthetic_chat_design_preset
50.51,4.037248,4.040800,-0.003552,0.000000,synthetic_chat_design_preset
50.52,4.034510,4.041600,-0.007090,0.000000,synthetic_chat_design_preset
50.53,4.031800,4.042400,-0.010600,0.000000,synthetic_chat_design_preset
50.54,4.029132,4.043200,-0.014068,0.000000,synthetic_chat_design_preset
50.55,4.026519,4.044000,-0.017481,0.000000,synthetic_chat_design_preset
50.56,4.023976,4.044800,-0.020824,0.000000,synthetic_chat_design_preset
50.57,4.021514,4.045600,-0.024086,0.000000,synthetic_chat_design_preset
50.58,4.019148,4.046400,-0.027252,0.000000,synthetic_chat_design_preset
50.59,4.016889,4.047200,-0.030311,0.000000,synthetic_chat_design_preset
50.60,4.014750,4.048000,-0.033250,0.000000,synthetic_chat_design_preset
50.61,4.012742,4.048800,-0.036058,0.000000,synthetic_chat_design_preset
50.62,4.010876,4.049600,-0.038724,0.000000,synthetic_chat_design_preset
50.63,4.009163,4.050400,-0.041237,0.000000,synthetic_chat_design_preset
50.64,4.007613,4.051200,-0.043587,0.000000,synthetic_chat_design_preset
50.65,4.006235,4.052000,-0.045765,0.000000,synthetic_chat_design_preset
50.66,4.005038,4.052800,-0.047762,0.000000,synthetic_chat_design_preset
50.67,4.004029,4.053600,-0.049571,0.000000,synthetic_chat_design_preset
50.68,4.003215,4.054400,-0.051185,0.000000,synthetic_chat_design_preset
50.69,4.002604,4.055200,-0.052596,0.000000,synthetic_chat_design_preset
50.70,4.002200,4.056000,-0.053800,0.000000,synthetic_chat_design_preset
50.71,4.002009,4.056800,-0.054791,0.000000,synthetic_chat_design_preset
50.72,4.002033,4.057600,-0.055567,0.000000,synthetic_chat_design_preset
50.73,4.002278,4.058400,-0.056122,0.000000,synthetic_chat_design_preset
50.74,4.002743,4.059200,-0.056457,0.000000,synthetic_chat_design_preset
50.75,4.003431,4.060000,-0.056569,0.000000,synthetic_chat_design_preset
50.76,4.004343,4.060800,-0.056457,0.000000,synthetic_chat_design_preset
50.77,4.005478,4.061600,-0.056122,0.000000,synthetic_chat_design_preset
50.78,4.006833,4.062400,-0.055567,0.000000,synthetic_chat_design_preset
50.79,4.008409,4.063200,-0.054791,0.000000,synthetic_chat_design_preset
50.80,4.010200,4.064000,-0.053800,0.000000,synthetic_chat_design_preset
50.81,4.012204,4.064800,-0.052596,0.000000,synthetic_chat_design_preset
50.82,4.014415,4.065600,-0.051185,0.000000,synthetic_chat_design_preset
50.83,4.016829,4.066400,-0.049571,0.000000,synthetic_chat_design_preset
50.84,4.019438,4.067200,-0.047762,0.000000,synthetic_chat_design_preset
50.85,4.022235,4.068000,-0.045765,0.000000,synthetic_chat_design_preset
50.86,4.025213,4.068800,-0.043587,0.000000,synthetic_chat_design_preset
50.87,4.028363,4.069600,-0.041237,0.000000,synthetic_chat_design_preset
50.88,4.031676,4.070400,-0.038724,0.000000,synthetic_chat_design_preset
50.89,4.035142,4.071200,-0.036058,0.000000,synthetic_chat_design_preset
50.90,4.038750,4.072000,-0.033250,0.000000,synthetic_chat_design_preset
50.91,4.042489,4.072800,-0.030311,0.000000,synthetic_chat_design_preset
50.92,4.046348,4.073600,-0.027252,0.000000,synthetic_chat_design_preset
50.93,4.050314,4.074400,-0.024086,0.000000,synthetic_chat_design_preset
50.94,4.054376,4.075200,-0.020824,0.000000,synthetic_chat_design_preset
50.95,4.058519,4.076000,-0.017481,0.000000,synthetic_chat_design_preset
50.96,4.062732,4.076800,-0.014068,0.000000,synthetic_chat_design_preset
50.97,4.067000,4.077600,-0.010600,0.000000,synthetic_chat_design_preset
50.98,4.071310,4.078400,-0.007090,0.000000,synthetic_chat_design_preset
50.99,4.075648,4.079200,-0.003552,0.000000,synthetic_chat_design_preset
51.00,4.080000,4.080000,-0.000000,0.000000,synthetic_chat_design_preset
51.01,4.084352,4.080800,0.003552,0.000000,synthetic_chat_design_preset
51.02,4.088690,4.081600,0.007090,0.000000,synthetic_chat_design_preset
51.03,4.093000,4.082400,0.010600,0.000000,synthetic_chat_design_preset
51.04,4.097268,4.083200,0.014068,0.000000,synthetic_chat_design_preset
51.05,4.101481,4.084000,0.017481,0.000000,synthetic_chat_design_preset
51.06,4.105624,4.084800,0.020824,0.000000,synthetic_chat_design_preset
51.07,4.109686,4.085600,0.024086,0.000000,synthetic_chat_design_preset
51.08,4.113652,4.086400,0.027252,0.000000,synthetic_chat_design_preset
51.09,4.117511,4.087200,0.030311,0.000000,synthetic_chat_design_preset
51.10,4.121250,4.088000,0.033250,0.000000,synthetic_chat_design_preset
51.11,4.124858,4.088800,0.036058,0.000000,synthetic_chat_design_preset
51.12,4.128324,4.089600,0.038724,0.000000,synthetic_chat_design_preset
51.13,4.131637,4.090400,0.041237,0.000000,synthetic_chat_design_preset
51.14,4.134787,4.091200,0.043587,0.000000,synthetic_chat_design_preset
51.15,4.137765,4.092000,0.045765,0.000000,synthetic_chat_design_preset
51.16,4.140562,4.092800,0.047762,0.000000,synthetic_chat_design_preset
51.17,4.143171,4.093600,0.049571,0.000000,synthetic_chat_design_preset
51.18,4.145585,4.094400,0.051185,0.000000,synthetic_chat_design_preset
51.19,4.147796,4.095200,0.052596,0.000000,synthetic_chat_design_preset
51.20,4.149800,4.096000,0.053800,0.000000,synthetic_chat_design_preset
51.21,4.151591,4.096800,0.054791,0.000000,synthetic_chat_design_preset
51.22,4.153167,4.097600,0.055567,0.000000,synthetic_chat_design_preset
51.23,4.154522,4.098400,0.056122,0.000000,synthetic_chat_design_preset
51.24,4.155657,4.099200,0.056457,0.000000,synthetic_chat_design_preset
51.25,4.156569,4.100000,0.056569,0.000000,synthetic_chat_design_preset
51.26,4.157257,4.100800,0.056457,0.000000,synthetic_chat_design_preset
51.27,4.157722,4.101600,0.056122,0.000000,synthetic_chat_design_preset
51.28,4.157967,4.102400,0.055567,0.000000,synthetic_chat_design_preset
51.29,4.157991,4.103200,0.054791,0.000000,synthetic_chat_design_preset
51.30,4.157800,4.104000,0.053800,0.000000,synthetic_chat_design_preset
51.31,4.157396,4.104800,0.052596,0.000000,synthetic_chat_design_preset
51.32,4.156785,4.105600,0.051185,0.000000,synthetic_chat_design_preset
51.33,4.155971,4.106400,0.049571,0.000000,synthetic_chat_design_preset
51.34,4.154962,4.107200,0.047762,0.000000,synthetic_chat_design_preset
51.35,4.153765,4.108000,0.045765,0.000000,synthetic_chat_design_preset
51.36,4.152387,4.108800,0.043587,0.000000,synthetic_chat_design_preset
51.37,4.150837,4.109600,0.041237,0.000000,synthetic_chat_design_preset
51.38,4.149124,4.110400,0.038724,0.000000,synthetic_chat_design_preset
51.39,4.147258,4.111200,0.036058,0.000000,synthetic_chat_design_preset
51.40,4.145250,4.112000,0.033250,0.000000,synthetic_chat_design_preset
51.41,4.143111,4.112800,0.030311,0.000000,synthetic_chat_design_preset
51.42,4.140852,4.113600,0.027252,0.000000,synthetic_chat_design_preset
51.43,4.138486,4.114400,0.024086,0.000000,synthetic_chat_design_preset
51.44,4.136024,4.115200,0.020824,0.000000,synthetic_chat_design_preset
51.45,4.133481,4.116000,0.017481,0.000000,synthetic_chat_design_preset
51.46,4.130868,4.116800,0.014068,0.000000,synthetic_chat_design_preset
51.47,4.128200,4.117600,0.010600,0.000000,synthetic_chat_design_preset
51.48,4.125490,4.118400,0.007090,0.000000,synthetic_chat_design_preset
51.49,4.122752,4.119200,0.003552,0.000000,synthetic_chat_design_preset
51.50,4.120000,4.120000,0.000000,0.000000,synthetic_chat_design_preset
51.51,4.117248,4.120800,-0.003552,0.000000,synthetic_chat_design_preset
51.52,4.114510,4.121600,-0.007090,0.000000,synthetic_chat_design_preset
51.53,4.111800,4.122400,-0.010600,0.000000,synthetic_chat_design_preset
51.54,4.109132,4.123200,-0.014068,0.000000,synthetic_chat_design_preset
51.55,4.106519,4.124000,-0.017481,0.000000,synthetic_chat_design_preset
51.56,4.103976,4.124800,-0.020824,0.000000,synthetic_chat_design_preset
51.57,4.101514,4.125600,-0.024086,0.000000,synthetic_chat_design_preset
51.58,4.099148,4.126400,-0.027252,0.000000,synthetic_chat_design_preset
51.59,4.096889,4.127200,-0.030311,0.000000,synthetic_chat_design_preset
51.60,4.094750,4.128000,-0.033250,0.000000,synthetic_chat_design_preset
51.61,4.092742,4.128800,-0.036058,0.000000,synthetic_chat_design_preset
51.62,4.090876,4.129600,-0.038724,0.000000,synthetic_chat_design_preset
51.63,4.089163,4.130400,-0.041237,0.000000,synthetic_chat_design_preset
51.64,4.087613,4.131200,-0.043587,0.000000,synthetic_chat_design_preset
51.65,4.086235,4.132000,-0.045765,0.000000,synthetic_chat_design_preset
51.66,4.085038,4.132800,-0.047762,0.000000,synthetic_chat_design_preset
51.67,4.084029,4.133600,-0.049571,0.000000,synthetic_chat_design_preset
51.68,4.083215,4.134400,-0.051185,0.000000,synthetic_chat_design_preset
51.69,4.082604,4.135200,-0.052596,0.000000,synthetic_chat_design_preset
51.70,4.082200,4.136000,-0.053800,0.000000,synthetic_chat_design_preset
51.71,4.082009,4.136800,-0.054791,0.000000,synthetic_chat_design_preset
51.72,4.082033,4.137600,-0.055567,0.000000,synthetic_chat_design_preset
51.73,4.082278,4.138400,-0.056122,0.000000,synthetic_chat_design_preset
51.74,4.082743,4.139200,-0.056457,0.000000,synthetic_chat_design_preset
51.75,4.083431,4.140000,-0.056569,0.000000,synthetic_chat_design_preset
51.76,4.084343,4.140800,-0.056457,0.000000,synthetic_chat_design_preset
51.77,4.085478,4.141600,-0.056122,0.000000,synthetic_chat_design_preset
51.78,4.086833,4.142400,-0.055567,0.000000,synthetic_chat_design_preset
51.79,4.088409,4.143200,-0.054791,0.000000,synthetic_chat_design_preset
51.80,4.090200,4.144000,-0.053800,0.000000,synthetic_chat_design_preset
51.81,4.092204,4.144800,-0.052596,0.000000,synthetic_chat_design_preset
51.82,4.094415,4.145600,-0.051185,0.000000,synthetic_chat_design_preset
51.83,4.096829,4.146400,-0.049571,0.000000,synthetic_chat_design_preset
51.84,4.099438,4.147200,-0.047762,0.000000,synthetic_chat_design_preset
51.85,4.102235,4.148000,-0.045765,0.000000,synthetic_chat_design_preset
51.86,4.105213,4.148800,-0.043587,0.000000,synthetic_chat_design_preset
51.87,4.108363,4.149600,-0.041237,0.000000,synthetic_chat_design_preset
51.88,4.111676,4.150400,-0.038724,0.000000,synthetic_chat_design_preset
51.89,4.115142,4.151200,-0.036058,0.000000,synthetic_chat_design_preset
51.90,4.118750,4.152000,-0.033250,0.000000,synthetic_chat_design_preset
51.91,4.122489,4.152800,-0.030311,0.000000,synthetic_chat_design_preset
51.92,4.126348,4.153600,-0.027252,0.000000,synthetic_chat_design_preset
51.93,4.130314,4.154400,-0.024086,0.000000,synthetic_chat_design_preset
51.94,4.134376,4.155200,-0.020824,0.000000,synthetic_chat_design_preset
51.95,4.138519,4.156000,-0.017481,0.000000,synthetic_chat_design_preset
51.96,4.142732,4.156800,-0.014068,0.000000,synthetic_chat_design_preset
51.97,4.147000,4.157600,-0.010600,0.000000,synthetic_chat_design_preset
51.98,4.151310,4.158400,-0.007090,0.000000,synthetic_chat_design_preset
51.99,4.155681,4.159200,-0.003552,0.000033,synthetic_chat_design_preset
52.00,4.160045,4.160000,0.000000,0.000045,synthetic_chat_design_preset
52.01,4.164413,4.160800,0.003552,0.000061,synthetic_chat_design_preset
52.02,4.168773,4.161600,0.007090,0.000083,synthetic_chat_design_preset
52.03,4.173111,4.162400,0.010600,0.000111,synthetic_chat_design_preset
52.04,4.177416,4.163200,0.014068,0.000148,synthetic_chat_design_preset
52.05,4.181676,4.164000,0.017481,0.000195,synthetic_chat_design_preset
52.06,4.185881,4.164800,0.020824,0.000257,synthetic_chat_design_preset
52.07,4.190022,4.165600,0.024086,0.000336,synthetic_chat_design_preset
52.08,4.194089,4.166400,0.027252,0.000436,synthetic_chat_design_preset
52.09,4.198075,4.167200,0.030311,0.000564,synthetic_chat_design_preset
52.10,4.201973,4.168000,0.033250,0.000723,synthetic_chat_design_preset
52.11,4.205781,4.168800,0.036058,0.000923,synthetic_chat_design_preset
52.12,4.209493,4.169600,0.038724,0.001170,synthetic_chat_design_preset
52.13,4.213110,4.170400,0.041237,0.001474,synthetic_chat_design_preset
52.14,4.216632,4.171200,0.043587,0.001845,synthetic_chat_design_preset
52.15,4.220061,4.172000,0.045765,0.002296,synthetic_chat_design_preset
52.16,4.223403,4.172800,0.047762,0.002840,synthetic_chat_design_preset
52.17,4.226663,4.173600,0.049571,0.003492,synthetic_chat_design_preset
52.18,4.229850,4.174400,0.051185,0.004266,synthetic_chat_design_preset
52.19,4.232975,4.175200,0.052596,0.005179,synthetic_chat_design_preset
52.20,4.236050,4.176000,0.053800,0.006250,synthetic_chat_design_preset
52.21,4.239087,4.176800,0.054791,0.007496,synthetic_chat_design_preset
52.22,4.242101,4.177600,0.055567,0.008935,synthetic_chat_design_preset
52.23,4.245107,4.178400,0.056122,0.010584,synthetic_chat_design_preset
52.24,4.248118,4.179200,0.056457,0.012462,synthetic_chat_design_preset
52.25,4.251150,4.180000,0.056569,0.014582,synthetic_chat_design_preset
52.26,4.254214,4.180800,0.056457,0.016958,synthetic_chat_design_preset
52.27,4.257322,4.181600,0.056122,0.019600,synthetic_chat_design_preset
52.28,4.260480,4.182400,0.055567,0.022514,synthetic_chat_design_preset
52.29,4.263694,4.183200,0.054791,0.025703,synthetic_chat_design_preset
52.30,4.266963,4.184000,0.053800,0.029163,synthetic_chat_design_preset
52.31,4.270282,4.184800,0.052596,0.032886,synthetic_chat_design_preset
52.32,4.273641,4.185600,0.051185,0.036857,synthetic_chat_design_preset
52.33,4.277024,4.186400,0.049571,0.041053,synthetic_chat_design_preset
52.34,4.280408,4.187200,0.047762,0.045446,synthetic_chat_design_preset
52.35,4.283765,4.188000,0.045765,0.050000,synthetic_chat_design_preset
52.36,4.287059,4.188800,0.043587,0.054673,synthetic_chat_design_preset
52.37,4.290251,4.189600,0.041237,0.059415,synthetic_chat_design_preset
52.38,4.293295,4.190400,0.038724,0.064171,synthetic_chat_design_preset
52.39,4.296141,4.191200,0.036058,0.068883,synthetic_chat_design_preset
52.40,4.298737,4.192000,0.033250,0.073487,synthetic_chat_design_preset
52.41,4.301027,4.192800,0.030311,0.077916,synthetic_chat_design_preset
52.42,4.302958,4.193600,0.027252,0.082106,synthetic_chat_design_preset
52.43,4.304475,4.194400,0.024086,0.085989,synthetic_chat_design_preset
52.44,4.305527,4.195200,0.020824,0.089503,synthetic_chat_design_preset
52.45,4.306068,4.196000,0.017481,0.092587,synthetic_chat_design_preset
52.46,4.306058,4.196800,0.014068,0.095190,synthetic_chat_design_preset
52.47,4.305465,4.197600,0.010600,0.097265,synthetic_chat_design_preset
52.48,4.304265,4.198400,0.007090,0.098775,synthetic_chat_design_preset
52.49,4.302444,4.199200,0.003552,0.099692,synthetic_chat_design_preset
52.50,4.300000,4.200000,-0.000000,0.100000,synthetic_chat_design_preset
52.51,4.296940,4.200800,-0.003552,0.099692,synthetic_chat_design_preset
52.52,4.293285,4.201600,-0.007090,0.098775,synthetic_chat_design_preset
52.53,4.289066,4.202400,-0.010600,0.097265,synthetic_chat_design_preset
52.54,4.284322,4.203200,-0.014068,0.095190,synthetic_chat_design_preset
52.55,4.279107,4.204000,-0.017481,0.092587,synthetic_chat_design_preset
52.56,4.273478,4.204800,-0.020824,0.089503,synthetic_chat_design_preset
52.57,4.267503,4.205600,-0.024086,0.085989,synthetic_chat_design_preset
52.58,4.261254,4.206400,-0.027252,0.082106,synthetic_chat_design_preset
52.59,4.254806,4.207200,-0.030311,0.077916,synthetic_chat_design_preset
52.60,4.248237,4.208000,-0.033250,0.073487,synthetic_chat_design_preset
52.61,4.241625,4.208800,-0.036058,0.068883,synthetic_chat_design_preset
52.62,4.235047,4.209600,-0.038724,0.064171,synthetic_chat_design_preset
52.63,4.228578,4.210400,-0.041237,0.059415,synthetic_chat_design_preset
52.64,4.222286,4.211200,-0.043587,0.054673,synthetic_chat_design_preset
52.65,4.216235,4.212000,-0.045765,0.050000,synthetic_chat_design_preset
52.66,4.210484,4.212800,-0.047762,0.045446,synthetic_chat_design_preset
52.67,4.205081,4.213600,-0.049571,0.041053,synthetic_chat_design_preset
52.68,4.200072,4.214400,-0.051185,0.036857,synthetic_chat_design_preset
52.69,4.195490,4.215200,-0.052596,0.032886,synthetic_chat_design_preset
52.70,4.191363,4.216000,-0.053800,0.029163,synthetic_chat_design_preset
52.71,4.187712,4.216800,-0.054791,0.025703,synthetic_chat_design_preset
52.72,4.184547,4.217600,-0.055567,0.022514,synthetic_chat_design_preset
52.73,4.181877,4.218400,-0.056122,0.019600,synthetic_chat_design_preset
52.74,4.179701,4.219200,-0.056457,0.016958,synthetic_chat_design_preset
52.75,4.178013,4.220000,-0.056569,0.014582,synthetic_chat_design_preset
52.76,4.176805,4.220800,-0.056457,0.012462,synthetic_chat_design_preset
52.77,4.176062,4.221600,-0.056122,0.010584,synthetic_chat_design_preset
52.78,4.175768,4.222400,-0.055567,0.008935,synthetic_chat_design_preset
52.79,4.175904,4.223200,-0.054791,0.007496,synthetic_chat_design_preset
52.80,4.176450,4.224000,-0.053800,0.006250,synthetic_chat_design_preset
52.81,4.177383,4.224800,-0.052596,0.005179,synthetic_chat_design_preset
52.82,4.178681,4.225600,-0.051185,0.004266,synthetic_chat_design_preset
52.83,4.180320,4.226400,-0.049571,0.003492,synthetic_chat_design_preset
52.84,4.182278,4.227200,-0.047762,0.002840,synthetic_chat_design_preset
52.85,4.184532,4.228000,-0.045765,0.002296,synthetic_chat_design_preset
52.86,4.187058,4.228800,-0.043587,0.001845,synthetic_chat_design_preset
52.87,4.189837,4.229600,-0.041237,0.001474,synthetic_chat_design_preset
52.88,4.192846,4.230400,-0.038724,0.001170,synthetic_chat_design_preset
52.89,4.196065,4.231200,-0.036058,0.000923,synthetic_chat_design_preset
52.90,4.199473,4.232000,-0.033250,0.000723,synthetic_chat_design_preset
52.91,4.203053,4.232800,-0.030311,0.000564,synthetic_chat_design_preset
52.92,4.206784,4.233600,-0.027252,0.000436,synthetic_chat_design_preset
52.93,4.210650,4.234400,-0.024086,0.000336,synthetic_chat_design_preset
52.94,4.214633,4.235200,-0.020824,0.000257,synthetic_chat_design_preset
52.95,4.218715,4.236000,-0.017481,0.000195,synthetic_chat_design_preset
52.96,4.222880,4.236800,-0.014068,0.000148,synthetic_chat_design_preset
52.97,4.227111,4.237600,-0.010600,0.000111,synthetic_chat_design_preset
52.98,4.231393,4.238400,-0.007090,0.000083,synthetic_chat_design_preset
52.99,4.235709,4.239200,-0.003552,0.000061,synthetic_chat_design_preset
53.00,4.240045,4.240000,-0.000000,0.000045,synthetic_chat_design_preset
53.01,4.244352,4.240800,0.003552,0.000000,synthetic_chat_design_preset
53.02,4.248690,4.241600,0.007090,0.000000,synthetic_chat_design_preset
53.03,4.253000,4.242400,0.010600,0.000000,synthetic_chat_design_preset
53.04,4.257268,4.243200,0.014068,0.000000,synthetic_chat_design_preset
53.05,4.261481,4.244000,0.017481,0.000000,synthetic_chat_design_preset
53.06,4.265624,4.244800,0.020824,0.000000,synthetic_chat_design_preset
53.07,4.269686,4.245600,0.024086,0.000000,synthetic_chat_design_preset
53.08,4.273652,4.246400,0.027252,0.000000,synthetic_chat_design_preset
53.09,4.277511,4.247200,0.030311,0.000000,synthetic_chat_design_preset
53.10,4.281250,4.248000,0.033250,0.000000,synthetic_chat_design_preset
53.11,4.284858,4.248800,0.036058,0.000000,synthetic_chat_design_preset
53.12,4.288324,4.249600,0.038724,0.000000,synthetic_chat_design_preset
53.13,4.291637,4.250400,0.041237,0.000000,synthetic_chat_design_preset
53.14,4.294787,4.251200,0.043587,0.000000,synthetic_chat_design_preset
53.15,4.297765,4.252000,0.045765,0.000000,synthetic_chat_design_preset
53.16,4.300562,4.252800,0.047762,0.000000,synthetic_chat_design_preset
53.17,4.303171,4.253600,0.049571,0.000000,synthetic_chat_design_preset
53.18,4.305585,4.254400,0.051185,0.000000,synthetic_chat_design_preset
53.19,4.307796,4.255200,0.052596,0.000000,synthetic_chat_design_preset
53.20,4.309800,4.256000,0.053800,0.000000,synthetic_chat_design_preset
53.21,4.311591,4.256800,0.054791,0.000000,synthetic_chat_design_preset
53.22,4.313167,4.257600,0.055567,0.000000,synthetic_chat_design_preset
53.23,4.314522,4.258400,0.056122,0.000000,synthetic_chat_design_preset
53.24,4.315657,4.259200,0.056457,0.000000,synthetic_chat_design_preset
53.25,4.316569,4.260000,0.056569,0.000000,synthetic_chat_design_preset
53.26,4.317257,4.260800,0.056457,0.000000,synthetic_chat_design_preset
53.27,4.317722,4.261600,0.056122,0.000000,synthetic_chat_design_preset
53.28,4.317967,4.262400,0.055567,0.000000,synthetic_chat_design_preset
53.29,4.317991,4.263200,0.054791,0.000000,synthetic_chat_design_preset
53.30,4.317800,4.264000,0.053800,0.000000,synthetic_chat_design_preset
53.31,4.317396,4.264800,0.052596,0.000000,synthetic_chat_design_preset
53.32,4.316785,4.265600,0.051185,0.000000,synthetic_chat_design_preset
53.33,4.315971,4.266400,0.049571,0.000000,synthetic_chat_design_preset
53.34,4.314962,4.267200,0.047762,0.000000,synthetic_chat_design_preset
53.35,4.313765,4.268000,0.045765,0.000000,synthetic_chat_design_preset
53.36,4.312387,4.268800,0.043587,0.000000,synthetic_chat_design_preset
53.37,4.310837,4.269600,0.041237,0.000000,synthetic_chat_design_preset
53.38,4.309124,4.270400,0.038724,0.000000,synthetic_chat_design_preset
53.39,4.307258,4.271200,0.036058,0.000000,synthetic_chat_design_preset
53.40,4.305250,4.272000,0.033250,0.000000,synthetic_chat_design_preset
53.41,4.303111,4.272800,0.030311,0.000000,synthetic_chat_design_preset
53.42,4.300852,4.273600,0.027252,0.000000,synthetic_chat_design_preset
53.43,4.298486,4.274400,0.024086,0.000000,synthetic_chat_design_preset
53.44,4.296024,4.275200,0.020824,0.000000,synthetic_chat_design_preset
53.45,4.293481,4.276000,0.017481,0.000000,synthetic_chat_design_preset
53.46,4.290868,4.276800,0.014068,0.000000,synthetic_chat_design_preset
53.47,4.288200,4.277600,0.010600,0.000000,synthetic_chat_design_preset
53.48,4.285490,4.278400,0.007090,0.000000,synthetic_chat_design_preset
53.49,4.282752,4.279200,0.003552,0.000000,synthetic_chat_design_preset
53.50,4.280000,4.280000,0.000000,0.000000,synthetic_chat_design_preset
53.51,4.277248,4.280800,-0.003552,0.000000,synthetic_chat_design_preset
53.52,4.274510,4.281600,-0.007090,0.000000,synthetic_chat_design_preset
53.53,4.271800,4.282400,-0.010600,0.000000,synthetic_chat_design_preset
53.54,4.269132,4.283200,-0.014068,0.000000,synthetic_chat_design_preset
53.55,4.266519,4.284000,-0.017481,0.000000,synthetic_chat_design_preset
53.56,4.263976,4.284800,-0.020824,0.000000,synthetic_chat_design_preset
53.57,4.261514,4.285600,-0.024086,0.000000,synthetic_chat_design_preset
53.58,4.259148,4.286400,-0.027252,0.000000,synthetic_chat_design_preset
53.59,4.256889,4.287200,-0.030311,0.000000,synthetic_chat_design_preset
53.60,4.254750,4.288000,-0.033250,0.000000,synthetic_chat_design_preset
53.61,4.252742,4.288800,-0.036058,0.000000,synthetic_chat_design_preset
53.62,4.250876,4.289600,-0.038724,0.000000,synthetic_chat_design_preset
53.63,4.249163,4.290400,-0.041237,0.000000,synthetic_chat_design_preset
53.64,4.247613,4.291200,-0.043587,0.000000,synthetic_chat_design_preset
53.65,4.246235,4.292000,-0.045765,0.000000,synthetic_chat_design_preset
53.66,4.245038,4.292800,-0.047762,0.000000,synthetic_chat_design_preset
53.67,4.244029,4.293600,-0.049571,0.000000,synthetic_chat_design_preset
53.68,4.243215,4.294400,-0.051185,0.000000,synthetic_chat_design_preset
53.69,4.242604,4.295200,-0.052596,0.000000,synthetic_chat_design_preset
53.70,4.242200,4.296000,-0.053800,0.000000,synthetic_chat_design_preset
53.71,4.242009,4.296800,-0.054791,0.000000,synthetic_chat_design_preset
53.72,4.242033,4.297600,-0.055567,0.000000,synthetic_chat_design_preset
53.73,4.242278,4.298400,-0.056122,0.000000,synthetic_chat_design_preset
53.74,4.242743,4.299200,-0.056457,0.000000,synthetic_chat_design_preset
53.75,4.243431,4.300000,-0.056569,0.000000,synthetic_chat_design_preset
53.76,4.244343,4.300800,-0.056457,0.000000,synthetic_chat_design_preset
53.77,4.245478,4.301600,-0.056122,0.000000,synthetic_chat_design_preset
53.78,4.246833,4.302400,-0.055567,0.000000,synthetic_chat_design_preset
53.79,4.248409,4.303200,-0.054791,0.000000,synthetic_chat_design_preset
53.80,4.250200,4.304000,-0.053800,0.000000,synthetic_chat_design_preset
53.81,4.252204,4.304800,-0.052596,0.000000,synthetic_chat_design_preset
53.82,4.254415,4.305600,-0.051185,0.000000,synthetic_chat_design_preset
53.83,4.256829,4.306400,-0.049571,0.000000,synthetic_chat_design_preset
53.84,4.259438,4.307200,-0.047762,0.000000,synthetic_chat_design_preset
53.85,4.262235,4.308000,-0.045765,0.000000,synthetic_chat_design_preset
53.86,4.265213,4.308800,-0.043587,0.000000,synthetic_chat_design_preset
53.87,4.268363,4.309600,-0.041237,0.000000,synthetic_chat_design_preset
53.88,4.271676,4.310400,-0.038724,0.000000,synthetic_chat_design_preset
53.89,4.275142,4.311200,-0.036058,0.000000,synthetic_chat_design_preset
53.90,4.278750,4.312000,-0.033250,0.000000,synthetic_chat_design_preset
53.91,4.282489,4.312800,-0.030311,0.000000,synthetic_chat_design_preset
53.92,4.286348,4.313600,-0.027252,0.000000,synthetic_chat_design_preset
53.93,4.290314,4.314400,-0.024086,0.000000,synthetic_chat_design_preset
53.94,4.294376,4.315200,-0.020824,0.000000,synthetic_chat_design_preset
53.95,4.298519,4.316000,-0.017481,0.000000,synthetic_chat_design_preset
53.96,4.302732,4.316800,-0.014068,0.000000,synthetic_chat_design_preset
53.97,4.307000,4.317600,-0.010600,0.000000,synthetic_chat_design_preset
53.98,4.311310,4.318400,-0.007090,0.000000,synthetic_chat_design_preset
53.99,4.315648,4.319200,-0.003552,0.000000,synthetic_chat_design_preset
54.00,4.320000,4.320000,-0.000000,0.000000,synthetic_chat_design_preset
54.01,4.324352,4.320800,0.003552,0.000000,synthetic_chat_design_preset
54.02,4.328690,4.321600,0.007090,0.000000,synthetic_chat_design_preset
54.03,4.333000,4.322400,0.010600,0.000000,synthetic_chat_design_preset
54.04,4.337268,4.323200,0.014068,0.000000,synthetic_chat_design_preset
54.05,4.341481,4.324000,0.017481,0.000000,synthetic_chat_design_preset
54.06,4.345624,4.324800,0.020824,0.000000,synthetic_chat_design_preset
54.07,4.349686,4.325600,0.024086,0.000000,synthetic_chat_design_preset
54.08,4.353652,4.326400,0.027252,0.000000,synthetic_chat_design_preset
54.09,4.357511,4.327200,0.030311,0.000000,synthetic_chat_design_preset
54.10,4.361250,4.328000,0.033250,0.000000,synthetic_chat_design_preset
54.11,4.364858,4.328800,0.036058,0.000000,synthetic_chat_design_preset
54.12,4.368324,4.329600,0.038724,0.000000,synthetic_chat_design_preset
54.13,4.371637,4.330400,0.041237,0.000000,synthetic_chat_design_preset
54.14,4.374787,4.331200,0.043587,0.000000,synthetic_chat_design_preset
54.15,4.377765,4.332000,0.045765,0.000000,synthetic_chat_design_preset
54.16,4.380562,4.332800,0.047762,0.000000,synthetic_chat_design_preset
54.17,4.383171,4.333600,0.049571,0.000000,synthetic_chat_design_preset
54.18,4.385585,4.334400,0.051185,0.000000,synthetic_chat_design_preset
54.19,4.387796,4.335200,0.052596,0.000000,synthetic_chat_design_preset
54.20,4.389800,4.336000,0.053800,0.000000,synthetic_chat_design_preset
54.21,4.391591,4.336800,0.054791,0.000000,synthetic_chat_design_preset
54.22,4.393167,4.337600,0.055567,0.000000,synthetic_chat_design_preset
54.23,4.394522,4.338400,0.056122,0.000000,synthetic_chat_design_preset
54.24,4.395657,4.339200,0.056457,0.000000,synthetic_chat_design_preset
54.25,4.396569,4.340000,0.056569,0.000000,synthetic_chat_design_preset
54.26,4.397257,4.340800,0.056457,0.000000,synthetic_chat_design_preset
54.27,4.397722,4.341600,0.056122,0.000000,synthetic_chat_design_preset
54.28,4.397967,4.342400,0.055567,0.000000,synthetic_chat_design_preset
54.29,4.397991,4.343200,0.054791,0.000000,synthetic_chat_design_preset
54.30,4.397800,4.344000,0.053800,0.000000,synthetic_chat_design_preset
54.31,4.397396,4.344800,0.052596,0.000000,synthetic_chat_design_preset
54.32,4.396785,4.345600,0.051185,0.000000,synthetic_chat_design_preset
54.33,4.395971,4.346400,0.049571,0.000000,synthetic_chat_design_preset
54.34,4.394962,4.347200,0.047762,0.000000,synthetic_chat_design_preset
54.35,4.393765,4.348000,0.045765,0.000000,synthetic_chat_design_preset
54.36,4.392387,4.348800,0.043587,0.000000,synthetic_chat_design_preset
54.37,4.390837,4.349600,0.041237,0.000000,synthetic_chat_design_preset
54.38,4.389124,4.350400,0.038724,0.000000,synthetic_chat_design_preset
54.39,4.387258,4.351200,0.036058,0.000000,synthetic_chat_design_preset
54.40,4.385250,4.352000,0.033250,0.000000,synthetic_chat_design_preset
54.41,4.383111,4.352800,0.030311,0.000000,synthetic_chat_design_preset
54.42,4.380852,4.353600,0.027252,0.000000,synthetic_chat_design_preset
54.43,4.378486,4.354400,0.024086,0.000000,synthetic_chat_design_preset
54.44,4.376024,4.355200,0.020824,0.000000,synthetic_chat_design_preset
54.45,4.373481,4.356000,0.017481,0.000000,synthetic_chat_design_preset
54.46,4.370868,4.356800,0.014068,0.000000,synthetic_chat_design_preset
54.47,4.368200,4.357600,0.010600,0.000000,synthetic_chat_design_preset
54.48,4.365490,4.358400,0.007090,0.000000,synthetic_chat_design_preset
54.49,4.362752,4.359200,0.003552,0.000000,synthetic_chat_design_preset
54.50,4.360000,4.360000,0.000000,0.000000,synthetic_chat_design_preset
54.51,4.357248,4.360800,-0.003552,0.000000,synthetic_chat_design_preset
54.52,4.354510,4.361600,-0.007090,0.000000,synthetic_chat_design_preset
54.53,4.351800,4.362400,-0.010600,0.000000,synthetic_chat_design_preset
54.54,4.349132,4.363200,-0.014068,0.000000,synthetic_chat_design_preset
54.55,4.346519,4.364000,-0.017481,0.000000,synthetic_chat_design_preset
54.56,4.343976,4.364800,-0.020824,0.000000,synthetic_chat_design_preset
54.57,4.341514,4.365600,-0.024086,0.000000,synthetic_chat_design_preset
54.58,4.339148,4.366400,-0.027252,0.000000,synthetic_chat_design_preset
54.59,4.336889,4.367200,-0.030311,0.000000,synthetic_chat_design_preset
54.60,4.334750,4.368000,-0.033250,0.000000,synthetic_chat_design_preset
54.61,4.332742,4.368800,-0.036058,0.000000,synthetic_chat_design_preset
54.62,4.330876,4.369600,-0.038724,0.000000,synthetic_chat_design_preset
54.63,4.329163,4.370400,-0.041237,0.000000,synthetic_chat_design_preset
54.64,4.327613,4.371200,-0.043587,0.000000,synthetic_chat_design_preset
54.65,4.326235,4.372000,-0.045765,0.000000,synthetic_chat_design_preset
54.66,4.325038,4.372800,-0.047762,0.000000,synthetic_chat_design_preset
54.67,4.324029,4.373600,-0.049571,0.000000,synthetic_chat_design_preset
54.68,4.323215,4.374400,-0.051185,0.000000,synthetic_chat_design_preset
54.69,4.322604,4.375200,-0.052596,0.000000,synthetic_chat_design_preset
54.70,4.322200,4.376000,-0.053800,0.000000,synthetic_chat_design_preset
54.71,4.322009,4.376800,-0.054791,0.000000,synthetic_chat_design_preset
54.72,4.322033,4.377600,-0.055567,0.000000,synthetic_chat_design_preset
54.73,4.322278,4.378400,-0.056122,0.000000,synthetic_chat_design_preset
54.74,4.322743,4.379200,-0.056457,0.000000,synthetic_chat_design_preset
54.75,4.323431,4.380000,-0.056569,0.000000,synthetic_chat_design_preset
54.76,4.324343,4.380800,-0.056457,0.000000,synthetic_chat_design_preset
54.77,4.325478,4.381600,-0.056122,0.000000,synthetic_chat_design_preset
54.78,4.326833,4.382400,-0.055567,0.000000,synthetic_chat_design_preset
54.79,4.328409,4.383200,-0.054791,0.000000,synthetic_chat_design_preset
54.80,4.330200,4.384000,-0.053800,0.000000,synthetic_chat_design_preset
54.81,4.332204,4.384800,-0.052596,0.000000,synthetic_chat_design_preset
54.82,4.334415,4.385600,-0.051185,0.000000,synthetic_chat_design_preset
54.83,4.336829,4.386400,-0.049571,0.000000,synthetic_chat_design_preset
54.84,4.339438,4.387200,-0.047762,0.000000,synthetic_chat_design_preset
54.85,4.342235,4.388000,-0.045765,0.000000,synthetic_chat_design_preset
54.86,4.345213,4.388800,-0.043587,0.000000,synthetic_chat_design_preset
54.87,4.348363,4.389600,-0.041237,0.000000,synthetic_chat_design_preset
54.88,4.351676,4.390400,-0.038724,0.000000,synthetic_chat_design_preset
54.89,4.355142,4.391200,-0.036058,0.000000,synthetic_chat_design_preset
54.90,4.358750,4.392000,-0.033250,0.000000,synthetic_chat_design_preset
54.91,4.362489,4.392800,-0.030311,0.000000,synthetic_chat_design_preset
54.92,4.366348,4.393600,-0.027252,0.000000,synthetic_chat_design_preset
54.93,4.370314,4.394400,-0.024086,0.000000,synthetic_chat_design_preset
54.94,4.374376,4.395200,-0.020824,0.000000,synthetic_chat_design_preset
54.95,4.378519,4.396000,-0.017481,0.000000,synthetic_chat_design_preset
54.96,4.382732,4.396800,-0.014068,0.000000,synthetic_chat_design_preset
54.97,4.387000,4.397600,-0.010600,0.000000,synthetic_chat_design_preset
54.98,4.391310,4.398400,-0.007090,0.000000,synthetic_chat_design_preset
54.99,4.395648,4.399200,-0.003552,0.000000,synthetic_chat_design_preset
55.00,4.400000,4.400000,0.000000,0.000000,synthetic_chat_design_preset
55.01,4.404352,4.400800,0.003552,0.000000,synthetic_chat_design_preset
55.02,4.408690,4.401600,0.007090,0.000000,synthetic_chat_design_preset
55.03,4.413000,4.402400,0.010600,0.000000,synthetic_chat_design_preset
55.04,4.417268,4.403200,0.014068,0.000000,synthetic_chat_design_preset
55.05,4.421481,4.404000,0.017481,0.000000,synthetic_chat_design_preset
55.06,4.425624,4.404800,0.020824,0.000000,synthetic_chat_design_preset
55.07,4.429686,4.405600,0.024086,0.000000,synthetic_chat_design_preset
55.08,4.433652,4.406400,0.027252,0.000000,synthetic_chat_design_preset
55.09,4.437511,4.407200,0.030311,0.000000,synthetic_chat_design_preset
55.10,4.441250,4.408000,0.033250,0.000000,synthetic_chat_design_preset
55.11,4.444858,4.408800,0.036058,0.000000,synthetic_chat_design_preset
55.12,4.448324,4.409600,0.038724,0.000000,synthetic_chat_design_preset
55.13,4.451637,4.410400,0.041237,0.000000,synthetic_chat_design_preset
55.14,4.454787,4.411200,0.043587,0.000000,synthetic_chat_design_preset
55.15,4.457765,4.412000,0.045765,0.000000,synthetic_chat_design_preset
55.16,4.460562,4.412800,0.047762,0.000000,synthetic_chat_design_preset
55.17,4.463171,4.413600,0.049571,0.000000,synthetic_chat_design_preset
55.18,4.465585,4.414400,0.051185,0.000000,synthetic_chat_design_preset
55.19,4.467796,4.415200,0.052596,0.000000,synthetic_chat_design_preset
55.20,4.469800,4.416000,0.053800,0.000000,synthetic_chat_design_preset
55.21,4.471591,4.416800,0.054791,0.000000,synthetic_chat_design_preset
55.22,4.473167,4.417600,0.055567,0.000000,synthetic_chat_design_preset
55.23,4.474522,4.418400,0.056122,0.000000,synthetic_chat_design_preset
55.24,4.475657,4.419200,0.056457,0.000000,synthetic_chat_design_preset
55.25,4.476569,4.420000,0.056569,0.000000,synthetic_chat_design_preset
55.26,4.477257,4.420800,0.056457,0.000000,synthetic_chat_design_preset
55.27,4.477722,4.421600,0.056122,0.000000,synthetic_chat_design_preset
55.28,4.477967,4.422400,0.055567,0.000000,synthetic_chat_design_preset
55.29,4.477991,4.423200,0.054791,0.000000,synthetic_chat_design_preset
55.30,4.477800,4.424000,0.053800,0.000000,synthetic_chat_design_preset
55.31,4.477396,4.424800,0.052596,0.000000,synthetic_chat_design_preset
55.32,4.476785,4.425600,0.051185,0.000000,synthetic_chat_design_preset
55.33,4.475971,4.426400,0.049571,0.000000,synthetic_chat_design_preset
55.34,4.474962,4.427200,0.047762,0.000000,synthetic_chat_design_preset
55.35,4.473765,4.428000,0.045765,0.000000,synthetic_chat_design_preset
55.36,4.472387,4.428800,0.043587,0.000000,synthetic_chat_design_preset
55.37,4.470837,4.429600,0.041237,0.000000,synthetic_chat_design_preset
55.38,4.469124,4.430400,0.038724,0.000000,synthetic_chat_design_preset
55.39,4.467258,4.431200,0.036058,0.000000,synthetic_chat_design_preset
55.40,4.465250,4.432000,0.033250,0.000000,synthetic_chat_design_preset
55.41,4.463111,4.432800,0.030311,0.000000,synthetic_chat_design_preset
55.42,4.460852,4.433600,0.027252,0.000000,synthetic_chat_design_preset
55.43,4.458486,4.434400,0.024086,0.000000,synthetic_chat_design_preset
55.44,4.456024,4.435200,0.020824,0.000000,synthetic_chat_design_preset
55.45,4.453481,4.436000,0.017481,0.000000,synthetic_chat_design_preset
55.46,4.450868,4.436800,0.014068,0.000000,synthetic_chat_design_preset
55.47,4.448200,4.437600,0.010600,0.000000,synthetic_chat_design_preset
55.48,4.445490,4.438400,0.007090,0.000000,synthetic_chat_design_preset
55.49,4.442752,4.439200,0.003552,0.000000,synthetic_chat_design_preset
55.50,4.440000,4.440000,0.000000,0.000000,synthetic_chat_design_preset
55.51,4.437248,4.440800,-0.003552,0.000000,synthetic_chat_design_preset
55.52,4.434510,4.441600,-0.007090,0.000000,synthetic_chat_design_preset
55.53,4.431800,4.442400,-0.010600,0.000000,synthetic_chat_design_preset
55.54,4.429132,4.443200,-0.014068,0.000000,synthetic_chat_design_preset
55.55,4.426519,4.444000,-0.017481,0.000000,synthetic_chat_design_preset
55.56,4.423976,4.444800,-0.020824,0.000000,synthetic_chat_design_preset
55.57,4.421514,4.445600,-0.024086,0.000000,synthetic_chat_design_preset
55.58,4.419148,4.446400,-0.027252,0.000000,synthetic_chat_design_preset
55.59,4.416889,4.447200,-0.030311,0.000000,synthetic_chat_design_preset
55.60,4.414750,4.448000,-0.033250,0.000000,synthetic_chat_design_preset
55.61,4.412742,4.448800,-0.036058,0.000000,synthetic_chat_design_preset
55.62,4.410876,4.449600,-0.038724,0.000000,synthetic_chat_design_preset
55.63,4.409163,4.450400,-0.041237,0.000000,synthetic_chat_design_preset
55.64,4.407613,4.451200,-0.043587,0.000000,synthetic_chat_design_preset
55.65,4.406235,4.452000,-0.045765,0.000000,synthetic_chat_design_preset
55.66,4.405038,4.452800,-0.047762,0.000000,synthetic_chat_design_preset
55.67,4.404029,4.453600,-0.049571,0.000000,synthetic_chat_design_preset
55.68,4.403215,4.454400,-0.051185,0.000000,synthetic_chat_design_preset
55.69,4.402604,4.455200,-0.052596,0.000000,synthetic_chat_design_preset
55.70,4.402200,4.456000,-0.053800,0.000000,synthetic_chat_design_preset
55.71,4.402009,4.456800,-0.054791,0.000000,synthetic_chat_design_preset
55.72,4.402033,4.457600,-0.055567,0.000000,synthetic_chat_design_preset
55.73,4.402278,4.458400,-0.056122,0.000000,synthetic_chat_design_preset
55.74,4.402743,4.459200,-0.056457,0.000000,synthetic_chat_design_preset
55.75,4.403431,4.460000,-0.056569,0.000000,synthetic_chat_design_preset
55.76,4.404343,4.460800,-0.056457,0.000000,synthetic_chat_design_preset
55.77,4.405478,4.461600,-0.056122,0.000000,synthetic_chat_design_preset
55.78,4.406833,4.462400,-0.055567,0.000000,synthetic_chat_design_preset
55.79,4.408409,4.463200,-0.054791,0.000000,synthetic_chat_design_preset
55.80,4.410200,4.464000,-0.053800,0.000000,synthetic_chat_design_preset
55.81,4.412204,4.464800,-0.052596,0.000000,synthetic_chat_design_preset
55.82,4.414415,4.465600,-0.051185,0.000000,synthetic_chat_design_preset
55.83,4.416829,4.466400,-0.049571,0.000000,synthetic_chat_design_preset
55.84,4.419438,4.467200,-0.047762,0.000000,synthetic_chat_design_preset
55.85,4.422235,4.468000,-0.045765,0.000000,synthetic_chat_design_preset
55.86,4.425213,4.468800,-0.043587,0.000000,synthetic_chat_design_preset
55.87,4.428363,4.469600,-0.041237,0.000000,synthetic_chat_design_preset
55.88,4.431676,4.470400,-0.038724,0.000000,synthetic_chat_design_preset
55.89,4.435142,4.471200,-0.036058,0.000000,synthetic_chat_design_preset
55.90,4.438750,4.472000,-0.033250,0.000000,synthetic_chat_design_preset
55.91,4.442489,4.472800,-0.030311,0.000000,synthetic_chat_design_preset
55.92,4.446348,4.473600,-0.027252,0.000000,synthetic_chat_design_preset
55.93,4.450314,4.474400,-0.024086,0.000000,synthetic_chat_design_preset
55.94,4.454376,4.475200,-0.020824,0.000000,synthetic_chat_design_preset
55.95,4.458519,4.476000,-0.017481,0.000000,synthetic_chat_design_preset
55.96,4.462732,4.476800,-0.014068,0.000000,synthetic_chat_design_preset
55.97,4.467000,4.477600,-0.010600,0.000000,synthetic_chat_design_preset
55.98,4.471310,4.478400,-0.007090,0.000000,synthetic_chat_design_preset
55.99,4.475648,4.479200,-0.003552,0.000000,synthetic_chat_design_preset
56.00,4.480000,4.480000,-0.000000,0.000000,synthetic_chat_design_preset
56.01,4.484352,4.480800,0.003552,0.000000,synthetic_chat_design_preset
56.02,4.488690,4.481600,0.007090,0.000000,synthetic_chat_design_preset
56.03,4.493000,4.482400,0.010600,0.000000,synthetic_chat_design_preset
56.04,4.497268,4.483200,0.014068,0.000000,synthetic_chat_design_preset
56.05,4.501481,4.484000,0.017481,0.000000,synthetic_chat_design_preset
56.06,4.505624,4.484800,0.020824,0.000000,synthetic_chat_design_preset
56.07,4.509686,4.485600,0.024086,0.000000,synthetic_chat_design_preset
56.08,4.513652,4.486400,0.027252,0.000000,synthetic_chat_design_preset
56.09,4.517511,4.487200,0.030311,0.000000,synthetic_chat_design_preset
56.10,4.521250,4.488000,0.033250,0.000000,synthetic_chat_design_preset
56.11,4.524858,4.488800,0.036058,0.000000,synthetic_chat_design_preset
56.12,4.528324,4.489600,0.038724,0.000000,synthetic_chat_design_preset
56.13,4.531637,4.490400,0.041237,0.000000,synthetic_chat_design_preset
56.14,4.534787,4.491200,0.043587,0.000000,synthetic_chat_design_preset
56.15,4.537765,4.492000,0.045765,0.000000,synthetic_chat_design_preset
56.16,4.540562,4.492800,0.047762,0.000000,synthetic_chat_design_preset
56.17,4.543171,4.493600,0.049571,0.000000,synthetic_chat_design_preset
56.18,4.545585,4.494400,0.051185,0.000000,synthetic_chat_design_preset
56.19,4.547796,4.495200,0.052596,0.000000,synthetic_chat_design_preset
56.20,4.549800,4.496000,0.053800,0.000000,synthetic_chat_design_preset
56.21,4.551591,4.496800,0.054791,0.000000,synthetic_chat_design_preset
56.22,4.553167,4.497600,0.055567,0.000000,synthetic_chat_design_preset
56.23,4.554522,4.498400,0.056122,0.000000,synthetic_chat_design_preset
56.24,4.555657,4.499200,0.056457,0.000000,synthetic_chat_design_preset
56.25,4.556569,4.500000,0.056569,0.000000,synthetic_chat_design_preset
56.26,4.557257,4.500800,0.056457,0.000000,synthetic_chat_design_preset
56.27,4.557722,4.501600,0.056122,0.000000,synthetic_chat_design_preset
56.28,4.557967,4.502400,0.055567,0.000000,synthetic_chat_design_preset
56.29,4.557991,4.503200,0.054791,0.000000,synthetic_chat_design_preset
56.30,4.557800,4.504000,0.053800,0.000000,synthetic_chat_design_preset
56.31,4.557396,4.504800,0.052596,0.000000,synthetic_chat_design_preset
56.32,4.556785,4.505600,0.051185,0.000000,synthetic_chat_design_preset
56.33,4.555971,4.506400,0.049571,0.000000,synthetic_chat_design_preset
56.34,4.554962,4.507200,0.047762,0.000000,synthetic_chat_design_preset
56.35,4.553765,4.508000,0.045765,0.000000,synthetic_chat_design_preset
56.36,4.552387,4.508800,0.043587,0.000000,synthetic_chat_design_preset
56.37,4.550837,4.509600,0.041237,0.000000,synthetic_chat_design_preset
56.38,4.549124,4.510400,0.038724,0.000000,synthetic_chat_design_preset
56.39,4.547258,4.511200,0.036058,0.000000,synthetic_chat_design_preset
56.40,4.545250,4.512000,0.033250,0.000000,synthetic_chat_design_preset
56.41,4.543111,4.512800,0.030311,0.000000,synthetic_chat_design_preset
56.42,4.540852,4.513600,0.027252,0.000000,synthetic_chat_design_preset
56.43,4.538486,4.514400,0.024086,0.000000,synthetic_chat_design_preset
56.44,4.536024,4.515200,0.020824,0.000000,synthetic_chat_design_preset
56.45,4.533481,4.516000,0.017481,0.000000,synthetic_chat_design_preset
56.46,4.530868,4.516800,0.014068,0.000000,synthetic_chat_design_preset
56.47,4.528200,4.517600,0.010600,0.000000,synthetic_chat_design_preset
56.48,4.525490,4.518400,0.007090,0.000000,synthetic_chat_design_preset
56.49,4.522752,4.519200,0.003552,0.000000,synthetic_chat_design_preset
56.50,4.520000,4.520000,0.000000,0.000000,synthetic_chat_design_preset
56.51,4.517248,4.520800,-0.003552,0.000000,synthetic_chat_design_preset
56.52,4.514510,4.521600,-0.007090,0.000000,synthetic_chat_design_preset
56.53,4.511800,4.522400,-0.010600,0.000000,synthetic_chat_design_preset
56.54,4.509132,4.523200,-0.014068,0.000000,synthetic_chat_design_preset
56.55,4.506519,4.524000,-0.017481,0.000000,synthetic_chat_design_preset
56.56,4.503976,4.524800,-0.020824,0.000000,synthetic_chat_design_preset
56.57,4.501514,4.525600,-0.024086,0.000000,synthetic_chat_design_preset
56.58,4.499148,4.526400,-0.027252,0.000000,synthetic_chat_design_preset
56.59,4.496889,4.527200,-0.030311,0.000000,synthetic_chat_design_preset
56.60,4.494750,4.528000,-0.033250,0.000000,synthetic_chat_design_preset
56.61,4.492742,4.528800,-0.036058,0.000000,synthetic_chat_design_preset
56.62,4.490876,4.529600,-0.038724,0.000000,synthetic_chat_design_preset
56.63,4.489163,4.530400,-0.041237,0.000000,synthetic_chat_design_preset
56.64,4.487613,4.531200,-0.043587,0.000000,synthetic_chat_design_preset
56.65,4.486235,4.532000,-0.045765,0.000000,synthetic_chat_design_preset
56.66,4.485038,4.532800,-0.047762,0.000000,synthetic_chat_design_preset
56.67,4.484029,4.533600,-0.049571,0.000000,synthetic_chat_design_preset
56.68,4.483215,4.534400,-0.051185,0.000000,synthetic_chat_design_preset
56.69,4.482604,4.535200,-0.052596,0.000000,synthetic_chat_design_preset
56.70,4.482200,4.536000,-0.053800,0.000000,synthetic_chat_design_preset
56.71,4.482009,4.536800,-0.054791,0.000000,synthetic_chat_design_preset
56.72,4.482033,4.537600,-0.055567,0.000000,synthetic_chat_design_preset
56.73,4.482278,4.538400,-0.056122,0.000000,synthetic_chat_design_preset
56.74,4.482743,4.539200,-0.056457,0.000000,synthetic_chat_design_preset
56.75,4.483431,4.540000,-0.056569,0.000000,synthetic_chat_design_preset
56.76,4.484343,4.540800,-0.056457,0.000000,synthetic_chat_design_preset
56.77,4.485478,4.541600,-0.056122,0.000000,synthetic_chat_design_preset
56.78,4.486833,4.542400,-0.055567,0.000000,synthetic_chat_design_preset
56.79,4.488409,4.543200,-0.054791,0.000000,synthetic_chat_design_preset
56.80,4.490200,4.544000,-0.053800,0.000000,synthetic_chat_design_preset
56.81,4.492204,4.544800,-0.052596,0.000000,synthetic_chat_design_preset
56.82,4.494415,4.545600,-0.051185,0.000000,synthetic_chat_design_preset
56.83,4.496829,4.546400,-0.049571,0.000000,synthetic_chat_design_preset
56.84,4.499438,4.547200,-0.047762,0.000000,synthetic_chat_design_preset
56.85,4.502235,4.548000,-0.045765,0.000000,synthetic_chat_design_preset
56.86,4.505213,4.548800,-0.043587,0.000000,synthetic_chat_design_preset
56.87,4.508363,4.549600,-0.041237,0.000000,synthetic_chat_design_preset
56.88,4.511676,4.550400,-0.038724,0.000000,synthetic_chat_design_preset
56.89,4.515142,4.551200,-0.036058,0.000000,synthetic_chat_design_preset
56.90,4.518750,4.552000,-0.033250,0.000000,synthetic_chat_design_preset
56.91,4.522489,4.552800,-0.030311,0.000000,synthetic_chat_design_preset
56.92,4.526348,4.553600,-0.027252,0.000000,synthetic_chat_design_preset
56.93,4.530314,4.554400,-0.024086,0.000000,synthetic_chat_design_preset
56.94,4.534376,4.555200,-0.020824,0.000000,synthetic_chat_design_preset
56.95,4.538519,4.556000,-0.017481,0.000000,synthetic_chat_design_preset
56.96,4.542732,4.556800,-0.014068,0.000000,synthetic_chat_design_preset
56.97,4.547000,4.557600,-0.010600,0.000000,synthetic_chat_design_preset
56.98,4.551310,4.558400,-0.007090,0.000000,synthetic_chat_design_preset
56.99,4.555681,4.559200,-0.003552,0.000033,synthetic_chat_design_preset
57.00,4.560045,4.560000,-0.000000,0.000045,synthetic_chat_design_preset
57.01,4.564413,4.560800,0.003552,0.000061,synthetic_chat_design_preset
57.02,4.568773,4.561600,0.007090,0.000083,synthetic_chat_design_preset
57.03,4.573111,4.562400,0.010600,0.000111,synthetic_chat_design_preset
57.04,4.577416,4.563200,0.014068,0.000148,synthetic_chat_design_preset
57.05,4.581676,4.564000,0.017481,0.000195,synthetic_chat_design_preset
57.06,4.585881,4.564800,0.020824,0.000257,synthetic_chat_design_preset
57.07,4.590022,4.565600,0.024086,0.000336,synthetic_chat_design_preset
57.08,4.594089,4.566400,0.027252,0.000436,synthetic_chat_design_preset
57.09,4.598075,4.567200,0.030311,0.000564,synthetic_chat_design_preset
57.10,4.601973,4.568000,0.033250,0.000723,synthetic_chat_design_preset
57.11,4.605781,4.568800,0.036058,0.000923,synthetic_chat_design_preset
57.12,4.609493,4.569600,0.038724,0.001170,synthetic_chat_design_preset
57.13,4.613110,4.570400,0.041237,0.001474,synthetic_chat_design_preset
57.14,4.616632,4.571200,0.043587,0.001845,synthetic_chat_design_preset
57.15,4.620061,4.572000,0.045765,0.002296,synthetic_chat_design_preset
57.16,4.623403,4.572800,0.047762,0.002840,synthetic_chat_design_preset
57.17,4.626663,4.573600,0.049571,0.003492,synthetic_chat_design_preset
57.18,4.629850,4.574400,0.051185,0.004266,synthetic_chat_design_preset
57.19,4.632975,4.575200,0.052596,0.005179,synthetic_chat_design_preset
57.20,4.636050,4.576000,0.053800,0.006250,synthetic_chat_design_preset
57.21,4.639087,4.576800,0.054791,0.007496,synthetic_chat_design_preset
57.22,4.642101,4.577600,0.055567,0.008935,synthetic_chat_design_preset
57.23,4.645107,4.578400,0.056122,0.010584,synthetic_chat_design_preset
57.24,4.648118,4.579200,0.056457,0.012462,synthetic_chat_design_preset
57.25,4.651150,4.580000,0.056569,0.014582,synthetic_chat_design_preset
57.26,4.654214,4.580800,0.056457,0.016958,synthetic_chat_design_preset
57.27,4.657322,4.581600,0.056122,0.019600,synthetic_chat_design_preset
57.28,4.660480,4.582400,0.055567,0.022514,synthetic_chat_design_preset
57.29,4.663694,4.583200,0.054791,0.025703,synthetic_chat_design_preset
57.30,4.666963,4.584000,0.053800,0.029163,synthetic_chat_design_preset
57.31,4.670282,4.584800,0.052596,0.032886,synthetic_chat_design_preset
57.32,4.673641,4.585600,0.051185,0.036857,synthetic_chat_design_preset
57.33,4.677024,4.586400,0.049571,0.041053,synthetic_chat_design_preset
57.34,4.680408,4.587200,0.047762,0.045446,synthetic_chat_design_preset
57.35,4.683765,4.588000,0.045765,0.050000,synthetic_chat_design_preset
57.36,4.687059,4.588800,0.043587,0.054673,synthetic_chat_design_preset
57.37,4.690251,4.589600,0.041237,0.059415,synthetic_chat_design_preset
57.38,4.693295,4.590400,0.038724,0.064171,synthetic_chat_design_preset
57.39,4.696141,4.591200,0.036058,0.068883,synthetic_chat_design_preset
57.40,4.698737,4.592000,0.033250,0.073487,synthetic_chat_design_preset
57.41,4.701027,4.592800,0.030311,0.077916,synthetic_chat_design_preset
57.42,4.702958,4.593600,0.027252,0.082106,synthetic_chat_design_preset
57.43,4.704475,4.594400,0.024086,0.085989,synthetic_chat_design_preset
57.44,4.705527,4.595200,0.020824,0.089503,synthetic_chat_design_preset
57.45,4.706068,4.596000,0.017481,0.092587,synthetic_chat_design_preset
57.46,4.706058,4.596800,0.014068,0.095190,synthetic_chat_design_preset
57.47,4.705465,4.597600,0.010600,0.097265,synthetic_chat_design_preset
57.48,4.704265,4.598400,0.007090,0.098775,synthetic_chat_design_preset
57.49,4.702444,4.599200,0.003552,0.099692,synthetic_chat_design_preset
57.50,4.700000,4.600000,-0.000000,0.100000,synthetic_chat_design_preset
57.51,4.696940,4.600800,-0.003552,0.099692,synthetic_chat_design_preset
57.52,4.693285,4.601600,-0.007090,0.098775,synthetic_chat_design_preset
57.53,4.689066,4.602400,-0.010600,0.097265,synthetic_chat_design_preset
57.54,4.684322,4.603200,-0.014068,0.095190,synthetic_chat_design_preset
57.55,4.679107,4.604000,-0.017481,0.092587,synthetic_chat_design_preset
57.56,4.673478,4.604800,-0.020824,0.089503,synthetic_chat_design_preset
57.57,4.667503,4.605600,-0.024086,0.085989,synthetic_chat_design_preset
57.58,4.661254,4.606400,-0.027252,0.082106,synthetic_chat_design_preset
57.59,4.654806,4.607200,-0.030311,0.077916,synthetic_chat_design_preset
57.60,4.648237,4.608000,-0.033250,0.073487,synthetic_chat_design_preset
57.61,4.641625,4.608800,-0.036058,0.068883,synthetic_chat_design_preset
57.62,4.635047,4.609600,-0.038724,0.064171,synthetic_chat_design_preset
57.63,4.628578,4.610400,-0.041237,0.059415,synthetic_chat_design_preset
57.64,4.622286,4.611200,-0.043587,0.054673,synthetic_chat_design_preset
57.65,4.616235,4.612000,-0.045765,0.050000,synthetic_chat_design_preset
57.66,4.610484,4.612800,-0.047762,0.045446,synthetic_chat_design_preset
57.67,4.605081,4.613600,-0.049571,0.041053,synthetic_chat_design_preset
57.68,4.600072,4.614400,-0.051185,0.036857,synthetic_chat_design_preset
57.69,4.595490,4.615200,-0.052596,0.032886,synthetic_chat_design_preset
57.70,4.591363,4.616000,-0.053800,0.029163,synthetic_chat_design_preset
57.71,4.587712,4.616800,-0.054791,0.025703,synthetic_chat_design_preset
57.72,4.584547,4.617600,-0.055567,0.022514,synthetic_chat_design_preset
57.73,4.581877,4.618400,-0.056122,0.019600,synthetic_chat_design_preset
57.74,4.579701,4.619200,-0.056457,0.016958,synthetic_chat_design_preset
57.75,4.578013,4.620000,-0.056569,0.014582,synthetic_chat_design_preset
57.76,4.576805,4.620800,-0.056457,0.012462,synthetic_chat_design_preset
57.77,4.576062,4.621600,-0.056122,0.010584,synthetic_chat_design_preset
57.78,4.575768,4.622400,-0.055567,0.008935,synthetic_chat_design_preset
57.79,4.575904,4.623200,-0.054791,0.007496,synthetic_chat_design_preset
57.80,4.576450,4.624000,-0.053800,0.006250,synthetic_chat_design_preset
57.81,4.577383,4.624800,-0.052596,0.005179,synthetic_chat_design_preset
57.82,4.578681,4.625600,-0.051185,0.004266,synthetic_chat_design_preset
57.83,4.580320,4.626400,-0.049571,0.003492,synthetic_chat_design_preset
57.84,4.582278,4.627200,-0.047762,0.002840,synthetic_chat_design_preset
57.85,4.584532,4.628000,-0.045765,0.002296,synthetic_chat_design_preset
57.86,4.587058,4.628800,-0.043587,0.001845,synthetic_chat_design_preset
57.87,4.589837,4.629600,-0.041237,0.001474,synthetic_chat_design_preset
57.88,4.592846,4.630400,-0.038724,0.001170,synthetic_chat_design_preset
57.89,4.596065,4.631200,-0.036058,0.000923,synthetic_chat_design_preset
57.90,4.599473,4.632000,-0.033250,0.000723,synthetic_chat_design_preset
57.91,4.603053,4.632800,-0.030311,0.000564,synthetic_chat_design_preset
57.92,4.606784,4.633600,-0.027252,0.000436,synthetic_chat_design_preset
57.93,4.610650,4.634400,-0.024086,0.000336,synthetic_chat_design_preset
57.94,4.614633,4.635200,-0.020824,0.000257,synthetic_chat_design_preset
57.95,4.618715,4.636000,-0.017481,0.000195,synthetic_chat_design_preset
57.96,4.622880,4.636800,-0.014068,0.000148,synthetic_chat_design_preset
57.97,4.627111,4.637600,-0.010600,0.000111,synthetic_chat_design_preset
57.98,4.631393,4.638400,-0.007090,0.000083,synthetic_chat_design_preset
57.99,4.635709,4.639200,-0.003552,0.000061,synthetic_chat_design_preset
58.00,4.640045,4.640000,0.000000,0.000045,synthetic_chat_design_preset
58.01,4.644352,4.640800,0.003552,0.000000,synthetic_chat_design_preset
58.02,4.648690,4.641600,0.007090,0.000000,synthetic_chat_design_preset
58.03,4.653000,4.642400,0.010600,0.000000,synthetic_chat_design_preset
58.04,4.657268,4.643200,0.014068,0.000000,synthetic_chat_design_preset
58.05,4.661481,4.644000,0.017481,0.000000,synthetic_chat_design_preset
58.06,4.665624,4.644800,0.020824,0.000000,synthetic_chat_design_preset
58.07,4.669686,4.645600,0.024086,0.000000,synthetic_chat_design_preset
58.08,4.673652,4.646400,0.027252,0.000000,synthetic_chat_design_preset
58.09,4.677511,4.647200,0.030311,0.000000,synthetic_chat_design_preset
58.10,4.681250,4.648000,0.033250,0.000000,synthetic_chat_design_preset
58.11,4.684858,4.648800,0.036058,0.000000,synthetic_chat_design_preset
58.12,4.688324,4.649600,0.038724,0.000000,synthetic_chat_design_preset
58.13,4.691637,4.650400,0.041237,0.000000,synthetic_chat_design_preset
58.14,4.694787,4.651200,0.043587,0.000000,synthetic_chat_design_preset
58.15,4.697765,4.652000,0.045765,0.000000,synthetic_chat_design_preset
58.16,4.700562,4.652800,0.047762,0.000000,synthetic_chat_design_preset
58.17,4.703171,4.653600,0.049571,0.000000,synthetic_chat_design_preset
58.18,4.705585,4.654400,0.051185,0.000000,synthetic_chat_design_preset
58.19,4.707796,4.655200,0.052596,0.000000,synthetic_chat_design_preset
58.20,4.709800,4.656000,0.053800,0.000000,synthetic_chat_design_preset
58.21,4.711591,4.656800,0.054791,0.000000,synthetic_chat_design_preset
58.22,4.713167,4.657600,0.055567,0.000000,synthetic_chat_design_preset
58.23,4.714522,4.658400,0.056122,0.000000,synthetic_chat_design_preset
58.24,4.715657,4.659200,0.056457,0.000000,synthetic_chat_design_preset
58.25,4.716569,4.660000,0.056569,0.000000,synthetic_chat_design_preset
58.26,4.717257,4.660800,0.056457,0.000000,synthetic_chat_design_preset
58.27,4.717722,4.661600,0.056122,0.000000,synthetic_chat_design_preset
58.28,4.717967,4.662400,0.055567,0.000000,synthetic_chat_design_preset
58.29,4.717991,4.663200,0.054791,0.000000,synthetic_chat_design_preset
58.30,4.717800,4.664000,0.053800,0.000000,synthetic_chat_design_preset
58.31,4.717396,4.664800,0.052596,0.000000,synthetic_chat_design_preset
58.32,4.716785,4.665600,0.051185,0.000000,synthetic_chat_design_preset
58.33,4.715971,4.666400,0.049571,0.000000,synthetic_chat_design_preset
58.34,4.714962,4.667200,0.047762,0.000000,synthetic_chat_design_preset
58.35,4.713765,4.668000,0.045765,0.000000,synthetic_chat_design_preset
58.36,4.712387,4.668800,0.043587,0.000000,synthetic_chat_design_preset
58.37,4.710837,4.669600,0.041237,0.000000,synthetic_chat_design_preset
58.38,4.709124,4.670400,0.038724,0.000000,synthetic_chat_design_preset
58.39,4.707258,4.671200,0.036058,0.000000,synthetic_chat_design_preset
58.40,4.705250,4.672000,0.033250,0.000000,synthetic_chat_design_preset
58.41,4.703111,4.672800,0.030311,0.000000,synthetic_chat_design_preset
58.42,4.700852,4.673600,0.027252,0.000000,synthetic_chat_design_preset
58.43,4.698486,4.674400,0.024086,0.000000,synthetic_chat_design_preset
58.44,4.696024,4.675200,0.020824,0.000000,synthetic_chat_design_preset
58.45,4.693481,4.676000,0.017481,0.000000,synthetic_chat_design_preset
58.46,4.690868,4.676800,0.014068,0.000000,synthetic_chat_design_preset
58.47,4.688200,4.677600,0.010600,0.000000,synthetic_chat_design_preset
58.48,4.685490,4.678400,0.007090,0.000000,synthetic_chat_design_preset
58.49,4.682752,4.679200,0.003552,0.000000,synthetic_chat_design_preset
58.50,4.680000,4.680000,0.000000,0.000000,synthetic_chat_design_preset
58.51,4.677248,4.680800,-0.003552,0.000000,synthetic_chat_design_preset
58.52,4.674510,4.681600,-0.007090,0.000000,synthetic_chat_design_preset
58.53,4.671800,4.682400,-0.010600,0.000000,synthetic_chat_design_preset
58.54,4.669132,4.683200,-0.014068,0.000000,synthetic_chat_design_preset
58.55,4.666519,4.684000,-0.017481,0.000000,synthetic_chat_design_preset
58.56,4.663976,4.684800,-0.020824,0.000000,synthetic_chat_design_preset
58.57,4.661514,4.685600,-0.024086,0.000000,synthetic_chat_design_preset
58.58,4.659148,4.686400,-0.027252,0.000000,synthetic_chat_design_preset
58.59,4.656889,4.687200,-0.030311,0.000000,synthetic_chat_design_preset
58.60,4.654750,4.688000,-0.033250,0.000000,synthetic_chat_design_preset
58.61,4.652742,4.688800,-0.036058,0.000000,synthetic_chat_design_preset
58.62,4.650876,4.689600,-0.038724,0.000000,synthetic_chat_design_preset
58.63,4.649163,4.690400,-0.041237,0.000000,synthetic_chat_design_preset
58.64,4.647613,4.691200,-0.043587,0.000000,synthetic_chat_design_preset
58.65,4.646235,4.692000,-0.045765,0.000000,synthetic_chat_design_preset
58.66,4.645038,4.692800,-0.047762,0.000000,synthetic_chat_design_preset
58.67,4.644029,4.693600,-0.049571,0.000000,synthetic_chat_design_preset
58.68,4.643215,4.694400,-0.051185,0.000000,synthetic_chat_design_preset
58.69,4.642604,4.695200,-0.052596,0.000000,synthetic_chat_design_preset
58.70,4.642200,4.696000,-0.053800,0.000000,synthetic_chat_design_preset
58.71,4.642009,4.696800,-0.054791,0.000000,synthetic_chat_design_preset
58.72,4.642033,4.697600,-0.055567,0.000000,synthetic_chat_design_preset
58.73,4.642278,4.698400,-0.056122,0.000000,synthetic_chat_design_preset
58.74,4.642743,4.699200,-0.056457,0.000000,synthetic_chat_design_preset
58.75,4.643431,4.700000,-0.056569,0.000000,synthetic_chat_design_preset
58.76,4.644343,4.700800,-0.056457,0.000000,synthetic_chat_design_preset
58.77,4.645478,4.701600,-0.056122,0.000000,synthetic_chat_design_preset
58.78,4.646833,4.702400,-0.055567,0.000000,synthetic_chat_design_preset
58.79,4.648409,4.703200,-0.054791,0.000000,synthetic_chat_design_preset
58.80,4.650200,4.704000,-0.053800,0.000000,synthetic_chat_design_preset
58.81,4.652204,4.704800,-0.052596,0.000000,synthetic_chat_design_preset
58.82,4.654415,4.705600,-0.051185,0.000000,synthetic_chat_design_preset
58.83,4.656829,4.706400,-0.049571,0.000000,synthetic_chat_design_preset
58.84,4.659438,4.707200,-0.047762,0.000000,synthetic_chat_design_preset
58.85,4.662235,4.708000,-0.045765,0.000000,synthetic_chat_design_preset
58.86,4.665213,4.708800,-0.043587,0.000000,synthetic_chat_design_preset
58.87,4.668363,4.709600,-0.041237,0.000000,synthetic_chat_design_preset
58.88,4.671676,4.710400,-0.038724,0.000000,synthetic_chat_design_preset
58.89,4.675142,4.711200,-0.036058,0.000000,synthetic_chat_design_preset
58.90,4.678750,4.712000,-0.033250,0.000000,synthetic_chat_design_preset
58.91,4.682489,4.712800,-0.030311,0.000000,synthetic_chat_design_preset
58.92,4.686348,4.713600,-0.027252,0.000000,synthetic_chat_design_preset
58.93,4.690314,4.714400,-0.024086,0.000000,synthetic_chat_design_preset
58.94,4.694376,4.715200,-0.020824,0.000000,synthetic_chat_design_preset
58.95,4.698519,4.716000,-0.017481,0.000000,synthetic_chat_design_preset
58.96,4.702732,4.716800,-0.014068,0.000000,synthetic_chat_design_preset
58.97,4.707000,4.717600,-0.010600,0.000000,synthetic_chat_design_preset
58.98,4.711310,4.718400,-0.007090,0.000000,synthetic_chat_design_preset
58.99,4.715648,4.719200,-0.003552,0.000000,synthetic_chat_design_preset
59.00,4.720000,4.720000,-0.000000,0.000000,synthetic_chat_design_preset
59.01,4.724352,4.720800,0.003552,0.000000,synthetic_chat_design_preset
59.02,4.728690,4.721600,0.007090,0.000000,synthetic_chat_design_preset
59.03,4.733000,4.722400,0.010600,0.000000,synthetic_chat_design_preset
59.04,4.737268,4.723200,0.014068,0.000000,synthetic_chat_design_preset
59.05,4.741481,4.724000,0.017481,0.000000,synthetic_chat_design_preset
59.06,4.745624,4.724800,0.020824,0.000000,synthetic_chat_design_preset
59.07,4.749686,4.725600,0.024086,0.000000,synthetic_chat_design_preset
59.08,4.753652,4.726400,0.027252,0.000000,synthetic_chat_design_preset
59.09,4.757511,4.727200,0.030311,0.000000,synthetic_chat_design_preset
59.10,4.761250,4.728000,0.033250,0.000000,synthetic_chat_design_preset
59.11,4.764858,4.728800,0.036058,0.000000,synthetic_chat_design_preset
59.12,4.768324,4.729600,0.038724,0.000000,synthetic_chat_design_preset
59.13,4.771637,4.730400,0.041237,0.000000,synthetic_chat_design_preset
59.14,4.774787,4.731200,0.043587,0.000000,synthetic_chat_design_preset
59.15,4.777765,4.732000,0.045765,0.000000,synthetic_chat_design_preset
59.16,4.780562,4.732800,0.047762,0.000000,synthetic_chat_design_preset
59.17,4.783171,4.733600,0.049571,0.000000,synthetic_chat_design_preset
59.18,4.785585,4.734400,0.051185,0.000000,synthetic_chat_design_preset
59.19,4.787796,4.735200,0.052596,0.000000,synthetic_chat_design_preset
59.20,4.789800,4.736000,0.053800,0.000000,synthetic_chat_design_preset
59.21,4.791591,4.736800,0.054791,0.000000,synthetic_chat_design_preset
59.22,4.793167,4.737600,0.055567,0.000000,synthetic_chat_design_preset
59.23,4.794522,4.738400,0.056122,0.000000,synthetic_chat_design_preset
59.24,4.795657,4.739200,0.056457,0.000000,synthetic_chat_design_preset
59.25,4.796569,4.740000,0.056569,0.000000,synthetic_chat_design_preset
59.26,4.797257,4.740800,0.056457,0.000000,synthetic_chat_design_preset
59.27,4.797722,4.741600,0.056122,0.000000,synthetic_chat_design_preset
59.28,4.797967,4.742400,0.055567,0.000000,synthetic_chat_design_preset
59.29,4.797991,4.743200,0.054791,0.000000,synthetic_chat_design_preset
59.30,4.797800,4.744000,0.053800,0.000000,synthetic_chat_design_preset
59.31,4.797396,4.744800,0.052596,0.000000,synthetic_chat_design_preset
59.32,4.796785,4.745600,0.051185,0.000000,synthetic_chat_design_preset
59.33,4.795971,4.746400,0.049571,0.000000,synthetic_chat_design_preset
59.34,4.794962,4.747200,0.047762,0.000000,synthetic_chat_design_preset
59.35,4.793765,4.748000,0.045765,0.000000,synthetic_chat_design_preset
59.36,4.792387,4.748800,0.043587,0.000000,synthetic_chat_design_preset
59.37,4.790837,4.749600,0.041237,0.000000,synthetic_chat_design_preset
59.38,4.789124,4.750400,0.038724,0.000000,synthetic_chat_design_preset
59.39,4.787258,4.751200,0.036058,0.000000,synthetic_chat_design_preset
59.40,4.785250,4.752000,0.033250,0.000000,synthetic_chat_design_preset
59.41,4.783111,4.752800,0.030311,0.000000,synthetic_chat_design_preset
59.42,4.780852,4.753600,0.027252,0.000000,synthetic_chat_design_preset
59.43,4.778486,4.754400,0.024086,0.000000,synthetic_chat_design_preset
59.44,4.776024,4.755200,0.020824,0.000000,synthetic_chat_design_preset
59.45,4.773481,4.756000,0.017481,0.000000,synthetic_chat_design_preset
59.46,4.770868,4.756800,0.014068,0.000000,synthetic_chat_design_preset
59.47,4.768200,4.757600,0.010600,0.000000,synthetic_chat_design_preset
59.48,4.765490,4.758400,0.007090,0.000000,synthetic_chat_design_preset
59.49,4.762752,4.759200,0.003552,0.000000,synthetic_chat_design_preset
59.50,4.760000,4.760000,0.000000,0.000000,synthetic_chat_design_preset
59.51,4.757248,4.760800,-0.003552,0.000000,synthetic_chat_design_preset
59.52,4.754510,4.761600,-0.007090,0.000000,synthetic_chat_design_preset
59.53,4.751800,4.762400,-0.010600,0.000000,synthetic_chat_design_preset
59.54,4.749132,4.763200,-0.014068,0.000000,synthetic_chat_design_preset
59.55,4.746519,4.764000,-0.017481,0.000000,synthetic_chat_design_preset
59.56,4.743976,4.764800,-0.020824,0.000000,synthetic_chat_design_preset
59.57,4.741514,4.765600,-0.024086,0.000000,synthetic_chat_design_preset
59.58,4.739148,4.766400,-0.027252,0.000000,synthetic_chat_design_preset
59.59,4.736889,4.767200,-0.030311,0.000000,synthetic_chat_design_preset
59.60,4.734750,4.768000,-0.033250,0.000000,synthetic_chat_design_preset
59.61,4.732742,4.768800,-0.036058,0.000000,synthetic_chat_design_preset
59.62,4.730876,4.769600,-0.038724,0.000000,synthetic_chat_design_preset
59.63,4.729163,4.770400,-0.041237,0.000000,synthetic_chat_design_preset
59.64,4.727613,4.771200,-0.043587,0.000000,synthetic_chat_design_preset
59.65,4.726235,4.772000,-0.045765,0.000000,synthetic_chat_design_preset
59.66,4.725038,4.772800,-0.047762,0.000000,synthetic_chat_design_preset
59.67,4.724029,4.773600,-0.049571,0.000000,synthetic_chat_design_preset
59.68,4.723215,4.774400,-0.051185,0.000000,synthetic_chat_design_preset
59.69,4.722604,4.775200,-0.052596,0.000000,synthetic_chat_design_preset
59.70,4.722200,4.776000,-0.053800,0.000000,synthetic_chat_design_preset
59.71,4.722009,4.776800,-0.054791,0.000000,synthetic_chat_design_preset
59.72,4.722033,4.777600,-0.055567,0.000000,synthetic_chat_design_preset
59.73,4.722278,4.778400,-0.056122,0.000000,synthetic_chat_design_preset
59.74,4.722743,4.779200,-0.056457,0.000000,synthetic_chat_design_preset
59.75,4.723431,4.780000,-0.056569,0.000000,synthetic_chat_design_preset
59.76,4.724343,4.780800,-0.056457,0.000000,synthetic_chat_design_preset
59.77,4.725478,4.781600,-0.056122,0.000000,synthetic_chat_design_preset
59.78,4.726833,4.782400,-0.055567,0.000000,synthetic_chat_design_preset
59.79,4.728409,4.783200,-0.054791,0.000000,synthetic_chat_design_preset
59.80,4.730200,4.784000,-0.053800,0.000000,synthetic_chat_design_preset
59.81,4.732204,4.784800,-0.052596,0.000000,synthetic_chat_design_preset
59.82,4.734415,4.785600,-0.051185,0.000000,synthetic_chat_design_preset
59.83,4.736829,4.786400,-0.049571,0.000000,synthetic_chat_design_preset
59.84,4.739438,4.787200,-0.047762,0.000000,synthetic_chat_design_preset
59.85,4.742235,4.788000,-0.045765,0.000000,synthetic_chat_design_preset
59.86,4.745213,4.788800,-0.043587,0.000000,synthetic_chat_design_preset
59.87,4.748363,4.789600,-0.041237,0.000000,synthetic_chat_design_preset
59.88,4.751676,4.790400,-0.038724,0.000000,synthetic_chat_design_preset
59.89,4.755142,4.791200,-0.036058,0.000000,synthetic_chat_design_preset
59.90,4.758750,4.792000,-0.033250,0.000000,synthetic_chat_design_preset
59.91,4.762489,4.792800,-0.030311,0.000000,synthetic_chat_design_preset
59.92,4.766348,4.793600,-0.027252,0.000000,synthetic_chat_design_preset
59.93,4.770314,4.794400,-0.024086,0.000000,synthetic_chat_design_preset
59.94,4.774376,4.795200,-0.020824,0.000000,synthetic_chat_design_preset
59.95,4.778519,4.796000,-0.017481,0.000000,synthetic_chat_design_preset
59.96,4.782732,4.796800,-0.014068,0.000000,synthetic_chat_design_preset
59.97,4.787000,4.797600,-0.010600,0.000000,synthetic_chat_design_preset
59.98,4.791310,4.798400,-0.007090,0.000000,synthetic_chat_design_preset
59.99,4.795648,4.799200,-0.003552,0.000000,synthetic_chat_design_preset
60.00,4.800000,4.800000,-0.000000,0.000000,synthetic_chat_design_preset
60.01,4.804352,4.800800,0.003552,0.000000,synthetic_chat_design_preset
60.02,4.808690,4.801600,0.007090,0.000000,synthetic_chat_design_preset
60.03,4.813000,4.802400,0.010600,0.000000,synthetic_chat_design_preset
60.04,4.817268,4.803200,0.014068,0.000000,synthetic_chat_design_preset
60.05,4.821481,4.804000,0.017481,0.000000,synthetic_chat_design_preset
60.06,4.825624,4.804800,0.020824,0.000000,synthetic_chat_design_preset
60.07,4.829686,4.805600,0.024086,0.000000,synthetic_chat_design_preset
60.08,4.833652,4.806400,0.027252,0.000000,synthetic_chat_design_preset
60.09,4.837511,4.807200,0.030311,0.000000,synthetic_chat_design_preset
60.10,4.841250,4.808000,0.033250,0.000000,synthetic_chat_design_preset
60.11,4.844858,4.808800,0.036058,0.000000,synthetic_chat_design_preset
60.12,4.848324,4.809600,0.038724,0.000000,synthetic_chat_design_preset
60.13,4.851637,4.810400,0.041237,0.000000,synthetic_chat_design_preset
60.14,4.854787,4.811200,0.043587,0.000000,synthetic_chat_design_preset
60.15,4.857765,4.812000,0.045765,0.000000,synthetic_chat_design_preset
60.16,4.860562,4.812800,0.047762,0.000000,synthetic_chat_design_preset
60.17,4.863171,4.813600,0.049571,0.000000,synthetic_chat_design_preset
60.18,4.865585,4.814400,0.051185,0.000000,synthetic_chat_design_preset
60.19,4.867796,4.815200,0.052596,0.000000,synthetic_chat_design_preset
60.20,4.869800,4.816000,0.053800,0.000000,synthetic_chat_design_preset
60.21,4.871591,4.816800,0.054791,0.000000,synthetic_chat_design_preset
60.22,4.873167,4.817600,0.055567,0.000000,synthetic_chat_design_preset
60.23,4.874522,4.818400,0.056122,0.000000,synthetic_chat_design_preset
60.24,4.875657,4.819200,0.056457,0.000000,synthetic_chat_design_preset
60.25,4.876569,4.820000,0.056569,0.000000,synthetic_chat_design_preset
60.26,4.877257,4.820800,0.056457,0.000000,synthetic_chat_design_preset
60.27,4.877722,4.821600,0.056122,0.000000,synthetic_chat_design_preset
60.28,4.877967,4.822400,0.055567,0.000000,synthetic_chat_design_preset
60.29,4.877991,4.823200,0.054791,0.000000,synthetic_chat_design_preset
60.30,4.877800,4.824000,0.053800,0.000000,synthetic_chat_design_preset
60.31,4.877396,4.824800,0.052596,0.000000,synthetic_chat_design_preset
60.32,4.876785,4.825600,0.051185,0.000000,synthetic_chat_design_preset
60.33,4.875971,4.826400,0.049571,0.000000,synthetic_chat_design_preset
60.34,4.874962,4.827200,0.047762,0.000000,synthetic_chat_design_preset
60.35,4.873765,4.828000,0.045765,0.000000,synthetic_chat_design_preset
60.36,4.872387,4.828800,0.043587,0.000000,synthetic_chat_design_preset
60.37,4.870837,4.829600,0.041237,0.000000,synthetic_chat_design_preset
60.38,4.869124,4.830400,0.038724,0.000000,synthetic_chat_design_preset
60.39,4.867258,4.831200,0.036058,0.000000,synthetic_chat_design_preset
60.40,4.865250,4.832000,0.033250,0.000000,synthetic_chat_design_preset
60.41,4.863111,4.832800,0.030311,0.000000,synthetic_chat_design_preset
60.42,4.860852,4.833600,0.027252,0.000000,synthetic_chat_design_preset
60.43,4.858486,4.834400,0.024086,0.000000,synthetic_chat_design_preset
60.44,4.856024,4.835200,0.020824,0.000000,synthetic_chat_design_preset
60.45,4.853481,4.836000,0.017481,0.000000,synthetic_chat_design_preset
60.46,4.850868,4.836800,0.014068,0.000000,synthetic_chat_design_preset
60.47,4.848200,4.837600,0.010600,0.000000,synthetic_chat_design_preset
60.48,4.845490,4.838400,0.007090,0.000000,synthetic_chat_design_preset
60.49,4.842752,4.839200,0.003552,0.000000,synthetic_chat_design_preset
60.50,4.840000,4.840000,-0.000000,0.000000,synthetic_chat_design_preset
60.51,4.837248,4.840800,-0.003552,0.000000,synthetic_chat_design_preset
60.52,4.834510,4.841600,-0.007090,0.000000,synthetic_chat_design_preset
60.53,4.831800,4.842400,-0.010600,0.000000,synthetic_chat_design_preset
60.54,4.829132,4.843200,-0.014068,0.000000,synthetic_chat_design_preset
60.55,4.826519,4.844000,-0.017481,0.000000,synthetic_chat_design_preset
60.56,4.823976,4.844800,-0.020824,0.000000,synthetic_chat_design_preset
60.57,4.821514,4.845600,-0.024086,0.000000,synthetic_chat_design_preset
60.58,4.819148,4.846400,-0.027252,0.000000,synthetic_chat_design_preset
60.59,4.816889,4.847200,-0.030311,0.000000,synthetic_chat_design_preset
60.60,4.814750,4.848000,-0.033250,0.000000,synthetic_chat_design_preset
60.61,4.812742,4.848800,-0.036058,0.000000,synthetic_chat_design_preset
60.62,4.810876,4.849600,-0.038724,0.000000,synthetic_chat_design_preset
60.63,4.809163,4.850400,-0.041237,0.000000,synthetic_chat_design_preset
60.64,4.807613,4.851200,-0.043587,0.000000,synthetic_chat_design_preset
60.65,4.806235,4.852000,-0.045765,0.000000,synthetic_chat_design_preset
60.66,4.805038,4.852800,-0.047762,0.000000,synthetic_chat_design_preset
60.67,4.804029,4.853600,-0.049571,0.000000,synthetic_chat_design_preset
60.68,4.803215,4.854400,-0.051185,0.000000,synthetic_chat_design_preset
60.69,4.802604,4.855200,-0.052596,0.000000,synthetic_chat_design_preset
60.70,4.802200,4.856000,-0.053800,0.000000,synthetic_chat_design_preset
60.71,4.802009,4.856800,-0.054791,0.000000,synthetic_chat_design_preset
60.72,4.802033,4.857600,-0.055567,0.000000,synthetic_chat_design_preset
60.73,4.802278,4.858400,-0.056122,0.000000,synthetic_chat_design_preset
60.74,4.802743,4.859200,-0.056457,0.000000,synthetic_chat_design_preset
60.75,4.803431,4.860000,-0.056569,0.000000,synthetic_chat_design_preset
60.76,4.804343,4.860800,-0.056457,0.000000,synthetic_chat_design_preset
60.77,4.805478,4.861600,-0.056122,0.000000,synthetic_chat_design_preset
60.78,4.806833,4.862400,-0.055567,0.000000,synthetic_chat_design_preset
60.79,4.808409,4.863200,-0.054791,0.000000,synthetic_chat_design_preset
60.80,4.810200,4.864000,-0.053800,0.000000,synthetic_chat_design_preset
60.81,4.812204,4.864800,-0.052596,0.000000,synthetic_chat_design_preset
60.82,4.814415,4.865600,-0.051185,0.000000,synthetic_chat_design_preset
60.83,4.816829,4.866400,-0.049571,0.000000,synthetic_chat_design_preset
60.84,4.819438,4.867200,-0.047762,0.000000,synthetic_chat_design_preset
60.85,4.822235,4.868000,-0.045765,0.000000,synthetic_chat_design_preset
60.86,4.825213,4.868800,-0.043587,0.000000,synthetic_chat_design_preset
60.87,4.828363,4.869600,-0.041237,0.000000,synthetic_chat_design_preset
60.88,4.831676,4.870400,-0.038724,0.000000,synthetic_chat_design_preset
60.89,4.835142,4.871200,-0.036058,0.000000,synthetic_chat_design_preset
60.90,4.838750,4.872000,-0.033250,0.000000,synthetic_chat_design_preset
60.91,4.842489,4.872800,-0.030311,0.000000,synthetic_chat_design_preset
60.92,4.846348,4.873600,-0.027252,0.000000,synthetic_chat_design_preset
60.93,4.850314,4.874400,-0.024086,0.000000,synthetic_chat_design_preset
60.94,4.854376,4.875200,-0.020824,0.000000,synthetic_chat_design_preset
60.95,4.858519,4.876000,-0.017481,0.000000,synthetic_chat_design_preset
60.96,4.862732,4.876800,-0.014068,0.000000,synthetic_chat_design_preset
60.97,4.867000,4.877600,-0.010600,0.000000,synthetic_chat_design_preset
60.98,4.871310,4.878400,-0.007090,0.000000,synthetic_chat_design_preset
60.99,4.875648,4.879200,-0.003552,0.000000,synthetic_chat_design_preset
61.00,4.880000,4.880000,-0.000000,0.000000,synthetic_chat_design_preset
61.01,4.884352,4.880800,0.003552,0.000000,synthetic_chat_design_preset
61.02,4.888690,4.881600,0.007090,0.000000,synthetic_chat_design_preset
61.03,4.893000,4.882400,0.010600,0.000000,synthetic_chat_design_preset
61.04,4.897268,4.883200,0.014068,0.000000,synthetic_chat_design_preset
61.05,4.901481,4.884000,0.017481,0.000000,synthetic_chat_design_preset
61.06,4.905624,4.884800,0.020824,0.000000,synthetic_chat_design_preset
61.07,4.909686,4.885600,0.024086,0.000000,synthetic_chat_design_preset
61.08,4.913652,4.886400,0.027252,0.000000,synthetic_chat_design_preset
61.09,4.917511,4.887200,0.030311,0.000000,synthetic_chat_design_preset
61.10,4.921250,4.888000,0.033250,0.000000,synthetic_chat_design_preset
61.11,4.924858,4.888800,0.036058,0.000000,synthetic_chat_design_preset
61.12,4.928324,4.889600,0.038724,0.000000,synthetic_chat_design_preset
61.13,4.931637,4.890400,0.041237,0.000000,synthetic_chat_design_preset
61.14,4.934787,4.891200,0.043587,0.000000,synthetic_chat_design_preset
61.15,4.937765,4.892000,0.045765,0.000000,synthetic_chat_design_preset
61.16,4.940562,4.892800,0.047762,0.000000,synthetic_chat_design_preset
61.17,4.943171,4.893600,0.049571,0.000000,synthetic_chat_design_preset
61.18,4.945585,4.894400,0.051185,0.000000,synthetic_chat_design_preset
61.19,4.947796,4.895200,0.052596,0.000000,synthetic_chat_design_preset
61.20,4.949800,4.896000,0.053800,0.000000,synthetic_chat_design_preset
61.21,4.951591,4.896800,0.054791,0.000000,synthetic_chat_design_preset
61.22,4.953167,4.897600,0.055567,0.000000,synthetic_chat_design_preset
61.23,4.954522,4.898400,0.056122,0.000000,synthetic_chat_design_preset
61.24,4.955657,4.899200,0.056457,0.000000,synthetic_chat_design_preset
61.25,4.956569,4.900000,0.056569,0.000000,synthetic_chat_design_preset
61.26,4.957257,4.900800,0.056457,0.000000,synthetic_chat_design_preset
61.27,4.957722,4.901600,0.056122,0.000000,synthetic_chat_design_preset
61.28,4.957967,4.902400,0.055567,0.000000,synthetic_chat_design_preset
61.29,4.957991,4.903200,0.054791,0.000000,synthetic_chat_design_preset
61.30,4.957800,4.904000,0.053800,0.000000,synthetic_chat_design_preset
61.31,4.957396,4.904800,0.052596,0.000000,synthetic_chat_design_preset
61.32,4.956785,4.905600,0.051185,0.000000,synthetic_chat_design_preset
61.33,4.955971,4.906400,0.049571,0.000000,synthetic_chat_design_preset
61.34,4.954962,4.907200,0.047762,0.000000,synthetic_chat_design_preset
61.35,4.953765,4.908000,0.045765,0.000000,synthetic_chat_design_preset
61.36,4.952387,4.908800,0.043587,0.000000,synthetic_chat_design_preset
61.37,4.950837,4.909600,0.041237,0.000000,synthetic_chat_design_preset
61.38,4.949124,4.910400,0.038724,0.000000,synthetic_chat_design_preset
61.39,4.947258,4.911200,0.036058,0.000000,synthetic_chat_design_preset
61.40,4.945250,4.912000,0.033250,0.000000,synthetic_chat_design_preset
61.41,4.943111,4.912800,0.030311,0.000000,synthetic_chat_design_preset
61.42,4.940852,4.913600,0.027252,0.000000,synthetic_chat_design_preset
61.43,4.938486,4.914400,0.024086,0.000000,synthetic_chat_design_preset
61.44,4.936024,4.915200,0.020824,0.000000,synthetic_chat_design_preset
61.45,4.933481,4.916000,0.017481,0.000000,synthetic_chat_design_preset
61.46,4.930868,4.916800,0.014068,0.000000,synthetic_chat_design_preset
61.47,4.928200,4.917600,0.010600,0.000000,synthetic_chat_design_preset
61.48,4.925490,4.918400,0.007090,0.000000,synthetic_chat_design_preset
61.49,4.922752,4.919200,0.003552,0.000000,synthetic_chat_design_preset
61.50,4.920000,4.920000,0.000000,0.000000,synthetic_chat_design_preset
61.51,4.917248,4.920800,-0.003552,0.000000,synthetic_chat_design_preset
61.52,4.914510,4.921600,-0.007090,0.000000,synthetic_chat_design_preset
61.53,4.911800,4.922400,-0.010600,0.000000,synthetic_chat_design_preset
61.54,4.909132,4.923200,-0.014068,0.000000,synthetic_chat_design_preset
61.55,4.906519,4.924000,-0.017481,0.000000,synthetic_chat_design_preset
61.56,4.903976,4.924800,-0.020824,0.000000,synthetic_chat_design_preset
61.57,4.901514,4.925600,-0.024086,0.000000,synthetic_chat_design_preset
61.58,4.899148,4.926400,-0.027252,0.000000,synthetic_chat_design_preset
61.59,4.896889,4.927200,-0.030311,0.000000,synthetic_chat_design_preset
61.60,4.894750,4.928000,-0.033250,0.000000,synthetic_chat_design_preset
61.61,4.892742,4.928800,-0.036058,0.000000,synthetic_chat_design_preset
61.62,4.890876,4.929600,-0.038724,0.000000,synthetic_chat_design_preset
61.63,4.889163,4.930400,-0.041237,0.000000,synthetic_chat_design_preset
61.64,4.887613,4.931200,-0.043587,0.000000,synthetic_chat_design_preset
61.65,4.886235,4.932000,-0.045765,0.000000,synthetic_chat_design_preset
61.66,4.885038,4.932800,-0.047762,0.000000,synthetic_chat_design_preset
61.67,4.884029,4.933600,-0.049571,0.000000,synthetic_chat_design_preset
61.68,4.883215,4.934400,-0.051185,0.000000,synthetic_chat_design_preset
61.69,4.882604,4.935200,-0.052596,0.000000,synthetic_chat_design_preset
61.70,4.882200,4.936000,-0.053800,0.000000,synthetic_chat_design_preset
61.71,4.882009,4.936800,-0.054791,0.000000,synthetic_chat_design_preset
61.72,4.882033,4.937600,-0.055567,0.000000,synthetic_chat_design_preset
61.73,4.882278,4.938400,-0.056122,0.000000,synthetic_chat_design_preset
61.74,4.882743,4.939200,-0.056457,0.000000,synthetic_chat_design_preset
61.75,4.883431,4.940000,-0.056569,0.000000,synthetic_chat_design_preset
61.76,4.884343,4.940800,-0.056457,0.000000,synthetic_chat_design_preset
61.77,4.885478,4.941600,-0.056122,0.000000,synthetic_chat_design_preset
61.78,4.886833,4.942400,-0.055567,0.000000,synthetic_chat_design_preset
61.79,4.888409,4.943200,-0.054791,0.000000,synthetic_chat_design_preset
61.80,4.890200,4.944000,-0.053800,0.000000,synthetic_chat_design_preset
61.81,4.892204,4.944800,-0.052596,0.000000,synthetic_chat_design_preset
61.82,4.894415,4.945600,-0.051185,0.000000,synthetic_chat_design_preset
61.83,4.896829,4.946400,-0.049571,0.000000,synthetic_chat_design_preset
61.84,4.899438,4.947200,-0.047762,0.000000,synthetic_chat_design_preset
61.85,4.902235,4.948000,-0.045765,0.000000,synthetic_chat_design_preset
61.86,4.905213,4.948800,-0.043587,0.000000,synthetic_chat_design_preset
61.87,4.908363,4.949600,-0.041237,0.000000,synthetic_chat_design_preset
61.88,4.911676,4.950400,-0.038724,0.000000,synthetic_chat_design_preset
61.89,4.915142,4.951200,-0.036058,0.000000,synthetic_chat_design_preset
61.90,4.918750,4.952000,-0.033250,0.000000,synthetic_chat_design_preset
61.91,4.922489,4.952800,-0.030311,0.000000,synthetic_chat_design_preset
61.92,4.926348,4.953600,-0.027252,0.000000,synthetic_chat_design_preset
61.93,4.930314,4.954400,-0.024086,0.000000,synthetic_chat_design_preset
61.94,4.934376,4.955200,-0.020824,0.000000,synthetic_chat_design_preset
61.95,4.938519,4.956000,-0.017481,0.000000,synthetic_chat_design_preset
61.96,4.942732,4.956800,-0.014068,0.000000,synthetic_chat_design_preset
61.97,4.947000,4.957600,-0.010600,0.000000,synthetic_chat_design_preset
61.98,4.951310,4.958400,-0.007090,0.000000,synthetic_chat_design_preset
61.99,4.955681,4.959200,-0.003552,0.000033,synthetic_chat_design_preset
62.00,4.960045,4.960000,-0.000000,0.000045,synthetic_chat_design_preset
62.01,4.964413,4.960800,0.003552,0.000061,synthetic_chat_design_preset
62.02,4.968773,4.961600,0.007090,0.000083,synthetic_chat_design_preset
62.03,4.973111,4.962400,0.010600,0.000111,synthetic_chat_design_preset
62.04,4.977416,4.963200,0.014068,0.000148,synthetic_chat_design_preset
62.05,4.981676,4.964000,0.017481,0.000195,synthetic_chat_design_preset
62.06,4.985881,4.964800,0.020824,0.000257,synthetic_chat_design_preset
62.07,4.990022,4.965600,0.024086,0.000336,synthetic_chat_design_preset
62.08,4.994089,4.966400,0.027252,0.000436,synthetic_chat_design_preset
62.09,4.998075,4.967200,0.030311,0.000564,synthetic_chat_design_preset
62.10,5.001973,4.968000,0.033250,0.000723,synthetic_chat_design_preset
62.11,5.005781,4.968800,0.036058,0.000923,synthetic_chat_design_preset
62.12,5.009493,4.969600,0.038724,0.001170,synthetic_chat_design_preset
62.13,5.013110,4.970400,0.041237,0.001474,synthetic_chat_design_preset
62.14,5.016632,4.971200,0.043587,0.001845,synthetic_chat_design_preset
62.15,5.020061,4.972000,0.045765,0.002296,synthetic_chat_design_preset
62.16,5.023403,4.972800,0.047762,0.002840,synthetic_chat_design_preset
62.17,5.026663,4.973600,0.049571,0.003492,synthetic_chat_design_preset
62.18,5.029850,4.974400,0.051185,0.004266,synthetic_chat_design_preset
62.19,5.032975,4.975200,0.052596,0.005179,synthetic_chat_design_preset
62.20,5.036050,4.976000,0.053800,0.006250,synthetic_chat_design_preset
62.21,5.039087,4.976800,0.054791,0.007496,synthetic_chat_design_preset
62.22,5.042101,4.977600,0.055567,0.008935,synthetic_chat_design_preset
62.23,5.045107,4.978400,0.056122,0.010584,synthetic_chat_design_preset
62.24,5.048118,4.979200,0.056457,0.012462,synthetic_chat_design_preset
62.25,5.051150,4.980000,0.056569,0.014582,synthetic_chat_design_preset
62.26,5.054214,4.980800,0.056457,0.016958,synthetic_chat_design_preset
62.27,5.057322,4.981600,0.056122,0.019600,synthetic_chat_design_preset
62.28,5.060480,4.982400,0.055567,0.022514,synthetic_chat_design_preset
62.29,5.063694,4.983200,0.054791,0.025703,synthetic_chat_design_preset
62.30,5.066963,4.984000,0.053800,0.029163,synthetic_chat_design_preset
62.31,5.070282,4.984800,0.052596,0.032886,synthetic_chat_design_preset
62.32,5.073641,4.985600,0.051185,0.036857,synthetic_chat_design_preset
62.33,5.077024,4.986400,0.049571,0.041053,synthetic_chat_design_preset
62.34,5.080408,4.987200,0.047762,0.045446,synthetic_chat_design_preset
62.35,5.083765,4.988000,0.045765,0.050000,synthetic_chat_design_preset
62.36,5.087059,4.988800,0.043587,0.054673,synthetic_chat_design_preset
62.37,5.090251,4.989600,0.041237,0.059415,synthetic_chat_design_preset
62.38,5.093295,4.990400,0.038724,0.064171,synthetic_chat_design_preset
62.39,5.096141,4.991200,0.036058,0.068883,synthetic_chat_design_preset
62.40,5.098737,4.992000,0.033250,0.073487,synthetic_chat_design_preset
62.41,5.101027,4.992800,0.030311,0.077916,synthetic_chat_design_preset
62.42,5.102958,4.993600,0.027252,0.082106,synthetic_chat_design_preset
62.43,5.104475,4.994400,0.024086,0.085989,synthetic_chat_design_preset
62.44,5.105527,4.995200,0.020824,0.089503,synthetic_chat_design_preset
62.45,5.106068,4.996000,0.017481,0.092587,synthetic_chat_design_preset
62.46,5.106058,4.996800,0.014068,0.095190,synthetic_chat_design_preset
62.47,5.105465,4.997600,0.010600,0.097265,synthetic_chat_design_preset
62.48,5.104265,4.998400,0.007090,0.098775,synthetic_chat_design_preset
62.49,5.102444,4.999200,0.003552,0.099692,synthetic_chat_design_preset
62.50,5.100000,5.000000,0.000000,0.100000,synthetic_chat_design_preset
62.51,5.096940,5.000800,-0.003552,0.099692,synthetic_chat_design_preset
62.52,5.093285,5.001600,-0.007090,0.098775,synthetic_chat_design_preset
62.53,5.089066,5.002400,-0.010600,0.097265,synthetic_chat_design_preset
62.54,5.084322,5.003200,-0.014068,0.095190,synthetic_chat_design_preset
62.55,5.079107,5.004000,-0.017481,0.092587,synthetic_chat_design_preset
62.56,5.073478,5.004800,-0.020824,0.089503,synthetic_chat_design_preset
62.57,5.067503,5.005600,-0.024086,0.085989,synthetic_chat_design_preset
62.58,5.061254,5.006400,-0.027252,0.082106,synthetic_chat_design_preset
62.59,5.054806,5.007200,-0.030311,0.077916,synthetic_chat_design_preset
62.60,5.048237,5.008000,-0.033250,0.073487,synthetic_chat_design_preset
62.61,5.041625,5.008800,-0.036058,0.068883,synthetic_chat_design_preset
62.62,5.035047,5.009600,-0.038724,0.064171,synthetic_chat_design_preset
62.63,5.028578,5.010400,-0.041237,0.059415,synthetic_chat_design_preset
62.64,5.022286,5.011200,-0.043587,0.054673,synthetic_chat_design_preset
62.65,5.016235,5.012000,-0.045765,0.050000,synthetic_chat_design_preset
62.66,5.010484,5.012800,-0.047762,0.045446,synthetic_chat_design_preset
62.67,5.005081,5.013600,-0.049571,0.041053,synthetic_chat_design_preset
62.68,5.000072,5.014400,-0.051185,0.036857,synthetic_chat_design_preset
62.69,4.995490,5.015200,-0.052596,0.032886,synthetic_chat_design_preset
62.70,4.991363,5.016000,-0.053800,0.029163,synthetic_chat_design_preset
62.71,4.987712,5.016800,-0.054791,0.025703,synthetic_chat_design_preset
62.72,4.984547,5.017600,-0.055567,0.022514,synthetic_chat_design_preset
62.73,4.981877,5.018400,-0.056122,0.019600,synthetic_chat_design_preset
62.74,4.979701,5.019200,-0.056457,0.016958,synthetic_chat_design_preset
62.75,4.978013,5.020000,-0.056569,0.014582,synthetic_chat_design_preset
62.76,4.976805,5.020800,-0.056457,0.012462,synthetic_chat_design_preset
62.77,4.976062,5.021600,-0.056122,0.010584,synthetic_chat_design_preset
62.78,4.975768,5.022400,-0.055567,0.008935,synthetic_chat_design_preset
62.79,4.975904,5.023200,-0.054791,0.007496,synthetic_chat_design_preset
62.80,4.976450,5.024000,-0.053800,0.006250,synthetic_chat_design_preset
62.81,4.977383,5.024800,-0.052596,0.005179,synthetic_chat_design_preset
62.82,4.978681,5.025600,-0.051185,0.004266,synthetic_chat_design_preset
62.83,4.980320,5.026400,-0.049571,0.003492,synthetic_chat_design_preset
62.84,4.982278,5.027200,-0.047762,0.002840,synthetic_chat_design_preset
62.85,4.984532,5.028000,-0.045765,0.002296,synthetic_chat_design_preset
62.86,4.987058,5.028800,-0.043587,0.001845,synthetic_chat_design_preset
62.87,4.989837,5.029600,-0.041237,0.001474,synthetic_chat_design_preset
62.88,4.992846,5.030400,-0.038724,0.001170,synthetic_chat_design_preset
62.89,4.996065,5.031200,-0.036058,0.000923,synthetic_chat_design_preset
62.90,4.999473,5.032000,-0.033250,0.000723,synthetic_chat_design_preset
62.91,5.003053,5.032800,-0.030311,0.000564,synthetic_chat_design_preset
62.92,5.006784,5.033600,-0.027252,0.000436,synthetic_chat_design_preset
62.93,5.010650,5.034400,-0.024086,0.000336,synthetic_chat_design_preset
62.94,5.014633,5.035200,-0.020824,0.000257,synthetic_chat_design_preset
62.95,5.018715,5.036000,-0.017481,0.000195,synthetic_chat_design_preset
62.96,5.022880,5.036800,-0.014068,0.000148,synthetic_chat_design_preset
62.97,5.027111,5.037600,-0.010600,0.000111,synthetic_chat_design_preset
62.98,5.031393,5.038400,-0.007090,0.000083,synthetic_chat_design_preset
62.99,5.035709,5.039200,-0.003552,0.000061,synthetic_chat_design_preset
63.00,5.040045,5.040000,0.000000,0.000045,synthetic_chat_design_preset
63.01,5.044352,5.040800,0.003552,0.000000,synthetic_chat_design_preset
63.02,5.048690,5.041600,0.007090,0.000000,synthetic_chat_design_preset
63.03,5.053000,5.042400,0.010600,0.000000,synthetic_chat_design_preset
63.04,5.057268,5.043200,0.014068,0.000000,synthetic_chat_design_preset
63.05,5.061481,5.044000,0.017481,0.000000,synthetic_chat_design_preset
63.06,5.065624,5.044800,0.020824,0.000000,synthetic_chat_design_preset
63.07,5.069686,5.045600,0.024086,0.000000,synthetic_chat_design_preset
63.08,5.073652,5.046400,0.027252,0.000000,synthetic_chat_design_preset
63.09,5.077511,5.047200,0.030311,0.000000,synthetic_chat_design_preset
63.10,5.081250,5.048000,0.033250,0.000000,synthetic_chat_design_preset
63.11,5.084858,5.048800,0.036058,0.000000,synthetic_chat_design_preset
63.12,5.088324,5.049600,0.038724,0.000000,synthetic_chat_design_preset
63.13,5.091637,5.050400,0.041237,0.000000,synthetic_chat_design_preset
63.14,5.094787,5.051200,0.043587,0.000000,synthetic_chat_design_preset
63.15,5.097765,5.052000,0.045765,0.000000,synthetic_chat_design_preset
63.16,5.100562,5.052800,0.047762,0.000000,synthetic_chat_design_preset
63.17,5.103171,5.053600,0.049571,0.000000,synthetic_chat_design_preset
63.18,5.105585,5.054400,0.051185,0.000000,synthetic_chat_design_preset
63.19,5.107796,5.055200,0.052596,0.000000,synthetic_chat_design_preset
63.20,5.109800,5.056000,0.053800,0.000000,synthetic_chat_design_preset
63.21,5.111591,5.056800,0.054791,0.000000,synthetic_chat_design_preset
63.22,5.113167,5.057600,0.055567,0.000000,synthetic_chat_design_preset
63.23,5.114522,5.058400,0.056122,0.000000,synthetic_chat_design_preset
63.24,5.115657,5.059200,0.056457,0.000000,synthetic_chat_design_preset
63.25,5.116569,5.060000,0.056569,0.000000,synthetic_chat_design_preset
63.26,5.117257,5.060800,0.056457,0.000000,synthetic_chat_design_preset
63.27,5.117722,5.061600,0.056122,0.000000,synthetic_chat_design_preset
63.28,5.117967,5.062400,0.055567,0.000000,synthetic_chat_design_preset
63.29,5.117991,5.063200,0.054791,0.000000,synthetic_chat_design_preset
63.30,5.117800,5.064000,0.053800,0.000000,synthetic_chat_design_preset
63.31,5.117396,5.064800,0.052596,0.000000,synthetic_chat_design_preset
63.32,5.116785,5.065600,0.051185,0.000000,synthetic_chat_design_preset
63.33,5.115971,5.066400,0.049571,0.000000,synthetic_chat_design_preset
63.34,5.114962,5.067200,0.047762,0.000000,synthetic_chat_design_preset
63.35,5.113765,5.068000,0.045765,0.000000,synthetic_chat_design_preset
63.36,5.112387,5.068800,0.043587,0.000000,synthetic_chat_design_preset
63.37,5.110837,5.069600,0.041237,0.000000,synthetic_chat_design_preset
63.38,5.109124,5.070400,0.038724,0.000000,synthetic_chat_design_preset
63.39,5.107258,5.071200,0.036058,0.000000,synthetic_chat_design_preset
63.40,5.105250,5.072000,0.033250,0.000000,synthetic_chat_design_preset
63.41,5.103111,5.072800,0.030311,0.000000,synthetic_chat_design_preset
63.42,5.100852,5.073600,0.027252,0.000000,synthetic_chat_design_preset
63.43,5.098486,5.074400,0.024086,0.000000,synthetic_chat_design_preset
63.44,5.096024,5.075200,0.020824,0.000000,synthetic_chat_design_preset
63.45,5.093481,5.076000,0.017481,0.000000,synthetic_chat_design_preset
63.46,5.090868,5.076800,0.014068,0.000000,synthetic_chat_design_preset
63.47,5.088200,5.077600,0.010600,0.000000,synthetic_chat_design_preset
63.48,5.085490,5.078400,0.007090,0.000000,synthetic_chat_design_preset
63.49,5.082752,5.079200,0.003552,0.000000,synthetic_chat_design_preset
63.50,5.080000,5.080000,0.000000,0.000000,synthetic_chat_design_preset
63.51,5.077248,5.080800,-0.003552,0.000000,synthetic_chat_design_preset
63.52,5.074510,5.081600,-0.007090,0.000000,synthetic_chat_design_preset
63.53,5.071800,5.082400,-0.010600,0.000000,synthetic_chat_design_preset
63.54,5.069132,5.083200,-0.014068,0.000000,synthetic_chat_design_preset
63.55,5.066519,5.084000,-0.017481,0.000000,synthetic_chat_design_preset
63.56,5.063976,5.084800,-0.020824,0.000000,synthetic_chat_design_preset
63.57,5.061514,5.085600,-0.024086,0.000000,synthetic_chat_design_preset
63.58,5.059148,5.086400,-0.027252,0.000000,synthetic_chat_design_preset
63.59,5.056889,5.087200,-0.030311,0.000000,synthetic_chat_design_preset
63.60,5.054750,5.088000,-0.033250,0.000000,synthetic_chat_design_preset
63.61,5.052742,5.088800,-0.036058,0.000000,synthetic_chat_design_preset
63.62,5.050876,5.089600,-0.038724,0.000000,synthetic_chat_design_preset
63.63,5.049163,5.090400,-0.041237,0.000000,synthetic_chat_design_preset
63.64,5.047613,5.091200,-0.043587,0.000000,synthetic_chat_design_preset
63.65,5.046235,5.092000,-0.045765,0.000000,synthetic_chat_design_preset
63.66,5.045038,5.092800,-0.047762,0.000000,synthetic_chat_design_preset
63.67,5.044029,5.093600,-0.049571,0.000000,synthetic_chat_design_preset
63.68,5.043215,5.094400,-0.051185,0.000000,synthetic_chat_design_preset
63.69,5.042604,5.095200,-0.052596,0.000000,synthetic_chat_design_preset
63.70,5.042200,5.096000,-0.053800,0.000000,synthetic_chat_design_preset
63.71,5.042009,5.096800,-0.054791,0.000000,synthetic_chat_design_preset
63.72,5.042033,5.097600,-0.055567,0.000000,synthetic_chat_design_preset
63.73,5.042278,5.098400,-0.056122,0.000000,synthetic_chat_design_preset
63.74,5.042743,5.099200,-0.056457,0.000000,synthetic_chat_design_preset
63.75,5.043431,5.100000,-0.056569,0.000000,synthetic_chat_design_preset
63.76,5.044343,5.100800,-0.056457,0.000000,synthetic_chat_design_preset
63.77,5.045478,5.101600,-0.056122,0.000000,synthetic_chat_design_preset
63.78,5.046833,5.102400,-0.055567,0.000000,synthetic_chat_design_preset
63.79,5.048409,5.103200,-0.054791,0.000000,synthetic_chat_design_preset
63.80,5.050200,5.104000,-0.053800,0.000000,synthetic_chat_design_preset
63.81,5.052204,5.104800,-0.052596,0.000000,synthetic_chat_design_preset
63.82,5.054415,5.105600,-0.051185,0.000000,synthetic_chat_design_preset
63.83,5.056829,5.106400,-0.049571,0.000000,synthetic_chat_design_preset
63.84,5.059438,5.107200,-0.047762,0.000000,synthetic_chat_design_preset
63.85,5.062235,5.108000,-0.045765,0.000000,synthetic_chat_design_preset
63.86,5.065213,5.108800,-0.043587,0.000000,synthetic_chat_design_preset
63.87,5.068363,5.109600,-0.041237,0.000000,synthetic_chat_design_preset
63.88,5.071676,5.110400,-0.038724,0.000000,synthetic_chat_design_preset
63.89,5.075142,5.111200,-0.036058,0.000000,synthetic_chat_design_preset
63.90,5.078750,5.112000,-0.033250,0.000000,synthetic_chat_design_preset
63.91,5.082489,5.112800,-0.030311,0.000000,synthetic_chat_design_preset
63.92,5.086348,5.113600,-0.027252,0.000000,synthetic_chat_design_preset
63.93,5.090314,5.114400,-0.024086,0.000000,synthetic_chat_design_preset
63.94,5.094376,5.115200,-0.020824,0.000000,synthetic_chat_design_preset
63.95,5.098519,5.116000,-0.017481,0.000000,synthetic_chat_design_preset
63.96,5.102732,5.116800,-0.014068,0.000000,synthetic_chat_design_preset
63.97,5.107000,5.117600,-0.010600,0.000000,synthetic_chat_design_preset
63.98,5.111310,5.118400,-0.007090,0.000000,synthetic_chat_design_preset
63.99,5.115648,5.119200,-0.003552,0.000000,synthetic_chat_design_preset
64.00,5.120000,5.120000,-0.000000,0.000000,synthetic_chat_design_preset
64.01,5.124352,5.120800,0.003552,0.000000,synthetic_chat_design_preset
64.02,5.128690,5.121600,0.007090,0.000000,synthetic_chat_design_preset
64.03,5.133000,5.122400,0.010600,0.000000,synthetic_chat_design_preset
64.04,5.137268,5.123200,0.014068,0.000000,synthetic_chat_design_preset
64.05,5.141481,5.124000,0.017481,0.000000,synthetic_chat_design_preset
64.06,5.145624,5.124800,0.020824,0.000000,synthetic_chat_design_preset
64.07,5.149686,5.125600,0.024086,0.000000,synthetic_chat_design_preset
64.08,5.153652,5.126400,0.027252,0.000000,synthetic_chat_design_preset
64.09,5.157511,5.127200,0.030311,0.000000,synthetic_chat_design_preset
64.10,5.161250,5.128000,0.033250,0.000000,synthetic_chat_design_preset
64.11,5.164858,5.128800,0.036058,0.000000,synthetic_chat_design_preset
64.12,5.168324,5.129600,0.038724,0.000000,synthetic_chat_design_preset
64.13,5.171637,5.130400,0.041237,0.000000,synthetic_chat_design_preset
64.14,5.174787,5.131200,0.043587,0.000000,synthetic_chat_design_preset
64.15,5.177765,5.132000,0.045765,0.000000,synthetic_chat_design_preset
64.16,5.180562,5.132800,0.047762,0.000000,synthetic_chat_design_preset
64.17,5.183171,5.133600,0.049571,0.000000,synthetic_chat_design_preset
64.18,5.185585,5.134400,0.051185,0.000000,synthetic_chat_design_preset
64.19,5.187796,5.135200,0.052596,0.000000,synthetic_chat_design_preset
64.20,5.189800,5.136000,0.053800,0.000000,synthetic_chat_design_preset
64.21,5.191591,5.136800,0.054791,0.000000,synthetic_chat_design_preset
64.22,5.193167,5.137600,0.055567,0.000000,synthetic_chat_design_preset
64.23,5.194522,5.138400,0.056122,0.000000,synthetic_chat_design_preset
64.24,5.195657,5.139200,0.056457,0.000000,synthetic_chat_design_preset
64.25,5.196569,5.140000,0.056569,0.000000,synthetic_chat_design_preset
64.26,5.197257,5.140800,0.056457,0.000000,synthetic_chat_design_preset
64.27,5.197722,5.141600,0.056122,0.000000,synthetic_chat_design_preset
64.28,5.197967,5.142400,0.055567,0.000000,synthetic_chat_design_preset
64.29,5.197991,5.143200,0.054791,0.000000,synthetic_chat_design_preset
64.30,5.197800,5.144000,0.053800,0.000000,synthetic_chat_design_preset
64.31,5.197396,5.144800,0.052596,0.000000,synthetic_chat_design_preset
64.32,5.196785,5.145600,0.051185,0.000000,synthetic_chat_design_preset
64.33,5.195971,5.146400,0.049571,0.000000,synthetic_chat_design_preset
64.34,5.194962,5.147200,0.047762,0.000000,synthetic_chat_design_preset
64.35,5.193765,5.148000,0.045765,0.000000,synthetic_chat_design_preset
64.36,5.192387,5.148800,0.043587,0.000000,synthetic_chat_design_preset
64.37,5.190837,5.149600,0.041237,0.000000,synthetic_chat_design_preset
64.38,5.189124,5.150400,0.038724,0.000000,synthetic_chat_design_preset
64.39,5.187258,5.151200,0.036058,0.000000,synthetic_chat_design_preset
64.40,5.185250,5.152000,0.033250,0.000000,synthetic_chat_design_preset
64.41,5.183111,5.152800,0.030311,0.000000,synthetic_chat_design_preset
64.42,5.180852,5.153600,0.027252,0.000000,synthetic_chat_design_preset
64.43,5.178486,5.154400,0.024086,0.000000,synthetic_chat_design_preset
64.44,5.176024,5.155200,0.020824,0.000000,synthetic_chat_design_preset
64.45,5.173481,5.156000,0.017481,0.000000,synthetic_chat_design_preset
64.46,5.170868,5.156800,0.014068,0.000000,synthetic_chat_design_preset
64.47,5.168200,5.157600,0.010600,0.000000,synthetic_chat_design_preset
64.48,5.165490,5.158400,0.007090,0.000000,synthetic_chat_design_preset
64.49,5.162752,5.159200,0.003552,0.000000,synthetic_chat_design_preset
64.50,5.160000,5.160000,0.000000,0.000000,synthetic_chat_design_preset
64.51,5.157248,5.160800,-0.003552,0.000000,synthetic_chat_design_preset
64.52,5.154510,5.161600,-0.007090,0.000000,synthetic_chat_design_preset
64.53,5.151800,5.162400,-0.010600,0.000000,synthetic_chat_design_preset
64.54,5.149132,5.163200,-0.014068,0.000000,synthetic_chat_design_preset
64.55,5.146519,5.164000,-0.017481,0.000000,synthetic_chat_design_preset
64.56,5.143976,5.164800,-0.020824,0.000000,synthetic_chat_design_preset
64.57,5.141514,5.165600,-0.024086,0.000000,synthetic_chat_design_preset
64.58,5.139148,5.166400,-0.027252,0.000000,synthetic_chat_design_preset
64.59,5.136889,5.167200,-0.030311,0.000000,synthetic_chat_design_preset
64.60,5.134750,5.168000,-0.033250,0.000000,synthetic_chat_design_preset
64.61,5.132742,5.168800,-0.036058,0.000000,synthetic_chat_design_preset
64.62,5.130876,5.169600,-0.038724,0.000000,synthetic_chat_design_preset
64.63,5.129163,5.170400,-0.041237,0.000000,synthetic_chat_design_preset
64.64,5.127613,5.171200,-0.043587,0.000000,synthetic_chat_design_preset
64.65,5.126235,5.172000,-0.045765,0.000000,synthetic_chat_design_preset
64.66,5.125038,5.172800,-0.047762,0.000000,synthetic_chat_design_preset
64.67,5.124029,5.173600,-0.049571,0.000000,synthetic_chat_design_preset
64.68,5.123215,5.174400,-0.051185,0.000000,synthetic_chat_design_preset
64.69,5.122604,5.175200,-0.052596,0.000000,synthetic_chat_design_preset
64.70,5.122200,5.176000,-0.053800,0.000000,synthetic_chat_design_preset
64.71,5.122009,5.176800,-0.054791,0.000000,synthetic_chat_design_preset
64.72,5.122033,5.177600,-0.055567,0.000000,synthetic_chat_design_preset
64.73,5.122278,5.178400,-0.056122,0.000000,synthetic_chat_design_preset
64.74,5.122743,5.179200,-0.056457,0.000000,synthetic_chat_design_preset
64.75,5.123431,5.180000,-0.056569,0.000000,synthetic_chat_design_preset
64.76,5.124343,5.180800,-0.056457,0.000000,synthetic_chat_design_preset
64.77,5.125478,5.181600,-0.056122,0.000000,synthetic_chat_design_preset
64.78,5.126833,5.182400,-0.055567,0.000000,synthetic_chat_design_preset
64.79,5.128409,5.183200,-0.054791,0.000000,synthetic_chat_design_preset
64.80,5.130200,5.184000,-0.053800,0.000000,synthetic_chat_design_preset
64.81,5.132204,5.184800,-0.052596,0.000000,synthetic_chat_design_preset
64.82,5.134415,5.185600,-0.051185,0.000000,synthetic_chat_design_preset
64.83,5.136829,5.186400,-0.049571,0.000000,synthetic_chat_design_preset
64.84,5.139438,5.187200,-0.047762,0.000000,synthetic_chat_design_preset
64.85,5.142235,5.188000,-0.045765,0.000000,synthetic_chat_design_preset
64.86,5.145213,5.188800,-0.043587,0.000000,synthetic_chat_design_preset
64.87,5.148363,5.189600,-0.041237,0.000000,synthetic_chat_design_preset
64.88,5.151676,5.190400,-0.038724,0.000000,synthetic_chat_design_preset
64.89,5.155142,5.191200,-0.036058,0.000000,synthetic_chat_design_preset
64.90,5.158750,5.192000,-0.033250,0.000000,synthetic_chat_design_preset
64.91,5.162489,5.192800,-0.030311,0.000000,synthetic_chat_design_preset
64.92,5.166348,5.193600,-0.027252,0.000000,synthetic_chat_design_preset
64.93,5.170314,5.194400,-0.024086,0.000000,synthetic_chat_design_preset
64.94,5.174376,5.195200,-0.020824,0.000000,synthetic_chat_design_preset
64.95,5.178519,5.196000,-0.017481,0.000000,synthetic_chat_design_preset
64.96,5.182732,5.196800,-0.014068,0.000000,synthetic_chat_design_preset
64.97,5.187000,5.197600,-0.010600,0.000000,synthetic_chat_design_preset
64.98,5.191310,5.198400,-0.007090,0.000000,synthetic_chat_design_preset
64.99,5.195648,5.199200,-0.003552,0.000000,synthetic_chat_design_preset
65.00,5.200000,5.200000,-0.000000,0.000000,synthetic_chat_design_preset
65.01,5.204352,5.200800,0.003552,0.000000,synthetic_chat_design_preset
65.02,5.208690,5.201600,0.007090,0.000000,synthetic_chat_design_preset
65.03,5.213000,5.202400,0.010600,0.000000,synthetic_chat_design_preset
65.04,5.217268,5.203200,0.014068,0.000000,synthetic_chat_design_preset
65.05,5.221481,5.204000,0.017481,0.000000,synthetic_chat_design_preset
65.06,5.225624,5.204800,0.020824,0.000000,synthetic_chat_design_preset
65.07,5.229686,5.205600,0.024086,0.000000,synthetic_chat_design_preset
65.08,5.233652,5.206400,0.027252,0.000000,synthetic_chat_design_preset
65.09,5.237511,5.207200,0.030311,0.000000,synthetic_chat_design_preset
65.10,5.241250,5.208000,0.033250,0.000000,synthetic_chat_design_preset
65.11,5.244858,5.208800,0.036058,0.000000,synthetic_chat_design_preset
65.12,5.248324,5.209600,0.038724,0.000000,synthetic_chat_design_preset
65.13,5.251637,5.210400,0.041237,0.000000,synthetic_chat_design_preset
65.14,5.254787,5.211200,0.043587,0.000000,synthetic_chat_design_preset
65.15,5.257765,5.212000,0.045765,0.000000,synthetic_chat_design_preset
65.16,5.260562,5.212800,0.047762,0.000000,synthetic_chat_design_preset
65.17,5.263171,5.213600,0.049571,0.000000,synthetic_chat_design_preset
65.18,5.265585,5.214400,0.051185,0.000000,synthetic_chat_design_preset
65.19,5.267796,5.215200,0.052596,0.000000,synthetic_chat_design_preset
65.20,5.269800,5.216000,0.053800,0.000000,synthetic_chat_design_preset
65.21,5.271591,5.216800,0.054791,0.000000,synthetic_chat_design_preset
65.22,5.273167,5.217600,0.055567,0.000000,synthetic_chat_design_preset
65.23,5.274522,5.218400,0.056122,0.000000,synthetic_chat_design_preset
65.24,5.275657,5.219200,0.056457,0.000000,synthetic_chat_design_preset
65.25,5.276569,5.220000,0.056569,0.000000,synthetic_chat_design_preset
65.26,5.277257,5.220800,0.056457,0.000000,synthetic_chat_design_preset
65.27,5.277722,5.221600,0.056122,0.000000,synthetic_chat_design_preset
65.28,5.277967,5.222400,0.055567,0.000000,synthetic_chat_design_preset
65.29,5.277991,5.223200,0.054791,0.000000,synthetic_chat_design_preset
65.30,5.277800,5.224000,0.053800,0.000000,synthetic_chat_design_preset
65.31,5.277396,5.224800,0.052596,0.000000,synthetic_chat_design_preset
65.32,5.276785,5.225600,0.051185,0.000000,synthetic_chat_design_preset
65.33,5.275971,5.226400,0.049571,0.000000,synthetic_chat_design_preset
65.34,5.274962,5.227200,0.047762,0.000000,synthetic_chat_design_preset
65.35,5.273765,5.228000,0.045765,0.000000,synthetic_chat_design_preset
65.36,5.272387,5.228800,0.043587,0.000000,synthetic_chat_design_preset
65.37,5.270837,5.229600,0.041237,0.000000,synthetic_chat_design_preset
65.38,5.269124,5.230400,0.038724,0.000000,synthetic_chat_design_preset
65.39,5.267258,5.231200,0.036058,0.000000,synthetic_chat_design_preset
65.40,5.265250,5.232000,0.033250,0.000000,synthetic_chat_design_preset
65.41,5.263111,5.232800,0.030311,0.000000,synthetic_chat_design_preset
65.42,5.260852,5.233600,0.027252,0.000000,synthetic_chat_design_preset
65.43,5.258486,5.234400,0.024086,0.000000,synthetic_chat_design_preset
65.44,5.256024,5.235200,0.020824,0.000000,synthetic_chat_design_preset
65.45,5.253481,5.236000,0.017481,0.000000,synthetic_chat_design_preset
65.46,5.250868,5.236800,0.014068,0.000000,synthetic_chat_design_preset
65.47,5.248200,5.237600,0.010600,0.000000,synthetic_chat_design_preset
65.48,5.245490,5.238400,0.007090,0.000000,synthetic_chat_design_preset
65.49,5.242752,5.239200,0.003552,0.000000,synthetic_chat_design_preset
65.50,5.240000,5.240000,-0.000000,0.000000,synthetic_chat_design_preset
65.51,5.237248,5.240800,-0.003552,0.000000,synthetic_chat_design_preset
65.52,5.234510,5.241600,-0.007090,0.000000,synthetic_chat_design_preset
65.53,5.231800,5.242400,-0.010600,0.000000,synthetic_chat_design_preset
65.54,5.229132,5.243200,-0.014068,0.000000,synthetic_chat_design_preset
65.55,5.226519,5.244000,-0.017481,0.000000,synthetic_chat_design_preset
65.56,5.223976,5.244800,-0.020824,0.000000,synthetic_chat_design_preset
65.57,5.221514,5.245600,-0.024086,0.000000,synthetic_chat_design_preset
65.58,5.219148,5.246400,-0.027252,0.000000,synthetic_chat_design_preset
65.59,5.216889,5.247200,-0.030311,0.000000,synthetic_chat_design_preset
65.60,5.214750,5.248000,-0.033250,0.000000,synthetic_chat_design_preset
65.61,5.212742,5.248800,-0.036058,0.000000,synthetic_chat_design_preset
65.62,5.210876,5.249600,-0.038724,0.000000,synthetic_chat_design_preset
65.63,5.209163,5.250400,-0.041237,0.000000,synthetic_chat_design_preset
65.64,5.207613,5.251200,-0.043587,0.000000,synthetic_chat_design_preset
65.65,5.206235,5.252000,-0.045765,0.000000,synthetic_chat_design_preset
65.66,5.205038,5.252800,-0.047762,0.000000,synthetic_chat_design_preset
65.67,5.204029,5.253600,-0.049571,0.000000,synthetic_chat_design_preset
65.68,5.203215,5.254400,-0.051185,0.000000,synthetic_chat_design_preset
65.69,5.202604,5.255200,-0.052596,0.000000,synthetic_chat_design_preset
65.70,5.202200,5.256000,-0.053800,0.000000,synthetic_chat_design_preset
65.71,5.202009,5.256800,-0.054791,0.000000,synthetic_chat_design_preset
65.72,5.202033,5.257600,-0.055567,0.000000,synthetic_chat_design_preset
65.73,5.202278,5.258400,-0.056122,0.000000,synthetic_chat_design_preset
65.74,5.202743,5.259200,-0.056457,0.000000,synthetic_chat_design_preset
65.75,5.203431,5.260000,-0.056569,0.000000,synthetic_chat_design_preset
65.76,5.204343,5.260800,-0.056457,0.000000,synthetic_chat_design_preset
65.77,5.205478,5.261600,-0.056122,0.000000,synthetic_chat_design_preset
65.78,5.206833,5.262400,-0.055567,0.000000,synthetic_chat_design_preset
65.79,5.208409,5.263200,-0.054791,0.000000,synthetic_chat_design_preset
65.80,5.210200,5.264000,-0.053800,0.000000,synthetic_chat_design_preset
65.81,5.212204,5.264800,-0.052596,0.000000,synthetic_chat_design_preset
65.82,5.214415,5.265600,-0.051185,0.000000,synthetic_chat_design_preset
65.83,5.216829,5.266400,-0.049571,0.000000,synthetic_chat_design_preset
65.84,5.219438,5.267200,-0.047762,0.000000,synthetic_chat_design_preset
65.85,5.222235,5.268000,-0.045765,0.000000,synthetic_chat_design_preset
65.86,5.225213,5.268800,-0.043587,0.000000,synthetic_chat_design_preset
65.87,5.228363,5.269600,-0.041237,0.000000,synthetic_chat_design_preset
65.88,5.231676,5.270400,-0.038724,0.000000,synthetic_chat_design_preset
65.89,5.235142,5.271200,-0.036058,0.000000,synthetic_chat_design_preset
65.90,5.238750,5.272000,-0.033250,0.000000,synthetic_chat_design_preset
65.91,5.242489,5.272800,-0.030311,0.000000,synthetic_chat_design_preset
65.92,5.246348,5.273600,-0.027252,0.000000,synthetic_chat_design_preset
65.93,5.250314,5.274400,-0.024086,0.000000,synthetic_chat_design_preset
65.94,5.254376,5.275200,-0.020824,0.000000,synthetic_chat_design_preset
65.95,5.258519,5.276000,-0.017481,0.000000,synthetic_chat_design_preset
65.96,5.262732,5.276800,-0.014068,0.000000,synthetic_chat_design_preset
65.97,5.267000,5.277600,-0.010600,0.000000,synthetic_chat_design_preset
65.98,5.271310,5.278400,-0.007090,0.000000,synthetic_chat_design_preset
65.99,5.275648,5.279200,-0.003552,0.000000,synthetic_chat_design_preset
66.00,5.280000,5.280000,-0.000000,0.000000,synthetic_chat_design_preset
66.01,5.284352,5.280800,0.003552,0.000000,synthetic_chat_design_preset
66.02,5.288690,5.281600,0.007090,0.000000,synthetic_chat_design_preset
66.03,5.293000,5.282400,0.010600,0.000000,synthetic_chat_design_preset
66.04,5.297268,5.283200,0.014068,0.000000,synthetic_chat_design_preset
66.05,5.301481,5.284000,0.017481,0.000000,synthetic_chat_design_preset
66.06,5.305624,5.284800,0.020824,0.000000,synthetic_chat_design_preset
66.07,5.309686,5.285600,0.024086,0.000000,synthetic_chat_design_preset
66.08,5.313652,5.286400,0.027252,0.000000,synthetic_chat_design_preset
66.09,5.317511,5.287200,0.030311,0.000000,synthetic_chat_design_preset
66.10,5.321250,5.288000,0.033250,0.000000,synthetic_chat_design_preset
66.11,5.324858,5.288800,0.036058,0.000000,synthetic_chat_design_preset
66.12,5.328324,5.289600,0.038724,0.000000,synthetic_chat_design_preset
66.13,5.331637,5.290400,0.041237,0.000000,synthetic_chat_design_preset
66.14,5.334787,5.291200,0.043587,0.000000,synthetic_chat_design_preset
66.15,5.337765,5.292000,0.045765,0.000000,synthetic_chat_design_preset
66.16,5.340562,5.292800,0.047762,0.000000,synthetic_chat_design_preset
66.17,5.343171,5.293600,0.049571,0.000000,synthetic_chat_design_preset
66.18,5.345585,5.294400,0.051185,0.000000,synthetic_chat_design_preset
66.19,5.347796,5.295200,0.052596,0.000000,synthetic_chat_design_preset
66.20,5.349800,5.296000,0.053800,0.000000,synthetic_chat_design_preset
66.21,5.351591,5.296800,0.054791,0.000000,synthetic_chat_design_preset
66.22,5.353167,5.297600,0.055567,0.000000,synthetic_chat_design_preset
66.23,5.354522,5.298400,0.056122,0.000000,synthetic_chat_design_preset
66.24,5.355657,5.299200,0.056457,0.000000,synthetic_chat_design_preset
66.25,5.356569,5.300000,0.056569,0.000000,synthetic_chat_design_preset
66.26,5.357257,5.300800,0.056457,0.000000,synthetic_chat_design_preset
66.27,5.357722,5.301600,0.056122,0.000000,synthetic_chat_design_preset
66.28,5.357967,5.302400,0.055567,0.000000,synthetic_chat_design_preset
66.29,5.357991,5.303200,0.054791,0.000000,synthetic_chat_design_preset
66.30,5.357800,5.304000,0.053800,0.000000,synthetic_chat_design_preset
66.31,5.357396,5.304800,0.052596,0.000000,synthetic_chat_design_preset
66.32,5.356785,5.305600,0.051185,0.000000,synthetic_chat_design_preset
66.33,5.355971,5.306400,0.049571,0.000000,synthetic_chat_design_preset
66.34,5.354962,5.307200,0.047762,0.000000,synthetic_chat_design_preset
66.35,5.353765,5.308000,0.045765,0.000000,synthetic_chat_design_preset
66.36,5.352387,5.308800,0.043587,0.000000,synthetic_chat_design_preset
66.37,5.350837,5.309600,0.041237,0.000000,synthetic_chat_design_preset
66.38,5.349124,5.310400,0.038724,0.000000,synthetic_chat_design_preset
66.39,5.347258,5.311200,0.036058,0.000000,synthetic_chat_design_preset
66.40,5.345250,5.312000,0.033250,0.000000,synthetic_chat_design_preset
66.41,5.343111,5.312800,0.030311,0.000000,synthetic_chat_design_preset
66.42,5.340852,5.313600,0.027252,0.000000,synthetic_chat_design_preset
66.43,5.338486,5.314400,0.024086,0.000000,synthetic_chat_design_preset
66.44,5.336024,5.315200,0.020824,0.000000,synthetic_chat_design_preset
66.45,5.333481,5.316000,0.017481,0.000000,synthetic_chat_design_preset
66.46,5.330868,5.316800,0.014068,0.000000,synthetic_chat_design_preset
66.47,5.328200,5.317600,0.010600,0.000000,synthetic_chat_design_preset
66.48,5.325490,5.318400,0.007090,0.000000,synthetic_chat_design_preset
66.49,5.322752,5.319200,0.003552,0.000000,synthetic_chat_design_preset
66.50,5.320000,5.320000,0.000000,0.000000,synthetic_chat_design_preset
66.51,5.317248,5.320800,-0.003552,0.000000,synthetic_chat_design_preset
66.52,5.314510,5.321600,-0.007090,0.000000,synthetic_chat_design_preset
66.53,5.311800,5.322400,-0.010600,0.000000,synthetic_chat_design_preset
66.54,5.309132,5.323200,-0.014068,0.000000,synthetic_chat_design_preset
66.55,5.306519,5.324000,-0.017481,0.000000,synthetic_chat_design_preset
66.56,5.303976,5.324800,-0.020824,0.000000,synthetic_chat_design_preset
66.57,5.301514,5.325600,-0.024086,0.000000,synthetic_chat_design_preset
66.58,5.299148,5.326400,-0.027252,0.000000,synthetic_chat_design_preset
66.59,5.296889,5.327200,-0.030311,0.000000,synthetic_chat_design_preset
66.60,5.294750,5.328000,-0.033250,0.000000,synthetic_chat_design_preset
66.61,5.292742,5.328800,-0.036058,0.000000,synthetic_chat_design_preset
66.62,5.290876,5.329600,-0.038724,0.000000,synthetic_chat_design_preset
66.63,5.289163,5.330400,-0.041237,0.000000,synthetic_chat_design_preset
66.64,5.287613,5.331200,-0.043587,0.000000,synthetic_chat_design_preset
66.65,5.286235,5.332000,-0.045765,0.000000,synthetic_chat_design_preset
66.66,5.285038,5.332800,-0.047762,0.000000,synthetic_chat_design_preset
66.67,5.284029,5.333600,-0.049571,0.000000,synthetic_chat_design_preset
66.68,5.283215,5.334400,-0.051185,0.000000,synthetic_chat_design_preset
66.69,5.282604,5.335200,-0.052596,0.000000,synthetic_chat_design_preset
66.70,5.282200,5.336000,-0.053800,0.000000,synthetic_chat_design_preset
66.71,5.282009,5.336800,-0.054791,0.000000,synthetic_chat_design_preset
66.72,5.282033,5.337600,-0.055567,0.000000,synthetic_chat_design_preset
66.73,5.282278,5.338400,-0.056122,0.000000,synthetic_chat_design_preset
66.74,5.282743,5.339200,-0.056457,0.000000,synthetic_chat_design_preset
66.75,5.283431,5.340000,-0.056569,0.000000,synthetic_chat_design_preset
66.76,5.284343,5.340800,-0.056457,0.000000,synthetic_chat_design_preset
66.77,5.285478,5.341600,-0.056122,0.000000,synthetic_chat_design_preset
66.78,5.286833,5.342400,-0.055567,0.000000,synthetic_chat_design_preset
66.79,5.288409,5.343200,-0.054791,0.000000,synthetic_chat_design_preset
66.80,5.290200,5.344000,-0.053800,0.000000,synthetic_chat_design_preset
66.81,5.292204,5.344800,-0.052596,0.000000,synthetic_chat_design_preset
66.82,5.294415,5.345600,-0.051185,0.000000,synthetic_chat_design_preset
66.83,5.296829,5.346400,-0.049571,0.000000,synthetic_chat_design_preset
66.84,5.299438,5.347200,-0.047762,0.000000,synthetic_chat_design_preset
66.85,5.302235,5.348000,-0.045765,0.000000,synthetic_chat_design_preset
66.86,5.305213,5.348800,-0.043587,0.000000,synthetic_chat_design_preset
66.87,5.308363,5.349600,-0.041237,0.000000,synthetic_chat_design_preset
66.88,5.311676,5.350400,-0.038724,0.000000,synthetic_chat_design_preset
66.89,5.315142,5.351200,-0.036058,0.000000,synthetic_chat_design_preset
66.90,5.318750,5.352000,-0.033250,0.000000,synthetic_chat_design_preset
66.91,5.322489,5.352800,-0.030311,0.000000,synthetic_chat_design_preset
66.92,5.326348,5.353600,-0.027252,0.000000,synthetic_chat_design_preset
66.93,5.330314,5.354400,-0.024086,0.000000,synthetic_chat_design_preset
66.94,5.334376,5.355200,-0.020824,0.000000,synthetic_chat_design_preset
66.95,5.338519,5.356000,-0.017481,0.000000,synthetic_chat_design_preset
66.96,5.342732,5.356800,-0.014068,0.000000,synthetic_chat_design_preset
66.97,5.347000,5.357600,-0.010600,0.000000,synthetic_chat_design_preset
66.98,5.351310,5.358400,-0.007090,0.000000,synthetic_chat_design_preset
66.99,5.355681,5.359200,-0.003552,0.000033,synthetic_chat_design_preset
67.00,5.360045,5.360000,-0.000000,0.000045,synthetic_chat_design_preset
67.01,5.364413,5.360800,0.003552,0.000061,synthetic_chat_design_preset
67.02,5.368773,5.361600,0.007090,0.000083,synthetic_chat_design_preset
67.03,5.373111,5.362400,0.010600,0.000111,synthetic_chat_design_preset
67.04,5.377416,5.363200,0.014068,0.000148,synthetic_chat_design_preset
67.05,5.381676,5.364000,0.017481,0.000195,synthetic_chat_design_preset
67.06,5.385881,5.364800,0.020824,0.000257,synthetic_chat_design_preset
67.07,5.390022,5.365600,0.024086,0.000336,synthetic_chat_design_preset
67.08,5.394089,5.366400,0.027252,0.000436,synthetic_chat_design_preset
67.09,5.398075,5.367200,0.030311,0.000564,synthetic_chat_design_preset
67.10,5.401973,5.368000,0.033250,0.000723,synthetic_chat_design_preset
67.11,5.405781,5.368800,0.036058,0.000923,synthetic_chat_design_preset
67.12,5.409493,5.369600,0.038724,0.001170,synthetic_chat_design_preset
67.13,5.413110,5.370400,0.041237,0.001474,synthetic_chat_design_preset
67.14,5.416632,5.371200,0.043587,0.001845,synthetic_chat_design_preset
67.15,5.420061,5.372000,0.045765,0.002296,synthetic_chat_design_preset
67.16,5.423403,5.372800,0.047762,0.002840,synthetic_chat_design_preset
67.17,5.426663,5.373600,0.049571,0.003492,synthetic_chat_design_preset
67.18,5.429850,5.374400,0.051185,0.004266,synthetic_chat_design_preset
67.19,5.432975,5.375200,0.052596,0.005179,synthetic_chat_design_preset
67.20,5.436050,5.376000,0.053800,0.006250,synthetic_chat_design_preset
67.21,5.439087,5.376800,0.054791,0.007496,synthetic_chat_design_preset
67.22,5.442101,5.377600,0.055567,0.008935,synthetic_chat_design_preset
67.23,5.445107,5.378400,0.056122,0.010584,synthetic_chat_design_preset
67.24,5.448118,5.379200,0.056457,0.012462,synthetic_chat_design_preset
67.25,5.451150,5.380000,0.056569,0.014582,synthetic_chat_design_preset
67.26,5.454214,5.380800,0.056457,0.016958,synthetic_chat_design_preset
67.27,5.457322,5.381600,0.056122,0.019600,synthetic_chat_design_preset
67.28,5.460480,5.382400,0.055567,0.022514,synthetic_chat_design_preset
67.29,5.463694,5.383200,0.054791,0.025703,synthetic_chat_design_preset
67.30,5.466963,5.384000,0.053800,0.029163,synthetic_chat_design_preset
67.31,5.470282,5.384800,0.052596,0.032886,synthetic_chat_design_preset
67.32,5.473641,5.385600,0.051185,0.036857,synthetic_chat_design_preset
67.33,5.477024,5.386400,0.049571,0.041053,synthetic_chat_design_preset
67.34,5.480408,5.387200,0.047762,0.045446,synthetic_chat_design_preset
67.35,5.483765,5.388000,0.045765,0.050000,synthetic_chat_design_preset
67.36,5.487059,5.388800,0.043587,0.054673,synthetic_chat_design_preset
67.37,5.490251,5.389600,0.041237,0.059415,synthetic_chat_design_preset
67.38,5.493295,5.390400,0.038724,0.064171,synthetic_chat_design_preset
67.39,5.496141,5.391200,0.036058,0.068883,synthetic_chat_design_preset
67.40,5.498737,5.392000,0.033250,0.073487,synthetic_chat_design_preset
67.41,5.501027,5.392800,0.030311,0.077916,synthetic_chat_design_preset
67.42,5.502958,5.393600,0.027252,0.082106,synthetic_chat_design_preset
67.43,5.504475,5.394400,0.024086,0.085989,synthetic_chat_design_preset
67.44,5.505527,5.395200,0.020824,0.089503,synthetic_chat_design_preset
67.45,5.506068,5.396000,0.017481,0.092587,synthetic_chat_design_preset
67.46,5.506058,5.396800,0.014068,0.095190,synthetic_chat_design_preset
67.47,5.505465,5.397600,0.010600,0.097265,synthetic_chat_design_preset
67.48,5.504265,5.398400,0.007090,0.098775,synthetic_chat_design_preset
67.49,5.502444,5.399200,0.003552,0.099692,synthetic_chat_design_preset
67.50,5.500000,5.400000,0.000000,0.100000,synthetic_chat_design_preset
67.51,5.496940,5.400800,-0.003552,0.099692,synthetic_chat_design_preset
67.52,5.493285,5.401600,-0.007090,0.098775,synthetic_chat_design_preset
67.53,5.489066,5.402400,-0.010600,0.097265,synthetic_chat_design_preset
67.54,5.484322,5.403200,-0.014068,0.095190,synthetic_chat_design_preset
67.55,5.479107,5.404000,-0.017481,0.092587,synthetic_chat_design_preset
67.56,5.473478,5.404800,-0.020824,0.089503,synthetic_chat_design_preset
67.57,5.467503,5.405600,-0.024086,0.085989,synthetic_chat_design_preset
67.58,5.461254,5.406400,-0.027252,0.082106,synthetic_chat_design_preset
67.59,5.454806,5.407200,-0.030311,0.077916,synthetic_chat_design_preset
67.60,5.448237,5.408000,-0.033250,0.073487,synthetic_chat_design_preset
67.61,5.441625,5.408800,-0.036058,0.068883,synthetic_chat_design_preset
67.62,5.435047,5.409600,-0.038724,0.064171,synthetic_chat_design_preset
67.63,5.428578,5.410400,-0.041237,0.059415,synthetic_chat_design_preset
67.64,5.422286,5.411200,-0.043587,0.054673,synthetic_chat_design_preset
67.65,5.416235,5.412000,-0.045765,0.050000,synthetic_chat_design_preset
67.66,5.410484,5.412800,-0.047762,0.045446,synthetic_chat_design_preset
67.67,5.405081,5.413600,-0.049571,0.041053,synthetic_chat_design_preset
67.68,5.400072,5.414400,-0.051185,0.036857,synthetic_chat_design_preset
67.69,5.395490,5.415200,-0.052596,0.032886,synthetic_chat_design_preset
67.70,5.391363,5.416000,-0.053800,0.029163,synthetic_chat_design_preset
67.71,5.387712,5.416800,-0.054791,0.025703,synthetic_chat_design_preset
67.72,5.384547,5.417600,-0.055567,0.022514,synthetic_chat_design_preset
67.73,5.381877,5.418400,-0.056122,0.019600,synthetic_chat_design_preset
67.74,5.379701,5.419200,-0.056457,0.016958,synthetic_chat_design_preset
67.75,5.378013,5.420000,-0.056569,0.014582,synthetic_chat_design_preset
67.76,5.376805,5.420800,-0.056457,0.012462,synthetic_chat_design_preset
67.77,5.376062,5.421600,-0.056122,0.010584,synthetic_chat_design_preset
67.78,5.375768,5.422400,-0.055567,0.008935,synthetic_chat_design_preset
67.79,5.375904,5.423200,-0.054791,0.007496,synthetic_chat_design_preset
67.80,5.376450,5.424000,-0.053800,0.006250,synthetic_chat_design_preset
67.81,5.377383,5.424800,-0.052596,0.005179,synthetic_chat_design_preset
67.82,5.378681,5.425600,-0.051185,0.004266,synthetic_chat_design_preset
67.83,5.380320,5.426400,-0.049571,0.003492,synthetic_chat_design_preset
67.84,5.382278,5.427200,-0.047762,0.002840,synthetic_chat_design_preset
67.85,5.384532,5.428000,-0.045765,0.002296,synthetic_chat_design_preset
67.86,5.387058,5.428800,-0.043587,0.001845,synthetic_chat_design_preset
67.87,5.389837,5.429600,-0.041237,0.001474,synthetic_chat_design_preset
67.88,5.392846,5.430400,-0.038724,0.001170,synthetic_chat_design_preset
67.89,5.396065,5.431200,-0.036058,0.000923,synthetic_chat_design_preset
67.90,5.399473,5.432000,-0.033250,0.000723,synthetic_chat_design_preset
67.91,5.403053,5.432800,-0.030311,0.000564,synthetic_chat_design_preset
67.92,5.406784,5.433600,-0.027252,0.000436,synthetic_chat_design_preset
67.93,5.410650,5.434400,-0.024086,0.000336,synthetic_chat_design_preset
67.94,5.414633,5.435200,-0.020824,0.000257,synthetic_chat_design_preset
67.95,5.418715,5.436000,-0.017481,0.000195,synthetic_chat_design_preset
67.96,5.422880,5.436800,-0.014068,0.000148,synthetic_chat_design_preset
67.97,5.427111,5.437600,-0.010600,0.000111,synthetic_chat_design_preset
67.98,5.431393,5.438400,-0.007090,0.000083,synthetic_chat_design_preset
67.99,5.435709,5.439200,-0.003552,0.000061,synthetic_chat_design_preset
68.00,5.440045,5.440000,0.000000,0.000045,synthetic_chat_design_preset
68.01,5.444352,5.440800,0.003552,0.000000,synthetic_chat_design_preset
68.02,5.448690,5.441600,0.007090,0.000000,synthetic_chat_design_preset
68.03,5.453000,5.442400,0.010600,0.000000,synthetic_chat_design_preset
68.04,5.457268,5.443200,0.014068,0.000000,synthetic_chat_design_preset
68.05,5.461481,5.444000,0.017481,0.000000,synthetic_chat_design_preset
68.06,5.465624,5.444800,0.020824,0.000000,synthetic_chat_design_preset
68.07,5.469686,5.445600,0.024086,0.000000,synthetic_chat_design_preset
68.08,5.473652,5.446400,0.027252,0.000000,synthetic_chat_design_preset
68.09,5.477511,5.447200,0.030311,0.000000,synthetic_chat_design_preset
68.10,5.481250,5.448000,0.033250,0.000000,synthetic_chat_design_preset
68.11,5.484858,5.448800,0.036058,0.000000,synthetic_chat_design_preset
68.12,5.488324,5.449600,0.038724,0.000000,synthetic_chat_design_preset
68.13,5.491637,5.450400,0.041237,0.000000,synthetic_chat_design_preset
68.14,5.494787,5.451200,0.043587,0.000000,synthetic_chat_design_preset
68.15,5.497765,5.452000,0.045765,0.000000,synthetic_chat_design_preset
68.16,5.500562,5.452800,0.047762,0.000000,synthetic_chat_design_preset
68.17,5.503171,5.453600,0.049571,0.000000,synthetic_chat_design_preset
68.18,5.505585,5.454400,0.051185,0.000000,synthetic_chat_design_preset
68.19,5.507796,5.455200,0.052596,0.000000,synthetic_chat_design_preset
68.20,5.509800,5.456000,0.053800,0.000000,synthetic_chat_design_preset
68.21,5.511591,5.456800,0.054791,0.000000,synthetic_chat_design_preset
68.22,5.513167,5.457600,0.055567,0.000000,synthetic_chat_design_preset
68.23,5.514522,5.458400,0.056122,0.000000,synthetic_chat_design_preset
68.24,5.515657,5.459200,0.056457,0.000000,synthetic_chat_design_preset
68.25,5.516569,5.460000,0.056569,0.000000,synthetic_chat_design_preset
68.26,5.517257,5.460800,0.056457,0.000000,synthetic_chat_design_preset
68.27,5.517722,5.461600,0.056122,0.000000,synthetic_chat_design_preset
68.28,5.517967,5.462400,0.055567,0.000000,synthetic_chat_design_preset
68.29,5.517991,5.463200,0.054791,0.000000,synthetic_chat_design_preset
68.30,5.517800,5.464000,0.053800,0.000000,synthetic_chat_design_preset
68.31,5.517396,5.464800,0.052596,0.000000,synthetic_chat_design_preset
68.32,5.516785,5.465600,0.051185,0.000000,synthetic_chat_design_preset
68.33,5.515971,5.466400,0.049571,0.000000,synthetic_chat_design_preset
68.34,5.514962,5.467200,0.047762,0.000000,synthetic_chat_design_preset
68.35,5.513765,5.468000,0.045765,0.000000,synthetic_chat_design_preset
68.36,5.512387,5.468800,0.043587,0.000000,synthetic_chat_design_preset
68.37,5.510837,5.469600,0.041237,0.000000,synthetic_chat_design_preset
68.38,5.509124,5.470400,0.038724,0.000000,synthetic_chat_design_preset
68.39,5.507258,5.471200,0.036058,0.000000,synthetic_chat_design_preset
68.40,5.505250,5.472000,0.033250,0.000000,synthetic_chat_design_preset
68.41,5.503111,5.472800,0.030311,0.000000,synthetic_chat_design_preset
68.42,5.500852,5.473600,0.027252,0.000000,synthetic_chat_design_preset
68.43,5.498486,5.474400,0.024086,0.000000,synthetic_chat_design_preset
68.44,5.496024,5.475200,0.020824,0.000000,synthetic_chat_design_preset
68.45,5.493481,5.476000,0.017481,0.000000,synthetic_chat_design_preset
68.46,5.490868,5.476800,0.014068,0.000000,synthetic_chat_design_preset
68.47,5.488200,5.477600,0.010600,0.000000,synthetic_chat_design_preset
68.48,5.485490,5.478400,0.007090,0.000000,synthetic_chat_design_preset
68.49,5.482752,5.479200,0.003552,0.000000,synthetic_chat_design_preset
68.50,5.480000,5.480000,-0.000000,0.000000,synthetic_chat_design_preset
68.51,5.477248,5.480800,-0.003552,0.000000,synthetic_chat_design_preset
68.52,5.474510,5.481600,-0.007090,0.000000,synthetic_chat_design_preset
68.53,5.471800,5.482400,-0.010600,0.000000,synthetic_chat_design_preset
68.54,5.469132,5.483200,-0.014068,0.000000,synthetic_chat_design_preset
68.55,5.466519,5.484000,-0.017481,0.000000,synthetic_chat_design_preset
68.56,5.463976,5.484800,-0.020824,0.000000,synthetic_chat_design_preset
68.57,5.461514,5.485600,-0.024086,0.000000,synthetic_chat_design_preset
68.58,5.459148,5.486400,-0.027252,0.000000,synthetic_chat_design_preset
68.59,5.456889,5.487200,-0.030311,0.000000,synthetic_chat_design_preset
68.60,5.454750,5.488000,-0.033250,0.000000,synthetic_chat_design_preset
68.61,5.452742,5.488800,-0.036058,0.000000,synthetic_chat_design_preset
68.62,5.450876,5.489600,-0.038724,0.000000,synthetic_chat_design_preset
68.63,5.449163,5.490400,-0.041237,0.000000,synthetic_chat_design_preset
68.64,5.447613,5.491200,-0.043587,0.000000,synthetic_chat_design_preset
68.65,5.446235,5.492000,-0.045765,0.000000,synthetic_chat_design_preset
68.66,5.445038,5.492800,-0.047762,0.000000,synthetic_chat_design_preset
68.67,5.444029,5.493600,-0.049571,0.000000,synthetic_chat_design_preset
68.68,5.443215,5.494400,-0.051185,0.000000,synthetic_chat_design_preset
68.69,5.442604,5.495200,-0.052596,0.000000,synthetic_chat_design_preset
68.70,5.442200,5.496000,-0.053800,0.000000,synthetic_chat_design_preset
68.71,5.442009,5.496800,-0.054791,0.000000,synthetic_chat_design_preset
68.72,5.442033,5.497600,-0.055567,0.000000,synthetic_chat_design_preset
68.73,5.442278,5.498400,-0.056122,0.000000,synthetic_chat_design_preset
68.74,5.442743,5.499200,-0.056457,0.000000,synthetic_chat_design_preset
68.75,5.443431,5.500000,-0.056569,0.000000,synthetic_chat_design_preset
68.76,5.444343,5.500800,-0.056457,0.000000,synthetic_chat_design_preset
68.77,5.445478,5.501600,-0.056122,0.000000,synthetic_chat_design_preset
68.78,5.446833,5.502400,-0.055567,0.000000,synthetic_chat_design_preset
68.79,5.448409,5.503200,-0.054791,0.000000,synthetic_chat_design_preset
68.80,5.450200,5.504000,-0.053800,0.000000,synthetic_chat_design_preset
68.81,5.452204,5.504800,-0.052596,0.000000,synthetic_chat_design_preset
68.82,5.454415,5.505600,-0.051185,0.000000,synthetic_chat_design_preset
68.83,5.456829,5.506400,-0.049571,0.000000,synthetic_chat_design_preset
68.84,5.459438,5.507200,-0.047762,0.000000,synthetic_chat_design_preset
68.85,5.462235,5.508000,-0.045765,0.000000,synthetic_chat_design_preset
68.86,5.465213,5.508800,-0.043587,0.000000,synthetic_chat_design_preset
68.87,5.468363,5.509600,-0.041237,0.000000,synthetic_chat_design_preset
68.88,5.471676,5.510400,-0.038724,0.000000,synthetic_chat_design_preset
68.89,5.475142,5.511200,-0.036058,0.000000,synthetic_chat_design_preset
68.90,5.478750,5.512000,-0.033250,0.000000,synthetic_chat_design_preset
68.91,5.482489,5.512800,-0.030311,0.000000,synthetic_chat_design_preset
68.92,5.486348,5.513600,-0.027252,0.000000,synthetic_chat_design_preset
68.93,5.490314,5.514400,-0.024086,0.000000,synthetic_chat_design_preset
68.94,5.494376,5.515200,-0.020824,0.000000,synthetic_chat_design_preset
68.95,5.498519,5.516000,-0.017481,0.000000,synthetic_chat_design_preset
68.96,5.502732,5.516800,-0.014068,0.000000,synthetic_chat_design_preset
68.97,5.507000,5.517600,-0.010600,0.000000,synthetic_chat_design_preset
68.98,5.511310,5.518400,-0.007090,0.000000,synthetic_chat_design_preset
68.99,5.515648,5.519200,-0.003552,0.000000,synthetic_chat_design_preset
69.00,5.520000,5.520000,-0.000000,0.000000,synthetic_chat_design_preset
69.01,5.524352,5.520800,0.003552,0.000000,synthetic_chat_design_preset
69.02,5.528690,5.521600,0.007090,0.000000,synthetic_chat_design_preset
69.03,5.533000,5.522400,0.010600,0.000000,synthetic_chat_design_preset
69.04,5.537268,5.523200,0.014068,0.000000,synthetic_chat_design_preset
69.05,5.541481,5.524000,0.017481,0.000000,synthetic_chat_design_preset
69.06,5.545624,5.524800,0.020824,0.000000,synthetic_chat_design_preset
69.07,5.549686,5.525600,0.024086,0.000000,synthetic_chat_design_preset
69.08,5.553652,5.526400,0.027252,0.000000,synthetic_chat_design_preset
69.09,5.557511,5.527200,0.030311,0.000000,synthetic_chat_design_preset
69.10,5.561250,5.528000,0.033250,0.000000,synthetic_chat_design_preset
69.11,5.564858,5.528800,0.036058,0.000000,synthetic_chat_design_preset
69.12,5.568324,5.529600,0.038724,0.000000,synthetic_chat_design_preset
69.13,5.571637,5.530400,0.041237,0.000000,synthetic_chat_design_preset
69.14,5.574787,5.531200,0.043587,0.000000,synthetic_chat_design_preset
69.15,5.577765,5.532000,0.045765,0.000000,synthetic_chat_design_preset
69.16,5.580562,5.532800,0.047762,0.000000,synthetic_chat_design_preset
69.17,5.583171,5.533600,0.049571,0.000000,synthetic_chat_design_preset
69.18,5.585585,5.534400,0.051185,0.000000,synthetic_chat_design_preset
69.19,5.587796,5.535200,0.052596,0.000000,synthetic_chat_design_preset
69.20,5.589800,5.536000,0.053800,0.000000,synthetic_chat_design_preset
69.21,5.591591,5.536800,0.054791,0.000000,synthetic_chat_design_preset
69.22,5.593167,5.537600,0.055567,0.000000,synthetic_chat_design_preset
69.23,5.594522,5.538400,0.056122,0.000000,synthetic_chat_design_preset
69.24,5.595657,5.539200,0.056457,0.000000,synthetic_chat_design_preset
69.25,5.596569,5.540000,0.056569,0.000000,synthetic_chat_design_preset
69.26,5.597257,5.540800,0.056457,0.000000,synthetic_chat_design_preset
69.27,5.597722,5.541600,0.056122,0.000000,synthetic_chat_design_preset
69.28,5.597967,5.542400,0.055567,0.000000,synthetic_chat_design_preset
69.29,5.597991,5.543200,0.054791,0.000000,synthetic_chat_design_preset
69.30,5.597800,5.544000,0.053800,0.000000,synthetic_chat_design_preset
69.31,5.597396,5.544800,0.052596,0.000000,synthetic_chat_design_preset
69.32,5.596785,5.545600,0.051185,0.000000,synthetic_chat_design_preset
69.33,5.595971,5.546400,0.049571,0.000000,synthetic_chat_design_preset
69.34,5.594962,5.547200,0.047762,0.000000,synthetic_chat_design_preset
69.35,5.593765,5.548000,0.045765,0.000000,synthetic_chat_design_preset
69.36,5.592387,5.548800,0.043587,0.000000,synthetic_chat_design_preset
69.37,5.590837,5.549600,0.041237,0.000000,synthetic_chat_design_preset
69.38,5.589124,5.550400,0.038724,0.000000,synthetic_chat_design_preset
69.39,5.587258,5.551200,0.036058,0.000000,synthetic_chat_design_preset
69.40,5.585250,5.552000,0.033250,0.000000,synthetic_chat_design_preset
69.41,5.583111,5.552800,0.030311,0.000000,synthetic_chat_design_preset
69.42,5.580852,5.553600,0.027252,0.000000,synthetic_chat_design_preset
69.43,5.578486,5.554400,0.024086,0.000000,synthetic_chat_design_preset
69.44,5.576024,5.555200,0.020824,0.000000,synthetic_chat_design_preset
69.45,5.573481,5.556000,0.017481,0.000000,synthetic_chat_design_preset
69.46,5.570868,5.556800,0.014068,0.000000,synthetic_chat_design_preset
69.47,5.568200,5.557600,0.010600,0.000000,synthetic_chat_design_preset
69.48,5.565490,5.558400,0.007090,0.000000,synthetic_chat_design_preset
69.49,5.562752,5.559200,0.003552,0.000000,synthetic_chat_design_preset
69.50,5.560000,5.560000,0.000000,0.000000,synthetic_chat_design_preset
69.51,5.557248,5.560800,-0.003552,0.000000,synthetic_chat_design_preset
69.52,5.554510,5.561600,-0.007090,0.000000,synthetic_chat_design_preset
69.53,5.551800,5.562400,-0.010600,0.000000,synthetic_chat_design_preset
69.54,5.549132,5.563200,-0.014068,0.000000,synthetic_chat_design_preset
69.55,5.546519,5.564000,-0.017481,0.000000,synthetic_chat_design_preset
69.56,5.543976,5.564800,-0.020824,0.000000,synthetic_chat_design_preset
69.57,5.541514,5.565600,-0.024086,0.000000,synthetic_chat_design_preset
69.58,5.539148,5.566400,-0.027252,0.000000,synthetic_chat_design_preset
69.59,5.536889,5.567200,-0.030311,0.000000,synthetic_chat_design_preset
69.60,5.534750,5.568000,-0.033250,0.000000,synthetic_chat_design_preset
69.61,5.532742,5.568800,-0.036058,0.000000,synthetic_chat_design_preset
69.62,5.530876,5.569600,-0.038724,0.000000,synthetic_chat_design_preset
69.63,5.529163,5.570400,-0.041237,0.000000,synthetic_chat_design_preset
69.64,5.527613,5.571200,-0.043587,0.000000,synthetic_chat_design_preset
69.65,5.526235,5.572000,-0.045765,0.000000,synthetic_chat_design_preset
69.66,5.525038,5.572800,-0.047762,0.000000,synthetic_chat_design_preset
69.67,5.524029,5.573600,-0.049571,0.000000,synthetic_chat_design_preset
69.68,5.523215,5.574400,-0.051185,0.000000,synthetic_chat_design_preset
69.69,5.522604,5.575200,-0.052596,0.000000,synthetic_chat_design_preset
69.70,5.522200,5.576000,-0.053800,0.000000,synthetic_chat_design_preset
69.71,5.522009,5.576800,-0.054791,0.000000,synthetic_chat_design_preset
69.72,5.522033,5.577600,-0.055567,0.000000,synthetic_chat_design_preset
69.73,5.522278,5.578400,-0.056122,0.000000,synthetic_chat_design_preset
69.74,5.522743,5.579200,-0.056457,0.000000,synthetic_chat_design_preset
69.75,5.523431,5.580000,-0.056569,0.000000,synthetic_chat_design_preset
69.76,5.524343,5.580800,-0.056457,0.000000,synthetic_chat_design_preset
69.77,5.525478,5.581600,-0.056122,0.000000,synthetic_chat_design_preset
69.78,5.526833,5.582400,-0.055567,0.000000,synthetic_chat_design_preset
69.79,5.528409,5.583200,-0.054791,0.000000,synthetic_chat_design_preset
69.80,5.530200,5.584000,-0.053800,0.000000,synthetic_chat_design_preset
69.81,5.532204,5.584800,-0.052596,0.000000,synthetic_chat_design_preset
69.82,5.534415,5.585600,-0.051185,0.000000,synthetic_chat_design_preset
69.83,5.536829,5.586400,-0.049571,0.000000,synthetic_chat_design_preset
69.84,5.539438,5.587200,-0.047762,0.000000,synthetic_chat_design_preset
69.85,5.542235,5.588000,-0.045765,0.000000,synthetic_chat_design_preset
69.86,5.545213,5.588800,-0.043587,0.000000,synthetic_chat_design_preset
69.87,5.548363,5.589600,-0.041237,0.000000,synthetic_chat_design_preset
69.88,5.551676,5.590400,-0.038724,0.000000,synthetic_chat_design_preset
69.89,5.555142,5.591200,-0.036058,0.000000,synthetic_chat_design_preset
69.90,5.558750,5.592000,-0.033250,0.000000,synthetic_chat_design_preset
69.91,5.562489,5.592800,-0.030311,0.000000,synthetic_chat_design_preset
69.92,5.566348,5.593600,-0.027252,0.000000,synthetic_chat_design_preset
69.93,5.570314,5.594400,-0.024086,0.000000,synthetic_chat_design_preset
69.94,5.574376,5.595200,-0.020824,0.000000,synthetic_chat_design_preset
69.95,5.578519,5.596000,-0.017481,0.000000,synthetic_chat_design_preset
69.96,5.582732,5.596800,-0.014068,0.000000,synthetic_chat_design_preset
69.97,5.587000,5.597600,-0.010600,0.000000,synthetic_chat_design_preset
69.98,5.591310,5.598400,-0.007090,0.000000,synthetic_chat_design_preset
69.99,5.595648,5.599200,-0.003552,0.000000,synthetic_chat_design_preset
70.00,5.600000,5.600000,-0.000000,0.000000,synthetic_chat_design_preset
70.01,5.604352,5.600800,0.003552,0.000000,synthetic_chat_design_preset
70.02,5.608690,5.601600,0.007090,0.000000,synthetic_chat_design_preset
70.03,5.613000,5.602400,0.010600,0.000000,synthetic_chat_design_preset
70.04,5.617268,5.603200,0.014068,0.000000,synthetic_chat_design_preset
70.05,5.621481,5.604000,0.017481,0.000000,synthetic_chat_design_preset
70.06,5.625624,5.604800,0.020824,0.000000,synthetic_chat_design_preset
70.07,5.629686,5.605600,0.024086,0.000000,synthetic_chat_design_preset
70.08,5.633652,5.606400,0.027252,0.000000,synthetic_chat_design_preset
70.09,5.637511,5.607200,0.030311,0.000000,synthetic_chat_design_preset
70.10,5.641250,5.608000,0.033250,0.000000,synthetic_chat_design_preset
70.11,5.644858,5.608800,0.036058,0.000000,synthetic_chat_design_preset
70.12,5.648324,5.609600,0.038724,0.000000,synthetic_chat_design_preset
70.13,5.651637,5.610400,0.041237,0.000000,synthetic_chat_design_preset
70.14,5.654787,5.611200,0.043587,0.000000,synthetic_chat_design_preset
70.15,5.657765,5.612000,0.045765,0.000000,synthetic_chat_design_preset
70.16,5.660562,5.612800,0.047762,0.000000,synthetic_chat_design_preset
70.17,5.663171,5.613600,0.049571,0.000000,synthetic_chat_design_preset
70.18,5.665585,5.614400,0.051185,0.000000,synthetic_chat_design_preset
70.19,5.667796,5.615200,0.052596,0.000000,synthetic_chat_design_preset
70.20,5.669800,5.616000,0.053800,0.000000,synthetic_chat_design_preset
70.21,5.671591,5.616800,0.054791,0.000000,synthetic_chat_design_preset
70.22,5.673167,5.617600,0.055567,0.000000,synthetic_chat_design_preset
70.23,5.674522,5.618400,0.056122,0.000000,synthetic_chat_design_preset
70.24,5.675657,5.619200,0.056457,0.000000,synthetic_chat_design_preset
70.25,5.676569,5.620000,0.056569,0.000000,synthetic_chat_design_preset
70.26,5.677257,5.620800,0.056457,0.000000,synthetic_chat_design_preset
70.27,5.677722,5.621600,0.056122,0.000000,synthetic_chat_design_preset
70.28,5.677967,5.622400,0.055567,0.000000,synthetic_chat_design_preset
70.29,5.677991,5.623200,0.054791,0.000000,synthetic_chat_design_preset
70.30,5.677800,5.624000,0.053800,0.000000,synthetic_chat_design_preset
70.31,5.677396,5.624800,0.052596,0.000000,synthetic_chat_design_preset
70.32,5.676785,5.625600,0.051185,0.000000,synthetic_chat_design_preset
70.33,5.675971,5.626400,0.049571,0.000000,synthetic_chat_design_preset
70.34,5.674962,5.627200,0.047762,0.000000,synthetic_chat_design_preset
70.35,5.673765,5.628000,0.045765,0.000000,synthetic_chat_design_preset
70.36,5.672387,5.628800,0.043587,0.000000,synthetic_chat_design_preset
70.37,5.670837,5.629600,0.041237,0.000000,synthetic_chat_design_preset
70.38,5.669124,5.630400,0.038724,0.000000,synthetic_chat_design_preset
70.39,5.667258,5.631200,0.036058,0.000000,synthetic_chat_design_preset
70.40,5.665250,5.632000,0.033250,0.000000,synthetic_chat_design_preset
70.41,5.663111,5.632800,0.030311,0.000000,synthetic_chat_design_preset
70.42,5.660852,5.633600,0.027252,0.000000,synthetic_chat_design_preset
70.43,5.658486,5.634400,0.024086,0.000000,synthetic_chat_design_preset
70.44,5.656024,5.635200,0.020824,0.000000,synthetic_chat_design_preset
70.45,5.653481,5.636000,0.017481,0.000000,synthetic_chat_design_preset
70.46,5.650868,5.636800,0.014068,0.000000,synthetic_chat_design_preset
70.47,5.648200,5.637600,0.010600,0.000000,synthetic_chat_design_preset
70.48,5.645490,5.638400,0.007090,0.000000,synthetic_chat_design_preset
70.49,5.642752,5.639200,0.003552,0.000000,synthetic_chat_design_preset
70.50,5.640000,5.640000,0.000000,0.000000,synthetic_chat_design_preset
70.51,5.637248,5.640800,-0.003552,0.000000,synthetic_chat_design_preset
70.52,5.634510,5.641600,-0.007090,0.000000,synthetic_chat_design_preset
70.53,5.631800,5.642400,-0.010600,0.000000,synthetic_chat_design_preset
70.54,5.629132,5.643200,-0.014068,0.000000,synthetic_chat_design_preset
70.55,5.626519,5.644000,-0.017481,0.000000,synthetic_chat_design_preset
70.56,5.623976,5.644800,-0.020824,0.000000,synthetic_chat_design_preset
70.57,5.621514,5.645600,-0.024086,0.000000,synthetic_chat_design_preset
70.58,5.619148,5.646400,-0.027252,0.000000,synthetic_chat_design_preset
70.59,5.616889,5.647200,-0.030311,0.000000,synthetic_chat_design_preset
70.60,5.614750,5.648000,-0.033250,0.000000,synthetic_chat_design_preset
70.61,5.612742,5.648800,-0.036058,0.000000,synthetic_chat_design_preset
70.62,5.610876,5.649600,-0.038724,0.000000,synthetic_chat_design_preset
70.63,5.609163,5.650400,-0.041237,0.000000,synthetic_chat_design_preset
70.64,5.607613,5.651200,-0.043587,0.000000,synthetic_chat_design_preset
70.65,5.606235,5.652000,-0.045765,0.000000,synthetic_chat_design_preset
70.66,5.605038,5.652800,-0.047762,0.000000,synthetic_chat_design_preset
70.67,5.604029,5.653600,-0.049571,0.000000,synthetic_chat_design_preset
70.68,5.603215,5.654400,-0.051185,0.000000,synthetic_chat_design_preset
70.69,5.602604,5.655200,-0.052596,0.000000,synthetic_chat_design_preset
70.70,5.602200,5.656000,-0.053800,0.000000,synthetic_chat_design_preset
70.71,5.602009,5.656800,-0.054791,0.000000,synthetic_chat_design_preset
70.72,5.602033,5.657600,-0.055567,0.000000,synthetic_chat_design_preset
70.73,5.602278,5.658400,-0.056122,0.000000,synthetic_chat_design_preset
70.74,5.602743,5.659200,-0.056457,0.000000,synthetic_chat_design_preset
70.75,5.603431,5.660000,-0.056569,0.000000,synthetic_chat_design_preset
70.76,5.604343,5.660800,-0.056457,0.000000,synthetic_chat_design_preset
70.77,5.605478,5.661600,-0.056122,0.000000,synthetic_chat_design_preset
70.78,5.606833,5.662400,-0.055567,0.000000,synthetic_chat_design_preset
70.79,5.608409,5.663200,-0.054791,0.000000,synthetic_chat_design_preset
70.80,5.610200,5.664000,-0.053800,0.000000,synthetic_chat_design_preset
70.81,5.612204,5.664800,-0.052596,0.000000,synthetic_chat_design_preset
70.82,5.614415,5.665600,-0.051185,0.000000,synthetic_chat_design_preset
70.83,5.616829,5.666400,-0.049571,0.000000,synthetic_chat_design_preset
70.84,5.619438,5.667200,-0.047762,0.000000,synthetic_chat_design_preset
70.85,5.622235,5.668000,-0.045765,0.000000,synthetic_chat_design_preset
70.86,5.625213,5.668800,-0.043587,0.000000,synthetic_chat_design_preset
70.87,5.628363,5.669600,-0.041237,0.000000,synthetic_chat_design_preset
70.88,5.631676,5.670400,-0.038724,0.000000,synthetic_chat_design_preset
70.89,5.635142,5.671200,-0.036058,0.000000,synthetic_chat_design_preset
70.90,5.638750,5.672000,-0.033250,0.000000,synthetic_chat_design_preset
70.91,5.642489,5.672800,-0.030311,0.000000,synthetic_chat_design_preset
70.92,5.646348,5.673600,-0.027252,0.000000,synthetic_chat_design_preset
70.93,5.650314,5.674400,-0.024086,0.000000,synthetic_chat_design_preset
70.94,5.654376,5.675200,-0.020824,0.000000,synthetic_chat_design_preset
70.95,5.658519,5.676000,-0.017481,0.000000,synthetic_chat_design_preset
70.96,5.662732,5.676800,-0.014068,0.000000,synthetic_chat_design_preset
70.97,5.667000,5.677600,-0.010600,0.000000,synthetic_chat_design_preset
70.98,5.671310,5.678400,-0.007090,0.000000,synthetic_chat_design_preset
70.99,5.675648,5.679200,-0.003552,0.000000,synthetic_chat_design_preset
71.00,5.680000,5.680000,0.000000,0.000000,synthetic_chat_design_preset
71.01,5.684352,5.680800,0.003552,0.000000,synthetic_chat_design_preset
71.02,5.688690,5.681600,0.007090,0.000000,synthetic_chat_design_preset
71.03,5.693000,5.682400,0.010600,0.000000,synthetic_chat_design_preset
71.04,5.697268,5.683200,0.014068,0.000000,synthetic_chat_design_preset
71.05,5.701481,5.684000,0.017481,0.000000,synthetic_chat_design_preset
71.06,5.705624,5.684800,0.020824,0.000000,synthetic_chat_design_preset
71.07,5.709686,5.685600,0.024086,0.000000,synthetic_chat_design_preset
71.08,5.713652,5.686400,0.027252,0.000000,synthetic_chat_design_preset
71.09,5.717511,5.687200,0.030311,0.000000,synthetic_chat_design_preset
71.10,5.721250,5.688000,0.033250,0.000000,synthetic_chat_design_preset
71.11,5.724858,5.688800,0.036058,0.000000,synthetic_chat_design_preset
71.12,5.728324,5.689600,0.038724,0.000000,synthetic_chat_design_preset
71.13,5.731637,5.690400,0.041237,0.000000,synthetic_chat_design_preset
71.14,5.734787,5.691200,0.043587,0.000000,synthetic_chat_design_preset
71.15,5.737765,5.692000,0.045765,0.000000,synthetic_chat_design_preset
71.16,5.740562,5.692800,0.047762,0.000000,synthetic_chat_design_preset
71.17,5.743171,5.693600,0.049571,0.000000,synthetic_chat_design_preset
71.18,5.745585,5.694400,0.051185,0.000000,synthetic_chat_design_preset
71.19,5.747796,5.695200,0.052596,0.000000,synthetic_chat_design_preset
71.20,5.749800,5.696000,0.053800,0.000000,synthetic_chat_design_preset
71.21,5.751591,5.696800,0.054791,0.000000,synthetic_chat_design_preset
71.22,5.753167,5.697600,0.055567,0.000000,synthetic_chat_design_preset
71.23,5.754522,5.698400,0.056122,0.000000,synthetic_chat_design_preset
71.24,5.755657,5.699200,0.056457,0.000000,synthetic_chat_design_preset
71.25,5.756569,5.700000,0.056569,0.000000,synthetic_chat_design_preset
71.26,5.757257,5.700800,0.056457,0.000000,synthetic_chat_design_preset
71.27,5.757722,5.701600,0.056122,0.000000,synthetic_chat_design_preset
71.28,5.757967,5.702400,0.055567,0.000000,synthetic_chat_design_preset
71.29,5.757991,5.703200,0.054791,0.000000,synthetic_chat_design_preset
71.30,5.757800,5.704000,0.053800,0.000000,synthetic_chat_design_preset
71.31,5.757396,5.704800,0.052596,0.000000,synthetic_chat_design_preset
71.32,5.756785,5.705600,0.051185,0.000000,synthetic_chat_design_preset
71.33,5.755971,5.706400,0.049571,0.000000,synthetic_chat_design_preset
71.34,5.754962,5.707200,0.047762,0.000000,synthetic_chat_design_preset
71.35,5.753765,5.708000,0.045765,0.000000,synthetic_chat_design_preset
71.36,5.752387,5.708800,0.043587,0.000000,synthetic_chat_design_preset
71.37,5.750837,5.709600,0.041237,0.000000,synthetic_chat_design_preset
71.38,5.749124,5.710400,0.038724,0.000000,synthetic_chat_design_preset
71.39,5.747258,5.711200,0.036058,0.000000,synthetic_chat_design_preset
71.40,5.745250,5.712000,0.033250,0.000000,synthetic_chat_design_preset
71.41,5.743111,5.712800,0.030311,0.000000,synthetic_chat_design_preset
71.42,5.740852,5.713600,0.027252,0.000000,synthetic_chat_design_preset
71.43,5.738486,5.714400,0.024086,0.000000,synthetic_chat_design_preset
71.44,5.736024,5.715200,0.020824,0.000000,synthetic_chat_design_preset
71.45,5.733481,5.716000,0.017481,0.000000,synthetic_chat_design_preset
71.46,5.730868,5.716800,0.014068,0.000000,synthetic_chat_design_preset
71.47,5.728200,5.717600,0.010600,0.000000,synthetic_chat_design_preset
71.48,5.725490,5.718400,0.007090,0.000000,synthetic_chat_design_preset
71.49,5.722752,5.719200,0.003552,0.000000,synthetic_chat_design_preset
71.50,5.720000,5.720000,0.000000,0.000000,synthetic_chat_design_preset
71.51,5.717248,5.720800,-0.003552,0.000000,synthetic_chat_design_preset
71.52,5.714510,5.721600,-0.007090,0.000000,synthetic_chat_design_preset
71.53,5.711800,5.722400,-0.010600,0.000000,synthetic_chat_design_preset
71.54,5.709132,5.723200,-0.014068,0.000000,synthetic_chat_design_preset
71.55,5.706519,5.724000,-0.017481,0.000000,synthetic_chat_design_preset
71.56,5.703976,5.724800,-0.020824,0.000000,synthetic_chat_design_preset
71.57,5.701514,5.725600,-0.024086,0.000000,synthetic_chat_design_preset
71.58,5.699148,5.726400,-0.027252,0.000000,synthetic_chat_design_preset
71.59,5.696889,5.727200,-0.030311,0.000000,synthetic_chat_design_preset
71.60,5.694750,5.728000,-0.033250,0.000000,synthetic_chat_design_preset
71.61,5.692742,5.728800,-0.036058,0.000000,synthetic_chat_design_preset
71.62,5.690876,5.729600,-0.038724,0.000000,synthetic_chat_design_preset
71.63,5.689163,5.730400,-0.041237,0.000000,synthetic_chat_design_preset
71.64,5.687613,5.731200,-0.043587,0.000000,synthetic_chat_design_preset
71.65,5.686235,5.732000,-0.045765,0.000000,synthetic_chat_design_preset
71.66,5.685038,5.732800,-0.047762,0.000000,synthetic_chat_design_preset
71.67,5.684029,5.733600,-0.049571,0.000000,synthetic_chat_design_preset
71.68,5.683215,5.734400,-0.051185,0.000000,synthetic_chat_design_preset
71.69,5.682604,5.735200,-0.052596,0.000000,synthetic_chat_design_preset
71.70,5.682200,5.736000,-0.053800,0.000000,synthetic_chat_design_preset
71.71,5.682009,5.736800,-0.054791,0.000000,synthetic_chat_design_preset
71.72,5.682033,5.737600,-0.055567,0.000000,synthetic_chat_design_preset
71.73,5.682278,5.738400,-0.056122,0.000000,synthetic_chat_design_preset
71.74,5.682743,5.739200,-0.056457,0.000000,synthetic_chat_design_preset
71.75,5.683431,5.740000,-0.056569,0.000000,synthetic_chat_design_preset
71.76,5.684343,5.740800,-0.056457,0.000000,synthetic_chat_design_preset
71.77,5.685478,5.741600,-0.056122,0.000000,synthetic_chat_design_preset
71.78,5.686833,5.742400,-0.055567,0.000000,synthetic_chat_design_preset
71.79,5.688409,5.743200,-0.054791,0.000000,synthetic_chat_design_preset
71.80,5.690200,5.744000,-0.053800,0.000000,synthetic_chat_design_preset
71.81,5.692204,5.744800,-0.052596,0.000000,synthetic_chat_design_preset
71.82,5.694415,5.745600,-0.051185,0.000000,synthetic_chat_design_preset
71.83,5.696829,5.746400,-0.049571,0.000000,synthetic_chat_design_preset
71.84,5.699438,5.747200,-0.047762,0.000000,synthetic_chat_design_preset
71.85,5.702235,5.748000,-0.045765,0.000000,synthetic_chat_design_preset
71.86,5.705213,5.748800,-0.043587,0.000000,synthetic_chat_design_preset
71.87,5.708363,5.749600,-0.041237,0.000000,synthetic_chat_design_preset
71.88,5.711676,5.750400,-0.038724,0.000000,synthetic_chat_design_preset
71.89,5.715142,5.751200,-0.036058,0.000000,synthetic_chat_design_preset
71.90,5.718750,5.752000,-0.033250,0.000000,synthetic_chat_design_preset
71.91,5.722489,5.752800,-0.030311,0.000000,synthetic_chat_design_preset
71.92,5.726348,5.753600,-0.027252,0.000000,synthetic_chat_design_preset
71.93,5.730314,5.754400,-0.024086,0.000000,synthetic_chat_design_preset
71.94,5.734376,5.755200,-0.020824,0.000000,synthetic_chat_design_preset
71.95,5.738519,5.756000,-0.017481,0.000000,synthetic_chat_design_preset
71.96,5.742732,5.756800,-0.014068,0.000000,synthetic_chat_design_preset
71.97,5.747000,5.757600,-0.010600,0.000000,synthetic_chat_design_preset
71.98,5.751310,5.758400,-0.007090,0.000000,synthetic_chat_design_preset
71.99,5.755681,5.759200,-0.003552,0.000033,synthetic_chat_design_preset
72.00,5.760045,5.760000,-0.000000,0.000045,synthetic_chat_design_preset
72.01,5.764413,5.760800,0.003552,0.000061,synthetic_chat_design_preset
72.02,5.768773,5.761600,0.007090,0.000083,synthetic_chat_design_preset
72.03,5.773111,5.762400,0.010600,0.000111,synthetic_chat_design_preset
72.04,5.777416,5.763200,0.014068,0.000148,synthetic_chat_design_preset
72.05,5.781676,5.764000,0.017481,0.000195,synthetic_chat_design_preset
72.06,5.785881,5.764800,0.020824,0.000257,synthetic_chat_design_preset
72.07,5.790022,5.765600,0.024086,0.000336,synthetic_chat_design_preset
72.08,5.794089,5.766400,0.027252,0.000436,synthetic_chat_design_preset
72.09,5.798075,5.767200,0.030311,0.000564,synthetic_chat_design_preset
72.10,5.801973,5.768000,0.033250,0.000723,synthetic_chat_design_preset
72.11,5.805781,5.768800,0.036058,0.000923,synthetic_chat_design_preset
72.12,5.809493,5.769600,0.038724,0.001170,synthetic_chat_design_preset
72.13,5.813110,5.770400,0.041237,0.001474,synthetic_chat_design_preset
72.14,5.816632,5.771200,0.043587,0.001845,synthetic_chat_design_preset
72.15,5.820061,5.772000,0.045765,0.002296,synthetic_chat_design_preset
72.16,5.823403,5.772800,0.047762,0.002840,synthetic_chat_design_preset
72.17,5.826663,5.773600,0.049571,0.003492,synthetic_chat_design_preset
72.18,5.829850,5.774400,0.051185,0.004266,synthetic_chat_design_preset
72.19,5.832975,5.775200,0.052596,0.005179,synthetic_chat_design_preset
72.20,5.836050,5.776000,0.053800,0.006250,synthetic_chat_design_preset
72.21,5.839087,5.776800,0.054791,0.007496,synthetic_chat_design_preset
72.22,5.842101,5.777600,0.055567,0.008935,synthetic_chat_design_preset
72.23,5.845107,5.778400,0.056122,0.010584,synthetic_chat_design_preset
72.24,5.848118,5.779200,0.056457,0.012462,synthetic_chat_design_preset
72.25,5.851150,5.780000,0.056569,0.014582,synthetic_chat_design_preset
72.26,5.854214,5.780800,0.056457,0.016958,synthetic_chat_design_preset
72.27,5.857322,5.781600,0.056122,0.019600,synthetic_chat_design_preset
72.28,5.860480,5.782400,0.055567,0.022514,synthetic_chat_design_preset
72.29,5.863694,5.783200,0.054791,0.025703,synthetic_chat_design_preset
72.30,5.866963,5.784000,0.053800,0.029163,synthetic_chat_design_preset
72.31,5.870282,5.784800,0.052596,0.032886,synthetic_chat_design_preset
72.32,5.873641,5.785600,0.051185,0.036857,synthetic_chat_design_preset
72.33,5.877024,5.786400,0.049571,0.041053,synthetic_chat_design_preset
72.34,5.880408,5.787200,0.047762,0.045446,synthetic_chat_design_preset
72.35,5.883765,5.788000,0.045765,0.050000,synthetic_chat_design_preset
72.36,5.887059,5.788800,0.043587,0.054673,synthetic_chat_design_preset
72.37,5.890251,5.789600,0.041237,0.059415,synthetic_chat_design_preset
72.38,5.893295,5.790400,0.038724,0.064171,synthetic_chat_design_preset
72.39,5.896141,5.791200,0.036058,0.068883,synthetic_chat_design_preset
72.40,5.898737,5.792000,0.033250,0.073487,synthetic_chat_design_preset
72.41,5.901027,5.792800,0.030311,0.077916,synthetic_chat_design_preset
72.42,5.902958,5.793600,0.027252,0.082106,synthetic_chat_design_preset
72.43,5.904475,5.794400,0.024086,0.085989,synthetic_chat_design_preset
72.44,5.905527,5.795200,0.020824,0.089503,synthetic_chat_design_preset
72.45,5.906068,5.796000,0.017481,0.092587,synthetic_chat_design_preset
72.46,5.906058,5.796800,0.014068,0.095190,synthetic_chat_design_preset
72.47,5.905465,5.797600,0.010600,0.097265,synthetic_chat_design_preset
72.48,5.904265,5.798400,0.007090,0.098775,synthetic_chat_design_preset
72.49,5.902444,5.799200,0.003552,0.099692,synthetic_chat_design_preset
72.50,5.900000,5.800000,0.000000,0.100000,synthetic_chat_design_preset
72.51,5.896940,5.800800,-0.003552,0.099692,synthetic_chat_design_preset
72.52,5.893285,5.801600,-0.007090,0.098775,synthetic_chat_design_preset
72.53,5.889066,5.802400,-0.010600,0.097265,synthetic_chat_design_preset
72.54,5.884322,5.803200,-0.014068,0.095190,synthetic_chat_design_preset
72.55,5.879107,5.804000,-0.017481,0.092587,synthetic_chat_design_preset
72.56,5.873478,5.804800,-0.020824,0.089503,synthetic_chat_design_preset
72.57,5.867503,5.805600,-0.024086,0.085989,synthetic_chat_design_preset
72.58,5.861254,5.806400,-0.027252,0.082106,synthetic_chat_design_preset
72.59,5.854806,5.807200,-0.030311,0.077916,synthetic_chat_design_preset
72.60,5.848237,5.808000,-0.033250,0.073487,synthetic_chat_design_preset
72.61,5.841625,5.808800,-0.036058,0.068883,synthetic_chat_design_preset
72.62,5.835047,5.809600,-0.038724,0.064171,synthetic_chat_design_preset
72.63,5.828578,5.810400,-0.041237,0.059415,synthetic_chat_design_preset
72.64,5.822286,5.811200,-0.043587,0.054673,synthetic_chat_design_preset
72.65,5.816235,5.812000,-0.045765,0.050000,synthetic_chat_design_preset
72.66,5.810484,5.812800,-0.047762,0.045446,synthetic_chat_design_preset
72.67,5.805081,5.813600,-0.049571,0.041053,synthetic_chat_design_preset
72.68,5.800072,5.814400,-0.051185,0.036857,synthetic_chat_design_preset
72.69,5.795490,5.815200,-0.052596,0.032886,synthetic_chat_design_preset
72.70,5.791363,5.816000,-0.053800,0.029163,synthetic_chat_design_preset
72.71,5.787712,5.816800,-0.054791,0.025703,synthetic_chat_design_preset
72.72,5.784547,5.817600,-0.055567,0.022514,synthetic_chat_design_preset
72.73,5.781877,5.818400,-0.056122,0.019600,synthetic_chat_design_preset
72.74,5.779701,5.819200,-0.056457,0.016958,synthetic_chat_design_preset
72.75,5.778013,5.820000,-0.056569,0.014582,synthetic_chat_design_preset
72.76,5.776805,5.820800,-0.056457,0.012462,synthetic_chat_design_preset
72.77,5.776062,5.821600,-0.056122,0.010584,synthetic_chat_design_preset
72.78,5.775768,5.822400,-0.055567,0.008935,synthetic_chat_design_preset
72.79,5.775904,5.823200,-0.054791,0.007496,synthetic_chat_design_preset
72.80,5.776450,5.824000,-0.053800,0.006250,synthetic_chat_design_preset
72.81,5.777383,5.824800,-0.052596,0.005179,synthetic_chat_design_preset
72.82,5.778681,5.825600,-0.051185,0.004266,synthetic_chat_design_preset
72.83,5.780320,5.826400,-0.049571,0.003492,synthetic_chat_design_preset
72.84,5.782278,5.827200,-0.047762,0.002840,synthetic_chat_design_preset
72.85,5.784532,5.828000,-0.045765,0.002296,synthetic_chat_design_preset
72.86,5.787058,5.828800,-0.043587,0.001845,synthetic_chat_design_preset
72.87,5.789837,5.829600,-0.041237,0.001474,synthetic_chat_design_preset
72.88,5.792846,5.830400,-0.038724,0.001170,synthetic_chat_design_preset
72.89,5.796065,5.831200,-0.036058,0.000923,synthetic_chat_design_preset
72.90,5.799473,5.832000,-0.033250,0.000723,synthetic_chat_design_preset
72.91,5.803053,5.832800,-0.030311,0.000564,synthetic_chat_design_preset
72.92,5.806784,5.833600,-0.027252,0.000436,synthetic_chat_design_preset
72.93,5.810650,5.834400,-0.024086,0.000336,synthetic_chat_design_preset
72.94,5.814633,5.835200,-0.020824,0.000257,synthetic_chat_design_preset
72.95,5.818715,5.836000,-0.017481,0.000195,synthetic_chat_design_preset
72.96,5.822880,5.836800,-0.014068,0.000148,synthetic_chat_design_preset
72.97,5.827111,5.837600,-0.010600,0.000111,synthetic_chat_design_preset
72.98,5.831393,5.838400,-0.007090,0.000083,synthetic_chat_design_preset
72.99,5.835709,5.839200,-0.003552,0.000061,synthetic_chat_design_preset
73.00,5.840045,5.840000,-0.000000,0.000045,synthetic_chat_design_preset
73.01,5.844352,5.840800,0.003552,0.000000,synthetic_chat_design_preset
73.02,5.848690,5.841600,0.007090,0.000000,synthetic_chat_design_preset
73.03,5.853000,5.842400,0.010600,0.000000,synthetic_chat_design_preset
73.04,5.857268,5.843200,0.014068,0.000000,synthetic_chat_design_preset
73.05,5.861481,5.844000,0.017481,0.000000,synthetic_chat_design_preset
73.06,5.865624,5.844800,0.020824,0.000000,synthetic_chat_design_preset
73.07,5.869686,5.845600,0.024086,0.000000,synthetic_chat_design_preset
73.08,5.873652,5.846400,0.027252,0.000000,synthetic_chat_design_preset
73.09,5.877511,5.847200,0.030311,0.000000,synthetic_chat_design_preset
73.10,5.881250,5.848000,0.033250,0.000000,synthetic_chat_design_preset
73.11,5.884858,5.848800,0.036058,0.000000,synthetic_chat_design_preset
73.12,5.888324,5.849600,0.038724,0.000000,synthetic_chat_design_preset
73.13,5.891637,5.850400,0.041237,0.000000,synthetic_chat_design_preset
73.14,5.894787,5.851200,0.043587,0.000000,synthetic_chat_design_preset
73.15,5.897765,5.852000,0.045765,0.000000,synthetic_chat_design_preset
73.16,5.900562,5.852800,0.047762,0.000000,synthetic_chat_design_preset
73.17,5.903171,5.853600,0.049571,0.000000,synthetic_chat_design_preset
73.18,5.905585,5.854400,0.051185,0.000000,synthetic_chat_design_preset
73.19,5.907796,5.855200,0.052596,0.000000,synthetic_chat_design_preset
73.20,5.909800,5.856000,0.053800,0.000000,synthetic_chat_design_preset
73.21,5.911591,5.856800,0.054791,0.000000,synthetic_chat_design_preset
73.22,5.913167,5.857600,0.055567,0.000000,synthetic_chat_design_preset
73.23,5.914522,5.858400,0.056122,0.000000,synthetic_chat_design_preset
73.24,5.915657,5.859200,0.056457,0.000000,synthetic_chat_design_preset
73.25,5.916569,5.860000,0.056569,0.000000,synthetic_chat_design_preset
73.26,5.917257,5.860800,0.056457,0.000000,synthetic_chat_design_preset
73.27,5.917722,5.861600,0.056122,0.000000,synthetic_chat_design_preset
73.28,5.917967,5.862400,0.055567,0.000000,synthetic_chat_design_preset
73.29,5.917991,5.863200,0.054791,0.000000,synthetic_chat_design_preset
73.30,5.917800,5.864000,0.053800,0.000000,synthetic_chat_design_preset
73.31,5.917396,5.864800,0.052596,0.000000,synthetic_chat_design_preset
73.32,5.916785,5.865600,0.051185,0.000000,synthetic_chat_design_preset
73.33,5.915971,5.866400,0.049571,0.000000,synthetic_chat_design_preset
73.34,5.914962,5.867200,0.047762,0.000000,synthetic_chat_design_preset
73.35,5.913765,5.868000,0.045765,0.000000,synthetic_chat_design_preset
73.36,5.912387,5.868800,0.043587,0.000000,synthetic_chat_design_preset
73.37,5.910837,5.869600,0.041237,0.000000,synthetic_chat_design_preset
73.38,5.909124,5.870400,0.038724,0.000000,synthetic_chat_design_preset
73.39,5.907258,5.871200,0.036058,0.000000,synthetic_chat_design_preset
73.40,5.905250,5.872000,0.033250,0.000000,synthetic_chat_design_preset
73.41,5.903111,5.872800,0.030311,0.000000,synthetic_chat_design_preset
73.42,5.900852,5.873600,0.027252,0.000000,synthetic_chat_design_preset
73.43,5.898486,5.874400,0.024086,0.000000,synthetic_chat_design_preset
73.44,5.896024,5.875200,0.020824,0.000000,synthetic_chat_design_preset
73.45,5.893481,5.876000,0.017481,0.000000,synthetic_chat_design_preset
73.46,5.890868,5.876800,0.014068,0.000000,synthetic_chat_design_preset
73.47,5.888200,5.877600,0.010600,0.000000,synthetic_chat_design_preset
73.48,5.885490,5.878400,0.007090,0.000000,synthetic_chat_design_preset
73.49,5.882752,5.879200,0.003552,0.000000,synthetic_chat_design_preset
73.50,5.880000,5.880000,-0.000000,0.000000,synthetic_chat_design_preset
73.51,5.877248,5.880800,-0.003552,0.000000,synthetic_chat_design_preset
73.52,5.874510,5.881600,-0.007090,0.000000,synthetic_chat_design_preset
73.53,5.871800,5.882400,-0.010600,0.000000,synthetic_chat_design_preset
73.54,5.869132,5.883200,-0.014068,0.000000,synthetic_chat_design_preset
73.55,5.866519,5.884000,-0.017481,0.000000,synthetic_chat_design_preset
73.56,5.863976,5.884800,-0.020824,0.000000,synthetic_chat_design_preset
73.57,5.861514,5.885600,-0.024086,0.000000,synthetic_chat_design_preset
73.58,5.859148,5.886400,-0.027252,0.000000,synthetic_chat_design_preset
73.59,5.856889,5.887200,-0.030311,0.000000,synthetic_chat_design_preset
73.60,5.854750,5.888000,-0.033250,0.000000,synthetic_chat_design_preset
73.61,5.852742,5.888800,-0.036058,0.000000,synthetic_chat_design_preset
73.62,5.850876,5.889600,-0.038724,0.000000,synthetic_chat_design_preset
73.63,5.849163,5.890400,-0.041237,0.000000,synthetic_chat_design_preset
73.64,5.847613,5.891200,-0.043587,0.000000,synthetic_chat_design_preset
73.65,5.846235,5.892000,-0.045765,0.000000,synthetic_chat_design_preset
73.66,5.845038,5.892800,-0.047762,0.000000,synthetic_chat_design_preset
73.67,5.844029,5.893600,-0.049571,0.000000,synthetic_chat_design_preset
73.68,5.843215,5.894400,-0.051185,0.000000,synthetic_chat_design_preset
73.69,5.842604,5.895200,-0.052596,0.000000,synthetic_chat_design_preset
73.70,5.842200,5.896000,-0.053800,0.000000,synthetic_chat_design_preset
73.71,5.842009,5.896800,-0.054791,0.000000,synthetic_chat_design_preset
73.72,5.842033,5.897600,-0.055567,0.000000,synthetic_chat_design_preset
73.73,5.842278,5.898400,-0.056122,0.000000,synthetic_chat_design_preset
73.74,5.842743,5.899200,-0.056457,0.000000,synthetic_chat_design_preset
73.75,5.843431,5.900000,-0.056569,0.000000,synthetic_chat_design_preset
73.76,5.844343,5.900800,-0.056457,0.000000,synthetic_chat_design_preset
73.77,5.845478,5.901600,-0.056122,0.000000,synthetic_chat_design_preset
73.78,5.846833,5.902400,-0.055567,0.000000,synthetic_chat_design_preset
73.79,5.848409,5.903200,-0.054791,0.000000,synthetic_chat_design_preset
73.80,5.850200,5.904000,-0.053800,0.000000,synthetic_chat_design_preset
73.81,5.852204,5.904800,-0.052596,0.000000,synthetic_chat_design_preset
73.82,5.854415,5.905600,-0.051185,0.000000,synthetic_chat_design_preset
73.83,5.856829,5.906400,-0.049571,0.000000,synthetic_chat_design_preset
73.84,5.859438,5.907200,-0.047762,0.000000,synthetic_chat_design_preset
73.85,5.862235,5.908000,-0.045765,0.000000,synthetic_chat_design_preset
73.86,5.865213,5.908800,-0.043587,0.000000,synthetic_chat_design_preset
73.87,5.868363,5.909600,-0.041237,0.000000,synthetic_chat_design_preset
73.88,5.871676,5.910400,-0.038724,0.000000,synthetic_chat_design_preset
73.89,5.875142,5.911200,-0.036058,0.000000,synthetic_chat_design_preset
73.90,5.878750,5.912000,-0.033250,0.000000,synthetic_chat_design_preset
73.91,5.882489,5.912800,-0.030311,0.000000,synthetic_chat_design_preset
73.92,5.886348,5.913600,-0.027252,0.000000,synthetic_chat_design_preset
73.93,5.890314,5.914400,-0.024086,0.000000,synthetic_chat_design_preset
73.94,5.894376,5.915200,-0.020824,0.000000,synthetic_chat_design_preset
73.95,5.898519,5.916000,-0.017481,0.000000,synthetic_chat_design_preset
73.96,5.902732,5.916800,-0.014068,0.000000,synthetic_chat_design_preset
73.97,5.907000,5.917600,-0.010600,0.000000,synthetic_chat_design_preset
73.98,5.911310,5.918400,-0.007090,0.000000,synthetic_chat_design_preset
73.99,5.915648,5.919200,-0.003552,0.000000,synthetic_chat_design_preset
74.00,5.920000,5.920000,-0.000000,0.000000,synthetic_chat_design_preset
74.01,5.924352,5.920800,0.003552,0.000000,synthetic_chat_design_preset
74.02,5.928690,5.921600,0.007090,0.000000,synthetic_chat_design_preset
74.03,5.933000,5.922400,0.010600,0.000000,synthetic_chat_design_preset
74.04,5.937268,5.923200,0.014068,0.000000,synthetic_chat_design_preset
74.05,5.941481,5.924000,0.017481,0.000000,synthetic_chat_design_preset
74.06,5.945624,5.924800,0.020824,0.000000,synthetic_chat_design_preset
74.07,5.949686,5.925600,0.024086,0.000000,synthetic_chat_design_preset
74.08,5.953652,5.926400,0.027252,0.000000,synthetic_chat_design_preset
74.09,5.957511,5.927200,0.030311,0.000000,synthetic_chat_design_preset
74.10,5.961250,5.928000,0.033250,0.000000,synthetic_chat_design_preset
74.11,5.964858,5.928800,0.036058,0.000000,synthetic_chat_design_preset
74.12,5.968324,5.929600,0.038724,0.000000,synthetic_chat_design_preset
74.13,5.971637,5.930400,0.041237,0.000000,synthetic_chat_design_preset
74.14,5.974787,5.931200,0.043587,0.000000,synthetic_chat_design_preset
74.15,5.977765,5.932000,0.045765,0.000000,synthetic_chat_design_preset
74.16,5.980562,5.932800,0.047762,0.000000,synthetic_chat_design_preset
74.17,5.983171,5.933600,0.049571,0.000000,synthetic_chat_design_preset
74.18,5.985585,5.934400,0.051185,0.000000,synthetic_chat_design_preset
74.19,5.987796,5.935200,0.052596,0.000000,synthetic_chat_design_preset
74.20,5.989800,5.936000,0.053800,0.000000,synthetic_chat_design_preset
74.21,5.991591,5.936800,0.054791,0.000000,synthetic_chat_design_preset
74.22,5.993167,5.937600,0.055567,0.000000,synthetic_chat_design_preset
74.23,5.994522,5.938400,0.056122,0.000000,synthetic_chat_design_preset
74.24,5.995657,5.939200,0.056457,0.000000,synthetic_chat_design_preset
74.25,5.996569,5.940000,0.056569,0.000000,synthetic_chat_design_preset
74.26,5.997257,5.940800,0.056457,0.000000,synthetic_chat_design_preset
74.27,5.997722,5.941600,0.056122,0.000000,synthetic_chat_design_preset
74.28,5.997967,5.942400,0.055567,0.000000,synthetic_chat_design_preset
74.29,5.997991,5.943200,0.054791,0.000000,synthetic_chat_design_preset
74.30,5.997800,5.944000,0.053800,0.000000,synthetic_chat_design_preset
74.31,5.997396,5.944800,0.052596,0.000000,synthetic_chat_design_preset
74.32,5.996785,5.945600,0.051185,0.000000,synthetic_chat_design_preset
74.33,5.995971,5.946400,0.049571,0.000000,synthetic_chat_design_preset
74.34,5.994962,5.947200,0.047762,0.000000,synthetic_chat_design_preset
74.35,5.993765,5.948000,0.045765,0.000000,synthetic_chat_design_preset
74.36,5.992387,5.948800,0.043587,0.000000,synthetic_chat_design_preset
74.37,5.990837,5.949600,0.041237,0.000000,synthetic_chat_design_preset
74.38,5.989124,5.950400,0.038724,0.000000,synthetic_chat_design_preset
74.39,5.987258,5.951200,0.036058,0.000000,synthetic_chat_design_preset
74.40,5.985250,5.952000,0.033250,0.000000,synthetic_chat_design_preset
74.41,5.983111,5.952800,0.030311,0.000000,synthetic_chat_design_preset
74.42,5.980852,5.953600,0.027252,0.000000,synthetic_chat_design_preset
74.43,5.978486,5.954400,0.024086,0.000000,synthetic_chat_design_preset
74.44,5.976024,5.955200,0.020824,0.000000,synthetic_chat_design_preset
74.45,5.973481,5.956000,0.017481,0.000000,synthetic_chat_design_preset
74.46,5.970868,5.956800,0.014068,0.000000,synthetic_chat_design_preset
74.47,5.968200,5.957600,0.010600,0.000000,synthetic_chat_design_preset
74.48,5.965490,5.958400,0.007090,0.000000,synthetic_chat_design_preset
74.49,5.962752,5.959200,0.003552,0.000000,synthetic_chat_design_preset
74.50,5.960000,5.960000,0.000000,0.000000,synthetic_chat_design_preset
74.51,5.957248,5.960800,-0.003552,0.000000,synthetic_chat_design_preset
74.52,5.954510,5.961600,-0.007090,0.000000,synthetic_chat_design_preset
74.53,5.951800,5.962400,-0.010600,0.000000,synthetic_chat_design_preset
74.54,5.949132,5.963200,-0.014068,0.000000,synthetic_chat_design_preset
74.55,5.946519,5.964000,-0.017481,0.000000,synthetic_chat_design_preset
74.56,5.943976,5.964800,-0.020824,0.000000,synthetic_chat_design_preset
74.57,5.941514,5.965600,-0.024086,0.000000,synthetic_chat_design_preset
74.58,5.939148,5.966400,-0.027252,0.000000,synthetic_chat_design_preset
74.59,5.936889,5.967200,-0.030311,0.000000,synthetic_chat_design_preset
74.60,5.934750,5.968000,-0.033250,0.000000,synthetic_chat_design_preset
74.61,5.932742,5.968800,-0.036058,0.000000,synthetic_chat_design_preset
74.62,5.930876,5.969600,-0.038724,0.000000,synthetic_chat_design_preset
74.63,5.929163,5.970400,-0.041237,0.000000,synthetic_chat_design_preset
74.64,5.927613,5.971200,-0.043587,0.000000,synthetic_chat_design_preset
74.65,5.926235,5.972000,-0.045765,0.000000,synthetic_chat_design_preset
74.66,5.925038,5.972800,-0.047762,0.000000,synthetic_chat_design_preset
74.67,5.924029,5.973600,-0.049571,0.000000,synthetic_chat_design_preset
74.68,5.923215,5.974400,-0.051185,0.000000,synthetic_chat_design_preset
74.69,5.922604,5.975200,-0.052596,0.000000,synthetic_chat_design_preset
74.70,5.922200,5.976000,-0.053800,0.000000,synthetic_chat_design_preset
74.71,5.922009,5.976800,-0.054791,0.000000,synthetic_chat_design_preset
74.72,5.922033,5.977600,-0.055567,0.000000,synthetic_chat_design_preset
74.73,5.922278,5.978400,-0.056122,0.000000,synthetic_chat_design_preset
74.74,5.922743,5.979200,-0.056457,0.000000,synthetic_chat_design_preset
74.75,5.923431,5.980000,-0.056569,0.000000,synthetic_chat_design_preset
74.76,5.924343,5.980800,-0.056457,0.000000,synthetic_chat_design_preset
74.77,5.925478,5.981600,-0.056122,0.000000,synthetic_chat_design_preset
74.78,5.926833,5.982400,-0.055567,0.000000,synthetic_chat_design_preset
74.79,5.928409,5.983200,-0.054791,0.000000,synthetic_chat_design_preset
74.80,5.930200,5.984000,-0.053800,0.000000,synthetic_chat_design_preset
74.81,5.932204,5.984800,-0.052596,0.000000,synthetic_chat_design_preset
74.82,5.934415,5.985600,-0.051185,0.000000,synthetic_chat_design_preset
74.83,5.936829,5.986400,-0.049571,0.000000,synthetic_chat_design_preset
74.84,5.939438,5.987200,-0.047762,0.000000,synthetic_chat_design_preset
74.85,5.942235,5.988000,-0.045765,0.000000,synthetic_chat_design_preset
74.86,5.945213,5.988800,-0.043587,0.000000,synthetic_chat_design_preset
74.87,5.948363,5.989600,-0.041237,0.000000,synthetic_chat_design_preset
74.88,5.951676,5.990400,-0.038724,0.000000,synthetic_chat_design_preset
74.89,5.955142,5.991200,-0.036058,0.000000,synthetic_chat_design_preset
74.90,5.958750,5.992000,-0.033250,0.000000,synthetic_chat_design_preset
74.91,5.962489,5.992800,-0.030311,0.000000,synthetic_chat_design_preset
74.92,5.966348,5.993600,-0.027252,0.000000,synthetic_chat_design_preset
74.93,5.970314,5.994400,-0.024086,0.000000,synthetic_chat_design_preset
74.94,5.974376,5.995200,-0.020824,0.000000,synthetic_chat_design_preset
74.95,5.978519,5.996000,-0.017481,0.000000,synthetic_chat_design_preset
74.96,5.982732,5.996800,-0.014068,0.000000,synthetic_chat_design_preset
74.97,5.987000,5.997600,-0.010600,0.000000,synthetic_chat_design_preset
74.98,5.991310,5.998400,-0.007090,0.000000,synthetic_chat_design_preset
74.99,5.995648,5.999200,-0.003552,0.000000,synthetic_chat_design_preset
75.00,6.000000,6.000000,-0.000000,0.000000,synthetic_chat_design_preset
75.01,6.004352,6.000800,0.003552,0.000000,synthetic_chat_design_preset
75.02,6.008690,6.001600,0.007090,0.000000,synthetic_chat_design_preset
75.03,6.013000,6.002400,0.010600,0.000000,synthetic_chat_design_preset
75.04,6.017268,6.003200,0.014068,0.000000,synthetic_chat_design_preset
75.05,6.021481,6.004000,0.017481,0.000000,synthetic_chat_design_preset
75.06,6.025624,6.004800,0.020824,0.000000,synthetic_chat_design_preset
75.07,6.029686,6.005600,0.024086,0.000000,synthetic_chat_design_preset
75.08,6.033652,6.006400,0.027252,0.000000,synthetic_chat_design_preset
75.09,6.037511,6.007200,0.030311,0.000000,synthetic_chat_design_preset
75.10,6.041250,6.008000,0.033250,0.000000,synthetic_chat_design_preset
75.11,6.044858,6.008800,0.036058,0.000000,synthetic_chat_design_preset
75.12,6.048324,6.009600,0.038724,0.000000,synthetic_chat_design_preset
75.13,6.051637,6.010400,0.041237,0.000000,synthetic_chat_design_preset
75.14,6.054787,6.011200,0.043587,0.000000,synthetic_chat_design_preset
75.15,6.057765,6.012000,0.045765,0.000000,synthetic_chat_design_preset
75.16,6.060562,6.012800,0.047762,0.000000,synthetic_chat_design_preset
75.17,6.063171,6.013600,0.049571,0.000000,synthetic_chat_design_preset
75.18,6.065585,6.014400,0.051185,0.000000,synthetic_chat_design_preset
75.19,6.067796,6.015200,0.052596,0.000000,synthetic_chat_design_preset
75.20,6.069800,6.016000,0.053800,0.000000,synthetic_chat_design_preset
75.21,6.071591,6.016800,0.054791,0.000000,synthetic_chat_design_preset
75.22,6.073167,6.017600,0.055567,0.000000,synthetic_chat_design_preset
75.23,6.074522,6.018400,0.056122,0.000000,synthetic_chat_design_preset
75.24,6.075657,6.019200,0.056457,0.000000,synthetic_chat_design_preset
75.25,6.076569,6.020000,0.056569,0.000000,synthetic_chat_design_preset
75.26,6.077257,6.020800,0.056457,0.000000,synthetic_chat_design_preset
75.27,6.077722,6.021600,0.056122,0.000000,synthetic_chat_design_preset
75.28,6.077967,6.022400,0.055567,0.000000,synthetic_chat_design_preset
75.29,6.077991,6.023200,0.054791,0.000000,synthetic_chat_design_preset
75.30,6.077800,6.024000,0.053800,0.000000,synthetic_chat_design_preset
75.31,6.077396,6.024800,0.052596,0.000000,synthetic_chat_design_preset
75.32,6.076785,6.025600,0.051185,0.000000,synthetic_chat_design_preset
75.33,6.075971,6.026400,0.049571,0.000000,synthetic_chat_design_preset
75.34,6.074962,6.027200,0.047762,0.000000,synthetic_chat_design_preset
75.35,6.073765,6.028000,0.045765,0.000000,synthetic_chat_design_preset
75.36,6.072387,6.028800,0.043587,0.000000,synthetic_chat_design_preset
75.37,6.070837,6.029600,0.041237,0.000000,synthetic_chat_design_preset
75.38,6.069124,6.030400,0.038724,0.000000,synthetic_chat_design_preset
75.39,6.067258,6.031200,0.036058,0.000000,synthetic_chat_design_preset
75.40,6.065250,6.032000,0.033250,0.000000,synthetic_chat_design_preset
75.41,6.063111,6.032800,0.030311,0.000000,synthetic_chat_design_preset
75.42,6.060852,6.033600,0.027252,0.000000,synthetic_chat_design_preset
75.43,6.058486,6.034400,0.024086,0.000000,synthetic_chat_design_preset
75.44,6.056024,6.035200,0.020824,0.000000,synthetic_chat_design_preset
75.45,6.053481,6.036000,0.017481,0.000000,synthetic_chat_design_preset
75.46,6.050868,6.036800,0.014068,0.000000,synthetic_chat_design_preset
75.47,6.048200,6.037600,0.010600,0.000000,synthetic_chat_design_preset
75.48,6.045490,6.038400,0.007090,0.000000,synthetic_chat_design_preset
75.49,6.042752,6.039200,0.003552,0.000000,synthetic_chat_design_preset
75.50,6.040000,6.040000,0.000000,0.000000,synthetic_chat_design_preset
75.51,6.037248,6.040800,-0.003552,0.000000,synthetic_chat_design_preset
75.52,6.034510,6.041600,-0.007090,0.000000,synthetic_chat_design_preset
75.53,6.031800,6.042400,-0.010600,0.000000,synthetic_chat_design_preset
75.54,6.029132,6.043200,-0.014068,0.000000,synthetic_chat_design_preset
75.55,6.026519,6.044000,-0.017481,0.000000,synthetic_chat_design_preset
75.56,6.023976,6.044800,-0.020824,0.000000,synthetic_chat_design_preset
75.57,6.021514,6.045600,-0.024086,0.000000,synthetic_chat_design_preset
75.58,6.019148,6.046400,-0.027252,0.000000,synthetic_chat_design_preset
75.59,6.016889,6.047200,-0.030311,0.000000,synthetic_chat_design_preset
75.60,6.014750,6.048000,-0.033250,0.000000,synthetic_chat_design_preset
75.61,6.012742,6.048800,-0.036058,0.000000,synthetic_chat_design_preset
75.62,6.010876,6.049600,-0.038724,0.000000,synthetic_chat_design_preset
75.63,6.009163,6.050400,-0.041237,0.000000,synthetic_chat_design_preset
75.64,6.007613,6.051200,-0.043587,0.000000,synthetic_chat_design_preset
75.65,6.006235,6.052000,-0.045765,0.000000,synthetic_chat_design_preset
75.66,6.005038,6.052800,-0.047762,0.000000,synthetic_chat_design_preset
75.67,6.004029,6.053600,-0.049571,0.000000,synthetic_chat_design_preset
75.68,6.003215,6.054400,-0.051185,0.000000,synthetic_chat_design_preset
75.69,6.002604,6.055200,-0.052596,0.000000,synthetic_chat_design_preset
75.70,6.002200,6.056000,-0.053800,0.000000,synthetic_chat_design_preset
75.71,6.002009,6.056800,-0.054791,0.000000,synthetic_chat_design_preset
75.72,6.002033,6.057600,-0.055567,0.000000,synthetic_chat_design_preset
75.73,6.002278,6.058400,-0.056122,0.000000,synthetic_chat_design_preset
75.74,6.002743,6.059200,-0.056457,0.000000,synthetic_chat_design_preset
75.75,6.003431,6.060000,-0.056569,0.000000,synthetic_chat_design_preset
75.76,6.004343,6.060800,-0.056457,0.000000,synthetic_chat_design_preset
75.77,6.005478,6.061600,-0.056122,0.000000,synthetic_chat_design_preset
75.78,6.006833,6.062400,-0.055567,0.000000,synthetic_chat_design_preset
75.79,6.008409,6.063200,-0.054791,0.000000,synthetic_chat_design_preset
75.80,6.010200,6.064000,-0.053800,0.000000,synthetic_chat_design_preset
75.81,6.012204,6.064800,-0.052596,0.000000,synthetic_chat_design_preset
75.82,6.014415,6.065600,-0.051185,0.000000,synthetic_chat_design_preset
75.83,6.016829,6.066400,-0.049571,0.000000,synthetic_chat_design_preset
75.84,6.019438,6.067200,-0.047762,0.000000,synthetic_chat_design_preset
75.85,6.022235,6.068000,-0.045765,0.000000,synthetic_chat_design_preset
75.86,6.025213,6.068800,-0.043587,0.000000,synthetic_chat_design_preset
75.87,6.028363,6.069600,-0.041237,0.000000,synthetic_chat_design_preset
75.88,6.031676,6.070400,-0.038724,0.000000,synthetic_chat_design_preset
75.89,6.035142,6.071200,-0.036058,0.000000,synthetic_chat_design_preset
75.90,6.038750,6.072000,-0.033250,0.000000,synthetic_chat_design_preset
75.91,6.042489,6.072800,-0.030311,0.000000,synthetic_chat_design_preset
75.92,6.046348,6.073600,-0.027252,0.000000,synthetic_chat_design_preset
75.93,6.050314,6.074400,-0.024086,0.000000,synthetic_chat_design_preset
75.94,6.054376,6.075200,-0.020824,0.000000,synthetic_chat_design_preset
75.95,6.058519,6.076000,-0.017481,0.000000,synthetic_chat_design_preset
75.96,6.062732,6.076800,-0.014068,0.000000,synthetic_chat_design_preset
75.97,6.067000,6.077600,-0.010600,0.000000,synthetic_chat_design_preset
75.98,6.071310,6.078400,-0.007090,0.000000,synthetic_chat_design_preset
75.99,6.075648,6.079200,-0.003552,0.000000,synthetic_chat_design_preset
76.00,6.080000,6.080000,-0.000000,0.000000,synthetic_chat_design_preset
76.01,6.084352,6.080800,0.003552,0.000000,synthetic_chat_design_preset
76.02,6.088690,6.081600,0.007090,0.000000,synthetic_chat_design_preset
76.03,6.093000,6.082400,0.010600,0.000000,synthetic_chat_design_preset
76.04,6.097268,6.083200,0.014068,0.000000,synthetic_chat_design_preset
76.05,6.101481,6.084000,0.017481,0.000000,synthetic_chat_design_preset
76.06,6.105624,6.084800,0.020824,0.000000,synthetic_chat_design_preset
76.07,6.109686,6.085600,0.024086,0.000000,synthetic_chat_design_preset
76.08,6.113652,6.086400,0.027252,0.000000,synthetic_chat_design_preset
76.09,6.117511,6.087200,0.030311,0.000000,synthetic_chat_design_preset
76.10,6.121250,6.088000,0.033250,0.000000,synthetic_chat_design_preset
76.11,6.124858,6.088800,0.036058,0.000000,synthetic_chat_design_preset
76.12,6.128324,6.089600,0.038724,0.000000,synthetic_chat_design_preset
76.13,6.131637,6.090400,0.041237,0.000000,synthetic_chat_design_preset
76.14,6.134787,6.091200,0.043587,0.000000,synthetic_chat_design_preset
76.15,6.137765,6.092000,0.045765,0.000000,synthetic_chat_design_preset
76.16,6.140562,6.092800,0.047762,0.000000,synthetic_chat_design_preset
76.17,6.143171,6.093600,0.049571,0.000000,synthetic_chat_design_preset
76.18,6.145585,6.094400,0.051185,0.000000,synthetic_chat_design_preset
76.19,6.147796,6.095200,0.052596,0.000000,synthetic_chat_design_preset
76.20,6.149800,6.096000,0.053800,0.000000,synthetic_chat_design_preset
76.21,6.151591,6.096800,0.054791,0.000000,synthetic_chat_design_preset
76.22,6.153167,6.097600,0.055567,0.000000,synthetic_chat_design_preset
76.23,6.154522,6.098400,0.056122,0.000000,synthetic_chat_design_preset
76.24,6.155657,6.099200,0.056457,0.000000,synthetic_chat_design_preset
76.25,6.156569,6.100000,0.056569,0.000000,synthetic_chat_design_preset
76.26,6.157257,6.100800,0.056457,0.000000,synthetic_chat_design_preset
76.27,6.157722,6.101600,0.056122,0.000000,synthetic_chat_design_preset
76.28,6.157967,6.102400,0.055567,0.000000,synthetic_chat_design_preset
76.29,6.157991,6.103200,0.054791,0.000000,synthetic_chat_design_preset
76.30,6.157800,6.104000,0.053800,0.000000,synthetic_chat_design_preset
76.31,6.157396,6.104800,0.052596,0.000000,synthetic_chat_design_preset
76.32,6.156785,6.105600,0.051185,0.000000,synthetic_chat_design_preset
76.33,6.155971,6.106400,0.049571,0.000000,synthetic_chat_design_preset
76.34,6.154962,6.107200,0.047762,0.000000,synthetic_chat_design_preset
76.35,6.153765,6.108000,0.045765,0.000000,synthetic_chat_design_preset
76.36,6.152387,6.108800,0.043587,0.000000,synthetic_chat_design_preset
76.37,6.150837,6.109600,0.041237,0.000000,synthetic_chat_design_preset
76.38,6.149124,6.110400,0.038724,0.000000,synthetic_chat_design_preset
76.39,6.147258,6.111200,0.036058,0.000000,synthetic_chat_design_preset
76.40,6.145250,6.112000,0.033250,0.000000,synthetic_chat_design_preset
76.41,6.143111,6.112800,0.030311,0.000000,synthetic_chat_design_preset
76.42,6.140852,6.113600,0.027252,0.000000,synthetic_chat_design_preset
76.43,6.138486,6.114400,0.024086,0.000000,synthetic_chat_design_preset
76.44,6.136024,6.115200,0.020824,0.000000,synthetic_chat_design_preset
76.45,6.133481,6.116000,0.017481,0.000000,synthetic_chat_design_preset
76.46,6.130868,6.116800,0.014068,0.000000,synthetic_chat_design_preset
76.47,6.128200,6.117600,0.010600,0.000000,synthetic_chat_design_preset
76.48,6.125490,6.118400,0.007090,0.000000,synthetic_chat_design_preset
76.49,6.122752,6.119200,0.003552,0.000000,synthetic_chat_design_preset
76.50,6.120000,6.120000,0.000000,0.000000,synthetic_chat_design_preset
76.51,6.117248,6.120800,-0.003552,0.000000,synthetic_chat_design_preset
76.52,6.114510,6.121600,-0.007090,0.000000,synthetic_chat_design_preset
76.53,6.111800,6.122400,-0.010600,0.000000,synthetic_chat_design_preset
76.54,6.109132,6.123200,-0.014068,0.000000,synthetic_chat_design_preset
76.55,6.106519,6.124000,-0.017481,0.000000,synthetic_chat_design_preset
76.56,6.103976,6.124800,-0.020824,0.000000,synthetic_chat_design_preset
76.57,6.101514,6.125600,-0.024086,0.000000,synthetic_chat_design_preset
76.58,6.099148,6.126400,-0.027252,0.000000,synthetic_chat_design_preset
76.59,6.096889,6.127200,-0.030311,0.000000,synthetic_chat_design_preset
76.60,6.094750,6.128000,-0.033250,0.000000,synthetic_chat_design_preset
76.61,6.092742,6.128800,-0.036058,0.000000,synthetic_chat_design_preset
76.62,6.090876,6.129600,-0.038724,0.000000,synthetic_chat_design_preset
76.63,6.089163,6.130400,-0.041237,0.000000,synthetic_chat_design_preset
76.64,6.087613,6.131200,-0.043587,0.000000,synthetic_chat_design_preset
76.65,6.086235,6.132000,-0.045765,0.000000,synthetic_chat_design_preset
76.66,6.085038,6.132800,-0.047762,0.000000,synthetic_chat_design_preset
76.67,6.084029,6.133600,-0.049571,0.000000,synthetic_chat_design_preset
76.68,6.083215,6.134400,-0.051185,0.000000,synthetic_chat_design_preset
76.69,6.082604,6.135200,-0.052596,0.000000,synthetic_chat_design_preset
76.70,6.082200,6.136000,-0.053800,0.000000,synthetic_chat_design_preset
76.71,6.082009,6.136800,-0.054791,0.000000,synthetic_chat_design_preset
76.72,6.082033,6.137600,-0.055567,0.000000,synthetic_chat_design_preset
76.73,6.082278,6.138400,-0.056122,0.000000,synthetic_chat_design_preset
76.74,6.082743,6.139200,-0.056457,0.000000,synthetic_chat_design_preset
76.75,6.083431,6.140000,-0.056569,0.000000,synthetic_chat_design_preset
76.76,6.084343,6.140800,-0.056457,0.000000,synthetic_chat_design_preset
76.77,6.085478,6.141600,-0.056122,0.000000,synthetic_chat_design_preset
76.78,6.086833,6.142400,-0.055567,0.000000,synthetic_chat_design_preset
76.79,6.088409,6.143200,-0.054791,0.000000,synthetic_chat_design_preset
76.80,6.090200,6.144000,-0.053800,0.000000,synthetic_chat_design_preset
76.81,6.092204,6.144800,-0.052596,0.000000,synthetic_chat_design_preset
76.82,6.094415,6.145600,-0.051185,0.000000,synthetic_chat_design_preset
76.83,6.096829,6.146400,-0.049571,0.000000,synthetic_chat_design_preset
76.84,6.099438,6.147200,-0.047762,0.000000,synthetic_chat_design_preset
76.85,6.102235,6.148000,-0.045765,0.000000,synthetic_chat_design_preset
76.86,6.105213,6.148800,-0.043587,0.000000,synthetic_chat_design_preset
76.87,6.108363,6.149600,-0.041237,0.000000,synthetic_chat_design_preset
76.88,6.111676,6.150400,-0.038724,0.000000,synthetic_chat_design_preset
76.89,6.115142,6.151200,-0.036058,0.000000,synthetic_chat_design_preset
76.90,6.118750,6.152000,-0.033250,0.000000,synthetic_chat_design_preset
76.91,6.122489,6.152800,-0.030311,0.000000,synthetic_chat_design_preset
76.92,6.126348,6.153600,-0.027252,0.000000,synthetic_chat_design_preset
76.93,6.130314,6.154400,-0.024086,0.000000,synthetic_chat_design_preset
76.94,6.134376,6.155200,-0.020824,0.000000,synthetic_chat_design_preset
76.95,6.138519,6.156000,-0.017481,0.000000,synthetic_chat_design_preset
76.96,6.142732,6.156800,-0.014068,0.000000,synthetic_chat_design_preset
76.97,6.147000,6.157600,-0.010600,0.000000,synthetic_chat_design_preset
76.98,6.151310,6.158400,-0.007090,0.000000,synthetic_chat_design_preset
76.99,6.155681,6.159200,-0.003552,0.000033,synthetic_chat_design_preset
77.00,6.160045,6.160000,-0.000000,0.000045,synthetic_chat_design_preset
77.01,6.164413,6.160800,0.003552,0.000061,synthetic_chat_design_preset
77.02,6.168773,6.161600,0.007090,0.000083,synthetic_chat_design_preset
77.03,6.173111,6.162400,0.010600,0.000111,synthetic_chat_design_preset
77.04,6.177416,6.163200,0.014068,0.000148,synthetic_chat_design_preset
77.05,6.181676,6.164000,0.017481,0.000195,synthetic_chat_design_preset
77.06,6.185881,6.164800,0.020824,0.000257,synthetic_chat_design_preset
77.07,6.190022,6.165600,0.024086,0.000336,synthetic_chat_design_preset
77.08,6.194089,6.166400,0.027252,0.000436,synthetic_chat_design_preset
77.09,6.198075,6.167200,0.030311,0.000564,synthetic_chat_design_preset
77.10,6.201973,6.168000,0.033250,0.000723,synthetic_chat_design_preset
77.11,6.205781,6.168800,0.036058,0.000923,synthetic_chat_design_preset
77.12,6.209493,6.169600,0.038724,0.001170,synthetic_chat_design_preset
77.13,6.213110,6.170400,0.041237,0.001474,synthetic_chat_design_preset
77.14,6.216632,6.171200,0.043587,0.001845,synthetic_chat_design_preset
77.15,6.220061,6.172000,0.045765,0.002296,synthetic_chat_design_preset
77.16,6.223403,6.172800,0.047762,0.002840,synthetic_chat_design_preset
77.17,6.226663,6.173600,0.049571,0.003492,synthetic_chat_design_preset
77.18,6.229850,6.174400,0.051185,0.004266,synthetic_chat_design_preset
77.19,6.232975,6.175200,0.052596,0.005179,synthetic_chat_design_preset
77.20,6.236050,6.176000,0.053800,0.006250,synthetic_chat_design_preset
77.21,6.239087,6.176800,0.054791,0.007496,synthetic_chat_design_preset
77.22,6.242101,6.177600,0.055567,0.008935,synthetic_chat_design_preset
77.23,6.245107,6.178400,0.056122,0.010584,synthetic_chat_design_preset
77.24,6.248118,6.179200,0.056457,0.012462,synthetic_chat_design_preset
77.25,6.251150,6.180000,0.056569,0.014582,synthetic_chat_design_preset
77.26,6.254214,6.180800,0.056457,0.016958,synthetic_chat_design_preset
77.27,6.257322,6.181600,0.056122,0.019600,synthetic_chat_design_preset
77.28,6.260480,6.182400,0.055567,0.022514,synthetic_chat_design_preset
77.29,6.263694,6.183200,0.054791,0.025703,synthetic_chat_design_preset
77.30,6.266963,6.184000,0.053800,0.029163,synthetic_chat_design_preset
77.31,6.270282,6.184800,0.052596,0.032886,synthetic_chat_design_preset
77.32,6.273641,6.185600,0.051185,0.036857,synthetic_chat_design_preset
77.33,6.277024,6.186400,0.049571,0.041053,synthetic_chat_design_preset
77.34,6.280408,6.187200,0.047762,0.045446,synthetic_chat_design_preset
77.35,6.283765,6.188000,0.045765,0.050000,synthetic_chat_design_preset
77.36,6.287059,6.188800,0.043587,0.054673,synthetic_chat_design_preset
77.37,6.290251,6.189600,0.041237,0.059415,synthetic_chat_design_preset
77.38,6.293295,6.190400,0.038724,0.064171,synthetic_chat_design_preset
77.39,6.296141,6.191200,0.036058,0.068883,synthetic_chat_design_preset
77.40,6.298737,6.192000,0.033250,0.073487,synthetic_chat_design_preset
77.41,6.301027,6.192800,0.030311,0.077916,synthetic_chat_design_preset
77.42,6.302958,6.193600,0.027252,0.082106,synthetic_chat_design_preset
77.43,6.304475,6.194400,0.024086,0.085989,synthetic_chat_design_preset
77.44,6.305527,6.195200,0.020824,0.089503,synthetic_chat_design_preset
77.45,6.306068,6.196000,0.017481,0.092587,synthetic_chat_design_preset
77.46,6.306058,6.196800,0.014068,0.095190,synthetic_chat_design_preset
77.47,6.305465,6.197600,0.010600,0.097265,synthetic_chat_design_preset
77.48,6.304265,6.198400,0.007090,0.098775,synthetic_chat_design_preset
77.49,6.302444,6.199200,0.003552,0.099692,synthetic_chat_design_preset
77.50,6.300000,6.200000,0.000000,0.100000,synthetic_chat_design_preset
77.51,6.296940,6.200800,-0.003552,0.099692,synthetic_chat_design_preset
77.52,6.293285,6.201600,-0.007090,0.098775,synthetic_chat_design_preset
77.53,6.289066,6.202400,-0.010600,0.097265,synthetic_chat_design_preset
77.54,6.284322,6.203200,-0.014068,0.095190,synthetic_chat_design_preset
77.55,6.279107,6.204000,-0.017481,0.092587,synthetic_chat_design_preset
77.56,6.273478,6.204800,-0.020824,0.089503,synthetic_chat_design_preset
77.57,6.267503,6.205600,-0.024086,0.085989,synthetic_chat_design_preset
77.58,6.261254,6.206400,-0.027252,0.082106,synthetic_chat_design_preset
77.59,6.254806,6.207200,-0.030311,0.077916,synthetic_chat_design_preset
77.60,6.248237,6.208000,-0.033250,0.073487,synthetic_chat_design_preset
77.61,6.241625,6.208800,-0.036058,0.068883,synthetic_chat_design_preset
77.62,6.235047,6.209600,-0.038724,0.064171,synthetic_chat_design_preset
77.63,6.228578,6.210400,-0.041237,0.059415,synthetic_chat_design_preset
77.64,6.222286,6.211200,-0.043587,0.054673,synthetic_chat_design_preset
77.65,6.216235,6.212000,-0.045765,0.050000,synthetic_chat_design_preset
77.66,6.210484,6.212800,-0.047762,0.045446,synthetic_chat_design_preset
77.67,6.205081,6.213600,-0.049571,0.041053,synthetic_chat_design_preset
77.68,6.200072,6.214400,-0.051185,0.036857,synthetic_chat_design_preset
77.69,6.195490,6.215200,-0.052596,0.032886,synthetic_chat_design_preset
77.70,6.191363,6.216000,-0.053800,0.029163,synthetic_chat_design_preset
77.71,6.187712,6.216800,-0.054791,0.025703,synthetic_chat_design_preset
77.72,6.184547,6.217600,-0.055567,0.022514,synthetic_chat_design_preset
77.73,6.181877,6.218400,-0.056122,0.019600,synthetic_chat_design_preset
77.74,6.179701,6.219200,-0.056457,0.016958,synthetic_chat_design_preset
77.75,6.178013,6.220000,-0.056569,0.014582,synthetic_chat_design_preset
77.76,6.176805,6.220800,-0.056457,0.012462,synthetic_chat_design_preset
77.77,6.176062,6.221600,-0.056122,0.010584,synthetic_chat_design_preset
77.78,6.175768,6.222400,-0.055567,0.008935,synthetic_chat_design_preset
77.79,6.175904,6.223200,-0.054791,0.007496,synthetic_chat_design_preset
77.80,6.176450,6.224000,-0.053800,0.006250,synthetic_chat_design_preset
77.81,6.177383,6.224800,-0.052596,0.005179,synthetic_chat_design_preset
77.82,6.178681,6.225600,-0.051185,0.004266,synthetic_chat_design_preset
77.83,6.180320,6.226400,-0.049571,0.003492,synthetic_chat_design_preset
77.84,6.182278,6.227200,-0.047762,0.002840,synthetic_chat_design_preset
77.85,6.184532,6.228000,-0.045765,0.002296,synthetic_chat_design_preset
77.86,6.187058,6.228800,-0.043587,0.001845,synthetic_chat_design_preset
77.87,6.189837,6.229600,-0.041237,0.001474,synthetic_chat_design_preset
77.88,6.192846,6.230400,-0.038724,0.001170,synthetic_chat_design_preset
77.89,6.196065,6.231200,-0.036058,0.000923,synthetic_chat_design_preset
77.90,6.199473,6.232000,-0.033250,0.000723,synthetic_chat_design_preset
77.91,6.203053,6.232800,-0.030311,0.000564,synthetic_chat_design_preset
77.92,6.206784,6.233600,-0.027252,0.000436,synthetic_chat_design_preset
77.93,6.210650,6.234400,-0.024086,0.000336,synthetic_chat_design_preset
77.94,6.214633,6.235200,-0.020824,0.000257,synthetic_chat_design_preset
77.95,6.218715,6.236000,-0.017481,0.000195,synthetic_chat_design_preset
77.96,6.222880,6.236800,-0.014068,0.000148,synthetic_chat_design_preset
77.97,6.227111,6.237600,-0.010600,0.000111,synthetic_chat_design_preset
77.98,6.231393,6.238400,-0.007090,0.000083,synthetic_chat_design_preset
77.99,6.235709,6.239200,-0.003552,0.000061,synthetic_chat_design_preset
78.00,6.240045,6.240000,-0.000000,0.000045,synthetic_chat_design_preset
78.01,6.244352,6.240800,0.003552,0.000000,synthetic_chat_design_preset
78.02,6.248690,6.241600,0.007090,0.000000,synthetic_chat_design_preset
78.03,6.253000,6.242400,0.010600,0.000000,synthetic_chat_design_preset
78.04,6.257268,6.243200,0.014068,0.000000,synthetic_chat_design_preset
78.05,6.261481,6.244000,0.017481,0.000000,synthetic_chat_design_preset
78.06,6.265624,6.244800,0.020824,0.000000,synthetic_chat_design_preset
78.07,6.269686,6.245600,0.024086,0.000000,synthetic_chat_design_preset
78.08,6.273652,6.246400,0.027252,0.000000,synthetic_chat_design_preset
78.09,6.277511,6.247200,0.030311,0.000000,synthetic_chat_design_preset
78.10,6.281250,6.248000,0.033250,0.000000,synthetic_chat_design_preset
78.11,6.284858,6.248800,0.036058,0.000000,synthetic_chat_design_preset
78.12,6.288324,6.249600,0.038724,0.000000,synthetic_chat_design_preset
78.13,6.291637,6.250400,0.041237,0.000000,synthetic_chat_design_preset
78.14,6.294787,6.251200,0.043587,0.000000,synthetic_chat_design_preset
78.15,6.297765,6.252000,0.045765,0.000000,synthetic_chat_design_preset
78.16,6.300562,6.252800,0.047762,0.000000,synthetic_chat_design_preset
78.17,6.303171,6.253600,0.049571,0.000000,synthetic_chat_design_preset
78.18,6.305585,6.254400,0.051185,0.000000,synthetic_chat_design_preset
78.19,6.307796,6.255200,0.052596,0.000000,synthetic_chat_design_preset
78.20,6.309800,6.256000,0.053800,0.000000,synthetic_chat_design_preset
78.21,6.311591,6.256800,0.054791,0.000000,synthetic_chat_design_preset
78.22,6.313167,6.257600,0.055567,0.000000,synthetic_chat_design_preset
78.23,6.314522,6.258400,0.056122,0.000000,synthetic_chat_design_preset
78.24,6.315657,6.259200,0.056457,0.000000,synthetic_chat_design_preset
78.25,6.316569,6.260000,0.056569,0.000000,synthetic_chat_design_preset
78.26,6.317257,6.260800,0.056457,0.000000,synthetic_chat_design_preset
78.27,6.317722,6.261600,0.056122,0.000000,synthetic_chat_design_preset
78.28,6.317967,6.262400,0.055567,0.000000,synthetic_chat_design_preset
78.29,6.317991,6.263200,0.054791,0.000000,synthetic_chat_design_preset
78.30,6.317800,6.264000,0.053800,0.000000,synthetic_chat_design_preset
78.31,6.317396,6.264800,0.052596,0.000000,synthetic_chat_design_preset
78.32,6.316785,6.265600,0.051185,0.000000,synthetic_chat_design_preset
78.33,6.315971,6.266400,0.049571,0.000000,synthetic_chat_design_preset
78.34,6.314962,6.267200,0.047762,0.000000,synthetic_chat_design_preset
78.35,6.313765,6.268000,0.045765,0.000000,synthetic_chat_design_preset
78.36,6.312387,6.268800,0.043587,0.000000,synthetic_chat_design_preset
78.37,6.310837,6.269600,0.041237,0.000000,synthetic_chat_design_preset
78.38,6.309124,6.270400,0.038724,0.000000,synthetic_chat_design_preset
78.39,6.307258,6.271200,0.036058,0.000000,synthetic_chat_design_preset
78.40,6.305250,6.272000,0.033250,0.000000,synthetic_chat_design_preset
78.41,6.303111,6.272800,0.030311,0.000000,synthetic_chat_design_preset
78.42,6.300852,6.273600,0.027252,0.000000,synthetic_chat_design_preset
78.43,6.298486,6.274400,0.024086,0.000000,synthetic_chat_design_preset
78.44,6.296024,6.275200,0.020824,0.000000,synthetic_chat_design_preset
78.45,6.293481,6.276000,0.017481,0.000000,synthetic_chat_design_preset
78.46,6.290868,6.276800,0.014068,0.000000,synthetic_chat_design_preset
78.47,6.288200,6.277600,0.010600,0.000000,synthetic_chat_design_preset
78.48,6.285490,6.278400,0.007090,0.000000,synthetic_chat_design_preset
78.49,6.282752,6.279200,0.003552,0.000000,synthetic_chat_design_preset
78.50,6.280000,6.280000,0.000000,0.000000,synthetic_chat_design_preset
78.51,6.277248,6.280800,-0.003552,0.000000,synthetic_chat_design_preset
78.52,6.274510,6.281600,-0.007090,0.000000,synthetic_chat_design_preset
78.53,6.271800,6.282400,-0.010600,0.000000,synthetic_chat_design_preset
78.54,6.269132,6.283200,-0.014068,0.000000,synthetic_chat_design_preset
78.55,6.266519,6.284000,-0.017481,0.000000,synthetic_chat_design_preset
78.56,6.263976,6.284800,-0.020824,0.000000,synthetic_chat_design_preset
78.57,6.261514,6.285600,-0.024086,0.000000,synthetic_chat_design_preset
78.58,6.259148,6.286400,-0.027252,0.000000,synthetic_chat_design_preset
78.59,6.256889,6.287200,-0.030311,0.000000,synthetic_chat_design_preset
78.60,6.254750,6.288000,-0.033250,0.000000,synthetic_chat_design_preset
78.61,6.252742,6.288800,-0.036058,0.000000,synthetic_chat_design_preset
78.62,6.250876,6.289600,-0.038724,0.000000,synthetic_chat_design_preset
78.63,6.249163,6.290400,-0.041237,0.000000,synthetic_chat_design_preset
78.64,6.247613,6.291200,-0.043587,0.000000,synthetic_chat_design_preset
78.65,6.246235,6.292000,-0.045765,0.000000,synthetic_chat_design_preset
78.66,6.245038,6.292800,-0.047762,0.000000,synthetic_chat_design_preset
78.67,6.244029,6.293600,-0.049571,0.000000,synthetic_chat_design_preset
78.68,6.243215,6.294400,-0.051185,0.000000,synthetic_chat_design_preset
78.69,6.242604,6.295200,-0.052596,0.000000,synthetic_chat_design_preset
78.70,6.242200,6.296000,-0.053800,0.000000,synthetic_chat_design_preset
78.71,6.242009,6.296800,-0.054791,0.000000,synthetic_chat_design_preset
78.72,6.242033,6.297600,-0.055567,0.000000,synthetic_chat_design_preset
78.73,6.242278,6.298400,-0.056122,0.000000,synthetic_chat_design_preset
78.74,6.242743,6.299200,-0.056457,0.000000,synthetic_chat_design_preset
78.75,6.243431,6.300000,-0.056569,0.000000,synthetic_chat_design_preset
78.76,6.244343,6.300800,-0.056457,0.000000,synthetic_chat_design_preset
78.77,6.245478,6.301600,-0.056122,0.000000,synthetic_chat_design_preset
78.78,6.246833,6.302400,-0.055567,0.000000,synthetic_chat_design_preset
78.79,6.248409,6.303200,-0.054791,0.000000,synthetic_chat_design_preset
78.80,6.250200,6.304000,-0.053800,0.000000,synthetic_chat_design_preset
78.81,6.252204,6.304800,-0.052596,0.000000,synthetic_chat_design_preset
78.82,6.254415,6.305600,-0.051185,0.000000,synthetic_chat_design_preset
78.83,6.256829,6.306400,-0.049571,0.000000,synthetic_chat_design_preset
78.84,6.259438,6.307200,-0.047762,0.000000,synthetic_chat_design_preset
78.85,6.262235,6.308000,-0.045765,0.000000,synthetic_chat_design_preset
78.86,6.265213,6.308800,-0.043587,0.000000,synthetic_chat_design_preset
78.87,6.268363,6.309600,-0.041237,0.000000,synthetic_chat_design_preset
78.88,6.271676,6.310400,-0.038724,0.000000,synthetic_chat_design_preset
78.89,6.275142,6.311200,-0.036058,0.000000,synthetic_chat_design_preset
78.90,6.278750,6.312000,-0.033250,0.000000,synthetic_chat_design_preset
78.91,6.282489,6.312800,-0.030311,0.000000,synthetic_chat_design_preset
78.92,6.286348,6.313600,-0.027252,0.000000,synthetic_chat_design_preset
78.93,6.290314,6.314400,-0.024086,0.000000,synthetic_chat_design_preset
78.94,6.294376,6.315200,-0.020824,0.000000,synthetic_chat_design_preset
78.95,6.298519,6.316000,-0.017481,0.000000,synthetic_chat_design_preset
78.96,6.302732,6.316800,-0.014068,0.000000,synthetic_chat_design_preset
78.97,6.307000,6.317600,-0.010600,0.000000,synthetic_chat_design_preset
78.98,6.311310,6.318400,-0.007090,0.000000,synthetic_chat_design_preset
78.99,6.315648,6.319200,-0.003552,0.000000,synthetic_chat_design_preset
79.00,6.320000,6.320000,0.000000,0.000000,synthetic_chat_design_preset
79.01,6.324352,6.320800,0.003552,0.000000,synthetic_chat_design_preset
79.02,6.328690,6.321600,0.007090,0.000000,synthetic_chat_design_preset
79.03,6.333000,6.322400,0.010600,0.000000,synthetic_chat_design_preset
79.04,6.337268,6.323200,0.014068,0.000000,synthetic_chat_design_preset
79.05,6.341481,6.324000,0.017481,0.000000,synthetic_chat_design_preset
79.06,6.345624,6.324800,0.020824,0.000000,synthetic_chat_design_preset
79.07,6.349686,6.325600,0.024086,0.000000,synthetic_chat_design_preset
79.08,6.353652,6.326400,0.027252,0.000000,synthetic_chat_design_preset
79.09,6.357511,6.327200,0.030311,0.000000,synthetic_chat_design_preset
79.10,6.361250,6.328000,0.033250,0.000000,synthetic_chat_design_preset
79.11,6.364858,6.328800,0.036058,0.000000,synthetic_chat_design_preset
79.12,6.368324,6.329600,0.038724,0.000000,synthetic_chat_design_preset
79.13,6.371637,6.330400,0.041237,0.000000,synthetic_chat_design_preset
79.14,6.374787,6.331200,0.043587,0.000000,synthetic_chat_design_preset
79.15,6.377765,6.332000,0.045765,0.000000,synthetic_chat_design_preset
79.16,6.380562,6.332800,0.047762,0.000000,synthetic_chat_design_preset
79.17,6.383171,6.333600,0.049571,0.000000,synthetic_chat_design_preset
79.18,6.385585,6.334400,0.051185,0.000000,synthetic_chat_design_preset
79.19,6.387796,6.335200,0.052596,0.000000,synthetic_chat_design_preset
79.20,6.389800,6.336000,0.053800,0.000000,synthetic_chat_design_preset
79.21,6.391591,6.336800,0.054791,0.000000,synthetic_chat_design_preset
79.22,6.393167,6.337600,0.055567,0.000000,synthetic_chat_design_preset
79.23,6.394522,6.338400,0.056122,0.000000,synthetic_chat_design_preset
79.24,6.395657,6.339200,0.056457,0.000000,synthetic_chat_design_preset
79.25,6.396569,6.340000,0.056569,0.000000,synthetic_chat_design_preset
79.26,6.397257,6.340800,0.056457,0.000000,synthetic_chat_design_preset
79.27,6.397722,6.341600,0.056122,0.000000,synthetic_chat_design_preset
79.28,6.397967,6.342400,0.055567,0.000000,synthetic_chat_design_preset
79.29,6.397991,6.343200,0.054791,0.000000,synthetic_chat_design_preset
79.30,6.397800,6.344000,0.053800,0.000000,synthetic_chat_design_preset
79.31,6.397396,6.344800,0.052596,0.000000,synthetic_chat_design_preset
79.32,6.396785,6.345600,0.051185,0.000000,synthetic_chat_design_preset
79.33,6.395971,6.346400,0.049571,0.000000,synthetic_chat_design_preset
79.34,6.394962,6.347200,0.047762,0.000000,synthetic_chat_design_preset
79.35,6.393765,6.348000,0.045765,0.000000,synthetic_chat_design_preset
79.36,6.392387,6.348800,0.043587,0.000000,synthetic_chat_design_preset
79.37,6.390837,6.349600,0.041237,0.000000,synthetic_chat_design_preset
79.38,6.389124,6.350400,0.038724,0.000000,synthetic_chat_design_preset
79.39,6.387258,6.351200,0.036058,0.000000,synthetic_chat_design_preset
79.40,6.385250,6.352000,0.033250,0.000000,synthetic_chat_design_preset
79.41,6.383111,6.352800,0.030311,0.000000,synthetic_chat_design_preset
79.42,6.380852,6.353600,0.027252,0.000000,synthetic_chat_design_preset
79.43,6.378486,6.354400,0.024086,0.000000,synthetic_chat_design_preset
79.44,6.376024,6.355200,0.020824,0.000000,synthetic_chat_design_preset
79.45,6.373481,6.356000,0.017481,0.000000,synthetic_chat_design_preset
79.46,6.370868,6.356800,0.014068,0.000000,synthetic_chat_design_preset
79.47,6.368200,6.357600,0.010600,0.000000,synthetic_chat_design_preset
79.48,6.365490,6.358400,0.007090,0.000000,synthetic_chat_design_preset
79.49,6.362752,6.359200,0.003552,0.000000,synthetic_chat_design_preset
79.50,6.360000,6.360000,0.000000,0.000000,synthetic_chat_design_preset
79.51,6.357248,6.360800,-0.003552,0.000000,synthetic_chat_design_preset
79.52,6.354510,6.361600,-0.007090,0.000000,synthetic_chat_design_preset
79.53,6.351800,6.362400,-0.010600,0.000000,synthetic_chat_design_preset
79.54,6.349132,6.363200,-0.014068,0.000000,synthetic_chat_design_preset
79.55,6.346519,6.364000,-0.017481,0.000000,synthetic_chat_design_preset
79.56,6.343976,6.364800,-0.020824,0.000000,synthetic_chat_design_preset
79.57,6.341514,6.365600,-0.024086,0.000000,synthetic_chat_design_preset
79.58,6.339148,6.366400,-0.027252,0.000000,synthetic_chat_design_preset
79.59,6.336889,6.367200,-0.030311,0.000000,synthetic_chat_design_preset
79.60,6.334750,6.368000,-0.033250,0.000000,synthetic_chat_design_preset
79.61,6.332742,6.368800,-0.036058,0.000000,synthetic_chat_design_preset
79.62,6.330876,6.369600,-0.038724,0.000000,synthetic_chat_design_preset
79.63,6.329163,6.370400,-0.041237,0.000000,synthetic_chat_design_preset
79.64,6.327613,6.371200,-0.043587,0.000000,synthetic_chat_design_preset
79.65,6.326235,6.372000,-0.045765,0.000000,synthetic_chat_design_preset
79.66,6.325038,6.372800,-0.047762,0.000000,synthetic_chat_design_preset
79.67,6.324029,6.373600,-0.049571,0.000000,synthetic_chat_design_preset
79.68,6.323215,6.374400,-0.051185,0.000000,synthetic_chat_design_preset
79.69,6.322604,6.375200,-0.052596,0.000000,synthetic_chat_design_preset
79.70,6.322200,6.376000,-0.053800,0.000000,synthetic_chat_design_preset
79.71,6.322009,6.376800,-0.054791,0.000000,synthetic_chat_design_preset
79.72,6.322033,6.377600,-0.055567,0.000000,synthetic_chat_design_preset
79.73,6.322278,6.378400,-0.056122,0.000000,synthetic_chat_design_preset
79.74,6.322743,6.379200,-0.056457,0.000000,synthetic_chat_design_preset
79.75,6.323431,6.380000,-0.056569,0.000000,synthetic_chat_design_preset
79.76,6.324343,6.380800,-0.056457,0.000000,synthetic_chat_design_preset
79.77,6.325478,6.381600,-0.056122,0.000000,synthetic_chat_design_preset
79.78,6.326833,6.382400,-0.055567,0.000000,synthetic_chat_design_preset
79.79,6.328409,6.383200,-0.054791,0.000000,synthetic_chat_design_preset
79.80,6.330200,6.384000,-0.053800,0.000000,synthetic_chat_design_preset
79.81,6.332204,6.384800,-0.052596,0.000000,synthetic_chat_design_preset
79.82,6.334415,6.385600,-0.051185,0.000000,synthetic_chat_design_preset
79.83,6.336829,6.386400,-0.049571,0.000000,synthetic_chat_design_preset
79.84,6.339438,6.387200,-0.047762,0.000000,synthetic_chat_design_preset
79.85,6.342235,6.388000,-0.045765,0.000000,synthetic_chat_design_preset
79.86,6.345213,6.388800,-0.043587,0.000000,synthetic_chat_design_preset
79.87,6.348363,6.389600,-0.041237,0.000000,synthetic_chat_design_preset
79.88,6.351676,6.390400,-0.038724,0.000000,synthetic_chat_design_preset
79.89,6.355142,6.391200,-0.036058,0.000000,synthetic_chat_design_preset
79.90,6.358750,6.392000,-0.033250,0.000000,synthetic_chat_design_preset
79.91,6.362489,6.392800,-0.030311,0.000000,synthetic_chat_design_preset
79.92,6.366348,6.393600,-0.027252,0.000000,synthetic_chat_design_preset
79.93,6.370314,6.394400,-0.024086,0.000000,synthetic_chat_design_preset
79.94,6.374376,6.395200,-0.020824,0.000000,synthetic_chat_design_preset
79.95,6.378519,6.396000,-0.017481,0.000000,synthetic_chat_design_preset
79.96,6.382732,6.396800,-0.014068,0.000000,synthetic_chat_design_preset
79.97,6.387000,6.397600,-0.010600,0.000000,synthetic_chat_design_preset
79.98,6.391310,6.398400,-0.007090,0.000000,synthetic_chat_design_preset
79.99,6.395648,6.399200,-0.003552,0.000000,synthetic_chat_design_preset
80.00,6.400000,6.400000,-0.000000,0.000000,synthetic_chat_design_preset
80.01,6.404352,6.400800,0.003552,0.000000,synthetic_chat_design_preset
80.02,6.408690,6.401600,0.007090,0.000000,synthetic_chat_design_preset
80.03,6.413000,6.402400,0.010600,0.000000,synthetic_chat_design_preset
80.04,6.417268,6.403200,0.014068,0.000000,synthetic_chat_design_preset
80.05,6.421481,6.404000,0.017481,0.000000,synthetic_chat_design_preset
80.06,6.425624,6.404800,0.020824,0.000000,synthetic_chat_design_preset
80.07,6.429686,6.405600,0.024086,0.000000,synthetic_chat_design_preset
80.08,6.433652,6.406400,0.027252,0.000000,synthetic_chat_design_preset
80.09,6.437511,6.407200,0.030311,0.000000,synthetic_chat_design_preset
80.10,6.441250,6.408000,0.033250,0.000000,synthetic_chat_design_preset
80.11,6.444858,6.408800,0.036058,0.000000,synthetic_chat_design_preset
80.12,6.448324,6.409600,0.038724,0.000000,synthetic_chat_design_preset
80.13,6.451637,6.410400,0.041237,0.000000,synthetic_chat_design_preset
80.14,6.454787,6.411200,0.043587,0.000000,synthetic_chat_design_preset
80.15,6.457765,6.412000,0.045765,0.000000,synthetic_chat_design_preset
80.16,6.460562,6.412800,0.047762,0.000000,synthetic_chat_design_preset
80.17,6.463171,6.413600,0.049571,0.000000,synthetic_chat_design_preset
80.18,6.465585,6.414400,0.051185,0.000000,synthetic_chat_design_preset
80.19,6.467796,6.415200,0.052596,0.000000,synthetic_chat_design_preset
80.20,6.469800,6.416000,0.053800,0.000000,synthetic_chat_design_preset
80.21,6.471591,6.416800,0.054791,0.000000,synthetic_chat_design_preset
80.22,6.473167,6.417600,0.055567,0.000000,synthetic_chat_design_preset
80.23,6.474522,6.418400,0.056122,0.000000,synthetic_chat_design_preset
80.24,6.475657,6.419200,0.056457,0.000000,synthetic_chat_design_preset
80.25,6.476569,6.420000,0.056569,0.000000,synthetic_chat_design_preset
80.26,6.477257,6.420800,0.056457,0.000000,synthetic_chat_design_preset
80.27,6.477722,6.421600,0.056122,0.000000,synthetic_chat_design_preset
80.28,6.477967,6.422400,0.055567,0.000000,synthetic_chat_design_preset
80.29,6.477991,6.423200,0.054791,0.000000,synthetic_chat_design_preset
80.30,6.477800,6.424000,0.053800,0.000000,synthetic_chat_design_preset
80.31,6.477396,6.424800,0.052596,0.000000,synthetic_chat_design_preset
80.32,6.476785,6.425600,0.051185,0.000000,synthetic_chat_design_preset
80.33,6.475971,6.426400,0.049571,0.000000,synthetic_chat_design_preset
80.34,6.474962,6.427200,0.047762,0.000000,synthetic_chat_design_preset
80.35,6.473765,6.428000,0.045765,0.000000,synthetic_chat_design_preset
80.36,6.472387,6.428800,0.043587,0.000000,synthetic_chat_design_preset
80.37,6.470837,6.429600,0.041237,0.000000,synthetic_chat_design_preset
80.38,6.469124,6.430400,0.038724,0.000000,synthetic_chat_design_preset
80.39,6.467258,6.431200,0.036058,0.000000,synthetic_chat_design_preset
80.40,6.465250,6.432000,0.033250,0.000000,synthetic_chat_design_preset
80.41,6.463111,6.432800,0.030311,0.000000,synthetic_chat_design_preset
80.42,6.460852,6.433600,0.027252,0.000000,synthetic_chat_design_preset
80.43,6.458486,6.434400,0.024086,0.000000,synthetic_chat_design_preset
80.44,6.456024,6.435200,0.020824,0.000000,synthetic_chat_design_preset
80.45,6.453481,6.436000,0.017481,0.000000,synthetic_chat_design_preset
80.46,6.450868,6.436800,0.014068,0.000000,synthetic_chat_design_preset
80.47,6.448200,6.437600,0.010600,0.000000,synthetic_chat_design_preset
80.48,6.445490,6.438400,0.007090,0.000000,synthetic_chat_design_preset
80.49,6.442752,6.439200,0.003552,0.000000,synthetic_chat_design_preset
80.50,6.440000,6.440000,0.000000,0.000000,synthetic_chat_design_preset
80.51,6.437248,6.440800,-0.003552,0.000000,synthetic_chat_design_preset
80.52,6.434510,6.441600,-0.007090,0.000000,synthetic_chat_design_preset
80.53,6.431800,6.442400,-0.010600,0.000000,synthetic_chat_design_preset
80.54,6.429132,6.443200,-0.014068,0.000000,synthetic_chat_design_preset
80.55,6.426519,6.444000,-0.017481,0.000000,synthetic_chat_design_preset
80.56,6.423976,6.444800,-0.020824,0.000000,synthetic_chat_design_preset
80.57,6.421514,6.445600,-0.024086,0.000000,synthetic_chat_design_preset
80.58,6.419148,6.446400,-0.027252,0.000000,synthetic_chat_design_preset
80.59,6.416889,6.447200,-0.030311,0.000000,synthetic_chat_design_preset
80.60,6.414750,6.448000,-0.033250,0.000000,synthetic_chat_design_preset
80.61,6.412742,6.448800,-0.036058,0.000000,synthetic_chat_design_preset
80.62,6.410876,6.449600,-0.038724,0.000000,synthetic_chat_design_preset
80.63,6.409163,6.450400,-0.041237,0.000000,synthetic_chat_design_preset
80.64,6.407613,6.451200,-0.043587,0.000000,synthetic_chat_design_preset
80.65,6.406235,6.452000,-0.045765,0.000000,synthetic_chat_design_preset
80.66,6.405038,6.452800,-0.047762,0.000000,synthetic_chat_design_preset
80.67,6.404029,6.453600,-0.049571,0.000000,synthetic_chat_design_preset
80.68,6.403215,6.454400,-0.051185,0.000000,synthetic_chat_design_preset
80.69,6.402604,6.455200,-0.052596,0.000000,synthetic_chat_design_preset
80.70,6.402200,6.456000,-0.053800,0.000000,synthetic_chat_design_preset
80.71,6.402009,6.456800,-0.054791,0.000000,synthetic_chat_design_preset
80.72,6.402033,6.457600,-0.055567,0.000000,synthetic_chat_design_preset
80.73,6.402278,6.458400,-0.056122,0.000000,synthetic_chat_design_preset
80.74,6.402743,6.459200,-0.056457,0.000000,synthetic_chat_design_preset
80.75,6.403431,6.460000,-0.056569,0.000000,synthetic_chat_design_preset
80.76,6.404343,6.460800,-0.056457,0.000000,synthetic_chat_design_preset
80.77,6.405478,6.461600,-0.056122,0.000000,synthetic_chat_design_preset
80.78,6.406833,6.462400,-0.055567,0.000000,synthetic_chat_design_preset
80.79,6.408409,6.463200,-0.054791,0.000000,synthetic_chat_design_preset
80.80,6.410200,6.464000,-0.053800,0.000000,synthetic_chat_design_preset
80.81,6.412204,6.464800,-0.052596,0.000000,synthetic_chat_design_preset
80.82,6.414415,6.465600,-0.051185,0.000000,synthetic_chat_design_preset
80.83,6.416829,6.466400,-0.049571,0.000000,synthetic_chat_design_preset
80.84,6.419438,6.467200,-0.047762,0.000000,synthetic_chat_design_preset
80.85,6.422235,6.468000,-0.045765,0.000000,synthetic_chat_design_preset
80.86,6.425213,6.468800,-0.043587,0.000000,synthetic_chat_design_preset
80.87,6.428363,6.469600,-0.041237,0.000000,synthetic_chat_design_preset
80.88,6.431676,6.470400,-0.038724,0.000000,synthetic_chat_design_preset
80.89,6.435142,6.471200,-0.036058,0.000000,synthetic_chat_design_preset
80.90,6.438750,6.472000,-0.033250,0.000000,synthetic_chat_design_preset
80.91,6.442489,6.472800,-0.030311,0.000000,synthetic_chat_design_preset
80.92,6.446348,6.473600,-0.027252,0.000000,synthetic_chat_design_preset
80.93,6.450314,6.474400,-0.024086,0.000000,synthetic_chat_design_preset
80.94,6.454376,6.475200,-0.020824,0.000000,synthetic_chat_design_preset
80.95,6.458519,6.476000,-0.017481,0.000000,synthetic_chat_design_preset
80.96,6.462732,6.476800,-0.014068,0.000000,synthetic_chat_design_preset
80.97,6.467000,6.477600,-0.010600,0.000000,synthetic_chat_design_preset
80.98,6.471310,6.478400,-0.007090,0.000000,synthetic_chat_design_preset
80.99,6.475648,6.479200,-0.003552,0.000000,synthetic_chat_design_preset
81.00,6.480000,6.480000,-0.000000,0.000000,synthetic_chat_design_preset
81.01,6.484352,6.480800,0.003552,0.000000,synthetic_chat_design_preset
81.02,6.488690,6.481600,0.007090,0.000000,synthetic_chat_design_preset
81.03,6.493000,6.482400,0.010600,0.000000,synthetic_chat_design_preset
81.04,6.497268,6.483200,0.014068,0.000000,synthetic_chat_design_preset
81.05,6.501481,6.484000,0.017481,0.000000,synthetic_chat_design_preset
81.06,6.505624,6.484800,0.020824,0.000000,synthetic_chat_design_preset
81.07,6.509686,6.485600,0.024086,0.000000,synthetic_chat_design_preset
81.08,6.513652,6.486400,0.027252,0.000000,synthetic_chat_design_preset
81.09,6.517511,6.487200,0.030311,0.000000,synthetic_chat_design_preset
81.10,6.521250,6.488000,0.033250,0.000000,synthetic_chat_design_preset
81.11,6.524858,6.488800,0.036058,0.000000,synthetic_chat_design_preset
81.12,6.528324,6.489600,0.038724,0.000000,synthetic_chat_design_preset
81.13,6.531637,6.490400,0.041237,0.000000,synthetic_chat_design_preset
81.14,6.534787,6.491200,0.043587,0.000000,synthetic_chat_design_preset
81.15,6.537765,6.492000,0.045765,0.000000,synthetic_chat_design_preset
81.16,6.540562,6.492800,0.047762,0.000000,synthetic_chat_design_preset
81.17,6.543171,6.493600,0.049571,0.000000,synthetic_chat_design_preset
81.18,6.545585,6.494400,0.051185,0.000000,synthetic_chat_design_preset
81.19,6.547796,6.495200,0.052596,0.000000,synthetic_chat_design_preset
81.20,6.549800,6.496000,0.053800,0.000000,synthetic_chat_design_preset
81.21,6.551591,6.496800,0.054791,0.000000,synthetic_chat_design_preset
81.22,6.553167,6.497600,0.055567,0.000000,synthetic_chat_design_preset
81.23,6.554522,6.498400,0.056122,0.000000,synthetic_chat_design_preset
81.24,6.555657,6.499200,0.056457,0.000000,synthetic_chat_design_preset
81.25,6.556569,6.500000,0.056569,0.000000,synthetic_chat_design_preset
81.26,6.557257,6.500800,0.056457,0.000000,synthetic_chat_design_preset
81.27,6.557722,6.501600,0.056122,0.000000,synthetic_chat_design_preset
81.28,6.557967,6.502400,0.055567,0.000000,synthetic_chat_design_preset
81.29,6.557991,6.503200,0.054791,0.000000,synthetic_chat_design_preset
81.30,6.557800,6.504000,0.053800,0.000000,synthetic_chat_design_preset
81.31,6.557396,6.504800,0.052596,0.000000,synthetic_chat_design_preset
81.32,6.556785,6.505600,0.051185,0.000000,synthetic_chat_design_preset
81.33,6.555971,6.506400,0.049571,0.000000,synthetic_chat_design_preset
81.34,6.554962,6.507200,0.047762,0.000000,synthetic_chat_design_preset
81.35,6.553765,6.508000,0.045765,0.000000,synthetic_chat_design_preset
81.36,6.552387,6.508800,0.043587,0.000000,synthetic_chat_design_preset
81.37,6.550837,6.509600,0.041237,0.000000,synthetic_chat_design_preset
81.38,6.549124,6.510400,0.038724,0.000000,synthetic_chat_design_preset
81.39,6.547258,6.511200,0.036058,0.000000,synthetic_chat_design_preset
81.40,6.545250,6.512000,0.033250,0.000000,synthetic_chat_design_preset
81.41,6.543111,6.512800,0.030311,0.000000,synthetic_chat_design_preset
81.42,6.540852,6.513600,0.027252,0.000000,synthetic_chat_design_preset
81.43,6.538486,6.514400,0.024086,0.000000,synthetic_chat_design_preset
81.44,6.536024,6.515200,0.020824,0.000000,synthetic_chat_design_preset
81.45,6.533481,6.516000,0.017481,0.000000,synthetic_chat_design_preset
81.46,6.530868,6.516800,0.014068,0.000000,synthetic_chat_design_preset
81.47,6.528200,6.517600,0.010600,0.000000,synthetic_chat_design_preset
81.48,6.525490,6.518400,0.007090,0.000000,synthetic_chat_design_preset
81.49,6.522752,6.519200,0.003552,0.000000,synthetic_chat_design_preset
81.50,6.520000,6.520000,0.000000,0.000000,synthetic_chat_design_preset
81.51,6.517248,6.520800,-0.003552,0.000000,synthetic_chat_design_preset
81.52,6.514510,6.521600,-0.007090,0.000000,synthetic_chat_design_preset
81.53,6.511800,6.522400,-0.010600,0.000000,synthetic_chat_design_preset
81.54,6.509132,6.523200,-0.014068,0.000000,synthetic_chat_design_preset
81.55,6.506519,6.524000,-0.017481,0.000000,synthetic_chat_design_preset
81.56,6.503976,6.524800,-0.020824,0.000000,synthetic_chat_design_preset
81.57,6.501514,6.525600,-0.024086,0.000000,synthetic_chat_design_preset
81.58,6.499148,6.526400,-0.027252,0.000000,synthetic_chat_design_preset
81.59,6.496889,6.527200,-0.030311,0.000000,synthetic_chat_design_preset
81.60,6.494750,6.528000,-0.033250,0.000000,synthetic_chat_design_preset
81.61,6.492742,6.528800,-0.036058,0.000000,synthetic_chat_design_preset
81.62,6.490876,6.529600,-0.038724,0.000000,synthetic_chat_design_preset
81.63,6.489163,6.530400,-0.041237,0.000000,synthetic_chat_design_preset
81.64,6.487613,6.531200,-0.043587,0.000000,synthetic_chat_design_preset
81.65,6.486235,6.532000,-0.045765,0.000000,synthetic_chat_design_preset
81.66,6.485038,6.532800,-0.047762,0.000000,synthetic_chat_design_preset
81.67,6.484029,6.533600,-0.049571,0.000000,synthetic_chat_design_preset
81.68,6.483215,6.534400,-0.051185,0.000000,synthetic_chat_design_preset
81.69,6.482604,6.535200,-0.052596,0.000000,synthetic_chat_design_preset
81.70,6.482200,6.536000,-0.053800,0.000000,synthetic_chat_design_preset
81.71,6.482009,6.536800,-0.054791,0.000000,synthetic_chat_design_preset
81.72,6.482033,6.537600,-0.055567,0.000000,synthetic_chat_design_preset
81.73,6.482278,6.538400,-0.056122,0.000000,synthetic_chat_design_preset
81.74,6.482743,6.539200,-0.056457,0.000000,synthetic_chat_design_preset
81.75,6.483431,6.540000,-0.056569,0.000000,synthetic_chat_design_preset
81.76,6.484343,6.540800,-0.056457,0.000000,synthetic_chat_design_preset
81.77,6.485478,6.541600,-0.056122,0.000000,synthetic_chat_design_preset
81.78,6.486833,6.542400,-0.055567,0.000000,synthetic_chat_design_preset
81.79,6.488409,6.543200,-0.054791,0.000000,synthetic_chat_design_preset
81.80,6.490200,6.544000,-0.053800,0.000000,synthetic_chat_design_preset
81.81,6.492204,6.544800,-0.052596,0.000000,synthetic_chat_design_preset
81.82,6.494415,6.545600,-0.051185,0.000000,synthetic_chat_design_preset
81.83,6.496829,6.546400,-0.049571,0.000000,synthetic_chat_design_preset
81.84,6.499438,6.547200,-0.047762,0.000000,synthetic_chat_design_preset
81.85,6.502235,6.548000,-0.045765,0.000000,synthetic_chat_design_preset
81.86,6.505213,6.548800,-0.043587,0.000000,synthetic_chat_design_preset
81.87,6.508363,6.549600,-0.041237,0.000000,synthetic_chat_design_preset
81.88,6.511676,6.550400,-0.038724,0.000000,synthetic_chat_design_preset
81.89,6.515142,6.551200,-0.036058,0.000000,synthetic_chat_design_preset
81.90,6.518750,6.552000,-0.033250,0.000000,synthetic_chat_design_preset
81.91,6.522489,6.552800,-0.030311,0.000000,synthetic_chat_design_preset
81.92,6.526348,6.553600,-0.027252,0.000000,synthetic_chat_design_preset
81.93,6.530314,6.554400,-0.024086,0.000000,synthetic_chat_design_preset
81.94,6.534376,6.555200,-0.020824,0.000000,synthetic_chat_design_preset
81.95,6.538519,6.556000,-0.017481,0.000000,synthetic_chat_design_preset
81.96,6.542732,6.556800,-0.014068,0.000000,synthetic_chat_design_preset
81.97,6.547000,6.557600,-0.010600,0.000000,synthetic_chat_design_preset
81.98,6.551310,6.558400,-0.007090,0.000000,synthetic_chat_design_preset
81.99,6.555681,6.559200,-0.003552,0.000033,synthetic_chat_design_preset
82.00,6.560045,6.560000,-0.000000,0.000045,synthetic_chat_design_preset
82.01,6.564413,6.560800,0.003552,0.000061,synthetic_chat_design_preset
82.02,6.568773,6.561600,0.007090,0.000083,synthetic_chat_design_preset
82.03,6.573111,6.562400,0.010600,0.000111,synthetic_chat_design_preset
82.04,6.577416,6.563200,0.014068,0.000148,synthetic_chat_design_preset
82.05,6.581676,6.564000,0.017481,0.000195,synthetic_chat_design_preset
82.06,6.585881,6.564800,0.020824,0.000257,synthetic_chat_design_preset
82.07,6.590022,6.565600,0.024086,0.000336,synthetic_chat_design_preset
82.08,6.594089,6.566400,0.027252,0.000436,synthetic_chat_design_preset
82.09,6.598075,6.567200,0.030311,0.000564,synthetic_chat_design_preset
82.10,6.601973,6.568000,0.033250,0.000723,synthetic_chat_design_preset
82.11,6.605781,6.568800,0.036058,0.000923,synthetic_chat_design_preset
82.12,6.609493,6.569600,0.038724,0.001170,synthetic_chat_design_preset
82.13,6.613110,6.570400,0.041237,0.001474,synthetic_chat_design_preset
82.14,6.616632,6.571200,0.043587,0.001845,synthetic_chat_design_preset
82.15,6.620061,6.572000,0.045765,0.002296,synthetic_chat_design_preset
82.16,6.623403,6.572800,0.047762,0.002840,synthetic_chat_design_preset
82.17,6.626663,6.573600,0.049571,0.003492,synthetic_chat_design_preset
82.18,6.629850,6.574400,0.051185,0.004266,synthetic_chat_design_preset
82.19,6.632975,6.575200,0.052596,0.005179,synthetic_chat_design_preset
82.20,6.636050,6.576000,0.053800,0.006250,synthetic_chat_design_preset
82.21,6.639087,6.576800,0.054791,0.007496,synthetic_chat_design_preset
82.22,6.642101,6.577600,0.055567,0.008935,synthetic_chat_design_preset
82.23,6.645107,6.578400,0.056122,0.010584,synthetic_chat_design_preset
82.24,6.648118,6.579200,0.056457,0.012462,synthetic_chat_design_preset
82.25,6.651150,6.580000,0.056569,0.014582,synthetic_chat_design_preset
82.26,6.654214,6.580800,0.056457,0.016958,synthetic_chat_design_preset
82.27,6.657322,6.581600,0.056122,0.019600,synthetic_chat_design_preset
82.28,6.660480,6.582400,0.055567,0.022514,synthetic_chat_design_preset
82.29,6.663694,6.583200,0.054791,0.025703,synthetic_chat_design_preset
82.30,6.666963,6.584000,0.053800,0.029163,synthetic_chat_design_preset
82.31,6.670282,6.584800,0.052596,0.032886,synthetic_chat_design_preset
82.32,6.673641,6.585600,0.051185,0.036857,synthetic_chat_design_preset
82.33,6.677024,6.586400,0.049571,0.041053,synthetic_chat_design_preset
82.34,6.680408,6.587200,0.047762,0.045446,synthetic_chat_design_preset
82.35,6.683765,6.588000,0.045765,0.050000,synthetic_chat_design_preset
82.36,6.687059,6.588800,0.043587,0.054673,synthetic_chat_design_preset
82.37,6.690251,6.589600,0.041237,0.059415,synthetic_chat_design_preset
82.38,6.693295,6.590400,0.038724,0.064171,synthetic_chat_design_preset
82.39,6.696141,6.591200,0.036058,0.068883,synthetic_chat_design_preset
82.40,6.698737,6.592000,0.033250,0.073487,synthetic_chat_design_preset
82.41,6.701027,6.592800,0.030311,0.077916,synthetic_chat_design_preset
82.42,6.702958,6.593600,0.027252,0.082106,synthetic_chat_design_preset
82.43,6.704475,6.594400,0.024086,0.085989,synthetic_chat_design_preset
82.44,6.705527,6.595200,0.020824,0.089503,synthetic_chat_design_preset
82.45,6.706068,6.596000,0.017481,0.092587,synthetic_chat_design_preset
82.46,6.706058,6.596800,0.014068,0.095190,synthetic_chat_design_preset
82.47,6.705465,6.597600,0.010600,0.097265,synthetic_chat_design_preset
82.48,6.704265,6.598400,0.007090,0.098775,synthetic_chat_design_preset
82.49,6.702444,6.599200,0.003552,0.099692,synthetic_chat_design_preset
82.50,6.700000,6.600000,0.000000,0.100000,synthetic_chat_design_preset
82.51,6.696940,6.600800,-0.003552,0.099692,synthetic_chat_design_preset
82.52,6.693285,6.601600,-0.007090,0.098775,synthetic_chat_design_preset
82.53,6.689066,6.602400,-0.010600,0.097265,synthetic_chat_design_preset
82.54,6.684322,6.603200,-0.014068,0.095190,synthetic_chat_design_preset
82.55,6.679107,6.604000,-0.017481,0.092587,synthetic_chat_design_preset
82.56,6.673478,6.604800,-0.020824,0.089503,synthetic_chat_design_preset
82.57,6.667503,6.605600,-0.024086,0.085989,synthetic_chat_design_preset
82.58,6.661254,6.606400,-0.027252,0.082106,synthetic_chat_design_preset
82.59,6.654806,6.607200,-0.030311,0.077916,synthetic_chat_design_preset
82.60,6.648237,6.608000,-0.033250,0.073487,synthetic_chat_design_preset
82.61,6.641625,6.608800,-0.036058,0.068883,synthetic_chat_design_preset
82.62,6.635047,6.609600,-0.038724,0.064171,synthetic_chat_design_preset
82.63,6.628578,6.610400,-0.041237,0.059415,synthetic_chat_design_preset
82.64,6.622286,6.611200,-0.043587,0.054673,synthetic_chat_design_preset
82.65,6.616235,6.612000,-0.045765,0.050000,synthetic_chat_design_preset
82.66,6.610484,6.612800,-0.047762,0.045446,synthetic_chat_design_preset
82.67,6.605081,6.613600,-0.049571,0.041053,synthetic_chat_design_preset
82.68,6.600072,6.614400,-0.051185,0.036857,synthetic_chat_design_preset
82.69,6.595490,6.615200,-0.052596,0.032886,synthetic_chat_design_preset
82.70,6.591363,6.616000,-0.053800,0.029163,synthetic_chat_design_preset
82.71,6.587712,6.616800,-0.054791,0.025703,synthetic_chat_design_preset
82.72,6.584547,6.617600,-0.055567,0.022514,synthetic_chat_design_preset
82.73,6.581877,6.618400,-0.056122,0.019600,synthetic_chat_design_preset
82.74,6.579701,6.619200,-0.056457,0.016958,synthetic_chat_design_preset
82.75,6.578013,6.620000,-0.056569,0.014582,synthetic_chat_design_preset
82.76,6.576805,6.620800,-0.056457,0.012462,synthetic_chat_design_preset
82.77,6.576062,6.621600,-0.056122,0.010584,synthetic_chat_design_preset
82.78,6.575768,6.622400,-0.055567,0.008935,synthetic_chat_design_preset
82.79,6.575904,6.623200,-0.054791,0.007496,synthetic_chat_design_preset
82.80,6.576450,6.624000,-0.053800,0.006250,synthetic_chat_design_preset
82.81,6.577383,6.624800,-0.052596,0.005179,synthetic_chat_design_preset
82.82,6.578681,6.625600,-0.051185,0.004266,synthetic_chat_design_preset
82.83,6.580320,6.626400,-0.049571,0.003492,synthetic_chat_design_preset
82.84,6.582278,6.627200,-0.047762,0.002840,synthetic_chat_design_preset
82.85,6.584532,6.628000,-0.045765,0.002296,synthetic_chat_design_preset
82.86,6.587058,6.628800,-0.043587,0.001845,synthetic_chat_design_preset
82.87,6.589837,6.629600,-0.041237,0.001474,synthetic_chat_design_preset
82.88,6.592846,6.630400,-0.038724,0.001170,synthetic_chat_design_preset
82.89,6.596065,6.631200,-0.036058,0.000923,synthetic_chat_design_preset
82.90,6.599473,6.632000,-0.033250,0.000723,synthetic_chat_design_preset
82.91,6.603053,6.632800,-0.030311,0.000564,synthetic_chat_design_preset
82.92,6.606784,6.633600,-0.027252,0.000436,synthetic_chat_design_preset
82.93,6.610650,6.634400,-0.024086,0.000336,synthetic_chat_design_preset
82.94,6.614633,6.635200,-0.020824,0.000257,synthetic_chat_design_preset
82.95,6.618715,6.636000,-0.017481,0.000195,synthetic_chat_design_preset
82.96,6.622880,6.636800,-0.014068,0.000148,synthetic_chat_design_preset
82.97,6.627111,6.637600,-0.010600,0.000111,synthetic_chat_design_preset
82.98,6.631393,6.638400,-0.007090,0.000083,synthetic_chat_design_preset
82.99,6.635709,6.639200,-0.003552,0.000061,synthetic_chat_design_preset
83.00,6.640045,6.640000,0.000000,0.000045,synthetic_chat_design_preset
83.01,6.644352,6.640800,0.003552,0.000000,synthetic_chat_design_preset
83.02,6.648690,6.641600,0.007090,0.000000,synthetic_chat_design_preset
83.03,6.653000,6.642400,0.010600,0.000000,synthetic_chat_design_preset
83.04,6.657268,6.643200,0.014068,0.000000,synthetic_chat_design_preset
83.05,6.661481,6.644000,0.017481,0.000000,synthetic_chat_design_preset
83.06,6.665624,6.644800,0.020824,0.000000,synthetic_chat_design_preset
83.07,6.669686,6.645600,0.024086,0.000000,synthetic_chat_design_preset
83.08,6.673652,6.646400,0.027252,0.000000,synthetic_chat_design_preset
83.09,6.677511,6.647200,0.030311,0.000000,synthetic_chat_design_preset
83.10,6.681250,6.648000,0.033250,0.000000,synthetic_chat_design_preset
83.11,6.684858,6.648800,0.036058,0.000000,synthetic_chat_design_preset
83.12,6.688324,6.649600,0.038724,0.000000,synthetic_chat_design_preset
83.13,6.691637,6.650400,0.041237,0.000000,synthetic_chat_design_preset
83.14,6.694787,6.651200,0.043587,0.000000,synthetic_chat_design_preset
83.15,6.697765,6.652000,0.045765,0.000000,synthetic_chat_design_preset
83.16,6.700562,6.652800,0.047762,0.000000,synthetic_chat_design_preset
83.17,6.703171,6.653600,0.049571,0.000000,synthetic_chat_design_preset
83.18,6.705585,6.654400,0.051185,0.000000,synthetic_chat_design_preset
83.19,6.707796,6.655200,0.052596,0.000000,synthetic_chat_design_preset
83.20,6.709800,6.656000,0.053800,0.000000,synthetic_chat_design_preset
83.21,6.711591,6.656800,0.054791,0.000000,synthetic_chat_design_preset
83.22,6.713167,6.657600,0.055567,0.000000,synthetic_chat_design_preset
83.23,6.714522,6.658400,0.056122,0.000000,synthetic_chat_design_preset
83.24,6.715657,6.659200,0.056457,0.000000,synthetic_chat_design_preset
83.25,6.716569,6.660000,0.056569,0.000000,synthetic_chat_design_preset
83.26,6.717257,6.660800,0.056457,0.000000,synthetic_chat_design_preset
83.27,6.717722,6.661600,0.056122,0.000000,synthetic_chat_design_preset
83.28,6.717967,6.662400,0.055567,0.000000,synthetic_chat_design_preset
83.29,6.717991,6.663200,0.054791,0.000000,synthetic_chat_design_preset
83.30,6.717800,6.664000,0.053800,0.000000,synthetic_chat_design_preset
83.31,6.717396,6.664800,0.052596,0.000000,synthetic_chat_design_preset
83.32,6.716785,6.665600,0.051185,0.000000,synthetic_chat_design_preset
83.33,6.715971,6.666400,0.049571,0.000000,synthetic_chat_design_preset
83.34,6.714962,6.667200,0.047762,0.000000,synthetic_chat_design_preset
83.35,6.713765,6.668000,0.045765,0.000000,synthetic_chat_design_preset
83.36,6.712387,6.668800,0.043587,0.000000,synthetic_chat_design_preset
83.37,6.710837,6.669600,0.041237,0.000000,synthetic_chat_design_preset
83.38,6.709124,6.670400,0.038724,0.000000,synthetic_chat_design_preset
83.39,6.707258,6.671200,0.036058,0.000000,synthetic_chat_design_preset
83.40,6.705250,6.672000,0.033250,0.000000,synthetic_chat_design_preset
83.41,6.703111,6.672800,0.030311,0.000000,synthetic_chat_design_preset
83.42,6.700852,6.673600,0.027252,0.000000,synthetic_chat_design_preset
83.43,6.698486,6.674400,0.024086,0.000000,synthetic_chat_design_preset
83.44,6.696024,6.675200,0.020824,0.000000,synthetic_chat_design_preset
83.45,6.693481,6.676000,0.017481,0.000000,synthetic_chat_design_preset
83.46,6.690868,6.676800,0.014068,0.000000,synthetic_chat_design_preset
83.47,6.688200,6.677600,0.010600,0.000000,synthetic_chat_design_preset
83.48,6.685490,6.678400,0.007090,0.000000,synthetic_chat_design_preset
83.49,6.682752,6.679200,0.003552,0.000000,synthetic_chat_design_preset
83.50,6.680000,6.680000,-0.000000,0.000000,synthetic_chat_design_preset
83.51,6.677248,6.680800,-0.003552,0.000000,synthetic_chat_design_preset
83.52,6.674510,6.681600,-0.007090,0.000000,synthetic_chat_design_preset
83.53,6.671800,6.682400,-0.010600,0.000000,synthetic_chat_design_preset
83.54,6.669132,6.683200,-0.014068,0.000000,synthetic_chat_design_preset
83.55,6.666519,6.684000,-0.017481,0.000000,synthetic_chat_design_preset
83.56,6.663976,6.684800,-0.020824,0.000000,synthetic_chat_design_preset
83.57,6.661514,6.685600,-0.024086,0.000000,synthetic_chat_design_preset
83.58,6.659148,6.686400,-0.027252,0.000000,synthetic_chat_design_preset
83.59,6.656889,6.687200,-0.030311,0.000000,synthetic_chat_design_preset
83.60,6.654750,6.688000,-0.033250,0.000000,synthetic_chat_design_preset
83.61,6.652742,6.688800,-0.036058,0.000000,synthetic_chat_design_preset
83.62,6.650876,6.689600,-0.038724,0.000000,synthetic_chat_design_preset
83.63,6.649163,6.690400,-0.041237,0.000000,synthetic_chat_design_preset
83.64,6.647613,6.691200,-0.043587,0.000000,synthetic_chat_design_preset
83.65,6.646235,6.692000,-0.045765,0.000000,synthetic_chat_design_preset
83.66,6.645038,6.692800,-0.047762,0.000000,synthetic_chat_design_preset
83.67,6.644029,6.693600,-0.049571,0.000000,synthetic_chat_design_preset
83.68,6.643215,6.694400,-0.051185,0.000000,synthetic_chat_design_preset
83.69,6.642604,6.695200,-0.052596,0.000000,synthetic_chat_design_preset
83.70,6.642200,6.696000,-0.053800,0.000000,synthetic_chat_design_preset
83.71,6.642009,6.696800,-0.054791,0.000000,synthetic_chat_design_preset
83.72,6.642033,6.697600,-0.055567,0.000000,synthetic_chat_design_preset
83.73,6.642278,6.698400,-0.056122,0.000000,synthetic_chat_design_preset
83.74,6.642743,6.699200,-0.056457,0.000000,synthetic_chat_design_preset
83.75,6.643431,6.700000,-0.056569,0.000000,synthetic_chat_design_preset
83.76,6.644343,6.700800,-0.056457,0.000000,synthetic_chat_design_preset
83.77,6.645478,6.701600,-0.056122,0.000000,synthetic_chat_design_preset
83.78,6.646833,6.702400,-0.055567,0.000000,synthetic_chat_design_preset
83.79,6.648409,6.703200,-0.054791,0.000000,synthetic_chat_design_preset
83.80,6.650200,6.704000,-0.053800,0.000000,synthetic_chat_design_preset
83.81,6.652204,6.704800,-0.052596,0.000000,synthetic_chat_design_preset
83.82,6.654415,6.705600,-0.051185,0.000000,synthetic_chat_design_preset
83.83,6.656829,6.706400,-0.049571,0.000000,synthetic_chat_design_preset
83.84,6.659438,6.707200,-0.047762,0.000000,synthetic_chat_design_preset
83.85,6.662235,6.708000,-0.045765,0.000000,synthetic_chat_design_preset
83.86,6.665213,6.708800,-0.043587,0.000000,synthetic_chat_design_preset
83.87,6.668363,6.709600,-0.041237,0.000000,synthetic_chat_design_preset
83.88,6.671676,6.710400,-0.038724,0.000000,synthetic_chat_design_preset
83.89,6.675142,6.711200,-0.036058,0.000000,synthetic_chat_design_preset
83.90,6.678750,6.712000,-0.033250,0.000000,synthetic_chat_design_preset
83.91,6.682489,6.712800,-0.030311,0.000000,synthetic_chat_design_preset
83.92,6.686348,6.713600,-0.027252,0.000000,synthetic_chat_design_preset
83.93,6.690314,6.714400,-0.024086,0.000000,synthetic_chat_design_preset
83.94,6.694376,6.715200,-0.020824,0.000000,synthetic_chat_design_preset
83.95,6.698519,6.716000,-0.017481,0.000000,synthetic_chat_design_preset
83.96,6.702732,6.716800,-0.014068,0.000000,synthetic_chat_design_preset
83.97,6.707000,6.717600,-0.010600,0.000000,synthetic_chat_design_preset
83.98,6.711310,6.718400,-0.007090,0.000000,synthetic_chat_design_preset
83.99,6.715648,6.719200,-0.003552,0.000000,synthetic_chat_design_preset
84.00,6.720000,6.720000,0.000000,0.000000,synthetic_chat_design_preset
84.01,6.724352,6.720800,0.003552,0.000000,synthetic_chat_design_preset
84.02,6.728690,6.721600,0.007090,0.000000,synthetic_chat_design_preset
84.03,6.733000,6.722400,0.010600,0.000000,synthetic_chat_design_preset
84.04,6.737268,6.723200,0.014068,0.000000,synthetic_chat_design_preset
84.05,6.741481,6.724000,0.017481,0.000000,synthetic_chat_design_preset
84.06,6.745624,6.724800,0.020824,0.000000,synthetic_chat_design_preset
84.07,6.749686,6.725600,0.024086,0.000000,synthetic_chat_design_preset
84.08,6.753652,6.726400,0.027252,0.000000,synthetic_chat_design_preset
84.09,6.757511,6.727200,0.030311,0.000000,synthetic_chat_design_preset
84.10,6.761250,6.728000,0.033250,0.000000,synthetic_chat_design_preset
84.11,6.764858,6.728800,0.036058,0.000000,synthetic_chat_design_preset
84.12,6.768324,6.729600,0.038724,0.000000,synthetic_chat_design_preset
84.13,6.771637,6.730400,0.041237,0.000000,synthetic_chat_design_preset
84.14,6.774787,6.731200,0.043587,0.000000,synthetic_chat_design_preset
84.15,6.777765,6.732000,0.045765,0.000000,synthetic_chat_design_preset
84.16,6.780562,6.732800,0.047762,0.000000,synthetic_chat_design_preset
84.17,6.783171,6.733600,0.049571,0.000000,synthetic_chat_design_preset
84.18,6.785585,6.734400,0.051185,0.000000,synthetic_chat_design_preset
84.19,6.787796,6.735200,0.052596,0.000000,synthetic_chat_design_preset
84.20,6.789800,6.736000,0.053800,0.000000,synthetic_chat_design_preset
84.21,6.791591,6.736800,0.054791,0.000000,synthetic_chat_design_preset
84.22,6.793167,6.737600,0.055567,0.000000,synthetic_chat_design_preset
84.23,6.794522,6.738400,0.056122,0.000000,synthetic_chat_design_preset
84.24,6.795657,6.739200,0.056457,0.000000,synthetic_chat_design_preset
84.25,6.796569,6.740000,0.056569,0.000000,synthetic_chat_design_preset
84.26,6.797257,6.740800,0.056457,0.000000,synthetic_chat_design_preset
84.27,6.797722,6.741600,0.056122,0.000000,synthetic_chat_design_preset
84.28,6.797967,6.742400,0.055567,0.000000,synthetic_chat_design_preset
84.29,6.797991,6.743200,0.054791,0.000000,synthetic_chat_design_preset
84.30,6.797800,6.744000,0.053800,0.000000,synthetic_chat_design_preset
84.31,6.797396,6.744800,0.052596,0.000000,synthetic_chat_design_preset
84.32,6.796785,6.745600,0.051185,0.000000,synthetic_chat_design_preset
84.33,6.795971,6.746400,0.049571,0.000000,synthetic_chat_design_preset
84.34,6.794962,6.747200,0.047762,0.000000,synthetic_chat_design_preset
84.35,6.793765,6.748000,0.045765,0.000000,synthetic_chat_design_preset
84.36,6.792387,6.748800,0.043587,0.000000,synthetic_chat_design_preset
84.37,6.790837,6.749600,0.041237,0.000000,synthetic_chat_design_preset
84.38,6.789124,6.750400,0.038724,0.000000,synthetic_chat_design_preset
84.39,6.787258,6.751200,0.036058,0.000000,synthetic_chat_design_preset
84.40,6.785250,6.752000,0.033250,0.000000,synthetic_chat_design_preset
84.41,6.783111,6.752800,0.030311,0.000000,synthetic_chat_design_preset
84.42,6.780852,6.753600,0.027252,0.000000,synthetic_chat_design_preset
84.43,6.778486,6.754400,0.024086,0.000000,synthetic_chat_design_preset
84.44,6.776024,6.755200,0.020824,0.000000,synthetic_chat_design_preset
84.45,6.773481,6.756000,0.017481,0.000000,synthetic_chat_design_preset
84.46,6.770868,6.756800,0.014068,0.000000,synthetic_chat_design_preset
84.47,6.768200,6.757600,0.010600,0.000000,synthetic_chat_design_preset
84.48,6.765490,6.758400,0.007090,0.000000,synthetic_chat_design_preset
84.49,6.762752,6.759200,0.003552,0.000000,synthetic_chat_design_preset
84.50,6.760000,6.760000,0.000000,0.000000,synthetic_chat_design_preset
84.51,6.757248,6.760800,-0.003552,0.000000,synthetic_chat_design_preset
84.52,6.754510,6.761600,-0.007090,0.000000,synthetic_chat_design_preset
84.53,6.751800,6.762400,-0.010600,0.000000,synthetic_chat_design_preset
84.54,6.749132,6.763200,-0.014068,0.000000,synthetic_chat_design_preset
84.55,6.746519,6.764000,-0.017481,0.000000,synthetic_chat_design_preset
84.56,6.743976,6.764800,-0.020824,0.000000,synthetic_chat_design_preset
84.57,6.741514,6.765600,-0.024086,0.000000,synthetic_chat_design_preset
84.58,6.739148,6.766400,-0.027252,0.000000,synthetic_chat_design_preset
84.59,6.736889,6.767200,-0.030311,0.000000,synthetic_chat_design_preset
84.60,6.734750,6.768000,-0.033250,0.000000,synthetic_chat_design_preset
84.61,6.732742,6.768800,-0.036058,0.000000,synthetic_chat_design_preset
84.62,6.730876,6.769600,-0.038724,0.000000,synthetic_chat_design_preset
84.63,6.729163,6.770400,-0.041237,0.000000,synthetic_chat_design_preset
84.64,6.727613,6.771200,-0.043587,0.000000,synthetic_chat_design_preset
84.65,6.726235,6.772000,-0.045765,0.000000,synthetic_chat_design_preset
84.66,6.725038,6.772800,-0.047762,0.000000,synthetic_chat_design_preset
84.67,6.724029,6.773600,-0.049571,0.000000,synthetic_chat_design_preset
84.68,6.723215,6.774400,-0.051185,0.000000,synthetic_chat_design_preset
84.69,6.722604,6.775200,-0.052596,0.000000,synthetic_chat_design_preset
84.70,6.722200,6.776000,-0.053800,0.000000,synthetic_chat_design_preset
84.71,6.722009,6.776800,-0.054791,0.000000,synthetic_chat_design_preset
84.72,6.722033,6.777600,-0.055567,0.000000,synthetic_chat_design_preset
84.73,6.722278,6.778400,-0.056122,0.000000,synthetic_chat_design_preset
84.74,6.722743,6.779200,-0.056457,0.000000,synthetic_chat_design_preset
84.75,6.723431,6.780000,-0.056569,0.000000,synthetic_chat_design_preset
84.76,6.724343,6.780800,-0.056457,0.000000,synthetic_chat_design_preset
84.77,6.725478,6.781600,-0.056122,0.000000,synthetic_chat_design_preset
84.78,6.726833,6.782400,-0.055567,0.000000,synthetic_chat_design_preset
84.79,6.728409,6.783200,-0.054791,0.000000,synthetic_chat_design_preset
84.80,6.730200,6.784000,-0.053800,0.000000,synthetic_chat_design_preset
84.81,6.732204,6.784800,-0.052596,0.000000,synthetic_chat_design_preset
84.82,6.734415,6.785600,-0.051185,0.000000,synthetic_chat_design_preset
84.83,6.736829,6.786400,-0.049571,0.000000,synthetic_chat_design_preset
84.84,6.739438,6.787200,-0.047762,0.000000,synthetic_chat_design_preset
84.85,6.742235,6.788000,-0.045765,0.000000,synthetic_chat_design_preset
84.86,6.745213,6.788800,-0.043587,0.000000,synthetic_chat_design_preset
84.87,6.748363,6.789600,-0.041237,0.000000,synthetic_chat_design_preset
84.88,6.751676,6.790400,-0.038724,0.000000,synthetic_chat_design_preset
84.89,6.755142,6.791200,-0.036058,0.000000,synthetic_chat_design_preset
84.90,6.758750,6.792000,-0.033250,0.000000,synthetic_chat_design_preset
84.91,6.762489,6.792800,-0.030311,0.000000,synthetic_chat_design_preset
84.92,6.766348,6.793600,-0.027252,0.000000,synthetic_chat_design_preset
84.93,6.770314,6.794400,-0.024086,0.000000,synthetic_chat_design_preset
84.94,6.774376,6.795200,-0.020824,0.000000,synthetic_chat_design_preset
84.95,6.778519,6.796000,-0.017481,0.000000,synthetic_chat_design_preset
84.96,6.782732,6.796800,-0.014068,0.000000,synthetic_chat_design_preset
84.97,6.787000,6.797600,-0.010600,0.000000,synthetic_chat_design_preset
84.98,6.791310,6.798400,-0.007090,0.000000,synthetic_chat_design_preset
84.99,6.795648,6.799200,-0.003552,0.000000,synthetic_chat_design_preset
85.00,6.800000,6.800000,-0.000000,0.000000,synthetic_chat_design_preset
85.01,6.804352,6.800800,0.003552,0.000000,synthetic_chat_design_preset
85.02,6.808690,6.801600,0.007090,0.000000,synthetic_chat_design_preset
85.03,6.813000,6.802400,0.010600,0.000000,synthetic_chat_design_preset
85.04,6.817268,6.803200,0.014068,0.000000,synthetic_chat_design_preset
85.05,6.821481,6.804000,0.017481,0.000000,synthetic_chat_design_preset
85.06,6.825624,6.804800,0.020824,0.000000,synthetic_chat_design_preset
85.07,6.829686,6.805600,0.024086,0.000000,synthetic_chat_design_preset
85.08,6.833652,6.806400,0.027252,0.000000,synthetic_chat_design_preset
85.09,6.837511,6.807200,0.030311,0.000000,synthetic_chat_design_preset
85.10,6.841250,6.808000,0.033250,0.000000,synthetic_chat_design_preset
85.11,6.844858,6.808800,0.036058,0.000000,synthetic_chat_design_preset
85.12,6.848324,6.809600,0.038724,0.000000,synthetic_chat_design_preset
85.13,6.851637,6.810400,0.041237,0.000000,synthetic_chat_design_preset
85.14,6.854787,6.811200,0.043587,0.000000,synthetic_chat_design_preset
85.15,6.857765,6.812000,0.045765,0.000000,synthetic_chat_design_preset
85.16,6.860562,6.812800,0.047762,0.000000,synthetic_chat_design_preset
85.17,6.863171,6.813600,0.049571,0.000000,synthetic_chat_design_preset
85.18,6.865585,6.814400,0.051185,0.000000,synthetic_chat_design_preset
85.19,6.867796,6.815200,0.052596,0.000000,synthetic_chat_design_preset
85.20,6.869800,6.816000,0.053800,0.000000,synthetic_chat_design_preset
85.21,6.871591,6.816800,0.054791,0.000000,synthetic_chat_design_preset
85.22,6.873167,6.817600,0.055567,0.000000,synthetic_chat_design_preset
85.23,6.874522,6.818400,0.056122,0.000000,synthetic_chat_design_preset
85.24,6.875657,6.819200,0.056457,0.000000,synthetic_chat_design_preset
85.25,6.876569,6.820000,0.056569,0.000000,synthetic_chat_design_preset
85.26,6.877257,6.820800,0.056457,0.000000,synthetic_chat_design_preset
85.27,6.877722,6.821600,0.056122,0.000000,synthetic_chat_design_preset
85.28,6.877967,6.822400,0.055567,0.000000,synthetic_chat_design_preset
85.29,6.877991,6.823200,0.054791,0.000000,synthetic_chat_design_preset
85.30,6.877800,6.824000,0.053800,0.000000,synthetic_chat_design_preset
85.31,6.877396,6.824800,0.052596,0.000000,synthetic_chat_design_preset
85.32,6.876785,6.825600,0.051185,0.000000,synthetic_chat_design_preset
85.33,6.875971,6.826400,0.049571,0.000000,synthetic_chat_design_preset
85.34,6.874962,6.827200,0.047762,0.000000,synthetic_chat_design_preset
85.35,6.873765,6.828000,0.045765,0.000000,synthetic_chat_design_preset
85.36,6.872387,6.828800,0.043587,0.000000,synthetic_chat_design_preset
85.37,6.870837,6.829600,0.041237,0.000000,synthetic_chat_design_preset
85.38,6.869124,6.830400,0.038724,0.000000,synthetic_chat_design_preset
85.39,6.867258,6.831200,0.036058,0.000000,synthetic_chat_design_preset
85.40,6.865250,6.832000,0.033250,0.000000,synthetic_chat_design_preset
85.41,6.863111,6.832800,0.030311,0.000000,synthetic_chat_design_preset
85.42,6.860852,6.833600,0.027252,0.000000,synthetic_chat_design_preset
85.43,6.858486,6.834400,0.024086,0.000000,synthetic_chat_design_preset
85.44,6.856024,6.835200,0.020824,0.000000,synthetic_chat_design_preset
85.45,6.853481,6.836000,0.017481,0.000000,synthetic_chat_design_preset
85.46,6.850868,6.836800,0.014068,0.000000,synthetic_chat_design_preset
85.47,6.848200,6.837600,0.010600,0.000000,synthetic_chat_design_preset
85.48,6.845490,6.838400,0.007090,0.000000,synthetic_chat_design_preset
85.49,6.842752,6.839200,0.003552,0.000000,synthetic_chat_design_preset
85.50,6.840000,6.840000,0.000000,0.000000,synthetic_chat_design_preset
85.51,6.837248,6.840800,-0.003552,0.000000,synthetic_chat_design_preset
85.52,6.834510,6.841600,-0.007090,0.000000,synthetic_chat_design_preset
85.53,6.831800,6.842400,-0.010600,0.000000,synthetic_chat_design_preset
85.54,6.829132,6.843200,-0.014068,0.000000,synthetic_chat_design_preset
85.55,6.826519,6.844000,-0.017481,0.000000,synthetic_chat_design_preset
85.56,6.823976,6.844800,-0.020824,0.000000,synthetic_chat_design_preset
85.57,6.821514,6.845600,-0.024086,0.000000,synthetic_chat_design_preset
85.58,6.819148,6.846400,-0.027252,0.000000,synthetic_chat_design_preset
85.59,6.816889,6.847200,-0.030311,0.000000,synthetic_chat_design_preset
85.60,6.814750,6.848000,-0.033250,0.000000,synthetic_chat_design_preset
85.61,6.812742,6.848800,-0.036058,0.000000,synthetic_chat_design_preset
85.62,6.810876,6.849600,-0.038724,0.000000,synthetic_chat_design_preset
85.63,6.809163,6.850400,-0.041237,0.000000,synthetic_chat_design_preset
85.64,6.807613,6.851200,-0.043587,0.000000,synthetic_chat_design_preset
85.65,6.806235,6.852000,-0.045765,0.000000,synthetic_chat_design_preset
85.66,6.805038,6.852800,-0.047762,0.000000,synthetic_chat_design_preset
85.67,6.804029,6.853600,-0.049571,0.000000,synthetic_chat_design_preset
85.68,6.803215,6.854400,-0.051185,0.000000,synthetic_chat_design_preset
85.69,6.802604,6.855200,-0.052596,0.000000,synthetic_chat_design_preset
85.70,6.802200,6.856000,-0.053800,0.000000,synthetic_chat_design_preset
85.71,6.802009,6.856800,-0.054791,0.000000,synthetic_chat_design_preset
85.72,6.802033,6.857600,-0.055567,0.000000,synthetic_chat_design_preset
85.73,6.802278,6.858400,-0.056122,0.000000,synthetic_chat_design_preset
85.74,6.802743,6.859200,-0.056457,0.000000,synthetic_chat_design_preset
85.75,6.803431,6.860000,-0.056569,0.000000,synthetic_chat_design_preset
85.76,6.804343,6.860800,-0.056457,0.000000,synthetic_chat_design_preset
85.77,6.805478,6.861600,-0.056122,0.000000,synthetic_chat_design_preset
85.78,6.806833,6.862400,-0.055567,0.000000,synthetic_chat_design_preset
85.79,6.808409,6.863200,-0.054791,0.000000,synthetic_chat_design_preset
85.80,6.810200,6.864000,-0.053800,0.000000,synthetic_chat_design_preset
85.81,6.812204,6.864800,-0.052596,0.000000,synthetic_chat_design_preset
85.82,6.814415,6.865600,-0.051185,0.000000,synthetic_chat_design_preset
85.83,6.816829,6.866400,-0.049571,0.000000,synthetic_chat_design_preset
85.84,6.819438,6.867200,-0.047762,0.000000,synthetic_chat_design_preset
85.85,6.822235,6.868000,-0.045765,0.000000,synthetic_chat_design_preset
85.86,6.825213,6.868800,-0.043587,0.000000,synthetic_chat_design_preset
85.87,6.828363,6.869600,-0.041237,0.000000,synthetic_chat_design_preset
85.88,6.831676,6.870400,-0.038724,0.000000,synthetic_chat_design_preset
85.89,6.835142,6.871200,-0.036058,0.000000,synthetic_chat_design_preset
85.90,6.838750,6.872000,-0.033250,0.000000,synthetic_chat_design_preset
85.91,6.842489,6.872800,-0.030311,0.000000,synthetic_chat_design_preset
85.92,6.846348,6.873600,-0.027252,0.000000,synthetic_chat_design_preset
85.93,6.850314,6.874400,-0.024086,0.000000,synthetic_chat_design_preset
85.94,6.854376,6.875200,-0.020824,0.000000,synthetic_chat_design_preset
85.95,6.858519,6.876000,-0.017481,0.000000,synthetic_chat_design_preset
85.96,6.862732,6.876800,-0.014068,0.000000,synthetic_chat_design_preset
85.97,6.867000,6.877600,-0.010600,0.000000,synthetic_chat_design_preset
85.98,6.871310,6.878400,-0.007090,0.000000,synthetic_chat_design_preset
85.99,6.875648,6.879200,-0.003552,0.000000,synthetic_chat_design_preset
86.00,6.880000,6.880000,-0.000000,0.000000,synthetic_chat_design_preset
86.01,6.884352,6.880800,0.003552,0.000000,synthetic_chat_design_preset
86.02,6.888690,6.881600,0.007090,0.000000,synthetic_chat_design_preset
86.03,6.893000,6.882400,0.010600,0.000000,synthetic_chat_design_preset
86.04,6.897268,6.883200,0.014068,0.000000,synthetic_chat_design_preset
86.05,6.901481,6.884000,0.017481,0.000000,synthetic_chat_design_preset
86.06,6.905624,6.884800,0.020824,0.000000,synthetic_chat_design_preset
86.07,6.909686,6.885600,0.024086,0.000000,synthetic_chat_design_preset
86.08,6.913652,6.886400,0.027252,0.000000,synthetic_chat_design_preset
86.09,6.917511,6.887200,0.030311,0.000000,synthetic_chat_design_preset
86.10,6.921250,6.888000,0.033250,0.000000,synthetic_chat_design_preset
86.11,6.924858,6.888800,0.036058,0.000000,synthetic_chat_design_preset
86.12,6.928324,6.889600,0.038724,0.000000,synthetic_chat_design_preset
86.13,6.931637,6.890400,0.041237,0.000000,synthetic_chat_design_preset
86.14,6.934787,6.891200,0.043587,0.000000,synthetic_chat_design_preset
86.15,6.937765,6.892000,0.045765,0.000000,synthetic_chat_design_preset
86.16,6.940562,6.892800,0.047762,0.000000,synthetic_chat_design_preset
86.17,6.943171,6.893600,0.049571,0.000000,synthetic_chat_design_preset
86.18,6.945585,6.894400,0.051185,0.000000,synthetic_chat_design_preset
86.19,6.947796,6.895200,0.052596,0.000000,synthetic_chat_design_preset
86.20,6.949800,6.896000,0.053800,0.000000,synthetic_chat_design_preset
86.21,6.951591,6.896800,0.054791,0.000000,synthetic_chat_design_preset
86.22,6.953167,6.897600,0.055567,0.000000,synthetic_chat_design_preset
86.23,6.954522,6.898400,0.056122,0.000000,synthetic_chat_design_preset
86.24,6.955657,6.899200,0.056457,0.000000,synthetic_chat_design_preset
86.25,6.956569,6.900000,0.056569,0.000000,synthetic_chat_design_preset
86.26,6.957257,6.900800,0.056457,0.000000,synthetic_chat_design_preset
86.27,6.957722,6.901600,0.056122,0.000000,synthetic_chat_design_preset
86.28,6.957967,6.902400,0.055567,0.000000,synthetic_chat_design_preset
86.29,6.957991,6.903200,0.054791,0.000000,synthetic_chat_design_preset
86.30,6.957800,6.904000,0.053800,0.000000,synthetic_chat_design_preset
86.31,6.957396,6.904800,0.052596,0.000000,synthetic_chat_design_preset
86.32,6.956785,6.905600,0.051185,0.000000,synthetic_chat_design_preset
86.33,6.955971,6.906400,0.049571,0.000000,synthetic_chat_design_preset
86.34,6.954962,6.907200,0.047762,0.000000,synthetic_chat_design_preset
86.35,6.953765,6.908000,0.045765,0.000000,synthetic_chat_design_preset
86.36,6.952387,6.908800,0.043587,0.000000,synthetic_chat_design_preset
86.37,6.950837,6.909600,0.041237,0.000000,synthetic_chat_design_preset
86.38,6.949124,6.910400,0.038724,0.000000,synthetic_chat_design_preset
86.39,6.947258,6.911200,0.036058,0.000000,synthetic_chat_design_preset
86.40,6.945250,6.912000,0.033250,0.000000,synthetic_chat_design_preset
86.41,6.943111,6.912800,0.030311,0.000000,synthetic_chat_design_preset
86.42,6.940852,6.913600,0.027252,0.000000,synthetic_chat_design_preset
86.43,6.938486,6.914400,0.024086,0.000000,synthetic_chat_design_preset
86.44,6.936024,6.915200,0.020824,0.000000,synthetic_chat_design_preset
86.45,6.933481,6.916000,0.017481,0.000000,synthetic_chat_design_preset
86.46,6.930868,6.916800,0.014068,0.000000,synthetic_chat_design_preset
86.47,6.928200,6.917600,0.010600,0.000000,synthetic_chat_design_preset
86.48,6.925490,6.918400,0.007090,0.000000,synthetic_chat_design_preset
86.49,6.922752,6.919200,0.003552,0.000000,synthetic_chat_design_preset
86.50,6.920000,6.920000,0.000000,0.000000,synthetic_chat_design_preset
86.51,6.917248,6.920800,-0.003552,0.000000,synthetic_chat_design_preset
86.52,6.914510,6.921600,-0.007090,0.000000,synthetic_chat_design_preset
86.53,6.911800,6.922400,-0.010600,0.000000,synthetic_chat_design_preset
86.54,6.909132,6.923200,-0.014068,0.000000,synthetic_chat_design_preset
86.55,6.906519,6.924000,-0.017481,0.000000,synthetic_chat_design_preset
86.56,6.903976,6.924800,-0.020824,0.000000,synthetic_chat_design_preset
86.57,6.901514,6.925600,-0.024086,0.000000,synthetic_chat_design_preset
86.58,6.899148,6.926400,-0.027252,0.000000,synthetic_chat_design_preset
86.59,6.896889,6.927200,-0.030311,0.000000,synthetic_chat_design_preset
86.60,6.894750,6.928000,-0.033250,0.000000,synthetic_chat_design_preset
86.61,6.892742,6.928800,-0.036058,0.000000,synthetic_chat_design_preset
86.62,6.890876,6.929600,-0.038724,0.000000,synthetic_chat_design_preset
86.63,6.889163,6.930400,-0.041237,0.000000,synthetic_chat_design_preset
86.64,6.887613,6.931200,-0.043587,0.000000,synthetic_chat_design_preset
86.65,6.886235,6.932000,-0.045765,0.000000,synthetic_chat_design_preset
86.66,6.885038,6.932800,-0.047762,0.000000,synthetic_chat_design_preset
86.67,6.884029,6.933600,-0.049571,0.000000,synthetic_chat_design_preset
86.68,6.883215,6.934400,-0.051185,0.000000,synthetic_chat_design_preset
86.69,6.882604,6.935200,-0.052596,0.000000,synthetic_chat_design_preset
86.70,6.882200,6.936000,-0.053800,0.000000,synthetic_chat_design_preset
86.71,6.882009,6.936800,-0.054791,0.000000,synthetic_chat_design_preset
86.72,6.882033,6.937600,-0.055567,0.000000,synthetic_chat_design_preset
86.73,6.882278,6.938400,-0.056122,0.000000,synthetic_chat_design_preset
86.74,6.882743,6.939200,-0.056457,0.000000,synthetic_chat_design_preset
86.75,6.883431,6.940000,-0.056569,0.000000,synthetic_chat_design_preset
86.76,6.884343,6.940800,-0.056457,0.000000,synthetic_chat_design_preset
86.77,6.885478,6.941600,-0.056122,0.000000,synthetic_chat_design_preset
86.78,6.886833,6.942400,-0.055567,0.000000,synthetic_chat_design_preset
86.79,6.888409,6.943200,-0.054791,0.000000,synthetic_chat_design_preset
86.80,6.890200,6.944000,-0.053800,0.000000,synthetic_chat_design_preset
86.81,6.892204,6.944800,-0.052596,0.000000,synthetic_chat_design_preset
86.82,6.894415,6.945600,-0.051185,0.000000,synthetic_chat_design_preset
86.83,6.896829,6.946400,-0.049571,0.000000,synthetic_chat_design_preset
86.84,6.899438,6.947200,-0.047762,0.000000,synthetic_chat_design_preset
86.85,6.902235,6.948000,-0.045765,0.000000,synthetic_chat_design_preset
86.86,6.905213,6.948800,-0.043587,0.000000,synthetic_chat_design_preset
86.87,6.908363,6.949600,-0.041237,0.000000,synthetic_chat_design_preset
86.88,6.911676,6.950400,-0.038724,0.000000,synthetic_chat_design_preset
86.89,6.915142,6.951200,-0.036058,0.000000,synthetic_chat_design_preset
86.90,6.918750,6.952000,-0.033250,0.000000,synthetic_chat_design_preset
86.91,6.922489,6.952800,-0.030311,0.000000,synthetic_chat_design_preset
86.92,6.926348,6.953600,-0.027252,0.000000,synthetic_chat_design_preset
86.93,6.930314,6.954400,-0.024086,0.000000,synthetic_chat_design_preset
86.94,6.934376,6.955200,-0.020824,0.000000,synthetic_chat_design_preset
86.95,6.938519,6.956000,-0.017481,0.000000,synthetic_chat_design_preset
86.96,6.942732,6.956800,-0.014068,0.000000,synthetic_chat_design_preset
86.97,6.947000,6.957600,-0.010600,0.000000,synthetic_chat_design_preset
86.98,6.951310,6.958400,-0.007090,0.000000,synthetic_chat_design_preset
86.99,6.955681,6.959200,-0.003552,0.000033,synthetic_chat_design_preset
87.00,6.960045,6.960000,-0.000000,0.000045,synthetic_chat_design_preset
87.01,6.964413,6.960800,0.003552,0.000061,synthetic_chat_design_preset
87.02,6.968773,6.961600,0.007090,0.000083,synthetic_chat_design_preset
87.03,6.973111,6.962400,0.010600,0.000111,synthetic_chat_design_preset
87.04,6.977416,6.963200,0.014068,0.000148,synthetic_chat_design_preset
87.05,6.981676,6.964000,0.017481,0.000195,synthetic_chat_design_preset
87.06,6.985881,6.964800,0.020824,0.000257,synthetic_chat_design_preset
87.07,6.990022,6.965600,0.024086,0.000336,synthetic_chat_design_preset
87.08,6.994089,6.966400,0.027252,0.000436,synthetic_chat_design_preset
87.09,6.998075,6.967200,0.030311,0.000564,synthetic_chat_design_preset
87.10,7.001973,6.968000,0.033250,0.000723,synthetic_chat_design_preset
87.11,7.005781,6.968800,0.036058,0.000923,synthetic_chat_design_preset
87.12,7.009493,6.969600,0.038724,0.001170,synthetic_chat_design_preset
87.13,7.013110,6.970400,0.041237,0.001474,synthetic_chat_design_preset
87.14,7.016632,6.971200,0.043587,0.001845,synthetic_chat_design_preset
87.15,7.020061,6.972000,0.045765,0.002296,synthetic_chat_design_preset
87.16,7.023403,6.972800,0.047762,0.002840,synthetic_chat_design_preset
87.17,7.026663,6.973600,0.049571,0.003492,synthetic_chat_design_preset
87.18,7.029850,6.974400,0.051185,0.004266,synthetic_chat_design_preset
87.19,7.032975,6.975200,0.052596,0.005179,synthetic_chat_design_preset
87.20,7.036050,6.976000,0.053800,0.006250,synthetic_chat_design_preset
87.21,7.039087,6.976800,0.054791,0.007496,synthetic_chat_design_preset
87.22,7.042101,6.977600,0.055567,0.008935,synthetic_chat_design_preset
87.23,7.045107,6.978400,0.056122,0.010584,synthetic_chat_design_preset
87.24,7.048118,6.979200,0.056457,0.012462,synthetic_chat_design_preset
87.25,7.051150,6.980000,0.056569,0.014582,synthetic_chat_design_preset
87.26,7.054214,6.980800,0.056457,0.016958,synthetic_chat_design_preset
87.27,7.057322,6.981600,0.056122,0.019600,synthetic_chat_design_preset
87.28,7.060480,6.982400,0.055567,0.022514,synthetic_chat_design_preset
87.29,7.063694,6.983200,0.054791,0.025703,synthetic_chat_design_preset
87.30,7.066963,6.984000,0.053800,0.029163,synthetic_chat_design_preset
87.31,7.070282,6.984800,0.052596,0.032886,synthetic_chat_design_preset
87.32,7.073641,6.985600,0.051185,0.036857,synthetic_chat_design_preset
87.33,7.077024,6.986400,0.049571,0.041053,synthetic_chat_design_preset
87.34,7.080408,6.987200,0.047762,0.045446,synthetic_chat_design_preset
87.35,7.083765,6.988000,0.045765,0.050000,synthetic_chat_design_preset
87.36,7.087059,6.988800,0.043587,0.054673,synthetic_chat_design_preset
87.37,7.090251,6.989600,0.041237,0.059415,synthetic_chat_design_preset
87.38,7.093295,6.990400,0.038724,0.064171,synthetic_chat_design_preset
87.39,7.096141,6.991200,0.036058,0.068883,synthetic_chat_design_preset
87.40,7.098737,6.992000,0.033250,0.073487,synthetic_chat_design_preset
87.41,7.101027,6.992800,0.030311,0.077916,synthetic_chat_design_preset
87.42,7.102958,6.993600,0.027252,0.082106,synthetic_chat_design_preset
87.43,7.104475,6.994400,0.024086,0.085989,synthetic_chat_design_preset
87.44,7.105527,6.995200,0.020824,0.089503,synthetic_chat_design_preset
87.45,7.106068,6.996000,0.017481,0.092587,synthetic_chat_design_preset
87.46,7.106058,6.996800,0.014068,0.095190,synthetic_chat_design_preset
87.47,7.105465,6.997600,0.010600,0.097265,synthetic_chat_design_preset
87.48,7.104265,6.998400,0.007090,0.098775,synthetic_chat_design_preset
87.49,7.102444,6.999200,0.003552,0.099692,synthetic_chat_design_preset
87.50,7.100000,7.000000,0.000000,0.100000,synthetic_chat_design_preset
87.51,7.096940,7.000800,-0.003552,0.099692,synthetic_chat_design_preset
87.52,7.093285,7.001600,-0.007090,0.098775,synthetic_chat_design_preset
87.53,7.089066,7.002400,-0.010600,0.097265,synthetic_chat_design_preset
87.54,7.084322,7.003200,-0.014068,0.095190,synthetic_chat_design_preset
87.55,7.079107,7.004000,-0.017481,0.092587,synthetic_chat_design_preset
87.56,7.073478,7.004800,-0.020824,0.089503,synthetic_chat_design_preset
87.57,7.067503,7.005600,-0.024086,0.085989,synthetic_chat_design_preset
87.58,7.061254,7.006400,-0.027252,0.082106,synthetic_chat_design_preset
87.59,7.054806,7.007200,-0.030311,0.077916,synthetic_chat_design_preset
87.60,7.048237,7.008000,-0.033250,0.073487,synthetic_chat_design_preset
87.61,7.041625,7.008800,-0.036058,0.068883,synthetic_chat_design_preset
87.62,7.035047,7.009600,-0.038724,0.064171,synthetic_chat_design_preset
87.63,7.028578,7.010400,-0.041237,0.059415,synthetic_chat_design_preset
87.64,7.022286,7.011200,-0.043587,0.054673,synthetic_chat_design_preset
87.65,7.016235,7.012000,-0.045765,0.050000,synthetic_chat_design_preset
87.66,7.010484,7.012800,-0.047762,0.045446,synthetic_chat_design_preset
87.67,7.005081,7.013600,-0.049571,0.041053,synthetic_chat_design_preset
87.68,7.000072,7.014400,-0.051185,0.036857,synthetic_chat_design_preset
87.69,6.995490,7.015200,-0.052596,0.032886,synthetic_chat_design_preset
87.70,6.991363,7.016000,-0.053800,0.029163,synthetic_chat_design_preset
87.71,6.987712,7.016800,-0.054791,0.025703,synthetic_chat_design_preset
87.72,6.984547,7.017600,-0.055567,0.022514,synthetic_chat_design_preset
87.73,6.981877,7.018400,-0.056122,0.019600,synthetic_chat_design_preset
87.74,6.979701,7.019200,-0.056457,0.016958,synthetic_chat_design_preset
87.75,6.978013,7.020000,-0.056569,0.014582,synthetic_chat_design_preset
87.76,6.976805,7.020800,-0.056457,0.012462,synthetic_chat_design_preset
87.77,6.976062,7.021600,-0.056122,0.010584,synthetic_chat_design_preset
87.78,6.975768,7.022400,-0.055567,0.008935,synthetic_chat_design_preset
87.79,6.975904,7.023200,-0.054791,0.007496,synthetic_chat_design_preset
87.80,6.976450,7.024000,-0.053800,0.006250,synthetic_chat_design_preset
87.81,6.977383,7.024800,-0.052596,0.005179,synthetic_chat_design_preset
87.82,6.978681,7.025600,-0.051185,0.004266,synthetic_chat_design_preset
87.83,6.980320,7.026400,-0.049571,0.003492,synthetic_chat_design_preset
87.84,6.982278,7.027200,-0.047762,0.002840,synthetic_chat_design_preset
87.85,6.984532,7.028000,-0.045765,0.002296,synthetic_chat_design_preset
87.86,6.987058,7.028800,-0.043587,0.001845,synthetic_chat_design_preset
87.87,6.989837,7.029600,-0.041237,0.001474,synthetic_chat_design_preset
87.88,6.992846,7.030400,-0.038724,0.001170,synthetic_chat_design_preset
87.89,6.996065,7.031200,-0.036058,0.000923,synthetic_chat_design_preset
87.90,6.999473,7.032000,-0.033250,0.000723,synthetic_chat_design_preset
87.91,7.003053,7.032800,-0.030311,0.000564,synthetic_chat_design_preset
87.92,7.006784,7.033600,-0.027252,0.000436,synthetic_chat_design_preset
87.93,7.010650,7.034400,-0.024086,0.000336,synthetic_chat_design_preset
87.94,7.014633,7.035200,-0.020824,0.000257,synthetic_chat_design_preset
87.95,7.018715,7.036000,-0.017481,0.000195,synthetic_chat_design_preset
87.96,7.022880,7.036800,-0.014068,0.000148,synthetic_chat_design_preset
87.97,7.027111,7.037600,-0.010600,0.000111,synthetic_chat_design_preset
87.98,7.031393,7.038400,-0.007090,0.000083,synthetic_chat_design_preset
87.99,7.035709,7.039200,-0.003552,0.000061,synthetic_chat_design_preset
88.00,7.040045,7.040000,-0.000000,0.000045,synthetic_chat_design_preset
88.01,7.044352,7.040800,0.003552,0.000000,synthetic_chat_design_preset
88.02,7.048690,7.041600,0.007090,0.000000,synthetic_chat_design_preset
88.03,7.053000,7.042400,0.010600,0.000000,synthetic_chat_design_preset
88.04,7.057268,7.043200,0.014068,0.000000,synthetic_chat_design_preset
88.05,7.061481,7.044000,0.017481,0.000000,synthetic_chat_design_preset
88.06,7.065624,7.044800,0.020824,0.000000,synthetic_chat_design_preset
88.07,7.069686,7.045600,0.024086,0.000000,synthetic_chat_design_preset
88.08,7.073652,7.046400,0.027252,0.000000,synthetic_chat_design_preset
88.09,7.077511,7.047200,0.030311,0.000000,synthetic_chat_design_preset
88.10,7.081250,7.048000,0.033250,0.000000,synthetic_chat_design_preset
88.11,7.084858,7.048800,0.036058,0.000000,synthetic_chat_design_preset
88.12,7.088324,7.049600,0.038724,0.000000,synthetic_chat_design_preset
88.13,7.091637,7.050400,0.041237,0.000000,synthetic_chat_design_preset
88.14,7.094787,7.051200,0.043587,0.000000,synthetic_chat_design_preset
88.15,7.097765,7.052000,0.045765,0.000000,synthetic_chat_design_preset
88.16,7.100562,7.052800,0.047762,0.000000,synthetic_chat_design_preset
88.17,7.103171,7.053600,0.049571,0.000000,synthetic_chat_design_preset
88.18,7.105585,7.054400,0.051185,0.000000,synthetic_chat_design_preset
88.19,7.107796,7.055200,0.052596,0.000000,synthetic_chat_design_preset
88.20,7.109800,7.056000,0.053800,0.000000,synthetic_chat_design_preset
88.21,7.111591,7.056800,0.054791,0.000000,synthetic_chat_design_preset
88.22,7.113167,7.057600,0.055567,0.000000,synthetic_chat_design_preset
88.23,7.114522,7.058400,0.056122,0.000000,synthetic_chat_design_preset
88.24,7.115657,7.059200,0.056457,0.000000,synthetic_chat_design_preset
88.25,7.116569,7.060000,0.056569,0.000000,synthetic_chat_design_preset
88.26,7.117257,7.060800,0.056457,0.000000,synthetic_chat_design_preset
88.27,7.117722,7.061600,0.056122,0.000000,synthetic_chat_design_preset
88.28,7.117967,7.062400,0.055567,0.000000,synthetic_chat_design_preset
88.29,7.117991,7.063200,0.054791,0.000000,synthetic_chat_design_preset
88.30,7.117800,7.064000,0.053800,0.000000,synthetic_chat_design_preset
88.31,7.117396,7.064800,0.052596,0.000000,synthetic_chat_design_preset
88.32,7.116785,7.065600,0.051185,0.000000,synthetic_chat_design_preset
88.33,7.115971,7.066400,0.049571,0.000000,synthetic_chat_design_preset
88.34,7.114962,7.067200,0.047762,0.000000,synthetic_chat_design_preset
88.35,7.113765,7.068000,0.045765,0.000000,synthetic_chat_design_preset
88.36,7.112387,7.068800,0.043587,0.000000,synthetic_chat_design_preset
88.37,7.110837,7.069600,0.041237,0.000000,synthetic_chat_design_preset
88.38,7.109124,7.070400,0.038724,0.000000,synthetic_chat_design_preset
88.39,7.107258,7.071200,0.036058,0.000000,synthetic_chat_design_preset
88.40,7.105250,7.072000,0.033250,0.000000,synthetic_chat_design_preset
88.41,7.103111,7.072800,0.030311,0.000000,synthetic_chat_design_preset
88.42,7.100852,7.073600,0.027252,0.000000,synthetic_chat_design_preset
88.43,7.098486,7.074400,0.024086,0.000000,synthetic_chat_design_preset
88.44,7.096024,7.075200,0.020824,0.000000,synthetic_chat_design_preset
88.45,7.093481,7.076000,0.017481,0.000000,synthetic_chat_design_preset
88.46,7.090868,7.076800,0.014068,0.000000,synthetic_chat_design_preset
88.47,7.088200,7.077600,0.010600,0.000000,synthetic_chat_design_preset
88.48,7.085490,7.078400,0.007090,0.000000,synthetic_chat_design_preset
88.49,7.082752,7.079200,0.003552,0.000000,synthetic_chat_design_preset
88.50,7.080000,7.080000,-0.000000,0.000000,synthetic_chat_design_preset
88.51,7.077248,7.080800,-0.003552,0.000000,synthetic_chat_design_preset
88.52,7.074510,7.081600,-0.007090,0.000000,synthetic_chat_design_preset
88.53,7.071800,7.082400,-0.010600,0.000000,synthetic_chat_design_preset
88.54,7.069132,7.083200,-0.014068,0.000000,synthetic_chat_design_preset
88.55,7.066519,7.084000,-0.017481,0.000000,synthetic_chat_design_preset
88.56,7.063976,7.084800,-0.020824,0.000000,synthetic_chat_design_preset
88.57,7.061514,7.085600,-0.024086,0.000000,synthetic_chat_design_preset
88.58,7.059148,7.086400,-0.027252,0.000000,synthetic_chat_design_preset
88.59,7.056889,7.087200,-0.030311,0.000000,synthetic_chat_design_preset
88.60,7.054750,7.088000,-0.033250,0.000000,synthetic_chat_design_preset
88.61,7.052742,7.088800,-0.036058,0.000000,synthetic_chat_design_preset
88.62,7.050876,7.089600,-0.038724,0.000000,synthetic_chat_design_preset
88.63,7.049163,7.090400,-0.041237,0.000000,synthetic_chat_design_preset
88.64,7.047613,7.091200,-0.043587,0.000000,synthetic_chat_design_preset
88.65,7.046235,7.092000,-0.045765,0.000000,synthetic_chat_design_preset
88.66,7.045038,7.092800,-0.047762,0.000000,synthetic_chat_design_preset
88.67,7.044029,7.093600,-0.049571,0.000000,synthetic_chat_design_preset
88.68,7.043215,7.094400,-0.051185,0.000000,synthetic_chat_design_preset
88.69,7.042604,7.095200,-0.052596,0.000000,synthetic_chat_design_preset
88.70,7.042200,7.096000,-0.053800,0.000000,synthetic_chat_design_preset
88.71,7.042009,7.096800,-0.054791,0.000000,synthetic_chat_design_preset
88.72,7.042033,7.097600,-0.055567,0.000000,synthetic_chat_design_preset
88.73,7.042278,7.098400,-0.056122,0.000000,synthetic_chat_design_preset
88.74,7.042743,7.099200,-0.056457,0.000000,synthetic_chat_design_preset
88.75,7.043431,7.100000,-0.056569,0.000000,synthetic_chat_design_preset
88.76,7.044343,7.100800,-0.056457,0.000000,synthetic_chat_design_preset
88.77,7.045478,7.101600,-0.056122,0.000000,synthetic_chat_design_preset
88.78,7.046833,7.102400,-0.055567,0.000000,synthetic_chat_design_preset
88.79,7.048409,7.103200,-0.054791,0.000000,synthetic_chat_design_preset
88.80,7.050200,7.104000,-0.053800,0.000000,synthetic_chat_design_preset
88.81,7.052204,7.104800,-0.052596,0.000000,synthetic_chat_design_preset
88.82,7.054415,7.105600,-0.051185,0.000000,synthetic_chat_design_preset
88.83,7.056829,7.106400,-0.049571,0.000000,synthetic_chat_design_preset
88.84,7.059438,7.107200,-0.047762,0.000000,synthetic_chat_design_preset
88.85,7.062235,7.108000,-0.045765,0.000000,synthetic_chat_design_preset
88.86,7.065213,7.108800,-0.043587,0.000000,synthetic_chat_design_preset
88.87,7.068363,7.109600,-0.041237,0.000000,synthetic_chat_design_preset
88.88,7.071676,7.110400,-0.038724,0.000000,synthetic_chat_design_preset
88.89,7.075142,7.111200,-0.036058,0.000000,synthetic_chat_design_preset
88.90,7.078750,7.112000,-0.033250,0.000000,synthetic_chat_design_preset
88.91,7.082489,7.112800,-0.030311,0.000000,synthetic_chat_design_preset
88.92,7.086348,7.113600,-0.027252,0.000000,synthetic_chat_design_preset
88.93,7.090314,7.114400,-0.024086,0.000000,synthetic_chat_design_preset
88.94,7.094376,7.115200,-0.020824,0.000000,synthetic_chat_design_preset
88.95,7.098519,7.116000,-0.017481,0.000000,synthetic_chat_design_preset
88.96,7.102732,7.116800,-0.014068,0.000000,synthetic_chat_design_preset
88.97,7.107000,7.117600,-0.010600,0.000000,synthetic_chat_design_preset
88.98,7.111310,7.118400,-0.007090,0.000000,synthetic_chat_design_preset
88.99,7.115648,7.119200,-0.003552,0.000000,synthetic_chat_design_preset
89.00,7.120000,7.120000,0.000000,0.000000,synthetic_chat_design_preset
89.01,7.124352,7.120800,0.003552,0.000000,synthetic_chat_design_preset
89.02,7.128690,7.121600,0.007090,0.000000,synthetic_chat_design_preset
89.03,7.133000,7.122400,0.010600,0.000000,synthetic_chat_design_preset
89.04,7.137268,7.123200,0.014068,0.000000,synthetic_chat_design_preset
89.05,7.141481,7.124000,0.017481,0.000000,synthetic_chat_design_preset
89.06,7.145624,7.124800,0.020824,0.000000,synthetic_chat_design_preset
89.07,7.149686,7.125600,0.024086,0.000000,synthetic_chat_design_preset
89.08,7.153652,7.126400,0.027252,0.000000,synthetic_chat_design_preset
89.09,7.157511,7.127200,0.030311,0.000000,synthetic_chat_design_preset
89.10,7.161250,7.128000,0.033250,0.000000,synthetic_chat_design_preset
89.11,7.164858,7.128800,0.036058,0.000000,synthetic_chat_design_preset
89.12,7.168324,7.129600,0.038724,0.000000,synthetic_chat_design_preset
89.13,7.171637,7.130400,0.041237,0.000000,synthetic_chat_design_preset
89.14,7.174787,7.131200,0.043587,0.000000,synthetic_chat_design_preset
89.15,7.177765,7.132000,0.045765,0.000000,synthetic_chat_design_preset
89.16,7.180562,7.132800,0.047762,0.000000,synthetic_chat_design_preset
89.17,7.183171,7.133600,0.049571,0.000000,synthetic_chat_design_preset
89.18,7.185585,7.134400,0.051185,0.000000,synthetic_chat_design_preset
89.19,7.187796,7.135200,0.052596,0.000000,synthetic_chat_design_preset
89.20,7.189800,7.136000,0.053800,0.000000,synthetic_chat_design_preset
89.21,7.191591,7.136800,0.054791,0.000000,synthetic_chat_design_preset
89.22,7.193167,7.137600,0.055567,0.000000,synthetic_chat_design_preset
89.23,7.194522,7.138400,0.056122,0.000000,synthetic_chat_design_preset
89.24,7.195657,7.139200,0.056457,0.000000,synthetic_chat_design_preset
89.25,7.196569,7.140000,0.056569,0.000000,synthetic_chat_design_preset
89.26,7.197257,7.140800,0.056457,0.000000,synthetic_chat_design_preset
89.27,7.197722,7.141600,0.056122,0.000000,synthetic_chat_design_preset
89.28,7.197967,7.142400,0.055567,0.000000,synthetic_chat_design_preset
89.29,7.197991,7.143200,0.054791,0.000000,synthetic_chat_design_preset
89.30,7.197800,7.144000,0.053800,0.000000,synthetic_chat_design_preset
89.31,7.197396,7.144800,0.052596,0.000000,synthetic_chat_design_preset
89.32,7.196785,7.145600,0.051185,0.000000,synthetic_chat_design_preset
89.33,7.195971,7.146400,0.049571,0.000000,synthetic_chat_design_preset
89.34,7.194962,7.147200,0.047762,0.000000,synthetic_chat_design_preset
89.35,7.193765,7.148000,0.045765,0.000000,synthetic_chat_design_preset
89.36,7.192387,7.148800,0.043587,0.000000,synthetic_chat_design_preset
89.37,7.190837,7.149600,0.041237,0.000000,synthetic_chat_design_preset
89.38,7.189124,7.150400,0.038724,0.000000,synthetic_chat_design_preset
89.39,7.187258,7.151200,0.036058,0.000000,synthetic_chat_design_preset
89.40,7.185250,7.152000,0.033250,0.000000,synthetic_chat_design_preset
89.41,7.183111,7.152800,0.030311,0.000000,synthetic_chat_design_preset
89.42,7.180852,7.153600,0.027252,0.000000,synthetic_chat_design_preset
89.43,7.178486,7.154400,0.024086,0.000000,synthetic_chat_design_preset
89.44,7.176024,7.155200,0.020824,0.000000,synthetic_chat_design_preset
89.45,7.173481,7.156000,0.017481,0.000000,synthetic_chat_design_preset
89.46,7.170868,7.156800,0.014068,0.000000,synthetic_chat_design_preset
89.47,7.168200,7.157600,0.010600,0.000000,synthetic_chat_design_preset
89.48,7.165490,7.158400,0.007090,0.000000,synthetic_chat_design_preset
89.49,7.162752,7.159200,0.003552,0.000000,synthetic_chat_design_preset
89.50,7.160000,7.160000,-0.000000,0.000000,synthetic_chat_design_preset
89.51,7.157248,7.160800,-0.003552,0.000000,synthetic_chat_design_preset
89.52,7.154510,7.161600,-0.007090,0.000000,synthetic_chat_design_preset
89.53,7.151800,7.162400,-0.010600,0.000000,synthetic_chat_design_preset
89.54,7.149132,7.163200,-0.014068,0.000000,synthetic_chat_design_preset
89.55,7.146519,7.164000,-0.017481,0.000000,synthetic_chat_design_preset
89.56,7.143976,7.164800,-0.020824,0.000000,synthetic_chat_design_preset
89.57,7.141514,7.165600,-0.024086,0.000000,synthetic_chat_design_preset
89.58,7.139148,7.166400,-0.027252,0.000000,synthetic_chat_design_preset
89.59,7.136889,7.167200,-0.030311,0.000000,synthetic_chat_design_preset
89.60,7.134750,7.168000,-0.033250,0.000000,synthetic_chat_design_preset
89.61,7.132742,7.168800,-0.036058,0.000000,synthetic_chat_design_preset
89.62,7.130876,7.169600,-0.038724,0.000000,synthetic_chat_design_preset
89.63,7.129163,7.170400,-0.041237,0.000000,synthetic_chat_design_preset
89.64,7.127613,7.171200,-0.043587,0.000000,synthetic_chat_design_preset
89.65,7.126235,7.172000,-0.045765,0.000000,synthetic_chat_design_preset
89.66,7.125038,7.172800,-0.047762,0.000000,synthetic_chat_design_preset
89.67,7.124029,7.173600,-0.049571,0.000000,synthetic_chat_design_preset
89.68,7.123215,7.174400,-0.051185,0.000000,synthetic_chat_design_preset
89.69,7.122604,7.175200,-0.052596,0.000000,synthetic_chat_design_preset
89.70,7.122200,7.176000,-0.053800,0.000000,synthetic_chat_design_preset
89.71,7.122009,7.176800,-0.054791,0.000000,synthetic_chat_design_preset
89.72,7.122033,7.177600,-0.055567,0.000000,synthetic_chat_design_preset
89.73,7.122278,7.178400,-0.056122,0.000000,synthetic_chat_design_preset
89.74,7.122743,7.179200,-0.056457,0.000000,synthetic_chat_design_preset
89.75,7.123431,7.180000,-0.056569,0.000000,synthetic_chat_design_preset
89.76,7.124343,7.180800,-0.056457,0.000000,synthetic_chat_design_preset
89.77,7.125478,7.181600,-0.056122,0.000000,synthetic_chat_design_preset
89.78,7.126833,7.182400,-0.055567,0.000000,synthetic_chat_design_preset
89.79,7.128409,7.183200,-0.054791,0.000000,synthetic_chat_design_preset
89.80,7.130200,7.184000,-0.053800,0.000000,synthetic_chat_design_preset
89.81,7.132204,7.184800,-0.052596,0.000000,synthetic_chat_design_preset
89.82,7.134415,7.185600,-0.051185,0.000000,synthetic_chat_design_preset
89.83,7.136829,7.186400,-0.049571,0.000000,synthetic_chat_design_preset
89.84,7.139438,7.187200,-0.047762,0.000000,synthetic_chat_design_preset
89.85,7.142235,7.188000,-0.045765,0.000000,synthetic_chat_design_preset
89.86,7.145213,7.188800,-0.043587,0.000000,synthetic_chat_design_preset
89.87,7.148363,7.189600,-0.041237,0.000000,synthetic_chat_design_preset
89.88,7.151676,7.190400,-0.038724,0.000000,synthetic_chat_design_preset
89.89,7.155142,7.191200,-0.036058,0.000000,synthetic_chat_design_preset
89.90,7.158750,7.192000,-0.033250,0.000000,synthetic_chat_design_preset
89.91,7.162489,7.192800,-0.030311,0.000000,synthetic_chat_design_preset
89.92,7.166348,7.193600,-0.027252,0.000000,synthetic_chat_design_preset
89.93,7.170314,7.194400,-0.024086,0.000000,synthetic_chat_design_preset
89.94,7.174376,7.195200,-0.020824,0.000000,synthetic_chat_design_preset
89.95,7.178519,7.196000,-0.017481,0.000000,synthetic_chat_design_preset
89.96,7.182732,7.196800,-0.014068,0.000000,synthetic_chat_design_preset
89.97,7.187000,7.197600,-0.010600,0.000000,synthetic_chat_design_preset
89.98,7.191310,7.198400,-0.007090,0.000000,synthetic_chat_design_preset
89.99,7.195648,7.199200,-0.003552,0.000000,synthetic_chat_design_preset
90.00,7.200000,7.200000,-0.000000,0.000000,synthetic_chat_design_preset
90.01,7.204352,7.200800,0.003552,0.000000,synthetic_chat_design_preset
90.02,7.208690,7.201600,0.007090,0.000000,synthetic_chat_design_preset
90.03,7.213000,7.202400,0.010600,0.000000,synthetic_chat_design_preset
90.04,7.217268,7.203200,0.014068,0.000000,synthetic_chat_design_preset
90.05,7.221481,7.204000,0.017481,0.000000,synthetic_chat_design_preset
90.06,7.225624,7.204800,0.020824,0.000000,synthetic_chat_design_preset
90.07,7.229686,7.205600,0.024086,0.000000,synthetic_chat_design_preset
90.08,7.233652,7.206400,0.027252,0.000000,synthetic_chat_design_preset
90.09,7.237511,7.207200,0.030311,0.000000,synthetic_chat_design_preset
90.10,7.241250,7.208000,0.033250,0.000000,synthetic_chat_design_preset
90.11,7.244858,7.208800,0.036058,0.000000,synthetic_chat_design_preset
90.12,7.248324,7.209600,0.038724,0.000000,synthetic_chat_design_preset
90.13,7.251637,7.210400,0.041237,0.000000,synthetic_chat_design_preset
90.14,7.254787,7.211200,0.043587,0.000000,synthetic_chat_design_preset
90.15,7.257765,7.212000,0.045765,0.000000,synthetic_chat_design_preset
90.16,7.260562,7.212800,0.047762,0.000000,synthetic_chat_design_preset
90.17,7.263171,7.213600,0.049571,0.000000,synthetic_chat_design_preset
90.18,7.265585,7.214400,0.051185,0.000000,synthetic_chat_design_preset
90.19,7.267796,7.215200,0.052596,0.000000,synthetic_chat_design_preset
90.20,7.269800,7.216000,0.053800,0.000000,synthetic_chat_design_preset
90.21,7.271591,7.216800,0.054791,0.000000,synthetic_chat_design_preset
90.22,7.273167,7.217600,0.055567,0.000000,synthetic_chat_design_preset
90.23,7.274522,7.218400,0.056122,0.000000,synthetic_chat_design_preset
90.24,7.275657,7.219200,0.056457,0.000000,synthetic_chat_design_preset
90.25,7.276569,7.220000,0.056569,0.000000,synthetic_chat_design_preset
90.26,7.277257,7.220800,0.056457,0.000000,synthetic_chat_design_preset
90.27,7.277722,7.221600,0.056122,0.000000,synthetic_chat_design_preset
90.28,7.277967,7.222400,0.055567,0.000000,synthetic_chat_design_preset
90.29,7.277991,7.223200,0.054791,0.000000,synthetic_chat_design_preset
90.30,7.277800,7.224000,0.053800,0.000000,synthetic_chat_design_preset
90.31,7.277396,7.224800,0.052596,0.000000,synthetic_chat_design_preset
90.32,7.276785,7.225600,0.051185,0.000000,synthetic_chat_design_preset
90.33,7.275971,7.226400,0.049571,0.000000,synthetic_chat_design_preset
90.34,7.274962,7.227200,0.047762,0.000000,synthetic_chat_design_preset
90.35,7.273765,7.228000,0.045765,0.000000,synthetic_chat_design_preset
90.36,7.272387,7.228800,0.043587,0.000000,synthetic_chat_design_preset
90.37,7.270837,7.229600,0.041237,0.000000,synthetic_chat_design_preset
90.38,7.269124,7.230400,0.038724,0.000000,synthetic_chat_design_preset
90.39,7.267258,7.231200,0.036058,0.000000,synthetic_chat_design_preset
90.40,7.265250,7.232000,0.033250,0.000000,synthetic_chat_design_preset
90.41,7.263111,7.232800,0.030311,0.000000,synthetic_chat_design_preset
90.42,7.260852,7.233600,0.027252,0.000000,synthetic_chat_design_preset
90.43,7.258486,7.234400,0.024086,0.000000,synthetic_chat_design_preset
90.44,7.256024,7.235200,0.020824,0.000000,synthetic_chat_design_preset
90.45,7.253481,7.236000,0.017481,0.000000,synthetic_chat_design_preset
90.46,7.250868,7.236800,0.014068,0.000000,synthetic_chat_design_preset
90.47,7.248200,7.237600,0.010600,0.000000,synthetic_chat_design_preset
90.48,7.245490,7.238400,0.007090,0.000000,synthetic_chat_design_preset
90.49,7.242752,7.239200,0.003552,0.000000,synthetic_chat_design_preset
90.50,7.240000,7.240000,0.000000,0.000000,synthetic_chat_design_preset
90.51,7.237248,7.240800,-0.003552,0.000000,synthetic_chat_design_preset
90.52,7.234510,7.241600,-0.007090,0.000000,synthetic_chat_design_preset
90.53,7.231800,7.242400,-0.010600,0.000000,synthetic_chat_design_preset
90.54,7.229132,7.243200,-0.014068,0.000000,synthetic_chat_design_preset
90.55,7.226519,7.244000,-0.017481,0.000000,synthetic_chat_design_preset
90.56,7.223976,7.244800,-0.020824,0.000000,synthetic_chat_design_preset
90.57,7.221514,7.245600,-0.024086,0.000000,synthetic_chat_design_preset
90.58,7.219148,7.246400,-0.027252,0.000000,synthetic_chat_design_preset
90.59,7.216889,7.247200,-0.030311,0.000000,synthetic_chat_design_preset
90.60,7.214750,7.248000,-0.033250,0.000000,synthetic_chat_design_preset
90.61,7.212742,7.248800,-0.036058,0.000000,synthetic_chat_design_preset
90.62,7.210876,7.249600,-0.038724,0.000000,synthetic_chat_design_preset
90.63,7.209163,7.250400,-0.041237,0.000000,synthetic_chat_design_preset
90.64,7.207613,7.251200,-0.043587,0.000000,synthetic_chat_design_preset
90.65,7.206235,7.252000,-0.045765,0.000000,synthetic_chat_design_preset
90.66,7.205038,7.252800,-0.047762,0.000000,synthetic_chat_design_preset
90.67,7.204029,7.253600,-0.049571,0.000000,synthetic_chat_design_preset
90.68,7.203215,7.254400,-0.051185,0.000000,synthetic_chat_design_preset
90.69,7.202604,7.255200,-0.052596,0.000000,synthetic_chat_design_preset
90.70,7.202200,7.256000,-0.053800,0.000000,synthetic_chat_design_preset
90.71,7.202009,7.256800,-0.054791,0.000000,synthetic_chat_design_preset
90.72,7.202033,7.257600,-0.055567,0.000000,synthetic_chat_design_preset
90.73,7.202278,7.258400,-0.056122,0.000000,synthetic_chat_design_preset
90.74,7.202743,7.259200,-0.056457,0.000000,synthetic_chat_design_preset
90.75,7.203431,7.260000,-0.056569,0.000000,synthetic_chat_design_preset
90.76,7.204343,7.260800,-0.056457,0.000000,synthetic_chat_design_preset
90.77,7.205478,7.261600,-0.056122,0.000000,synthetic_chat_design_preset
90.78,7.206833,7.262400,-0.055567,0.000000,synthetic_chat_design_preset
90.79,7.208409,7.263200,-0.054791,0.000000,synthetic_chat_design_preset
90.80,7.210200,7.264000,-0.053800,0.000000,synthetic_chat_design_preset
90.81,7.212204,7.264800,-0.052596,0.000000,synthetic_chat_design_preset
90.82,7.214415,7.265600,-0.051185,0.000000,synthetic_chat_design_preset
90.83,7.216829,7.266400,-0.049571,0.000000,synthetic_chat_design_preset
90.84,7.219438,7.267200,-0.047762,0.000000,synthetic_chat_design_preset
90.85,7.222235,7.268000,-0.045765,0.000000,synthetic_chat_design_preset
90.86,7.225213,7.268800,-0.043587,0.000000,synthetic_chat_design_preset
90.87,7.228363,7.269600,-0.041237,0.000000,synthetic_chat_design_preset
90.88,7.231676,7.270400,-0.038724,0.000000,synthetic_chat_design_preset
90.89,7.235142,7.271200,-0.036058,0.000000,synthetic_chat_design_preset
90.90,7.238750,7.272000,-0.033250,0.000000,synthetic_chat_design_preset
90.91,7.242489,7.272800,-0.030311,0.000000,synthetic_chat_design_preset
90.92,7.246348,7.273600,-0.027252,0.000000,synthetic_chat_design_preset
90.93,7.250314,7.274400,-0.024086,0.000000,synthetic_chat_design_preset
90.94,7.254376,7.275200,-0.020824,0.000000,synthetic_chat_design_preset
90.95,7.258519,7.276000,-0.017481,0.000000,synthetic_chat_design_preset
90.96,7.262732,7.276800,-0.014068,0.000000,synthetic_chat_design_preset
90.97,7.267000,7.277600,-0.010600,0.000000,synthetic_chat_design_preset
90.98,7.271310,7.278400,-0.007090,0.000000,synthetic_chat_design_preset
90.99,7.275648,7.279200,-0.003552,0.000000,synthetic_chat_design_preset
91.00,7.280000,7.280000,-0.000000,0.000000,synthetic_chat_design_preset
91.01,7.284352,7.280800,0.003552,0.000000,synthetic_chat_design_preset
91.02,7.288690,7.281600,0.007090,0.000000,synthetic_chat_design_preset
91.03,7.293000,7.282400,0.010600,0.000000,synthetic_chat_design_preset
91.04,7.297268,7.283200,0.014068,0.000000,synthetic_chat_design_preset
91.05,7.301481,7.284000,0.017481,0.000000,synthetic_chat_design_preset
91.06,7.305624,7.284800,0.020824,0.000000,synthetic_chat_design_preset
91.07,7.309686,7.285600,0.024086,0.000000,synthetic_chat_design_preset
91.08,7.313652,7.286400,0.027252,0.000000,synthetic_chat_design_preset
91.09,7.317511,7.287200,0.030311,0.000000,synthetic_chat_design_preset
91.10,7.321250,7.288000,0.033250,0.000000,synthetic_chat_design_preset
91.11,7.324858,7.288800,0.036058,0.000000,synthetic_chat_design_preset
91.12,7.328324,7.289600,0.038724,0.000000,synthetic_chat_design_preset
91.13,7.331637,7.290400,0.041237,0.000000,synthetic_chat_design_preset
91.14,7.334787,7.291200,0.043587,0.000000,synthetic_chat_design_preset
91.15,7.337765,7.292000,0.045765,0.000000,synthetic_chat_design_preset
91.16,7.340562,7.292800,0.047762,0.000000,synthetic_chat_design_preset
91.17,7.343171,7.293600,0.049571,0.000000,synthetic_chat_design_preset
91.18,7.345585,7.294400,0.051185,0.000000,synthetic_chat_design_preset
91.19,7.347796,7.295200,0.052596,0.000000,synthetic_chat_design_preset
91.20,7.349800,7.296000,0.053800,0.000000,synthetic_chat_design_preset
91.21,7.351591,7.296800,0.054791,0.000000,synthetic_chat_design_preset
91.22,7.353167,7.297600,0.055567,0.000000,synthetic_chat_design_preset
91.23,7.354522,7.298400,0.056122,0.000000,synthetic_chat_design_preset
91.24,7.355657,7.299200,0.056457,0.000000,synthetic_chat_design_preset
91.25,7.356569,7.300000,0.056569,0.000000,synthetic_chat_design_preset
91.26,7.357257,7.300800,0.056457,0.000000,synthetic_chat_design_preset
91.27,7.357722,7.301600,0.056122,0.000000,synthetic_chat_design_preset
91.28,7.357967,7.302400,0.055567,0.000000,synthetic_chat_design_preset
91.29,7.357991,7.303200,0.054791,0.000000,synthetic_chat_design_preset
91.30,7.357800,7.304000,0.053800,0.000000,synthetic_chat_design_preset
91.31,7.357396,7.304800,0.052596,0.000000,synthetic_chat_design_preset
91.32,7.356785,7.305600,0.051185,0.000000,synthetic_chat_design_preset
91.33,7.355971,7.306400,0.049571,0.000000,synthetic_chat_design_preset
91.34,7.354962,7.307200,0.047762,0.000000,synthetic_chat_design_preset
91.35,7.353765,7.308000,0.045765,0.000000,synthetic_chat_design_preset
91.36,7.352387,7.308800,0.043587,0.000000,synthetic_chat_design_preset
91.37,7.350837,7.309600,0.041237,0.000000,synthetic_chat_design_preset
91.38,7.349124,7.310400,0.038724,0.000000,synthetic_chat_design_preset
91.39,7.347258,7.311200,0.036058,0.000000,synthetic_chat_design_preset
91.40,7.345250,7.312000,0.033250,0.000000,synthetic_chat_design_preset
91.41,7.343111,7.312800,0.030311,0.000000,synthetic_chat_design_preset
91.42,7.340852,7.313600,0.027252,0.000000,synthetic_chat_design_preset
91.43,7.338486,7.314400,0.024086,0.000000,synthetic_chat_design_preset
91.44,7.336024,7.315200,0.020824,0.000000,synthetic_chat_design_preset
91.45,7.333481,7.316000,0.017481,0.000000,synthetic_chat_design_preset
91.46,7.330868,7.316800,0.014068,0.000000,synthetic_chat_design_preset
91.47,7.328200,7.317600,0.010600,0.000000,synthetic_chat_design_preset
91.48,7.325490,7.318400,0.007090,0.000000,synthetic_chat_design_preset
91.49,7.322752,7.319200,0.003552,0.000000,synthetic_chat_design_preset
91.50,7.320000,7.320000,0.000000,0.000000,synthetic_chat_design_preset
91.51,7.317248,7.320800,-0.003552,0.000000,synthetic_chat_design_preset
91.52,7.314510,7.321600,-0.007090,0.000000,synthetic_chat_design_preset
91.53,7.311800,7.322400,-0.010600,0.000000,synthetic_chat_design_preset
91.54,7.309132,7.323200,-0.014068,0.000000,synthetic_chat_design_preset
91.55,7.306519,7.324000,-0.017481,0.000000,synthetic_chat_design_preset
91.56,7.303976,7.324800,-0.020824,0.000000,synthetic_chat_design_preset
91.57,7.301514,7.325600,-0.024086,0.000000,synthetic_chat_design_preset
91.58,7.299148,7.326400,-0.027252,0.000000,synthetic_chat_design_preset
91.59,7.296889,7.327200,-0.030311,0.000000,synthetic_chat_design_preset
91.60,7.294750,7.328000,-0.033250,0.000000,synthetic_chat_design_preset
91.61,7.292742,7.328800,-0.036058,0.000000,synthetic_chat_design_preset
91.62,7.290876,7.329600,-0.038724,0.000000,synthetic_chat_design_preset
91.63,7.289163,7.330400,-0.041237,0.000000,synthetic_chat_design_preset
91.64,7.287613,7.331200,-0.043587,0.000000,synthetic_chat_design_preset
91.65,7.286235,7.332000,-0.045765,0.000000,synthetic_chat_design_preset
91.66,7.285038,7.332800,-0.047762,0.000000,synthetic_chat_design_preset
91.67,7.284029,7.333600,-0.049571,0.000000,synthetic_chat_design_preset
91.68,7.283215,7.334400,-0.051185,0.000000,synthetic_chat_design_preset
91.69,7.282604,7.335200,-0.052596,0.000000,synthetic_chat_design_preset
91.70,7.282200,7.336000,-0.053800,0.000000,synthetic_chat_design_preset
91.71,7.282009,7.336800,-0.054791,0.000000,synthetic_chat_design_preset
91.72,7.282033,7.337600,-0.055567,0.000000,synthetic_chat_design_preset
91.73,7.282278,7.338400,-0.056122,0.000000,synthetic_chat_design_preset
91.74,7.282743,7.339200,-0.056457,0.000000,synthetic_chat_design_preset
91.75,7.283431,7.340000,-0.056569,0.000000,synthetic_chat_design_preset
91.76,7.284343,7.340800,-0.056457,0.000000,synthetic_chat_design_preset
91.77,7.285478,7.341600,-0.056122,0.000000,synthetic_chat_design_preset
91.78,7.286833,7.342400,-0.055567,0.000000,synthetic_chat_design_preset
91.79,7.288409,7.343200,-0.054791,0.000000,synthetic_chat_design_preset
91.80,7.290200,7.344000,-0.053800,0.000000,synthetic_chat_design_preset
91.81,7.292204,7.344800,-0.052596,0.000000,synthetic_chat_design_preset
91.82,7.294415,7.345600,-0.051185,0.000000,synthetic_chat_design_preset
91.83,7.296829,7.346400,-0.049571,0.000000,synthetic_chat_design_preset
91.84,7.299438,7.347200,-0.047762,0.000000,synthetic_chat_design_preset
91.85,7.302235,7.348000,-0.045765,0.000000,synthetic_chat_design_preset
91.86,7.305213,7.348800,-0.043587,0.000000,synthetic_chat_design_preset
91.87,7.308363,7.349600,-0.041237,0.000000,synthetic_chat_design_preset
91.88,7.311676,7.350400,-0.038724,0.000000,synthetic_chat_design_preset
91.89,7.315142,7.351200,-0.036058,0.000000,synthetic_chat_design_preset
91.90,7.318750,7.352000,-0.033250,0.000000,synthetic_chat_design_preset
91.91,7.322489,7.352800,-0.030311,0.000000,synthetic_chat_design_preset
91.92,7.326348,7.353600,-0.027252,0.000000,synthetic_chat_design_preset
91.93,7.330314,7.354400,-0.024086,0.000000,synthetic_chat_design_preset
91.94,7.334376,7.355200,-0.020824,0.000000,synthetic_chat_design_preset
91.95,7.338519,7.356000,-0.017481,0.000000,synthetic_chat_design_preset
91.96,7.342732,7.356800,-0.014068,0.000000,synthetic_chat_design_preset
91.97,7.347000,7.357600,-0.010600,0.000000,synthetic_chat_design_preset
91.98,7.351310,7.358400,-0.007090,0.000000,synthetic_chat_design_preset
91.99,7.355681,7.359200,-0.003552,0.000033,synthetic_chat_design_preset
92.00,7.360045,7.360000,-0.000000,0.000045,synthetic_chat_design_preset
92.01,7.364413,7.360800,0.003552,0.000061,synthetic_chat_design_preset
92.02,7.368773,7.361600,0.007090,0.000083,synthetic_chat_design_preset
92.03,7.373111,7.362400,0.010600,0.000111,synthetic_chat_design_preset
92.04,7.377416,7.363200,0.014068,0.000148,synthetic_chat_design_preset
92.05,7.381676,7.364000,0.017481,0.000195,synthetic_chat_design_preset
92.06,7.385881,7.364800,0.020824,0.000257,synthetic_chat_design_preset
92.07,7.390022,7.365600,0.024086,0.000336,synthetic_chat_design_preset
92.08,7.394089,7.366400,0.027252,0.000436,synthetic_chat_design_preset
92.09,7.398075,7.367200,0.030311,0.000564,synthetic_chat_design_preset
92.10,7.401973,7.368000,0.033250,0.000723,synthetic_chat_design_preset
92.11,7.405781,7.368800,0.036058,0.000923,synthetic_chat_design_preset
92.12,7.409493,7.369600,0.038724,0.001170,synthetic_chat_design_preset
92.13,7.413110,7.370400,0.041237,0.001474,synthetic_chat_design_preset
92.14,7.416632,7.371200,0.043587,0.001845,synthetic_chat_design_preset
92.15,7.420061,7.372000,0.045765,0.002296,synthetic_chat_design_preset
92.16,7.423403,7.372800,0.047762,0.002840,synthetic_chat_design_preset
92.17,7.426663,7.373600,0.049571,0.003492,synthetic_chat_design_preset
92.18,7.429850,7.374400,0.051185,0.004266,synthetic_chat_design_preset
92.19,7.432975,7.375200,0.052596,0.005179,synthetic_chat_design_preset
92.20,7.436050,7.376000,0.053800,0.006250,synthetic_chat_design_preset
92.21,7.439087,7.376800,0.054791,0.007496,synthetic_chat_design_preset
92.22,7.442101,7.377600,0.055567,0.008935,synthetic_chat_design_preset
92.23,7.445107,7.378400,0.056122,0.010584,synthetic_chat_design_preset
92.24,7.448118,7.379200,0.056457,0.012462,synthetic_chat_design_preset
92.25,7.451150,7.380000,0.056569,0.014582,synthetic_chat_design_preset
92.26,7.454214,7.380800,0.056457,0.016958,synthetic_chat_design_preset
92.27,7.457322,7.381600,0.056122,0.019600,synthetic_chat_design_preset
92.28,7.460480,7.382400,0.055567,0.022514,synthetic_chat_design_preset
92.29,7.463694,7.383200,0.054791,0.025703,synthetic_chat_design_preset
92.30,7.466963,7.384000,0.053800,0.029163,synthetic_chat_design_preset
92.31,7.470282,7.384800,0.052596,0.032886,synthetic_chat_design_preset
92.32,7.473641,7.385600,0.051185,0.036857,synthetic_chat_design_preset
92.33,7.477024,7.386400,0.049571,0.041053,synthetic_chat_design_preset
92.34,7.480408,7.387200,0.047762,0.045446,synthetic_chat_design_preset
92.35,7.483765,7.388000,0.045765,0.050000,synthetic_chat_design_preset
92.36,7.487059,7.388800,0.043587,0.054673,synthetic_chat_design_preset
92.37,7.490251,7.389600,0.041237,0.059415,synthetic_chat_design_preset
92.38,7.493295,7.390400,0.038724,0.064171,synthetic_chat_design_preset
92.39,7.496141,7.391200,0.036058,0.068883,synthetic_chat_design_preset
92.40,7.498737,7.392000,0.033250,0.073487,synthetic_chat_design_preset
92.41,7.501027,7.392800,0.030311,0.077916,synthetic_chat_design_preset
92.42,7.502958,7.393600,0.027252,0.082106,synthetic_chat_design_preset
92.43,7.504475,7.394400,0.024086,0.085989,synthetic_chat_design_preset
92.44,7.505527,7.395200,0.020824,0.089503,synthetic_chat_design_preset
92.45,7.506068,7.396000,0.017481,0.092587,synthetic_chat_design_preset
92.46,7.506058,7.396800,0.014068,0.095190,synthetic_chat_design_preset
92.47,7.505465,7.397600,0.010600,0.097265,synthetic_chat_design_preset
92.48,7.504265,7.398400,0.007090,0.098775,synthetic_chat_design_preset
92.49,7.502444,7.399200,0.003552,0.099692,synthetic_chat_design_preset
92.50,7.500000,7.400000,0.000000,0.100000,synthetic_chat_design_preset
92.51,7.496940,7.400800,-0.003552,0.099692,synthetic_chat_design_preset
92.52,7.493285,7.401600,-0.007090,0.098775,synthetic_chat_design_preset
92.53,7.489066,7.402400,-0.010600,0.097265,synthetic_chat_design_preset
92.54,7.484322,7.403200,-0.014068,0.095190,synthetic_chat_design_preset
92.55,7.479107,7.404000,-0.017481,0.092587,synthetic_chat_design_preset
92.56,7.473478,7.404800,-0.020824,0.089503,synthetic_chat_design_preset
92.57,7.467503,7.405600,-0.024086,0.085989,synthetic_chat_design_preset
92.58,7.461254,7.406400,-0.027252,0.082106,synthetic_chat_design_preset
92.59,7.454806,7.407200,-0.030311,0.077916,synthetic_chat_design_preset
92.60,7.448237,7.408000,-0.033250,0.073487,synthetic_chat_design_preset
92.61,7.441625,7.408800,-0.036058,0.068883,synthetic_chat_design_preset
92.62,7.435047,7.409600,-0.038724,0.064171,synthetic_chat_design_preset
92.63,7.428578,7.410400,-0.041237,0.059415,synthetic_chat_design_preset
92.64,7.422286,7.411200,-0.043587,0.054673,synthetic_chat_design_preset
92.65,7.416235,7.412000,-0.045765,0.050000,synthetic_chat_design_preset
92.66,7.410484,7.412800,-0.047762,0.045446,synthetic_chat_design_preset
92.67,7.405081,7.413600,-0.049571,0.041053,synthetic_chat_design_preset
92.68,7.400072,7.414400,-0.051185,0.036857,synthetic_chat_design_preset
92.69,7.395490,7.415200,-0.052596,0.032886,synthetic_chat_design_preset
92.70,7.391363,7.416000,-0.053800,0.029163,synthetic_chat_design_preset
92.71,7.387712,7.416800,-0.054791,0.025703,synthetic_chat_design_preset
92.72,7.384547,7.417600,-0.055567,0.022514,synthetic_chat_design_preset
92.73,7.381877,7.418400,-0.056122,0.019600,synthetic_chat_design_preset
92.74,7.379701,7.419200,-0.056457,0.016958,synthetic_chat_design_preset
92.75,7.378013,7.420000,-0.056569,0.014582,synthetic_chat_design_preset
92.76,7.376805,7.420800,-0.056457,0.012462,synthetic_chat_design_preset
92.77,7.376062,7.421600,-0.056122,0.010584,synthetic_chat_design_preset
92.78,7.375768,7.422400,-0.055567,0.008935,synthetic_chat_design_preset
92.79,7.375904,7.423200,-0.054791,0.007496,synthetic_chat_design_preset
92.80,7.376450,7.424000,-0.053800,0.006250,synthetic_chat_design_preset
92.81,7.377383,7.424800,-0.052596,0.005179,synthetic_chat_design_preset
92.82,7.378681,7.425600,-0.051185,0.004266,synthetic_chat_design_preset
92.83,7.380320,7.426400,-0.049571,0.003492,synthetic_chat_design_preset
92.84,7.382278,7.427200,-0.047762,0.002840,synthetic_chat_design_preset
92.85,7.384532,7.428000,-0.045765,0.002296,synthetic_chat_design_preset
92.86,7.387058,7.428800,-0.043587,0.001845,synthetic_chat_design_preset
92.87,7.389837,7.429600,-0.041237,0.001474,synthetic_chat_design_preset
92.88,7.392846,7.430400,-0.038724,0.001170,synthetic_chat_design_preset
92.89,7.396065,7.431200,-0.036058,0.000923,synthetic_chat_design_preset
92.90,7.399473,7.432000,-0.033250,0.000723,synthetic_chat_design_preset
92.91,7.403053,7.432800,-0.030311,0.000564,synthetic_chat_design_preset
92.92,7.406784,7.433600,-0.027252,0.000436,synthetic_chat_design_preset
92.93,7.410650,7.434400,-0.024086,0.000336,synthetic_chat_design_preset
92.94,7.414633,7.435200,-0.020824,0.000257,synthetic_chat_design_preset
92.95,7.418715,7.436000,-0.017481,0.000195,synthetic_chat_design_preset
92.96,7.422880,7.436800,-0.014068,0.000148,synthetic_chat_design_preset
92.97,7.427111,7.437600,-0.010600,0.000111,synthetic_chat_design_preset
92.98,7.431393,7.438400,-0.007090,0.000083,synthetic_chat_design_preset
92.99,7.435709,7.439200,-0.003552,0.000061,synthetic_chat_design_preset
93.00,7.440045,7.440000,-0.000000,0.000045,synthetic_chat_design_preset
93.01,7.444352,7.440800,0.003552,0.000000,synthetic_chat_design_preset
93.02,7.448690,7.441600,0.007090,0.000000,synthetic_chat_design_preset
93.03,7.453000,7.442400,0.010600,0.000000,synthetic_chat_design_preset
93.04,7.457268,7.443200,0.014068,0.000000,synthetic_chat_design_preset
93.05,7.461481,7.444000,0.017481,0.000000,synthetic_chat_design_preset
93.06,7.465624,7.444800,0.020824,0.000000,synthetic_chat_design_preset
93.07,7.469686,7.445600,0.024086,0.000000,synthetic_chat_design_preset
93.08,7.473652,7.446400,0.027252,0.000000,synthetic_chat_design_preset
93.09,7.477511,7.447200,0.030311,0.000000,synthetic_chat_design_preset
93.10,7.481250,7.448000,0.033250,0.000000,synthetic_chat_design_preset
93.11,7.484858,7.448800,0.036058,0.000000,synthetic_chat_design_preset
93.12,7.488324,7.449600,0.038724,0.000000,synthetic_chat_design_preset
93.13,7.491637,7.450400,0.041237,0.000000,synthetic_chat_design_preset
93.14,7.494787,7.451200,0.043587,0.000000,synthetic_chat_design_preset
93.15,7.497765,7.452000,0.045765,0.000000,synthetic_chat_design_preset
93.16,7.500562,7.452800,0.047762,0.000000,synthetic_chat_design_preset
93.17,7.503171,7.453600,0.049571,0.000000,synthetic_chat_design_preset
93.18,7.505585,7.454400,0.051185,0.000000,synthetic_chat_design_preset
93.19,7.507796,7.455200,0.052596,0.000000,synthetic_chat_design_preset
93.20,7.509800,7.456000,0.053800,0.000000,synthetic_chat_design_preset
93.21,7.511591,7.456800,0.054791,0.000000,synthetic_chat_design_preset
93.22,7.513167,7.457600,0.055567,0.000000,synthetic_chat_design_preset
93.23,7.514522,7.458400,0.056122,0.000000,synthetic_chat_design_preset
93.24,7.515657,7.459200,0.056457,0.000000,synthetic_chat_design_preset
93.25,7.516569,7.460000,0.056569,0.000000,synthetic_chat_design_preset
93.26,7.517257,7.460800,0.056457,0.000000,synthetic_chat_design_preset
93.27,7.517722,7.461600,0.056122,0.000000,synthetic_chat_design_preset
93.28,7.517967,7.462400,0.055567,0.000000,synthetic_chat_design_preset
93.29,7.517991,7.463200,0.054791,0.000000,synthetic_chat_design_preset
93.30,7.517800,7.464000,0.053800,0.000000,synthetic_chat_design_preset
93.31,7.517396,7.464800,0.052596,0.000000,synthetic_chat_design_preset
93.32,7.516785,7.465600,0.051185,0.000000,synthetic_chat_design_preset
93.33,7.515971,7.466400,0.049571,0.000000,synthetic_chat_design_preset
93.34,7.514962,7.467200,0.047762,0.000000,synthetic_chat_design_preset
93.35,7.513765,7.468000,0.045765,0.000000,synthetic_chat_design_preset
93.36,7.512387,7.468800,0.043587,0.000000,synthetic_chat_design_preset
93.37,7.510837,7.469600,0.041237,0.000000,synthetic_chat_design_preset
93.38,7.509124,7.470400,0.038724,0.000000,synthetic_chat_design_preset
93.39,7.507258,7.471200,0.036058,0.000000,synthetic_chat_design_preset
93.40,7.505250,7.472000,0.033250,0.000000,synthetic_chat_design_preset
93.41,7.503111,7.472800,0.030311,0.000000,synthetic_chat_design_preset
93.42,7.500852,7.473600,0.027252,0.000000,synthetic_chat_design_preset
93.43,7.498486,7.474400,0.024086,0.000000,synthetic_chat_design_preset
93.44,7.496024,7.475200,0.020824,0.000000,synthetic_chat_design_preset
93.45,7.493481,7.476000,0.017481,0.000000,synthetic_chat_design_preset
93.46,7.490868,7.476800,0.014068,0.000000,synthetic_chat_design_preset
93.47,7.488200,7.477600,0.010600,0.000000,synthetic_chat_design_preset
93.48,7.485490,7.478400,0.007090,0.000000,synthetic_chat_design_preset
93.49,7.482752,7.479200,0.003552,0.000000,synthetic_chat_design_preset
93.50,7.480000,7.480000,-0.000000,0.000000,synthetic_chat_design_preset
93.51,7.477248,7.480800,-0.003552,0.000000,synthetic_chat_design_preset
93.52,7.474510,7.481600,-0.007090,0.000000,synthetic_chat_design_preset
93.53,7.471800,7.482400,-0.010600,0.000000,synthetic_chat_design_preset
93.54,7.469132,7.483200,-0.014068,0.000000,synthetic_chat_design_preset
93.55,7.466519,7.484000,-0.017481,0.000000,synthetic_chat_design_preset
93.56,7.463976,7.484800,-0.020824,0.000000,synthetic_chat_design_preset
93.57,7.461514,7.485600,-0.024086,0.000000,synthetic_chat_design_preset
93.58,7.459148,7.486400,-0.027252,0.000000,synthetic_chat_design_preset
93.59,7.456889,7.487200,-0.030311,0.000000,synthetic_chat_design_preset
93.60,7.454750,7.488000,-0.033250,0.000000,synthetic_chat_design_preset
93.61,7.452742,7.488800,-0.036058,0.000000,synthetic_chat_design_preset
93.62,7.450876,7.489600,-0.038724,0.000000,synthetic_chat_design_preset
93.63,7.449163,7.490400,-0.041237,0.000000,synthetic_chat_design_preset
93.64,7.447613,7.491200,-0.043587,0.000000,synthetic_chat_design_preset
93.65,7.446235,7.492000,-0.045765,0.000000,synthetic_chat_design_preset
93.66,7.445038,7.492800,-0.047762,0.000000,synthetic_chat_design_preset
93.67,7.444029,7.493600,-0.049571,0.000000,synthetic_chat_design_preset
93.68,7.443215,7.494400,-0.051185,0.000000,synthetic_chat_design_preset
93.69,7.442604,7.495200,-0.052596,0.000000,synthetic_chat_design_preset
93.70,7.442200,7.496000,-0.053800,0.000000,synthetic_chat_design_preset
93.71,7.442009,7.496800,-0.054791,0.000000,synthetic_chat_design_preset
93.72,7.442033,7.497600,-0.055567,0.000000,synthetic_chat_design_preset
93.73,7.442278,7.498400,-0.056122,0.000000,synthetic_chat_design_preset
93.74,7.442743,7.499200,-0.056457,0.000000,synthetic_chat_design_preset
93.75,7.443431,7.500000,-0.056569,0.000000,synthetic_chat_design_preset
93.76,7.444343,7.500800,-0.056457,0.000000,synthetic_chat_design_preset
93.77,7.445478,7.501600,-0.056122,0.000000,synthetic_chat_design_preset
93.78,7.446833,7.502400,-0.055567,0.000000,synthetic_chat_design_preset
93.79,7.448409,7.503200,-0.054791,0.000000,synthetic_chat_design_preset
93.80,7.450200,7.504000,-0.053800,0.000000,synthetic_chat_design_preset
93.81,7.452204,7.504800,-0.052596,0.000000,synthetic_chat_design_preset
93.82,7.454415,7.505600,-0.051185,0.000000,synthetic_chat_design_preset
93.83,7.456829,7.506400,-0.049571,0.000000,synthetic_chat_design_preset
93.84,7.459438,7.507200,-0.047762,0.000000,synthetic_chat_design_preset
93.85,7.462235,7.508000,-0.045765,0.000000,synthetic_chat_design_preset
93.86,7.465213,7.508800,-0.043587,0.000000,synthetic_chat_design_preset
93.87,7.468363,7.509600,-0.041237,0.000000,synthetic_chat_design_preset
93.88,7.471676,7.510400,-0.038724,0.000000,synthetic_chat_design_preset
93.89,7.475142,7.511200,-0.036058,0.000000,synthetic_chat_design_preset
93.90,7.478750,7.512000,-0.033250,0.000000,synthetic_chat_design_preset
93.91,7.482489,7.512800,-0.030311,0.000000,synthetic_chat_design_preset
93.92,7.486348,7.513600,-0.027252,0.000000,synthetic_chat_design_preset
93.93,7.490314,7.514400,-0.024086,0.000000,synthetic_chat_design_preset
93.94,7.494376,7.515200,-0.020824,0.000000,synthetic_chat_design_preset
93.95,7.498519,7.516000,-0.017481,0.000000,synthetic_chat_design_preset
93.96,7.502732,7.516800,-0.014068,0.000000,synthetic_chat_design_preset
93.97,7.507000,7.517600,-0.010600,0.000000,synthetic_chat_design_preset
93.98,7.511310,7.518400,-0.007090,0.000000,synthetic_chat_design_preset
93.99,7.515648,7.519200,-0.003552,0.000000,synthetic_chat_design_preset
94.00,7.520000,7.520000,0.000000,0.000000,synthetic_chat_design_preset
94.01,7.524352,7.520800,0.003552,0.000000,synthetic_chat_design_preset
94.02,7.528690,7.521600,0.007090,0.000000,synthetic_chat_design_preset
94.03,7.533000,7.522400,0.010600,0.000000,synthetic_chat_design_preset
94.04,7.537268,7.523200,0.014068,0.000000,synthetic_chat_design_preset
94.05,7.541481,7.524000,0.017481,0.000000,synthetic_chat_design_preset
94.06,7.545624,7.524800,0.020824,0.000000,synthetic_chat_design_preset
94.07,7.549686,7.525600,0.024086,0.000000,synthetic_chat_design_preset
94.08,7.553652,7.526400,0.027252,0.000000,synthetic_chat_design_preset
94.09,7.557511,7.527200,0.030311,0.000000,synthetic_chat_design_preset
94.10,7.561250,7.528000,0.033250,0.000000,synthetic_chat_design_preset
94.11,7.564858,7.528800,0.036058,0.000000,synthetic_chat_design_preset
94.12,7.568324,7.529600,0.038724,0.000000,synthetic_chat_design_preset
94.13,7.571637,7.530400,0.041237,0.000000,synthetic_chat_design_preset
94.14,7.574787,7.531200,0.043587,0.000000,synthetic_chat_design_preset
94.15,7.577765,7.532000,0.045765,0.000000,synthetic_chat_design_preset
94.16,7.580562,7.532800,0.047762,0.000000,synthetic_chat_design_preset
94.17,7.583171,7.533600,0.049571,0.000000,synthetic_chat_design_preset
94.18,7.585585,7.534400,0.051185,0.000000,synthetic_chat_design_preset
94.19,7.587796,7.535200,0.052596,0.000000,synthetic_chat_design_preset
94.20,7.589800,7.536000,0.053800,0.000000,synthetic_chat_design_preset
94.21,7.591591,7.536800,0.054791,0.000000,synthetic_chat_design_preset
94.22,7.593167,7.537600,0.055567,0.000000,synthetic_chat_design_preset
94.23,7.594522,7.538400,0.056122,0.000000,synthetic_chat_design_preset
94.24,7.595657,7.539200,0.056457,0.000000,synthetic_chat_design_preset
94.25,7.596569,7.540000,0.056569,0.000000,synthetic_chat_design_preset
94.26,7.597257,7.540800,0.056457,0.000000,synthetic_chat_design_preset
94.27,7.597722,7.541600,0.056122,0.000000,synthetic_chat_design_preset
94.28,7.597967,7.542400,0.055567,0.000000,synthetic_chat_design_preset
94.29,7.597991,7.543200,0.054791,0.000000,synthetic_chat_design_preset
94.30,7.597800,7.544000,0.053800,0.000000,synthetic_chat_design_preset
94.31,7.597396,7.544800,0.052596,0.000000,synthetic_chat_design_preset
94.32,7.596785,7.545600,0.051185,0.000000,synthetic_chat_design_preset
94.33,7.595971,7.546400,0.049571,0.000000,synthetic_chat_design_preset
94.34,7.594962,7.547200,0.047762,0.000000,synthetic_chat_design_preset
94.35,7.593765,7.548000,0.045765,0.000000,synthetic_chat_design_preset
94.36,7.592387,7.548800,0.043587,0.000000,synthetic_chat_design_preset
94.37,7.590837,7.549600,0.041237,0.000000,synthetic_chat_design_preset
94.38,7.589124,7.550400,0.038724,0.000000,synthetic_chat_design_preset
94.39,7.587258,7.551200,0.036058,0.000000,synthetic_chat_design_preset
94.40,7.585250,7.552000,0.033250,0.000000,synthetic_chat_design_preset
94.41,7.583111,7.552800,0.030311,0.000000,synthetic_chat_design_preset
94.42,7.580852,7.553600,0.027252,0.000000,synthetic_chat_design_preset
94.43,7.578486,7.554400,0.024086,0.000000,synthetic_chat_design_preset
94.44,7.576024,7.555200,0.020824,0.000000,synthetic_chat_design_preset
94.45,7.573481,7.556000,0.017481,0.000000,synthetic_chat_design_preset
94.46,7.570868,7.556800,0.014068,0.000000,synthetic_chat_design_preset
94.47,7.568200,7.557600,0.010600,0.000000,synthetic_chat_design_preset
94.48,7.565490,7.558400,0.007090,0.000000,synthetic_chat_design_preset
94.49,7.562752,7.559200,0.003552,0.000000,synthetic_chat_design_preset
94.50,7.560000,7.560000,-0.000000,0.000000,synthetic_chat_design_preset
94.51,7.557248,7.560800,-0.003552,0.000000,synthetic_chat_design_preset
94.52,7.554510,7.561600,-0.007090,0.000000,synthetic_chat_design_preset
94.53,7.551800,7.562400,-0.010600,0.000000,synthetic_chat_design_preset
94.54,7.549132,7.563200,-0.014068,0.000000,synthetic_chat_design_preset
94.55,7.546519,7.564000,-0.017481,0.000000,synthetic_chat_design_preset
94.56,7.543976,7.564800,-0.020824,0.000000,synthetic_chat_design_preset
94.57,7.541514,7.565600,-0.024086,0.000000,synthetic_chat_design_preset
94.58,7.539148,7.566400,-0.027252,0.000000,synthetic_chat_design_preset
94.59,7.536889,7.567200,-0.030311,0.000000,synthetic_chat_design_preset
94.60,7.534750,7.568000,-0.033250,0.000000,synthetic_chat_design_preset
94.61,7.532742,7.568800,-0.036058,0.000000,synthetic_chat_design_preset
94.62,7.530876,7.569600,-0.038724,0.000000,synthetic_chat_design_preset
94.63,7.529163,7.570400,-0.041237,0.000000,synthetic_chat_design_preset
94.64,7.527613,7.571200,-0.043587,0.000000,synthetic_chat_design_preset
94.65,7.526235,7.572000,-0.045765,0.000000,synthetic_chat_design_preset
94.66,7.525038,7.572800,-0.047762,0.000000,synthetic_chat_design_preset
94.67,7.524029,7.573600,-0.049571,0.000000,synthetic_chat_design_preset
94.68,7.523215,7.574400,-0.051185,0.000000,synthetic_chat_design_preset
94.69,7.522604,7.575200,-0.052596,0.000000,synthetic_chat_design_preset
94.70,7.522200,7.576000,-0.053800,0.000000,synthetic_chat_design_preset
94.71,7.522009,7.576800,-0.054791,0.000000,synthetic_chat_design_preset
94.72,7.522033,7.577600,-0.055567,0.000000,synthetic_chat_design_preset
94.73,7.522278,7.578400,-0.056122,0.000000,synthetic_chat_design_preset
94.74,7.522743,7.579200,-0.056457,0.000000,synthetic_chat_design_preset
94.75,7.523431,7.580000,-0.056569,0.000000,synthetic_chat_design_preset
94.76,7.524343,7.580800,-0.056457,0.000000,synthetic_chat_design_preset
94.77,7.525478,7.581600,-0.056122,0.000000,synthetic_chat_design_preset
94.78,7.526833,7.582400,-0.055567,0.000000,synthetic_chat_design_preset
94.79,7.528409,7.583200,-0.054791,0.000000,synthetic_chat_design_preset
94.80,7.530200,7.584000,-0.053800,0.000000,synthetic_chat_design_preset
94.81,7.532204,7.584800,-0.052596,0.000000,synthetic_chat_design_preset
94.82,7.534415,7.585600,-0.051185,0.000000,synthetic_chat_design_preset
94.83,7.536829,7.586400,-0.049571,0.000000,synthetic_chat_design_preset
94.84,7.539438,7.587200,-0.047762,0.000000,synthetic_chat_design_preset
94.85,7.542235,7.588000,-0.045765,0.000000,synthetic_chat_design_preset
94.86,7.545213,7.588800,-0.043587,0.000000,synthetic_chat_design_preset
94.87,7.548363,7.589600,-0.041237,0.000000,synthetic_chat_design_preset
94.88,7.551676,7.590400,-0.038724,0.000000,synthetic_chat_design_preset
94.89,7.555142,7.591200,-0.036058,0.000000,synthetic_chat_design_preset
94.90,7.558750,7.592000,-0.033250,0.000000,synthetic_chat_design_preset
94.91,7.562489,7.592800,-0.030311,0.000000,synthetic_chat_design_preset
94.92,7.566348,7.593600,-0.027252,0.000000,synthetic_chat_design_preset
94.93,7.570314,7.594400,-0.024086,0.000000,synthetic_chat_design_preset
94.94,7.574376,7.595200,-0.020824,0.000000,synthetic_chat_design_preset
94.95,7.578519,7.596000,-0.017481,0.000000,synthetic_chat_design_preset
94.96,7.582732,7.596800,-0.014068,0.000000,synthetic_chat_design_preset
94.97,7.587000,7.597600,-0.010600,0.000000,synthetic_chat_design_preset
94.98,7.591310,7.598400,-0.007090,0.000000,synthetic_chat_design_preset
94.99,7.595648,7.599200,-0.003552,0.000000,synthetic_chat_design_preset
95.00,7.600000,7.600000,-0.000000,0.000000,synthetic_chat_design_preset
95.01,7.604352,7.600800,0.003552,0.000000,synthetic_chat_design_preset
95.02,7.608690,7.601600,0.007090,0.000000,synthetic_chat_design_preset
95.03,7.613000,7.602400,0.010600,0.000000,synthetic_chat_design_preset
95.04,7.617268,7.603200,0.014068,0.000000,synthetic_chat_design_preset
95.05,7.621481,7.604000,0.017481,0.000000,synthetic_chat_design_preset
95.06,7.625624,7.604800,0.020824,0.000000,synthetic_chat_design_preset
95.07,7.629686,7.605600,0.024086,0.000000,synthetic_chat_design_preset
95.08,7.633652,7.606400,0.027252,0.000000,synthetic_chat_design_preset
95.09,7.637511,7.607200,0.030311,0.000000,synthetic_chat_design_preset
95.10,7.641250,7.608000,0.033250,0.000000,synthetic_chat_design_preset
95.11,7.644858,7.608800,0.036058,0.000000,synthetic_chat_design_preset
95.12,7.648324,7.609600,0.038724,0.000000,synthetic_chat_design_preset
95.13,7.651637,7.610400,0.041237,0.000000,synthetic_chat_design_preset
95.14,7.654787,7.611200,0.043587,0.000000,synthetic_chat_design_preset
95.15,7.657765,7.612000,0.045765,0.000000,synthetic_chat_design_preset
95.16,7.660562,7.612800,0.047762,0.000000,synthetic_chat_design_preset
95.17,7.663171,7.613600,0.049571,0.000000,synthetic_chat_design_preset
95.18,7.665585,7.614400,0.051185,0.000000,synthetic_chat_design_preset
95.19,7.667796,7.615200,0.052596,0.000000,synthetic_chat_design_preset
95.20,7.669800,7.616000,0.053800,0.000000,synthetic_chat_design_preset
95.21,7.671591,7.616800,0.054791,0.000000,synthetic_chat_design_preset
95.22,7.673167,7.617600,0.055567,0.000000,synthetic_chat_design_preset
95.23,7.674522,7.618400,0.056122,0.000000,synthetic_chat_design_preset
95.24,7.675657,7.619200,0.056457,0.000000,synthetic_chat_design_preset
95.25,7.676569,7.620000,0.056569,0.000000,synthetic_chat_design_preset
95.26,7.677257,7.620800,0.056457,0.000000,synthetic_chat_design_preset
95.27,7.677722,7.621600,0.056122,0.000000,synthetic_chat_design_preset
95.28,7.677967,7.622400,0.055567,0.000000,synthetic_chat_design_preset
95.29,7.677991,7.623200,0.054791,0.000000,synthetic_chat_design_preset
95.30,7.677800,7.624000,0.053800,0.000000,synthetic_chat_design_preset
95.31,7.677396,7.624800,0.052596,0.000000,synthetic_chat_design_preset
95.32,7.676785,7.625600,0.051185,0.000000,synthetic_chat_design_preset
95.33,7.675971,7.626400,0.049571,0.000000,synthetic_chat_design_preset
95.34,7.674962,7.627200,0.047762,0.000000,synthetic_chat_design_preset
95.35,7.673765,7.628000,0.045765,0.000000,synthetic_chat_design_preset
95.36,7.672387,7.628800,0.043587,0.000000,synthetic_chat_design_preset
95.37,7.670837,7.629600,0.041237,0.000000,synthetic_chat_design_preset
95.38,7.669124,7.630400,0.038724,0.000000,synthetic_chat_design_preset
95.39,7.667258,7.631200,0.036058,0.000000,synthetic_chat_design_preset
95.40,7.665250,7.632000,0.033250,0.000000,synthetic_chat_design_preset
95.41,7.663111,7.632800,0.030311,0.000000,synthetic_chat_design_preset
95.42,7.660852,7.633600,0.027252,0.000000,synthetic_chat_design_preset
95.43,7.658486,7.634400,0.024086,0.000000,synthetic_chat_design_preset
95.44,7.656024,7.635200,0.020824,0.000000,synthetic_chat_design_preset
95.45,7.653481,7.636000,0.017481,0.000000,synthetic_chat_design_preset
95.46,7.650868,7.636800,0.014068,0.000000,synthetic_chat_design_preset
95.47,7.648200,7.637600,0.010600,0.000000,synthetic_chat_design_preset
95.48,7.645490,7.638400,0.007090,0.000000,synthetic_chat_design_preset
95.49,7.642752,7.639200,0.003552,0.000000,synthetic_chat_design_preset
95.50,7.640000,7.640000,0.000000,0.000000,synthetic_chat_design_preset
95.51,7.637248,7.640800,-0.003552,0.000000,synthetic_chat_design_preset
95.52,7.634510,7.641600,-0.007090,0.000000,synthetic_chat_design_preset
95.53,7.631800,7.642400,-0.010600,0.000000,synthetic_chat_design_preset
95.54,7.629132,7.643200,-0.014068,0.000000,synthetic_chat_design_preset
95.55,7.626519,7.644000,-0.017481,0.000000,synthetic_chat_design_preset
95.56,7.623976,7.644800,-0.020824,0.000000,synthetic_chat_design_preset
95.57,7.621514,7.645600,-0.024086,0.000000,synthetic_chat_design_preset
95.58,7.619148,7.646400,-0.027252,0.000000,synthetic_chat_design_preset
95.59,7.616889,7.647200,-0.030311,0.000000,synthetic_chat_design_preset
95.60,7.614750,7.648000,-0.033250,0.000000,synthetic_chat_design_preset
95.61,7.612742,7.648800,-0.036058,0.000000,synthetic_chat_design_preset
95.62,7.610876,7.649600,-0.038724,0.000000,synthetic_chat_design_preset
95.63,7.609163,7.650400,-0.041237,0.000000,synthetic_chat_design_preset
95.64,7.607613,7.651200,-0.043587,0.000000,synthetic_chat_design_preset
95.65,7.606235,7.652000,-0.045765,0.000000,synthetic_chat_design_preset
95.66,7.605038,7.652800,-0.047762,0.000000,synthetic_chat_design_preset
95.67,7.604029,7.653600,-0.049571,0.000000,synthetic_chat_design_preset
95.68,7.603215,7.654400,-0.051185,0.000000,synthetic_chat_design_preset
95.69,7.602604,7.655200,-0.052596,0.000000,synthetic_chat_design_preset
95.70,7.602200,7.656000,-0.053800,0.000000,synthetic_chat_design_preset
95.71,7.602009,7.656800,-0.054791,0.000000,synthetic_chat_design_preset
95.72,7.602033,7.657600,-0.055567,0.000000,synthetic_chat_design_preset
95.73,7.602278,7.658400,-0.056122,0.000000,synthetic_chat_design_preset
95.74,7.602743,7.659200,-0.056457,0.000000,synthetic_chat_design_preset
95.75,7.603431,7.660000,-0.056569,0.000000,synthetic_chat_design_preset
95.76,7.604343,7.660800,-0.056457,0.000000,synthetic_chat_design_preset
95.77,7.605478,7.661600,-0.056122,0.000000,synthetic_chat_design_preset
95.78,7.606833,7.662400,-0.055567,0.000000,synthetic_chat_design_preset
95.79,7.608409,7.663200,-0.054791,0.000000,synthetic_chat_design_preset
95.80,7.610200,7.664000,-0.053800,0.000000,synthetic_chat_design_preset
95.81,7.612204,7.664800,-0.052596,0.000000,synthetic_chat_design_preset
95.82,7.614415,7.665600,-0.051185,0.000000,synthetic_chat_design_preset
95.83,7.616829,7.666400,-0.049571,0.000000,synthetic_chat_design_preset
95.84,7.619438,7.667200,-0.047762,0.000000,synthetic_chat_design_preset
95.85,7.622235,7.668000,-0.045765,0.000000,synthetic_chat_design_preset
95.86,7.625213,7.668800,-0.043587,0.000000,synthetic_chat_design_preset
95.87,7.628363,7.669600,-0.041237,0.000000,synthetic_chat_design_preset
95.88,7.631676,7.670400,-0.038724,0.000000,synthetic_chat_design_preset
95.89,7.635142,7.671200,-0.036058,0.000000,synthetic_chat_design_preset
95.90,7.638750,7.672000,-0.033250,0.000000,synthetic_chat_design_preset
95.91,7.642489,7.672800,-0.030311,0.000000,synthetic_chat_design_preset
95.92,7.646348,7.673600,-0.027252,0.000000,synthetic_chat_design_preset
95.93,7.650314,7.674400,-0.024086,0.000000,synthetic_chat_design_preset
95.94,7.654376,7.675200,-0.020824,0.000000,synthetic_chat_design_preset
95.95,7.658519,7.676000,-0.017481,0.000000,synthetic_chat_design_preset
95.96,7.662732,7.676800,-0.014068,0.000000,synthetic_chat_design_preset
95.97,7.667000,7.677600,-0.010600,0.000000,synthetic_chat_design_preset
95.98,7.671310,7.678400,-0.007090,0.000000,synthetic_chat_design_preset
95.99,7.675648,7.679200,-0.003552,0.000000,synthetic_chat_design_preset
96.00,7.680000,7.680000,-0.000000,0.000000,synthetic_chat_design_preset
96.01,7.684352,7.680800,0.003552,0.000000,synthetic_chat_design_preset
96.02,7.688690,7.681600,0.007090,0.000000,synthetic_chat_design_preset
96.03,7.693000,7.682400,0.010600,0.000000,synthetic_chat_design_preset
96.04,7.697268,7.683200,0.014068,0.000000,synthetic_chat_design_preset
96.05,7.701481,7.684000,0.017481,0.000000,synthetic_chat_design_preset
96.06,7.705624,7.684800,0.020824,0.000000,synthetic_chat_design_preset
96.07,7.709686,7.685600,0.024086,0.000000,synthetic_chat_design_preset
96.08,7.713652,7.686400,0.027252,0.000000,synthetic_chat_design_preset
96.09,7.717511,7.687200,0.030311,0.000000,synthetic_chat_design_preset
96.10,7.721250,7.688000,0.033250,0.000000,synthetic_chat_design_preset
96.11,7.724858,7.688800,0.036058,0.000000,synthetic_chat_design_preset
96.12,7.728324,7.689600,0.038724,0.000000,synthetic_chat_design_preset
96.13,7.731637,7.690400,0.041237,0.000000,synthetic_chat_design_preset
96.14,7.734787,7.691200,0.043587,0.000000,synthetic_chat_design_preset
96.15,7.737765,7.692000,0.045765,0.000000,synthetic_chat_design_preset
96.16,7.740562,7.692800,0.047762,0.000000,synthetic_chat_design_preset
96.17,7.743171,7.693600,0.049571,0.000000,synthetic_chat_design_preset
96.18,7.745585,7.694400,0.051185,0.000000,synthetic_chat_design_preset
96.19,7.747796,7.695200,0.052596,0.000000,synthetic_chat_design_preset
96.20,7.749800,7.696000,0.053800,0.000000,synthetic_chat_design_preset
96.21,7.751591,7.696800,0.054791,0.000000,synthetic_chat_design_preset
96.22,7.753167,7.697600,0.055567,0.000000,synthetic_chat_design_preset
96.23,7.754522,7.698400,0.056122,0.000000,synthetic_chat_design_preset
96.24,7.755657,7.699200,0.056457,0.000000,synthetic_chat_design_preset
96.25,7.756569,7.700000,0.056569,0.000000,synthetic_chat_design_preset
96.26,7.757257,7.700800,0.056457,0.000000,synthetic_chat_design_preset
96.27,7.757722,7.701600,0.056122,0.000000,synthetic_chat_design_preset
96.28,7.757967,7.702400,0.055567,0.000000,synthetic_chat_design_preset
96.29,7.757991,7.703200,0.054791,0.000000,synthetic_chat_design_preset
96.30,7.757800,7.704000,0.053800,0.000000,synthetic_chat_design_preset
96.31,7.757396,7.704800,0.052596,0.000000,synthetic_chat_design_preset
96.32,7.756785,7.705600,0.051185,0.000000,synthetic_chat_design_preset
96.33,7.755971,7.706400,0.049571,0.000000,synthetic_chat_design_preset
96.34,7.754962,7.707200,0.047762,0.000000,synthetic_chat_design_preset
96.35,7.753765,7.708000,0.045765,0.000000,synthetic_chat_design_preset
96.36,7.752387,7.708800,0.043587,0.000000,synthetic_chat_design_preset
96.37,7.750837,7.709600,0.041237,0.000000,synthetic_chat_design_preset
96.38,7.749124,7.710400,0.038724,0.000000,synthetic_chat_design_preset
96.39,7.747258,7.711200,0.036058,0.000000,synthetic_chat_design_preset
96.40,7.745250,7.712000,0.033250,0.000000,synthetic_chat_design_preset
96.41,7.743111,7.712800,0.030311,0.000000,synthetic_chat_design_preset
96.42,7.740852,7.713600,0.027252,0.000000,synthetic_chat_design_preset
96.43,7.738486,7.714400,0.024086,0.000000,synthetic_chat_design_preset
96.44,7.736024,7.715200,0.020824,0.000000,synthetic_chat_design_preset
96.45,7.733481,7.716000,0.017481,0.000000,synthetic_chat_design_preset
96.46,7.730868,7.716800,0.014068,0.000000,synthetic_chat_design_preset
96.47,7.728200,7.717600,0.010600,0.000000,synthetic_chat_design_preset
96.48,7.725490,7.718400,0.007090,0.000000,synthetic_chat_design_preset
96.49,7.722752,7.719200,0.003552,0.000000,synthetic_chat_design_preset
96.50,7.720000,7.720000,0.000000,0.000000,synthetic_chat_design_preset
96.51,7.717248,7.720800,-0.003552,0.000000,synthetic_chat_design_preset
96.52,7.714510,7.721600,-0.007090,0.000000,synthetic_chat_design_preset
96.53,7.711800,7.722400,-0.010600,0.000000,synthetic_chat_design_preset
96.54,7.709132,7.723200,-0.014068,0.000000,synthetic_chat_design_preset
96.55,7.706519,7.724000,-0.017481,0.000000,synthetic_chat_design_preset
96.56,7.703976,7.724800,-0.020824,0.000000,synthetic_chat_design_preset
96.57,7.701514,7.725600,-0.024086,0.000000,synthetic_chat_design_preset
96.58,7.699148,7.726400,-0.027252,0.000000,synthetic_chat_design_preset
96.59,7.696889,7.727200,-0.030311,0.000000,synthetic_chat_design_preset
96.60,7.694750,7.728000,-0.033250,0.000000,synthetic_chat_design_preset
96.61,7.692742,7.728800,-0.036058,0.000000,synthetic_chat_design_preset
96.62,7.690876,7.729600,-0.038724,0.000000,synthetic_chat_design_preset
96.63,7.689163,7.730400,-0.041237,0.000000,synthetic_chat_design_preset
96.64,7.687613,7.731200,-0.043587,0.000000,synthetic_chat_design_preset
96.65,7.686235,7.732000,-0.045765,0.000000,synthetic_chat_design_preset
96.66,7.685038,7.732800,-0.047762,0.000000,synthetic_chat_design_preset
96.67,7.684029,7.733600,-0.049571,0.000000,synthetic_chat_design_preset
96.68,7.683215,7.734400,-0.051185,0.000000,synthetic_chat_design_preset
96.69,7.682604,7.735200,-0.052596,0.000000,synthetic_chat_design_preset
96.70,7.682200,7.736000,-0.053800,0.000000,synthetic_chat_design_preset
96.71,7.682009,7.736800,-0.054791,0.000000,synthetic_chat_design_preset
96.72,7.682033,7.737600,-0.055567,0.000000,synthetic_chat_design_preset
96.73,7.682278,7.738400,-0.056122,0.000000,synthetic_chat_design_preset
96.74,7.682743,7.739200,-0.056457,0.000000,synthetic_chat_design_preset
96.75,7.683431,7.740000,-0.056569,0.000000,synthetic_chat_design_preset
96.76,7.684343,7.740800,-0.056457,0.000000,synthetic_chat_design_preset
96.77,7.685478,7.741600,-0.056122,0.000000,synthetic_chat_design_preset
96.78,7.686833,7.742400,-0.055567,0.000000,synthetic_chat_design_preset
96.79,7.688409,7.743200,-0.054791,0.000000,synthetic_chat_design_preset
96.80,7.690200,7.744000,-0.053800,0.000000,synthetic_chat_design_preset
96.81,7.692204,7.744800,-0.052596,0.000000,synthetic_chat_design_preset
96.82,7.694415,7.745600,-0.051185,0.000000,synthetic_chat_design_preset
96.83,7.696829,7.746400,-0.049571,0.000000,synthetic_chat_design_preset
96.84,7.699438,7.747200,-0.047762,0.000000,synthetic_chat_design_preset
96.85,7.702235,7.748000,-0.045765,0.000000,synthetic_chat_design_preset
96.86,7.705213,7.748800,-0.043587,0.000000,synthetic_chat_design_preset
96.87,7.708363,7.749600,-0.041237,0.000000,synthetic_chat_design_preset
96.88,7.711676,7.750400,-0.038724,0.000000,synthetic_chat_design_preset
96.89,7.715142,7.751200,-0.036058,0.000000,synthetic_chat_design_preset
96.90,7.718750,7.752000,-0.033250,0.000000,synthetic_chat_design_preset
96.91,7.722489,7.752800,-0.030311,0.000000,synthetic_chat_design_preset
96.92,7.726348,7.753600,-0.027252,0.000000,synthetic_chat_design_preset
96.93,7.730314,7.754400,-0.024086,0.000000,synthetic_chat_design_preset
96.94,7.734376,7.755200,-0.020824,0.000000,synthetic_chat_design_preset
96.95,7.738519,7.756000,-0.017481,0.000000,synthetic_chat_design_preset
96.96,7.742732,7.756800,-0.014068,0.000000,synthetic_chat_design_preset
96.97,7.747000,7.757600,-0.010600,0.000000,synthetic_chat_design_preset
96.98,7.751310,7.758400,-0.007090,0.000000,synthetic_chat_design_preset
96.99,7.755681,7.759200,-0.003552,0.000033,synthetic_chat_design_preset
97.00,7.760045,7.760000,-0.000000,0.000045,synthetic_chat_design_preset
97.01,7.764413,7.760800,0.003552,0.000061,synthetic_chat_design_preset
97.02,7.768773,7.761600,0.007090,0.000083,synthetic_chat_design_preset
97.03,7.773111,7.762400,0.010600,0.000111,synthetic_chat_design_preset
97.04,7.777416,7.763200,0.014068,0.000148,synthetic_chat_design_preset
97.05,7.781676,7.764000,0.017481,0.000195,synthetic_chat_design_preset
97.06,7.785881,7.764800,0.020824,0.000257,synthetic_chat_design_preset
97.07,7.790022,7.765600,0.024086,0.000336,synthetic_chat_design_preset
97.08,7.794089,7.766400,0.027252,0.000436,synthetic_chat_design_preset
97.09,7.798075,7.767200,0.030311,0.000564,synthetic_chat_design_preset
97.10,7.801973,7.768000,0.033250,0.000723,synthetic_chat_design_preset
97.11,7.805781,7.768800,0.036058,0.000923,synthetic_chat_design_preset
97.12,7.809493,7.769600,0.038724,0.001170,synthetic_chat_design_preset
97.13,7.813110,7.770400,0.041237,0.001474,synthetic_chat_design_preset
97.14,7.816632,7.771200,0.043587,0.001845,synthetic_chat_design_preset
97.15,7.820061,7.772000,0.045765,0.002296,synthetic_chat_design_preset
97.16,7.823403,7.772800,0.047762,0.002840,synthetic_chat_design_preset
97.17,7.826663,7.773600,0.049571,0.003492,synthetic_chat_design_preset
97.18,7.829850,7.774400,0.051185,0.004266,synthetic_chat_design_preset
97.19,7.832975,7.775200,0.052596,0.005179,synthetic_chat_design_preset
97.20,7.836050,7.776000,0.053800,0.006250,synthetic_chat_design_preset
97.21,7.839087,7.776800,0.054791,0.007496,synthetic_chat_design_preset
97.22,7.842101,7.777600,0.055567,0.008935,synthetic_chat_design_preset
97.23,7.845107,7.778400,0.056122,0.010584,synthetic_chat_design_preset
97.24,7.848118,7.779200,0.056457,0.012462,synthetic_chat_design_preset
97.25,7.851150,7.780000,0.056569,0.014582,synthetic_chat_design_preset
97.26,7.854214,7.780800,0.056457,0.016958,synthetic_chat_design_preset
97.27,7.857322,7.781600,0.056122,0.019600,synthetic_chat_design_preset
97.28,7.860480,7.782400,0.055567,0.022514,synthetic_chat_design_preset
97.29,7.863694,7.783200,0.054791,0.025703,synthetic_chat_design_preset
97.30,7.866963,7.784000,0.053800,0.029163,synthetic_chat_design_preset
97.31,7.870282,7.784800,0.052596,0.032886,synthetic_chat_design_preset
97.32,7.873641,7.785600,0.051185,0.036857,synthetic_chat_design_preset
97.33,7.877024,7.786400,0.049571,0.041053,synthetic_chat_design_preset
97.34,7.880408,7.787200,0.047762,0.045446,synthetic_chat_design_preset
97.35,7.883765,7.788000,0.045765,0.050000,synthetic_chat_design_preset
97.36,7.887059,7.788800,0.043587,0.054673,synthetic_chat_design_preset
97.37,7.890251,7.789600,0.041237,0.059415,synthetic_chat_design_preset
97.38,7.893295,7.790400,0.038724,0.064171,synthetic_chat_design_preset
97.39,7.896141,7.791200,0.036058,0.068883,synthetic_chat_design_preset
97.40,7.898737,7.792000,0.033250,0.073487,synthetic_chat_design_preset
97.41,7.901027,7.792800,0.030311,0.077916,synthetic_chat_design_preset
97.42,7.902958,7.793600,0.027252,0.082106,synthetic_chat_design_preset
97.43,7.904475,7.794400,0.024086,0.085989,synthetic_chat_design_preset
97.44,7.905527,7.795200,0.020824,0.089503,synthetic_chat_design_preset
97.45,7.906068,7.796000,0.017481,0.092587,synthetic_chat_design_preset
97.46,7.906058,7.796800,0.014068,0.095190,synthetic_chat_design_preset
97.47,7.905465,7.797600,0.010600,0.097265,synthetic_chat_design_preset
97.48,7.904265,7.798400,0.007090,0.098775,synthetic_chat_design_preset
97.49,7.902444,7.799200,0.003552,0.099692,synthetic_chat_design_preset
97.50,7.900000,7.800000,0.000000,0.100000,synthetic_chat_design_preset
97.51,7.896940,7.800800,-0.003552,0.099692,synthetic_chat_design_preset
97.52,7.893285,7.801600,-0.007090,0.098775,synthetic_chat_design_preset
97.53,7.889066,7.802400,-0.010600,0.097265,synthetic_chat_design_preset
97.54,7.884322,7.803200,-0.014068,0.095190,synthetic_chat_design_preset
97.55,7.879107,7.804000,-0.017481,0.092587,synthetic_chat_design_preset
97.56,7.873478,7.804800,-0.020824,0.089503,synthetic_chat_design_preset
97.57,7.867503,7.805600,-0.024086,0.085989,synthetic_chat_design_preset
97.58,7.861254,7.806400,-0.027252,0.082106,synthetic_chat_design_preset
97.59,7.854806,7.807200,-0.030311,0.077916,synthetic_chat_design_preset
97.60,7.848237,7.808000,-0.033250,0.073487,synthetic_chat_design_preset
97.61,7.841625,7.808800,-0.036058,0.068883,synthetic_chat_design_preset
97.62,7.835047,7.809600,-0.038724,0.064171,synthetic_chat_design_preset
97.63,7.828578,7.810400,-0.041237,0.059415,synthetic_chat_design_preset
97.64,7.822286,7.811200,-0.043587,0.054673,synthetic_chat_design_preset
97.65,7.816235,7.812000,-0.045765,0.050000,synthetic_chat_design_preset
97.66,7.810484,7.812800,-0.047762,0.045446,synthetic_chat_design_preset
97.67,7.805081,7.813600,-0.049571,0.041053,synthetic_chat_design_preset
97.68,7.800072,7.814400,-0.051185,0.036857,synthetic_chat_design_preset
97.69,7.795490,7.815200,-0.052596,0.032886,synthetic_chat_design_preset
97.70,7.791363,7.816000,-0.053800,0.029163,synthetic_chat_design_preset
97.71,7.787712,7.816800,-0.054791,0.025703,synthetic_chat_design_preset
97.72,7.784547,7.817600,-0.055567,0.022514,synthetic_chat_design_preset
97.73,7.781877,7.818400,-0.056122,0.019600,synthetic_chat_design_preset
97.74,7.779701,7.819200,-0.056457,0.016958,synthetic_chat_design_preset
97.75,7.778013,7.820000,-0.056569,0.014582,synthetic_chat_design_preset
97.76,7.776805,7.820800,-0.056457,0.012462,synthetic_chat_design_preset
97.77,7.776062,7.821600,-0.056122,0.010584,synthetic_chat_design_preset
97.78,7.775768,7.822400,-0.055567,0.008935,synthetic_chat_design_preset
97.79,7.775904,7.823200,-0.054791,0.007496,synthetic_chat_design_preset
97.80,7.776450,7.824000,-0.053800,0.006250,synthetic_chat_design_preset
97.81,7.777383,7.824800,-0.052596,0.005179,synthetic_chat_design_preset
97.82,7.778681,7.825600,-0.051185,0.004266,synthetic_chat_design_preset
97.83,7.780320,7.826400,-0.049571,0.003492,synthetic_chat_design_preset
97.84,7.782278,7.827200,-0.047762,0.002840,synthetic_chat_design_preset
97.85,7.784532,7.828000,-0.045765,0.002296,synthetic_chat_design_preset
97.86,7.787058,7.828800,-0.043587,0.001845,synthetic_chat_design_preset
97.87,7.789837,7.829600,-0.041237,0.001474,synthetic_chat_design_preset
97.88,7.792846,7.830400,-0.038724,0.001170,synthetic_chat_design_preset
97.89,7.796065,7.831200,-0.036058,0.000923,synthetic_chat_design_preset
97.90,7.799473,7.832000,-0.033250,0.000723,synthetic_chat_design_preset
97.91,7.803053,7.832800,-0.030311,0.000564,synthetic_chat_design_preset
97.92,7.806784,7.833600,-0.027252,0.000436,synthetic_chat_design_preset
97.93,7.810650,7.834400,-0.024086,0.000336,synthetic_chat_design_preset
97.94,7.814633,7.835200,-0.020824,0.000257,synthetic_chat_design_preset
97.95,7.818715,7.836000,-0.017481,0.000195,synthetic_chat_design_preset
97.96,7.822880,7.836800,-0.014068,0.000148,synthetic_chat_design_preset
97.97,7.827111,7.837600,-0.010600,0.000111,synthetic_chat_design_preset
97.98,7.831393,7.838400,-0.007090,0.000083,synthetic_chat_design_preset
97.99,7.835709,7.839200,-0.003552,0.000061,synthetic_chat_design_preset
98.00,7.840045,7.840000,-0.000000,0.000045,synthetic_chat_design_preset
98.01,7.844352,7.840800,0.003552,0.000000,synthetic_chat_design_preset
98.02,7.848690,7.841600,0.007090,0.000000,synthetic_chat_design_preset
98.03,7.853000,7.842400,0.010600,0.000000,synthetic_chat_design_preset
98.04,7.857268,7.843200,0.014068,0.000000,synthetic_chat_design_preset
98.05,7.861481,7.844000,0.017481,0.000000,synthetic_chat_design_preset
98.06,7.865624,7.844800,0.020824,0.000000,synthetic_chat_design_preset
98.07,7.869686,7.845600,0.024086,0.000000,synthetic_chat_design_preset
98.08,7.873652,7.846400,0.027252,0.000000,synthetic_chat_design_preset
98.09,7.877511,7.847200,0.030311,0.000000,synthetic_chat_design_preset
98.10,7.881250,7.848000,0.033250,0.000000,synthetic_chat_design_preset
98.11,7.884858,7.848800,0.036058,0.000000,synthetic_chat_design_preset
98.12,7.888324,7.849600,0.038724,0.000000,synthetic_chat_design_preset
98.13,7.891637,7.850400,0.041237,0.000000,synthetic_chat_design_preset
98.14,7.894787,7.851200,0.043587,0.000000,synthetic_chat_design_preset
98.15,7.897765,7.852000,0.045765,0.000000,synthetic_chat_design_preset
98.16,7.900562,7.852800,0.047762,0.000000,synthetic_chat_design_preset
98.17,7.903171,7.853600,0.049571,0.000000,synthetic_chat_design_preset
98.18,7.905585,7.854400,0.051185,0.000000,synthetic_chat_design_preset
98.19,7.907796,7.855200,0.052596,0.000000,synthetic_chat_design_preset
98.20,7.909800,7.856000,0.053800,0.000000,synthetic_chat_design_preset
98.21,7.911591,7.856800,0.054791,0.000000,synthetic_chat_design_preset
98.22,7.913167,7.857600,0.055567,0.000000,synthetic_chat_design_preset
98.23,7.914522,7.858400,0.056122,0.000000,synthetic_chat_design_preset
98.24,7.915657,7.859200,0.056457,0.000000,synthetic_chat_design_preset
98.25,7.916569,7.860000,0.056569,0.000000,synthetic_chat_design_preset
98.26,7.917257,7.860800,0.056457,0.000000,synthetic_chat_design_preset
98.27,7.917722,7.861600,0.056122,0.000000,synthetic_chat_design_preset
98.28,7.917967,7.862400,0.055567,0.000000,synthetic_chat_design_preset
98.29,7.917991,7.863200,0.054791,0.000000,synthetic_chat_design_preset
98.30,7.917800,7.864000,0.053800,0.000000,synthetic_chat_design_preset
98.31,7.917396,7.864800,0.052596,0.000000,synthetic_chat_design_preset
98.32,7.916785,7.865600,0.051185,0.000000,synthetic_chat_design_preset
98.33,7.915971,7.866400,0.049571,0.000000,synthetic_chat_design_preset
98.34,7.914962,7.867200,0.047762,0.000000,synthetic_chat_design_preset
98.35,7.913765,7.868000,0.045765,0.000000,synthetic_chat_design_preset
98.36,7.912387,7.868800,0.043587,0.000000,synthetic_chat_design_preset
98.37,7.910837,7.869600,0.041237,0.000000,synthetic_chat_design_preset
98.38,7.909124,7.870400,0.038724,0.000000,synthetic_chat_design_preset
98.39,7.907258,7.871200,0.036058,0.000000,synthetic_chat_design_preset
98.40,7.905250,7.872000,0.033250,0.000000,synthetic_chat_design_preset
98.41,7.903111,7.872800,0.030311,0.000000,synthetic_chat_design_preset
98.42,7.900852,7.873600,0.027252,0.000000,synthetic_chat_design_preset
98.43,7.898486,7.874400,0.024086,0.000000,synthetic_chat_design_preset
98.44,7.896024,7.875200,0.020824,0.000000,synthetic_chat_design_preset
98.45,7.893481,7.876000,0.017481,0.000000,synthetic_chat_design_preset
98.46,7.890868,7.876800,0.014068,0.000000,synthetic_chat_design_preset
98.47,7.888200,7.877600,0.010600,0.000000,synthetic_chat_design_preset
98.48,7.885490,7.878400,0.007090,0.000000,synthetic_chat_design_preset
98.49,7.882752,7.879200,0.003552,0.000000,synthetic_chat_design_preset
98.50,7.880000,7.880000,0.000000,0.000000,synthetic_chat_design_preset
98.51,7.877248,7.880800,-0.003552,0.000000,synthetic_chat_design_preset
98.52,7.874510,7.881600,-0.007090,0.000000,synthetic_chat_design_preset
98.53,7.871800,7.882400,-0.010600,0.000000,synthetic_chat_design_preset
98.54,7.869132,7.883200,-0.014068,0.000000,synthetic_chat_design_preset
98.55,7.866519,7.884000,-0.017481,0.000000,synthetic_chat_design_preset
98.56,7.863976,7.884800,-0.020824,0.000000,synthetic_chat_design_preset
98.57,7.861514,7.885600,-0.024086,0.000000,synthetic_chat_design_preset
98.58,7.859148,7.886400,-0.027252,0.000000,synthetic_chat_design_preset
98.59,7.856889,7.887200,-0.030311,0.000000,synthetic_chat_design_preset
98.60,7.854750,7.888000,-0.033250,0.000000,synthetic_chat_design_preset
98.61,7.852742,7.888800,-0.036058,0.000000,synthetic_chat_design_preset
98.62,7.850876,7.889600,-0.038724,0.000000,synthetic_chat_design_preset
98.63,7.849163,7.890400,-0.041237,0.000000,synthetic_chat_design_preset
98.64,7.847613,7.891200,-0.043587,0.000000,synthetic_chat_design_preset
98.65,7.846235,7.892000,-0.045765,0.000000,synthetic_chat_design_preset
98.66,7.845038,7.892800,-0.047762,0.000000,synthetic_chat_design_preset
98.67,7.844029,7.893600,-0.049571,0.000000,synthetic_chat_design_preset
98.68,7.843215,7.894400,-0.051185,0.000000,synthetic_chat_design_preset
98.69,7.842604,7.895200,-0.052596,0.000000,synthetic_chat_design_preset
98.70,7.842200,7.896000,-0.053800,0.000000,synthetic_chat_design_preset
98.71,7.842009,7.896800,-0.054791,0.000000,synthetic_chat_design_preset
98.72,7.842033,7.897600,-0.055567,0.000000,synthetic_chat_design_preset
98.73,7.842278,7.898400,-0.056122,0.000000,synthetic_chat_design_preset
98.74,7.842743,7.899200,-0.056457,0.000000,synthetic_chat_design_preset
98.75,7.843431,7.900000,-0.056569,0.000000,synthetic_chat_design_preset
98.76,7.844343,7.900800,-0.056457,0.000000,synthetic_chat_design_preset
98.77,7.845478,7.901600,-0.056122,0.000000,synthetic_chat_design_preset
98.78,7.846833,7.902400,-0.055567,0.000000,synthetic_chat_design_preset
98.79,7.848409,7.903200,-0.054791,0.000000,synthetic_chat_design_preset
98.80,7.850200,7.904000,-0.053800,0.000000,synthetic_chat_design_preset
98.81,7.852204,7.904800,-0.052596,0.000000,synthetic_chat_design_preset
98.82,7.854415,7.905600,-0.051185,0.000000,synthetic_chat_design_preset
98.83,7.856829,7.906400,-0.049571,0.000000,synthetic_chat_design_preset
98.84,7.859438,7.907200,-0.047762,0.000000,synthetic_chat_design_preset
98.85,7.862235,7.908000,-0.045765,0.000000,synthetic_chat_design_preset
98.86,7.865213,7.908800,-0.043587,0.000000,synthetic_chat_design_preset
98.87,7.868363,7.909600,-0.041237,0.000000,synthetic_chat_design_preset
98.88,7.871676,7.910400,-0.038724,0.000000,synthetic_chat_design_preset
98.89,7.875142,7.911200,-0.036058,0.000000,synthetic_chat_design_preset
98.90,7.878750,7.912000,-0.033250,0.000000,synthetic_chat_design_preset
98.91,7.882489,7.912800,-0.030311,0.000000,synthetic_chat_design_preset
98.92,7.886348,7.913600,-0.027252,0.000000,synthetic_chat_design_preset
98.93,7.890314,7.914400,-0.024086,0.000000,synthetic_chat_design_preset
98.94,7.894376,7.915200,-0.020824,0.000000,synthetic_chat_design_preset
98.95,7.898519,7.916000,-0.017481,0.000000,synthetic_chat_design_preset
98.96,7.902732,7.916800,-0.014068,0.000000,synthetic_chat_design_preset
98.97,7.907000,7.917600,-0.010600,0.000000,synthetic_chat_design_preset
98.98,7.911310,7.918400,-0.007090,0.000000,synthetic_chat_design_preset
98.99,7.915648,7.919200,-0.003552,0.000000,synthetic_chat_design_preset
99.00,7.920000,7.920000,0.000000,0.000000,synthetic_chat_design_preset
99.01,7.924352,7.920800,0.003552,0.000000,synthetic_chat_design_preset
99.02,7.928690,7.921600,0.007090,0.000000,synthetic_chat_design_preset
99.03,7.933000,7.922400,0.010600,0.000000,synthetic_chat_design_preset
99.04,7.937268,7.923200,0.014068,0.000000,synthetic_chat_design_preset
99.05,7.941481,7.924000,0.017481,0.000000,synthetic_chat_design_preset
99.06,7.945624,7.924800,0.020824,0.000000,synthetic_chat_design_preset
99.07,7.949686,7.925600,0.024086,0.000000,synthetic_chat_design_preset
99.08,7.953652,7.926400,0.027252,0.000000,synthetic_chat_design_preset
99.09,7.957511,7.927200,0.030311,0.000000,synthetic_chat_design_preset
99.10,7.961250,7.928000,0.033250,0.000000,synthetic_chat_design_preset
99.11,7.964858,7.928800,0.036058,0.000000,synthetic_chat_design_preset
99.12,7.968324,7.929600,0.038724,0.000000,synthetic_chat_design_preset
99.13,7.971637,7.930400,0.041237,0.000000,synthetic_chat_design_preset
99.14,7.974787,7.931200,0.043587,0.000000,synthetic_chat_design_preset
99.15,7.977765,7.932000,0.045765,0.000000,synthetic_chat_design_preset
99.16,7.980562,7.932800,0.047762,0.000000,synthetic_chat_design_preset
99.17,7.983171,7.933600,0.049571,0.000000,synthetic_chat_design_preset
99.18,7.985585,7.934400,0.051185,0.000000,synthetic_chat_design_preset
99.19,7.987796,7.935200,0.052596,0.000000,synthetic_chat_design_preset
99.20,7.989800,7.936000,0.053800,0.000000,synthetic_chat_design_preset
99.21,7.991591,7.936800,0.054791,0.000000,synthetic_chat_design_preset
99.22,7.993167,7.937600,0.055567,0.000000,synthetic_chat_design_preset
99.23,7.994522,7.938400,0.056122,0.000000,synthetic_chat_design_preset
99.24,7.995657,7.939200,0.056457,0.000000,synthetic_chat_design_preset
99.25,7.996569,7.940000,0.056569,0.000000,synthetic_chat_design_preset
99.26,7.997257,7.940800,0.056457,0.000000,synthetic_chat_design_preset
99.27,7.997722,7.941600,0.056122,0.000000,synthetic_chat_design_preset
99.28,7.997967,7.942400,0.055567,0.000000,synthetic_chat_design_preset
99.29,7.997991,7.943200,0.054791,0.000000,synthetic_chat_design_preset
99.30,7.997800,7.944000,0.053800,0.000000,synthetic_chat_design_preset
99.31,7.997396,7.944800,0.052596,0.000000,synthetic_chat_design_preset
99.32,7.996785,7.945600,0.051185,0.000000,synthetic_chat_design_preset
99.33,7.995971,7.946400,0.049571,0.000000,synthetic_chat_design_preset
99.34,7.994962,7.947200,0.047762,0.000000,synthetic_chat_design_preset
99.35,7.993765,7.948000,0.045765,0.000000,synthetic_chat_design_preset
99.36,7.992387,7.948800,0.043587,0.000000,synthetic_chat_design_preset
99.37,7.990837,7.949600,0.041237,0.000000,synthetic_chat_design_preset
99.38,7.989124,7.950400,0.038724,0.000000,synthetic_chat_design_preset
99.39,7.987258,7.951200,0.036058,0.000000,synthetic_chat_design_preset
99.40,7.985250,7.952000,0.033250,0.000000,synthetic_chat_design_preset
99.41,7.983111,7.952800,0.030311,0.000000,synthetic_chat_design_preset
99.42,7.980852,7.953600,0.027252,0.000000,synthetic_chat_design_preset
99.43,7.978486,7.954400,0.024086,0.000000,synthetic_chat_design_preset
99.44,7.976024,7.955200,0.020824,0.000000,synthetic_chat_design_preset
99.45,7.973481,7.956000,0.017481,0.000000,synthetic_chat_design_preset
99.46,7.970868,7.956800,0.014068,0.000000,synthetic_chat_design_preset
99.47,7.968200,7.957600,0.010600,0.000000,synthetic_chat_design_preset
99.48,7.965490,7.958400,0.007090,0.000000,synthetic_chat_design_preset
99.49,7.962752,7.959200,0.003552,0.000000,synthetic_chat_design_preset
99.50,7.960000,7.960000,-0.000000,0.000000,synthetic_chat_design_preset
99.51,7.957248,7.960800,-0.003552,0.000000,synthetic_chat_design_preset
99.52,7.954510,7.961600,-0.007090,0.000000,synthetic_chat_design_preset
99.53,7.951800,7.962400,-0.010600,0.000000,synthetic_chat_design_preset
99.54,7.949132,7.963200,-0.014068,0.000000,synthetic_chat_design_preset
99.55,7.946519,7.964000,-0.017481,0.000000,synthetic_chat_design_preset
99.56,7.943976,7.964800,-0.020824,0.000000,synthetic_chat_design_preset
99.57,7.941514,7.965600,-0.024086,0.000000,synthetic_chat_design_preset
99.58,7.939148,7.966400,-0.027252,0.000000,synthetic_chat_design_preset
99.59,7.936889,7.967200,-0.030311,0.000000,synthetic_chat_design_preset
99.60,7.934750,7.968000,-0.033250,0.000000,synthetic_chat_design_preset
99.61,7.932742,7.968800,-0.036058,0.000000,synthetic_chat_design_preset
99.62,7.930876,7.969600,-0.038724,0.000000,synthetic_chat_design_preset
99.63,7.929163,7.970400,-0.041237,0.000000,synthetic_chat_design_preset
99.64,7.927613,7.971200,-0.043587,0.000000,synthetic_chat_design_preset
99.65,7.926235,7.972000,-0.045765,0.000000,synthetic_chat_design_preset
99.66,7.925038,7.972800,-0.047762,0.000000,synthetic_chat_design_preset
99.67,7.924029,7.973600,-0.049571,0.000000,synthetic_chat_design_preset
99.68,7.923215,7.974400,-0.051185,0.000000,synthetic_chat_design_preset
99.69,7.922604,7.975200,-0.052596,0.000000,synthetic_chat_design_preset
99.70,7.922200,7.976000,-0.053800,0.000000,synthetic_chat_design_preset
99.71,7.922009,7.976800,-0.054791,0.000000,synthetic_chat_design_preset
99.72,7.922033,7.977600,-0.055567,0.000000,synthetic_chat_design_preset
99.73,7.922278,7.978400,-0.056122,0.000000,synthetic_chat_design_preset
99.74,7.922743,7.979200,-0.056457,0.000000,synthetic_chat_design_preset
99.75,7.923431,7.980000,-0.056569,0.000000,synthetic_chat_design_preset
99.76,7.924343,7.980800,-0.056457,0.000000,synthetic_chat_design_preset
99.77,7.925478,7.981600,-0.056122,0.000000,synthetic_chat_design_preset
99.78,7.926833,7.982400,-0.055567,0.000000,synthetic_chat_design_preset
99.79,7.928409,7.983200,-0.054791,0.000000,synthetic_chat_design_preset
99.80,7.930200,7.984000,-0.053800,0.000000,synthetic_chat_design_preset
99.81,7.932204,7.984800,-0.052596,0.000000,synthetic_chat_design_preset
99.82,7.934415,7.985600,-0.051185,0.000000,synthetic_chat_design_preset
99.83,7.936829,7.986400,-0.049571,0.000000,synthetic_chat_design_preset
99.84,7.939438,7.987200,-0.047762,0.000000,synthetic_chat_design_preset
99.85,7.942235,7.988000,-0.045765,0.000000,synthetic_chat_design_preset
99.86,7.945213,7.988800,-0.043587,0.000000,synthetic_chat_design_preset
99.87,7.948363,7.989600,-0.041237,0.000000,synthetic_chat_design_preset
99.88,7.951676,7.990400,-0.038724,0.000000,synthetic_chat_design_preset
99.89,7.955142,7.991200,-0.036058,0.000000,synthetic_chat_design_preset
99.90,7.958750,7.992000,-0.033250,0.000000,synthetic_chat_design_preset
99.91,7.962489,7.992800,-0.030311,0.000000,synthetic_chat_design_preset
99.92,7.966348,7.993600,-0.027252,0.000000,synthetic_chat_design_preset
99.93,7.970314,7.994400,-0.024086,0.000000,synthetic_chat_design_preset
99.94,7.974376,7.995200,-0.020824,0.000000,synthetic_chat_design_preset
99.95,7.978519,7.996000,-0.017481,0.000000,synthetic_chat_design_preset
99.96,7.982732,7.996800,-0.014068,0.000000,synthetic_chat_design_preset
99.97,7.987000,7.997600,-0.010600,0.000000,synthetic_chat_design_preset
99.98,7.991310,7.998400,-0.007090,0.000000,synthetic_chat_design_preset
99.99,7.995648,7.999200,-0.003552,0.000000,synthetic_chat_design_preset
100.00,8.000000,8.000000,0.000000,0.000000,synthetic_chat_design_preset
