distance_m,relative_elevation_m,grade_component_m,roughness_component_m,obstacle_component_m,provenance
0.00,0.000000,0.000000,0.000000,0.000000,synthetic_chat_design_preset
0.01,0.015783,0.001000,0.014783,0.000000,synthetic_chat_design_preset
0.02,0.031403,0.002000,0.029403,0.000000,synthetic_chat_design_preset
0.03,0.046702,0.003000,0.043702,0.000000,synthetic_chat_design_preset
0.04,0.061521,0.004000,0.057521,0.000000,synthetic_chat_design_preset
0.05,0.075711,0.005000,0.070711,0.000000,synthetic_chat_design_preset
0.06,0.089125,0.006000,0.083125,0.000000,synthetic_chat_design_preset
0.07,0.101629,0.007000,0.094629,0.000000,synthetic_chat_design_preset
0.08,0.113097,0.008000,0.105097,0.000000,synthetic_chat_design_preset
0.09,0.123412,0.009000,0.114412,0.000000,synthetic_chat_design_preset
0.10,0.132474,0.010000,0.122474,0.000000,synthetic_chat_design_preset
0.11,0.140195,0.011000,0.129195,0.000000,synthetic_chat_design_preset
0.12,0.146500,0.012000,0.134500,0.000000,synthetic_chat_design_preset
0.13,0.151331,0.013000,0.138331,0.000000,synthetic_chat_design_preset
0.14,0.154647,0.014000,0.140647,0.000000,synthetic_chat_design_preset
0.15,0.156421,0.015000,0.141421,0.000000,synthetic_chat_design_preset
0.16,0.156647,0.016000,0.140647,0.000000,synthetic_chat_design_preset
0.17,0.155331,0.017000,0.138331,0.000000,synthetic_chat_design_preset
0.18,0.152500,0.018000,0.134500,0.000000,synthetic_chat_design_preset
0.19,0.148195,0.019000,0.129195,0.000000,synthetic_chat_design_preset
0.20,0.142474,0.020000,0.122474,0.000000,synthetic_chat_design_preset
0.21,0.135412,0.021000,0.114412,0.000000,synthetic_chat_design_preset
0.22,0.127097,0.022000,0.105097,0.000000,synthetic_chat_design_preset
0.23,0.117629,0.023000,0.094629,0.000000,synthetic_chat_design_preset
0.24,0.107208,0.024000,0.083125,0.000083,synthetic_chat_design_preset
0.25,0.095824,0.025000,0.070711,0.000113,synthetic_chat_design_preset
0.26,0.083675,0.026000,0.057521,0.000153,synthetic_chat_design_preset
0.27,0.070908,0.027000,0.043702,0.000207,synthetic_chat_design_preset
0.28,0.057680,0.028000,0.029403,0.000277,synthetic_chat_design_preset
0.29,0.044151,0.029000,0.014783,0.000369,synthetic_chat_design_preset
0.30,0.030488,0.030000,0.000000,0.000488,synthetic_chat_design_preset
0.31,0.016860,0.031000,-0.014783,0.000642,synthetic_chat_design_preset
0.32,0.003437,0.032000,-0.029403,0.000840,synthetic_chat_design_preset
0.33,-0.009611,0.033000,-0.043702,0.001091,synthetic_chat_design_preset
0.34,-0.022112,0.034000,-0.057521,0.001409,synthetic_chat_design_preset
0.35,-0.033902,0.035000,-0.070711,0.001808,synthetic_chat_design_preset
0.36,-0.044819,0.036000,-0.083125,0.002307,synthetic_chat_design_preset
0.37,-0.054705,0.037000,-0.094629,0.002924,synthetic_chat_design_preset
0.38,-0.063412,0.038000,-0.105097,0.003684,synthetic_chat_design_preset
0.39,-0.070799,0.039000,-0.114412,0.004613,synthetic_chat_design_preset
0.40,-0.076733,0.040000,-0.122474,0.005741,synthetic_chat_design_preset
0.41,-0.081094,0.041000,-0.129195,0.007101,synthetic_chat_design_preset
0.42,-0.083771,0.042000,-0.134500,0.008729,synthetic_chat_design_preset
0.43,-0.084667,0.043000,-0.138331,0.010664,synthetic_chat_design_preset
0.44,-0.083698,0.044000,-0.140647,0.012948,synthetic_chat_design_preset
0.45,-0.080796,0.045000,-0.141421,0.015625,synthetic_chat_design_preset
0.46,-0.075907,0.046000,-0.140647,0.018739,synthetic_chat_design_preset
0.47,-0.068994,0.047000,-0.138331,0.022337,synthetic_chat_design_preset
0.48,-0.060039,0.048000,-0.134500,0.026461,synthetic_chat_design_preset
0.49,-0.049041,0.049000,-0.129195,0.031154,synthetic_chat_design_preset
0.50,-0.036020,0.050000,-0.122474,0.036454,synthetic_chat_design_preset
0.51,-0.021018,0.051000,-0.114412,0.042394,synthetic_chat_design_preset
0.52,-0.004098,0.052000,-0.105097,0.048999,synthetic_chat_design_preset
0.53,0.014655,0.053000,-0.094629,0.056285,synthetic_chat_design_preset
0.54,0.035132,0.054000,-0.083125,0.064257,synthetic_chat_design_preset
0.55,0.057197,0.055000,-0.070711,0.072908,synthetic_chat_design_preset
0.56,0.080694,0.056000,-0.057521,0.082216,synthetic_chat_design_preset
0.57,0.105440,0.057000,-0.043702,0.092142,synthetic_chat_design_preset
0.58,0.131229,0.058000,-0.029403,0.102632,synthetic_chat_design_preset
0.59,0.157832,0.059000,-0.014783,0.113615,synthetic_chat_design_preset
0.60,0.185000,0.060000,-0.000000,0.125000,synthetic_chat_design_preset
0.61,0.212464,0.061000,0.014783,0.136681,synthetic_chat_design_preset
0.62,0.239940,0.062000,0.029403,0.148536,synthetic_chat_design_preset
0.63,0.267130,0.063000,0.043702,0.160428,synthetic_chat_design_preset
0.64,0.293729,0.064000,0.057521,0.172208,synthetic_chat_design_preset
0.65,0.319427,0.065000,0.070711,0.183717,synthetic_chat_design_preset
0.66,0.343917,0.066000,0.083125,0.194791,synthetic_chat_design_preset
0.67,0.366894,0.067000,0.094629,0.205264,synthetic_chat_design_preset
0.68,0.388069,0.068000,0.105097,0.214972,synthetic_chat_design_preset
0.69,0.407169,0.069000,0.114412,0.223756,synthetic_chat_design_preset
0.70,0.423943,0.070000,0.122474,0.231469,synthetic_chat_design_preset
0.71,0.438171,0.071000,0.129195,0.237976,synthetic_chat_design_preset
0.72,0.449663,0.072000,0.134500,0.243164,synthetic_chat_design_preset
0.73,0.458269,0.073000,0.138331,0.246938,synthetic_chat_design_preset
0.74,0.463878,0.074000,0.140647,0.249231,synthetic_chat_design_preset
0.75,0.466421,0.075000,0.141421,0.250000,synthetic_chat_design_preset
0.76,0.465878,0.076000,0.140647,0.249231,synthetic_chat_design_preset
0.77,0.462269,0.077000,0.138331,0.246938,synthetic_chat_design_preset
0.78,0.455663,0.078000,0.134500,0.243164,synthetic_chat_design_preset
0.79,0.446171,0.079000,0.129195,0.237976,synthetic_chat_design_preset
0.80,0.433943,0.080000,0.122474,0.231469,synthetic_chat_design_preset
0.81,0.419169,0.081000,0.114412,0.223756,synthetic_chat_design_preset
0.82,0.402069,0.082000,0.105097,0.214972,synthetic_chat_design_preset
0.83,0.382894,0.083000,0.094629,0.205264,synthetic_chat_design_preset
0.84,0.361917,0.084000,0.083125,0.194791,synthetic_chat_design_preset
0.85,0.339427,0.085000,0.070711,0.183717,synthetic_chat_design_preset
0.86,0.315729,0.086000,0.057521,0.172208,synthetic_chat_design_preset
0.87,0.291130,0.087000,0.043702,0.160428,synthetic_chat_design_preset
0.88,0.265940,0.088000,0.029403,0.148536,synthetic_chat_design_preset
0.89,0.240464,0.089000,0.014783,0.136681,synthetic_chat_design_preset
0.90,0.215000,0.090000,0.000000,0.125000,synthetic_chat_design_preset
0.91,0.189832,0.091000,-0.014783,0.113615,synthetic_chat_design_preset
0.92,0.165229,0.092000,-0.029403,0.102632,synthetic_chat_design_preset
0.93,0.141440,0.093000,-0.043702,0.092142,synthetic_chat_design_preset
0.94,0.118694,0.094000,-0.057521,0.082216,synthetic_chat_design_preset
0.95,0.097197,0.095000,-0.070711,0.072908,synthetic_chat_design_preset
0.96,0.077132,0.096000,-0.083125,0.064257,synthetic_chat_design_preset
0.97,0.058655,0.097000,-0.094629,0.056285,synthetic_chat_design_preset
0.98,0.041902,0.098000,-0.105097,0.048999,synthetic_chat_design_preset
0.99,0.026982,0.099000,-0.114412,0.042394,synthetic_chat_design_preset
1.00,0.013980,0.100000,-0.122474,0.036454,synthetic_chat_design_preset
1.01,0.002959,0.101000,-0.129195,0.031154,synthetic_chat_design_preset
1.02,-0.006039,0.102000,-0.134500,0.026461,synthetic_chat_design_preset
1.03,-0.012994,0.103000,-0.138331,0.022337,synthetic_chat_design_preset
1.04,-0.017907,0.104000,-0.140647,0.018739,synthetic_chat_design_preset
1.05,-0.020796,0.105000,-0.141421,0.015625,synthetic_chat_design_preset
1.06,-0.021698,0.106000,-0.140647,0.012948,synthetic_chat_design_preset
1.07,-0.020667,0.107000,-0.138331,0.010664,synthetic_chat_design_preset
1.08,-0.017771,0.108000,-0.134500,0.008729,synthetic_chat_design_preset
1.09,-0.013094,0.109000,-0.129195,0.007101,synthetic_chat_design_preset
1.10,-0.006733,0.110000,-0.122474,0.005741,synthetic_chat_design_preset
1.11,0.001201,0.111000,-0.114412,0.004613,synthetic_chat_design_preset
1.12,0.010588,0.112000,-0.105097,0.003684,synthetic_chat_design_preset
1.13,0.021295,0.113000,-0.094629,0.002924,synthetic_chat_design_preset
1.14,0.033181,0.114000,-0.083125,0.002307,synthetic_chat_design_preset
1.15,0.046098,0.115000,-0.070711,0.001808,synthetic_chat_design_preset
1.16,0.059888,0.116000,-0.057521,0.001409,synthetic_chat_design_preset
1.17,0.074389,0.117000,-0.043702,0.001091,synthetic_chat_design_preset
1.18,0.089437,0.118000,-0.029403,0.000840,synthetic_chat_design_preset
1.19,0.104860,0.119000,-0.014783,0.000642,synthetic_chat_design_preset
1.20,0.120488,0.120000,-0.000000,0.000488,synthetic_chat_design_preset
1.21,0.136151,0.121000,0.014783,0.000369,synthetic_chat_design_preset
1.22,0.151680,0.122000,0.029403,0.000277,synthetic_chat_design_preset
1.23,0.166908,0.123000,0.043702,0.000207,synthetic_chat_design_preset
1.24,0.181675,0.124000,0.057521,0.000153,synthetic_chat_design_preset
1.25,0.195824,0.125000,0.070711,0.000113,synthetic_chat_design_preset
1.26,0.209125,0.126000,0.083125,0.000000,synthetic_chat_design_preset
1.27,0.221629,0.127000,0.094629,0.000000,synthetic_chat_design_preset
1.28,0.233097,0.128000,0.105097,0.000000,synthetic_chat_design_preset
1.29,0.243412,0.129000,0.114412,0.000000,synthetic_chat_design_preset
1.30,0.252474,0.130000,0.122474,0.000000,synthetic_chat_design_preset
1.31,0.260195,0.131000,0.129195,0.000000,synthetic_chat_design_preset
1.32,0.266500,0.132000,0.134500,0.000000,synthetic_chat_design_preset
1.33,0.271331,0.133000,0.138331,0.000000,synthetic_chat_design_preset
1.34,0.274647,0.134000,0.140647,0.000000,synthetic_chat_design_preset
1.35,0.276421,0.135000,0.141421,0.000000,synthetic_chat_design_preset
1.36,0.276647,0.136000,0.140647,0.000000,synthetic_chat_design_preset
1.37,0.275331,0.137000,0.138331,0.000000,synthetic_chat_design_preset
1.38,0.272500,0.138000,0.134500,0.000000,synthetic_chat_design_preset
1.39,0.268195,0.139000,0.129195,0.000000,synthetic_chat_design_preset
1.40,0.262474,0.140000,0.122474,0.000000,synthetic_chat_design_preset
1.41,0.255412,0.141000,0.114412,0.000000,synthetic_chat_design_preset
1.42,0.247097,0.142000,0.105097,0.000000,synthetic_chat_design_preset
1.43,0.237629,0.143000,0.094629,0.000000,synthetic_chat_design_preset
1.44,0.227125,0.144000,0.083125,0.000000,synthetic_chat_design_preset
1.45,0.215711,0.145000,0.070711,0.000000,synthetic_chat_design_preset
1.46,0.203521,0.146000,0.057521,0.000000,synthetic_chat_design_preset
1.47,0.190702,0.147000,0.043702,0.000000,synthetic_chat_design_preset
1.48,0.177403,0.148000,0.029403,0.000000,synthetic_chat_design_preset
1.49,0.163783,0.149000,0.014783,0.000000,synthetic_chat_design_preset
1.50,0.150000,0.150000,0.000000,0.000000,synthetic_chat_design_preset
1.51,0.136217,0.151000,-0.014783,0.000000,synthetic_chat_design_preset
1.52,0.122597,0.152000,-0.029403,0.000000,synthetic_chat_design_preset
1.53,0.109298,0.153000,-0.043702,0.000000,synthetic_chat_design_preset
1.54,0.096479,0.154000,-0.057521,0.000000,synthetic_chat_design_preset
1.55,0.084289,0.155000,-0.070711,0.000000,synthetic_chat_design_preset
1.56,0.072875,0.156000,-0.083125,0.000000,synthetic_chat_design_preset
1.57,0.062371,0.157000,-0.094629,0.000000,synthetic_chat_design_preset
1.58,0.052903,0.158000,-0.105097,0.000000,synthetic_chat_design_preset
1.59,0.044588,0.159000,-0.114412,0.000000,synthetic_chat_design_preset
1.60,0.037526,0.160000,-0.122474,0.000000,synthetic_chat_design_preset
1.61,0.031805,0.161000,-0.129195,0.000000,synthetic_chat_design_preset
1.62,0.027500,0.162000,-0.134500,0.000000,synthetic_chat_design_preset
1.63,0.024669,0.163000,-0.138331,0.000000,synthetic_chat_design_preset
1.64,0.023353,0.164000,-0.140647,0.000000,synthetic_chat_design_preset
1.65,0.023579,0.165000,-0.141421,0.000000,synthetic_chat_design_preset
1.66,0.025353,0.166000,-0.140647,0.000000,synthetic_chat_design_preset
1.67,0.028669,0.167000,-0.138331,0.000000,synthetic_chat_design_preset
1.68,0.033500,0.168000,-0.134500,0.000000,synthetic_chat_design_preset
1.69,0.039805,0.169000,-0.129195,0.000000,synthetic_chat_design_preset
1.70,0.047526,0.170000,-0.122474,0.000000,synthetic_chat_design_preset
1.71,0.056588,0.171000,-0.114412,0.000000,synthetic_chat_design_preset
1.72,0.066903,0.172000,-0.105097,0.000000,synthetic_chat_design_preset
1.73,0.078371,0.173000,-0.094629,0.000000,synthetic_chat_design_preset
1.74,0.090957,0.174000,-0.083125,0.000083,synthetic_chat_design_preset
1.75,0.104402,0.175000,-0.070711,0.000113,synthetic_chat_design_preset
1.76,0.118632,0.176000,-0.057521,0.000153,synthetic_chat_design_preset
1.77,0.133505,0.177000,-0.043702,0.000207,synthetic_chat_design_preset
1.78,0.148874,0.178000,-0.029403,0.000277,synthetic_chat_design_preset
1.79,0.164586,0.179000,-0.014783,0.000369,synthetic_chat_design_preset
1.80,0.180488,0.180000,-0.000000,0.000488,synthetic_chat_design_preset
1.81,0.196425,0.181000,0.014783,0.000642,synthetic_chat_design_preset
1.82,0.212243,0.182000,0.029403,0.000840,synthetic_chat_design_preset
1.83,0.227793,0.183000,0.043702,0.001091,synthetic_chat_design_preset
1.84,0.242930,0.184000,0.057521,0.001409,synthetic_chat_design_preset
1.85,0.257519,0.185000,0.070711,0.001808,synthetic_chat_design_preset
1.86,0.271432,0.186000,0.083125,0.002307,synthetic_chat_design_preset
1.87,0.284553,0.187000,0.094629,0.002924,synthetic_chat_design_preset
1.88,0.296781,0.188000,0.105097,0.003684,synthetic_chat_design_preset
1.89,0.308026,0.189000,0.114412,0.004613,synthetic_chat_design_preset
1.90,0.318216,0.190000,0.122474,0.005741,synthetic_chat_design_preset
1.91,0.327296,0.191000,0.129195,0.007101,synthetic_chat_design_preset
1.92,0.335229,0.192000,0.134500,0.008729,synthetic_chat_design_preset
1.93,0.341995,0.193000,0.138331,0.010664,synthetic_chat_design_preset
1.94,0.347595,0.194000,0.140647,0.012948,synthetic_chat_design_preset
1.95,0.352046,0.195000,0.141421,0.015625,synthetic_chat_design_preset
1.96,0.355386,0.196000,0.140647,0.018739,synthetic_chat_design_preset
1.97,0.357668,0.197000,0.138331,0.022337,synthetic_chat_design_preset
1.98,0.358960,0.198000,0.134500,0.026461,synthetic_chat_design_preset
1.99,0.359349,0.199000,0.129195,0.031154,synthetic_chat_design_preset
2.00,0.358929,0.200000,0.122474,0.036454,synthetic_chat_design_preset
2.01,0.357806,0.201000,0.114412,0.042394,synthetic_chat_design_preset
2.02,0.356095,0.202000,0.105097,0.048999,synthetic_chat_design_preset
2.03,0.353914,0.203000,0.094629,0.056285,synthetic_chat_design_preset
2.04,0.351383,0.204000,0.083125,0.064257,synthetic_chat_design_preset
2.05,0.348619,0.205000,0.070711,0.072908,synthetic_chat_design_preset
2.06,0.345737,0.206000,0.057521,0.082216,synthetic_chat_design_preset
2.07,0.342843,0.207000,0.043702,0.092142,synthetic_chat_design_preset
2.08,0.340035,0.208000,0.029403,0.102632,synthetic_chat_design_preset
2.09,0.337397,0.209000,0.014783,0.113615,synthetic_chat_design_preset
2.10,0.335000,0.210000,0.000000,0.125000,synthetic_chat_design_preset
2.11,0.332899,0.211000,-0.014783,0.136681,synthetic_chat_design_preset
2.12,0.331133,0.212000,-0.029403,0.148536,synthetic_chat_design_preset
2.13,0.329727,0.213000,-0.043702,0.160428,synthetic_chat_design_preset
2.14,0.328687,0.214000,-0.057521,0.172208,synthetic_chat_design_preset
2.15,0.328006,0.215000,-0.070711,0.183717,synthetic_chat_design_preset
2.16,0.327666,0.216000,-0.083125,0.194791,synthetic_chat_design_preset
2.17,0.327635,0.217000,-0.094629,0.205264,synthetic_chat_design_preset
2.18,0.327876,0.218000,-0.105097,0.214972,synthetic_chat_design_preset
2.19,0.328344,0.219000,-0.114412,0.223756,synthetic_chat_design_preset
2.20,0.328994,0.220000,-0.122474,0.231469,synthetic_chat_design_preset
2.21,0.329781,0.221000,-0.129195,0.237976,synthetic_chat_design_preset
2.22,0.330664,0.222000,-0.134500,0.243164,synthetic_chat_design_preset
2.23,0.331607,0.223000,-0.138331,0.246938,synthetic_chat_design_preset
2.24,0.332584,0.224000,-0.140647,0.249231,synthetic_chat_design_preset
2.25,0.333579,0.225000,-0.141421,0.250000,synthetic_chat_design_preset
2.26,0.334584,0.226000,-0.140647,0.249231,synthetic_chat_design_preset
2.27,0.335607,0.227000,-0.138331,0.246938,synthetic_chat_design_preset
2.28,0.336664,0.228000,-0.134500,0.243164,synthetic_chat_design_preset
2.29,0.337781,0.229000,-0.129195,0.237976,synthetic_chat_design_preset
2.30,0.338994,0.230000,-0.122474,0.231469,synthetic_chat_design_preset
2.31,0.340344,0.231000,-0.114412,0.223756,synthetic_chat_design_preset
2.32,0.341876,0.232000,-0.105097,0.214972,synthetic_chat_design_preset
2.33,0.343635,0.233000,-0.094629,0.205264,synthetic_chat_design_preset
2.34,0.345666,0.234000,-0.083125,0.194791,synthetic_chat_design_preset
2.35,0.348006,0.235000,-0.070711,0.183717,synthetic_chat_design_preset
2.36,0.350687,0.236000,-0.057521,0.172208,synthetic_chat_design_preset
2.37,0.353727,0.237000,-0.043702,0.160428,synthetic_chat_design_preset
2.38,0.357133,0.238000,-0.029403,0.148536,synthetic_chat_design_preset
2.39,0.360899,0.239000,-0.014783,0.136681,synthetic_chat_design_preset
2.40,0.365000,0.240000,-0.000000,0.125000,synthetic_chat_design_preset
2.41,0.369397,0.241000,0.014783,0.113615,synthetic_chat_design_preset
2.42,0.374035,0.242000,0.029403,0.102632,synthetic_chat_design_preset
2.43,0.378843,0.243000,0.043702,0.092142,synthetic_chat_design_preset
2.44,0.383737,0.244000,0.057521,0.082216,synthetic_chat_design_preset
2.45,0.388619,0.245000,0.070711,0.072908,synthetic_chat_design_preset
2.46,0.393383,0.246000,0.083125,0.064257,synthetic_chat_design_preset
2.47,0.397914,0.247000,0.094629,0.056285,synthetic_chat_design_preset
2.48,0.402095,0.248000,0.105097,0.048999,synthetic_chat_design_preset
2.49,0.405806,0.249000,0.114412,0.042394,synthetic_chat_design_preset
2.50,0.408929,0.250000,0.122474,0.036454,synthetic_chat_design_preset
2.51,0.411349,0.251000,0.129195,0.031154,synthetic_chat_design_preset
2.52,0.412960,0.252000,0.134500,0.026461,synthetic_chat_design_preset
2.53,0.413668,0.253000,0.138331,0.022337,synthetic_chat_design_preset
2.54,0.413386,0.254000,0.140647,0.018739,synthetic_chat_design_preset
2.55,0.412046,0.255000,0.141421,0.015625,synthetic_chat_design_preset
2.56,0.409595,0.256000,0.140647,0.012948,synthetic_chat_design_preset
2.57,0.405995,0.257000,0.138331,0.010664,synthetic_chat_design_preset
2.58,0.401229,0.258000,0.134500,0.008729,synthetic_chat_design_preset
2.59,0.395296,0.259000,0.129195,0.007101,synthetic_chat_design_preset
2.60,0.388216,0.260000,0.122474,0.005741,synthetic_chat_design_preset
2.61,0.380026,0.261000,0.114412,0.004613,synthetic_chat_design_preset
2.62,0.370781,0.262000,0.105097,0.003684,synthetic_chat_design_preset
2.63,0.360553,0.263000,0.094629,0.002924,synthetic_chat_design_preset
2.64,0.349432,0.264000,0.083125,0.002307,synthetic_chat_design_preset
2.65,0.337519,0.265000,0.070711,0.001808,synthetic_chat_design_preset
2.66,0.324930,0.266000,0.057521,0.001409,synthetic_chat_design_preset
2.67,0.311793,0.267000,0.043702,0.001091,synthetic_chat_design_preset
2.68,0.298243,0.268000,0.029403,0.000840,synthetic_chat_design_preset
2.69,0.284425,0.269000,0.014783,0.000642,synthetic_chat_design_preset
2.70,0.270488,0.270000,0.000000,0.000488,synthetic_chat_design_preset
2.71,0.256586,0.271000,-0.014783,0.000369,synthetic_chat_design_preset
2.72,0.242874,0.272000,-0.029403,0.000277,synthetic_chat_design_preset
2.73,0.229505,0.273000,-0.043702,0.000207,synthetic_chat_design_preset
2.74,0.216632,0.274000,-0.057521,0.000153,synthetic_chat_design_preset
2.75,0.204402,0.275000,-0.070711,0.000113,synthetic_chat_design_preset
2.76,0.192875,0.276000,-0.083125,0.000000,synthetic_chat_design_preset
2.77,0.182371,0.277000,-0.094629,0.000000,synthetic_chat_design_preset
2.78,0.172903,0.278000,-0.105097,0.000000,synthetic_chat_design_preset
2.79,0.164588,0.279000,-0.114412,0.000000,synthetic_chat_design_preset
2.80,0.157526,0.280000,-0.122474,0.000000,synthetic_chat_design_preset
2.81,0.151805,0.281000,-0.129195,0.000000,synthetic_chat_design_preset
2.82,0.147500,0.282000,-0.134500,0.000000,synthetic_chat_design_preset
2.83,0.144669,0.283000,-0.138331,0.000000,synthetic_chat_design_preset
2.84,0.143353,0.284000,-0.140647,0.000000,synthetic_chat_design_preset
2.85,0.143579,0.285000,-0.141421,0.000000,synthetic_chat_design_preset
2.86,0.145353,0.286000,-0.140647,0.000000,synthetic_chat_design_preset
2.87,0.148669,0.287000,-0.138331,0.000000,synthetic_chat_design_preset
2.88,0.153500,0.288000,-0.134500,0.000000,synthetic_chat_design_preset
2.89,0.159805,0.289000,-0.129195,0.000000,synthetic_chat_design_preset
2.90,0.167526,0.290000,-0.122474,0.000000,synthetic_chat_design_preset
2.91,0.176588,0.291000,-0.114412,0.000000,synthetic_chat_design_preset
2.92,0.186903,0.292000,-0.105097,0.000000,synthetic_chat_design_preset
2.93,0.198371,0.293000,-0.094629,0.000000,synthetic_chat_design_preset
2.94,0.210875,0.294000,-0.083125,0.000000,synthetic_chat_design_preset
2.95,0.224289,0.295000,-0.070711,0.000000,synthetic_chat_design_preset
2.96,0.238479,0.296000,-0.057521,0.000000,synthetic_chat_design_preset
2.97,0.253298,0.297000,-0.043702,0.000000,synthetic_chat_design_preset
2.98,0.268597,0.298000,-0.029403,0.000000,synthetic_chat_design_preset
2.99,0.284217,0.299000,-0.014783,0.000000,synthetic_chat_design_preset
3.00,0.300000,0.300000,-0.000000,0.000000,synthetic_chat_design_preset
3.01,0.315783,0.301000,0.014783,0.000000,synthetic_chat_design_preset
3.02,0.331403,0.302000,0.029403,0.000000,synthetic_chat_design_preset
3.03,0.346702,0.303000,0.043702,0.000000,synthetic_chat_design_preset
3.04,0.361521,0.304000,0.057521,0.000000,synthetic_chat_design_preset
3.05,0.375711,0.305000,0.070711,0.000000,synthetic_chat_design_preset
3.06,0.389125,0.306000,0.083125,0.000000,synthetic_chat_design_preset
3.07,0.401629,0.307000,0.094629,0.000000,synthetic_chat_design_preset
3.08,0.413097,0.308000,0.105097,0.000000,synthetic_chat_design_preset
3.09,0.423412,0.309000,0.114412,0.000000,synthetic_chat_design_preset
3.10,0.432474,0.310000,0.122474,0.000000,synthetic_chat_design_preset
3.11,0.440195,0.311000,0.129195,0.000000,synthetic_chat_design_preset
3.12,0.446500,0.312000,0.134500,0.000000,synthetic_chat_design_preset
3.13,0.451331,0.313000,0.138331,0.000000,synthetic_chat_design_preset
3.14,0.454647,0.314000,0.140647,0.000000,synthetic_chat_design_preset
3.15,0.456421,0.315000,0.141421,0.000000,synthetic_chat_design_preset
3.16,0.456647,0.316000,0.140647,0.000000,synthetic_chat_design_preset
3.17,0.455331,0.317000,0.138331,0.000000,synthetic_chat_design_preset
3.18,0.452500,0.318000,0.134500,0.000000,synthetic_chat_design_preset
3.19,0.448195,0.319000,0.129195,0.000000,synthetic_chat_design_preset
3.20,0.442474,0.320000,0.122474,0.000000,synthetic_chat_design_preset
3.21,0.435412,0.321000,0.114412,0.000000,synthetic_chat_design_preset
3.22,0.427097,0.322000,0.105097,0.000000,synthetic_chat_design_preset
3.23,0.417629,0.323000,0.094629,0.000000,synthetic_chat_design_preset
3.24,0.407208,0.324000,0.083125,0.000083,synthetic_chat_design_preset
3.25,0.395824,0.325000,0.070711,0.000113,synthetic_chat_design_preset
3.26,0.383675,0.326000,0.057521,0.000153,synthetic_chat_design_preset
3.27,0.370908,0.327000,0.043702,0.000207,synthetic_chat_design_preset
3.28,0.357680,0.328000,0.029403,0.000277,synthetic_chat_design_preset
3.29,0.344151,0.329000,0.014783,0.000369,synthetic_chat_design_preset
3.30,0.330488,0.330000,-0.000000,0.000488,synthetic_chat_design_preset
3.31,0.316860,0.331000,-0.014783,0.000642,synthetic_chat_design_preset
3.32,0.303437,0.332000,-0.029403,0.000840,synthetic_chat_design_preset
3.33,0.290389,0.333000,-0.043702,0.001091,synthetic_chat_design_preset
3.34,0.277888,0.334000,-0.057521,0.001409,synthetic_chat_design_preset
3.35,0.266098,0.335000,-0.070711,0.001808,synthetic_chat_design_preset
3.36,0.255181,0.336000,-0.083125,0.002307,synthetic_chat_design_preset
3.37,0.245295,0.337000,-0.094629,0.002924,synthetic_chat_design_preset
3.38,0.236588,0.338000,-0.105097,0.003684,synthetic_chat_design_preset
3.39,0.229201,0.339000,-0.114412,0.004613,synthetic_chat_design_preset
3.40,0.223267,0.340000,-0.122474,0.005741,synthetic_chat_design_preset
3.41,0.218906,0.341000,-0.129195,0.007101,synthetic_chat_design_preset
3.42,0.216229,0.342000,-0.134500,0.008729,synthetic_chat_design_preset
3.43,0.215333,0.343000,-0.138331,0.010664,synthetic_chat_design_preset
3.44,0.216302,0.344000,-0.140647,0.012948,synthetic_chat_design_preset
3.45,0.219204,0.345000,-0.141421,0.015625,synthetic_chat_design_preset
3.46,0.224093,0.346000,-0.140647,0.018739,synthetic_chat_design_preset
3.47,0.231006,0.347000,-0.138331,0.022337,synthetic_chat_design_preset
3.48,0.239961,0.348000,-0.134500,0.026461,synthetic_chat_design_preset
3.49,0.250959,0.349000,-0.129195,0.031154,synthetic_chat_design_preset
3.50,0.263980,0.350000,-0.122474,0.036454,synthetic_chat_design_preset
3.51,0.278982,0.351000,-0.114412,0.042394,synthetic_chat_design_preset
3.52,0.295902,0.352000,-0.105097,0.048999,synthetic_chat_design_preset
3.53,0.314655,0.353000,-0.094629,0.056285,synthetic_chat_design_preset
3.54,0.335132,0.354000,-0.083125,0.064257,synthetic_chat_design_preset
3.55,0.357197,0.355000,-0.070711,0.072908,synthetic_chat_design_preset
3.56,0.380694,0.356000,-0.057521,0.082216,synthetic_chat_design_preset
3.57,0.405440,0.357000,-0.043702,0.092142,synthetic_chat_design_preset
3.58,0.431229,0.358000,-0.029403,0.102632,synthetic_chat_design_preset
3.59,0.457832,0.359000,-0.014783,0.113615,synthetic_chat_design_preset
3.60,0.485000,0.360000,-0.000000,0.125000,synthetic_chat_design_preset
3.61,0.512464,0.361000,0.014783,0.136681,synthetic_chat_design_preset
3.62,0.539940,0.362000,0.029403,0.148536,synthetic_chat_design_preset
3.63,0.567130,0.363000,0.043702,0.160428,synthetic_chat_design_preset
3.64,0.593729,0.364000,0.057521,0.172208,synthetic_chat_design_preset
3.65,0.619427,0.365000,0.070711,0.183717,synthetic_chat_design_preset
3.66,0.643917,0.366000,0.083125,0.194791,synthetic_chat_design_preset
3.67,0.666894,0.367000,0.094629,0.205264,synthetic_chat_design_preset
3.68,0.688069,0.368000,0.105097,0.214972,synthetic_chat_design_preset
3.69,0.707169,0.369000,0.114412,0.223756,synthetic_chat_design_preset
3.70,0.723943,0.370000,0.122474,0.231469,synthetic_chat_design_preset
3.71,0.738171,0.371000,0.129195,0.237976,synthetic_chat_design_preset
3.72,0.749663,0.372000,0.134500,0.243164,synthetic_chat_design_preset
3.73,0.758269,0.373000,0.138331,0.246938,synthetic_chat_design_preset
3.74,0.763878,0.374000,0.140647,0.249231,synthetic_chat_design_preset
3.75,0.766421,0.375000,0.141421,0.250000,synthetic_chat_design_preset
3.76,0.765878,0.376000,0.140647,0.249231,synthetic_chat_design_preset
3.77,0.762269,0.377000,0.138331,0.246938,synthetic_chat_design_preset
3.78,0.755663,0.378000,0.134500,0.243164,synthetic_chat_design_preset
3.79,0.746171,0.379000,0.129195,0.237976,synthetic_chat_design_preset
3.80,0.733943,0.380000,0.122474,0.231469,synthetic_chat_design_preset
3.81,0.719169,0.381000,0.114412,0.223756,synthetic_chat_design_preset
3.82,0.702069,0.382000,0.105097,0.214972,synthetic_chat_design_preset
3.83,0.682894,0.383000,0.094629,0.205264,synthetic_chat_design_preset
3.84,0.661917,0.384000,0.083125,0.194791,synthetic_chat_design_preset
3.85,0.639427,0.385000,0.070711,0.183717,synthetic_chat_design_preset
3.86,0.615729,0.386000,0.057521,0.172208,synthetic_chat_design_preset
3.87,0.591130,0.387000,0.043702,0.160428,synthetic_chat_design_preset
3.88,0.565940,0.388000,0.029403,0.148536,synthetic_chat_design_preset
3.89,0.540464,0.389000,0.014783,0.136681,synthetic_chat_design_preset
3.90,0.515000,0.390000,-0.000000,0.125000,synthetic_chat_design_preset
3.91,0.489832,0.391000,-0.014783,0.113615,synthetic_chat_design_preset
3.92,0.465229,0.392000,-0.029403,0.102632,synthetic_chat_design_preset
3.93,0.441440,0.393000,-0.043702,0.092142,synthetic_chat_design_preset
3.94,0.418694,0.394000,-0.057521,0.082216,synthetic_chat_design_preset
3.95,0.397197,0.395000,-0.070711,0.072908,synthetic_chat_design_preset
3.96,0.377132,0.396000,-0.083125,0.064257,synthetic_chat_design_preset
3.97,0.358655,0.397000,-0.094629,0.056285,synthetic_chat_design_preset
3.98,0.341902,0.398000,-0.105097,0.048999,synthetic_chat_design_preset
3.99,0.326982,0.399000,-0.114412,0.042394,synthetic_chat_design_preset
4.00,0.313980,0.400000,-0.122474,0.036454,synthetic_chat_design_preset
4.01,0.302959,0.401000,-0.129195,0.031154,synthetic_chat_design_preset
4.02,0.293961,0.402000,-0.134500,0.026461,synthetic_chat_design_preset
4.03,0.287006,0.403000,-0.138331,0.022337,synthetic_chat_design_preset
4.04,0.282093,0.404000,-0.140647,0.018739,synthetic_chat_design_preset
4.05,0.279204,0.405000,-0.141421,0.015625,synthetic_chat_design_preset
4.06,0.278302,0.406000,-0.140647,0.012948,synthetic_chat_design_preset
4.07,0.279333,0.407000,-0.138331,0.010664,synthetic_chat_design_preset
4.08,0.282229,0.408000,-0.134500,0.008729,synthetic_chat_design_preset
4.09,0.286906,0.409000,-0.129195,0.007101,synthetic_chat_design_preset
4.10,0.293267,0.410000,-0.122474,0.005741,synthetic_chat_design_preset
4.11,0.301201,0.411000,-0.114412,0.004613,synthetic_chat_design_preset
4.12,0.310588,0.412000,-0.105097,0.003684,synthetic_chat_design_preset
4.13,0.321295,0.413000,-0.094629,0.002924,synthetic_chat_design_preset
4.14,0.333181,0.414000,-0.083125,0.002307,synthetic_chat_design_preset
4.15,0.346098,0.415000,-0.070711,0.001808,synthetic_chat_design_preset
4.16,0.359888,0.416000,-0.057521,0.001409,synthetic_chat_design_preset
4.17,0.374389,0.417000,-0.043702,0.001091,synthetic_chat_design_preset
4.18,0.389437,0.418000,-0.029403,0.000840,synthetic_chat_design_preset
4.19,0.404860,0.419000,-0.014783,0.000642,synthetic_chat_design_preset
4.20,0.420488,0.420000,-0.000000,0.000488,synthetic_chat_design_preset
4.21,0.436151,0.421000,0.014783,0.000369,synthetic_chat_design_preset
4.22,0.451680,0.422000,0.029403,0.000277,synthetic_chat_design_preset
4.23,0.466908,0.423000,0.043702,0.000207,synthetic_chat_design_preset
4.24,0.481675,0.424000,0.057521,0.000153,synthetic_chat_design_preset
4.25,0.495824,0.425000,0.070711,0.000113,synthetic_chat_design_preset
4.26,0.509125,0.426000,0.083125,0.000000,synthetic_chat_design_preset
4.27,0.521629,0.427000,0.094629,0.000000,synthetic_chat_design_preset
4.28,0.533097,0.428000,0.105097,0.000000,synthetic_chat_design_preset
4.29,0.543412,0.429000,0.114412,0.000000,synthetic_chat_design_preset
4.30,0.552474,0.430000,0.122474,0.000000,synthetic_chat_design_preset
4.31,0.560195,0.431000,0.129195,0.000000,synthetic_chat_design_preset
4.32,0.566500,0.432000,0.134500,0.000000,synthetic_chat_design_preset
4.33,0.571331,0.433000,0.138331,0.000000,synthetic_chat_design_preset
4.34,0.574647,0.434000,0.140647,0.000000,synthetic_chat_design_preset
4.35,0.576421,0.435000,0.141421,0.000000,synthetic_chat_design_preset
4.36,0.576647,0.436000,0.140647,0.000000,synthetic_chat_design_preset
4.37,0.575331,0.437000,0.138331,0.000000,synthetic_chat_design_preset
4.38,0.572500,0.438000,0.134500,0.000000,synthetic_chat_design_preset
4.39,0.568195,0.439000,0.129195,0.000000,synthetic_chat_design_preset
4.40,0.562474,0.440000,0.122474,0.000000,synthetic_chat_design_preset
4.41,0.555412,0.441000,0.114412,0.000000,synthetic_chat_design_preset
4.42,0.547097,0.442000,0.105097,0.000000,synthetic_chat_design_preset
4.43,0.537629,0.443000,0.094629,0.000000,synthetic_chat_design_preset
4.44,0.527125,0.444000,0.083125,0.000000,synthetic_chat_design_preset
4.45,0.515711,0.445000,0.070711,0.000000,synthetic_chat_design_preset
4.46,0.503521,0.446000,0.057521,0.000000,synthetic_chat_design_preset
4.47,0.490702,0.447000,0.043702,0.000000,synthetic_chat_design_preset
4.48,0.477403,0.448000,0.029403,0.000000,synthetic_chat_design_preset
4.49,0.463783,0.449000,0.014783,0.000000,synthetic_chat_design_preset
4.50,0.450000,0.450000,-0.000000,0.000000,synthetic_chat_design_preset
4.51,0.436217,0.451000,-0.014783,0.000000,synthetic_chat_design_preset
4.52,0.422597,0.452000,-0.029403,0.000000,synthetic_chat_design_preset
4.53,0.409298,0.453000,-0.043702,0.000000,synthetic_chat_design_preset
4.54,0.396479,0.454000,-0.057521,0.000000,synthetic_chat_design_preset
4.55,0.384289,0.455000,-0.070711,0.000000,synthetic_chat_design_preset
4.56,0.372875,0.456000,-0.083125,0.000000,synthetic_chat_design_preset
4.57,0.362371,0.457000,-0.094629,0.000000,synthetic_chat_design_preset
4.58,0.352903,0.458000,-0.105097,0.000000,synthetic_chat_design_preset
4.59,0.344588,0.459000,-0.114412,0.000000,synthetic_chat_design_preset
4.60,0.337526,0.460000,-0.122474,0.000000,synthetic_chat_design_preset
4.61,0.331805,0.461000,-0.129195,0.000000,synthetic_chat_design_preset
4.62,0.327500,0.462000,-0.134500,0.000000,synthetic_chat_design_preset
4.63,0.324669,0.463000,-0.138331,0.000000,synthetic_chat_design_preset
4.64,0.323353,0.464000,-0.140647,0.000000,synthetic_chat_design_preset
4.65,0.323579,0.465000,-0.141421,0.000000,synthetic_chat_design_preset
4.66,0.325353,0.466000,-0.140647,0.000000,synthetic_chat_design_preset
4.67,0.328669,0.467000,-0.138331,0.000000,synthetic_chat_design_preset
4.68,0.333500,0.468000,-0.134500,0.000000,synthetic_chat_design_preset
4.69,0.339805,0.469000,-0.129195,0.000000,synthetic_chat_design_preset
4.70,0.347526,0.470000,-0.122474,0.000000,synthetic_chat_design_preset
4.71,0.356588,0.471000,-0.114412,0.000000,synthetic_chat_design_preset
4.72,0.366903,0.472000,-0.105097,0.000000,synthetic_chat_design_preset
4.73,0.378371,0.473000,-0.094629,0.000000,synthetic_chat_design_preset
4.74,0.390957,0.474000,-0.083125,0.000083,synthetic_chat_design_preset
4.75,0.404402,0.475000,-0.070711,0.000113,synthetic_chat_design_preset
4.76,0.418632,0.476000,-0.057521,0.000153,synthetic_chat_design_preset
4.77,0.433505,0.477000,-0.043702,0.000207,synthetic_chat_design_preset
4.78,0.448874,0.478000,-0.029403,0.000277,synthetic_chat_design_preset
4.79,0.464586,0.479000,-0.014783,0.000369,synthetic_chat_design_preset
4.80,0.480488,0.480000,-0.000000,0.000488,synthetic_chat_design_preset
4.81,0.496425,0.481000,0.014783,0.000642,synthetic_chat_design_preset
4.82,0.512243,0.482000,0.029403,0.000840,synthetic_chat_design_preset
4.83,0.527793,0.483000,0.043702,0.001091,synthetic_chat_design_preset
4.84,0.542930,0.484000,0.057521,0.001409,synthetic_chat_design_preset
4.85,0.557519,0.485000,0.070711,0.001808,synthetic_chat_design_preset
4.86,0.571432,0.486000,0.083125,0.002307,synthetic_chat_design_preset
4.87,0.584553,0.487000,0.094629,0.002924,synthetic_chat_design_preset
4.88,0.596781,0.488000,0.105097,0.003684,synthetic_chat_design_preset
4.89,0.608026,0.489000,0.114412,0.004613,synthetic_chat_design_preset
4.90,0.618216,0.490000,0.122474,0.005741,synthetic_chat_design_preset
4.91,0.627296,0.491000,0.129195,0.007101,synthetic_chat_design_preset
4.92,0.635229,0.492000,0.134500,0.008729,synthetic_chat_design_preset
4.93,0.641995,0.493000,0.138331,0.010664,synthetic_chat_design_preset
4.94,0.647595,0.494000,0.140647,0.012948,synthetic_chat_design_preset
4.95,0.652046,0.495000,0.141421,0.015625,synthetic_chat_design_preset
4.96,0.655386,0.496000,0.140647,0.018739,synthetic_chat_design_preset
4.97,0.657668,0.497000,0.138331,0.022337,synthetic_chat_design_preset
4.98,0.658960,0.498000,0.134500,0.026461,synthetic_chat_design_preset
4.99,0.659349,0.499000,0.129195,0.031154,synthetic_chat_design_preset
5.00,0.658929,0.500000,0.122474,0.036454,synthetic_chat_design_preset
5.01,0.657806,0.501000,0.114412,0.042394,synthetic_chat_design_preset
5.02,0.656095,0.502000,0.105097,0.048999,synthetic_chat_design_preset
5.03,0.653914,0.503000,0.094629,0.056285,synthetic_chat_design_preset
5.04,0.651383,0.504000,0.083125,0.064257,synthetic_chat_design_preset
5.05,0.648619,0.505000,0.070711,0.072908,synthetic_chat_design_preset
5.06,0.645737,0.506000,0.057521,0.082216,synthetic_chat_design_preset
5.07,0.642843,0.507000,0.043702,0.092142,synthetic_chat_design_preset
5.08,0.640035,0.508000,0.029403,0.102632,synthetic_chat_design_preset
5.09,0.637397,0.509000,0.014783,0.113615,synthetic_chat_design_preset
5.10,0.635000,0.510000,-0.000000,0.125000,synthetic_chat_design_preset
5.11,0.632899,0.511000,-0.014783,0.136681,synthetic_chat_design_preset
5.12,0.631133,0.512000,-0.029403,0.148536,synthetic_chat_design_preset
5.13,0.629727,0.513000,-0.043702,0.160428,synthetic_chat_design_preset
5.14,0.628687,0.514000,-0.057521,0.172208,synthetic_chat_design_preset
5.15,0.628006,0.515000,-0.070711,0.183717,synthetic_chat_design_preset
5.16,0.627666,0.516000,-0.083125,0.194791,synthetic_chat_design_preset
5.17,0.627635,0.517000,-0.094629,0.205264,synthetic_chat_design_preset
5.18,0.627876,0.518000,-0.105097,0.214972,synthetic_chat_design_preset
5.19,0.628344,0.519000,-0.114412,0.223756,synthetic_chat_design_preset
5.20,0.628994,0.520000,-0.122474,0.231469,synthetic_chat_design_preset
5.21,0.629781,0.521000,-0.129195,0.237976,synthetic_chat_design_preset
5.22,0.630664,0.522000,-0.134500,0.243164,synthetic_chat_design_preset
5.23,0.631607,0.523000,-0.138331,0.246938,synthetic_chat_design_preset
5.24,0.632584,0.524000,-0.140647,0.249231,synthetic_chat_design_preset
5.25,0.633579,0.525000,-0.141421,0.250000,synthetic_chat_design_preset
5.26,0.634584,0.526000,-0.140647,0.249231,synthetic_chat_design_preset
5.27,0.635607,0.527000,-0.138331,0.246938,synthetic_chat_design_preset
5.28,0.636664,0.528000,-0.134500,0.243164,synthetic_chat_design_preset
5.29,0.637781,0.529000,-0.129195,0.237976,synthetic_chat_design_preset
5.30,0.638994,0.530000,-0.122474,0.231469,synthetic_chat_design_preset
5.31,0.640344,0.531000,-0.114412,0.223756,synthetic_chat_design_preset
5.32,0.641876,0.532000,-0.105097,0.214972,synthetic_chat_design_preset
5.33,0.643635,0.533000,-0.094629,0.205264,synthetic_chat_design_preset
5.34,0.645666,0.534000,-0.083125,0.194791,synthetic_chat_design_preset
5.35,0.648006,0.535000,-0.070711,0.183717,synthetic_chat_design_preset
5.36,0.650687,0.536000,-0.057521,0.172208,synthetic_chat_design_preset
5.37,0.653727,0.537000,-0.043702,0.160428,synthetic_chat_design_preset
5.38,0.657133,0.538000,-0.029403,0.148536,synthetic_chat_design_preset
5.39,0.660899,0.539000,-0.014783,0.136681,synthetic_chat_design_preset
5.40,0.665000,0.540000,-0.000000,0.125000,synthetic_chat_design_preset
5.41,0.669397,0.541000,0.014783,0.113615,synthetic_chat_design_preset
5.42,0.674035,0.542000,0.029403,0.102632,synthetic_chat_design_preset
5.43,0.678843,0.543000,0.043702,0.092142,synthetic_chat_design_preset
5.44,0.683737,0.544000,0.057521,0.082216,synthetic_chat_design_preset
5.45,0.688619,0.545000,0.070711,0.072908,synthetic_chat_design_preset
5.46,0.693383,0.546000,0.083125,0.064257,synthetic_chat_design_preset
5.47,0.697914,0.547000,0.094629,0.056285,synthetic_chat_design_preset
5.48,0.702095,0.548000,0.105097,0.048999,synthetic_chat_design_preset
5.49,0.705806,0.549000,0.114412,0.042394,synthetic_chat_design_preset
5.50,0.708929,0.550000,0.122474,0.036454,synthetic_chat_design_preset
5.51,0.711349,0.551000,0.129195,0.031154,synthetic_chat_design_preset
5.52,0.712960,0.552000,0.134500,0.026461,synthetic_chat_design_preset
5.53,0.713668,0.553000,0.138331,0.022337,synthetic_chat_design_preset
5.54,0.713386,0.554000,0.140647,0.018739,synthetic_chat_design_preset
5.55,0.712046,0.555000,0.141421,0.015625,synthetic_chat_design_preset
5.56,0.709595,0.556000,0.140647,0.012948,synthetic_chat_design_preset
5.57,0.705995,0.557000,0.138331,0.010664,synthetic_chat_design_preset
5.58,0.701229,0.558000,0.134500,0.008729,synthetic_chat_design_preset
5.59,0.695296,0.559000,0.129195,0.007101,synthetic_chat_design_preset
5.60,0.688216,0.560000,0.122474,0.005741,synthetic_chat_design_preset
5.61,0.680026,0.561000,0.114412,0.004613,synthetic_chat_design_preset
5.62,0.670781,0.562000,0.105097,0.003684,synthetic_chat_design_preset
5.63,0.660553,0.563000,0.094629,0.002924,synthetic_chat_design_preset
5.64,0.649432,0.564000,0.083125,0.002307,synthetic_chat_design_preset
5.65,0.637519,0.565000,0.070711,0.001808,synthetic_chat_design_preset
5.66,0.624930,0.566000,0.057521,0.001409,synthetic_chat_design_preset
5.67,0.611793,0.567000,0.043702,0.001091,synthetic_chat_design_preset
5.68,0.598243,0.568000,0.029403,0.000840,synthetic_chat_design_preset
5.69,0.584425,0.569000,0.014783,0.000642,synthetic_chat_design_preset
5.70,0.570488,0.570000,-0.000000,0.000488,synthetic_chat_design_preset
5.71,0.556586,0.571000,-0.014783,0.000369,synthetic_chat_design_preset
5.72,0.542874,0.572000,-0.029403,0.000277,synthetic_chat_design_preset
5.73,0.529505,0.573000,-0.043702,0.000207,synthetic_chat_design_preset
5.74,0.516632,0.574000,-0.057521,0.000153,synthetic_chat_design_preset
5.75,0.504402,0.575000,-0.070711,0.000113,synthetic_chat_design_preset
5.76,0.492875,0.576000,-0.083125,0.000000,synthetic_chat_design_preset
5.77,0.482371,0.577000,-0.094629,0.000000,synthetic_chat_design_preset
5.78,0.472903,0.578000,-0.105097,0.000000,synthetic_chat_design_preset
5.79,0.464588,0.579000,-0.114412,0.000000,synthetic_chat_design_preset
5.80,0.457526,0.580000,-0.122474,0.000000,synthetic_chat_design_preset
5.81,0.451805,0.581000,-0.129195,0.000000,synthetic_chat_design_preset
5.82,0.447500,0.582000,-0.134500,0.000000,synthetic_chat_design_preset
5.83,0.444669,0.583000,-0.138331,0.000000,synthetic_chat_design_preset
5.84,0.443353,0.584000,-0.140647,0.000000,synthetic_chat_design_preset
5.85,0.443579,0.585000,-0.141421,0.000000,synthetic_chat_design_preset
5.86,0.445353,0.586000,-0.140647,0.000000,synthetic_chat_design_preset
5.87,0.448669,0.587000,-0.138331,0.000000,synthetic_chat_design_preset
5.88,0.453500,0.588000,-0.134500,0.000000,synthetic_chat_design_preset
5.89,0.459805,0.589000,-0.129195,0.000000,synthetic_chat_design_preset
5.90,0.467526,0.590000,-0.122474,0.000000,synthetic_chat_design_preset
5.91,0.476588,0.591000,-0.114412,0.000000,synthetic_chat_design_preset
5.92,0.486903,0.592000,-0.105097,0.000000,synthetic_chat_design_preset
5.93,0.498371,0.593000,-0.094629,0.000000,synthetic_chat_design_preset
5.94,0.510875,0.594000,-0.083125,0.000000,synthetic_chat_design_preset
5.95,0.524289,0.595000,-0.070711,0.000000,synthetic_chat_design_preset
5.96,0.538479,0.596000,-0.057521,0.000000,synthetic_chat_design_preset
5.97,0.553298,0.597000,-0.043702,0.000000,synthetic_chat_design_preset
5.98,0.568597,0.598000,-0.029403,0.000000,synthetic_chat_design_preset
5.99,0.584217,0.599000,-0.014783,0.000000,synthetic_chat_design_preset
6.00,0.600000,0.600000,-0.000000,0.000000,synthetic_chat_design_preset
6.01,0.615783,0.601000,0.014783,0.000000,synthetic_chat_design_preset
6.02,0.631403,0.602000,0.029403,0.000000,synthetic_chat_design_preset
6.03,0.646702,0.603000,0.043702,0.000000,synthetic_chat_design_preset
6.04,0.661521,0.604000,0.057521,0.000000,synthetic_chat_design_preset
6.05,0.675711,0.605000,0.070711,0.000000,synthetic_chat_design_preset
6.06,0.689125,0.606000,0.083125,0.000000,synthetic_chat_design_preset
6.07,0.701629,0.607000,0.094629,0.000000,synthetic_chat_design_preset
6.08,0.713097,0.608000,0.105097,0.000000,synthetic_chat_design_preset
6.09,0.723412,0.609000,0.114412,0.000000,synthetic_chat_design_preset
6.10,0.732474,0.610000,0.122474,0.000000,synthetic_chat_design_preset
6.11,0.740195,0.611000,0.129195,0.000000,synthetic_chat_design_preset
6.12,0.746500,0.612000,0.134500,0.000000,synthetic_chat_design_preset
6.13,0.751331,0.613000,0.138331,0.000000,synthetic_chat_design_preset
6.14,0.754647,0.614000,0.140647,0.000000,synthetic_chat_design_preset
6.15,0.756421,0.615000,0.141421,0.000000,synthetic_chat_design_preset
6.16,0.756647,0.616000,0.140647,0.000000,synthetic_chat_design_preset
6.17,0.755331,0.617000,0.138331,0.000000,synthetic_chat_design_preset
6.18,0.752500,0.618000,0.134500,0.000000,synthetic_chat_design_preset
6.19,0.748195,0.619000,0.129195,0.000000,synthetic_chat_design_preset
6.20,0.742474,0.620000,0.122474,0.000000,synthetic_chat_design_preset
6.21,0.735412,0.621000,0.114412,0.000000,synthetic_chat_design_preset
6.22,0.727097,0.622000,0.105097,0.000000,synthetic_chat_design_preset
6.23,0.717629,0.623000,0.094629,0.000000,synthetic_chat_design_preset
6.24,0.707208,0.624000,0.083125,0.000083,synthetic_chat_design_preset
6.25,0.695824,0.625000,0.070711,0.000113,synthetic_chat_design_preset
6.26,0.683675,0.626000,0.057521,0.000153,synthetic_chat_design_preset
6.27,0.670908,0.627000,0.043702,0.000207,synthetic_chat_design_preset
6.28,0.657680,0.628000,0.029403,0.000277,synthetic_chat_design_preset
6.29,0.644151,0.629000,0.014783,0.000369,synthetic_chat_design_preset
6.30,0.630488,0.630000,-0.000000,0.000488,synthetic_chat_design_preset
6.31,0.616860,0.631000,-0.014783,0.000642,synthetic_chat_design_preset
6.32,0.603437,0.632000,-0.029403,0.000840,synthetic_chat_design_preset
6.33,0.590389,0.633000,-0.043702,0.001091,synthetic_chat_design_preset
6.34,0.577888,0.634000,-0.057521,0.001409,synthetic_chat_design_preset
6.35,0.566098,0.635000,-0.070711,0.001808,synthetic_chat_design_preset
6.36,0.555181,0.636000,-0.083125,0.002307,synthetic_chat_design_preset
6.37,0.545295,0.637000,-0.094629,0.002924,synthetic_chat_design_preset
6.38,0.536588,0.638000,-0.105097,0.003684,synthetic_chat_design_preset
6.39,0.529201,0.639000,-0.114412,0.004613,synthetic_chat_design_preset
6.40,0.523267,0.640000,-0.122474,0.005741,synthetic_chat_design_preset
6.41,0.518906,0.641000,-0.129195,0.007101,synthetic_chat_design_preset
6.42,0.516229,0.642000,-0.134500,0.008729,synthetic_chat_design_preset
6.43,0.515333,0.643000,-0.138331,0.010664,synthetic_chat_design_preset
6.44,0.516302,0.644000,-0.140647,0.012948,synthetic_chat_design_preset
6.45,0.519204,0.645000,-0.141421,0.015625,synthetic_chat_design_preset
6.46,0.524093,0.646000,-0.140647,0.018739,synthetic_chat_design_preset
6.47,0.531006,0.647000,-0.138331,0.022337,synthetic_chat_design_preset
6.48,0.539961,0.648000,-0.134500,0.026461,synthetic_chat_design_preset
6.49,0.550959,0.649000,-0.129195,0.031154,synthetic_chat_design_preset
6.50,0.563980,0.650000,-0.122474,0.036454,synthetic_chat_design_preset
6.51,0.578982,0.651000,-0.114412,0.042394,synthetic_chat_design_preset
6.52,0.595902,0.652000,-0.105097,0.048999,synthetic_chat_design_preset
6.53,0.614655,0.653000,-0.094629,0.056285,synthetic_chat_design_preset
6.54,0.635132,0.654000,-0.083125,0.064257,synthetic_chat_design_preset
6.55,0.657197,0.655000,-0.070711,0.072908,synthetic_chat_design_preset
6.56,0.680694,0.656000,-0.057521,0.082216,synthetic_chat_design_preset
6.57,0.705440,0.657000,-0.043702,0.092142,synthetic_chat_design_preset
6.58,0.731229,0.658000,-0.029403,0.102632,synthetic_chat_design_preset
6.59,0.757832,0.659000,-0.014783,0.113615,synthetic_chat_design_preset
6.60,0.785000,0.660000,0.000000,0.125000,synthetic_chat_design_preset
6.61,0.812464,0.661000,0.014783,0.136681,synthetic_chat_design_preset
6.62,0.839940,0.662000,0.029403,0.148536,synthetic_chat_design_preset
6.63,0.867130,0.663000,0.043702,0.160428,synthetic_chat_design_preset
6.64,0.893729,0.664000,0.057521,0.172208,synthetic_chat_design_preset
6.65,0.919427,0.665000,0.070711,0.183717,synthetic_chat_design_preset
6.66,0.943917,0.666000,0.083125,0.194791,synthetic_chat_design_preset
6.67,0.966894,0.667000,0.094629,0.205264,synthetic_chat_design_preset
6.68,0.988069,0.668000,0.105097,0.214972,synthetic_chat_design_preset
6.69,1.007169,0.669000,0.114412,0.223756,synthetic_chat_design_preset
6.70,1.023943,0.670000,0.122474,0.231469,synthetic_chat_design_preset
6.71,1.038171,0.671000,0.129195,0.237976,synthetic_chat_design_preset
6.72,1.049663,0.672000,0.134500,0.243164,synthetic_chat_design_preset
6.73,1.058269,0.673000,0.138331,0.246938,synthetic_chat_design_preset
6.74,1.063878,0.674000,0.140647,0.249231,synthetic_chat_design_preset
6.75,1.066421,0.675000,0.141421,0.250000,synthetic_chat_design_preset
6.76,1.065878,0.676000,0.140647,0.249231,synthetic_chat_design_preset
6.77,1.062269,0.677000,0.138331,0.246938,synthetic_chat_design_preset
6.78,1.055663,0.678000,0.134500,0.243164,synthetic_chat_design_preset
6.79,1.046171,0.679000,0.129195,0.237976,synthetic_chat_design_preset
6.80,1.033943,0.680000,0.122474,0.231469,synthetic_chat_design_preset
6.81,1.019169,0.681000,0.114412,0.223756,synthetic_chat_design_preset
6.82,1.002069,0.682000,0.105097,0.214972,synthetic_chat_design_preset
6.83,0.982894,0.683000,0.094629,0.205264,synthetic_chat_design_preset
6.84,0.961917,0.684000,0.083125,0.194791,synthetic_chat_design_preset
6.85,0.939427,0.685000,0.070711,0.183717,synthetic_chat_design_preset
6.86,0.915729,0.686000,0.057521,0.172208,synthetic_chat_design_preset
6.87,0.891130,0.687000,0.043702,0.160428,synthetic_chat_design_preset
6.88,0.865940,0.688000,0.029403,0.148536,synthetic_chat_design_preset
6.89,0.840464,0.689000,0.014783,0.136681,synthetic_chat_design_preset
6.90,0.815000,0.690000,-0.000000,0.125000,synthetic_chat_design_preset
6.91,0.789832,0.691000,-0.014783,0.113615,synthetic_chat_design_preset
6.92,0.765229,0.692000,-0.029403,0.102632,synthetic_chat_design_preset
6.93,0.741440,0.693000,-0.043702,0.092142,synthetic_chat_design_preset
6.94,0.718694,0.694000,-0.057521,0.082216,synthetic_chat_design_preset
6.95,0.697197,0.695000,-0.070711,0.072908,synthetic_chat_design_preset
6.96,0.677132,0.696000,-0.083125,0.064257,synthetic_chat_design_preset
6.97,0.658655,0.697000,-0.094629,0.056285,synthetic_chat_design_preset
6.98,0.641902,0.698000,-0.105097,0.048999,synthetic_chat_design_preset
6.99,0.626982,0.699000,-0.114412,0.042394,synthetic_chat_design_preset
7.00,0.613980,0.700000,-0.122474,0.036454,synthetic_chat_design_preset
7.01,0.602959,0.701000,-0.129195,0.031154,synthetic_chat_design_preset
7.02,0.593961,0.702000,-0.134500,0.026461,synthetic_chat_design_preset
7.03,0.587006,0.703000,-0.138331,0.022337,synthetic_chat_design_preset
7.04,0.582093,0.704000,-0.140647,0.018739,synthetic_chat_design_preset
7.05,0.579204,0.705000,-0.141421,0.015625,synthetic_chat_design_preset
7.06,0.578302,0.706000,-0.140647,0.012948,synthetic_chat_design_preset
7.07,0.579333,0.707000,-0.138331,0.010664,synthetic_chat_design_preset
7.08,0.582229,0.708000,-0.134500,0.008729,synthetic_chat_design_preset
7.09,0.586906,0.709000,-0.129195,0.007101,synthetic_chat_design_preset
7.10,0.593267,0.710000,-0.122474,0.005741,synthetic_chat_design_preset
7.11,0.601201,0.711000,-0.114412,0.004613,synthetic_chat_design_preset
7.12,0.610588,0.712000,-0.105097,0.003684,synthetic_chat_design_preset
7.13,0.621295,0.713000,-0.094629,0.002924,synthetic_chat_design_preset
7.14,0.633181,0.714000,-0.083125,0.002307,synthetic_chat_design_preset
7.15,0.646098,0.715000,-0.070711,0.001808,synthetic_chat_design_preset
7.16,0.659888,0.716000,-0.057521,0.001409,synthetic_chat_design_preset
7.17,0.674389,0.717000,-0.043702,0.001091,synthetic_chat_design_preset
7.18,0.689437,0.718000,-0.029403,0.000840,synthetic_chat_design_preset
7.19,0.704860,0.719000,-0.014783,0.000642,synthetic_chat_design_preset
7.20,0.720488,0.720000,-0.000000,0.000488,synthetic_chat_design_preset
7.21,0.736151,0.721000,0.014783,0.000369,synthetic_chat_design_preset
7.22,0.751680,0.722000,0.029403,0.000277,synthetic_chat_design_preset
7.23,0.766908,0.723000,0.043702,0.000207,synthetic_chat_design_preset
7.24,0.781675,0.724000,0.057521,0.000153,synthetic_chat_design_preset
7.25,0.795824,0.725000,0.070711,0.000113,synthetic_chat_design_preset
7.26,0.809125,0.726000,0.083125,0.000000,synthetic_chat_design_preset
7.27,0.821629,0.727000,0.094629,0.000000,synthetic_chat_design_preset
7.28,0.833097,0.728000,0.105097,0.000000,synthetic_chat_design_preset
7.29,0.843412,0.729000,0.114412,0.000000,synthetic_chat_design_preset
7.30,0.852474,0.730000,0.122474,0.000000,synthetic_chat_design_preset
7.31,0.860195,0.731000,0.129195,0.000000,synthetic_chat_design_preset
7.32,0.866500,0.732000,0.134500,0.000000,synthetic_chat_design_preset
7.33,0.871331,0.733000,0.138331,0.000000,synthetic_chat_design_preset
7.34,0.874647,0.734000,0.140647,0.000000,synthetic_chat_design_preset
7.35,0.876421,0.735000,0.141421,0.000000,synthetic_chat_design_preset
7.36,0.876647,0.736000,0.140647,0.000000,synthetic_chat_design_preset
7.37,0.875331,0.737000,0.138331,0.000000,synthetic_chat_design_preset
7.38,0.872500,0.738000,0.134500,0.000000,synthetic_chat_design_preset
7.39,0.868195,0.739000,0.129195,0.000000,synthetic_chat_design_preset
7.40,0.862474,0.740000,0.122474,0.000000,synthetic_chat_design_preset
7.41,0.855412,0.741000,0.114412,0.000000,synthetic_chat_design_preset
7.42,0.847097,0.742000,0.105097,0.000000,synthetic_chat_design_preset
7.43,0.837629,0.743000,0.094629,0.000000,synthetic_chat_design_preset
7.44,0.827125,0.744000,0.083125,0.000000,synthetic_chat_design_preset
7.45,0.815711,0.745000,0.070711,0.000000,synthetic_chat_design_preset
7.46,0.803521,0.746000,0.057521,0.000000,synthetic_chat_design_preset
7.47,0.790702,0.747000,0.043702,0.000000,synthetic_chat_design_preset
7.48,0.777403,0.748000,0.029403,0.000000,synthetic_chat_design_preset
7.49,0.763783,0.749000,0.014783,0.000000,synthetic_chat_design_preset
7.50,0.750000,0.750000,-0.000000,0.000000,synthetic_chat_design_preset
7.51,0.736217,0.751000,-0.014783,0.000000,synthetic_chat_design_preset
7.52,0.722597,0.752000,-0.029403,0.000000,synthetic_chat_design_preset
7.53,0.709298,0.753000,-0.043702,0.000000,synthetic_chat_design_preset
7.54,0.696479,0.754000,-0.057521,0.000000,synthetic_chat_design_preset
7.55,0.684289,0.755000,-0.070711,0.000000,synthetic_chat_design_preset
7.56,0.672875,0.756000,-0.083125,0.000000,synthetic_chat_design_preset
7.57,0.662371,0.757000,-0.094629,0.000000,synthetic_chat_design_preset
7.58,0.652903,0.758000,-0.105097,0.000000,synthetic_chat_design_preset
7.59,0.644588,0.759000,-0.114412,0.000000,synthetic_chat_design_preset
7.60,0.637526,0.760000,-0.122474,0.000000,synthetic_chat_design_preset
7.61,0.631805,0.761000,-0.129195,0.000000,synthetic_chat_design_preset
7.62,0.627500,0.762000,-0.134500,0.000000,synthetic_chat_design_preset
7.63,0.624669,0.763000,-0.138331,0.000000,synthetic_chat_design_preset
7.64,0.623353,0.764000,-0.140647,0.000000,synthetic_chat_design_preset
7.65,0.623579,0.765000,-0.141421,0.000000,synthetic_chat_design_preset
7.66,0.625353,0.766000,-0.140647,0.000000,synthetic_chat_design_preset
7.67,0.628669,0.767000,-0.138331,0.000000,synthetic_chat_design_preset
7.68,0.633500,0.768000,-0.134500,0.000000,synthetic_chat_design_preset
7.69,0.639805,0.769000,-0.129195,0.000000,synthetic_chat_design_preset
7.70,0.647526,0.770000,-0.122474,0.000000,synthetic_chat_design_preset
7.71,0.656588,0.771000,-0.114412,0.000000,synthetic_chat_design_preset
7.72,0.666903,0.772000,-0.105097,0.000000,synthetic_chat_design_preset
7.73,0.678371,0.773000,-0.094629,0.000000,synthetic_chat_design_preset
7.74,0.690957,0.774000,-0.083125,0.000083,synthetic_chat_design_preset
7.75,0.704402,0.775000,-0.070711,0.000113,synthetic_chat_design_preset
7.76,0.718632,0.776000,-0.057521,0.000153,synthetic_chat_design_preset
7.77,0.733505,0.777000,-0.043702,0.000207,synthetic_chat_design_preset
7.78,0.748874,0.778000,-0.029403,0.000277,synthetic_chat_design_preset
7.79,0.764586,0.779000,-0.014783,0.000369,synthetic_chat_design_preset
7.80,0.780488,0.780000,0.000000,0.000488,synthetic_chat_design_preset
7.81,0.796425,0.781000,0.014783,0.000642,synthetic_chat_design_preset
7.82,0.812243,0.782000,0.029403,0.000840,synthetic_chat_design_preset
7.83,0.827793,0.783000,0.043702,0.001091,synthetic_chat_design_preset
7.84,0.842930,0.784000,0.057521,0.001409,synthetic_chat_design_preset
7.85,0.857519,0.785000,0.070711,0.001808,synthetic_chat_design_preset
7.86,0.871432,0.786000,0.083125,0.002307,synthetic_chat_design_preset
7.87,0.884553,0.787000,0.094629,0.002924,synthetic_chat_design_preset
7.88,0.896781,0.788000,0.105097,0.003684,synthetic_chat_design_preset
7.89,0.908026,0.789000,0.114412,0.004613,synthetic_chat_design_preset
7.90,0.918216,0.790000,0.122474,0.005741,synthetic_chat_design_preset
7.91,0.927296,0.791000,0.129195,0.007101,synthetic_chat_design_preset
7.92,0.935229,0.792000,0.134500,0.008729,synthetic_chat_design_preset
7.93,0.941995,0.793000,0.138331,0.010664,synthetic_chat_design_preset
7.94,0.947595,0.794000,0.140647,0.012948,synthetic_chat_design_preset
7.95,0.952046,0.795000,0.141421,0.015625,synthetic_chat_design_preset
7.96,0.955386,0.796000,0.140647,0.018739,synthetic_chat_design_preset
7.97,0.957668,0.797000,0.138331,0.022337,synthetic_chat_design_preset
7.98,0.958960,0.798000,0.134500,0.026461,synthetic_chat_design_preset
7.99,0.959349,0.799000,0.129195,0.031154,synthetic_chat_design_preset
8.00,0.958929,0.800000,0.122474,0.036454,synthetic_chat_design_preset
8.01,0.957806,0.801000,0.114412,0.042394,synthetic_chat_design_preset
8.02,0.956095,0.802000,0.105097,0.048999,synthetic_chat_design_preset
8.03,0.953914,0.803000,0.094629,0.056285,synthetic_chat_design_preset
8.04,0.951383,0.804000,0.083125,0.064257,synthetic_chat_design_preset
8.05,0.948619,0.805000,0.070711,0.072908,synthetic_chat_design_preset
8.06,0.945737,0.806000,0.057521,0.082216,synthetic_chat_design_preset
8.07,0.942843,0.807000,0.043702,0.092142,synthetic_chat_design_preset
8.08,0.940035,0.808000,0.029403,0.102632,synthetic_chat_design_preset
8.09,0.937397,0.809000,0.014783,0.113615,synthetic_chat_design_preset
8.10,0.935000,0.810000,0.000000,0.125000,synthetic_chat_design_preset
8.11,0.932899,0.811000,-0.014783,0.136681,synthetic_chat_design_preset
8.12,0.931133,0.812000,-0.029403,0.148536,synthetic_chat_design_preset
8.13,0.929727,0.813000,-0.043702,0.160428,synthetic_chat_design_preset
8.14,0.928687,0.814000,-0.057521,0.172208,synthetic_chat_design_preset
8.15,0.928006,0.815000,-0.070711,0.183717,synthetic_chat_design_preset
8.16,0.927666,0.816000,-0.083125,0.194791,synthetic_chat_design_preset
8.17,0.927635,0.817000,-0.094629,0.205264,synthetic_chat_design_preset
8.18,0.927876,0.818000,-0.105097,0.214972,synthetic_chat_design_preset
8.19,0.928344,0.819000,-0.114412,0.223756,synthetic_chat_design_preset
8.20,0.928994,0.820000,-0.122474,0.231469,synthetic_chat_design_preset
8.21,0.929781,0.821000,-0.129195,0.237976,synthetic_chat_design_preset
8.22,0.930664,0.822000,-0.134500,0.243164,synthetic_chat_design_preset
8.23,0.931607,0.823000,-0.138331,0.246938,synthetic_chat_design_preset
8.24,0.932584,0.824000,-0.140647,0.249231,synthetic_chat_design_preset
8.25,0.933579,0.825000,-0.141421,0.250000,synthetic_chat_design_preset
8.26,0.934584,0.826000,-0.140647,0.249231,synthetic_chat_design_preset
8.27,0.935607,0.827000,-0.138331,0.246938,synthetic_chat_design_preset
8.28,0.936664,0.828000,-0.134500,0.243164,synthetic_chat_design_preset
8.29,0.937781,0.829000,-0.129195,0.237976,synthetic_chat_design_preset
8.30,0.938994,0.830000,-0.122474,0.231469,synthetic_chat_design_preset
8.31,0.940344,0.831000,-0.114412,0.223756,synthetic_chat_design_preset
8.32,0.941876,0.832000,-0.105097,0.214972,synthetic_chat_design_preset
8.33,0.943635,0.833000,-0.094629,0.205264,synthetic_chat_design_preset
8.34,0.945666,0.834000,-0.083125,0.194791,synthetic_chat_design_preset
8.35,0.948006,0.835000,-0.070711,0.183717,synthetic_chat_design_preset
8.36,0.950687,0.836000,-0.057521,0.172208,synthetic_chat_design_preset
8.37,0.953727,0.837000,-0.043702,0.160428,synthetic_chat_design_preset
8.38,0.957133,0.838000,-0.029403,0.148536,synthetic_chat_design_preset
8.39,0.960899,0.839000,-0.014783,0.136681,synthetic_chat_design_preset
8.40,0.965000,0.840000,-0.000000,0.125000,synthetic_chat_design_preset
8.41,0.969397,0.841000,0.014783,0.113615,synthetic_chat_design_preset
8.42,0.974035,0.842000,0.029403,0.102632,synthetic_chat_design_preset
8.43,0.978843,0.843000,0.043702,0.092142,synthetic_chat_design_preset
8.44,0.983737,0.844000,0.057521,0.082216,synthetic_chat_design_preset
8.45,0.988619,0.845000,0.070711,0.072908,synthetic_chat_design_preset
8.46,0.993383,0.846000,0.083125,0.064257,synthetic_chat_design_preset
8.47,0.997914,0.847000,0.094629,0.056285,synthetic_chat_design_preset
8.48,1.002095,0.848000,0.105097,0.048999,synthetic_chat_design_preset
8.49,1.005806,0.849000,0.114412,0.042394,synthetic_chat_design_preset
8.50,1.008929,0.850000,0.122474,0.036454,synthetic_chat_design_preset
8.51,1.011349,0.851000,0.129195,0.031154,synthetic_chat_design_preset
8.52,1.012960,0.852000,0.134500,0.026461,synthetic_chat_design_preset
8.53,1.013668,0.853000,0.138331,0.022337,synthetic_chat_design_preset
8.54,1.013386,0.854000,0.140647,0.018739,synthetic_chat_design_preset
8.55,1.012046,0.855000,0.141421,0.015625,synthetic_chat_design_preset
8.56,1.009595,0.856000,0.140647,0.012948,synthetic_chat_design_preset
8.57,1.005995,0.857000,0.138331,0.010664,synthetic_chat_design_preset
8.58,1.001229,0.858000,0.134500,0.008729,synthetic_chat_design_preset
8.59,0.995296,0.859000,0.129195,0.007101,synthetic_chat_design_preset
8.60,0.988216,0.860000,0.122474,0.005741,synthetic_chat_design_preset
8.61,0.980026,0.861000,0.114412,0.004613,synthetic_chat_design_preset
8.62,0.970781,0.862000,0.105097,0.003684,synthetic_chat_design_preset
8.63,0.960553,0.863000,0.094629,0.002924,synthetic_chat_design_preset
8.64,0.949432,0.864000,0.083125,0.002307,synthetic_chat_design_preset
8.65,0.937519,0.865000,0.070711,0.001808,synthetic_chat_design_preset
8.66,0.924930,0.866000,0.057521,0.001409,synthetic_chat_design_preset
8.67,0.911793,0.867000,0.043702,0.001091,synthetic_chat_design_preset
8.68,0.898243,0.868000,0.029403,0.000840,synthetic_chat_design_preset
8.69,0.884425,0.869000,0.014783,0.000642,synthetic_chat_design_preset
8.70,0.870488,0.870000,-0.000000,0.000488,synthetic_chat_design_preset
8.71,0.856586,0.871000,-0.014783,0.000369,synthetic_chat_design_preset
8.72,0.842874,0.872000,-0.029403,0.000277,synthetic_chat_design_preset
8.73,0.829505,0.873000,-0.043702,0.000207,synthetic_chat_design_preset
8.74,0.816632,0.874000,-0.057521,0.000153,synthetic_chat_design_preset
8.75,0.804402,0.875000,-0.070711,0.000113,synthetic_chat_design_preset
8.76,0.792875,0.876000,-0.083125,0.000000,synthetic_chat_design_preset
8.77,0.782371,0.877000,-0.094629,0.000000,synthetic_chat_design_preset
8.78,0.772903,0.878000,-0.105097,0.000000,synthetic_chat_design_preset
8.79,0.764588,0.879000,-0.114412,0.000000,synthetic_chat_design_preset
8.80,0.757526,0.880000,-0.122474,0.000000,synthetic_chat_design_preset
8.81,0.751805,0.881000,-0.129195,0.000000,synthetic_chat_design_preset
8.82,0.747500,0.882000,-0.134500,0.000000,synthetic_chat_design_preset
8.83,0.744669,0.883000,-0.138331,0.000000,synthetic_chat_design_preset
8.84,0.743353,0.884000,-0.140647,0.000000,synthetic_chat_design_preset
8.85,0.743579,0.885000,-0.141421,0.000000,synthetic_chat_design_preset
8.86,0.745353,0.886000,-0.140647,0.000000,synthetic_chat_design_preset
8.87,0.748669,0.887000,-0.138331,0.000000,synthetic_chat_design_preset
8.88,0.753500,0.888000,-0.134500,0.000000,synthetic_chat_design_preset
8.89,0.759805,0.889000,-0.129195,0.000000,synthetic_chat_design_preset
8.90,0.767526,0.890000,-0.122474,0.000000,synthetic_chat_design_preset
8.91,0.776588,0.891000,-0.114412,0.000000,synthetic_chat_design_preset
8.92,0.786903,0.892000,-0.105097,0.000000,synthetic_chat_design_preset
8.93,0.798371,0.893000,-0.094629,0.000000,synthetic_chat_design_preset
8.94,0.810875,0.894000,-0.083125,0.000000,synthetic_chat_design_preset
8.95,0.824289,0.895000,-0.070711,0.000000,synthetic_chat_design_preset
8.96,0.838479,0.896000,-0.057521,0.000000,synthetic_chat_design_preset
8.97,0.853298,0.897000,-0.043702,0.000000,synthetic_chat_design_preset
8.98,0.868597,0.898000,-0.029403,0.000000,synthetic_chat_design_preset
8.99,0.884217,0.899000,-0.014783,0.000000,synthetic_chat_design_preset
9.00,0.900000,0.900000,0.000000,0.000000,synthetic_chat_design_preset
9.01,0.915783,0.901000,0.014783,0.000000,synthetic_chat_design_preset
9.02,0.931403,0.902000,0.029403,0.000000,synthetic_chat_design_preset
9.03,0.946702,0.903000,0.043702,0.000000,synthetic_chat_design_preset
9.04,0.961521,0.904000,0.057521,0.000000,synthetic_chat_design_preset
9.05,0.975711,0.905000,0.070711,0.000000,synthetic_chat_design_preset
9.06,0.989125,0.906000,0.083125,0.000000,synthetic_chat_design_preset
9.07,1.001629,0.907000,0.094629,0.000000,synthetic_chat_design_preset
9.08,1.013097,0.908000,0.105097,0.000000,synthetic_chat_design_preset
9.09,1.023412,0.909000,0.114412,0.000000,synthetic_chat_design_preset
9.10,1.032474,0.910000,0.122474,0.000000,synthetic_chat_design_preset
9.11,1.040195,0.911000,0.129195,0.000000,synthetic_chat_design_preset
9.12,1.046500,0.912000,0.134500,0.000000,synthetic_chat_design_preset
9.13,1.051331,0.913000,0.138331,0.000000,synthetic_chat_design_preset
9.14,1.054647,0.914000,0.140647,0.000000,synthetic_chat_design_preset
9.15,1.056421,0.915000,0.141421,0.000000,synthetic_chat_design_preset
9.16,1.056647,0.916000,0.140647,0.000000,synthetic_chat_design_preset
9.17,1.055331,0.917000,0.138331,0.000000,synthetic_chat_design_preset
9.18,1.052500,0.918000,0.134500,0.000000,synthetic_chat_design_preset
9.19,1.048195,0.919000,0.129195,0.000000,synthetic_chat_design_preset
9.20,1.042474,0.920000,0.122474,0.000000,synthetic_chat_design_preset
9.21,1.035412,0.921000,0.114412,0.000000,synthetic_chat_design_preset
9.22,1.027097,0.922000,0.105097,0.000000,synthetic_chat_design_preset
9.23,1.017629,0.923000,0.094629,0.000000,synthetic_chat_design_preset
9.24,1.007208,0.924000,0.083125,0.000083,synthetic_chat_design_preset
9.25,0.995824,0.925000,0.070711,0.000113,synthetic_chat_design_preset
9.26,0.983675,0.926000,0.057521,0.000153,synthetic_chat_design_preset
9.27,0.970908,0.927000,0.043702,0.000207,synthetic_chat_design_preset
9.28,0.957680,0.928000,0.029403,0.000277,synthetic_chat_design_preset
9.29,0.944151,0.929000,0.014783,0.000369,synthetic_chat_design_preset
9.30,0.930488,0.930000,-0.000000,0.000488,synthetic_chat_design_preset
9.31,0.916860,0.931000,-0.014783,0.000642,synthetic_chat_design_preset
9.32,0.903437,0.932000,-0.029403,0.000840,synthetic_chat_design_preset
9.33,0.890389,0.933000,-0.043702,0.001091,synthetic_chat_design_preset
9.34,0.877888,0.934000,-0.057521,0.001409,synthetic_chat_design_preset
9.35,0.866098,0.935000,-0.070711,0.001808,synthetic_chat_design_preset
9.36,0.855181,0.936000,-0.083125,0.002307,synthetic_chat_design_preset
9.37,0.845295,0.937000,-0.094629,0.002924,synthetic_chat_design_preset
9.38,0.836588,0.938000,-0.105097,0.003684,synthetic_chat_design_preset
9.39,0.829201,0.939000,-0.114412,0.004613,synthetic_chat_design_preset
9.40,0.823267,0.940000,-0.122474,0.005741,synthetic_chat_design_preset
9.41,0.818906,0.941000,-0.129195,0.007101,synthetic_chat_design_preset
9.42,0.816229,0.942000,-0.134500,0.008729,synthetic_chat_design_preset
9.43,0.815333,0.943000,-0.138331,0.010664,synthetic_chat_design_preset
9.44,0.816302,0.944000,-0.140647,0.012948,synthetic_chat_design_preset
9.45,0.819204,0.945000,-0.141421,0.015625,synthetic_chat_design_preset
9.46,0.824093,0.946000,-0.140647,0.018739,synthetic_chat_design_preset
9.47,0.831006,0.947000,-0.138331,0.022337,synthetic_chat_design_preset
9.48,0.839961,0.948000,-0.134500,0.026461,synthetic_chat_design_preset
9.49,0.850959,0.949000,-0.129195,0.031154,synthetic_chat_design_preset
9.50,0.863980,0.950000,-0.122474,0.036454,synthetic_chat_design_preset
9.51,0.878982,0.951000,-0.114412,0.042394,synthetic_chat_design_preset
9.52,0.895902,0.952000,-0.105097,0.048999,synthetic_chat_design_preset
9.53,0.914655,0.953000,-0.094629,0.056285,synthetic_chat_design_preset
9.54,0.935132,0.954000,-0.083125,0.064257,synthetic_chat_design_preset
9.55,0.957197,0.955000,-0.070711,0.072908,synthetic_chat_design_preset
9.56,0.980694,0.956000,-0.057521,0.082216,synthetic_chat_design_preset
9.57,1.005440,0.957000,-0.043702,0.092142,synthetic_chat_design_preset
9.58,1.031229,0.958000,-0.029403,0.102632,synthetic_chat_design_preset
9.59,1.057832,0.959000,-0.014783,0.113615,synthetic_chat_design_preset
9.60,1.085000,0.960000,-0.000000,0.125000,synthetic_chat_design_preset
9.61,1.112464,0.961000,0.014783,0.136681,synthetic_chat_design_preset
9.62,1.139940,0.962000,0.029403,0.148536,synthetic_chat_design_preset
9.63,1.167130,0.963000,0.043702,0.160428,synthetic_chat_design_preset
9.64,1.193729,0.964000,0.057521,0.172208,synthetic_chat_design_preset
9.65,1.219427,0.965000,0.070711,0.183717,synthetic_chat_design_preset
9.66,1.243917,0.966000,0.083125,0.194791,synthetic_chat_design_preset
9.67,1.266894,0.967000,0.094629,0.205264,synthetic_chat_design_preset
9.68,1.288069,0.968000,0.105097,0.214972,synthetic_chat_design_preset
9.69,1.307169,0.969000,0.114412,0.223756,synthetic_chat_design_preset
9.70,1.323943,0.970000,0.122474,0.231469,synthetic_chat_design_preset
9.71,1.338171,0.971000,0.129195,0.237976,synthetic_chat_design_preset
9.72,1.349663,0.972000,0.134500,0.243164,synthetic_chat_design_preset
9.73,1.358269,0.973000,0.138331,0.246938,synthetic_chat_design_preset
9.74,1.363878,0.974000,0.140647,0.249231,synthetic_chat_design_preset
9.75,1.366421,0.975000,0.141421,0.250000,synthetic_chat_design_preset
9.76,1.365878,0.976000,0.140647,0.249231,synthetic_chat_design_preset
9.77,1.362269,0.977000,0.138331,0.246938,synthetic_chat_design_preset
9.78,1.355663,0.978000,0.134500,0.243164,synthetic_chat_design_preset
9.79,1.346171,0.979000,0.129195,0.237976,synthetic_chat_design_preset
9.80,1.333943,0.980000,0.122474,0.231469,synthetic_chat_design_preset
9.81,1.319169,0.981000,0.114412,0.223756,synthetic_chat_design_preset
9.82,1.302069,0.982000,0.105097,0.214972,synthetic_chat_design_preset
9.83,1.282894,0.983000,0.094629,0.205264,synthetic_chat_design_preset
9.84,1.261917,0.984000,0.083125,0.194791,synthetic_chat_design_preset
9.85,1.239427,0.985000,0.070711,0.183717,synthetic_chat_design_preset
9.86,1.215729,0.986000,0.057521,0.172208,synthetic_chat_design_preset
9.87,1.191130,0.987000,0.043702,0.160428,synthetic_chat_design_preset
9.88,1.165940,0.988000,0.029403,0.148536,synthetic_chat_design_preset
9.89,1.140464,0.989000,0.014783,0.136681,synthetic_chat_design_preset
9.90,1.115000,0.990000,0.000000,0.125000,synthetic_chat_design_preset
9.91,1.089832,0.991000,-0.014783,0.113615,synthetic_chat_design_preset
9.92,1.065229,0.992000,-0.029403,0.102632,synthetic_chat_design_preset
9.93,1.041440,0.993000,-0.043702,0.092142,synthetic_chat_design_preset
9.94,1.018694,0.994000,-0.057521,0.082216,synthetic_chat_design_preset
9.95,0.997197,0.995000,-0.070711,0.072908,synthetic_chat_design_preset
9.96,0.977132,0.996000,-0.083125,0.064257,synthetic_chat_design_preset
9.97,0.958655,0.997000,-0.094629,0.056285,synthetic_chat_design_preset
9.98,0.941902,0.998000,-0.105097,0.048999,synthetic_chat_design_preset
9.99,0.926982,0.999000,-0.114412,0.042394,synthetic_chat_design_preset
10.00,0.913980,1.000000,-0.122474,0.036454,synthetic_chat_design_preset
10.01,0.902959,1.001000,-0.129195,0.031154,synthetic_chat_design_preset
10.02,0.893961,1.002000,-0.134500,0.026461,synthetic_chat_design_preset
10.03,0.887006,1.003000,-0.138331,0.022337,synthetic_chat_design_preset
10.04,0.882093,1.004000,-0.140647,0.018739,synthetic_chat_design_preset
10.05,0.879204,1.005000,-0.141421,0.015625,synthetic_chat_design_preset
10.06,0.878302,1.006000,-0.140647,0.012948,synthetic_chat_design_preset
10.07,0.879333,1.007000,-0.138331,0.010664,synthetic_chat_design_preset
10.08,0.882229,1.008000,-0.134500,0.008729,synthetic_chat_design_preset
10.09,0.886906,1.009000,-0.129195,0.007101,synthetic_chat_design_preset
10.10,0.893267,1.010000,-0.122474,0.005741,synthetic_chat_design_preset
10.11,0.901201,1.011000,-0.114412,0.004613,synthetic_chat_design_preset
10.12,0.910588,1.012000,-0.105097,0.003684,synthetic_chat_design_preset
10.13,0.921295,1.013000,-0.094629,0.002924,synthetic_chat_design_preset
10.14,0.933181,1.014000,-0.083125,0.002307,synthetic_chat_design_preset
10.15,0.946098,1.015000,-0.070711,0.001808,synthetic_chat_design_preset
10.16,0.959888,1.016000,-0.057521,0.001409,synthetic_chat_design_preset
10.17,0.974389,1.017000,-0.043702,0.001091,synthetic_chat_design_preset
10.18,0.989437,1.018000,-0.029403,0.000840,synthetic_chat_design_preset
10.19,1.004860,1.019000,-0.014783,0.000642,synthetic_chat_design_preset
10.20,1.020488,1.020000,0.000000,0.000488,synthetic_chat_design_preset
10.21,1.036151,1.021000,0.014783,0.000369,synthetic_chat_design_preset
10.22,1.051680,1.022000,0.029403,0.000277,synthetic_chat_design_preset
10.23,1.066908,1.023000,0.043702,0.000207,synthetic_chat_design_preset
10.24,1.081675,1.024000,0.057521,0.000153,synthetic_chat_design_preset
10.25,1.095824,1.025000,0.070711,0.000113,synthetic_chat_design_preset
10.26,1.109125,1.026000,0.083125,0.000000,synthetic_chat_design_preset
10.27,1.121629,1.027000,0.094629,0.000000,synthetic_chat_design_preset
10.28,1.133097,1.028000,0.105097,0.000000,synthetic_chat_design_preset
10.29,1.143412,1.029000,0.114412,0.000000,synthetic_chat_design_preset
10.30,1.152474,1.030000,0.122474,0.000000,synthetic_chat_design_preset
10.31,1.160195,1.031000,0.129195,0.000000,synthetic_chat_design_preset
10.32,1.166500,1.032000,0.134500,0.000000,synthetic_chat_design_preset
10.33,1.171331,1.033000,0.138331,0.000000,synthetic_chat_design_preset
10.34,1.174647,1.034000,0.140647,0.000000,synthetic_chat_design_preset
10.35,1.176421,1.035000,0.141421,0.000000,synthetic_chat_design_preset
10.36,1.176647,1.036000,0.140647,0.000000,synthetic_chat_design_preset
10.37,1.175331,1.037000,0.138331,0.000000,synthetic_chat_design_preset
10.38,1.172500,1.038000,0.134500,0.000000,synthetic_chat_design_preset
10.39,1.168195,1.039000,0.129195,0.000000,synthetic_chat_design_preset
10.40,1.162474,1.040000,0.122474,0.000000,synthetic_chat_design_preset
10.41,1.155412,1.041000,0.114412,0.000000,synthetic_chat_design_preset
10.42,1.147097,1.042000,0.105097,0.000000,synthetic_chat_design_preset
10.43,1.137629,1.043000,0.094629,0.000000,synthetic_chat_design_preset
10.44,1.127125,1.044000,0.083125,0.000000,synthetic_chat_design_preset
10.45,1.115711,1.045000,0.070711,0.000000,synthetic_chat_design_preset
10.46,1.103521,1.046000,0.057521,0.000000,synthetic_chat_design_preset
10.47,1.090702,1.047000,0.043702,0.000000,synthetic_chat_design_preset
10.48,1.077403,1.048000,0.029403,0.000000,synthetic_chat_design_preset
10.49,1.063783,1.049000,0.014783,0.000000,synthetic_chat_design_preset
10.50,1.050000,1.050000,-0.000000,0.000000,synthetic_chat_design_preset
10.51,1.036217,1.051000,-0.014783,0.000000,synthetic_chat_design_preset
10.52,1.022597,1.052000,-0.029403,0.000000,synthetic_chat_design_preset
10.53,1.009298,1.053000,-0.043702,0.000000,synthetic_chat_design_preset
10.54,0.996479,1.054000,-0.057521,0.000000,synthetic_chat_design_preset
10.55,0.984289,1.055000,-0.070711,0.000000,synthetic_chat_design_preset
10.56,0.972875,1.056000,-0.083125,0.000000,synthetic_chat_design_preset
10.57,0.962371,1.057000,-0.094629,0.000000,synthetic_chat_design_preset
10.58,0.952903,1.058000,-0.105097,0.000000,synthetic_chat_design_preset
10.59,0.944588,1.059000,-0.114412,0.000000,synthetic_chat_design_preset
10.60,0.937526,1.060000,-0.122474,0.000000,synthetic_chat_design_preset
10.61,0.931805,1.061000,-0.129195,0.000000,synthetic_chat_design_preset
10.62,0.927500,1.062000,-0.134500,0.000000,synthetic_chat_design_preset
10.63,0.924669,1.063000,-0.138331,0.000000,synthetic_chat_design_preset
10.64,0.923353,1.064000,-0.140647,0.000000,synthetic_chat_design_preset
10.65,0.923579,1.065000,-0.141421,0.000000,synthetic_chat_design_preset
10.66,0.925353,1.066000,-0.140647,0.000000,synthetic_chat_design_preset
10.67,0.928669,1.067000,-0.138331,0.000000,synthetic_chat_design_preset
10.68,0.933500,1.068000,-0.134500,0.000000,synthetic_chat_design_preset
10.69,0.939805,1.069000,-0.129195,0.000000,synthetic_chat_design_preset
10.70,0.947526,1.070000,-0.122474,0.000000,synthetic_chat_design_preset
10.71,0.956588,1.071000,-0.114412,0.000000,synthetic_chat_design_preset
10.72,0.966903,1.072000,-0.105097,0.000000,synthetic_chat_design_preset
10.73,0.978371,1.073000,-0.094629,0.000000,synthetic_chat_design_preset
10.74,0.990957,1.074000,-0.083125,0.000083,synthetic_chat_design_preset
10.75,1.004402,1.075000,-0.070711,0.000113,synthetic_chat_design_preset
10.76,1.018632,1.076000,-0.057521,0.000153,synthetic_chat_design_preset
10.77,1.033505,1.077000,-0.043702,0.000207,synthetic_chat_design_preset
10.78,1.048874,1.078000,-0.029403,0.000277,synthetic_chat_design_preset
10.79,1.064586,1.079000,-0.014783,0.000369,synthetic_chat_design_preset
10.80,1.080488,1.080000,-0.000000,0.000488,synthetic_chat_design_preset
10.81,1.096425,1.081000,0.014783,0.000642,synthetic_chat_design_preset
10.82,1.112243,1.082000,0.029403,0.000840,synthetic_chat_design_preset
10.83,1.127793,1.083000,0.043702,0.001091,synthetic_chat_design_preset
10.84,1.142930,1.084000,0.057521,0.001409,synthetic_chat_design_preset
10.85,1.157519,1.085000,0.070711,0.001808,synthetic_chat_design_preset
10.86,1.171432,1.086000,0.083125,0.002307,synthetic_chat_design_preset
10.87,1.184553,1.087000,0.094629,0.002924,synthetic_chat_design_preset
10.88,1.196781,1.088000,0.105097,0.003684,synthetic_chat_design_preset
10.89,1.208026,1.089000,0.114412,0.004613,synthetic_chat_design_preset
10.90,1.218216,1.090000,0.122474,0.005741,synthetic_chat_design_preset
10.91,1.227296,1.091000,0.129195,0.007101,synthetic_chat_design_preset
10.92,1.235229,1.092000,0.134500,0.008729,synthetic_chat_design_preset
10.93,1.241995,1.093000,0.138331,0.010664,synthetic_chat_design_preset
10.94,1.247595,1.094000,0.140647,0.012948,synthetic_chat_design_preset
10.95,1.252046,1.095000,0.141421,0.015625,synthetic_chat_design_preset
10.96,1.255386,1.096000,0.140647,0.018739,synthetic_chat_design_preset
10.97,1.257668,1.097000,0.138331,0.022337,synthetic_chat_design_preset
10.98,1.258960,1.098000,0.134500,0.026461,synthetic_chat_design_preset
10.99,1.259349,1.099000,0.129195,0.031154,synthetic_chat_design_preset
11.00,1.258929,1.100000,0.122474,0.036454,synthetic_chat_design_preset
11.01,1.257806,1.101000,0.114412,0.042394,synthetic_chat_design_preset
11.02,1.256095,1.102000,0.105097,0.048999,synthetic_chat_design_preset
11.03,1.253914,1.103000,0.094629,0.056285,synthetic_chat_design_preset
11.04,1.251383,1.104000,0.083125,0.064257,synthetic_chat_design_preset
11.05,1.248619,1.105000,0.070711,0.072908,synthetic_chat_design_preset
11.06,1.245737,1.106000,0.057521,0.082216,synthetic_chat_design_preset
11.07,1.242843,1.107000,0.043702,0.092142,synthetic_chat_design_preset
11.08,1.240035,1.108000,0.029403,0.102632,synthetic_chat_design_preset
11.09,1.237397,1.109000,0.014783,0.113615,synthetic_chat_design_preset
11.10,1.235000,1.110000,0.000000,0.125000,synthetic_chat_design_preset
11.11,1.232899,1.111000,-0.014783,0.136681,synthetic_chat_design_preset
11.12,1.231133,1.112000,-0.029403,0.148536,synthetic_chat_design_preset
11.13,1.229727,1.113000,-0.043702,0.160428,synthetic_chat_design_preset
11.14,1.228687,1.114000,-0.057521,0.172208,synthetic_chat_design_preset
11.15,1.228006,1.115000,-0.070711,0.183717,synthetic_chat_design_preset
11.16,1.227666,1.116000,-0.083125,0.194791,synthetic_chat_design_preset
11.17,1.227635,1.117000,-0.094629,0.205264,synthetic_chat_design_preset
11.18,1.227876,1.118000,-0.105097,0.214972,synthetic_chat_design_preset
11.19,1.228344,1.119000,-0.114412,0.223756,synthetic_chat_design_preset
11.20,1.228994,1.120000,-0.122474,0.231469,synthetic_chat_design_preset
11.21,1.229781,1.121000,-0.129195,0.237976,synthetic_chat_design_preset
11.22,1.230664,1.122000,-0.134500,0.243164,synthetic_chat_design_preset
11.23,1.231607,1.123000,-0.138331,0.246938,synthetic_chat_design_preset
11.24,1.232584,1.124000,-0.140647,0.249231,synthetic_chat_design_preset
11.25,1.233579,1.125000,-0.141421,0.250000,synthetic_chat_design_preset
11.26,1.234584,1.126000,-0.140647,0.249231,synthetic_chat_design_preset
11.27,1.235607,1.127000,-0.138331,0.246938,synthetic_chat_design_preset
11.28,1.236664,1.128000,-0.134500,0.243164,synthetic_chat_design_preset
11.29,1.237781,1.129000,-0.129195,0.237976,synthetic_chat_design_preset
11.30,1.238994,1.130000,-0.122474,0.231469,synthetic_chat_design_preset
11.31,1.240344,1.131000,-0.114412,0.223756,synthetic_chat_design_preset
11.32,1.241876,1.132000,-0.105097,0.214972,synthetic_chat_design_preset
11.33,1.243635,1.133000,-0.094629,0.205264,synthetic_chat_design_preset
11.34,1.245666,1.134000,-0.083125,0.194791,synthetic_chat_design_preset
11.35,1.248006,1.135000,-0.070711,0.183717,synthetic_chat_design_preset
11.36,1.250687,1.136000,-0.057521,0.172208,synthetic_chat_design_preset
11.37,1.253727,1.137000,-0.043702,0.160428,synthetic_chat_design_preset
11.38,1.257133,1.138000,-0.029403,0.148536,synthetic_chat_design_preset
11.39,1.260899,1.139000,-0.014783,0.136681,synthetic_chat_design_preset
11.40,1.265000,1.140000,0.000000,0.125000,synthetic_chat_design_preset
11.41,1.269397,1.141000,0.014783,0.113615,synthetic_chat_design_preset
11.42,1.274035,1.142000,0.029403,0.102632,synthetic_chat_design_preset
11.43,1.278843,1.143000,0.043702,0.092142,synthetic_chat_design_preset
11.44,1.283737,1.144000,0.057521,0.082216,synthetic_chat_design_preset
11.45,1.288619,1.145000,0.070711,0.072908,synthetic_chat_design_preset
11.46,1.293383,1.146000,0.083125,0.064257,synthetic_chat_design_preset
11.47,1.297914,1.147000,0.094629,0.056285,synthetic_chat_design_preset
11.48,1.302095,1.148000,0.105097,0.048999,synthetic_chat_design_preset
11.49,1.305806,1.149000,0.114412,0.042394,synthetic_chat_design_preset
11.50,1.308929,1.150000,0.122474,0.036454,synthetic_chat_design_preset
11.51,1.311349,1.151000,0.129195,0.031154,synthetic_chat_design_preset
11.52,1.312960,1.152000,0.134500,0.026461,synthetic_chat_design_preset
11.53,1.313668,1.153000,0.138331,0.022337,synthetic_chat_design_preset
11.54,1.313386,1.154000,0.140647,0.018739,synthetic_chat_design_preset
11.55,1.312046,1.155000,0.141421,0.015625,synthetic_chat_design_preset
11.56,1.309595,1.156000,0.140647,0.012948,synthetic_chat_design_preset
11.57,1.305995,1.157000,0.138331,0.010664,synthetic_chat_design_preset
11.58,1.301229,1.158000,0.134500,0.008729,synthetic_chat_design_preset
11.59,1.295296,1.159000,0.129195,0.007101,synthetic_chat_design_preset
11.60,1.288216,1.160000,0.122474,0.005741,synthetic_chat_design_preset
11.61,1.280026,1.161000,0.114412,0.004613,synthetic_chat_design_preset
11.62,1.270781,1.162000,0.105097,0.003684,synthetic_chat_design_preset
11.63,1.260553,1.163000,0.094629,0.002924,synthetic_chat_design_preset
11.64,1.249432,1.164000,0.083125,0.002307,synthetic_chat_design_preset
11.65,1.237519,1.165000,0.070711,0.001808,synthetic_chat_design_preset
11.66,1.224930,1.166000,0.057521,0.001409,synthetic_chat_design_preset
11.67,1.211793,1.167000,0.043702,0.001091,synthetic_chat_design_preset
11.68,1.198243,1.168000,0.029403,0.000840,synthetic_chat_design_preset
11.69,1.184425,1.169000,0.014783,0.000642,synthetic_chat_design_preset
11.70,1.170488,1.170000,-0.000000,0.000488,synthetic_chat_design_preset
11.71,1.156586,1.171000,-0.014783,0.000369,synthetic_chat_design_preset
11.72,1.142874,1.172000,-0.029403,0.000277,synthetic_chat_design_preset
11.73,1.129505,1.173000,-0.043702,0.000207,synthetic_chat_design_preset
11.74,1.116632,1.174000,-0.057521,0.000153,synthetic_chat_design_preset
11.75,1.104402,1.175000,-0.070711,0.000113,synthetic_chat_design_preset
11.76,1.092875,1.176000,-0.083125,0.000000,synthetic_chat_design_preset
11.77,1.082371,1.177000,-0.094629,0.000000,synthetic_chat_design_preset
11.78,1.072903,1.178000,-0.105097,0.000000,synthetic_chat_design_preset
11.79,1.064588,1.179000,-0.114412,0.000000,synthetic_chat_design_preset
11.80,1.057526,1.180000,-0.122474,0.000000,synthetic_chat_design_preset
11.81,1.051805,1.181000,-0.129195,0.000000,synthetic_chat_design_preset
11.82,1.047500,1.182000,-0.134500,0.000000,synthetic_chat_design_preset
11.83,1.044669,1.183000,-0.138331,0.000000,synthetic_chat_design_preset
11.84,1.043353,1.184000,-0.140647,0.000000,synthetic_chat_design_preset
11.85,1.043579,1.185000,-0.141421,0.000000,synthetic_chat_design_preset
11.86,1.045353,1.186000,-0.140647,0.000000,synthetic_chat_design_preset
11.87,1.048669,1.187000,-0.138331,0.000000,synthetic_chat_design_preset
11.88,1.053500,1.188000,-0.134500,0.000000,synthetic_chat_design_preset
11.89,1.059805,1.189000,-0.129195,0.000000,synthetic_chat_design_preset
11.90,1.067526,1.190000,-0.122474,0.000000,synthetic_chat_design_preset
11.91,1.076588,1.191000,-0.114412,0.000000,synthetic_chat_design_preset
11.92,1.086903,1.192000,-0.105097,0.000000,synthetic_chat_design_preset
11.93,1.098371,1.193000,-0.094629,0.000000,synthetic_chat_design_preset
11.94,1.110875,1.194000,-0.083125,0.000000,synthetic_chat_design_preset
11.95,1.124289,1.195000,-0.070711,0.000000,synthetic_chat_design_preset
11.96,1.138479,1.196000,-0.057521,0.000000,synthetic_chat_design_preset
11.97,1.153298,1.197000,-0.043702,0.000000,synthetic_chat_design_preset
11.98,1.168597,1.198000,-0.029403,0.000000,synthetic_chat_design_preset
11.99,1.184217,1.199000,-0.014783,0.000000,synthetic_chat_design_preset
12.00,1.200000,1.200000,-0.000000,0.000000,synthetic_chat_design_preset
12.01,1.215783,1.201000,0.014783,0.000000,synthetic_chat_design_preset
12.02,1.231403,1.202000,0.029403,0.000000,synthetic_chat_design_preset
12.03,1.246702,1.203000,0.043702,0.000000,synthetic_chat_design_preset
12.04,1.261521,1.204000,0.057521,0.000000,synthetic_chat_design_preset
12.05,1.275711,1.205000,0.070711,0.000000,synthetic_chat_design_preset
12.06,1.289125,1.206000,0.083125,0.000000,synthetic_chat_design_preset
12.07,1.301629,1.207000,0.094629,0.000000,synthetic_chat_design_preset
12.08,1.313097,1.208000,0.105097,0.000000,synthetic_chat_design_preset
12.09,1.323412,1.209000,0.114412,0.000000,synthetic_chat_design_preset
12.10,1.332474,1.210000,0.122474,0.000000,synthetic_chat_design_preset
12.11,1.340195,1.211000,0.129195,0.000000,synthetic_chat_design_preset
12.12,1.346500,1.212000,0.134500,0.000000,synthetic_chat_design_preset
12.13,1.351331,1.213000,0.138331,0.000000,synthetic_chat_design_preset
12.14,1.354647,1.214000,0.140647,0.000000,synthetic_chat_design_preset
12.15,1.356421,1.215000,0.141421,0.000000,synthetic_chat_design_preset
12.16,1.356647,1.216000,0.140647,0.000000,synthetic_chat_design_preset
12.17,1.355331,1.217000,0.138331,0.000000,synthetic_chat_design_preset
12.18,1.352500,1.218000,0.134500,0.000000,synthetic_chat_design_preset
12.19,1.348195,1.219000,0.129195,0.000000,synthetic_chat_design_preset
12.20,1.342474,1.220000,0.122474,0.000000,synthetic_chat_design_preset
12.21,1.335412,1.221000,0.114412,0.000000,synthetic_chat_design_preset
12.22,1.327097,1.222000,0.105097,0.000000,synthetic_chat_design_preset
12.23,1.317629,1.223000,0.094629,0.000000,synthetic_chat_design_preset
12.24,1.307208,1.224000,0.083125,0.000083,synthetic_chat_design_preset
12.25,1.295824,1.225000,0.070711,0.000113,synthetic_chat_design_preset
12.26,1.283675,1.226000,0.057521,0.000153,synthetic_chat_design_preset
12.27,1.270908,1.227000,0.043702,0.000207,synthetic_chat_design_preset
12.28,1.257680,1.228000,0.029403,0.000277,synthetic_chat_design_preset
12.29,1.244151,1.229000,0.014783,0.000369,synthetic_chat_design_preset
12.30,1.230488,1.230000,-0.000000,0.000488,synthetic_chat_design_preset
12.31,1.216860,1.231000,-0.014783,0.000642,synthetic_chat_design_preset
12.32,1.203437,1.232000,-0.029403,0.000840,synthetic_chat_design_preset
12.33,1.190389,1.233000,-0.043702,0.001091,synthetic_chat_design_preset
12.34,1.177888,1.234000,-0.057521,0.001409,synthetic_chat_design_preset
12.35,1.166098,1.235000,-0.070711,0.001808,synthetic_chat_design_preset
12.36,1.155181,1.236000,-0.083125,0.002307,synthetic_chat_design_preset
12.37,1.145295,1.237000,-0.094629,0.002924,synthetic_chat_design_preset
12.38,1.136588,1.238000,-0.105097,0.003684,synthetic_chat_design_preset
12.39,1.129201,1.239000,-0.114412,0.004613,synthetic_chat_design_preset
12.40,1.123267,1.240000,-0.122474,0.005741,synthetic_chat_design_preset
12.41,1.118906,1.241000,-0.129195,0.007101,synthetic_chat_design_preset
12.42,1.116229,1.242000,-0.134500,0.008729,synthetic_chat_design_preset
12.43,1.115333,1.243000,-0.138331,0.010664,synthetic_chat_design_preset
12.44,1.116302,1.244000,-0.140647,0.012948,synthetic_chat_design_preset
12.45,1.119204,1.245000,-0.141421,0.015625,synthetic_chat_design_preset
12.46,1.124093,1.246000,-0.140647,0.018739,synthetic_chat_design_preset
12.47,1.131006,1.247000,-0.138331,0.022337,synthetic_chat_design_preset
12.48,1.139961,1.248000,-0.134500,0.026461,synthetic_chat_design_preset
12.49,1.150959,1.249000,-0.129195,0.031154,synthetic_chat_design_preset
12.50,1.163980,1.250000,-0.122474,0.036454,synthetic_chat_design_preset
12.51,1.178982,1.251000,-0.114412,0.042394,synthetic_chat_design_preset
12.52,1.195902,1.252000,-0.105097,0.048999,synthetic_chat_design_preset
12.53,1.214655,1.253000,-0.094629,0.056285,synthetic_chat_design_preset
12.54,1.235132,1.254000,-0.083125,0.064257,synthetic_chat_design_preset
12.55,1.257197,1.255000,-0.070711,0.072908,synthetic_chat_design_preset
12.56,1.280694,1.256000,-0.057521,0.082216,synthetic_chat_design_preset
12.57,1.305440,1.257000,-0.043702,0.092142,synthetic_chat_design_preset
12.58,1.331229,1.258000,-0.029403,0.102632,synthetic_chat_design_preset
12.59,1.357832,1.259000,-0.014783,0.113615,synthetic_chat_design_preset
12.60,1.385000,1.260000,0.000000,0.125000,synthetic_chat_design_preset
12.61,1.412464,1.261000,0.014783,0.136681,synthetic_chat_design_preset
12.62,1.439940,1.262000,0.029403,0.148536,synthetic_chat_design_preset
12.63,1.467130,1.263000,0.043702,0.160428,synthetic_chat_design_preset
12.64,1.493729,1.264000,0.057521,0.172208,synthetic_chat_design_preset
12.65,1.519427,1.265000,0.070711,0.183717,synthetic_chat_design_preset
12.66,1.543917,1.266000,0.083125,0.194791,synthetic_chat_design_preset
12.67,1.566894,1.267000,0.094629,0.205264,synthetic_chat_design_preset
12.68,1.588069,1.268000,0.105097,0.214972,synthetic_chat_design_preset
12.69,1.607169,1.269000,0.114412,0.223756,synthetic_chat_design_preset
12.70,1.623943,1.270000,0.122474,0.231469,synthetic_chat_design_preset
12.71,1.638171,1.271000,0.129195,0.237976,synthetic_chat_design_preset
12.72,1.649663,1.272000,0.134500,0.243164,synthetic_chat_design_preset
12.73,1.658269,1.273000,0.138331,0.246938,synthetic_chat_design_preset
12.74,1.663878,1.274000,0.140647,0.249231,synthetic_chat_design_preset
12.75,1.666421,1.275000,0.141421,0.250000,synthetic_chat_design_preset
12.76,1.665878,1.276000,0.140647,0.249231,synthetic_chat_design_preset
12.77,1.662269,1.277000,0.138331,0.246938,synthetic_chat_design_preset
12.78,1.655663,1.278000,0.134500,0.243164,synthetic_chat_design_preset
12.79,1.646171,1.279000,0.129195,0.237976,synthetic_chat_design_preset
12.80,1.633943,1.280000,0.122474,0.231469,synthetic_chat_design_preset
12.81,1.619169,1.281000,0.114412,0.223756,synthetic_chat_design_preset
12.82,1.602069,1.282000,0.105097,0.214972,synthetic_chat_design_preset
12.83,1.582894,1.283000,0.094629,0.205264,synthetic_chat_design_preset
12.84,1.561917,1.284000,0.083125,0.194791,synthetic_chat_design_preset
12.85,1.539427,1.285000,0.070711,0.183717,synthetic_chat_design_preset
12.86,1.515729,1.286000,0.057521,0.172208,synthetic_chat_design_preset
12.87,1.491130,1.287000,0.043702,0.160428,synthetic_chat_design_preset
12.88,1.465940,1.288000,0.029403,0.148536,synthetic_chat_design_preset
12.89,1.440464,1.289000,0.014783,0.136681,synthetic_chat_design_preset
12.90,1.415000,1.290000,-0.000000,0.125000,synthetic_chat_design_preset
12.91,1.389832,1.291000,-0.014783,0.113615,synthetic_chat_design_preset
12.92,1.365229,1.292000,-0.029403,0.102632,synthetic_chat_design_preset
12.93,1.341440,1.293000,-0.043702,0.092142,synthetic_chat_design_preset
12.94,1.318694,1.294000,-0.057521,0.082216,synthetic_chat_design_preset
12.95,1.297197,1.295000,-0.070711,0.072908,synthetic_chat_design_preset
12.96,1.277132,1.296000,-0.083125,0.064257,synthetic_chat_design_preset
12.97,1.258655,1.297000,-0.094629,0.056285,synthetic_chat_design_preset
12.98,1.241902,1.298000,-0.105097,0.048999,synthetic_chat_design_preset
12.99,1.226982,1.299000,-0.114412,0.042394,synthetic_chat_design_preset
13.00,1.213980,1.300000,-0.122474,0.036454,synthetic_chat_design_preset
13.01,1.202959,1.301000,-0.129195,0.031154,synthetic_chat_design_preset
13.02,1.193961,1.302000,-0.134500,0.026461,synthetic_chat_design_preset
13.03,1.187006,1.303000,-0.138331,0.022337,synthetic_chat_design_preset
13.04,1.182093,1.304000,-0.140647,0.018739,synthetic_chat_design_preset
13.05,1.179204,1.305000,-0.141421,0.015625,synthetic_chat_design_preset
13.06,1.178302,1.306000,-0.140647,0.012948,synthetic_chat_design_preset
13.07,1.179333,1.307000,-0.138331,0.010664,synthetic_chat_design_preset
13.08,1.182229,1.308000,-0.134500,0.008729,synthetic_chat_design_preset
13.09,1.186906,1.309000,-0.129195,0.007101,synthetic_chat_design_preset
13.10,1.193267,1.310000,-0.122474,0.005741,synthetic_chat_design_preset
13.11,1.201201,1.311000,-0.114412,0.004613,synthetic_chat_design_preset
13.12,1.210588,1.312000,-0.105097,0.003684,synthetic_chat_design_preset
13.13,1.221295,1.313000,-0.094629,0.002924,synthetic_chat_design_preset
13.14,1.233181,1.314000,-0.083125,0.002307,synthetic_chat_design_preset
13.15,1.246098,1.315000,-0.070711,0.001808,synthetic_chat_design_preset
13.16,1.259888,1.316000,-0.057521,0.001409,synthetic_chat_design_preset
13.17,1.274389,1.317000,-0.043702,0.001091,synthetic_chat_design_preset
13.18,1.289437,1.318000,-0.029403,0.000840,synthetic_chat_design_preset
13.19,1.304860,1.319000,-0.014783,0.000642,synthetic_chat_design_preset
13.20,1.320488,1.320000,0.000000,0.000488,synthetic_chat_design_preset
13.21,1.336151,1.321000,0.014783,0.000369,synthetic_chat_design_preset
13.22,1.351680,1.322000,0.029403,0.000277,synthetic_chat_design_preset
13.23,1.366908,1.323000,0.043702,0.000207,synthetic_chat_design_preset
13.24,1.381675,1.324000,0.057521,0.000153,synthetic_chat_design_preset
13.25,1.395824,1.325000,0.070711,0.000113,synthetic_chat_design_preset
13.26,1.409125,1.326000,0.083125,0.000000,synthetic_chat_design_preset
13.27,1.421629,1.327000,0.094629,0.000000,synthetic_chat_design_preset
13.28,1.433097,1.328000,0.105097,0.000000,synthetic_chat_design_preset
13.29,1.443412,1.329000,0.114412,0.000000,synthetic_chat_design_preset
13.30,1.452474,1.330000,0.122474,0.000000,synthetic_chat_design_preset
13.31,1.460195,1.331000,0.129195,0.000000,synthetic_chat_design_preset
13.32,1.466500,1.332000,0.134500,0.000000,synthetic_chat_design_preset
13.33,1.471331,1.333000,0.138331,0.000000,synthetic_chat_design_preset
13.34,1.474647,1.334000,0.140647,0.000000,synthetic_chat_design_preset
13.35,1.476421,1.335000,0.141421,0.000000,synthetic_chat_design_preset
13.36,1.476647,1.336000,0.140647,0.000000,synthetic_chat_design_preset
13.37,1.475331,1.337000,0.138331,0.000000,synthetic_chat_design_preset
13.38,1.472500,1.338000,0.134500,0.000000,synthetic_chat_design_preset
13.39,1.468195,1.339000,0.129195,0.000000,synthetic_chat_design_preset
13.40,1.462474,1.340000,0.122474,0.000000,synthetic_chat_design_preset
13.41,1.455412,1.341000,0.114412,0.000000,synthetic_chat_design_preset
13.42,1.447097,1.342000,0.105097,0.000000,synthetic_chat_design_preset
13.43,1.437629,1.343000,0.094629,0.000000,synthetic_chat_design_preset
13.44,1.427125,1.344000,0.083125,0.000000,synthetic_chat_design_preset
13.45,1.415711,1.345000,0.070711,0.000000,synthetic_chat_design_preset
13.46,1.403521,1.346000,0.057521,0.000000,synthetic_chat_design_preset
13.47,1.390702,1.347000,0.043702,0.000000,synthetic_chat_design_preset
13.48,1.377403,1.348000,0.029403,0.000000,synthetic_chat_design_preset
13.49,1.363783,1.349000,0.014783,0.000000,synthetic_chat_design_preset
13.50,1.350000,1.350000,0.000000,0.000000,synthetic_chat_design_preset
13.51,1.336217,1.351000,-0.014783,0.000000,synthetic_chat_design_preset
13.52,1.322597,1.352000,-0.029403,0.000000,synthetic_chat_design_preset
13.53,1.309298,1.353000,-0.043702,0.000000,synthetic_chat_design_preset
13.54,1.296479,1.354000,-0.057521,0.000000,synthetic_chat_design_preset
13.55,1.284289,1.355000,-0.070711,0.000000,synthetic_chat_design_preset
13.56,1.272875,1.356000,-0.083125,0.000000,synthetic_chat_design_preset
13.57,1.262371,1.357000,-0.094629,0.000000,synthetic_chat_design_preset
13.58,1.252903,1.358000,-0.105097,0.000000,synthetic_chat_design_preset
13.59,1.244588,1.359000,-0.114412,0.000000,synthetic_chat_design_preset
13.60,1.237526,1.360000,-0.122474,0.000000,synthetic_chat_design_preset
13.61,1.231805,1.361000,-0.129195,0.000000,synthetic_chat_design_preset
13.62,1.227500,1.362000,-0.134500,0.000000,synthetic_chat_design_preset
13.63,1.224669,1.363000,-0.138331,0.000000,synthetic_chat_design_preset
13.64,1.223353,1.364000,-0.140647,0.000000,synthetic_chat_design_preset
13.65,1.223579,1.365000,-0.141421,0.000000,synthetic_chat_design_preset
13.66,1.225353,1.366000,-0.140647,0.000000,synthetic_chat_design_preset
13.67,1.228669,1.367000,-0.138331,0.000000,synthetic_chat_design_preset
13.68,1.233500,1.368000,-0.134500,0.000000,synthetic_chat_design_preset
13.69,1.239805,1.369000,-0.129195,0.000000,synthetic_chat_design_preset
13.70,1.247526,1.370000,-0.122474,0.000000,synthetic_chat_design_preset
13.71,1.256588,1.371000,-0.114412,0.000000,synthetic_chat_design_preset
13.72,1.266903,1.372000,-0.105097,0.000000,synthetic_chat_design_preset
13.73,1.278371,1.373000,-0.094629,0.000000,synthetic_chat_design_preset
13.74,1.290957,1.374000,-0.083125,0.000083,synthetic_chat_design_preset
13.75,1.304402,1.375000,-0.070711,0.000113,synthetic_chat_design_preset
13.76,1.318632,1.376000,-0.057521,0.000153,synthetic_chat_design_preset
13.77,1.333505,1.377000,-0.043702,0.000207,synthetic_chat_design_preset
13.78,1.348874,1.378000,-0.029403,0.000277,synthetic_chat_design_preset
13.79,1.364586,1.379000,-0.014783,0.000369,synthetic_chat_design_preset
13.80,1.380488,1.380000,0.000000,0.000488,synthetic_chat_design_preset
13.81,1.396425,1.381000,0.014783,0.000642,synthetic_chat_design_preset
13.82,1.412243,1.382000,0.029403,0.000840,synthetic_chat_design_preset
13.83,1.427793,1.383000,0.043702,0.001091,synthetic_chat_design_preset
13.84,1.442930,1.384000,0.057521,0.001409,synthetic_chat_design_preset
13.85,1.457519,1.385000,0.070711,0.001808,synthetic_chat_design_preset
13.86,1.471432,1.386000,0.083125,0.002307,synthetic_chat_design_preset
13.87,1.484553,1.387000,0.094629,0.002924,synthetic_chat_design_preset
13.88,1.496781,1.388000,0.105097,0.003684,synthetic_chat_design_preset
13.89,1.508026,1.389000,0.114412,0.004613,synthetic_chat_design_preset
13.90,1.518216,1.390000,0.122474,0.005741,synthetic_chat_design_preset
13.91,1.527296,1.391000,0.129195,0.007101,synthetic_chat_design_preset
13.92,1.535229,1.392000,0.134500,0.008729,synthetic_chat_design_preset
13.93,1.541995,1.393000,0.138331,0.010664,synthetic_chat_design_preset
13.94,1.547595,1.394000,0.140647,0.012948,synthetic_chat_design_preset
13.95,1.552046,1.395000,0.141421,0.015625,synthetic_chat_design_preset
13.96,1.555386,1.396000,0.140647,0.018739,synthetic_chat_design_preset
13.97,1.557668,1.397000,0.138331,0.022337,synthetic_chat_design_preset
13.98,1.558960,1.398000,0.134500,0.026461,synthetic_chat_design_preset
13.99,1.559349,1.399000,0.129195,0.031154,synthetic_chat_design_preset
14.00,1.558929,1.400000,0.122474,0.036454,synthetic_chat_design_preset
14.01,1.557806,1.401000,0.114412,0.042394,synthetic_chat_design_preset
14.02,1.556095,1.402000,0.105097,0.048999,synthetic_chat_design_preset
14.03,1.553914,1.403000,0.094629,0.056285,synthetic_chat_design_preset
14.04,1.551383,1.404000,0.083125,0.064257,synthetic_chat_design_preset
14.05,1.548619,1.405000,0.070711,0.072908,synthetic_chat_design_preset
14.06,1.545737,1.406000,0.057521,0.082216,synthetic_chat_design_preset
14.07,1.542843,1.407000,0.043702,0.092142,synthetic_chat_design_preset
14.08,1.540035,1.408000,0.029403,0.102632,synthetic_chat_design_preset
14.09,1.537397,1.409000,0.014783,0.113615,synthetic_chat_design_preset
14.10,1.535000,1.410000,-0.000000,0.125000,synthetic_chat_design_preset
14.11,1.532899,1.411000,-0.014783,0.136681,synthetic_chat_design_preset
14.12,1.531133,1.412000,-0.029403,0.148536,synthetic_chat_design_preset
14.13,1.529727,1.413000,-0.043702,0.160428,synthetic_chat_design_preset
14.14,1.528687,1.414000,-0.057521,0.172208,synthetic_chat_design_preset
14.15,1.528006,1.415000,-0.070711,0.183717,synthetic_chat_design_preset
14.16,1.527666,1.416000,-0.083125,0.194791,synthetic_chat_design_preset
14.17,1.527635,1.417000,-0.094629,0.205264,synthetic_chat_design_preset
14.18,1.527876,1.418000,-0.105097,0.214972,synthetic_chat_design_preset
14.19,1.528344,1.419000,-0.114412,0.223756,synthetic_chat_design_preset
14.20,1.528994,1.420000,-0.122474,0.231469,synthetic_chat_design_preset
14.21,1.529781,1.421000,-0.129195,0.237976,synthetic_chat_design_preset
14.22,1.530664,1.422000,-0.134500,0.243164,synthetic_chat_design_preset
14.23,1.531607,1.423000,-0.138331,0.246938,synthetic_chat_design_preset
14.24,1.532584,1.424000,-0.140647,0.249231,synthetic_chat_design_preset
14.25,1.533579,1.425000,-0.141421,0.250000,synthetic_chat_design_preset
14.26,1.534584,1.426000,-0.140647,0.249231,synthetic_chat_design_preset
14.27,1.535607,1.427000,-0.138331,0.246938,synthetic_chat_design_preset
14.28,1.536664,1.428000,-0.134500,0.243164,synthetic_chat_design_preset
14.29,1.537781,1.429000,-0.129195,0.237976,synthetic_chat_design_preset
14.30,1.538994,1.430000,-0.122474,0.231469,synthetic_chat_design_preset
14.31,1.540344,1.431000,-0.114412,0.223756,synthetic_chat_design_preset
14.32,1.541876,1.432000,-0.105097,0.214972,synthetic_chat_design_preset
14.33,1.543635,1.433000,-0.094629,0.205264,synthetic_chat_design_preset
14.34,1.545666,1.434000,-0.083125,0.194791,synthetic_chat_design_preset
14.35,1.548006,1.435000,-0.070711,0.183717,synthetic_chat_design_preset
14.36,1.550687,1.436000,-0.057521,0.172208,synthetic_chat_design_preset
14.37,1.553727,1.437000,-0.043702,0.160428,synthetic_chat_design_preset
14.38,1.557133,1.438000,-0.029403,0.148536,synthetic_chat_design_preset
14.39,1.560899,1.439000,-0.014783,0.136681,synthetic_chat_design_preset
14.40,1.565000,1.440000,-0.000000,0.125000,synthetic_chat_design_preset
14.41,1.569397,1.441000,0.014783,0.113615,synthetic_chat_design_preset
14.42,1.574035,1.442000,0.029403,0.102632,synthetic_chat_design_preset
14.43,1.578843,1.443000,0.043702,0.092142,synthetic_chat_design_preset
14.44,1.583737,1.444000,0.057521,0.082216,synthetic_chat_design_preset
14.45,1.588619,1.445000,0.070711,0.072908,synthetic_chat_design_preset
14.46,1.593383,1.446000,0.083125,0.064257,synthetic_chat_design_preset
14.47,1.597914,1.447000,0.094629,0.056285,synthetic_chat_design_preset
14.48,1.602095,1.448000,0.105097,0.048999,synthetic_chat_design_preset
14.49,1.605806,1.449000,0.114412,0.042394,synthetic_chat_design_preset
14.50,1.608929,1.450000,0.122474,0.036454,synthetic_chat_design_preset
14.51,1.611349,1.451000,0.129195,0.031154,synthetic_chat_design_preset
14.52,1.612960,1.452000,0.134500,0.026461,synthetic_chat_design_preset
14.53,1.613668,1.453000,0.138331,0.022337,synthetic_chat_design_preset
14.54,1.613386,1.454000,0.140647,0.018739,synthetic_chat_design_preset
14.55,1.612046,1.455000,0.141421,0.015625,synthetic_chat_design_preset
14.56,1.609595,1.456000,0.140647,0.012948,synthetic_chat_design_preset
14.57,1.605995,1.457000,0.138331,0.010664,synthetic_chat_design_preset
14.58,1.601229,1.458000,0.134500,0.008729,synthetic_chat_design_preset
14.59,1.595296,1.459000,0.129195,0.007101,synthetic_chat_design_preset
14.60,1.588216,1.460000,0.122474,0.005741,synthetic_chat_design_preset
14.61,1.580026,1.461000,0.114412,0.004613,synthetic_chat_design_preset
14.62,1.570781,1.462000,0.105097,0.003684,synthetic_chat_design_preset
14.63,1.560553,1.463000,0.094629,0.002924,synthetic_chat_design_preset
14.64,1.549432,1.464000,0.083125,0.002307,synthetic_chat_design_preset
14.65,1.537519,1.465000,0.070711,0.001808,synthetic_chat_design_preset
14.66,1.524930,1.466000,0.057521,0.001409,synthetic_chat_design_preset
14.67,1.511793,1.467000,0.043702,0.001091,synthetic_chat_design_preset
14.68,1.498243,1.468000,0.029403,0.000840,synthetic_chat_design_preset
14.69,1.484425,1.469000,0.014783,0.000642,synthetic_chat_design_preset
14.70,1.470488,1.470000,-0.000000,0.000488,synthetic_chat_design_preset
14.71,1.456586,1.471000,-0.014783,0.000369,synthetic_chat_design_preset
14.72,1.442874,1.472000,-0.029403,0.000277,synthetic_chat_design_preset
14.73,1.429505,1.473000,-0.043702,0.000207,synthetic_chat_design_preset
14.74,1.416632,1.474000,-0.057521,0.000153,synthetic_chat_design_preset
14.75,1.404402,1.475000,-0.070711,0.000113,synthetic_chat_design_preset
14.76,1.392875,1.476000,-0.083125,0.000000,synthetic_chat_design_preset
14.77,1.382371,1.477000,-0.094629,0.000000,synthetic_chat_design_preset
14.78,1.372903,1.478000,-0.105097,0.000000,synthetic_chat_design_preset
14.79,1.364588,1.479000,-0.114412,0.000000,synthetic_chat_design_preset
14.80,1.357526,1.480000,-0.122474,0.000000,synthetic_chat_design_preset
14.81,1.351805,1.481000,-0.129195,0.000000,synthetic_chat_design_preset
14.82,1.347500,1.482000,-0.134500,0.000000,synthetic_chat_design_preset
14.83,1.344669,1.483000,-0.138331,0.000000,synthetic_chat_design_preset
14.84,1.343353,1.484000,-0.140647,0.000000,synthetic_chat_design_preset
14.85,1.343579,1.485000,-0.141421,0.000000,synthetic_chat_design_preset
14.86,1.345353,1.486000,-0.140647,0.000000,synthetic_chat_design_preset
14.87,1.348669,1.487000,-0.138331,0.000000,synthetic_chat_design_preset
14.88,1.353500,1.488000,-0.134500,0.000000,synthetic_chat_design_preset
14.89,1.359805,1.489000,-0.129195,0.000000,synthetic_chat_design_preset
14.90,1.367526,1.490000,-0.122474,0.000000,synthetic_chat_design_preset
14.91,1.376588,1.491000,-0.114412,0.000000,synthetic_chat_design_preset
14.92,1.386903,1.492000,-0.105097,0.000000,synthetic_chat_design_preset
14.93,1.398371,1.493000,-0.094629,0.000000,synthetic_chat_design_preset
14.94,1.410875,1.494000,-0.083125,0.000000,synthetic_chat_design_preset
14.95,1.424289,1.495000,-0.070711,0.000000,synthetic_chat_design_preset
14.96,1.438479,1.496000,-0.057521,0.000000,synthetic_chat_design_preset
14.97,1.453298,1.497000,-0.043702,0.000000,synthetic_chat_design_preset
14.98,1.468597,1.498000,-0.029403,0.000000,synthetic_chat_design_preset
14.99,1.484217,1.499000,-0.014783,0.000000,synthetic_chat_design_preset
15.00,1.500000,1.500000,0.000000,0.000000,synthetic_chat_design_preset
15.01,1.515783,1.501000,0.014783,0.000000,synthetic_chat_design_preset
15.02,1.531403,1.502000,0.029403,0.000000,synthetic_chat_design_preset
15.03,1.546702,1.503000,0.043702,0.000000,synthetic_chat_design_preset
15.04,1.561521,1.504000,0.057521,0.000000,synthetic_chat_design_preset
15.05,1.575711,1.505000,0.070711,0.000000,synthetic_chat_design_preset
15.06,1.589125,1.506000,0.083125,0.000000,synthetic_chat_design_preset
15.07,1.601629,1.507000,0.094629,0.000000,synthetic_chat_design_preset
15.08,1.613097,1.508000,0.105097,0.000000,synthetic_chat_design_preset
15.09,1.623412,1.509000,0.114412,0.000000,synthetic_chat_design_preset
15.10,1.632474,1.510000,0.122474,0.000000,synthetic_chat_design_preset
15.11,1.640195,1.511000,0.129195,0.000000,synthetic_chat_design_preset
15.12,1.646500,1.512000,0.134500,0.000000,synthetic_chat_design_preset
15.13,1.651331,1.513000,0.138331,0.000000,synthetic_chat_design_preset
15.14,1.654647,1.514000,0.140647,0.000000,synthetic_chat_design_preset
15.15,1.656421,1.515000,0.141421,0.000000,synthetic_chat_design_preset
15.16,1.656647,1.516000,0.140647,0.000000,synthetic_chat_design_preset
15.17,1.655331,1.517000,0.138331,0.000000,synthetic_chat_design_preset
15.18,1.652500,1.518000,0.134500,0.000000,synthetic_chat_design_preset
15.19,1.648195,1.519000,0.129195,0.000000,synthetic_chat_design_preset
15.20,1.642474,1.520000,0.122474,0.000000,synthetic_chat_design_preset
15.21,1.635412,1.521000,0.114412,0.000000,synthetic_chat_design_preset
15.22,1.627097,1.522000,0.105097,0.000000,synthetic_chat_design_preset
15.23,1.617629,1.523000,0.094629,0.000000,synthetic_chat_design_preset
15.24,1.607208,1.524000,0.083125,0.000083,synthetic_chat_design_preset
15.25,1.595824,1.525000,0.070711,0.000113,synthetic_chat_design_preset
15.26,1.583675,1.526000,0.057521,0.000153,synthetic_chat_design_preset
15.27,1.570908,1.527000,0.043702,0.000207,synthetic_chat_design_preset
15.28,1.557680,1.528000,0.029403,0.000277,synthetic_chat_design_preset
15.29,1.544151,1.529000,0.014783,0.000369,synthetic_chat_design_preset
15.30,1.530488,1.530000,-0.000000,0.000488,synthetic_chat_design_preset
15.31,1.516860,1.531000,-0.014783,0.000642,synthetic_chat_design_preset
15.32,1.503437,1.532000,-0.029403,0.000840,synthetic_chat_design_preset
15.33,1.490389,1.533000,-0.043702,0.001091,synthetic_chat_design_preset
15.34,1.477888,1.534000,-0.057521,0.001409,synthetic_chat_design_preset
15.35,1.466098,1.535000,-0.070711,0.001808,synthetic_chat_design_preset
15.36,1.455181,1.536000,-0.083125,0.002307,synthetic_chat_design_preset
15.37,1.445295,1.537000,-0.094629,0.002924,synthetic_chat_design_preset
15.38,1.436588,1.538000,-0.105097,0.003684,synthetic_chat_design_preset
15.39,1.429201,1.539000,-0.114412,0.004613,synthetic_chat_design_preset
15.40,1.423267,1.540000,-0.122474,0.005741,synthetic_chat_design_preset
15.41,1.418906,1.541000,-0.129195,0.007101,synthetic_chat_design_preset
15.42,1.416229,1.542000,-0.134500,0.008729,synthetic_chat_design_preset
15.43,1.415333,1.543000,-0.138331,0.010664,synthetic_chat_design_preset
15.44,1.416302,1.544000,-0.140647,0.012948,synthetic_chat_design_preset
15.45,1.419204,1.545000,-0.141421,0.015625,synthetic_chat_design_preset
15.46,1.424093,1.546000,-0.140647,0.018739,synthetic_chat_design_preset
15.47,1.431006,1.547000,-0.138331,0.022337,synthetic_chat_design_preset
15.48,1.439961,1.548000,-0.134500,0.026461,synthetic_chat_design_preset
15.49,1.450959,1.549000,-0.129195,0.031154,synthetic_chat_design_preset
15.50,1.463980,1.550000,-0.122474,0.036454,synthetic_chat_design_preset
15.51,1.478982,1.551000,-0.114412,0.042394,synthetic_chat_design_preset
15.52,1.495902,1.552000,-0.105097,0.048999,synthetic_chat_design_preset
15.53,1.514655,1.553000,-0.094629,0.056285,synthetic_chat_design_preset
15.54,1.535132,1.554000,-0.083125,0.064257,synthetic_chat_design_preset
15.55,1.557197,1.555000,-0.070711,0.072908,synthetic_chat_design_preset
15.56,1.580694,1.556000,-0.057521,0.082216,synthetic_chat_design_preset
15.57,1.605440,1.557000,-0.043702,0.092142,synthetic_chat_design_preset
15.58,1.631229,1.558000,-0.029403,0.102632,synthetic_chat_design_preset
15.59,1.657832,1.559000,-0.014783,0.113615,synthetic_chat_design_preset
15.60,1.685000,1.560000,0.000000,0.125000,synthetic_chat_design_preset
15.61,1.712464,1.561000,0.014783,0.136681,synthetic_chat_design_preset
15.62,1.739940,1.562000,0.029403,0.148536,synthetic_chat_design_preset
15.63,1.767130,1.563000,0.043702,0.160428,synthetic_chat_design_preset
15.64,1.793729,1.564000,0.057521,0.172208,synthetic_chat_design_preset
15.65,1.819427,1.565000,0.070711,0.183717,synthetic_chat_design_preset
15.66,1.843917,1.566000,0.083125,0.194791,synthetic_chat_design_preset
15.67,1.866894,1.567000,0.094629,0.205264,synthetic_chat_design_preset
15.68,1.888069,1.568000,0.105097,0.214972,synthetic_chat_design_preset
15.69,1.907169,1.569000,0.114412,0.223756,synthetic_chat_design_preset
15.70,1.923943,1.570000,0.122474,0.231469,synthetic_chat_design_preset
15.71,1.938171,1.571000,0.129195,0.237976,synthetic_chat_design_preset
15.72,1.949663,1.572000,0.134500,0.243164,synthetic_chat_design_preset
15.73,1.958269,1.573000,0.138331,0.246938,synthetic_chat_design_preset
15.74,1.963878,1.574000,0.140647,0.249231,synthetic_chat_design_preset
15.75,1.966421,1.575000,0.141421,0.250000,synthetic_chat_design_preset
15.76,1.965878,1.576000,0.140647,0.249231,synthetic_chat_design_preset
15.77,1.962269,1.577000,0.138331,0.246938,synthetic_chat_design_preset
15.78,1.955663,1.578000,0.134500,0.243164,synthetic_chat_design_preset
15.79,1.946171,1.579000,0.129195,0.237976,synthetic_chat_design_preset
15.80,1.933943,1.580000,0.122474,0.231469,synthetic_chat_design_preset
15.81,1.919169,1.581000,0.114412,0.223756,synthetic_chat_design_preset
15.82,1.902069,1.582000,0.105097,0.214972,synthetic_chat_design_preset
15.83,1.882894,1.583000,0.094629,0.205264,synthetic_chat_design_preset
15.84,1.861917,1.584000,0.083125,0.194791,synthetic_chat_design_preset
15.85,1.839427,1.585000,0.070711,0.183717,synthetic_chat_design_preset
15.86,1.815729,1.586000,0.057521,0.172208,synthetic_chat_design_preset
15.87,1.791130,1.587000,0.043702,0.160428,synthetic_chat_design_preset
15.88,1.765940,1.588000,0.029403,0.148536,synthetic_chat_design_preset
15.89,1.740464,1.589000,0.014783,0.136681,synthetic_chat_design_preset
15.90,1.715000,1.590000,0.000000,0.125000,synthetic_chat_design_preset
15.91,1.689832,1.591000,-0.014783,0.113615,synthetic_chat_design_preset
15.92,1.665229,1.592000,-0.029403,0.102632,synthetic_chat_design_preset
15.93,1.641440,1.593000,-0.043702,0.092142,synthetic_chat_design_preset
15.94,1.618694,1.594000,-0.057521,0.082216,synthetic_chat_design_preset
15.95,1.597197,1.595000,-0.070711,0.072908,synthetic_chat_design_preset
15.96,1.577132,1.596000,-0.083125,0.064257,synthetic_chat_design_preset
15.97,1.558655,1.597000,-0.094629,0.056285,synthetic_chat_design_preset
15.98,1.541902,1.598000,-0.105097,0.048999,synthetic_chat_design_preset
15.99,1.526982,1.599000,-0.114412,0.042394,synthetic_chat_design_preset
16.00,1.513980,1.600000,-0.122474,0.036454,synthetic_chat_design_preset
16.01,1.502959,1.601000,-0.129195,0.031154,synthetic_chat_design_preset
16.02,1.493961,1.602000,-0.134500,0.026461,synthetic_chat_design_preset
16.03,1.487006,1.603000,-0.138331,0.022337,synthetic_chat_design_preset
16.04,1.482093,1.604000,-0.140647,0.018739,synthetic_chat_design_preset
16.05,1.479204,1.605000,-0.141421,0.015625,synthetic_chat_design_preset
16.06,1.478302,1.606000,-0.140647,0.012948,synthetic_chat_design_preset
16.07,1.479333,1.607000,-0.138331,0.010664,synthetic_chat_design_preset
16.08,1.482229,1.608000,-0.134500,0.008729,synthetic_chat_design_preset
16.09,1.486906,1.609000,-0.129195,0.007101,synthetic_chat_design_preset
16.10,1.493267,1.610000,-0.122474,0.005741,synthetic_chat_design_preset
16.11,1.501201,1.611000,-0.114412,0.004613,synthetic_chat_design_preset
16.12,1.510588,1.612000,-0.105097,0.003684,synthetic_chat_design_preset
16.13,1.521295,1.613000,-0.094629,0.002924,synthetic_chat_design_preset
16.14,1.533181,1.614000,-0.083125,0.002307,synthetic_chat_design_preset
16.15,1.546098,1.615000,-0.070711,0.001808,synthetic_chat_design_preset
16.16,1.559888,1.616000,-0.057521,0.001409,synthetic_chat_design_preset
16.17,1.574389,1.617000,-0.043702,0.001091,synthetic_chat_design_preset
16.18,1.589437,1.618000,-0.029403,0.000840,synthetic_chat_design_preset
16.19,1.604860,1.619000,-0.014783,0.000642,synthetic_chat_design_preset
16.20,1.620488,1.620000,-0.000000,0.000488,synthetic_chat_design_preset
16.21,1.636151,1.621000,0.014783,0.000369,synthetic_chat_design_preset
16.22,1.651680,1.622000,0.029403,0.000277,synthetic_chat_design_preset
16.23,1.666908,1.623000,0.043702,0.000207,synthetic_chat_design_preset
16.24,1.681675,1.624000,0.057521,0.000153,synthetic_chat_design_preset
16.25,1.695824,1.625000,0.070711,0.000113,synthetic_chat_design_preset
16.26,1.709125,1.626000,0.083125,0.000000,synthetic_chat_design_preset
16.27,1.721629,1.627000,0.094629,0.000000,synthetic_chat_design_preset
16.28,1.733097,1.628000,0.105097,0.000000,synthetic_chat_design_preset
16.29,1.743412,1.629000,0.114412,0.000000,synthetic_chat_design_preset
16.30,1.752474,1.630000,0.122474,0.000000,synthetic_chat_design_preset
16.31,1.760195,1.631000,0.129195,0.000000,synthetic_chat_design_preset
16.32,1.766500,1.632000,0.134500,0.000000,synthetic_chat_design_preset
16.33,1.771331,1.633000,0.138331,0.000000,synthetic_chat_design_preset
16.34,1.774647,1.634000,0.140647,0.000000,synthetic_chat_design_preset
16.35,1.776421,1.635000,0.141421,0.000000,synthetic_chat_design_preset
16.36,1.776647,1.636000,0.140647,0.000000,synthetic_chat_design_preset
16.37,1.775331,1.637000,0.138331,0.000000,synthetic_chat_design_preset
16.38,1.772500,1.638000,0.134500,0.000000,synthetic_chat_design_preset
16.39,1.768195,1.639000,0.129195,0.000000,synthetic_chat_design_preset
16.40,1.762474,1.640000,0.122474,0.000000,synthetic_chat_design_preset
16.41,1.755412,1.641000,0.114412,0.000000,synthetic_chat_design_preset
16.42,1.747097,1.642000,0.105097,0.000000,synthetic_chat_design_preset
16.43,1.737629,1.643000,0.094629,0.000000,synthetic_chat_design_preset
16.44,1.727125,1.644000,0.083125,0.000000,synthetic_chat_design_preset
16.45,1.715711,1.645000,0.070711,0.000000,synthetic_chat_design_preset
16.46,1.703521,1.646000,0.057521,0.000000,synthetic_chat_design_preset
16.47,1.690702,1.647000,0.043702,0.000000,synthetic_chat_design_preset
16.48,1.677403,1.648000,0.029403,0.000000,synthetic_chat_design_preset
16.49,1.663783,1.649000,0.014783,0.000000,synthetic_chat_design_preset
16.50,1.650000,1.650000,-0.000000,0.000000,synthetic_chat_design_preset
16.51,1.636217,1.651000,-0.014783,0.000000,synthetic_chat_design_preset
16.52,1.622597,1.652000,-0.029403,0.000000,synthetic_chat_design_preset
16.53,1.609298,1.653000,-0.043702,0.000000,synthetic_chat_design_preset
16.54,1.596479,1.654000,-0.057521,0.000000,synthetic_chat_design_preset
16.55,1.584289,1.655000,-0.070711,0.000000,synthetic_chat_design_preset
16.56,1.572875,1.656000,-0.083125,0.000000,synthetic_chat_design_preset
16.57,1.562371,1.657000,-0.094629,0.000000,synthetic_chat_design_preset
16.58,1.552903,1.658000,-0.105097,0.000000,synthetic_chat_design_preset
16.59,1.544588,1.659000,-0.114412,0.000000,synthetic_chat_design_preset
16.60,1.537526,1.660000,-0.122474,0.000000,synthetic_chat_design_preset
16.61,1.531805,1.661000,-0.129195,0.000000,synthetic_chat_design_preset
16.62,1.527500,1.662000,-0.134500,0.000000,synthetic_chat_design_preset
16.63,1.524669,1.663000,-0.138331,0.000000,synthetic_chat_design_preset
16.64,1.523353,1.664000,-0.140647,0.000000,synthetic_chat_design_preset
16.65,1.523579,1.665000,-0.141421,0.000000,synthetic_chat_design_preset
16.66,1.525353,1.666000,-0.140647,0.000000,synthetic_chat_design_preset
16.67,1.528669,1.667000,-0.138331,0.000000,synthetic_chat_design_preset
16.68,1.533500,1.668000,-0.134500,0.000000,synthetic_chat_design_preset
16.69,1.539805,1.669000,-0.129195,0.000000,synthetic_chat_design_preset
16.70,1.547526,1.670000,-0.122474,0.000000,synthetic_chat_design_preset
16.71,1.556588,1.671000,-0.114412,0.000000,synthetic_chat_design_preset
16.72,1.566903,1.672000,-0.105097,0.000000,synthetic_chat_design_preset
16.73,1.578371,1.673000,-0.094629,0.000000,synthetic_chat_design_preset
16.74,1.590957,1.674000,-0.083125,0.000083,synthetic_chat_design_preset
16.75,1.604402,1.675000,-0.070711,0.000113,synthetic_chat_design_preset
16.76,1.618632,1.676000,-0.057521,0.000153,synthetic_chat_design_preset
16.77,1.633505,1.677000,-0.043702,0.000207,synthetic_chat_design_preset
16.78,1.648874,1.678000,-0.029403,0.000277,synthetic_chat_design_preset
16.79,1.664586,1.679000,-0.014783,0.000369,synthetic_chat_design_preset
16.80,1.680488,1.680000,-0.000000,0.000488,synthetic_chat_design_preset
16.81,1.696425,1.681000,0.014783,0.000642,synthetic_chat_design_preset
16.82,1.712243,1.682000,0.029403,0.000840,synthetic_chat_design_preset
16.83,1.727793,1.683000,0.043702,0.001091,synthetic_chat_design_preset
16.84,1.742930,1.684000,0.057521,0.001409,synthetic_chat_design_preset
16.85,1.757519,1.685000,0.070711,0.001808,synthetic_chat_design_preset
16.86,1.771432,1.686000,0.083125,0.002307,synthetic_chat_design_preset
16.87,1.784553,1.687000,0.094629,0.002924,synthetic_chat_design_preset
16.88,1.796781,1.688000,0.105097,0.003684,synthetic_chat_design_preset
16.89,1.808026,1.689000,0.114412,0.004613,synthetic_chat_design_preset
16.90,1.818216,1.690000,0.122474,0.005741,synthetic_chat_design_preset
16.91,1.827296,1.691000,0.129195,0.007101,synthetic_chat_design_preset
16.92,1.835229,1.692000,0.134500,0.008729,synthetic_chat_design_preset
16.93,1.841995,1.693000,0.138331,0.010664,synthetic_chat_design_preset
16.94,1.847595,1.694000,0.140647,0.012948,synthetic_chat_design_preset
16.95,1.852046,1.695000,0.141421,0.015625,synthetic_chat_design_preset
16.96,1.855386,1.696000,0.140647,0.018739,synthetic_chat_design_preset
16.97,1.857668,1.697000,0.138331,0.022337,synthetic_chat_design_preset
16.98,1.858960,1.698000,0.134500,0.026461,synthetic_chat_design_preset
16.99,1.859349,1.699000,0.129195,0.031154,synthetic_chat_design_preset
17.00,1.858929,1.700000,0.122474,0.036454,synthetic_chat_design_preset
17.01,1.857806,1.701000,0.114412,0.042394,synthetic_chat_design_preset
17.02,1.856095,1.702000,0.105097,0.048999,synthetic_chat_design_preset
17.03,1.853914,1.703000,0.094629,0.056285,synthetic_chat_design_preset
17.04,1.851383,1.704000,0.083125,0.064257,synthetic_chat_design_preset
17.05,1.848619,1.705000,0.070711,0.072908,synthetic_chat_design_preset
17.06,1.845737,1.706000,0.057521,0.082216,synthetic_chat_design_preset
17.07,1.842843,1.707000,0.043702,0.092142,synthetic_chat_design_preset
17.08,1.840035,1.708000,0.029403,0.102632,synthetic_chat_design_preset
17.09,1.837397,1.709000,0.014783,0.113615,synthetic_chat_design_preset
17.10,1.835000,1.710000,-0.000000,0.125000,synthetic_chat_design_preset
17.11,1.832899,1.711000,-0.014783,0.136681,synthetic_chat_design_preset
17.12,1.831133,1.712000,-0.029403,0.148536,synthetic_chat_design_preset
17.13,1.829727,1.713000,-0.043702,0.160428,synthetic_chat_design_preset
17.14,1.828687,1.714000,-0.057521,0.172208,synthetic_chat_design_preset
17.15,1.828006,1.715000,-0.070711,0.183717,synthetic_chat_design_preset
17.16,1.827666,1.716000,-0.083125,0.194791,synthetic_chat_design_preset
17.17,1.827635,1.717000,-0.094629,0.205264,synthetic_chat_design_preset
17.18,1.827876,1.718000,-0.105097,0.214972,synthetic_chat_design_preset
17.19,1.828344,1.719000,-0.114412,0.223756,synthetic_chat_design_preset
17.20,1.828994,1.720000,-0.122474,0.231469,synthetic_chat_design_preset
17.21,1.829781,1.721000,-0.129195,0.237976,synthetic_chat_design_preset
17.22,1.830664,1.722000,-0.134500,0.243164,synthetic_chat_design_preset
17.23,1.831607,1.723000,-0.138331,0.246938,synthetic_chat_design_preset
17.24,1.832584,1.724000,-0.140647,0.249231,synthetic_chat_design_preset
17.25,1.833579,1.725000,-0.141421,0.250000,synthetic_chat_design_preset
17.26,1.834584,1.726000,-0.140647,0.249231,synthetic_chat_design_preset
17.27,1.835607,1.727000,-0.138331,0.246938,synthetic_chat_design_preset
17.28,1.836664,1.728000,-0.134500,0.243164,synthetic_chat_design_preset
17.29,1.837781,1.729000,-0.129195,0.237976,synthetic_chat_design_preset
17.30,1.838994,1.730000,-0.122474,0.231469,synthetic_chat_design_preset
17.31,1.840344,1.731000,-0.114412,0.223756,synthetic_chat_design_preset
17.32,1.841876,1.732000,-0.105097,0.214972,synthetic_chat_design_preset
17.33,1.843635,1.733000,-0.094629,0.205264,synthetic_chat_design_preset
17.34,1.845666,1.734000,-0.083125,0.194791,synthetic_chat_design_preset
17.35,1.848006,1.735000,-0.070711,0.183717,synthetic_chat_design_preset
17.36,1.850687,1.736000,-0.057521,0.172208,synthetic_chat_design_preset
17.37,1.853727,1.737000,-0.043702,0.160428,synthetic_chat_design_preset
17.38,1.857133,1.738000,-0.029403,0.148536,synthetic_chat_design_preset
17.39,1.860899,1.739000,-0.014783,0.136681,synthetic_chat_design_preset
17.40,1.865000,1.740000,0.000000,0.125000,synthetic_chat_design_preset
17.41,1.869397,1.741000,0.014783,0.113615,synthetic_chat_design_preset
17.42,1.874035,1.742000,0.029403,0.102632,synthetic_chat_design_preset
17.43,1.878843,1.743000,0.043702,0.092142,synthetic_chat_design_preset
17.44,1.883737,1.744000,0.057521,0.082216,synthetic_chat_design_preset
17.45,1.888619,1.745000,0.070711,0.072908,synthetic_chat_design_preset
17.46,1.893383,1.746000,0.083125,0.064257,synthetic_chat_design_preset
17.47,1.897914,1.747000,0.094629,0.056285,synthetic_chat_design_preset
17.48,1.902095,1.748000,0.105097,0.048999,synthetic_chat_design_preset
17.49,1.905806,1.749000,0.114412,0.042394,synthetic_chat_design_preset
17.50,1.908929,1.750000,0.122474,0.036454,synthetic_chat_design_preset
17.51,1.911349,1.751000,0.129195,0.031154,synthetic_chat_design_preset
17.52,1.912960,1.752000,0.134500,0.026461,synthetic_chat_design_preset
17.53,1.913668,1.753000,0.138331,0.022337,synthetic_chat_design_preset
17.54,1.913386,1.754000,0.140647,0.018739,synthetic_chat_design_preset
17.55,1.912046,1.755000,0.141421,0.015625,synthetic_chat_design_preset
17.56,1.909595,1.756000,0.140647,0.012948,synthetic_chat_design_preset
17.57,1.905995,1.757000,0.138331,0.010664,synthetic_chat_design_preset
17.58,1.901229,1.758000,0.134500,0.008729,synthetic_chat_design_preset
17.59,1.895296,1.759000,0.129195,0.007101,synthetic_chat_design_preset
17.60,1.888216,1.760000,0.122474,0.005741,synthetic_chat_design_preset
17.61,1.880026,1.761000,0.114412,0.004613,synthetic_chat_design_preset
17.62,1.870781,1.762000,0.105097,0.003684,synthetic_chat_design_preset
17.63,1.860553,1.763000,0.094629,0.002924,synthetic_chat_design_preset
17.64,1.849432,1.764000,0.083125,0.002307,synthetic_chat_design_preset
17.65,1.837519,1.765000,0.070711,0.001808,synthetic_chat_design_preset
17.66,1.824930,1.766000,0.057521,0.001409,synthetic_chat_design_preset
17.67,1.811793,1.767000,0.043702,0.001091,synthetic_chat_design_preset
17.68,1.798243,1.768000,0.029403,0.000840,synthetic_chat_design_preset
17.69,1.784425,1.769000,0.014783,0.000642,synthetic_chat_design_preset
17.70,1.770488,1.770000,0.000000,0.000488,synthetic_chat_design_preset
17.71,1.756586,1.771000,-0.014783,0.000369,synthetic_chat_design_preset
17.72,1.742874,1.772000,-0.029403,0.000277,synthetic_chat_design_preset
17.73,1.729505,1.773000,-0.043702,0.000207,synthetic_chat_design_preset
17.74,1.716632,1.774000,-0.057521,0.000153,synthetic_chat_design_preset
17.75,1.704402,1.775000,-0.070711,0.000113,synthetic_chat_design_preset
17.76,1.692875,1.776000,-0.083125,0.000000,synthetic_chat_design_preset
17.77,1.682371,1.777000,-0.094629,0.000000,synthetic_chat_design_preset
17.78,1.672903,1.778000,-0.105097,0.000000,synthetic_chat_design_preset
17.79,1.664588,1.779000,-0.114412,0.000000,synthetic_chat_design_preset
17.80,1.657526,1.780000,-0.122474,0.000000,synthetic_chat_design_preset
17.81,1.651805,1.781000,-0.129195,0.000000,synthetic_chat_design_preset
17.82,1.647500,1.782000,-0.134500,0.000000,synthetic_chat_design_preset
17.83,1.644669,1.783000,-0.138331,0.000000,synthetic_chat_design_preset
17.84,1.643353,1.784000,-0.140647,0.000000,synthetic_chat_design_preset
17.85,1.643579,1.785000,-0.141421,0.000000,synthetic_chat_design_preset
17.86,1.645353,1.786000,-0.140647,0.000000,synthetic_chat_design_preset
17.87,1.648669,1.787000,-0.138331,0.000000,synthetic_chat_design_preset
17.88,1.653500,1.788000,-0.134500,0.000000,synthetic_chat_design_preset
17.89,1.659805,1.789000,-0.129195,0.000000,synthetic_chat_design_preset
17.90,1.667526,1.790000,-0.122474,0.000000,synthetic_chat_design_preset
17.91,1.676588,1.791000,-0.114412,0.000000,synthetic_chat_design_preset
17.92,1.686903,1.792000,-0.105097,0.000000,synthetic_chat_design_preset
17.93,1.698371,1.793000,-0.094629,0.000000,synthetic_chat_design_preset
17.94,1.710875,1.794000,-0.083125,0.000000,synthetic_chat_design_preset
17.95,1.724289,1.795000,-0.070711,0.000000,synthetic_chat_design_preset
17.96,1.738479,1.796000,-0.057521,0.000000,synthetic_chat_design_preset
17.97,1.753298,1.797000,-0.043702,0.000000,synthetic_chat_design_preset
17.98,1.768597,1.798000,-0.029403,0.000000,synthetic_chat_design_preset
17.99,1.784217,1.799000,-0.014783,0.000000,synthetic_chat_design_preset
18.00,1.800000,1.800000,0.000000,0.000000,synthetic_chat_design_preset
18.01,1.815783,1.801000,0.014783,0.000000,synthetic_chat_design_preset
18.02,1.831403,1.802000,0.029403,0.000000,synthetic_chat_design_preset
18.03,1.846702,1.803000,0.043702,0.000000,synthetic_chat_design_preset
18.04,1.861521,1.804000,0.057521,0.000000,synthetic_chat_design_preset
18.05,1.875711,1.805000,0.070711,0.000000,synthetic_chat_design_preset
18.06,1.889125,1.806000,0.083125,0.000000,synthetic_chat_design_preset
18.07,1.901629,1.807000,0.094629,0.000000,synthetic_chat_design_preset
18.08,1.913097,1.808000,0.105097,0.000000,synthetic_chat_design_preset
18.09,1.923412,1.809000,0.114412,0.000000,synthetic_chat_design_preset
18.10,1.932474,1.810000,0.122474,0.000000,synthetic_chat_design_preset
18.11,1.940195,1.811000,0.129195,0.000000,synthetic_chat_design_preset
18.12,1.946500,1.812000,0.134500,0.000000,synthetic_chat_design_preset
18.13,1.951331,1.813000,0.138331,0.000000,synthetic_chat_design_preset
18.14,1.954647,1.814000,0.140647,0.000000,synthetic_chat_design_preset
18.15,1.956421,1.815000,0.141421,0.000000,synthetic_chat_design_preset
18.16,1.956647,1.816000,0.140647,0.000000,synthetic_chat_design_preset
18.17,1.955331,1.817000,0.138331,0.000000,synthetic_chat_design_preset
18.18,1.952500,1.818000,0.134500,0.000000,synthetic_chat_design_preset
18.19,1.948195,1.819000,0.129195,0.000000,synthetic_chat_design_preset
18.20,1.942474,1.820000,0.122474,0.000000,synthetic_chat_design_preset
18.21,1.935412,1.821000,0.114412,0.000000,synthetic_chat_design_preset
18.22,1.927097,1.822000,0.105097,0.000000,synthetic_chat_design_preset
18.23,1.917629,1.823000,0.094629,0.000000,synthetic_chat_design_preset
18.24,1.907208,1.824000,0.083125,0.000083,synthetic_chat_design_preset
18.25,1.895824,1.825000,0.070711,0.000113,synthetic_chat_design_preset
18.26,1.883675,1.826000,0.057521,0.000153,synthetic_chat_design_preset
18.27,1.870908,1.827000,0.043702,0.000207,synthetic_chat_design_preset
18.28,1.857680,1.828000,0.029403,0.000277,synthetic_chat_design_preset
18.29,1.844151,1.829000,0.014783,0.000369,synthetic_chat_design_preset
18.30,1.830488,1.830000,-0.000000,0.000488,synthetic_chat_design_preset
18.31,1.816860,1.831000,-0.014783,0.000642,synthetic_chat_design_preset
18.32,1.803437,1.832000,-0.029403,0.000840,synthetic_chat_design_preset
18.33,1.790389,1.833000,-0.043702,0.001091,synthetic_chat_design_preset
18.34,1.777888,1.834000,-0.057521,0.001409,synthetic_chat_design_preset
18.35,1.766098,1.835000,-0.070711,0.001808,synthetic_chat_design_preset
18.36,1.755181,1.836000,-0.083125,0.002307,synthetic_chat_design_preset
18.37,1.745295,1.837000,-0.094629,0.002924,synthetic_chat_design_preset
18.38,1.736588,1.838000,-0.105097,0.003684,synthetic_chat_design_preset
18.39,1.729201,1.839000,-0.114412,0.004613,synthetic_chat_design_preset
18.40,1.723267,1.840000,-0.122474,0.005741,synthetic_chat_design_preset
18.41,1.718906,1.841000,-0.129195,0.007101,synthetic_chat_design_preset
18.42,1.716229,1.842000,-0.134500,0.008729,synthetic_chat_design_preset
18.43,1.715333,1.843000,-0.138331,0.010664,synthetic_chat_design_preset
18.44,1.716302,1.844000,-0.140647,0.012948,synthetic_chat_design_preset
18.45,1.719204,1.845000,-0.141421,0.015625,synthetic_chat_design_preset
18.46,1.724093,1.846000,-0.140647,0.018739,synthetic_chat_design_preset
18.47,1.731006,1.847000,-0.138331,0.022337,synthetic_chat_design_preset
18.48,1.739961,1.848000,-0.134500,0.026461,synthetic_chat_design_preset
18.49,1.750959,1.849000,-0.129195,0.031154,synthetic_chat_design_preset
18.50,1.763980,1.850000,-0.122474,0.036454,synthetic_chat_design_preset
18.51,1.778982,1.851000,-0.114412,0.042394,synthetic_chat_design_preset
18.52,1.795902,1.852000,-0.105097,0.048999,synthetic_chat_design_preset
18.53,1.814655,1.853000,-0.094629,0.056285,synthetic_chat_design_preset
18.54,1.835132,1.854000,-0.083125,0.064257,synthetic_chat_design_preset
18.55,1.857197,1.855000,-0.070711,0.072908,synthetic_chat_design_preset
18.56,1.880694,1.856000,-0.057521,0.082216,synthetic_chat_design_preset
18.57,1.905440,1.857000,-0.043702,0.092142,synthetic_chat_design_preset
18.58,1.931229,1.858000,-0.029403,0.102632,synthetic_chat_design_preset
18.59,1.957832,1.859000,-0.014783,0.113615,synthetic_chat_design_preset
18.60,1.985000,1.860000,0.000000,0.125000,synthetic_chat_design_preset
18.61,2.012464,1.861000,0.014783,0.136681,synthetic_chat_design_preset
18.62,2.039940,1.862000,0.029403,0.148536,synthetic_chat_design_preset
18.63,2.067130,1.863000,0.043702,0.160428,synthetic_chat_design_preset
18.64,2.093729,1.864000,0.057521,0.172208,synthetic_chat_design_preset
18.65,2.119427,1.865000,0.070711,0.183717,synthetic_chat_design_preset
18.66,2.143917,1.866000,0.083125,0.194791,synthetic_chat_design_preset
18.67,2.166894,1.867000,0.094629,0.205264,synthetic_chat_design_preset
18.68,2.188069,1.868000,0.105097,0.214972,synthetic_chat_design_preset
18.69,2.207169,1.869000,0.114412,0.223756,synthetic_chat_design_preset
18.70,2.223943,1.870000,0.122474,0.231469,synthetic_chat_design_preset
18.71,2.238171,1.871000,0.129195,0.237976,synthetic_chat_design_preset
18.72,2.249663,1.872000,0.134500,0.243164,synthetic_chat_design_preset
18.73,2.258269,1.873000,0.138331,0.246938,synthetic_chat_design_preset
18.74,2.263878,1.874000,0.140647,0.249231,synthetic_chat_design_preset
18.75,2.266421,1.875000,0.141421,0.250000,synthetic_chat_design_preset
18.76,2.265878,1.876000,0.140647,0.249231,synthetic_chat_design_preset
18.77,2.262269,1.877000,0.138331,0.246938,synthetic_chat_design_preset
18.78,2.255663,1.878000,0.134500,0.243164,synthetic_chat_design_preset
18.79,2.246171,1.879000,0.129195,0.237976,synthetic_chat_design_preset
18.80,2.233943,1.880000,0.122474,0.231469,synthetic_chat_design_preset
18.81,2.219169,1.881000,0.114412,0.223756,synthetic_chat_design_preset
18.82,2.202069,1.882000,0.105097,0.214972,synthetic_chat_design_preset
18.83,2.182894,1.883000,0.094629,0.205264,synthetic_chat_design_preset
18.84,2.161917,1.884000,0.083125,0.194791,synthetic_chat_design_preset
18.85,2.139427,1.885000,0.070711,0.183717,synthetic_chat_design_preset
18.86,2.115729,1.886000,0.057521,0.172208,synthetic_chat_design_preset
18.87,2.091130,1.887000,0.043702,0.160428,synthetic_chat_design_preset
18.88,2.065940,1.888000,0.029403,0.148536,synthetic_chat_design_preset
18.89,2.040464,1.889000,0.014783,0.136681,synthetic_chat_design_preset
18.90,2.015000,1.890000,-0.000000,0.125000,synthetic_chat_design_preset
18.91,1.989832,1.891000,-0.014783,0.113615,synthetic_chat_design_preset
18.92,1.965229,1.892000,-0.029403,0.102632,synthetic_chat_design_preset
18.93,1.941440,1.893000,-0.043702,0.092142,synthetic_chat_design_preset
18.94,1.918694,1.894000,-0.057521,0.082216,synthetic_chat_design_preset
18.95,1.897197,1.895000,-0.070711,0.072908,synthetic_chat_design_preset
18.96,1.877132,1.896000,-0.083125,0.064257,synthetic_chat_design_preset
18.97,1.858655,1.897000,-0.094629,0.056285,synthetic_chat_design_preset
18.98,1.841902,1.898000,-0.105097,0.048999,synthetic_chat_design_preset
18.99,1.826982,1.899000,-0.114412,0.042394,synthetic_chat_design_preset
19.00,1.813980,1.900000,-0.122474,0.036454,synthetic_chat_design_preset
19.01,1.802959,1.901000,-0.129195,0.031154,synthetic_chat_design_preset
19.02,1.793961,1.902000,-0.134500,0.026461,synthetic_chat_design_preset
19.03,1.787006,1.903000,-0.138331,0.022337,synthetic_chat_design_preset
19.04,1.782093,1.904000,-0.140647,0.018739,synthetic_chat_design_preset
19.05,1.779204,1.905000,-0.141421,0.015625,synthetic_chat_design_preset
19.06,1.778302,1.906000,-0.140647,0.012948,synthetic_chat_design_preset
19.07,1.779333,1.907000,-0.138331,0.010664,synthetic_chat_design_preset
19.08,1.782229,1.908000,-0.134500,0.008729,synthetic_chat_design_preset
19.09,1.786906,1.909000,-0.129195,0.007101,synthetic_chat_design_preset
19.10,1.793267,1.910000,-0.122474,0.005741,synthetic_chat_design_preset
19.11,1.801201,1.911000,-0.114412,0.004613,synthetic_chat_design_preset
19.12,1.810588,1.912000,-0.105097,0.003684,synthetic_chat_design_preset
19.13,1.821295,1.913000,-0.094629,0.002924,synthetic_chat_design_preset
19.14,1.833181,1.914000,-0.083125,0.002307,synthetic_chat_design_preset
19.15,1.846098,1.915000,-0.070711,0.001808,synthetic_chat_design_preset
19.16,1.859888,1.916000,-0.057521,0.001409,synthetic_chat_design_preset
19.17,1.874389,1.917000,-0.043702,0.001091,synthetic_chat_design_preset
19.18,1.889437,1.918000,-0.029403,0.000840,synthetic_chat_design_preset
19.19,1.904860,1.919000,-0.014783,0.000642,synthetic_chat_design_preset
19.20,1.920488,1.920000,-0.000000,0.000488,synthetic_chat_design_preset
19.21,1.936151,1.921000,0.014783,0.000369,synthetic_chat_design_preset
19.22,1.951680,1.922000,0.029403,0.000277,synthetic_chat_design_preset
19.23,1.966908,1.923000,0.043702,0.000207,synthetic_chat_design_preset
19.24,1.981675,1.924000,0.057521,0.000153,synthetic_chat_design_preset
19.25,1.995824,1.925000,0.070711,0.000113,synthetic_chat_design_preset
19.26,2.009125,1.926000,0.083125,0.000000,synthetic_chat_design_preset
19.27,2.021629,1.927000,0.094629,0.000000,synthetic_chat_design_preset
19.28,2.033097,1.928000,0.105097,0.000000,synthetic_chat_design_preset
19.29,2.043412,1.929000,0.114412,0.000000,synthetic_chat_design_preset
19.30,2.052474,1.930000,0.122474,0.000000,synthetic_chat_design_preset
19.31,2.060195,1.931000,0.129195,0.000000,synthetic_chat_design_preset
19.32,2.066500,1.932000,0.134500,0.000000,synthetic_chat_design_preset
19.33,2.071331,1.933000,0.138331,0.000000,synthetic_chat_design_preset
19.34,2.074647,1.934000,0.140647,0.000000,synthetic_chat_design_preset
19.35,2.076421,1.935000,0.141421,0.000000,synthetic_chat_design_preset
19.36,2.076647,1.936000,0.140647,0.000000,synthetic_chat_design_preset
19.37,2.075331,1.937000,0.138331,0.000000,synthetic_chat_design_preset
19.38,2.072500,1.938000,0.134500,0.000000,synthetic_chat_design_preset
19.39,2.068195,1.939000,0.129195,0.000000,synthetic_chat_design_preset
19.40,2.062474,1.940000,0.122474,0.000000,synthetic_chat_design_preset
19.41,2.055412,1.941000,0.114412,0.000000,synthetic_chat_design_preset
19.42,2.047097,1.942000,0.105097,0.000000,synthetic_chat_design_preset
19.43,2.037629,1.943000,0.094629,0.000000,synthetic_chat_design_preset
19.44,2.027125,1.944000,0.083125,0.000000,synthetic_chat_design_preset
19.45,2.015711,1.945000,0.070711,0.000000,synthetic_chat_design_preset
19.46,2.003521,1.946000,0.057521,0.000000,synthetic_chat_design_preset
19.47,1.990702,1.947000,0.043702,0.000000,synthetic_chat_design_preset
19.48,1.977403,1.948000,0.029403,0.000000,synthetic_chat_design_preset
19.49,1.963783,1.949000,0.014783,0.000000,synthetic_chat_design_preset
19.50,1.950000,1.950000,0.000000,0.000000,synthetic_chat_design_preset
19.51,1.936217,1.951000,-0.014783,0.000000,synthetic_chat_design_preset
19.52,1.922597,1.952000,-0.029403,0.000000,synthetic_chat_design_preset
19.53,1.909298,1.953000,-0.043702,0.000000,synthetic_chat_design_preset
19.54,1.896479,1.954000,-0.057521,0.000000,synthetic_chat_design_preset
19.55,1.884289,1.955000,-0.070711,0.000000,synthetic_chat_design_preset
19.56,1.872875,1.956000,-0.083125,0.000000,synthetic_chat_design_preset
19.57,1.862371,1.957000,-0.094629,0.000000,synthetic_chat_design_preset
19.58,1.852903,1.958000,-0.105097,0.000000,synthetic_chat_design_preset
19.59,1.844588,1.959000,-0.114412,0.000000,synthetic_chat_design_preset
19.60,1.837526,1.960000,-0.122474,0.000000,synthetic_chat_design_preset
19.61,1.831805,1.961000,-0.129195,0.000000,synthetic_chat_design_preset
19.62,1.827500,1.962000,-0.134500,0.000000,synthetic_chat_design_preset
19.63,1.824669,1.963000,-0.138331,0.000000,synthetic_chat_design_preset
19.64,1.823353,1.964000,-0.140647,0.000000,synthetic_chat_design_preset
19.65,1.823579,1.965000,-0.141421,0.000000,synthetic_chat_design_preset
19.66,1.825353,1.966000,-0.140647,0.000000,synthetic_chat_design_preset
19.67,1.828669,1.967000,-0.138331,0.000000,synthetic_chat_design_preset
19.68,1.833500,1.968000,-0.134500,0.000000,synthetic_chat_design_preset
19.69,1.839805,1.969000,-0.129195,0.000000,synthetic_chat_design_preset
19.70,1.847526,1.970000,-0.122474,0.000000,synthetic_chat_design_preset
19.71,1.856588,1.971000,-0.114412,0.000000,synthetic_chat_design_preset
19.72,1.866903,1.972000,-0.105097,0.000000,synthetic_chat_design_preset
19.73,1.878371,1.973000,-0.094629,0.000000,synthetic_chat_design_preset
19.74,1.890957,1.974000,-0.083125,0.000083,synthetic_chat_design_preset
19.75,1.904402,1.975000,-0.070711,0.000113,synthetic_chat_design_preset
19.76,1.918632,1.976000,-0.057521,0.000153,synthetic_chat_design_preset
19.77,1.933505,1.977000,-0.043702,0.000207,synthetic_chat_design_preset
19.78,1.948874,1.978000,-0.029403,0.000277,synthetic_chat_design_preset
19.79,1.964586,1.979000,-0.014783,0.000369,synthetic_chat_design_preset
19.80,1.980488,1.980000,-0.000000,0.000488,synthetic_chat_design_preset
19.81,1.996425,1.981000,0.014783,0.000642,synthetic_chat_design_preset
19.82,2.012243,1.982000,0.029403,0.000840,synthetic_chat_design_preset
19.83,2.027793,1.983000,0.043702,0.001091,synthetic_chat_design_preset
19.84,2.042930,1.984000,0.057521,0.001409,synthetic_chat_design_preset
19.85,2.057519,1.985000,0.070711,0.001808,synthetic_chat_design_preset
19.86,2.071432,1.986000,0.083125,0.002307,synthetic_chat_design_preset
19.87,2.084553,1.987000,0.094629,0.002924,synthetic_chat_design_preset
19.88,2.096781,1.988000,0.105097,0.003684,synthetic_chat_design_preset
19.89,2.108026,1.989000,0.114412,0.004613,synthetic_chat_design_preset
19.90,2.118216,1.990000,0.122474,0.005741,synthetic_chat_design_preset
19.91,2.127296,1.991000,0.129195,0.007101,synthetic_chat_design_preset
19.92,2.135229,1.992000,0.134500,0.008729,synthetic_chat_design_preset
19.93,2.141995,1.993000,0.138331,0.010664,synthetic_chat_design_preset
19.94,2.147595,1.994000,0.140647,0.012948,synthetic_chat_design_preset
19.95,2.152046,1.995000,0.141421,0.015625,synthetic_chat_design_preset
19.96,2.155386,1.996000,0.140647,0.018739,synthetic_chat_design_preset
19.97,2.157668,1.997000,0.138331,0.022337,synthetic_chat_design_preset
19.98,2.158960,1.998000,0.134500,0.026461,synthetic_chat_design_preset
19.99,2.159349,1.999000,0.129195,0.031154,synthetic_chat_design_preset
20.00,2.158929,2.000000,0.122474,0.036454,synthetic_chat_design_preset
20.01,2.157806,2.001000,0.114412,0.042394,synthetic_chat_design_preset
20.02,2.156095,2.002000,0.105097,0.048999,synthetic_chat_design_preset
20.03,2.153914,2.003000,0.094629,0.056285,synthetic_chat_design_preset
20.04,2.151383,2.004000,0.083125,0.064257,synthetic_chat_design_preset
20.05,2.148619,2.005000,0.070711,0.072908,synthetic_chat_design_preset
20.06,2.145737,2.006000,0.057521,0.082216,synthetic_chat_design_preset
20.07,2.142843,2.007000,0.043702,0.092142,synthetic_chat_design_preset
20.08,2.140035,2.008000,0.029403,0.102632,synthetic_chat_design_preset
20.09,2.137397,2.009000,0.014783,0.113615,synthetic_chat_design_preset
20.10,2.135000,2.010000,-0.000000,0.125000,synthetic_chat_design_preset
20.11,2.132899,2.011000,-0.014783,0.136681,synthetic_chat_design_preset
20.12,2.131133,2.012000,-0.029403,0.148536,synthetic_chat_design_preset
20.13,2.129727,2.013000,-0.043702,0.160428,synthetic_chat_design_preset
20.14,2.128687,2.014000,-0.057521,0.172208,synthetic_chat_design_preset
20.15,2.128006,2.015000,-0.070711,0.183717,synthetic_chat_design_preset
20.16,2.127666,2.016000,-0.083125,0.194791,synthetic_chat_design_preset
20.17,2.127635,2.017000,-0.094629,0.205264,synthetic_chat_design_preset
20.18,2.127876,2.018000,-0.105097,0.214972,synthetic_chat_design_preset
20.19,2.128344,2.019000,-0.114412,0.223756,synthetic_chat_design_preset
20.20,2.128994,2.020000,-0.122474,0.231469,synthetic_chat_design_preset
20.21,2.129781,2.021000,-0.129195,0.237976,synthetic_chat_design_preset
20.22,2.130664,2.022000,-0.134500,0.243164,synthetic_chat_design_preset
20.23,2.131607,2.023000,-0.138331,0.246938,synthetic_chat_design_preset
20.24,2.132584,2.024000,-0.140647,0.249231,synthetic_chat_design_preset
20.25,2.133579,2.025000,-0.141421,0.250000,synthetic_chat_design_preset
20.26,2.134584,2.026000,-0.140647,0.249231,synthetic_chat_design_preset
20.27,2.135607,2.027000,-0.138331,0.246938,synthetic_chat_design_preset
20.28,2.136664,2.028000,-0.134500,0.243164,synthetic_chat_design_preset
20.29,2.137781,2.029000,-0.129195,0.237976,synthetic_chat_design_preset
20.30,2.138994,2.030000,-0.122474,0.231469,synthetic_chat_design_preset
20.31,2.140344,2.031000,-0.114412,0.223756,synthetic_chat_design_preset
20.32,2.141876,2.032000,-0.105097,0.214972,synthetic_chat_design_preset
20.33,2.143635,2.033000,-0.094629,0.205264,synthetic_chat_design_preset
20.34,2.145666,2.034000,-0.083125,0.194791,synthetic_chat_design_preset
20.35,2.148006,2.035000,-0.070711,0.183717,synthetic_chat_design_preset
20.36,2.150687,2.036000,-0.057521,0.172208,synthetic_chat_design_preset
20.37,2.153727,2.037000,-0.043702,0.160428,synthetic_chat_design_preset
20.38,2.157133,2.038000,-0.029403,0.148536,synthetic_chat_design_preset
20.39,2.160899,2.039000,-0.014783,0.136681,synthetic_chat_design_preset
20.40,2.165000,2.040000,0.000000,0.125000,synthetic_chat_design_preset
20.41,2.169397,2.041000,0.014783,0.113615,synthetic_chat_design_preset
20.42,2.174035,2.042000,0.029403,0.102632,synthetic_chat_design_preset
20.43,2.178843,2.043000,0.043702,0.092142,synthetic_chat_design_preset
20.44,2.183737,2.044000,0.057521,0.082216,synthetic_chat_design_preset
20.45,2.188619,2.045000,0.070711,0.072908,synthetic_chat_design_preset
20.46,2.193383,2.046000,0.083125,0.064257,synthetic_chat_design_preset
20.47,2.197914,2.047000,0.094629,0.056285,synthetic_chat_design_preset
20.48,2.202095,2.048000,0.105097,0.048999,synthetic_chat_design_preset
20.49,2.205806,2.049000,0.114412,0.042394,synthetic_chat_design_preset
20.50,2.208929,2.050000,0.122474,0.036454,synthetic_chat_design_preset
20.51,2.211349,2.051000,0.129195,0.031154,synthetic_chat_design_preset
20.52,2.212960,2.052000,0.134500,0.026461,synthetic_chat_design_preset
20.53,2.213668,2.053000,0.138331,0.022337,synthetic_chat_design_preset
20.54,2.213386,2.054000,0.140647,0.018739,synthetic_chat_design_preset
20.55,2.212046,2.055000,0.141421,0.015625,synthetic_chat_design_preset
20.56,2.209595,2.056000,0.140647,0.012948,synthetic_chat_design_preset
20.57,2.205995,2.057000,0.138331,0.010664,synthetic_chat_design_preset
20.58,2.201229,2.058000,0.134500,0.008729,synthetic_chat_design_preset
20.59,2.195296,2.059000,0.129195,0.007101,synthetic_chat_design_preset
20.60,2.188216,2.060000,0.122474,0.005741,synthetic_chat_design_preset
20.61,2.180026,2.061000,0.114412,0.004613,synthetic_chat_design_preset
20.62,2.170781,2.062000,0.105097,0.003684,synthetic_chat_design_preset
20.63,2.160553,2.063000,0.094629,0.002924,synthetic_chat_design_preset
20.64,2.149432,2.064000,0.083125,0.002307,synthetic_chat_design_preset
20.65,2.137519,2.065000,0.070711,0.001808,synthetic_chat_design_preset
20.66,2.124930,2.066000,0.057521,0.001409,synthetic_chat_design_preset
20.67,2.111793,2.067000,0.043702,0.001091,synthetic_chat_design_preset
20.68,2.098243,2.068000,0.029403,0.000840,synthetic_chat_design_preset
20.69,2.084425,2.069000,0.014783,0.000642,synthetic_chat_design_preset
20.70,2.070488,2.070000,0.000000,0.000488,synthetic_chat_design_preset
20.71,2.056586,2.071000,-0.014783,0.000369,synthetic_chat_design_preset
20.72,2.042874,2.072000,-0.029403,0.000277,synthetic_chat_design_preset
20.73,2.029505,2.073000,-0.043702,0.000207,synthetic_chat_design_preset
20.74,2.016632,2.074000,-0.057521,0.000153,synthetic_chat_design_preset
20.75,2.004402,2.075000,-0.070711,0.000113,synthetic_chat_design_preset
20.76,1.992875,2.076000,-0.083125,0.000000,synthetic_chat_design_preset
20.77,1.982371,2.077000,-0.094629,0.000000,synthetic_chat_design_preset
20.78,1.972903,2.078000,-0.105097,0.000000,synthetic_chat_design_preset
20.79,1.964588,2.079000,-0.114412,0.000000,synthetic_chat_design_preset
20.80,1.957526,2.080000,-0.122474,0.000000,synthetic_chat_design_preset
20.81,1.951805,2.081000,-0.129195,0.000000,synthetic_chat_design_preset
20.82,1.947500,2.082000,-0.134500,0.000000,synthetic_chat_design_preset
20.83,1.944669,2.083000,-0.138331,0.000000,synthetic_chat_design_preset
20.84,1.943353,2.084000,-0.140647,0.000000,synthetic_chat_design_preset
20.85,1.943579,2.085000,-0.141421,0.000000,synthetic_chat_design_preset
20.86,1.945353,2.086000,-0.140647,0.000000,synthetic_chat_design_preset
20.87,1.948669,2.087000,-0.138331,0.000000,synthetic_chat_design_preset
20.88,1.953500,2.088000,-0.134500,0.000000,synthetic_chat_design_preset
20.89,1.959805,2.089000,-0.129195,0.000000,synthetic_chat_design_preset
20.90,1.967526,2.090000,-0.122474,0.000000,synthetic_chat_design_preset
20.91,1.976588,2.091000,-0.114412,0.000000,synthetic_chat_design_preset
20.92,1.986903,2.092000,-0.105097,0.000000,synthetic_chat_design_preset
20.93,1.998371,2.093000,-0.094629,0.000000,synthetic_chat_design_preset
20.94,2.010875,2.094000,-0.083125,0.000000,synthetic_chat_design_preset
20.95,2.024289,2.095000,-0.070711,0.000000,synthetic_chat_design_preset
20.96,2.038479,2.096000,-0.057521,0.000000,synthetic_chat_design_preset
20.97,2.053298,2.097000,-0.043702,0.000000,synthetic_chat_design_preset
20.98,2.068597,2.098000,-0.029403,0.000000,synthetic_chat_design_preset
20.99,2.084217,2.099000,-0.014783,0.000000,synthetic_chat_design_preset
21.00,2.100000,2.100000,0.000000,0.000000,synthetic_chat_design_preset
21.01,2.115783,2.101000,0.014783,0.000000,synthetic_chat_design_preset
21.02,2.131403,2.102000,0.029403,0.000000,synthetic_chat_design_preset
21.03,2.146702,2.103000,0.043702,0.000000,synthetic_chat_design_preset
21.04,2.161521,2.104000,0.057521,0.000000,synthetic_chat_design_preset
21.05,2.175711,2.105000,0.070711,0.000000,synthetic_chat_design_preset
21.06,2.189125,2.106000,0.083125,0.000000,synthetic_chat_design_preset
21.07,2.201629,2.107000,0.094629,0.000000,synthetic_chat_design_preset
21.08,2.213097,2.108000,0.105097,0.000000,synthetic_chat_design_preset
21.09,2.223412,2.109000,0.114412,0.000000,synthetic_chat_design_preset
21.10,2.232474,2.110000,0.122474,0.000000,synthetic_chat_design_preset
21.11,2.240195,2.111000,0.129195,0.000000,synthetic_chat_design_preset
21.12,2.246500,2.112000,0.134500,0.000000,synthetic_chat_design_preset
21.13,2.251331,2.113000,0.138331,0.000000,synthetic_chat_design_preset
21.14,2.254647,2.114000,0.140647,0.000000,synthetic_chat_design_preset
21.15,2.256421,2.115000,0.141421,0.000000,synthetic_chat_design_preset
21.16,2.256647,2.116000,0.140647,0.000000,synthetic_chat_design_preset
21.17,2.255331,2.117000,0.138331,0.000000,synthetic_chat_design_preset
21.18,2.252500,2.118000,0.134500,0.000000,synthetic_chat_design_preset
21.19,2.248195,2.119000,0.129195,0.000000,synthetic_chat_design_preset
21.20,2.242474,2.120000,0.122474,0.000000,synthetic_chat_design_preset
21.21,2.235412,2.121000,0.114412,0.000000,synthetic_chat_design_preset
21.22,2.227097,2.122000,0.105097,0.000000,synthetic_chat_design_preset
21.23,2.217629,2.123000,0.094629,0.000000,synthetic_chat_design_preset
21.24,2.207208,2.124000,0.083125,0.000083,synthetic_chat_design_preset
21.25,2.195824,2.125000,0.070711,0.000113,synthetic_chat_design_preset
21.26,2.183675,2.126000,0.057521,0.000153,synthetic_chat_design_preset
21.27,2.170908,2.127000,0.043702,0.000207,synthetic_chat_design_preset
21.28,2.157680,2.128000,0.029403,0.000277,synthetic_chat_design_preset
21.29,2.144151,2.129000,0.014783,0.000369,synthetic_chat_design_preset
21.30,2.130488,2.130000,-0.000000,0.000488,synthetic_chat_design_preset
21.31,2.116860,2.131000,-0.014783,0.000642,synthetic_chat_design_preset
21.32,2.103437,2.132000,-0.029403,0.000840,synthetic_chat_design_preset
21.33,2.090389,2.133000,-0.043702,0.001091,synthetic_chat_design_preset
21.34,2.077888,2.134000,-0.057521,0.001409,synthetic_chat_design_preset
21.35,2.066098,2.135000,-0.070711,0.001808,synthetic_chat_design_preset
21.36,2.055181,2.136000,-0.083125,0.002307,synthetic_chat_design_preset
21.37,2.045295,2.137000,-0.094629,0.002924,synthetic_chat_design_preset
21.38,2.036588,2.138000,-0.105097,0.003684,synthetic_chat_design_preset
21.39,2.029201,2.139000,-0.114412,0.004613,synthetic_chat_design_preset
21.40,2.023267,2.140000,-0.122474,0.005741,synthetic_chat_design_preset
21.41,2.018906,2.141000,-0.129195,0.007101,synthetic_chat_design_preset
21.42,2.016229,2.142000,-0.134500,0.008729,synthetic_chat_design_preset
21.43,2.015333,2.143000,-0.138331,0.010664,synthetic_chat_design_preset
21.44,2.016302,2.144000,-0.140647,0.012948,synthetic_chat_design_preset
21.45,2.019204,2.145000,-0.141421,0.015625,synthetic_chat_design_preset
21.46,2.024093,2.146000,-0.140647,0.018739,synthetic_chat_design_preset
21.47,2.031006,2.147000,-0.138331,0.022337,synthetic_chat_design_preset
21.48,2.039961,2.148000,-0.134500,0.026461,synthetic_chat_design_preset
21.49,2.050959,2.149000,-0.129195,0.031154,synthetic_chat_design_preset
21.50,2.063980,2.150000,-0.122474,0.036454,synthetic_chat_design_preset
21.51,2.078982,2.151000,-0.114412,0.042394,synthetic_chat_design_preset
21.52,2.095902,2.152000,-0.105097,0.048999,synthetic_chat_design_preset
21.53,2.114655,2.153000,-0.094629,0.056285,synthetic_chat_design_preset
21.54,2.135132,2.154000,-0.083125,0.064257,synthetic_chat_design_preset
21.55,2.157197,2.155000,-0.070711,0.072908,synthetic_chat_design_preset
21.56,2.180694,2.156000,-0.057521,0.082216,synthetic_chat_design_preset
21.57,2.205440,2.157000,-0.043702,0.092142,synthetic_chat_design_preset
21.58,2.231229,2.158000,-0.029403,0.102632,synthetic_chat_design_preset
21.59,2.257832,2.159000,-0.014783,0.113615,synthetic_chat_design_preset
21.60,2.285000,2.160000,-0.000000,0.125000,synthetic_chat_design_preset
21.61,2.312464,2.161000,0.014783,0.136681,synthetic_chat_design_preset
21.62,2.339940,2.162000,0.029403,0.148536,synthetic_chat_design_preset
21.63,2.367130,2.163000,0.043702,0.160428,synthetic_chat_design_preset
21.64,2.393729,2.164000,0.057521,0.172208,synthetic_chat_design_preset
21.65,2.419427,2.165000,0.070711,0.183717,synthetic_chat_design_preset
21.66,2.443917,2.166000,0.083125,0.194791,synthetic_chat_design_preset
21.67,2.466894,2.167000,0.094629,0.205264,synthetic_chat_design_preset
21.68,2.488069,2.168000,0.105097,0.214972,synthetic_chat_design_preset
21.69,2.507169,2.169000,0.114412,0.223756,synthetic_chat_design_preset
21.70,2.523943,2.170000,0.122474,0.231469,synthetic_chat_design_preset
21.71,2.538171,2.171000,0.129195,0.237976,synthetic_chat_design_preset
21.72,2.549663,2.172000,0.134500,0.243164,synthetic_chat_design_preset
21.73,2.558269,2.173000,0.138331,0.246938,synthetic_chat_design_preset
21.74,2.563878,2.174000,0.140647,0.249231,synthetic_chat_design_preset
21.75,2.566421,2.175000,0.141421,0.250000,synthetic_chat_design_preset
21.76,2.565878,2.176000,0.140647,0.249231,synthetic_chat_design_preset
21.77,2.562269,2.177000,0.138331,0.246938,synthetic_chat_design_preset
21.78,2.555663,2.178000,0.134500,0.243164,synthetic_chat_design_preset
21.79,2.546171,2.179000,0.129195,0.237976,synthetic_chat_design_preset
21.80,2.533943,2.180000,0.122474,0.231469,synthetic_chat_design_preset
21.81,2.519169,2.181000,0.114412,0.223756,synthetic_chat_design_preset
21.82,2.502069,2.182000,0.105097,0.214972,synthetic_chat_design_preset
21.83,2.482894,2.183000,0.094629,0.205264,synthetic_chat_design_preset
21.84,2.461917,2.184000,0.083125,0.194791,synthetic_chat_design_preset
21.85,2.439427,2.185000,0.070711,0.183717,synthetic_chat_design_preset
21.86,2.415729,2.186000,0.057521,0.172208,synthetic_chat_design_preset
21.87,2.391130,2.187000,0.043702,0.160428,synthetic_chat_design_preset
21.88,2.365940,2.188000,0.029403,0.148536,synthetic_chat_design_preset
21.89,2.340464,2.189000,0.014783,0.136681,synthetic_chat_design_preset
21.90,2.315000,2.190000,-0.000000,0.125000,synthetic_chat_design_preset
21.91,2.289832,2.191000,-0.014783,0.113615,synthetic_chat_design_preset
21.92,2.265229,2.192000,-0.029403,0.102632,synthetic_chat_design_preset
21.93,2.241440,2.193000,-0.043702,0.092142,synthetic_chat_design_preset
21.94,2.218694,2.194000,-0.057521,0.082216,synthetic_chat_design_preset
21.95,2.197197,2.195000,-0.070711,0.072908,synthetic_chat_design_preset
21.96,2.177132,2.196000,-0.083125,0.064257,synthetic_chat_design_preset
21.97,2.158655,2.197000,-0.094629,0.056285,synthetic_chat_design_preset
21.98,2.141902,2.198000,-0.105097,0.048999,synthetic_chat_design_preset
21.99,2.126982,2.199000,-0.114412,0.042394,synthetic_chat_design_preset
22.00,2.113980,2.200000,-0.122474,0.036454,synthetic_chat_design_preset
22.01,2.102959,2.201000,-0.129195,0.031154,synthetic_chat_design_preset
22.02,2.093961,2.202000,-0.134500,0.026461,synthetic_chat_design_preset
22.03,2.087006,2.203000,-0.138331,0.022337,synthetic_chat_design_preset
22.04,2.082093,2.204000,-0.140647,0.018739,synthetic_chat_design_preset
22.05,2.079204,2.205000,-0.141421,0.015625,synthetic_chat_design_preset
22.06,2.078302,2.206000,-0.140647,0.012948,synthetic_chat_design_preset
22.07,2.079333,2.207000,-0.138331,0.010664,synthetic_chat_design_preset
22.08,2.082229,2.208000,-0.134500,0.008729,synthetic_chat_design_preset
22.09,2.086906,2.209000,-0.129195,0.007101,synthetic_chat_design_preset
22.10,2.093267,2.210000,-0.122474,0.005741,synthetic_chat_design_preset
22.11,2.101201,2.211000,-0.114412,0.004613,synthetic_chat_design_preset
22.12,2.110588,2.212000,-0.105097,0.003684,synthetic_chat_design_preset
22.13,2.121295,2.213000,-0.094629,0.002924,synthetic_chat_design_preset
22.14,2.133181,2.214000,-0.083125,0.002307,synthetic_chat_design_preset
22.15,2.146098,2.215000,-0.070711,0.001808,synthetic_chat_design_preset
22.16,2.159888,2.216000,-0.057521,0.001409,synthetic_chat_design_preset
22.17,2.174389,2.217000,-0.043702,0.001091,synthetic_chat_design_preset
22.18,2.189437,2.218000,-0.029403,0.000840,synthetic_chat_design_preset
22.19,2.204860,2.219000,-0.014783,0.000642,synthetic_chat_design_preset
22.20,2.220488,2.220000,-0.000000,0.000488,synthetic_chat_design_preset
22.21,2.236151,2.221000,0.014783,0.000369,synthetic_chat_design_preset
22.22,2.251680,2.222000,0.029403,0.000277,synthetic_chat_design_preset
22.23,2.266908,2.223000,0.043702,0.000207,synthetic_chat_design_preset
22.24,2.281675,2.224000,0.057521,0.000153,synthetic_chat_design_preset
22.25,2.295824,2.225000,0.070711,0.000113,synthetic_chat_design_preset
22.26,2.309125,2.226000,0.083125,0.000000,synthetic_chat_design_preset
22.27,2.321629,2.227000,0.094629,0.000000,synthetic_chat_design_preset
22.28,2.333097,2.228000,0.105097,0.000000,synthetic_chat_design_preset
22.29,2.343412,2.229000,0.114412,0.000000,synthetic_chat_design_preset
22.30,2.352474,2.230000,0.122474,0.000000,synthetic_chat_design_preset
22.31,2.360195,2.231000,0.129195,0.000000,synthetic_chat_design_preset
22.32,2.366500,2.232000,0.134500,0.000000,synthetic_chat_design_preset
22.33,2.371331,2.233000,0.138331,0.000000,synthetic_chat_design_preset
22.34,2.374647,2.234000,0.140647,0.000000,synthetic_chat_design_preset
22.35,2.376421,2.235000,0.141421,0.000000,synthetic_chat_design_preset
22.36,2.376647,2.236000,0.140647,0.000000,synthetic_chat_design_preset
22.37,2.375331,2.237000,0.138331,0.000000,synthetic_chat_design_preset
22.38,2.372500,2.238000,0.134500,0.000000,synthetic_chat_design_preset
22.39,2.368195,2.239000,0.129195,0.000000,synthetic_chat_design_preset
22.40,2.362474,2.240000,0.122474,0.000000,synthetic_chat_design_preset
22.41,2.355412,2.241000,0.114412,0.000000,synthetic_chat_design_preset
22.42,2.347097,2.242000,0.105097,0.000000,synthetic_chat_design_preset
22.43,2.337629,2.243000,0.094629,0.000000,synthetic_chat_design_preset
22.44,2.327125,2.244000,0.083125,0.000000,synthetic_chat_design_preset
22.45,2.315711,2.245000,0.070711,0.000000,synthetic_chat_design_preset
22.46,2.303521,2.246000,0.057521,0.000000,synthetic_chat_design_preset
22.47,2.290702,2.247000,0.043702,0.000000,synthetic_chat_design_preset
22.48,2.277403,2.248000,0.029403,0.000000,synthetic_chat_design_preset
22.49,2.263783,2.249000,0.014783,0.000000,synthetic_chat_design_preset
22.50,2.250000,2.250000,-0.000000,0.000000,synthetic_chat_design_preset
22.51,2.236217,2.251000,-0.014783,0.000000,synthetic_chat_design_preset
22.52,2.222597,2.252000,-0.029403,0.000000,synthetic_chat_design_preset
22.53,2.209298,2.253000,-0.043702,0.000000,synthetic_chat_design_preset
22.54,2.196479,2.254000,-0.057521,0.000000,synthetic_chat_design_preset
22.55,2.184289,2.255000,-0.070711,0.000000,synthetic_chat_design_preset
22.56,2.172875,2.256000,-0.083125,0.000000,synthetic_chat_design_preset
22.57,2.162371,2.257000,-0.094629,0.000000,synthetic_chat_design_preset
22.58,2.152903,2.258000,-0.105097,0.000000,synthetic_chat_design_preset
22.59,2.144588,2.259000,-0.114412,0.000000,synthetic_chat_design_preset
22.60,2.137526,2.260000,-0.122474,0.000000,synthetic_chat_design_preset
22.61,2.131805,2.261000,-0.129195,0.000000,synthetic_chat_design_preset
22.62,2.127500,2.262000,-0.134500,0.000000,synthetic_chat_design_preset
22.63,2.124669,2.263000,-0.138331,0.000000,synthetic_chat_design_preset
22.64,2.123353,2.264000,-0.140647,0.000000,synthetic_chat_design_preset
22.65,2.123579,2.265000,-0.141421,0.000000,synthetic_chat_design_preset
22.66,2.125353,2.266000,-0.140647,0.000000,synthetic_chat_design_preset
22.67,2.128669,2.267000,-0.138331,0.000000,synthetic_chat_design_preset
22.68,2.133500,2.268000,-0.134500,0.000000,synthetic_chat_design_preset
22.69,2.139805,2.269000,-0.129195,0.000000,synthetic_chat_design_preset
22.70,2.147526,2.270000,-0.122474,0.000000,synthetic_chat_design_preset
22.71,2.156588,2.271000,-0.114412,0.000000,synthetic_chat_design_preset
22.72,2.166903,2.272000,-0.105097,0.000000,synthetic_chat_design_preset
22.73,2.178371,2.273000,-0.094629,0.000000,synthetic_chat_design_preset
22.74,2.190957,2.274000,-0.083125,0.000083,synthetic_chat_design_preset
22.75,2.204402,2.275000,-0.070711,0.000113,synthetic_chat_design_preset
22.76,2.218632,2.276000,-0.057521,0.000153,synthetic_chat_design_preset
22.77,2.233505,2.277000,-0.043702,0.000207,synthetic_chat_design_preset
22.78,2.248874,2.278000,-0.029403,0.000277,synthetic_chat_design_preset
22.79,2.264586,2.279000,-0.014783,0.000369,synthetic_chat_design_preset
22.80,2.280488,2.280000,0.000000,0.000488,synthetic_chat_design_preset
22.81,2.296425,2.281000,0.014783,0.000642,synthetic_chat_design_preset
22.82,2.312243,2.282000,0.029403,0.000840,synthetic_chat_design_preset
22.83,2.327793,2.283000,0.043702,0.001091,synthetic_chat_design_preset
22.84,2.342930,2.284000,0.057521,0.001409,synthetic_chat_design_preset
22.85,2.357519,2.285000,0.070711,0.001808,synthetic_chat_design_preset
22.86,2.371432,2.286000,0.083125,0.002307,synthetic_chat_design_preset
22.87,2.384553,2.287000,0.094629,0.002924,synthetic_chat_design_preset
22.88,2.396781,2.288000,0.105097,0.003684,synthetic_chat_design_preset
22.89,2.408026,2.289000,0.114412,0.004613,synthetic_chat_design_preset
22.90,2.418216,2.290000,0.122474,0.005741,synthetic_chat_design_preset
22.91,2.427296,2.291000,0.129195,0.007101,synthetic_chat_design_preset
22.92,2.435229,2.292000,0.134500,0.008729,synthetic_chat_design_preset
22.93,2.441995,2.293000,0.138331,0.010664,synthetic_chat_design_preset
22.94,2.447595,2.294000,0.140647,0.012948,synthetic_chat_design_preset
22.95,2.452046,2.295000,0.141421,0.015625,synthetic_chat_design_preset
22.96,2.455386,2.296000,0.140647,0.018739,synthetic_chat_design_preset
22.97,2.457668,2.297000,0.138331,0.022337,synthetic_chat_design_preset
22.98,2.458960,2.298000,0.134500,0.026461,synthetic_chat_design_preset
22.99,2.459349,2.299000,0.129195,0.031154,synthetic_chat_design_preset
23.00,2.458929,2.300000,0.122474,0.036454,synthetic_chat_design_preset
23.01,2.457806,2.301000,0.114412,0.042394,synthetic_chat_design_preset
23.02,2.456095,2.302000,0.105097,0.048999,synthetic_chat_design_preset
23.03,2.453914,2.303000,0.094629,0.056285,synthetic_chat_design_preset
23.04,2.451383,2.304000,0.083125,0.064257,synthetic_chat_design_preset
23.05,2.448619,2.305000,0.070711,0.072908,synthetic_chat_design_preset
23.06,2.445737,2.306000,0.057521,0.082216,synthetic_chat_design_preset
23.07,2.442843,2.307000,0.043702,0.092142,synthetic_chat_design_preset
23.08,2.440035,2.308000,0.029403,0.102632,synthetic_chat_design_preset
23.09,2.437397,2.309000,0.014783,0.113615,synthetic_chat_design_preset
23.10,2.435000,2.310000,0.000000,0.125000,synthetic_chat_design_preset
23.11,2.432899,2.311000,-0.014783,0.136681,synthetic_chat_design_preset
23.12,2.431133,2.312000,-0.029403,0.148536,synthetic_chat_design_preset
23.13,2.429727,2.313000,-0.043702,0.160428,synthetic_chat_design_preset
23.14,2.428687,2.314000,-0.057521,0.172208,synthetic_chat_design_preset
23.15,2.428006,2.315000,-0.070711,0.183717,synthetic_chat_design_preset
23.16,2.427666,2.316000,-0.083125,0.194791,synthetic_chat_design_preset
23.17,2.427635,2.317000,-0.094629,0.205264,synthetic_chat_design_preset
23.18,2.427876,2.318000,-0.105097,0.214972,synthetic_chat_design_preset
23.19,2.428344,2.319000,-0.114412,0.223756,synthetic_chat_design_preset
23.20,2.428994,2.320000,-0.122474,0.231469,synthetic_chat_design_preset
23.21,2.429781,2.321000,-0.129195,0.237976,synthetic_chat_design_preset
23.22,2.430664,2.322000,-0.134500,0.243164,synthetic_chat_design_preset
23.23,2.431607,2.323000,-0.138331,0.246938,synthetic_chat_design_preset
23.24,2.432584,2.324000,-0.140647,0.249231,synthetic_chat_design_preset
23.25,2.433579,2.325000,-0.141421,0.250000,synthetic_chat_design_preset
23.26,2.434584,2.326000,-0.140647,0.249231,synthetic_chat_design_preset
23.27,2.435607,2.327000,-0.138331,0.246938,synthetic_chat_design_preset
23.28,2.436664,2.328000,-0.134500,0.243164,synthetic_chat_design_preset
23.29,2.437781,2.329000,-0.129195,0.237976,synthetic_chat_design_preset
23.30,2.438994,2.330000,-0.122474,0.231469,synthetic_chat_design_preset
23.31,2.440344,2.331000,-0.114412,0.223756,synthetic_chat_design_preset
23.32,2.441876,2.332000,-0.105097,0.214972,synthetic_chat_design_preset
23.33,2.443635,2.333000,-0.094629,0.205264,synthetic_chat_design_preset
23.34,2.445666,2.334000,-0.083125,0.194791,synthetic_chat_design_preset
23.35,2.448006,2.335000,-0.070711,0.183717,synthetic_chat_design_preset
23.36,2.450687,2.336000,-0.057521,0.172208,synthetic_chat_design_preset
23.37,2.453727,2.337000,-0.043702,0.160428,synthetic_chat_design_preset
23.38,2.457133,2.338000,-0.029403,0.148536,synthetic_chat_design_preset
23.39,2.460899,2.339000,-0.014783,0.136681,synthetic_chat_design_preset
23.40,2.465000,2.340000,0.000000,0.125000,synthetic_chat_design_preset
23.41,2.469397,2.341000,0.014783,0.113615,synthetic_chat_design_preset
23.42,2.474035,2.342000,0.029403,0.102632,synthetic_chat_design_preset
23.43,2.478843,2.343000,0.043702,0.092142,synthetic_chat_design_preset
23.44,2.483737,2.344000,0.057521,0.082216,synthetic_chat_design_preset
23.45,2.488619,2.345000,0.070711,0.072908,synthetic_chat_design_preset
23.46,2.493383,2.346000,0.083125,0.064257,synthetic_chat_design_preset
23.47,2.497914,2.347000,0.094629,0.056285,synthetic_chat_design_preset
23.48,2.502095,2.348000,0.105097,0.048999,synthetic_chat_design_preset
23.49,2.505806,2.349000,0.114412,0.042394,synthetic_chat_design_preset
23.50,2.508929,2.350000,0.122474,0.036454,synthetic_chat_design_preset
23.51,2.511349,2.351000,0.129195,0.031154,synthetic_chat_design_preset
23.52,2.512960,2.352000,0.134500,0.026461,synthetic_chat_design_preset
23.53,2.513668,2.353000,0.138331,0.022337,synthetic_chat_design_preset
23.54,2.513386,2.354000,0.140647,0.018739,synthetic_chat_design_preset
23.55,2.512046,2.355000,0.141421,0.015625,synthetic_chat_design_preset
23.56,2.509595,2.356000,0.140647,0.012948,synthetic_chat_design_preset
23.57,2.505995,2.357000,0.138331,0.010664,synthetic_chat_design_preset
23.58,2.501229,2.358000,0.134500,0.008729,synthetic_chat_design_preset
23.59,2.495296,2.359000,0.129195,0.007101,synthetic_chat_design_preset
23.60,2.488216,2.360000,0.122474,0.005741,synthetic_chat_design_preset
23.61,2.480026,2.361000,0.114412,0.004613,synthetic_chat_design_preset
23.62,2.470781,2.362000,0.105097,0.003684,synthetic_chat_design_preset
23.63,2.460553,2.363000,0.094629,0.002924,synthetic_chat_design_preset
23.64,2.449432,2.364000,0.083125,0.002307,synthetic_chat_design_preset
23.65,2.437519,2.365000,0.070711,0.001808,synthetic_chat_design_preset
23.66,2.424930,2.366000,0.057521,0.001409,synthetic_chat_design_preset
23.67,2.411793,2.367000,0.043702,0.001091,synthetic_chat_design_preset
23.68,2.398243,2.368000,0.029403,0.000840,synthetic_chat_design_preset
23.69,2.384425,2.369000,0.014783,0.000642,synthetic_chat_design_preset
23.70,2.370488,2.370000,0.000000,0.000488,synthetic_chat_design_preset
23.71,2.356586,2.371000,-0.014783,0.000369,synthetic_chat_design_preset
23.72,2.342874,2.372000,-0.029403,0.000277,synthetic_chat_design_preset
23.73,2.329505,2.373000,-0.043702,0.000207,synthetic_chat_design_preset
23.74,2.316632,2.374000,-0.057521,0.000153,synthetic_chat_design_preset
23.75,2.304402,2.375000,-0.070711,0.000113,synthetic_chat_design_preset
23.76,2.292875,2.376000,-0.083125,0.000000,synthetic_chat_design_preset
23.77,2.282371,2.377000,-0.094629,0.000000,synthetic_chat_design_preset
23.78,2.272903,2.378000,-0.105097,0.000000,synthetic_chat_design_preset
23.79,2.264588,2.379000,-0.114412,0.000000,synthetic_chat_design_preset
23.80,2.257526,2.380000,-0.122474,0.000000,synthetic_chat_design_preset
23.81,2.251805,2.381000,-0.129195,0.000000,synthetic_chat_design_preset
23.82,2.247500,2.382000,-0.134500,0.000000,synthetic_chat_design_preset
23.83,2.244669,2.383000,-0.138331,0.000000,synthetic_chat_design_preset
23.84,2.243353,2.384000,-0.140647,0.000000,synthetic_chat_design_preset
23.85,2.243579,2.385000,-0.141421,0.000000,synthetic_chat_design_preset
23.86,2.245353,2.386000,-0.140647,0.000000,synthetic_chat_design_preset
23.87,2.248669,2.387000,-0.138331,0.000000,synthetic_chat_design_preset
23.88,2.253500,2.388000,-0.134500,0.000000,synthetic_chat_design_preset
23.89,2.259805,2.389000,-0.129195,0.000000,synthetic_chat_design_preset
23.90,2.267526,2.390000,-0.122474,0.000000,synthetic_chat_design_preset
23.91,2.276588,2.391000,-0.114412,0.000000,synthetic_chat_design_preset
23.92,2.286903,2.392000,-0.105097,0.000000,synthetic_chat_design_preset
23.93,2.298371,2.393000,-0.094629,0.000000,synthetic_chat_design_preset
23.94,2.310875,2.394000,-0.083125,0.000000,synthetic_chat_design_preset
23.95,2.324289,2.395000,-0.070711,0.000000,synthetic_chat_design_preset
23.96,2.338479,2.396000,-0.057521,0.000000,synthetic_chat_design_preset
23.97,2.353298,2.397000,-0.043702,0.000000,synthetic_chat_design_preset
23.98,2.368597,2.398000,-0.029403,0.000000,synthetic_chat_design_preset
23.99,2.384217,2.399000,-0.014783,0.000000,synthetic_chat_design_preset
24.00,2.400000,2.400000,-0.000000,0.000000,synthetic_chat_design_preset
24.01,2.415783,2.401000,0.014783,0.000000,synthetic_chat_design_preset
24.02,2.431403,2.402000,0.029403,0.000000,synthetic_chat_design_preset
24.03,2.446702,2.403000,0.043702,0.000000,synthetic_chat_design_preset
24.04,2.461521,2.404000,0.057521,0.000000,synthetic_chat_design_preset
24.05,2.475711,2.405000,0.070711,0.000000,synthetic_chat_design_preset
24.06,2.489125,2.406000,0.083125,0.000000,synthetic_chat_design_preset
24.07,2.501629,2.407000,0.094629,0.000000,synthetic_chat_design_preset
24.08,2.513097,2.408000,0.105097,0.000000,synthetic_chat_design_preset
24.09,2.523412,2.409000,0.114412,0.000000,synthetic_chat_design_preset
24.10,2.532474,2.410000,0.122474,0.000000,synthetic_chat_design_preset
24.11,2.540195,2.411000,0.129195,0.000000,synthetic_chat_design_preset
24.12,2.546500,2.412000,0.134500,0.000000,synthetic_chat_design_preset
24.13,2.551331,2.413000,0.138331,0.000000,synthetic_chat_design_preset
24.14,2.554647,2.414000,0.140647,0.000000,synthetic_chat_design_preset
24.15,2.556421,2.415000,0.141421,0.000000,synthetic_chat_design_preset
24.16,2.556647,2.416000,0.140647,0.000000,synthetic_chat_design_preset
24.17,2.555331,2.417000,0.138331,0.000000,synthetic_chat_design_preset
24.18,2.552500,2.418000,0.134500,0.000000,synthetic_chat_design_preset
24.19,2.548195,2.419000,0.129195,0.000000,synthetic_chat_design_preset
24.20,2.542474,2.420000,0.122474,0.000000,synthetic_chat_design_preset
24.21,2.535412,2.421000,0.114412,0.000000,synthetic_chat_design_preset
24.22,2.527097,2.422000,0.105097,0.000000,synthetic_chat_design_preset
24.23,2.517629,2.423000,0.094629,0.000000,synthetic_chat_design_preset
24.24,2.507208,2.424000,0.083125,0.000083,synthetic_chat_design_preset
24.25,2.495824,2.425000,0.070711,0.000113,synthetic_chat_design_preset
24.26,2.483675,2.426000,0.057521,0.000153,synthetic_chat_design_preset
24.27,2.470908,2.427000,0.043702,0.000207,synthetic_chat_design_preset
24.28,2.457680,2.428000,0.029403,0.000277,synthetic_chat_design_preset
24.29,2.444151,2.429000,0.014783,0.000369,synthetic_chat_design_preset
24.30,2.430488,2.430000,-0.000000,0.000488,synthetic_chat_design_preset
24.31,2.416860,2.431000,-0.014783,0.000642,synthetic_chat_design_preset
24.32,2.403437,2.432000,-0.029403,0.000840,synthetic_chat_design_preset
24.33,2.390389,2.433000,-0.043702,0.001091,synthetic_chat_design_preset
24.34,2.377888,2.434000,-0.057521,0.001409,synthetic_chat_design_preset
24.35,2.366098,2.435000,-0.070711,0.001808,synthetic_chat_design_preset
24.36,2.355181,2.436000,-0.083125,0.002307,synthetic_chat_design_preset
24.37,2.345295,2.437000,-0.094629,0.002924,synthetic_chat_design_preset
24.38,2.336588,2.438000,-0.105097,0.003684,synthetic_chat_design_preset
24.39,2.329201,2.439000,-0.114412,0.004613,synthetic_chat_design_preset
24.40,2.323267,2.440000,-0.122474,0.005741,synthetic_chat_design_preset
24.41,2.318906,2.441000,-0.129195,0.007101,synthetic_chat_design_preset
24.42,2.316229,2.442000,-0.134500,0.008729,synthetic_chat_design_preset
24.43,2.315333,2.443000,-0.138331,0.010664,synthetic_chat_design_preset
24.44,2.316302,2.444000,-0.140647,0.012948,synthetic_chat_design_preset
24.45,2.319204,2.445000,-0.141421,0.015625,synthetic_chat_design_preset
24.46,2.324093,2.446000,-0.140647,0.018739,synthetic_chat_design_preset
24.47,2.331006,2.447000,-0.138331,0.022337,synthetic_chat_design_preset
24.48,2.339961,2.448000,-0.134500,0.026461,synthetic_chat_design_preset
24.49,2.350959,2.449000,-0.129195,0.031154,synthetic_chat_design_preset
24.50,2.363980,2.450000,-0.122474,0.036454,synthetic_chat_design_preset
24.51,2.378982,2.451000,-0.114412,0.042394,synthetic_chat_design_preset
24.52,2.395902,2.452000,-0.105097,0.048999,synthetic_chat_design_preset
24.53,2.414655,2.453000,-0.094629,0.056285,synthetic_chat_design_preset
24.54,2.435132,2.454000,-0.083125,0.064257,synthetic_chat_design_preset
24.55,2.457197,2.455000,-0.070711,0.072908,synthetic_chat_design_preset
24.56,2.480694,2.456000,-0.057521,0.082216,synthetic_chat_design_preset
24.57,2.505440,2.457000,-0.043702,0.092142,synthetic_chat_design_preset
24.58,2.531229,2.458000,-0.029403,0.102632,synthetic_chat_design_preset
24.59,2.557832,2.459000,-0.014783,0.113615,synthetic_chat_design_preset
24.60,2.585000,2.460000,0.000000,0.125000,synthetic_chat_design_preset
24.61,2.612464,2.461000,0.014783,0.136681,synthetic_chat_design_preset
24.62,2.639940,2.462000,0.029403,0.148536,synthetic_chat_design_preset
24.63,2.667130,2.463000,0.043702,0.160428,synthetic_chat_design_preset
24.64,2.693729,2.464000,0.057521,0.172208,synthetic_chat_design_preset
24.65,2.719427,2.465000,0.070711,0.183717,synthetic_chat_design_preset
24.66,2.743917,2.466000,0.083125,0.194791,synthetic_chat_design_preset
24.67,2.766894,2.467000,0.094629,0.205264,synthetic_chat_design_preset
24.68,2.788069,2.468000,0.105097,0.214972,synthetic_chat_design_preset
24.69,2.807169,2.469000,0.114412,0.223756,synthetic_chat_design_preset
24.70,2.823943,2.470000,0.122474,0.231469,synthetic_chat_design_preset
24.71,2.838171,2.471000,0.129195,0.237976,synthetic_chat_design_preset
24.72,2.849663,2.472000,0.134500,0.243164,synthetic_chat_design_preset
24.73,2.858269,2.473000,0.138331,0.246938,synthetic_chat_design_preset
24.74,2.863878,2.474000,0.140647,0.249231,synthetic_chat_design_preset
24.75,2.866421,2.475000,0.141421,0.250000,synthetic_chat_design_preset
24.76,2.865878,2.476000,0.140647,0.249231,synthetic_chat_design_preset
24.77,2.862269,2.477000,0.138331,0.246938,synthetic_chat_design_preset
24.78,2.855663,2.478000,0.134500,0.243164,synthetic_chat_design_preset
24.79,2.846171,2.479000,0.129195,0.237976,synthetic_chat_design_preset
24.80,2.833943,2.480000,0.122474,0.231469,synthetic_chat_design_preset
24.81,2.819169,2.481000,0.114412,0.223756,synthetic_chat_design_preset
24.82,2.802069,2.482000,0.105097,0.214972,synthetic_chat_design_preset
24.83,2.782894,2.483000,0.094629,0.205264,synthetic_chat_design_preset
24.84,2.761917,2.484000,0.083125,0.194791,synthetic_chat_design_preset
24.85,2.739427,2.485000,0.070711,0.183717,synthetic_chat_design_preset
24.86,2.715729,2.486000,0.057521,0.172208,synthetic_chat_design_preset
24.87,2.691130,2.487000,0.043702,0.160428,synthetic_chat_design_preset
24.88,2.665940,2.488000,0.029403,0.148536,synthetic_chat_design_preset
24.89,2.640464,2.489000,0.014783,0.136681,synthetic_chat_design_preset
24.90,2.615000,2.490000,-0.000000,0.125000,synthetic_chat_design_preset
24.91,2.589832,2.491000,-0.014783,0.113615,synthetic_chat_design_preset
24.92,2.565229,2.492000,-0.029403,0.102632,synthetic_chat_design_preset
24.93,2.541440,2.493000,-0.043702,0.092142,synthetic_chat_design_preset
24.94,2.518694,2.494000,-0.057521,0.082216,synthetic_chat_design_preset
24.95,2.497197,2.495000,-0.070711,0.072908,synthetic_chat_design_preset
24.96,2.477132,2.496000,-0.083125,0.064257,synthetic_chat_design_preset
24.97,2.458655,2.497000,-0.094629,0.056285,synthetic_chat_design_preset
24.98,2.441902,2.498000,-0.105097,0.048999,synthetic_chat_design_preset
24.99,2.426982,2.499000,-0.114412,0.042394,synthetic_chat_design_preset
25.00,2.413980,2.500000,-0.122474,0.036454,synthetic_chat_design_preset
25.01,2.402959,2.501000,-0.129195,0.031154,synthetic_chat_design_preset
25.02,2.393961,2.502000,-0.134500,0.026461,synthetic_chat_design_preset
25.03,2.387006,2.503000,-0.138331,0.022337,synthetic_chat_design_preset
25.04,2.382093,2.504000,-0.140647,0.018739,synthetic_chat_design_preset
25.05,2.379204,2.505000,-0.141421,0.015625,synthetic_chat_design_preset
25.06,2.378302,2.506000,-0.140647,0.012948,synthetic_chat_design_preset
25.07,2.379333,2.507000,-0.138331,0.010664,synthetic_chat_design_preset
25.08,2.382229,2.508000,-0.134500,0.008729,synthetic_chat_design_preset
25.09,2.386906,2.509000,-0.129195,0.007101,synthetic_chat_design_preset
25.10,2.393267,2.510000,-0.122474,0.005741,synthetic_chat_design_preset
25.11,2.401201,2.511000,-0.114412,0.004613,synthetic_chat_design_preset
25.12,2.410588,2.512000,-0.105097,0.003684,synthetic_chat_design_preset
25.13,2.421295,2.513000,-0.094629,0.002924,synthetic_chat_design_preset
25.14,2.433181,2.514000,-0.083125,0.002307,synthetic_chat_design_preset
25.15,2.446098,2.515000,-0.070711,0.001808,synthetic_chat_design_preset
25.16,2.459888,2.516000,-0.057521,0.001409,synthetic_chat_design_preset
25.17,2.474389,2.517000,-0.043702,0.001091,synthetic_chat_design_preset
25.18,2.489437,2.518000,-0.029403,0.000840,synthetic_chat_design_preset
25.19,2.504860,2.519000,-0.014783,0.000642,synthetic_chat_design_preset
25.20,2.520488,2.520000,0.000000,0.000488,synthetic_chat_design_preset
25.21,2.536151,2.521000,0.014783,0.000369,synthetic_chat_design_preset
25.22,2.551680,2.522000,0.029403,0.000277,synthetic_chat_design_preset
25.23,2.566908,2.523000,0.043702,0.000207,synthetic_chat_design_preset
25.24,2.581675,2.524000,0.057521,0.000153,synthetic_chat_design_preset
25.25,2.595824,2.525000,0.070711,0.000113,synthetic_chat_design_preset
25.26,2.609125,2.526000,0.083125,0.000000,synthetic_chat_design_preset
25.27,2.621629,2.527000,0.094629,0.000000,synthetic_chat_design_preset
25.28,2.633097,2.528000,0.105097,0.000000,synthetic_chat_design_preset
25.29,2.643412,2.529000,0.114412,0.000000,synthetic_chat_design_preset
25.30,2.652474,2.530000,0.122474,0.000000,synthetic_chat_design_preset
25.31,2.660195,2.531000,0.129195,0.000000,synthetic_chat_design_preset
25.32,2.666500,2.532000,0.134500,0.000000,synthetic_chat_design_preset
25.33,2.671331,2.533000,0.138331,0.000000,synthetic_chat_design_preset
25.34,2.674647,2.534000,0.140647,0.000000,synthetic_chat_design_preset
25.35,2.676421,2.535000,0.141421,0.000000,synthetic_chat_design_preset
25.36,2.676647,2.536000,0.140647,0.000000,synthetic_chat_design_preset
25.37,2.675331,2.537000,0.138331,0.000000,synthetic_chat_design_preset
25.38,2.672500,2.538000,0.134500,0.000000,synthetic_chat_design_preset
25.39,2.668195,2.539000,0.129195,0.000000,synthetic_chat_design_preset
25.40,2.662474,2.540000,0.122474,0.000000,synthetic_chat_design_preset
25.41,2.655412,2.541000,0.114412,0.000000,synthetic_chat_design_preset
25.42,2.647097,2.542000,0.105097,0.000000,synthetic_chat_design_preset
25.43,2.637629,2.543000,0.094629,0.000000,synthetic_chat_design_preset
25.44,2.627125,2.544000,0.083125,0.000000,synthetic_chat_design_preset
25.45,2.615711,2.545000,0.070711,0.000000,synthetic_chat_design_preset
25.46,2.603521,2.546000,0.057521,0.000000,synthetic_chat_design_preset
25.47,2.590702,2.547000,0.043702,0.000000,synthetic_chat_design_preset
25.48,2.577403,2.548000,0.029403,0.000000,synthetic_chat_design_preset
25.49,2.563783,2.549000,0.014783,0.000000,synthetic_chat_design_preset
25.50,2.550000,2.550000,0.000000,0.000000,synthetic_chat_design_preset
25.51,2.536217,2.551000,-0.014783,0.000000,synthetic_chat_design_preset
25.52,2.522597,2.552000,-0.029403,0.000000,synthetic_chat_design_preset
25.53,2.509298,2.553000,-0.043702,0.000000,synthetic_chat_design_preset
25.54,2.496479,2.554000,-0.057521,0.000000,synthetic_chat_design_preset
25.55,2.484289,2.555000,-0.070711,0.000000,synthetic_chat_design_preset
25.56,2.472875,2.556000,-0.083125,0.000000,synthetic_chat_design_preset
25.57,2.462371,2.557000,-0.094629,0.000000,synthetic_chat_design_preset
25.58,2.452903,2.558000,-0.105097,0.000000,synthetic_chat_design_preset
25.59,2.444588,2.559000,-0.114412,0.000000,synthetic_chat_design_preset
25.60,2.437526,2.560000,-0.122474,0.000000,synthetic_chat_design_preset
25.61,2.431805,2.561000,-0.129195,0.000000,synthetic_chat_design_preset
25.62,2.427500,2.562000,-0.134500,0.000000,synthetic_chat_design_preset
25.63,2.424669,2.563000,-0.138331,0.000000,synthetic_chat_design_preset
25.64,2.423353,2.564000,-0.140647,0.000000,synthetic_chat_design_preset
25.65,2.423579,2.565000,-0.141421,0.000000,synthetic_chat_design_preset
25.66,2.425353,2.566000,-0.140647,0.000000,synthetic_chat_design_preset
25.67,2.428669,2.567000,-0.138331,0.000000,synthetic_chat_design_preset
25.68,2.433500,2.568000,-0.134500,0.000000,synthetic_chat_design_preset
25.69,2.439805,2.569000,-0.129195,0.000000,synthetic_chat_design_preset
25.70,2.447526,2.570000,-0.122474,0.000000,synthetic_chat_design_preset
25.71,2.456588,2.571000,-0.114412,0.000000,synthetic_chat_design_preset
25.72,2.466903,2.572000,-0.105097,0.000000,synthetic_chat_design_preset
25.73,2.478371,2.573000,-0.094629,0.000000,synthetic_chat_design_preset
25.74,2.490957,2.574000,-0.083125,0.000083,synthetic_chat_design_preset
25.75,2.504402,2.575000,-0.070711,0.000113,synthetic_chat_design_preset
25.76,2.518632,2.576000,-0.057521,0.000153,synthetic_chat_design_preset
25.77,2.533505,2.577000,-0.043702,0.000207,synthetic_chat_design_preset
25.78,2.548874,2.578000,-0.029403,0.000277,synthetic_chat_design_preset
25.79,2.564586,2.579000,-0.014783,0.000369,synthetic_chat_design_preset
25.80,2.580488,2.580000,0.000000,0.000488,synthetic_chat_design_preset
25.81,2.596425,2.581000,0.014783,0.000642,synthetic_chat_design_preset
25.82,2.612243,2.582000,0.029403,0.000840,synthetic_chat_design_preset
25.83,2.627793,2.583000,0.043702,0.001091,synthetic_chat_design_preset
25.84,2.642930,2.584000,0.057521,0.001409,synthetic_chat_design_preset
25.85,2.657519,2.585000,0.070711,0.001808,synthetic_chat_design_preset
25.86,2.671432,2.586000,0.083125,0.002307,synthetic_chat_design_preset
25.87,2.684553,2.587000,0.094629,0.002924,synthetic_chat_design_preset
25.88,2.696781,2.588000,0.105097,0.003684,synthetic_chat_design_preset
25.89,2.708026,2.589000,0.114412,0.004613,synthetic_chat_design_preset
25.90,2.718216,2.590000,0.122474,0.005741,synthetic_chat_design_preset
25.91,2.727296,2.591000,0.129195,0.007101,synthetic_chat_design_preset
25.92,2.735229,2.592000,0.134500,0.008729,synthetic_chat_design_preset
25.93,2.741995,2.593000,0.138331,0.010664,synthetic_chat_design_preset
25.94,2.747595,2.594000,0.140647,0.012948,synthetic_chat_design_preset
25.95,2.752046,2.595000,0.141421,0.015625,synthetic_chat_design_preset
25.96,2.755386,2.596000,0.140647,0.018739,synthetic_chat_design_preset
25.97,2.757668,2.597000,0.138331,0.022337,synthetic_chat_design_preset
25.98,2.758960,2.598000,0.134500,0.026461,synthetic_chat_design_preset
25.99,2.759349,2.599000,0.129195,0.031154,synthetic_chat_design_preset
26.00,2.758929,2.600000,0.122474,0.036454,synthetic_chat_design_preset
26.01,2.757806,2.601000,0.114412,0.042394,synthetic_chat_design_preset
26.02,2.756095,2.602000,0.105097,0.048999,synthetic_chat_design_preset
26.03,2.753914,2.603000,0.094629,0.056285,synthetic_chat_design_preset
26.04,2.751383,2.604000,0.083125,0.064257,synthetic_chat_design_preset
26.05,2.748619,2.605000,0.070711,0.072908,synthetic_chat_design_preset
26.06,2.745737,2.606000,0.057521,0.082216,synthetic_chat_design_preset
26.07,2.742843,2.607000,0.043702,0.092142,synthetic_chat_design_preset
26.08,2.740035,2.608000,0.029403,0.102632,synthetic_chat_design_preset
26.09,2.737397,2.609000,0.014783,0.113615,synthetic_chat_design_preset
26.10,2.735000,2.610000,-0.000000,0.125000,synthetic_chat_design_preset
26.11,2.732899,2.611000,-0.014783,0.136681,synthetic_chat_design_preset
26.12,2.731133,2.612000,-0.029403,0.148536,synthetic_chat_design_preset
26.13,2.729727,2.613000,-0.043702,0.160428,synthetic_chat_design_preset
26.14,2.728687,2.614000,-0.057521,0.172208,synthetic_chat_design_preset
26.15,2.728006,2.615000,-0.070711,0.183717,synthetic_chat_design_preset
26.16,2.727666,2.616000,-0.083125,0.194791,synthetic_chat_design_preset
26.17,2.727635,2.617000,-0.094629,0.205264,synthetic_chat_design_preset
26.18,2.727876,2.618000,-0.105097,0.214972,synthetic_chat_design_preset
26.19,2.728344,2.619000,-0.114412,0.223756,synthetic_chat_design_preset
26.20,2.728994,2.620000,-0.122474,0.231469,synthetic_chat_design_preset
26.21,2.729781,2.621000,-0.129195,0.237976,synthetic_chat_design_preset
26.22,2.730664,2.622000,-0.134500,0.243164,synthetic_chat_design_preset
26.23,2.731607,2.623000,-0.138331,0.246938,synthetic_chat_design_preset
26.24,2.732584,2.624000,-0.140647,0.249231,synthetic_chat_design_preset
26.25,2.733579,2.625000,-0.141421,0.250000,synthetic_chat_design_preset
26.26,2.734584,2.626000,-0.140647,0.249231,synthetic_chat_design_preset
26.27,2.735607,2.627000,-0.138331,0.246938,synthetic_chat_design_preset
26.28,2.736664,2.628000,-0.134500,0.243164,synthetic_chat_design_preset
26.29,2.737781,2.629000,-0.129195,0.237976,synthetic_chat_design_preset
26.30,2.738994,2.630000,-0.122474,0.231469,synthetic_chat_design_preset
26.31,2.740344,2.631000,-0.114412,0.223756,synthetic_chat_design_preset
26.32,2.741876,2.632000,-0.105097,0.214972,synthetic_chat_design_preset
26.33,2.743635,2.633000,-0.094629,0.205264,synthetic_chat_design_preset
26.34,2.745666,2.634000,-0.083125,0.194791,synthetic_chat_design_preset
26.35,2.748006,2.635000,-0.070711,0.183717,synthetic_chat_design_preset
26.36,2.750687,2.636000,-0.057521,0.172208,synthetic_chat_design_preset
26.37,2.753727,2.637000,-0.043702,0.160428,synthetic_chat_design_preset
26.38,2.757133,2.638000,-0.029403,0.148536,synthetic_chat_design_preset
26.39,2.760899,2.639000,-0.014783,0.136681,synthetic_chat_design_preset
26.40,2.765000,2.640000,0.000000,0.125000,synthetic_chat_design_preset
26.41,2.769397,2.641000,0.014783,0.113615,synthetic_chat_design_preset
26.42,2.774035,2.642000,0.029403,0.102632,synthetic_chat_design_preset
26.43,2.778843,2.643000,0.043702,0.092142,synthetic_chat_design_preset
26.44,2.783737,2.644000,0.057521,0.082216,synthetic_chat_design_preset
26.45,2.788619,2.645000,0.070711,0.072908,synthetic_chat_design_preset
26.46,2.793383,2.646000,0.083125,0.064257,synthetic_chat_design_preset
26.47,2.797914,2.647000,0.094629,0.056285,synthetic_chat_design_preset
26.48,2.802095,2.648000,0.105097,0.048999,synthetic_chat_design_preset
26.49,2.805806,2.649000,0.114412,0.042394,synthetic_chat_design_preset
26.50,2.808929,2.650000,0.122474,0.036454,synthetic_chat_design_preset
26.51,2.811349,2.651000,0.129195,0.031154,synthetic_chat_design_preset
26.52,2.812960,2.652000,0.134500,0.026461,synthetic_chat_design_preset
26.53,2.813668,2.653000,0.138331,0.022337,synthetic_chat_design_preset
26.54,2.813386,2.654000,0.140647,0.018739,synthetic_chat_design_preset
26.55,2.812046,2.655000,0.141421,0.015625,synthetic_chat_design_preset
26.56,2.809595,2.656000,0.140647,0.012948,synthetic_chat_design_preset
26.57,2.805995,2.657000,0.138331,0.010664,synthetic_chat_design_preset
26.58,2.801229,2.658000,0.134500,0.008729,synthetic_chat_design_preset
26.59,2.795296,2.659000,0.129195,0.007101,synthetic_chat_design_preset
26.60,2.788216,2.660000,0.122474,0.005741,synthetic_chat_design_preset
26.61,2.780026,2.661000,0.114412,0.004613,synthetic_chat_design_preset
26.62,2.770781,2.662000,0.105097,0.003684,synthetic_chat_design_preset
26.63,2.760553,2.663000,0.094629,0.002924,synthetic_chat_design_preset
26.64,2.749432,2.664000,0.083125,0.002307,synthetic_chat_design_preset
26.65,2.737519,2.665000,0.070711,0.001808,synthetic_chat_design_preset
26.66,2.724930,2.666000,0.057521,0.001409,synthetic_chat_design_preset
26.67,2.711793,2.667000,0.043702,0.001091,synthetic_chat_design_preset
26.68,2.698243,2.668000,0.029403,0.000840,synthetic_chat_design_preset
26.69,2.684425,2.669000,0.014783,0.000642,synthetic_chat_design_preset
26.70,2.670488,2.670000,0.000000,0.000488,synthetic_chat_design_preset
26.71,2.656586,2.671000,-0.014783,0.000369,synthetic_chat_design_preset
26.72,2.642874,2.672000,-0.029403,0.000277,synthetic_chat_design_preset
26.73,2.629505,2.673000,-0.043702,0.000207,synthetic_chat_design_preset
26.74,2.616632,2.674000,-0.057521,0.000153,synthetic_chat_design_preset
26.75,2.604402,2.675000,-0.070711,0.000113,synthetic_chat_design_preset
26.76,2.592875,2.676000,-0.083125,0.000000,synthetic_chat_design_preset
26.77,2.582371,2.677000,-0.094629,0.000000,synthetic_chat_design_preset
26.78,2.572903,2.678000,-0.105097,0.000000,synthetic_chat_design_preset
26.79,2.564588,2.679000,-0.114412,0.000000,synthetic_chat_design_preset
26.80,2.557526,2.680000,-0.122474,0.000000,synthetic_chat_design_preset
26.81,2.551805,2.681000,-0.129195,0.000000,synthetic_chat_design_preset
26.82,2.547500,2.682000,-0.134500,0.000000,synthetic_chat_design_preset
26.83,2.544669,2.683000,-0.138331,0.000000,synthetic_chat_design_preset
26.84,2.543353,2.684000,-0.140647,0.000000,synthetic_chat_design_preset
26.85,2.543579,2.685000,-0.141421,0.000000,synthetic_chat_design_preset
26.86,2.545353,2.686000,-0.140647,0.000000,synthetic_chat_design_preset
26.87,2.548669,2.687000,-0.138331,0.000000,synthetic_chat_design_preset
26.88,2.553500,2.688000,-0.134500,0.000000,synthetic_chat_design_preset
26.89,2.559805,2.689000,-0.129195,0.000000,synthetic_chat_design_preset
26.90,2.567526,2.690000,-0.122474,0.000000,synthetic_chat_design_preset
26.91,2.576588,2.691000,-0.114412,0.000000,synthetic_chat_design_preset
26.92,2.586903,2.692000,-0.105097,0.000000,synthetic_chat_design_preset
26.93,2.598371,2.693000,-0.094629,0.000000,synthetic_chat_design_preset
26.94,2.610875,2.694000,-0.083125,0.000000,synthetic_chat_design_preset
26.95,2.624289,2.695000,-0.070711,0.000000,synthetic_chat_design_preset
26.96,2.638479,2.696000,-0.057521,0.000000,synthetic_chat_design_preset
26.97,2.653298,2.697000,-0.043702,0.000000,synthetic_chat_design_preset
26.98,2.668597,2.698000,-0.029403,0.000000,synthetic_chat_design_preset
26.99,2.684217,2.699000,-0.014783,0.000000,synthetic_chat_design_preset
27.00,2.700000,2.700000,-0.000000,0.000000,synthetic_chat_design_preset
27.01,2.715783,2.701000,0.014783,0.000000,synthetic_chat_design_preset
27.02,2.731403,2.702000,0.029403,0.000000,synthetic_chat_design_preset
27.03,2.746702,2.703000,0.043702,0.000000,synthetic_chat_design_preset
27.04,2.761521,2.704000,0.057521,0.000000,synthetic_chat_design_preset
27.05,2.775711,2.705000,0.070711,0.000000,synthetic_chat_design_preset
27.06,2.789125,2.706000,0.083125,0.000000,synthetic_chat_design_preset
27.07,2.801629,2.707000,0.094629,0.000000,synthetic_chat_design_preset
27.08,2.813097,2.708000,0.105097,0.000000,synthetic_chat_design_preset
27.09,2.823412,2.709000,0.114412,0.000000,synthetic_chat_design_preset
27.10,2.832474,2.710000,0.122474,0.000000,synthetic_chat_design_preset
27.11,2.840195,2.711000,0.129195,0.000000,synthetic_chat_design_preset
27.12,2.846500,2.712000,0.134500,0.000000,synthetic_chat_design_preset
27.13,2.851331,2.713000,0.138331,0.000000,synthetic_chat_design_preset
27.14,2.854647,2.714000,0.140647,0.000000,synthetic_chat_design_preset
27.15,2.856421,2.715000,0.141421,0.000000,synthetic_chat_design_preset
27.16,2.856647,2.716000,0.140647,0.000000,synthetic_chat_design_preset
27.17,2.855331,2.717000,0.138331,0.000000,synthetic_chat_design_preset
27.18,2.852500,2.718000,0.134500,0.000000,synthetic_chat_design_preset
27.19,2.848195,2.719000,0.129195,0.000000,synthetic_chat_design_preset
27.20,2.842474,2.720000,0.122474,0.000000,synthetic_chat_design_preset
27.21,2.835412,2.721000,0.114412,0.000000,synthetic_chat_design_preset
27.22,2.827097,2.722000,0.105097,0.000000,synthetic_chat_design_preset
27.23,2.817629,2.723000,0.094629,0.000000,synthetic_chat_design_preset
27.24,2.807208,2.724000,0.083125,0.000083,synthetic_chat_design_preset
27.25,2.795824,2.725000,0.070711,0.000113,synthetic_chat_design_preset
27.26,2.783675,2.726000,0.057521,0.000153,synthetic_chat_design_preset
27.27,2.770908,2.727000,0.043702,0.000207,synthetic_chat_design_preset
27.28,2.757680,2.728000,0.029403,0.000277,synthetic_chat_design_preset
27.29,2.744151,2.729000,0.014783,0.000369,synthetic_chat_design_preset
27.30,2.730488,2.730000,0.000000,0.000488,synthetic_chat_design_preset
27.31,2.716860,2.731000,-0.014783,0.000642,synthetic_chat_design_preset
27.32,2.703437,2.732000,-0.029403,0.000840,synthetic_chat_design_preset
27.33,2.690389,2.733000,-0.043702,0.001091,synthetic_chat_design_preset
27.34,2.677888,2.734000,-0.057521,0.001409,synthetic_chat_design_preset
27.35,2.666098,2.735000,-0.070711,0.001808,synthetic_chat_design_preset
27.36,2.655181,2.736000,-0.083125,0.002307,synthetic_chat_design_preset
27.37,2.645295,2.737000,-0.094629,0.002924,synthetic_chat_design_preset
27.38,2.636588,2.738000,-0.105097,0.003684,synthetic_chat_design_preset
27.39,2.629201,2.739000,-0.114412,0.004613,synthetic_chat_design_preset
27.40,2.623267,2.740000,-0.122474,0.005741,synthetic_chat_design_preset
27.41,2.618906,2.741000,-0.129195,0.007101,synthetic_chat_design_preset
27.42,2.616229,2.742000,-0.134500,0.008729,synthetic_chat_design_preset
27.43,2.615333,2.743000,-0.138331,0.010664,synthetic_chat_design_preset
27.44,2.616302,2.744000,-0.140647,0.012948,synthetic_chat_design_preset
27.45,2.619204,2.745000,-0.141421,0.015625,synthetic_chat_design_preset
27.46,2.624093,2.746000,-0.140647,0.018739,synthetic_chat_design_preset
27.47,2.631006,2.747000,-0.138331,0.022337,synthetic_chat_design_preset
27.48,2.639961,2.748000,-0.134500,0.026461,synthetic_chat_design_preset
27.49,2.650959,2.749000,-0.129195,0.031154,synthetic_chat_design_preset
27.50,2.663980,2.750000,-0.122474,0.036454,synthetic_chat_design_preset
27.51,2.678982,2.751000,-0.114412,0.042394,synthetic_chat_design_preset
27.52,2.695902,2.752000,-0.105097,0.048999,synthetic_chat_design_preset
27.53,2.714655,2.753000,-0.094629,0.056285,synthetic_chat_design_preset
27.54,2.735132,2.754000,-0.083125,0.064257,synthetic_chat_design_preset
27.55,2.757197,2.755000,-0.070711,0.072908,synthetic_chat_design_preset
27.56,2.780694,2.756000,-0.057521,0.082216,synthetic_chat_design_preset
27.57,2.805440,2.757000,-0.043702,0.092142,synthetic_chat_design_preset
27.58,2.831229,2.758000,-0.029403,0.102632,synthetic_chat_design_preset
27.59,2.857832,2.759000,-0.014783,0.113615,synthetic_chat_design_preset
27.60,2.885000,2.760000,0.000000,0.125000,synthetic_chat_design_preset
27.61,2.912464,2.761000,0.014783,0.136681,synthetic_chat_design_preset
27.62,2.939940,2.762000,0.029403,0.148536,synthetic_chat_design_preset
27.63,2.967130,2.763000,0.043702,0.160428,synthetic_chat_design_preset
27.64,2.993729,2.764000,0.057521,0.172208,synthetic_chat_design_preset
27.65,3.019427,2.765000,0.070711,0.183717,synthetic_chat_design_preset
27.66,3.043917,2.766000,0.083125,0.194791,synthetic_chat_design_preset
27.67,3.066894,2.767000,0.094629,0.205264,synthetic_chat_design_preset
27.68,3.088069,2.768000,0.105097,0.214972,synthetic_chat_design_preset
27.69,3.107169,2.769000,0.114412,0.223756,synthetic_chat_design_preset
27.70,3.123943,2.770000,0.122474,0.231469,synthetic_chat_design_preset
27.71,3.138171,2.771000,0.129195,0.237976,synthetic_chat_design_preset
27.72,3.149663,2.772000,0.134500,0.243164,synthetic_chat_design_preset
27.73,3.158269,2.773000,0.138331,0.246938,synthetic_chat_design_preset
27.74,3.163878,2.774000,0.140647,0.249231,synthetic_chat_design_preset
27.75,3.166421,2.775000,0.141421,0.250000,synthetic_chat_design_preset
27.76,3.165878,2.776000,0.140647,0.249231,synthetic_chat_design_preset
27.77,3.162269,2.777000,0.138331,0.246938,synthetic_chat_design_preset
27.78,3.155663,2.778000,0.134500,0.243164,synthetic_chat_design_preset
27.79,3.146171,2.779000,0.129195,0.237976,synthetic_chat_design_preset
27.80,3.133943,2.780000,0.122474,0.231469,synthetic_chat_design_preset
27.81,3.119169,2.781000,0.114412,0.223756,synthetic_chat_design_preset
27.82,3.102069,2.782000,0.105097,0.214972,synthetic_chat_design_preset
27.83,3.082894,2.783000,0.094629,0.205264,synthetic_chat_design_preset
27.84,3.061917,2.784000,0.083125,0.194791,synthetic_chat_design_preset
27.85,3.039427,2.785000,0.070711,0.183717,synthetic_chat_design_preset
27.86,3.015729,2.786000,0.057521,0.172208,synthetic_chat_design_preset
27.87,2.991130,2.787000,0.043702,0.160428,synthetic_chat_design_preset
27.88,2.965940,2.788000,0.029403,0.148536,synthetic_chat_design_preset
27.89,2.940464,2.789000,0.014783,0.136681,synthetic_chat_design_preset
27.90,2.915000,2.790000,-0.000000,0.125000,synthetic_chat_design_preset
27.91,2.889832,2.791000,-0.014783,0.113615,synthetic_chat_design_preset
27.92,2.865229,2.792000,-0.029403,0.102632,synthetic_chat_design_preset
27.93,2.841440,2.793000,-0.043702,0.092142,synthetic_chat_design_preset
27.94,2.818694,2.794000,-0.057521,0.082216,synthetic_chat_design_preset
27.95,2.797197,2.795000,-0.070711,0.072908,synthetic_chat_design_preset
27.96,2.777132,2.796000,-0.083125,0.064257,synthetic_chat_design_preset
27.97,2.758655,2.797000,-0.094629,0.056285,synthetic_chat_design_preset
27.98,2.741902,2.798000,-0.105097,0.048999,synthetic_chat_design_preset
27.99,2.726982,2.799000,-0.114412,0.042394,synthetic_chat_design_preset
28.00,2.713980,2.800000,-0.122474,0.036454,synthetic_chat_design_preset
28.01,2.702959,2.801000,-0.129195,0.031154,synthetic_chat_design_preset
28.02,2.693961,2.802000,-0.134500,0.026461,synthetic_chat_design_preset
28.03,2.687006,2.803000,-0.138331,0.022337,synthetic_chat_design_preset
28.04,2.682093,2.804000,-0.140647,0.018739,synthetic_chat_design_preset
28.05,2.679204,2.805000,-0.141421,0.015625,synthetic_chat_design_preset
28.06,2.678302,2.806000,-0.140647,0.012948,synthetic_chat_design_preset
28.07,2.679333,2.807000,-0.138331,0.010664,synthetic_chat_design_preset
28.08,2.682229,2.808000,-0.134500,0.008729,synthetic_chat_design_preset
28.09,2.686906,2.809000,-0.129195,0.007101,synthetic_chat_design_preset
28.10,2.693267,2.810000,-0.122474,0.005741,synthetic_chat_design_preset
28.11,2.701201,2.811000,-0.114412,0.004613,synthetic_chat_design_preset
28.12,2.710588,2.812000,-0.105097,0.003684,synthetic_chat_design_preset
28.13,2.721295,2.813000,-0.094629,0.002924,synthetic_chat_design_preset
28.14,2.733181,2.814000,-0.083125,0.002307,synthetic_chat_design_preset
28.15,2.746098,2.815000,-0.070711,0.001808,synthetic_chat_design_preset
28.16,2.759888,2.816000,-0.057521,0.001409,synthetic_chat_design_preset
28.17,2.774389,2.817000,-0.043702,0.001091,synthetic_chat_design_preset
28.18,2.789437,2.818000,-0.029403,0.000840,synthetic_chat_design_preset
28.19,2.804860,2.819000,-0.014783,0.000642,synthetic_chat_design_preset
28.20,2.820488,2.820000,0.000000,0.000488,synthetic_chat_design_preset
28.21,2.836151,2.821000,0.014783,0.000369,synthetic_chat_design_preset
28.22,2.851680,2.822000,0.029403,0.000277,synthetic_chat_design_preset
28.23,2.866908,2.823000,0.043702,0.000207,synthetic_chat_design_preset
28.24,2.881675,2.824000,0.057521,0.000153,synthetic_chat_design_preset
28.25,2.895824,2.825000,0.070711,0.000113,synthetic_chat_design_preset
28.26,2.909125,2.826000,0.083125,0.000000,synthetic_chat_design_preset
28.27,2.921629,2.827000,0.094629,0.000000,synthetic_chat_design_preset
28.28,2.933097,2.828000,0.105097,0.000000,synthetic_chat_design_preset
28.29,2.943412,2.829000,0.114412,0.000000,synthetic_chat_design_preset
28.30,2.952474,2.830000,0.122474,0.000000,synthetic_chat_design_preset
28.31,2.960195,2.831000,0.129195,0.000000,synthetic_chat_design_preset
28.32,2.966500,2.832000,0.134500,0.000000,synthetic_chat_design_preset
28.33,2.971331,2.833000,0.138331,0.000000,synthetic_chat_design_preset
28.34,2.974647,2.834000,0.140647,0.000000,synthetic_chat_design_preset
28.35,2.976421,2.835000,0.141421,0.000000,synthetic_chat_design_preset
28.36,2.976647,2.836000,0.140647,0.000000,synthetic_chat_design_preset
28.37,2.975331,2.837000,0.138331,0.000000,synthetic_chat_design_preset
28.38,2.972500,2.838000,0.134500,0.000000,synthetic_chat_design_preset
28.39,2.968195,2.839000,0.129195,0.000000,synthetic_chat_design_preset
28.40,2.962474,2.840000,0.122474,0.000000,synthetic_chat_design_preset
28.41,2.955412,2.841000,0.114412,0.000000,synthetic_chat_design_preset
28.42,2.947097,2.842000,0.105097,0.000000,synthetic_chat_design_preset
28.43,2.937629,2.843000,0.094629,0.000000,synthetic_chat_design_preset
28.44,2.927125,2.844000,0.083125,0.000000,synthetic_chat_design_preset
28.45,2.915711,2.845000,0.070711,0.000000,synthetic_chat_design_preset
28.46,2.903521,2.846000,0.057521,0.000000,synthetic_chat_design_preset
28.47,2.890702,2.847000,0.043702,0.000000,synthetic_chat_design_preset
28.48,2.877403,2.848000,0.029403,0.000000,synthetic_chat_design_preset
28.49,2.863783,2.849000,0.014783,0.000000,synthetic_chat_design_preset
28.50,2.850000,2.850000,0.000000,0.000000,synthetic_chat_design_preset
28.51,2.836217,2.851000,-0.014783,0.000000,synthetic_chat_design_preset
28.52,2.822597,2.852000,-0.029403,0.000000,synthetic_chat_design_preset
28.53,2.809298,2.853000,-0.043702,0.000000,synthetic_chat_design_preset
28.54,2.796479,2.854000,-0.057521,0.000000,synthetic_chat_design_preset
28.55,2.784289,2.855000,-0.070711,0.000000,synthetic_chat_design_preset
28.56,2.772875,2.856000,-0.083125,0.000000,synthetic_chat_design_preset
28.57,2.762371,2.857000,-0.094629,0.000000,synthetic_chat_design_preset
28.58,2.752903,2.858000,-0.105097,0.000000,synthetic_chat_design_preset
28.59,2.744588,2.859000,-0.114412,0.000000,synthetic_chat_design_preset
28.60,2.737526,2.860000,-0.122474,0.000000,synthetic_chat_design_preset
28.61,2.731805,2.861000,-0.129195,0.000000,synthetic_chat_design_preset
28.62,2.727500,2.862000,-0.134500,0.000000,synthetic_chat_design_preset
28.63,2.724669,2.863000,-0.138331,0.000000,synthetic_chat_design_preset
28.64,2.723353,2.864000,-0.140647,0.000000,synthetic_chat_design_preset
28.65,2.723579,2.865000,-0.141421,0.000000,synthetic_chat_design_preset
28.66,2.725353,2.866000,-0.140647,0.000000,synthetic_chat_design_preset
28.67,2.728669,2.867000,-0.138331,0.000000,synthetic_chat_design_preset
28.68,2.733500,2.868000,-0.134500,0.000000,synthetic_chat_design_preset
28.69,2.739805,2.869000,-0.129195,0.000000,synthetic_chat_design_preset
28.70,2.747526,2.870000,-0.122474,0.000000,synthetic_chat_design_preset
28.71,2.756588,2.871000,-0.114412,0.000000,synthetic_chat_design_preset
28.72,2.766903,2.872000,-0.105097,0.000000,synthetic_chat_design_preset
28.73,2.778371,2.873000,-0.094629,0.000000,synthetic_chat_design_preset
28.74,2.790957,2.874000,-0.083125,0.000083,synthetic_chat_design_preset
28.75,2.804402,2.875000,-0.070711,0.000113,synthetic_chat_design_preset
28.76,2.818632,2.876000,-0.057521,0.000153,synthetic_chat_design_preset
28.77,2.833505,2.877000,-0.043702,0.000207,synthetic_chat_design_preset
28.78,2.848874,2.878000,-0.029403,0.000277,synthetic_chat_design_preset
28.79,2.864586,2.879000,-0.014783,0.000369,synthetic_chat_design_preset
28.80,2.880488,2.880000,-0.000000,0.000488,synthetic_chat_design_preset
28.81,2.896425,2.881000,0.014783,0.000642,synthetic_chat_design_preset
28.82,2.912243,2.882000,0.029403,0.000840,synthetic_chat_design_preset
28.83,2.927793,2.883000,0.043702,0.001091,synthetic_chat_design_preset
28.84,2.942930,2.884000,0.057521,0.001409,synthetic_chat_design_preset
28.85,2.957519,2.885000,0.070711,0.001808,synthetic_chat_design_preset
28.86,2.971432,2.886000,0.083125,0.002307,synthetic_chat_design_preset
28.87,2.984553,2.887000,0.094629,0.002924,synthetic_chat_design_preset
28.88,2.996781,2.888000,0.105097,0.003684,synthetic_chat_design_preset
28.89,3.008026,2.889000,0.114412,0.004613,synthetic_chat_design_preset
28.90,3.018216,2.890000,0.122474,0.005741,synthetic_chat_design_preset
28.91,3.027296,2.891000,0.129195,0.007101,synthetic_chat_design_preset
28.92,3.035229,2.892000,0.134500,0.008729,synthetic_chat_design_preset
28.93,3.041995,2.893000,0.138331,0.010664,synthetic_chat_design_preset
28.94,3.047595,2.894000,0.140647,0.012948,synthetic_chat_design_preset
28.95,3.052046,2.895000,0.141421,0.015625,synthetic_chat_design_preset
28.96,3.055386,2.896000,0.140647,0.018739,synthetic_chat_design_preset
28.97,3.057668,2.897000,0.138331,0.022337,synthetic_chat_design_preset
28.98,3.058960,2.898000,0.134500,0.026461,synthetic_chat_design_preset
28.99,3.059349,2.899000,0.129195,0.031154,synthetic_chat_design_preset
29.00,3.058929,2.900000,0.122474,0.036454,synthetic_chat_design_preset
29.01,3.057806,2.901000,0.114412,0.042394,synthetic_chat_design_preset
29.02,3.056095,2.902000,0.105097,0.048999,synthetic_chat_design_preset
29.03,3.053914,2.903000,0.094629,0.056285,synthetic_chat_design_preset
29.04,3.051383,2.904000,0.083125,0.064257,synthetic_chat_design_preset
29.05,3.048619,2.905000,0.070711,0.072908,synthetic_chat_design_preset
29.06,3.045737,2.906000,0.057521,0.082216,synthetic_chat_design_preset
29.07,3.042843,2.907000,0.043702,0.092142,synthetic_chat_design_preset
29.08,3.040035,2.908000,0.029403,0.102632,synthetic_chat_design_preset
29.09,3.037397,2.909000,0.014783,0.113615,synthetic_chat_design_preset
29.10,3.035000,2.910000,-0.000000,0.125000,synthetic_chat_design_preset
29.11,3.032899,2.911000,-0.014783,0.136681,synthetic_chat_design_preset
29.12,3.031133,2.912000,-0.029403,0.148536,synthetic_chat_design_preset
29.13,3.029727,2.913000,-0.043702,0.160428,synthetic_chat_design_preset
29.14,3.028687,2.914000,-0.057521,0.172208,synthetic_chat_design_preset
29.15,3.028006,2.915000,-0.070711,0.183717,synthetic_chat_design_preset
29.16,3.027666,2.916000,-0.083125,0.194791,synthetic_chat_design_preset
29.17,3.027635,2.917000,-0.094629,0.205264,synthetic_chat_design_preset
29.18,3.027876,2.918000,-0.105097,0.214972,synthetic_chat_design_preset
29.19,3.028344,2.919000,-0.114412,0.223756,synthetic_chat_design_preset
29.20,3.028994,2.920000,-0.122474,0.231469,synthetic_chat_design_preset
29.21,3.029781,2.921000,-0.129195,0.237976,synthetic_chat_design_preset
29.22,3.030664,2.922000,-0.134500,0.243164,synthetic_chat_design_preset
29.23,3.031607,2.923000,-0.138331,0.246938,synthetic_chat_design_preset
29.24,3.032584,2.924000,-0.140647,0.249231,synthetic_chat_design_preset
29.25,3.033579,2.925000,-0.141421,0.250000,synthetic_chat_design_preset
29.26,3.034584,2.926000,-0.140647,0.249231,synthetic_chat_design_preset
29.27,3.035607,2.927000,-0.138331,0.246938,synthetic_chat_design_preset
29.28,3.036664,2.928000,-0.134500,0.243164,synthetic_chat_design_preset
29.29,3.037781,2.929000,-0.129195,0.237976,synthetic_chat_design_preset
29.30,3.038994,2.930000,-0.122474,0.231469,synthetic_chat_design_preset
29.31,3.040344,2.931000,-0.114412,0.223756,synthetic_chat_design_preset
29.32,3.041876,2.932000,-0.105097,0.214972,synthetic_chat_design_preset
29.33,3.043635,2.933000,-0.094629,0.205264,synthetic_chat_design_preset
29.34,3.045666,2.934000,-0.083125,0.194791,synthetic_chat_design_preset
29.35,3.048006,2.935000,-0.070711,0.183717,synthetic_chat_design_preset
29.36,3.050687,2.936000,-0.057521,0.172208,synthetic_chat_design_preset
29.37,3.053727,2.937000,-0.043702,0.160428,synthetic_chat_design_preset
29.38,3.057133,2.938000,-0.029403,0.148536,synthetic_chat_design_preset
29.39,3.060899,2.939000,-0.014783,0.136681,synthetic_chat_design_preset
29.40,3.065000,2.940000,0.000000,0.125000,synthetic_chat_design_preset
29.41,3.069397,2.941000,0.014783,0.113615,synthetic_chat_design_preset
29.42,3.074035,2.942000,0.029403,0.102632,synthetic_chat_design_preset
29.43,3.078843,2.943000,0.043702,0.092142,synthetic_chat_design_preset
29.44,3.083737,2.944000,0.057521,0.082216,synthetic_chat_design_preset
29.45,3.088619,2.945000,0.070711,0.072908,synthetic_chat_design_preset
29.46,3.093383,2.946000,0.083125,0.064257,synthetic_chat_design_preset
29.47,3.097914,2.947000,0.094629,0.056285,synthetic_chat_design_preset
29.48,3.102095,2.948000,0.105097,0.048999,synthetic_chat_design_preset
29.49,3.105806,2.949000,0.114412,0.042394,synthetic_chat_design_preset
29.50,3.108929,2.950000,0.122474,0.036454,synthetic_chat_design_preset
29.51,3.111349,2.951000,0.129195,0.031154,synthetic_chat_design_preset
29.52,3.112960,2.952000,0.134500,0.026461,synthetic_chat_design_preset
29.53,3.113668,2.953000,0.138331,0.022337,synthetic_chat_design_preset
29.54,3.113386,2.954000,0.140647,0.018739,synthetic_chat_design_preset
29.55,3.112046,2.955000,0.141421,0.015625,synthetic_chat_design_preset
29.56,3.109595,2.956000,0.140647,0.012948,synthetic_chat_design_preset
29.57,3.105995,2.957000,0.138331,0.010664,synthetic_chat_design_preset
29.58,3.101229,2.958000,0.134500,0.008729,synthetic_chat_design_preset
29.59,3.095296,2.959000,0.129195,0.007101,synthetic_chat_design_preset
29.60,3.088216,2.960000,0.122474,0.005741,synthetic_chat_design_preset
29.61,3.080026,2.961000,0.114412,0.004613,synthetic_chat_design_preset
29.62,3.070781,2.962000,0.105097,0.003684,synthetic_chat_design_preset
29.63,3.060553,2.963000,0.094629,0.002924,synthetic_chat_design_preset
29.64,3.049432,2.964000,0.083125,0.002307,synthetic_chat_design_preset
29.65,3.037519,2.965000,0.070711,0.001808,synthetic_chat_design_preset
29.66,3.024930,2.966000,0.057521,0.001409,synthetic_chat_design_preset
29.67,3.011793,2.967000,0.043702,0.001091,synthetic_chat_design_preset
29.68,2.998243,2.968000,0.029403,0.000840,synthetic_chat_design_preset
29.69,2.984425,2.969000,0.014783,0.000642,synthetic_chat_design_preset
29.70,2.970488,2.970000,-0.000000,0.000488,synthetic_chat_design_preset
29.71,2.956586,2.971000,-0.014783,0.000369,synthetic_chat_design_preset
29.72,2.942874,2.972000,-0.029403,0.000277,synthetic_chat_design_preset
29.73,2.929505,2.973000,-0.043702,0.000207,synthetic_chat_design_preset
29.74,2.916632,2.974000,-0.057521,0.000153,synthetic_chat_design_preset
29.75,2.904402,2.975000,-0.070711,0.000113,synthetic_chat_design_preset
29.76,2.892875,2.976000,-0.083125,0.000000,synthetic_chat_design_preset
29.77,2.882371,2.977000,-0.094629,0.000000,synthetic_chat_design_preset
29.78,2.872903,2.978000,-0.105097,0.000000,synthetic_chat_design_preset
29.79,2.864588,2.979000,-0.114412,0.000000,synthetic_chat_design_preset
29.80,2.857526,2.980000,-0.122474,0.000000,synthetic_chat_design_preset
29.81,2.851805,2.981000,-0.129195,0.000000,synthetic_chat_design_preset
29.82,2.847500,2.982000,-0.134500,0.000000,synthetic_chat_design_preset
29.83,2.844669,2.983000,-0.138331,0.000000,synthetic_chat_design_preset
29.84,2.843353,2.984000,-0.140647,0.000000,synthetic_chat_design_preset
29.85,2.843579,2.985000,-0.141421,0.000000,synthetic_chat_design_preset
29.86,2.845353,2.986000,-0.140647,0.000000,synthetic_chat_design_preset
29.87,2.848669,2.987000,-0.138331,0.000000,synthetic_chat_design_preset
29.88,2.853500,2.988000,-0.134500,0.000000,synthetic_chat_design_preset
29.89,2.859805,2.989000,-0.129195,0.000000,synthetic_chat_design_preset
29.90,2.867526,2.990000,-0.122474,0.000000,synthetic_chat_design_preset
29.91,2.876588,2.991000,-0.114412,0.000000,synthetic_chat_design_preset
29.92,2.886903,2.992000,-0.105097,0.000000,synthetic_chat_design_preset
29.93,2.898371,2.993000,-0.094629,0.000000,synthetic_chat_design_preset
29.94,2.910875,2.994000,-0.083125,0.000000,synthetic_chat_design_preset
29.95,2.924289,2.995000,-0.070711,0.000000,synthetic_chat_design_preset
29.96,2.938479,2.996000,-0.057521,0.000000,synthetic_chat_design_preset
29.97,2.953298,2.997000,-0.043702,0.000000,synthetic_chat_design_preset
29.98,2.968597,2.998000,-0.029403,0.000000,synthetic_chat_design_preset
29.99,2.984217,2.999000,-0.014783,0.000000,synthetic_chat_design_preset
30.00,3.000000,3.000000,0.000000,0.000000,synthetic_chat_design_preset
30.01,3.015783,3.001000,0.014783,0.000000,synthetic_chat_design_preset
30.02,3.031403,3.002000,0.029403,0.000000,synthetic_chat_design_preset
30.03,3.046702,3.003000,0.043702,0.000000,synthetic_chat_design_preset
30.04,3.061521,3.004000,0.057521,0.000000,synthetic_chat_design_preset
30.05,3.075711,3.005000,0.070711,0.000000,synthetic_chat_design_preset
30.06,3.089125,3.006000,0.083125,0.000000,synthetic_chat_design_preset
30.07,3.101629,3.007000,0.094629,0.000000,synthetic_chat_design_preset
30.08,3.113097,3.008000,0.105097,0.000000,synthetic_chat_design_preset
30.09,3.123412,3.009000,0.114412,0.000000,synthetic_chat_design_preset
30.10,3.132474,3.010000,0.122474,0.000000,synthetic_chat_design_preset
30.11,3.140195,3.011000,0.129195,0.000000,synthetic_chat_design_preset
30.12,3.146500,3.012000,0.134500,0.000000,synthetic_chat_design_preset
30.13,3.151331,3.013000,0.138331,0.000000,synthetic_chat_design_preset
30.14,3.154647,3.014000,0.140647,0.000000,synthetic_chat_design_preset
30.15,3.156421,3.015000,0.141421,0.000000,synthetic_chat_design_preset
30.16,3.156647,3.016000,0.140647,0.000000,synthetic_chat_design_preset
30.17,3.155331,3.017000,0.138331,0.000000,synthetic_chat_design_preset
30.18,3.152500,3.018000,0.134500,0.000000,synthetic_chat_design_preset
30.19,3.148195,3.019000,0.129195,0.000000,synthetic_chat_design_preset
30.20,3.142474,3.020000,0.122474,0.000000,synthetic_chat_design_preset
30.21,3.135412,3.021000,0.114412,0.000000,synthetic_chat_design_preset
30.22,3.127097,3.022000,0.105097,0.000000,synthetic_chat_design_preset
30.23,3.117629,3.023000,0.094629,0.000000,synthetic_chat_design_preset
30.24,3.107208,3.024000,0.083125,0.000083,synthetic_chat_design_preset
30.25,3.095824,3.025000,0.070711,0.000113,synthetic_chat_design_preset
30.26,3.083675,3.026000,0.057521,0.000153,synthetic_chat_design_preset
30.27,3.070908,3.027000,0.043702,0.000207,synthetic_chat_design_preset
30.28,3.057680,3.028000,0.029403,0.000277,synthetic_chat_design_preset
30.29,3.044151,3.029000,0.014783,0.000369,synthetic_chat_design_preset
30.30,3.030488,3.030000,0.000000,0.000488,synthetic_chat_design_preset
30.31,3.016860,3.031000,-0.014783,0.000642,synthetic_chat_design_preset
30.32,3.003437,3.032000,-0.029403,0.000840,synthetic_chat_design_preset
30.33,2.990389,3.033000,-0.043702,0.001091,synthetic_chat_design_preset
30.34,2.977888,3.034000,-0.057521,0.001409,synthetic_chat_design_preset
30.35,2.966098,3.035000,-0.070711,0.001808,synthetic_chat_design_preset
30.36,2.955181,3.036000,-0.083125,0.002307,synthetic_chat_design_preset
30.37,2.945295,3.037000,-0.094629,0.002924,synthetic_chat_design_preset
30.38,2.936588,3.038000,-0.105097,0.003684,synthetic_chat_design_preset
30.39,2.929201,3.039000,-0.114412,0.004613,synthetic_chat_design_preset
30.40,2.923267,3.040000,-0.122474,0.005741,synthetic_chat_design_preset
30.41,2.918906,3.041000,-0.129195,0.007101,synthetic_chat_design_preset
30.42,2.916229,3.042000,-0.134500,0.008729,synthetic_chat_design_preset
30.43,2.915333,3.043000,-0.138331,0.010664,synthetic_chat_design_preset
30.44,2.916302,3.044000,-0.140647,0.012948,synthetic_chat_design_preset
30.45,2.919204,3.045000,-0.141421,0.015625,synthetic_chat_design_preset
30.46,2.924093,3.046000,-0.140647,0.018739,synthetic_chat_design_preset
30.47,2.931006,3.047000,-0.138331,0.022337,synthetic_chat_design_preset
30.48,2.939961,3.048000,-0.134500,0.026461,synthetic_chat_design_preset
30.49,2.950959,3.049000,-0.129195,0.031154,synthetic_chat_design_preset
30.50,2.963980,3.050000,-0.122474,0.036454,synthetic_chat_design_preset
30.51,2.978982,3.051000,-0.114412,0.042394,synthetic_chat_design_preset
30.52,2.995902,3.052000,-0.105097,0.048999,synthetic_chat_design_preset
30.53,3.014655,3.053000,-0.094629,0.056285,synthetic_chat_design_preset
30.54,3.035132,3.054000,-0.083125,0.064257,synthetic_chat_design_preset
30.55,3.057197,3.055000,-0.070711,0.072908,synthetic_chat_design_preset
30.56,3.080694,3.056000,-0.057521,0.082216,synthetic_chat_design_preset
30.57,3.105440,3.057000,-0.043702,0.092142,synthetic_chat_design_preset
30.58,3.131229,3.058000,-0.029403,0.102632,synthetic_chat_design_preset
30.59,3.157832,3.059000,-0.014783,0.113615,synthetic_chat_design_preset
30.60,3.185000,3.060000,0.000000,0.125000,synthetic_chat_design_preset
30.61,3.212464,3.061000,0.014783,0.136681,synthetic_chat_design_preset
30.62,3.239940,3.062000,0.029403,0.148536,synthetic_chat_design_preset
30.63,3.267130,3.063000,0.043702,0.160428,synthetic_chat_design_preset
30.64,3.293729,3.064000,0.057521,0.172208,synthetic_chat_design_preset
30.65,3.319427,3.065000,0.070711,0.183717,synthetic_chat_design_preset
30.66,3.343917,3.066000,0.083125,0.194791,synthetic_chat_design_preset
30.67,3.366894,3.067000,0.094629,0.205264,synthetic_chat_design_preset
30.68,3.388069,3.068000,0.105097,0.214972,synthetic_chat_design_preset
30.69,3.407169,3.069000,0.114412,0.223756,synthetic_chat_design_preset
30.70,3.423943,3.070000,0.122474,0.231469,synthetic_chat_design_preset
30.71,3.438171,3.071000,0.129195,0.237976,synthetic_chat_design_preset
30.72,3.449663,3.072000,0.134500,0.243164,synthetic_chat_design_preset
30.73,3.458269,3.073000,0.138331,0.246938,synthetic_chat_design_preset
30.74,3.463878,3.074000,0.140647,0.249231,synthetic_chat_design_preset
30.75,3.466421,3.075000,0.141421,0.250000,synthetic_chat_design_preset
30.76,3.465878,3.076000,0.140647,0.249231,synthetic_chat_design_preset
30.77,3.462269,3.077000,0.138331,0.246938,synthetic_chat_design_preset
30.78,3.455663,3.078000,0.134500,0.243164,synthetic_chat_design_preset
30.79,3.446171,3.079000,0.129195,0.237976,synthetic_chat_design_preset
30.80,3.433943,3.080000,0.122474,0.231469,synthetic_chat_design_preset
30.81,3.419169,3.081000,0.114412,0.223756,synthetic_chat_design_preset
30.82,3.402069,3.082000,0.105097,0.214972,synthetic_chat_design_preset
30.83,3.382894,3.083000,0.094629,0.205264,synthetic_chat_design_preset
30.84,3.361917,3.084000,0.083125,0.194791,synthetic_chat_design_preset
30.85,3.339427,3.085000,0.070711,0.183717,synthetic_chat_design_preset
30.86,3.315729,3.086000,0.057521,0.172208,synthetic_chat_design_preset
30.87,3.291130,3.087000,0.043702,0.160428,synthetic_chat_design_preset
30.88,3.265940,3.088000,0.029403,0.148536,synthetic_chat_design_preset
30.89,3.240464,3.089000,0.014783,0.136681,synthetic_chat_design_preset
30.90,3.215000,3.090000,-0.000000,0.125000,synthetic_chat_design_preset
30.91,3.189832,3.091000,-0.014783,0.113615,synthetic_chat_design_preset
30.92,3.165229,3.092000,-0.029403,0.102632,synthetic_chat_design_preset
30.93,3.141440,3.093000,-0.043702,0.092142,synthetic_chat_design_preset
30.94,3.118694,3.094000,-0.057521,0.082216,synthetic_chat_design_preset
30.95,3.097197,3.095000,-0.070711,0.072908,synthetic_chat_design_preset
30.96,3.077132,3.096000,-0.083125,0.064257,synthetic_chat_design_preset
30.97,3.058655,3.097000,-0.094629,0.056285,synthetic_chat_design_preset
30.98,3.041902,3.098000,-0.105097,0.048999,synthetic_chat_design_preset
30.99,3.026982,3.099000,-0.114412,0.042394,synthetic_chat_design_preset
31.00,3.013980,3.100000,-0.122474,0.036454,synthetic_chat_design_preset
31.01,3.002959,3.101000,-0.129195,0.031154,synthetic_chat_design_preset
31.02,2.993961,3.102000,-0.134500,0.026461,synthetic_chat_design_preset
31.03,2.987006,3.103000,-0.138331,0.022337,synthetic_chat_design_preset
31.04,2.982093,3.104000,-0.140647,0.018739,synthetic_chat_design_preset
31.05,2.979204,3.105000,-0.141421,0.015625,synthetic_chat_design_preset
31.06,2.978302,3.106000,-0.140647,0.012948,synthetic_chat_design_preset
31.07,2.979333,3.107000,-0.138331,0.010664,synthetic_chat_design_preset
31.08,2.982229,3.108000,-0.134500,0.008729,synthetic_chat_design_preset
31.09,2.986906,3.109000,-0.129195,0.007101,synthetic_chat_design_preset
31.10,2.993267,3.110000,-0.122474,0.005741,synthetic_chat_design_preset
31.11,3.001201,3.111000,-0.114412,0.004613,synthetic_chat_design_preset
31.12,3.010588,3.112000,-0.105097,0.003684,synthetic_chat_design_preset
31.13,3.021295,3.113000,-0.094629,0.002924,synthetic_chat_design_preset
31.14,3.033181,3.114000,-0.083125,0.002307,synthetic_chat_design_preset
31.15,3.046098,3.115000,-0.070711,0.001808,synthetic_chat_design_preset
31.16,3.059888,3.116000,-0.057521,0.001409,synthetic_chat_design_preset
31.17,3.074389,3.117000,-0.043702,0.001091,synthetic_chat_design_preset
31.18,3.089437,3.118000,-0.029403,0.000840,synthetic_chat_design_preset
31.19,3.104860,3.119000,-0.014783,0.000642,synthetic_chat_design_preset
31.20,3.120488,3.120000,0.000000,0.000488,synthetic_chat_design_preset
31.21,3.136151,3.121000,0.014783,0.000369,synthetic_chat_design_preset
31.22,3.151680,3.122000,0.029403,0.000277,synthetic_chat_design_preset
31.23,3.166908,3.123000,0.043702,0.000207,synthetic_chat_design_preset
31.24,3.181675,3.124000,0.057521,0.000153,synthetic_chat_design_preset
31.25,3.195824,3.125000,0.070711,0.000113,synthetic_chat_design_preset
31.26,3.209125,3.126000,0.083125,0.000000,synthetic_chat_design_preset
31.27,3.221629,3.127000,0.094629,0.000000,synthetic_chat_design_preset
31.28,3.233097,3.128000,0.105097,0.000000,synthetic_chat_design_preset
31.29,3.243412,3.129000,0.114412,0.000000,synthetic_chat_design_preset
31.30,3.252474,3.130000,0.122474,0.000000,synthetic_chat_design_preset
31.31,3.260195,3.131000,0.129195,0.000000,synthetic_chat_design_preset
31.32,3.266500,3.132000,0.134500,0.000000,synthetic_chat_design_preset
31.33,3.271331,3.133000,0.138331,0.000000,synthetic_chat_design_preset
31.34,3.274647,3.134000,0.140647,0.000000,synthetic_chat_design_preset
31.35,3.276421,3.135000,0.141421,0.000000,synthetic_chat_design_preset
31.36,3.276647,3.136000,0.140647,0.000000,synthetic_chat_design_preset
31.37,3.275331,3.137000,0.138331,0.000000,synthetic_chat_design_preset
31.38,3.272500,3.138000,0.134500,0.000000,synthetic_chat_design_preset
31.39,3.268195,3.139000,0.129195,0.000000,synthetic_chat_design_preset
31.40,3.262474,3.140000,0.122474,0.000000,synthetic_chat_design_preset
31.41,3.255412,3.141000,0.114412,0.000000,synthetic_chat_design_preset
31.42,3.247097,3.142000,0.105097,0.000000,synthetic_chat_design_preset
31.43,3.237629,3.143000,0.094629,0.000000,synthetic_chat_design_preset
31.44,3.227125,3.144000,0.083125,0.000000,synthetic_chat_design_preset
31.45,3.215711,3.145000,0.070711,0.000000,synthetic_chat_design_preset
31.46,3.203521,3.146000,0.057521,0.000000,synthetic_chat_design_preset
31.47,3.190702,3.147000,0.043702,0.000000,synthetic_chat_design_preset
31.48,3.177403,3.148000,0.029403,0.000000,synthetic_chat_design_preset
31.49,3.163783,3.149000,0.014783,0.000000,synthetic_chat_design_preset
31.50,3.150000,3.150000,-0.000000,0.000000,synthetic_chat_design_preset
31.51,3.136217,3.151000,-0.014783,0.000000,synthetic_chat_design_preset
31.52,3.122597,3.152000,-0.029403,0.000000,synthetic_chat_design_preset
31.53,3.109298,3.153000,-0.043702,0.000000,synthetic_chat_design_preset
31.54,3.096479,3.154000,-0.057521,0.000000,synthetic_chat_design_preset
31.55,3.084289,3.155000,-0.070711,0.000000,synthetic_chat_design_preset
31.56,3.072875,3.156000,-0.083125,0.000000,synthetic_chat_design_preset
31.57,3.062371,3.157000,-0.094629,0.000000,synthetic_chat_design_preset
31.58,3.052903,3.158000,-0.105097,0.000000,synthetic_chat_design_preset
31.59,3.044588,3.159000,-0.114412,0.000000,synthetic_chat_design_preset
31.60,3.037526,3.160000,-0.122474,0.000000,synthetic_chat_design_preset
31.61,3.031805,3.161000,-0.129195,0.000000,synthetic_chat_design_preset
31.62,3.027500,3.162000,-0.134500,0.000000,synthetic_chat_design_preset
31.63,3.024669,3.163000,-0.138331,0.000000,synthetic_chat_design_preset
31.64,3.023353,3.164000,-0.140647,0.000000,synthetic_chat_design_preset
31.65,3.023579,3.165000,-0.141421,0.000000,synthetic_chat_design_preset
31.66,3.025353,3.166000,-0.140647,0.000000,synthetic_chat_design_preset
31.67,3.028669,3.167000,-0.138331,0.000000,synthetic_chat_design_preset
31.68,3.033500,3.168000,-0.134500,0.000000,synthetic_chat_design_preset
31.69,3.039805,3.169000,-0.129195,0.000000,synthetic_chat_design_preset
31.70,3.047526,3.170000,-0.122474,0.000000,synthetic_chat_design_preset
31.71,3.056588,3.171000,-0.114412,0.000000,synthetic_chat_design_preset
31.72,3.066903,3.172000,-0.105097,0.000000,synthetic_chat_design_preset
31.73,3.078371,3.173000,-0.094629,0.000000,synthetic_chat_design_preset
31.74,3.090957,3.174000,-0.083125,0.000083,synthetic_chat_design_preset
31.75,3.104402,3.175000,-0.070711,0.000113,synthetic_chat_design_preset
31.76,3.118632,3.176000,-0.057521,0.000153,synthetic_chat_design_preset
31.77,3.133505,3.177000,-0.043702,0.000207,synthetic_chat_design_preset
31.78,3.148874,3.178000,-0.029403,0.000277,synthetic_chat_design_preset
31.79,3.164586,3.179000,-0.014783,0.000369,synthetic_chat_design_preset
31.80,3.180488,3.180000,-0.000000,0.000488,synthetic_chat_design_preset
31.81,3.196425,3.181000,0.014783,0.000642,synthetic_chat_design_preset
31.82,3.212243,3.182000,0.029403,0.000840,synthetic_chat_design_preset
31.83,3.227793,3.183000,0.043702,0.001091,synthetic_chat_design_preset
31.84,3.242930,3.184000,0.057521,0.001409,synthetic_chat_design_preset
31.85,3.257519,3.185000,0.070711,0.001808,synthetic_chat_design_preset
31.86,3.271432,3.186000,0.083125,0.002307,synthetic_chat_design_preset
31.87,3.284553,3.187000,0.094629,0.002924,synthetic_chat_design_preset
31.88,3.296781,3.188000,0.105097,0.003684,synthetic_chat_design_preset
31.89,3.308026,3.189000,0.114412,0.004613,synthetic_chat_design_preset
31.90,3.318216,3.190000,0.122474,0.005741,synthetic_chat_design_preset
31.91,3.327296,3.191000,0.129195,0.007101,synthetic_chat_design_preset
31.92,3.335229,3.192000,0.134500,0.008729,synthetic_chat_design_preset
31.93,3.341995,3.193000,0.138331,0.010664,synthetic_chat_design_preset
31.94,3.347595,3.194000,0.140647,0.012948,synthetic_chat_design_preset
31.95,3.352046,3.195000,0.141421,0.015625,synthetic_chat_design_preset
31.96,3.355386,3.196000,0.140647,0.018739,synthetic_chat_design_preset
31.97,3.357668,3.197000,0.138331,0.022337,synthetic_chat_design_preset
31.98,3.358960,3.198000,0.134500,0.026461,synthetic_chat_design_preset
31.99,3.359349,3.199000,0.129195,0.031154,synthetic_chat_design_preset
32.00,3.358929,3.200000,0.122474,0.036454,synthetic_chat_design_preset
32.01,3.357806,3.201000,0.114412,0.042394,synthetic_chat_design_preset
32.02,3.356095,3.202000,0.105097,0.048999,synthetic_chat_design_preset
32.03,3.353914,3.203000,0.094629,0.056285,synthetic_chat_design_preset
32.04,3.351383,3.204000,0.083125,0.064257,synthetic_chat_design_preset
32.05,3.348619,3.205000,0.070711,0.072908,synthetic_chat_design_preset
32.06,3.345737,3.206000,0.057521,0.082216,synthetic_chat_design_preset
32.07,3.342843,3.207000,0.043702,0.092142,synthetic_chat_design_preset
32.08,3.340035,3.208000,0.029403,0.102632,synthetic_chat_design_preset
32.09,3.337397,3.209000,0.014783,0.113615,synthetic_chat_design_preset
32.10,3.335000,3.210000,0.000000,0.125000,synthetic_chat_design_preset
32.11,3.332899,3.211000,-0.014783,0.136681,synthetic_chat_design_preset
32.12,3.331133,3.212000,-0.029403,0.148536,synthetic_chat_design_preset
32.13,3.329727,3.213000,-0.043702,0.160428,synthetic_chat_design_preset
32.14,3.328687,3.214000,-0.057521,0.172208,synthetic_chat_design_preset
32.15,3.328006,3.215000,-0.070711,0.183717,synthetic_chat_design_preset
32.16,3.327666,3.216000,-0.083125,0.194791,synthetic_chat_design_preset
32.17,3.327635,3.217000,-0.094629,0.205264,synthetic_chat_design_preset
32.18,3.327876,3.218000,-0.105097,0.214972,synthetic_chat_design_preset
32.19,3.328344,3.219000,-0.114412,0.223756,synthetic_chat_design_preset
32.20,3.328994,3.220000,-0.122474,0.231469,synthetic_chat_design_preset
32.21,3.329781,3.221000,-0.129195,0.237976,synthetic_chat_design_preset
32.22,3.330664,3.222000,-0.134500,0.243164,synthetic_chat_design_preset
32.23,3.331607,3.223000,-0.138331,0.246938,synthetic_chat_design_preset
32.24,3.332584,3.224000,-0.140647,0.249231,synthetic_chat_design_preset
32.25,3.333579,3.225000,-0.141421,0.250000,synthetic_chat_design_preset
32.26,3.334584,3.226000,-0.140647,0.249231,synthetic_chat_design_preset
32.27,3.335607,3.227000,-0.138331,0.246938,synthetic_chat_design_preset
32.28,3.336664,3.228000,-0.134500,0.243164,synthetic_chat_design_preset
32.29,3.337781,3.229000,-0.129195,0.237976,synthetic_chat_design_preset
32.30,3.338994,3.230000,-0.122474,0.231469,synthetic_chat_design_preset
32.31,3.340344,3.231000,-0.114412,0.223756,synthetic_chat_design_preset
32.32,3.341876,3.232000,-0.105097,0.214972,synthetic_chat_design_preset
32.33,3.343635,3.233000,-0.094629,0.205264,synthetic_chat_design_preset
32.34,3.345666,3.234000,-0.083125,0.194791,synthetic_chat_design_preset
32.35,3.348006,3.235000,-0.070711,0.183717,synthetic_chat_design_preset
32.36,3.350687,3.236000,-0.057521,0.172208,synthetic_chat_design_preset
32.37,3.353727,3.237000,-0.043702,0.160428,synthetic_chat_design_preset
32.38,3.357133,3.238000,-0.029403,0.148536,synthetic_chat_design_preset
32.39,3.360899,3.239000,-0.014783,0.136681,synthetic_chat_design_preset
32.40,3.365000,3.240000,-0.000000,0.125000,synthetic_chat_design_preset
32.41,3.369397,3.241000,0.014783,0.113615,synthetic_chat_design_preset
32.42,3.374035,3.242000,0.029403,0.102632,synthetic_chat_design_preset
32.43,3.378843,3.243000,0.043702,0.092142,synthetic_chat_design_preset
32.44,3.383737,3.244000,0.057521,0.082216,synthetic_chat_design_preset
32.45,3.388619,3.245000,0.070711,0.072908,synthetic_chat_design_preset
32.46,3.393383,3.246000,0.083125,0.064257,synthetic_chat_design_preset
32.47,3.397914,3.247000,0.094629,0.056285,synthetic_chat_design_preset
32.48,3.402095,3.248000,0.105097,0.048999,synthetic_chat_design_preset
32.49,3.405806,3.249000,0.114412,0.042394,synthetic_chat_design_preset
32.50,3.408929,3.250000,0.122474,0.036454,synthetic_chat_design_preset
32.51,3.411349,3.251000,0.129195,0.031154,synthetic_chat_design_preset
32.52,3.412960,3.252000,0.134500,0.026461,synthetic_chat_design_preset
32.53,3.413668,3.253000,0.138331,0.022337,synthetic_chat_design_preset
32.54,3.413386,3.254000,0.140647,0.018739,synthetic_chat_design_preset
32.55,3.412046,3.255000,0.141421,0.015625,synthetic_chat_design_preset
32.56,3.409595,3.256000,0.140647,0.012948,synthetic_chat_design_preset
32.57,3.405995,3.257000,0.138331,0.010664,synthetic_chat_design_preset
32.58,3.401229,3.258000,0.134500,0.008729,synthetic_chat_design_preset
32.59,3.395296,3.259000,0.129195,0.007101,synthetic_chat_design_preset
32.60,3.388216,3.260000,0.122474,0.005741,synthetic_chat_design_preset
32.61,3.380026,3.261000,0.114412,0.004613,synthetic_chat_design_preset
32.62,3.370781,3.262000,0.105097,0.003684,synthetic_chat_design_preset
32.63,3.360553,3.263000,0.094629,0.002924,synthetic_chat_design_preset
32.64,3.349432,3.264000,0.083125,0.002307,synthetic_chat_design_preset
32.65,3.337519,3.265000,0.070711,0.001808,synthetic_chat_design_preset
32.66,3.324930,3.266000,0.057521,0.001409,synthetic_chat_design_preset
32.67,3.311793,3.267000,0.043702,0.001091,synthetic_chat_design_preset
32.68,3.298243,3.268000,0.029403,0.000840,synthetic_chat_design_preset
32.69,3.284425,3.269000,0.014783,0.000642,synthetic_chat_design_preset
32.70,3.270488,3.270000,-0.000000,0.000488,synthetic_chat_design_preset
32.71,3.256586,3.271000,-0.014783,0.000369,synthetic_chat_design_preset
32.72,3.242874,3.272000,-0.029403,0.000277,synthetic_chat_design_preset
32.73,3.229505,3.273000,-0.043702,0.000207,synthetic_chat_design_preset
32.74,3.216632,3.274000,-0.057521,0.000153,synthetic_chat_design_preset
32.75,3.204402,3.275000,-0.070711,0.000113,synthetic_chat_design_preset
32.76,3.192875,3.276000,-0.083125,0.000000,synthetic_chat_design_preset
32.77,3.182371,3.277000,-0.094629,0.000000,synthetic_chat_design_preset
32.78,3.172903,3.278000,-0.105097,0.000000,synthetic_chat_design_preset
32.79,3.164588,3.279000,-0.114412,0.000000,synthetic_chat_design_preset
32.80,3.157526,3.280000,-0.122474,0.000000,synthetic_chat_design_preset
32.81,3.151805,3.281000,-0.129195,0.000000,synthetic_chat_design_preset
32.82,3.147500,3.282000,-0.134500,0.000000,synthetic_chat_design_preset
32.83,3.144669,3.283000,-0.138331,0.000000,synthetic_chat_design_preset
32.84,3.143353,3.284000,-0.140647,0.000000,synthetic_chat_design_preset
32.85,3.143579,3.285000,-0.141421,0.000000,synthetic_chat_design_preset
32.86,3.145353,3.286000,-0.140647,0.000000,synthetic_chat_design_preset
32.87,3.148669,3.287000,-0.138331,0.000000,synthetic_chat_design_preset
32.88,3.153500,3.288000,-0.134500,0.000000,synthetic_chat_design_preset
32.89,3.159805,3.289000,-0.129195,0.000000,synthetic_chat_design_preset
32.90,3.167526,3.290000,-0.122474,0.000000,synthetic_chat_design_preset
32.91,3.176588,3.291000,-0.114412,0.000000,synthetic_chat_design_preset
32.92,3.186903,3.292000,-0.105097,0.000000,synthetic_chat_design_preset
32.93,3.198371,3.293000,-0.094629,0.000000,synthetic_chat_design_preset
32.94,3.210875,3.294000,-0.083125,0.000000,synthetic_chat_design_preset
32.95,3.224289,3.295000,-0.070711,0.000000,synthetic_chat_design_preset
32.96,3.238479,3.296000,-0.057521,0.000000,synthetic_chat_design_preset
32.97,3.253298,3.297000,-0.043702,0.000000,synthetic_chat_design_preset
32.98,3.268597,3.298000,-0.029403,0.000000,synthetic_chat_design_preset
32.99,3.284217,3.299000,-0.014783,0.000000,synthetic_chat_design_preset
33.00,3.300000,3.300000,0.000000,0.000000,synthetic_chat_design_preset
33.01,3.315783,3.301000,0.014783,0.000000,synthetic_chat_design_preset
33.02,3.331403,3.302000,0.029403,0.000000,synthetic_chat_design_preset
33.03,3.346702,3.303000,0.043702,0.000000,synthetic_chat_design_preset
33.04,3.361521,3.304000,0.057521,0.000000,synthetic_chat_design_preset
33.05,3.375711,3.305000,0.070711,0.000000,synthetic_chat_design_preset
33.06,3.389125,3.306000,0.083125,0.000000,synthetic_chat_design_preset
33.07,3.401629,3.307000,0.094629,0.000000,synthetic_chat_design_preset
33.08,3.413097,3.308000,0.105097,0.000000,synthetic_chat_design_preset
33.09,3.423412,3.309000,0.114412,0.000000,synthetic_chat_design_preset
33.10,3.432474,3.310000,0.122474,0.000000,synthetic_chat_design_preset
33.11,3.440195,3.311000,0.129195,0.000000,synthetic_chat_design_preset
33.12,3.446500,3.312000,0.134500,0.000000,synthetic_chat_design_preset
33.13,3.451331,3.313000,0.138331,0.000000,synthetic_chat_design_preset
33.14,3.454647,3.314000,0.140647,0.000000,synthetic_chat_design_preset
33.15,3.456421,3.315000,0.141421,0.000000,synthetic_chat_design_preset
33.16,3.456647,3.316000,0.140647,0.000000,synthetic_chat_design_preset
33.17,3.455331,3.317000,0.138331,0.000000,synthetic_chat_design_preset
33.18,3.452500,3.318000,0.134500,0.000000,synthetic_chat_design_preset
33.19,3.448195,3.319000,0.129195,0.000000,synthetic_chat_design_preset
33.20,3.442474,3.320000,0.122474,0.000000,synthetic_chat_design_preset
33.21,3.435412,3.321000,0.114412,0.000000,synthetic_chat_design_preset
33.22,3.427097,3.322000,0.105097,0.000000,synthetic_chat_design_preset
33.23,3.417629,3.323000,0.094629,0.000000,synthetic_chat_design_preset
33.24,3.407208,3.324000,0.083125,0.000083,synthetic_chat_design_preset
33.25,3.395824,3.325000,0.070711,0.000113,synthetic_chat_design_preset
33.26,3.383675,3.326000,0.057521,0.000153,synthetic_chat_design_preset
33.27,3.370908,3.327000,0.043702,0.000207,synthetic_chat_design_preset
33.28,3.357680,3.328000,0.029403,0.000277,synthetic_chat_design_preset
33.29,3.344151,3.329000,0.014783,0.000369,synthetic_chat_design_preset
33.30,3.330488,3.330000,0.000000,0.000488,synthetic_chat_design_preset
33.31,3.316860,3.331000,-0.014783,0.000642,synthetic_chat_design_preset
33.32,3.303437,3.332000,-0.029403,0.000840,synthetic_chat_design_preset
33.33,3.290389,3.333000,-0.043702,0.001091,synthetic_chat_design_preset
33.34,3.277888,3.334000,-0.057521,0.001409,synthetic_chat_design_preset
33.35,3.266098,3.335000,-0.070711,0.001808,synthetic_chat_design_preset
33.36,3.255181,3.336000,-0.083125,0.002307,synthetic_chat_design_preset
33.37,3.245295,3.337000,-0.094629,0.002924,synthetic_chat_design_preset
33.38,3.236588,3.338000,-0.105097,0.003684,synthetic_chat_design_preset
33.39,3.229201,3.339000,-0.114412,0.004613,synthetic_chat_design_preset
33.40,3.223267,3.340000,-0.122474,0.005741,synthetic_chat_design_preset
33.41,3.218906,3.341000,-0.129195,0.007101,synthetic_chat_design_preset
33.42,3.216229,3.342000,-0.134500,0.008729,synthetic_chat_design_preset
33.43,3.215333,3.343000,-0.138331,0.010664,synthetic_chat_design_preset
33.44,3.216302,3.344000,-0.140647,0.012948,synthetic_chat_design_preset
33.45,3.219204,3.345000,-0.141421,0.015625,synthetic_chat_design_preset
33.46,3.224093,3.346000,-0.140647,0.018739,synthetic_chat_design_preset
33.47,3.231006,3.347000,-0.138331,0.022337,synthetic_chat_design_preset
33.48,3.239961,3.348000,-0.134500,0.026461,synthetic_chat_design_preset
33.49,3.250959,3.349000,-0.129195,0.031154,synthetic_chat_design_preset
33.50,3.263980,3.350000,-0.122474,0.036454,synthetic_chat_design_preset
33.51,3.278982,3.351000,-0.114412,0.042394,synthetic_chat_design_preset
33.52,3.295902,3.352000,-0.105097,0.048999,synthetic_chat_design_preset
33.53,3.314655,3.353000,-0.094629,0.056285,synthetic_chat_design_preset
33.54,3.335132,3.354000,-0.083125,0.064257,synthetic_chat_design_preset
33.55,3.357197,3.355000,-0.070711,0.072908,synthetic_chat_design_preset
33.56,3.380694,3.356000,-0.057521,0.082216,synthetic_chat_design_preset
33.57,3.405440,3.357000,-0.043702,0.092142,synthetic_chat_design_preset
33.58,3.431229,3.358000,-0.029403,0.102632,synthetic_chat_design_preset
33.59,3.457832,3.359000,-0.014783,0.113615,synthetic_chat_design_preset
33.60,3.485000,3.360000,-0.000000,0.125000,synthetic_chat_design_preset
33.61,3.512464,3.361000,0.014783,0.136681,synthetic_chat_design_preset
33.62,3.539940,3.362000,0.029403,0.148536,synthetic_chat_design_preset
33.63,3.567130,3.363000,0.043702,0.160428,synthetic_chat_design_preset
33.64,3.593729,3.364000,0.057521,0.172208,synthetic_chat_design_preset
33.65,3.619427,3.365000,0.070711,0.183717,synthetic_chat_design_preset
33.66,3.643917,3.366000,0.083125,0.194791,synthetic_chat_design_preset
33.67,3.666894,3.367000,0.094629,0.205264,synthetic_chat_design_preset
33.68,3.688069,3.368000,0.105097,0.214972,synthetic_chat_design_preset
33.69,3.707169,3.369000,0.114412,0.223756,synthetic_chat_design_preset
33.70,3.723943,3.370000,0.122474,0.231469,synthetic_chat_design_preset
33.71,3.738171,3.371000,0.129195,0.237976,synthetic_chat_design_preset
33.72,3.749663,3.372000,0.134500,0.243164,synthetic_chat_design_preset
33.73,3.758269,3.373000,0.138331,0.246938,synthetic_chat_design_preset
33.74,3.763878,3.374000,0.140647,0.249231,synthetic_chat_design_preset
33.75,3.766421,3.375000,0.141421,0.250000,synthetic_chat_design_preset
33.76,3.765878,3.376000,0.140647,0.249231,synthetic_chat_design_preset
33.77,3.762269,3.377000,0.138331,0.246938,synthetic_chat_design_preset
33.78,3.755663,3.378000,0.134500,0.243164,synthetic_chat_design_preset
33.79,3.746171,3.379000,0.129195,0.237976,synthetic_chat_design_preset
33.80,3.733943,3.380000,0.122474,0.231469,synthetic_chat_design_preset
33.81,3.719169,3.381000,0.114412,0.223756,synthetic_chat_design_preset
33.82,3.702069,3.382000,0.105097,0.214972,synthetic_chat_design_preset
33.83,3.682894,3.383000,0.094629,0.205264,synthetic_chat_design_preset
33.84,3.661917,3.384000,0.083125,0.194791,synthetic_chat_design_preset
33.85,3.639427,3.385000,0.070711,0.183717,synthetic_chat_design_preset
33.86,3.615729,3.386000,0.057521,0.172208,synthetic_chat_design_preset
33.87,3.591130,3.387000,0.043702,0.160428,synthetic_chat_design_preset
33.88,3.565940,3.388000,0.029403,0.148536,synthetic_chat_design_preset
33.89,3.540464,3.389000,0.014783,0.136681,synthetic_chat_design_preset
33.90,3.515000,3.390000,0.000000,0.125000,synthetic_chat_design_preset
33.91,3.489832,3.391000,-0.014783,0.113615,synthetic_chat_design_preset
33.92,3.465229,3.392000,-0.029403,0.102632,synthetic_chat_design_preset
33.93,3.441440,3.393000,-0.043702,0.092142,synthetic_chat_design_preset
33.94,3.418694,3.394000,-0.057521,0.082216,synthetic_chat_design_preset
33.95,3.397197,3.395000,-0.070711,0.072908,synthetic_chat_design_preset
33.96,3.377132,3.396000,-0.083125,0.064257,synthetic_chat_design_preset
33.97,3.358655,3.397000,-0.094629,0.056285,synthetic_chat_design_preset
33.98,3.341902,3.398000,-0.105097,0.048999,synthetic_chat_design_preset
33.99,3.326982,3.399000,-0.114412,0.042394,synthetic_chat_design_preset
34.00,3.313980,3.400000,-0.122474,0.036454,synthetic_chat_design_preset
34.01,3.302959,3.401000,-0.129195,0.031154,synthetic_chat_design_preset
34.02,3.293961,3.402000,-0.134500,0.026461,synthetic_chat_design_preset
34.03,3.287006,3.403000,-0.138331,0.022337,synthetic_chat_design_preset
34.04,3.282093,3.404000,-0.140647,0.018739,synthetic_chat_design_preset
34.05,3.279204,3.405000,-0.141421,0.015625,synthetic_chat_design_preset
34.06,3.278302,3.406000,-0.140647,0.012948,synthetic_chat_design_preset
34.07,3.279333,3.407000,-0.138331,0.010664,synthetic_chat_design_preset
34.08,3.282229,3.408000,-0.134500,0.008729,synthetic_chat_design_preset
34.09,3.286906,3.409000,-0.129195,0.007101,synthetic_chat_design_preset
34.10,3.293267,3.410000,-0.122474,0.005741,synthetic_chat_design_preset
34.11,3.301201,3.411000,-0.114412,0.004613,synthetic_chat_design_preset
34.12,3.310588,3.412000,-0.105097,0.003684,synthetic_chat_design_preset
34.13,3.321295,3.413000,-0.094629,0.002924,synthetic_chat_design_preset
34.14,3.333181,3.414000,-0.083125,0.002307,synthetic_chat_design_preset
34.15,3.346098,3.415000,-0.070711,0.001808,synthetic_chat_design_preset
34.16,3.359888,3.416000,-0.057521,0.001409,synthetic_chat_design_preset
34.17,3.374389,3.417000,-0.043702,0.001091,synthetic_chat_design_preset
34.18,3.389437,3.418000,-0.029403,0.000840,synthetic_chat_design_preset
34.19,3.404860,3.419000,-0.014783,0.000642,synthetic_chat_design_preset
34.20,3.420488,3.420000,0.000000,0.000488,synthetic_chat_design_preset
34.21,3.436151,3.421000,0.014783,0.000369,synthetic_chat_design_preset
34.22,3.451680,3.422000,0.029403,0.000277,synthetic_chat_design_preset
34.23,3.466908,3.423000,0.043702,0.000207,synthetic_chat_design_preset
34.24,3.481675,3.424000,0.057521,0.000153,synthetic_chat_design_preset
34.25,3.495824,3.425000,0.070711,0.000113,synthetic_chat_design_preset
34.26,3.509125,3.426000,0.083125,0.000000,synthetic_chat_design_preset
34.27,3.521629,3.427000,0.094629,0.000000,synthetic_chat_design_preset
34.28,3.533097,3.428000,0.105097,0.000000,synthetic_chat_design_preset
34.29,3.543412,3.429000,0.114412,0.000000,synthetic_chat_design_preset
34.30,3.552474,3.430000,0.122474,0.000000,synthetic_chat_design_preset
34.31,3.560195,3.431000,0.129195,0.000000,synthetic_chat_design_preset
34.32,3.566500,3.432000,0.134500,0.000000,synthetic_chat_design_preset
34.33,3.571331,3.433000,0.138331,0.000000,synthetic_chat_design_preset
34.34,3.574647,3.434000,0.140647,0.000000,synthetic_chat_design_preset
34.35,3.576421,3.435000,0.141421,0.000000,synthetic_chat_design_preset
34.36,3.576647,3.436000,0.140647,0.000000,synthetic_chat_design_preset
34.37,3.575331,3.437000,0.138331,0.000000,synthetic_chat_design_preset
34.38,3.572500,3.438000,0.134500,0.000000,synthetic_chat_design_preset
34.39,3.568195,3.439000,0.129195,0.000000,synthetic_chat_design_preset
34.40,3.562474,3.440000,0.122474,0.000000,synthetic_chat_design_preset
34.41,3.555412,3.441000,0.114412,0.000000,synthetic_chat_design_preset
34.42,3.547097,3.442000,0.105097,0.000000,synthetic_chat_design_preset
34.43,3.537629,3.443000,0.094629,0.000000,synthetic_chat_design_preset
34.44,3.527125,3.444000,0.083125,0.000000,synthetic_chat_design_preset
34.45,3.515711,3.445000,0.070711,0.000000,synthetic_chat_design_preset
34.46,3.503521,3.446000,0.057521,0.000000,synthetic_chat_design_preset
34.47,3.490702,3.447000,0.043702,0.000000,synthetic_chat_design_preset
34.48,3.477403,3.448000,0.029403,0.000000,synthetic_chat_design_preset
34.49,3.463783,3.449000,0.014783,0.000000,synthetic_chat_design_preset
34.50,3.450000,3.450000,-0.000000,0.000000,synthetic_chat_design_preset
34.51,3.436217,3.451000,-0.014783,0.000000,synthetic_chat_design_preset
34.52,3.422597,3.452000,-0.029403,0.000000,synthetic_chat_design_preset
34.53,3.409298,3.453000,-0.043702,0.000000,synthetic_chat_design_preset
34.54,3.396479,3.454000,-0.057521,0.000000,synthetic_chat_design_preset
34.55,3.384289,3.455000,-0.070711,0.000000,synthetic_chat_design_preset
34.56,3.372875,3.456000,-0.083125,0.000000,synthetic_chat_design_preset
34.57,3.362371,3.457000,-0.094629,0.000000,synthetic_chat_design_preset
34.58,3.352903,3.458000,-0.105097,0.000000,synthetic_chat_design_preset
34.59,3.344588,3.459000,-0.114412,0.000000,synthetic_chat_design_preset
34.60,3.337526,3.460000,-0.122474,0.000000,synthetic_chat_design_preset
34.61,3.331805,3.461000,-0.129195,0.000000,synthetic_chat_design_preset
34.62,3.327500,3.462000,-0.134500,0.000000,synthetic_chat_design_preset
34.63,3.324669,3.463000,-0.138331,0.000000,synthetic_chat_design_preset
34.64,3.323353,3.464000,-0.140647,0.000000,synthetic_chat_design_preset
34.65,3.323579,3.465000,-0.141421,0.000000,synthetic_chat_design_preset
34.66,3.325353,3.466000,-0.140647,0.000000,synthetic_chat_design_preset
34.67,3.328669,3.467000,-0.138331,0.000000,synthetic_chat_design_preset
34.68,3.333500,3.468000,-0.134500,0.000000,synthetic_chat_design_preset
34.69,3.339805,3.469000,-0.129195,0.000000,synthetic_chat_design_preset
34.70,3.347526,3.470000,-0.122474,0.000000,synthetic_chat_design_preset
34.71,3.356588,3.471000,-0.114412,0.000000,synthetic_chat_design_preset
34.72,3.366903,3.472000,-0.105097,0.000000,synthetic_chat_design_preset
34.73,3.378371,3.473000,-0.094629,0.000000,synthetic_chat_design_preset
34.74,3.390957,3.474000,-0.083125,0.000083,synthetic_chat_design_preset
34.75,3.404402,3.475000,-0.070711,0.000113,synthetic_chat_design_preset
34.76,3.418632,3.476000,-0.057521,0.000153,synthetic_chat_design_preset
34.77,3.433505,3.477000,-0.043702,0.000207,synthetic_chat_design_preset
34.78,3.448874,3.478000,-0.029403,0.000277,synthetic_chat_design_preset
34.79,3.464586,3.479000,-0.014783,0.000369,synthetic_chat_design_preset
34.80,3.480488,3.480000,0.000000,0.000488,synthetic_chat_design_preset
34.81,3.496425,3.481000,0.014783,0.000642,synthetic_chat_design_preset
34.82,3.512243,3.482000,0.029403,0.000840,synthetic_chat_design_preset
34.83,3.527793,3.483000,0.043702,0.001091,synthetic_chat_design_preset
34.84,3.542930,3.484000,0.057521,0.001409,synthetic_chat_design_preset
34.85,3.557519,3.485000,0.070711,0.001808,synthetic_chat_design_preset
34.86,3.571432,3.486000,0.083125,0.002307,synthetic_chat_design_preset
34.87,3.584553,3.487000,0.094629,0.002924,synthetic_chat_design_preset
34.88,3.596781,3.488000,0.105097,0.003684,synthetic_chat_design_preset
34.89,3.608026,3.489000,0.114412,0.004613,synthetic_chat_design_preset
34.90,3.618216,3.490000,0.122474,0.005741,synthetic_chat_design_preset
34.91,3.627296,3.491000,0.129195,0.007101,synthetic_chat_design_preset
34.92,3.635229,3.492000,0.134500,0.008729,synthetic_chat_design_preset
34.93,3.641995,3.493000,0.138331,0.010664,synthetic_chat_design_preset
34.94,3.647595,3.494000,0.140647,0.012948,synthetic_chat_design_preset
34.95,3.652046,3.495000,0.141421,0.015625,synthetic_chat_design_preset
34.96,3.655386,3.496000,0.140647,0.018739,synthetic_chat_design_preset
34.97,3.657668,3.497000,0.138331,0.022337,synthetic_chat_design_preset
34.98,3.658960,3.498000,0.134500,0.026461,synthetic_chat_design_preset
34.99,3.659349,3.499000,0.129195,0.031154,synthetic_chat_design_preset
35.00,3.658929,3.500000,0.122474,0.036454,synthetic_chat_design_preset
35.01,3.657806,3.501000,0.114412,0.042394,synthetic_chat_design_preset
35.02,3.656095,3.502000,0.105097,0.048999,synthetic_chat_design_preset
35.03,3.653914,3.503000,0.094629,0.056285,synthetic_chat_design_preset
35.04,3.651383,3.504000,0.083125,0.064257,synthetic_chat_design_preset
35.05,3.648619,3.505000,0.070711,0.072908,synthetic_chat_design_preset
35.06,3.645737,3.506000,0.057521,0.082216,synthetic_chat_design_preset
35.07,3.642843,3.507000,0.043702,0.092142,synthetic_chat_design_preset
35.08,3.640035,3.508000,0.029403,0.102632,synthetic_chat_design_preset
35.09,3.637397,3.509000,0.014783,0.113615,synthetic_chat_design_preset
35.10,3.635000,3.510000,0.000000,0.125000,synthetic_chat_design_preset
35.11,3.632899,3.511000,-0.014783,0.136681,synthetic_chat_design_preset
35.12,3.631133,3.512000,-0.029403,0.148536,synthetic_chat_design_preset
35.13,3.629727,3.513000,-0.043702,0.160428,synthetic_chat_design_preset
35.14,3.628687,3.514000,-0.057521,0.172208,synthetic_chat_design_preset
35.15,3.628006,3.515000,-0.070711,0.183717,synthetic_chat_design_preset
35.16,3.627666,3.516000,-0.083125,0.194791,synthetic_chat_design_preset
35.17,3.627635,3.517000,-0.094629,0.205264,synthetic_chat_design_preset
35.18,3.627876,3.518000,-0.105097,0.214972,synthetic_chat_design_preset
35.19,3.628344,3.519000,-0.114412,0.223756,synthetic_chat_design_preset
35.20,3.628994,3.520000,-0.122474,0.231469,synthetic_chat_design_preset
35.21,3.629781,3.521000,-0.129195,0.237976,synthetic_chat_design_preset
35.22,3.630664,3.522000,-0.134500,0.243164,synthetic_chat_design_preset
35.23,3.631607,3.523000,-0.138331,0.246938,synthetic_chat_design_preset
35.24,3.632584,3.524000,-0.140647,0.249231,synthetic_chat_design_preset
35.25,3.633579,3.525000,-0.141421,0.250000,synthetic_chat_design_preset
35.26,3.634584,3.526000,-0.140647,0.249231,synthetic_chat_design_preset
35.27,3.635607,3.527000,-0.138331,0.246938,synthetic_chat_design_preset
35.28,3.636664,3.528000,-0.134500,0.243164,synthetic_chat_design_preset
35.29,3.637781,3.529000,-0.129195,0.237976,synthetic_chat_design_preset
35.30,3.638994,3.530000,-0.122474,0.231469,synthetic_chat_design_preset
35.31,3.640344,3.531000,-0.114412,0.223756,synthetic_chat_design_preset
35.32,3.641876,3.532000,-0.105097,0.214972,synthetic_chat_design_preset
35.33,3.643635,3.533000,-0.094629,0.205264,synthetic_chat_design_preset
35.34,3.645666,3.534000,-0.083125,0.194791,synthetic_chat_design_preset
35.35,3.648006,3.535000,-0.070711,0.183717,synthetic_chat_design_preset
35.36,3.650687,3.536000,-0.057521,0.172208,synthetic_chat_design_preset
35.37,3.653727,3.537000,-0.043702,0.160428,synthetic_chat_design_preset
35.38,3.657133,3.538000,-0.029403,0.148536,synthetic_chat_design_preset
35.39,3.660899,3.539000,-0.014783,0.136681,synthetic_chat_design_preset
35.40,3.665000,3.540000,-0.000000,0.125000,synthetic_chat_design_preset
35.41,3.669397,3.541000,0.014783,0.113615,synthetic_chat_design_preset
35.42,3.674035,3.542000,0.029403,0.102632,synthetic_chat_design_preset
35.43,3.678843,3.543000,0.043702,0.092142,synthetic_chat_design_preset
35.44,3.683737,3.544000,0.057521,0.082216,synthetic_chat_design_preset
35.45,3.688619,3.545000,0.070711,0.072908,synthetic_chat_design_preset
35.46,3.693383,3.546000,0.083125,0.064257,synthetic_chat_design_preset
35.47,3.697914,3.547000,0.094629,0.056285,synthetic_chat_design_preset
35.48,3.702095,3.548000,0.105097,0.048999,synthetic_chat_design_preset
35.49,3.705806,3.549000,0.114412,0.042394,synthetic_chat_design_preset
35.50,3.708929,3.550000,0.122474,0.036454,synthetic_chat_design_preset
35.51,3.711349,3.551000,0.129195,0.031154,synthetic_chat_design_preset
35.52,3.712960,3.552000,0.134500,0.026461,synthetic_chat_design_preset
35.53,3.713668,3.553000,0.138331,0.022337,synthetic_chat_design_preset
35.54,3.713386,3.554000,0.140647,0.018739,synthetic_chat_design_preset
35.55,3.712046,3.555000,0.141421,0.015625,synthetic_chat_design_preset
35.56,3.709595,3.556000,0.140647,0.012948,synthetic_chat_design_preset
35.57,3.705995,3.557000,0.138331,0.010664,synthetic_chat_design_preset
35.58,3.701229,3.558000,0.134500,0.008729,synthetic_chat_design_preset
35.59,3.695296,3.559000,0.129195,0.007101,synthetic_chat_design_preset
35.60,3.688216,3.560000,0.122474,0.005741,synthetic_chat_design_preset
35.61,3.680026,3.561000,0.114412,0.004613,synthetic_chat_design_preset
35.62,3.670781,3.562000,0.105097,0.003684,synthetic_chat_design_preset
35.63,3.660553,3.563000,0.094629,0.002924,synthetic_chat_design_preset
35.64,3.649432,3.564000,0.083125,0.002307,synthetic_chat_design_preset
35.65,3.637519,3.565000,0.070711,0.001808,synthetic_chat_design_preset
35.66,3.624930,3.566000,0.057521,0.001409,synthetic_chat_design_preset
35.67,3.611793,3.567000,0.043702,0.001091,synthetic_chat_design_preset
35.68,3.598243,3.568000,0.029403,0.000840,synthetic_chat_design_preset
35.69,3.584425,3.569000,0.014783,0.000642,synthetic_chat_design_preset
35.70,3.570488,3.570000,-0.000000,0.000488,synthetic_chat_design_preset
35.71,3.556586,3.571000,-0.014783,0.000369,synthetic_chat_design_preset
35.72,3.542874,3.572000,-0.029403,0.000277,synthetic_chat_design_preset
35.73,3.529505,3.573000,-0.043702,0.000207,synthetic_chat_design_preset
35.74,3.516632,3.574000,-0.057521,0.000153,synthetic_chat_design_preset
35.75,3.504402,3.575000,-0.070711,0.000113,synthetic_chat_design_preset
35.76,3.492875,3.576000,-0.083125,0.000000,synthetic_chat_design_preset
35.77,3.482371,3.577000,-0.094629,0.000000,synthetic_chat_design_preset
35.78,3.472903,3.578000,-0.105097,0.000000,synthetic_chat_design_preset
35.79,3.464588,3.579000,-0.114412,0.000000,synthetic_chat_design_preset
35.80,3.457526,3.580000,-0.122474,0.000000,synthetic_chat_design_preset
35.81,3.451805,3.581000,-0.129195,0.000000,synthetic_chat_design_preset
35.82,3.447500,3.582000,-0.134500,0.000000,synthetic_chat_design_preset
35.83,3.444669,3.583000,-0.138331,0.000000,synthetic_chat_design_preset
35.84,3.443353,3.584000,-0.140647,0.000000,synthetic_chat_design_preset
35.85,3.443579,3.585000,-0.141421,0.000000,synthetic_chat_design_preset
35.86,3.445353,3.586000,-0.140647,0.000000,synthetic_chat_design_preset
35.87,3.448669,3.587000,-0.138331,0.000000,synthetic_chat_design_preset
35.88,3.453500,3.588000,-0.134500,0.000000,synthetic_chat_design_preset
35.89,3.459805,3.589000,-0.129195,0.000000,synthetic_chat_design_preset
35.90,3.467526,3.590000,-0.122474,0.000000,synthetic_chat_design_preset
35.91,3.476588,3.591000,-0.114412,0.000000,synthetic_chat_design_preset
35.92,3.486903,3.592000,-0.105097,0.000000,synthetic_chat_design_preset
35.93,3.498371,3.593000,-0.094629,0.000000,synthetic_chat_design_preset
35.94,3.510875,3.594000,-0.083125,0.000000,synthetic_chat_design_preset
35.95,3.524289,3.595000,-0.070711,0.000000,synthetic_chat_design_preset
35.96,3.538479,3.596000,-0.057521,0.000000,synthetic_chat_design_preset
35.97,3.553298,3.597000,-0.043702,0.000000,synthetic_chat_design_preset
35.98,3.568597,3.598000,-0.029403,0.000000,synthetic_chat_design_preset
35.99,3.584217,3.599000,-0.014783,0.000000,synthetic_chat_design_preset
36.00,3.600000,3.600000,0.000000,0.000000,synthetic_chat_design_preset
36.01,3.615783,3.601000,0.014783,0.000000,synthetic_chat_design_preset
36.02,3.631403,3.602000,0.029403,0.000000,synthetic_chat_design_preset
36.03,3.646702,3.603000,0.043702,0.000000,synthetic_chat_design_preset
36.04,3.661521,3.604000,0.057521,0.000000,synthetic_chat_design_preset
36.05,3.675711,3.605000,0.070711,0.000000,synthetic_chat_design_preset
36.06,3.689125,3.606000,0.083125,0.000000,synthetic_chat_design_preset
36.07,3.701629,3.607000,0.094629,0.000000,synthetic_chat_design_preset
36.08,3.713097,3.608000,0.105097,0.000000,synthetic_chat_design_preset
36.09,3.723412,3.609000,0.114412,0.000000,synthetic_chat_design_preset
36.10,3.732474,3.610000,0.122474,0.000000,synthetic_chat_design_preset
36.11,3.740195,3.611000,0.129195,0.000000,synthetic_chat_design_preset
36.12,3.746500,3.612000,0.134500,0.000000,synthetic_chat_design_preset
36.13,3.751331,3.613000,0.138331,0.000000,synthetic_chat_design_preset
36.14,3.754647,3.614000,0.140647,0.000000,synthetic_chat_design_preset
36.15,3.756421,3.615000,0.141421,0.000000,synthetic_chat_design_preset
36.16,3.756647,3.616000,0.140647,0.000000,synthetic_chat_design_preset
36.17,3.755331,3.617000,0.138331,0.000000,synthetic_chat_design_preset
36.18,3.752500,3.618000,0.134500,0.000000,synthetic_chat_design_preset
36.19,3.748195,3.619000,0.129195,0.000000,synthetic_chat_design_preset
36.20,3.742474,3.620000,0.122474,0.000000,synthetic_chat_design_preset
36.21,3.735412,3.621000,0.114412,0.000000,synthetic_chat_design_preset
36.22,3.727097,3.622000,0.105097,0.000000,synthetic_chat_design_preset
36.23,3.717629,3.623000,0.094629,0.000000,synthetic_chat_design_preset
36.24,3.707208,3.624000,0.083125,0.000083,synthetic_chat_design_preset
36.25,3.695824,3.625000,0.070711,0.000113,synthetic_chat_design_preset
36.26,3.683675,3.626000,0.057521,0.000153,synthetic_chat_design_preset
36.27,3.670908,3.627000,0.043702,0.000207,synthetic_chat_design_preset
36.28,3.657680,3.628000,0.029403,0.000277,synthetic_chat_design_preset
36.29,3.644151,3.629000,0.014783,0.000369,synthetic_chat_design_preset
36.30,3.630488,3.630000,-0.000000,0.000488,synthetic_chat_design_preset
36.31,3.616860,3.631000,-0.014783,0.000642,synthetic_chat_design_preset
36.32,3.603437,3.632000,-0.029403,0.000840,synthetic_chat_design_preset
36.33,3.590389,3.633000,-0.043702,0.001091,synthetic_chat_design_preset
36.34,3.577888,3.634000,-0.057521,0.001409,synthetic_chat_design_preset
36.35,3.566098,3.635000,-0.070711,0.001808,synthetic_chat_design_preset
36.36,3.555181,3.636000,-0.083125,0.002307,synthetic_chat_design_preset
36.37,3.545295,3.637000,-0.094629,0.002924,synthetic_chat_design_preset
36.38,3.536588,3.638000,-0.105097,0.003684,synthetic_chat_design_preset
36.39,3.529201,3.639000,-0.114412,0.004613,synthetic_chat_design_preset
36.40,3.523267,3.640000,-0.122474,0.005741,synthetic_chat_design_preset
36.41,3.518906,3.641000,-0.129195,0.007101,synthetic_chat_design_preset
36.42,3.516229,3.642000,-0.134500,0.008729,synthetic_chat_design_preset
36.43,3.515333,3.643000,-0.138331,0.010664,synthetic_chat_design_preset
36.44,3.516302,3.644000,-0.140647,0.012948,synthetic_chat_design_preset
36.45,3.519204,3.645000,-0.141421,0.015625,synthetic_chat_design_preset
36.46,3.524093,3.646000,-0.140647,0.018739,synthetic_chat_design_preset
36.47,3.531006,3.647000,-0.138331,0.022337,synthetic_chat_design_preset
36.48,3.539961,3.648000,-0.134500,0.026461,synthetic_chat_design_preset
36.49,3.550959,3.649000,-0.129195,0.031154,synthetic_chat_design_preset
36.50,3.563980,3.650000,-0.122474,0.036454,synthetic_chat_design_preset
36.51,3.578982,3.651000,-0.114412,0.042394,synthetic_chat_design_preset
36.52,3.595902,3.652000,-0.105097,0.048999,synthetic_chat_design_preset
36.53,3.614655,3.653000,-0.094629,0.056285,synthetic_chat_design_preset
36.54,3.635132,3.654000,-0.083125,0.064257,synthetic_chat_design_preset
36.55,3.657197,3.655000,-0.070711,0.072908,synthetic_chat_design_preset
36.56,3.680694,3.656000,-0.057521,0.082216,synthetic_chat_design_preset
36.57,3.705440,3.657000,-0.043702,0.092142,synthetic_chat_design_preset
36.58,3.731229,3.658000,-0.029403,0.102632,synthetic_chat_design_preset
36.59,3.757832,3.659000,-0.014783,0.113615,synthetic_chat_design_preset
36.60,3.785000,3.660000,0.000000,0.125000,synthetic_chat_design_preset
36.61,3.812464,3.661000,0.014783,0.136681,synthetic_chat_design_preset
36.62,3.839940,3.662000,0.029403,0.148536,synthetic_chat_design_preset
36.63,3.867130,3.663000,0.043702,0.160428,synthetic_chat_design_preset
36.64,3.893729,3.664000,0.057521,0.172208,synthetic_chat_design_preset
36.65,3.919427,3.665000,0.070711,0.183717,synthetic_chat_design_preset
36.66,3.943917,3.666000,0.083125,0.194791,synthetic_chat_design_preset
36.67,3.966894,3.667000,0.094629,0.205264,synthetic_chat_design_preset
36.68,3.988069,3.668000,0.105097,0.214972,synthetic_chat_design_preset
36.69,4.007169,3.669000,0.114412,0.223756,synthetic_chat_design_preset
36.70,4.023943,3.670000,0.122474,0.231469,synthetic_chat_design_preset
36.71,4.038171,3.671000,0.129195,0.237976,synthetic_chat_design_preset
36.72,4.049663,3.672000,0.134500,0.243164,synthetic_chat_design_preset
36.73,4.058269,3.673000,0.138331,0.246938,synthetic_chat_design_preset
36.74,4.063878,3.674000,0.140647,0.249231,synthetic_chat_design_preset
36.75,4.066421,3.675000,0.141421,0.250000,synthetic_chat_design_preset
36.76,4.065878,3.676000,0.140647,0.249231,synthetic_chat_design_preset
36.77,4.062269,3.677000,0.138331,0.246938,synthetic_chat_design_preset
36.78,4.055663,3.678000,0.134500,0.243164,synthetic_chat_design_preset
36.79,4.046171,3.679000,0.129195,0.237976,synthetic_chat_design_preset
36.80,4.033943,3.680000,0.122474,0.231469,synthetic_chat_design_preset
36.81,4.019169,3.681000,0.114412,0.223756,synthetic_chat_design_preset
36.82,4.002069,3.682000,0.105097,0.214972,synthetic_chat_design_preset
36.83,3.982894,3.683000,0.094629,0.205264,synthetic_chat_design_preset
36.84,3.961917,3.684000,0.083125,0.194791,synthetic_chat_design_preset
36.85,3.939427,3.685000,0.070711,0.183717,synthetic_chat_design_preset
36.86,3.915729,3.686000,0.057521,0.172208,synthetic_chat_design_preset
36.87,3.891130,3.687000,0.043702,0.160428,synthetic_chat_design_preset
36.88,3.865940,3.688000,0.029403,0.148536,synthetic_chat_design_preset
36.89,3.840464,3.689000,0.014783,0.136681,synthetic_chat_design_preset
36.90,3.815000,3.690000,0.000000,0.125000,synthetic_chat_design_preset
36.91,3.789832,3.691000,-0.014783,0.113615,synthetic_chat_design_preset
36.92,3.765229,3.692000,-0.029403,0.102632,synthetic_chat_design_preset
36.93,3.741440,3.693000,-0.043702,0.092142,synthetic_chat_design_preset
36.94,3.718694,3.694000,-0.057521,0.082216,synthetic_chat_design_preset
36.95,3.697197,3.695000,-0.070711,0.072908,synthetic_chat_design_preset
36.96,3.677132,3.696000,-0.083125,0.064257,synthetic_chat_design_preset
36.97,3.658655,3.697000,-0.094629,0.056285,synthetic_chat_design_preset
36.98,3.641902,3.698000,-0.105097,0.048999,synthetic_chat_design_preset
36.99,3.626982,3.699000,-0.114412,0.042394,synthetic_chat_design_preset
37.00,3.613980,3.700000,-0.122474,0.036454,synthetic_chat_design_preset
37.01,3.602959,3.701000,-0.129195,0.031154,synthetic_chat_design_preset
37.02,3.593961,3.702000,-0.134500,0.026461,synthetic_chat_design_preset
37.03,3.587006,3.703000,-0.138331,0.022337,synthetic_chat_design_preset
37.04,3.582093,3.704000,-0.140647,0.018739,synthetic_chat_design_preset
37.05,3.579204,3.705000,-0.141421,0.015625,synthetic_chat_design_preset
37.06,3.578302,3.706000,-0.140647,0.012948,synthetic_chat_design_preset
37.07,3.579333,3.707000,-0.138331,0.010664,synthetic_chat_design_preset
37.08,3.582229,3.708000,-0.134500,0.008729,synthetic_chat_design_preset
37.09,3.586906,3.709000,-0.129195,0.007101,synthetic_chat_design_preset
37.10,3.593267,3.710000,-0.122474,0.005741,synthetic_chat_design_preset
37.11,3.601201,3.711000,-0.114412,0.004613,synthetic_chat_design_preset
37.12,3.610588,3.712000,-0.105097,0.003684,synthetic_chat_design_preset
37.13,3.621295,3.713000,-0.094629,0.002924,synthetic_chat_design_preset
37.14,3.633181,3.714000,-0.083125,0.002307,synthetic_chat_design_preset
37.15,3.646098,3.715000,-0.070711,0.001808,synthetic_chat_design_preset
37.16,3.659888,3.716000,-0.057521,0.001409,synthetic_chat_design_preset
37.17,3.674389,3.717000,-0.043702,0.001091,synthetic_chat_design_preset
37.18,3.689437,3.718000,-0.029403,0.000840,synthetic_chat_design_preset
37.19,3.704860,3.719000,-0.014783,0.000642,synthetic_chat_design_preset
37.20,3.720488,3.720000,0.000000,0.000488,synthetic_chat_design_preset
37.21,3.736151,3.721000,0.014783,0.000369,synthetic_chat_design_preset
37.22,3.751680,3.722000,0.029403,0.000277,synthetic_chat_design_preset
37.23,3.766908,3.723000,0.043702,0.000207,synthetic_chat_design_preset
37.24,3.781675,3.724000,0.057521,0.000153,synthetic_chat_design_preset
37.25,3.795824,3.725000,0.070711,0.000113,synthetic_chat_design_preset
37.26,3.809125,3.726000,0.083125,0.000000,synthetic_chat_design_preset
37.27,3.821629,3.727000,0.094629,0.000000,synthetic_chat_design_preset
37.28,3.833097,3.728000,0.105097,0.000000,synthetic_chat_design_preset
37.29,3.843412,3.729000,0.114412,0.000000,synthetic_chat_design_preset
37.30,3.852474,3.730000,0.122474,0.000000,synthetic_chat_design_preset
37.31,3.860195,3.731000,0.129195,0.000000,synthetic_chat_design_preset
37.32,3.866500,3.732000,0.134500,0.000000,synthetic_chat_design_preset
37.33,3.871331,3.733000,0.138331,0.000000,synthetic_chat_design_preset
37.34,3.874647,3.734000,0.140647,0.000000,synthetic_chat_design_preset
37.35,3.876421,3.735000,0.141421,0.000000,synthetic_chat_design_preset
37.36,3.876647,3.736000,0.140647,0.000000,synthetic_chat_design_preset
37.37,3.875331,3.737000,0.138331,0.000000,synthetic_chat_design_preset
37.38,3.872500,3.738000,0.134500,0.000000,synthetic_chat_design_preset
37.39,3.868195,3.739000,0.129195,0.000000,synthetic_chat_design_preset
37.40,3.862474,3.740000,0.122474,0.000000,synthetic_chat_design_preset
37.41,3.855412,3.741000,0.114412,0.000000,synthetic_chat_design_preset
37.42,3.847097,3.742000,0.105097,0.000000,synthetic_chat_design_preset
37.43,3.837629,3.743000,0.094629,0.000000,synthetic_chat_design_preset
37.44,3.827125,3.744000,0.083125,0.000000,synthetic_chat_design_preset
37.45,3.815711,3.745000,0.070711,0.000000,synthetic_chat_design_preset
37.46,3.803521,3.746000,0.057521,0.000000,synthetic_chat_design_preset
37.47,3.790702,3.747000,0.043702,0.000000,synthetic_chat_design_preset
37.48,3.777403,3.748000,0.029403,0.000000,synthetic_chat_design_preset
37.49,3.763783,3.749000,0.014783,0.000000,synthetic_chat_design_preset
37.50,3.750000,3.750000,-0.000000,0.000000,synthetic_chat_design_preset
37.51,3.736217,3.751000,-0.014783,0.000000,synthetic_chat_design_preset
37.52,3.722597,3.752000,-0.029403,0.000000,synthetic_chat_design_preset
37.53,3.709298,3.753000,-0.043702,0.000000,synthetic_chat_design_preset
37.54,3.696479,3.754000,-0.057521,0.000000,synthetic_chat_design_preset
37.55,3.684289,3.755000,-0.070711,0.000000,synthetic_chat_design_preset
37.56,3.672875,3.756000,-0.083125,0.000000,synthetic_chat_design_preset
37.57,3.662371,3.757000,-0.094629,0.000000,synthetic_chat_design_preset
37.58,3.652903,3.758000,-0.105097,0.000000,synthetic_chat_design_preset
37.59,3.644588,3.759000,-0.114412,0.000000,synthetic_chat_design_preset
37.60,3.637526,3.760000,-0.122474,0.000000,synthetic_chat_design_preset
37.61,3.631805,3.761000,-0.129195,0.000000,synthetic_chat_design_preset
37.62,3.627500,3.762000,-0.134500,0.000000,synthetic_chat_design_preset
37.63,3.624669,3.763000,-0.138331,0.000000,synthetic_chat_design_preset
37.64,3.623353,3.764000,-0.140647,0.000000,synthetic_chat_design_preset
37.65,3.623579,3.765000,-0.141421,0.000000,synthetic_chat_design_preset
37.66,3.625353,3.766000,-0.140647,0.000000,synthetic_chat_design_preset
37.67,3.628669,3.767000,-0.138331,0.000000,synthetic_chat_design_preset
37.68,3.633500,3.768000,-0.134500,0.000000,synthetic_chat_design_preset
37.69,3.639805,3.769000,-0.129195,0.000000,synthetic_chat_design_preset
37.70,3.647526,3.770000,-0.122474,0.000000,synthetic_chat_design_preset
37.71,3.656588,3.771000,-0.114412,0.000000,synthetic_chat_design_preset
37.72,3.666903,3.772000,-0.105097,0.000000,synthetic_chat_design_preset
37.73,3.678371,3.773000,-0.094629,0.000000,synthetic_chat_design_preset
37.74,3.690957,3.774000,-0.083125,0.000083,synthetic_chat_design_preset
37.75,3.704402,3.775000,-0.070711,0.000113,synthetic_chat_design_preset
37.76,3.718632,3.776000,-0.057521,0.000153,synthetic_chat_design_preset
37.77,3.733505,3.777000,-0.043702,0.000207,synthetic_chat_design_preset
37.78,3.748874,3.778000,-0.029403,0.000277,synthetic_chat_design_preset
37.79,3.764586,3.779000,-0.014783,0.000369,synthetic_chat_design_preset
37.80,3.780488,3.780000,0.000000,0.000488,synthetic_chat_design_preset
37.81,3.796425,3.781000,0.014783,0.000642,synthetic_chat_design_preset
37.82,3.812243,3.782000,0.029403,0.000840,synthetic_chat_design_preset
37.83,3.827793,3.783000,0.043702,0.001091,synthetic_chat_design_preset
37.84,3.842930,3.784000,0.057521,0.001409,synthetic_chat_design_preset
37.85,3.857519,3.785000,0.070711,0.001808,synthetic_chat_design_preset
37.86,3.871432,3.786000,0.083125,0.002307,synthetic_chat_design_preset
37.87,3.884553,3.787000,0.094629,0.002924,synthetic_chat_design_preset
37.88,3.896781,3.788000,0.105097,0.003684,synthetic_chat_design_preset
37.89,3.908026,3.789000,0.114412,0.004613,synthetic_chat_design_preset
37.90,3.918216,3.790000,0.122474,0.005741,synthetic_chat_design_preset
37.91,3.927296,3.791000,0.129195,0.007101,synthetic_chat_design_preset
37.92,3.935229,3.792000,0.134500,0.008729,synthetic_chat_design_preset
37.93,3.941995,3.793000,0.138331,0.010664,synthetic_chat_design_preset
37.94,3.947595,3.794000,0.140647,0.012948,synthetic_chat_design_preset
37.95,3.952046,3.795000,0.141421,0.015625,synthetic_chat_design_preset
37.96,3.955386,3.796000,0.140647,0.018739,synthetic_chat_design_preset
37.97,3.957668,3.797000,0.138331,0.022337,synthetic_chat_design_preset
37.98,3.958960,3.798000,0.134500,0.026461,synthetic_chat_design_preset
37.99,3.959349,3.799000,0.129195,0.031154,synthetic_chat_design_preset
38.00,3.958929,3.800000,0.122474,0.036454,synthetic_chat_design_preset
38.01,3.957806,3.801000,0.114412,0.042394,synthetic_chat_design_preset
38.02,3.956095,3.802000,0.105097,0.048999,synthetic_chat_design_preset
38.03,3.953914,3.803000,0.094629,0.056285,synthetic_chat_design_preset
38.04,3.951383,3.804000,0.083125,0.064257,synthetic_chat_design_preset
38.05,3.948619,3.805000,0.070711,0.072908,synthetic_chat_design_preset
38.06,3.945737,3.806000,0.057521,0.082216,synthetic_chat_design_preset
38.07,3.942843,3.807000,0.043702,0.092142,synthetic_chat_design_preset
38.08,3.940035,3.808000,0.029403,0.102632,synthetic_chat_design_preset
38.09,3.937397,3.809000,0.014783,0.113615,synthetic_chat_design_preset
38.10,3.935000,3.810000,-0.000000,0.125000,synthetic_chat_design_preset
38.11,3.932899,3.811000,-0.014783,0.136681,synthetic_chat_design_preset
38.12,3.931133,3.812000,-0.029403,0.148536,synthetic_chat_design_preset
38.13,3.929727,3.813000,-0.043702,0.160428,synthetic_chat_design_preset
38.14,3.928687,3.814000,-0.057521,0.172208,synthetic_chat_design_preset
38.15,3.928006,3.815000,-0.070711,0.183717,synthetic_chat_design_preset
38.16,3.927666,3.816000,-0.083125,0.194791,synthetic_chat_design_preset
38.17,3.927635,3.817000,-0.094629,0.205264,synthetic_chat_design_preset
38.18,3.927876,3.818000,-0.105097,0.214972,synthetic_chat_design_preset
38.19,3.928344,3.819000,-0.114412,0.223756,synthetic_chat_design_preset
38.20,3.928994,3.820000,-0.122474,0.231469,synthetic_chat_design_preset
38.21,3.929781,3.821000,-0.129195,0.237976,synthetic_chat_design_preset
38.22,3.930664,3.822000,-0.134500,0.243164,synthetic_chat_design_preset
38.23,3.931607,3.823000,-0.138331,0.246938,synthetic_chat_design_preset
38.24,3.932584,3.824000,-0.140647,0.249231,synthetic_chat_design_preset
38.25,3.933579,3.825000,-0.141421,0.250000,synthetic_chat_design_preset
38.26,3.934584,3.826000,-0.140647,0.249231,synthetic_chat_design_preset
38.27,3.935607,3.827000,-0.138331,0.246938,synthetic_chat_design_preset
38.28,3.936664,3.828000,-0.134500,0.243164,synthetic_chat_design_preset
38.29,3.937781,3.829000,-0.129195,0.237976,synthetic_chat_design_preset
38.30,3.938994,3.830000,-0.122474,0.231469,synthetic_chat_design_preset
38.31,3.940344,3.831000,-0.114412,0.223756,synthetic_chat_design_preset
38.32,3.941876,3.832000,-0.105097,0.214972,synthetic_chat_design_preset
38.33,3.943635,3.833000,-0.094629,0.205264,synthetic_chat_design_preset
38.34,3.945666,3.834000,-0.083125,0.194791,synthetic_chat_design_preset
38.35,3.948006,3.835000,-0.070711,0.183717,synthetic_chat_design_preset
38.36,3.950687,3.836000,-0.057521,0.172208,synthetic_chat_design_preset
38.37,3.953727,3.837000,-0.043702,0.160428,synthetic_chat_design_preset
38.38,3.957133,3.838000,-0.029403,0.148536,synthetic_chat_design_preset
38.39,3.960899,3.839000,-0.014783,0.136681,synthetic_chat_design_preset
38.40,3.965000,3.840000,-0.000000,0.125000,synthetic_chat_design_preset
38.41,3.969397,3.841000,0.014783,0.113615,synthetic_chat_design_preset
38.42,3.974035,3.842000,0.029403,0.102632,synthetic_chat_design_preset
38.43,3.978843,3.843000,0.043702,0.092142,synthetic_chat_design_preset
38.44,3.983737,3.844000,0.057521,0.082216,synthetic_chat_design_preset
38.45,3.988619,3.845000,0.070711,0.072908,synthetic_chat_design_preset
38.46,3.993383,3.846000,0.083125,0.064257,synthetic_chat_design_preset
38.47,3.997914,3.847000,0.094629,0.056285,synthetic_chat_design_preset
38.48,4.002095,3.848000,0.105097,0.048999,synthetic_chat_design_preset
38.49,4.005806,3.849000,0.114412,0.042394,synthetic_chat_design_preset
38.50,4.008929,3.850000,0.122474,0.036454,synthetic_chat_design_preset
38.51,4.011349,3.851000,0.129195,0.031154,synthetic_chat_design_preset
38.52,4.012960,3.852000,0.134500,0.026461,synthetic_chat_design_preset
38.53,4.013668,3.853000,0.138331,0.022337,synthetic_chat_design_preset
38.54,4.013386,3.854000,0.140647,0.018739,synthetic_chat_design_preset
38.55,4.012046,3.855000,0.141421,0.015625,synthetic_chat_design_preset
38.56,4.009595,3.856000,0.140647,0.012948,synthetic_chat_design_preset
38.57,4.005995,3.857000,0.138331,0.010664,synthetic_chat_design_preset
38.58,4.001229,3.858000,0.134500,0.008729,synthetic_chat_design_preset
38.59,3.995296,3.859000,0.129195,0.007101,synthetic_chat_design_preset
38.60,3.988216,3.860000,0.122474,0.005741,synthetic_chat_design_preset
38.61,3.980026,3.861000,0.114412,0.004613,synthetic_chat_design_preset
38.62,3.970781,3.862000,0.105097,0.003684,synthetic_chat_design_preset
38.63,3.960553,3.863000,0.094629,0.002924,synthetic_chat_design_preset
38.64,3.949432,3.864000,0.083125,0.002307,synthetic_chat_design_preset
38.65,3.937519,3.865000,0.070711,0.001808,synthetic_chat_design_preset
38.66,3.924930,3.866000,0.057521,0.001409,synthetic_chat_design_preset
38.67,3.911793,3.867000,0.043702,0.001091,synthetic_chat_design_preset
38.68,3.898243,3.868000,0.029403,0.000840,synthetic_chat_design_preset
38.69,3.884425,3.869000,0.014783,0.000642,synthetic_chat_design_preset
38.70,3.870488,3.870000,-0.000000,0.000488,synthetic_chat_design_preset
38.71,3.856586,3.871000,-0.014783,0.000369,synthetic_chat_design_preset
38.72,3.842874,3.872000,-0.029403,0.000277,synthetic_chat_design_preset
38.73,3.829505,3.873000,-0.043702,0.000207,synthetic_chat_design_preset
38.74,3.816632,3.874000,-0.057521,0.000153,synthetic_chat_design_preset
38.75,3.804402,3.875000,-0.070711,0.000113,synthetic_chat_design_preset
38.76,3.792875,3.876000,-0.083125,0.000000,synthetic_chat_design_preset
38.77,3.782371,3.877000,-0.094629,0.000000,synthetic_chat_design_preset
38.78,3.772903,3.878000,-0.105097,0.000000,synthetic_chat_design_preset
38.79,3.764588,3.879000,-0.114412,0.000000,synthetic_chat_design_preset
38.80,3.757526,3.880000,-0.122474,0.000000,synthetic_chat_design_preset
38.81,3.751805,3.881000,-0.129195,0.000000,synthetic_chat_design_preset
38.82,3.747500,3.882000,-0.134500,0.000000,synthetic_chat_design_preset
38.83,3.744669,3.883000,-0.138331,0.000000,synthetic_chat_design_preset
38.84,3.743353,3.884000,-0.140647,0.000000,synthetic_chat_design_preset
38.85,3.743579,3.885000,-0.141421,0.000000,synthetic_chat_design_preset
38.86,3.745353,3.886000,-0.140647,0.000000,synthetic_chat_design_preset
38.87,3.748669,3.887000,-0.138331,0.000000,synthetic_chat_design_preset
38.88,3.753500,3.888000,-0.134500,0.000000,synthetic_chat_design_preset
38.89,3.759805,3.889000,-0.129195,0.000000,synthetic_chat_design_preset
38.90,3.767526,3.890000,-0.122474,0.000000,synthetic_chat_design_preset
38.91,3.776588,3.891000,-0.114412,0.000000,synthetic_chat_design_preset
38.92,3.786903,3.892000,-0.105097,0.000000,synthetic_chat_design_preset
38.93,3.798371,3.893000,-0.094629,0.000000,synthetic_chat_design_preset
38.94,3.810875,3.894000,-0.083125,0.000000,synthetic_chat_design_preset
38.95,3.824289,3.895000,-0.070711,0.000000,synthetic_chat_design_preset
38.96,3.838479,3.896000,-0.057521,0.000000,synthetic_chat_design_preset
38.97,3.853298,3.897000,-0.043702,0.000000,synthetic_chat_design_preset
38.98,3.868597,3.898000,-0.029403,0.000000,synthetic_chat_design_preset
38.99,3.884217,3.899000,-0.014783,0.000000,synthetic_chat_design_preset
39.00,3.900000,3.900000,-0.000000,0.000000,synthetic_chat_design_preset
39.01,3.915783,3.901000,0.014783,0.000000,synthetic_chat_design_preset
39.02,3.931403,3.902000,0.029403,0.000000,synthetic_chat_design_preset
39.03,3.946702,3.903000,0.043702,0.000000,synthetic_chat_design_preset
39.04,3.961521,3.904000,0.057521,0.000000,synthetic_chat_design_preset
39.05,3.975711,3.905000,0.070711,0.000000,synthetic_chat_design_preset
39.06,3.989125,3.906000,0.083125,0.000000,synthetic_chat_design_preset
39.07,4.001629,3.907000,0.094629,0.000000,synthetic_chat_design_preset
39.08,4.013097,3.908000,0.105097,0.000000,synthetic_chat_design_preset
39.09,4.023412,3.909000,0.114412,0.000000,synthetic_chat_design_preset
39.10,4.032474,3.910000,0.122474,0.000000,synthetic_chat_design_preset
39.11,4.040195,3.911000,0.129195,0.000000,synthetic_chat_design_preset
39.12,4.046500,3.912000,0.134500,0.000000,synthetic_chat_design_preset
39.13,4.051331,3.913000,0.138331,0.000000,synthetic_chat_design_preset
39.14,4.054647,3.914000,0.140647,0.000000,synthetic_chat_design_preset
39.15,4.056421,3.915000,0.141421,0.000000,synthetic_chat_design_preset
39.16,4.056647,3.916000,0.140647,0.000000,synthetic_chat_design_preset
39.17,4.055331,3.917000,0.138331,0.000000,synthetic_chat_design_preset
39.18,4.052500,3.918000,0.134500,0.000000,synthetic_chat_design_preset
39.19,4.048195,3.919000,0.129195,0.000000,synthetic_chat_design_preset
39.20,4.042474,3.920000,0.122474,0.000000,synthetic_chat_design_preset
39.21,4.035412,3.921000,0.114412,0.000000,synthetic_chat_design_preset
39.22,4.027097,3.922000,0.105097,0.000000,synthetic_chat_design_preset
39.23,4.017629,3.923000,0.094629,0.000000,synthetic_chat_design_preset
39.24,4.007208,3.924000,0.083125,0.000083,synthetic_chat_design_preset
39.25,3.995824,3.925000,0.070711,0.000113,synthetic_chat_design_preset
39.26,3.983675,3.926000,0.057521,0.000153,synthetic_chat_design_preset
39.27,3.970908,3.927000,0.043702,0.000207,synthetic_chat_design_preset
39.28,3.957680,3.928000,0.029403,0.000277,synthetic_chat_design_preset
39.29,3.944151,3.929000,0.014783,0.000369,synthetic_chat_design_preset
39.30,3.930488,3.930000,-0.000000,0.000488,synthetic_chat_design_preset
39.31,3.916860,3.931000,-0.014783,0.000642,synthetic_chat_design_preset
39.32,3.903437,3.932000,-0.029403,0.000840,synthetic_chat_design_preset
39.33,3.890389,3.933000,-0.043702,0.001091,synthetic_chat_design_preset
39.34,3.877888,3.934000,-0.057521,0.001409,synthetic_chat_design_preset
39.35,3.866098,3.935000,-0.070711,0.001808,synthetic_chat_design_preset
39.36,3.855181,3.936000,-0.083125,0.002307,synthetic_chat_design_preset
39.37,3.845295,3.937000,-0.094629,0.002924,synthetic_chat_design_preset
39.38,3.836588,3.938000,-0.105097,0.003684,synthetic_chat_design_preset
39.39,3.829201,3.939000,-0.114412,0.004613,synthetic_chat_design_preset
39.40,3.823267,3.940000,-0.122474,0.005741,synthetic_chat_design_preset
39.41,3.818906,3.941000,-0.129195,0.007101,synthetic_chat_design_preset
39.42,3.816229,3.942000,-0.134500,0.008729,synthetic_chat_design_preset
39.43,3.815333,3.943000,-0.138331,0.010664,synthetic_chat_design_preset
39.44,3.816302,3.944000,-0.140647,0.012948,synthetic_chat_design_preset
39.45,3.819204,3.945000,-0.141421,0.015625,synthetic_chat_design_preset
39.46,3.824093,3.946000,-0.140647,0.018739,synthetic_chat_design_preset
39.47,3.831006,3.947000,-0.138331,0.022337,synthetic_chat_design_preset
39.48,3.839961,3.948000,-0.134500,0.026461,synthetic_chat_design_preset
39.49,3.850959,3.949000,-0.129195,0.031154,synthetic_chat_design_preset
39.50,3.863980,3.950000,-0.122474,0.036454,synthetic_chat_design_preset
39.51,3.878982,3.951000,-0.114412,0.042394,synthetic_chat_design_preset
39.52,3.895902,3.952000,-0.105097,0.048999,synthetic_chat_design_preset
39.53,3.914655,3.953000,-0.094629,0.056285,synthetic_chat_design_preset
39.54,3.935132,3.954000,-0.083125,0.064257,synthetic_chat_design_preset
39.55,3.957197,3.955000,-0.070711,0.072908,synthetic_chat_design_preset
39.56,3.980694,3.956000,-0.057521,0.082216,synthetic_chat_design_preset
39.57,4.005440,3.957000,-0.043702,0.092142,synthetic_chat_design_preset
39.58,4.031229,3.958000,-0.029403,0.102632,synthetic_chat_design_preset
39.59,4.057832,3.959000,-0.014783,0.113615,synthetic_chat_design_preset
39.60,4.085000,3.960000,-0.000000,0.125000,synthetic_chat_design_preset
39.61,4.112464,3.961000,0.014783,0.136681,synthetic_chat_design_preset
39.62,4.139940,3.962000,0.029403,0.148536,synthetic_chat_design_preset
39.63,4.167130,3.963000,0.043702,0.160428,synthetic_chat_design_preset
39.64,4.193729,3.964000,0.057521,0.172208,synthetic_chat_design_preset
39.65,4.219427,3.965000,0.070711,0.183717,synthetic_chat_design_preset
39.66,4.243917,3.966000,0.083125,0.194791,synthetic_chat_design_preset
39.67,4.266894,3.967000,0.094629,0.205264,synthetic_chat_design_preset
39.68,4.288069,3.968000,0.105097,0.214972,synthetic_chat_design_preset
39.69,4.307169,3.969000,0.114412,0.223756,synthetic_chat_design_preset
39.70,4.323943,3.970000,0.122474,0.231469,synthetic_chat_design_preset
39.71,4.338171,3.971000,0.129195,0.237976,synthetic_chat_design_preset
39.72,4.349663,3.972000,0.134500,0.243164,synthetic_chat_design_preset
39.73,4.358269,3.973000,0.138331,0.246938,synthetic_chat_design_preset
39.74,4.363878,3.974000,0.140647,0.249231,synthetic_chat_design_preset
39.75,4.366421,3.975000,0.141421,0.250000,synthetic_chat_design_preset
39.76,4.365878,3.976000,0.140647,0.249231,synthetic_chat_design_preset
39.77,4.362269,3.977000,0.138331,0.246938,synthetic_chat_design_preset
39.78,4.355663,3.978000,0.134500,0.243164,synthetic_chat_design_preset
39.79,4.346171,3.979000,0.129195,0.237976,synthetic_chat_design_preset
39.80,4.333943,3.980000,0.122474,0.231469,synthetic_chat_design_preset
39.81,4.319169,3.981000,0.114412,0.223756,synthetic_chat_design_preset
39.82,4.302069,3.982000,0.105097,0.214972,synthetic_chat_design_preset
39.83,4.282894,3.983000,0.094629,0.205264,synthetic_chat_design_preset
39.84,4.261917,3.984000,0.083125,0.194791,synthetic_chat_design_preset
39.85,4.239427,3.985000,0.070711,0.183717,synthetic_chat_design_preset
39.86,4.215729,3.986000,0.057521,0.172208,synthetic_chat_design_preset
39.87,4.191130,3.987000,0.043702,0.160428,synthetic_chat_design_preset
39.88,4.165940,3.988000,0.029403,0.148536,synthetic_chat_design_preset
39.89,4.140464,3.989000,0.014783,0.136681,synthetic_chat_design_preset
39.90,4.115000,3.990000,0.000000,0.125000,synthetic_chat_design_preset
39.91,4.089832,3.991000,-0.014783,0.113615,synthetic_chat_design_preset
39.92,4.065229,3.992000,-0.029403,0.102632,synthetic_chat_design_preset
39.93,4.041440,3.993000,-0.043702,0.092142,synthetic_chat_design_preset
39.94,4.018694,3.994000,-0.057521,0.082216,synthetic_chat_design_preset
39.95,3.997197,3.995000,-0.070711,0.072908,synthetic_chat_design_preset
39.96,3.977132,3.996000,-0.083125,0.064257,synthetic_chat_design_preset
39.97,3.958655,3.997000,-0.094629,0.056285,synthetic_chat_design_preset
39.98,3.941902,3.998000,-0.105097,0.048999,synthetic_chat_design_preset
39.99,3.926982,3.999000,-0.114412,0.042394,synthetic_chat_design_preset
40.00,3.913980,4.000000,-0.122474,0.036454,synthetic_chat_design_preset
40.01,3.902959,4.001000,-0.129195,0.031154,synthetic_chat_design_preset
40.02,3.893961,4.002000,-0.134500,0.026461,synthetic_chat_design_preset
40.03,3.887006,4.003000,-0.138331,0.022337,synthetic_chat_design_preset
40.04,3.882093,4.004000,-0.140647,0.018739,synthetic_chat_design_preset
40.05,3.879204,4.005000,-0.141421,0.015625,synthetic_chat_design_preset
40.06,3.878302,4.006000,-0.140647,0.012948,synthetic_chat_design_preset
40.07,3.879333,4.007000,-0.138331,0.010664,synthetic_chat_design_preset
40.08,3.882229,4.008000,-0.134500,0.008729,synthetic_chat_design_preset
40.09,3.886906,4.009000,-0.129195,0.007101,synthetic_chat_design_preset
40.10,3.893267,4.010000,-0.122474,0.005741,synthetic_chat_design_preset
40.11,3.901201,4.011000,-0.114412,0.004613,synthetic_chat_design_preset
40.12,3.910588,4.012000,-0.105097,0.003684,synthetic_chat_design_preset
40.13,3.921295,4.013000,-0.094629,0.002924,synthetic_chat_design_preset
40.14,3.933181,4.014000,-0.083125,0.002307,synthetic_chat_design_preset
40.15,3.946098,4.015000,-0.070711,0.001808,synthetic_chat_design_preset
40.16,3.959888,4.016000,-0.057521,0.001409,synthetic_chat_design_preset
40.17,3.974389,4.017000,-0.043702,0.001091,synthetic_chat_design_preset
40.18,3.989437,4.018000,-0.029403,0.000840,synthetic_chat_design_preset
40.19,4.004860,4.019000,-0.014783,0.000642,synthetic_chat_design_preset
40.20,4.020488,4.020000,0.000000,0.000488,synthetic_chat_design_preset
40.21,4.036151,4.021000,0.014783,0.000369,synthetic_chat_design_preset
40.22,4.051680,4.022000,0.029403,0.000277,synthetic_chat_design_preset
40.23,4.066908,4.023000,0.043702,0.000207,synthetic_chat_design_preset
40.24,4.081675,4.024000,0.057521,0.000153,synthetic_chat_design_preset
40.25,4.095824,4.025000,0.070711,0.000113,synthetic_chat_design_preset
40.26,4.109125,4.026000,0.083125,0.000000,synthetic_chat_design_preset
40.27,4.121629,4.027000,0.094629,0.000000,synthetic_chat_design_preset
40.28,4.133097,4.028000,0.105097,0.000000,synthetic_chat_design_preset
40.29,4.143412,4.029000,0.114412,0.000000,synthetic_chat_design_preset
40.30,4.152474,4.030000,0.122474,0.000000,synthetic_chat_design_preset
40.31,4.160195,4.031000,0.129195,0.000000,synthetic_chat_design_preset
40.32,4.166500,4.032000,0.134500,0.000000,synthetic_chat_design_preset
40.33,4.171331,4.033000,0.138331,0.000000,synthetic_chat_design_preset
40.34,4.174647,4.034000,0.140647,0.000000,synthetic_chat_design_preset
40.35,4.176421,4.035000,0.141421,0.000000,synthetic_chat_design_preset
40.36,4.176647,4.036000,0.140647,0.000000,synthetic_chat_design_preset
40.37,4.175331,4.037000,0.138331,0.000000,synthetic_chat_design_preset
40.38,4.172500,4.038000,0.134500,0.000000,synthetic_chat_design_preset
40.39,4.168195,4.039000,0.129195,0.000000,synthetic_chat_design_preset
40.40,4.162474,4.040000,0.122474,0.000000,synthetic_chat_design_preset
40.41,4.155412,4.041000,0.114412,0.000000,synthetic_chat_design_preset
40.42,4.147097,4.042000,0.105097,0.000000,synthetic_chat_design_preset
40.43,4.137629,4.043000,0.094629,0.000000,synthetic_chat_design_preset
40.44,4.127125,4.044000,0.083125,0.000000,synthetic_chat_design_preset
40.45,4.115711,4.045000,0.070711,0.000000,synthetic_chat_design_preset
40.46,4.103521,4.046000,0.057521,0.000000,synthetic_chat_design_preset
40.47,4.090702,4.047000,0.043702,0.000000,synthetic_chat_design_preset
40.48,4.077403,4.048000,0.029403,0.000000,synthetic_chat_design_preset
40.49,4.063783,4.049000,0.014783,0.000000,synthetic_chat_design_preset
40.50,4.050000,4.050000,0.000000,0.000000,synthetic_chat_design_preset
40.51,4.036217,4.051000,-0.014783,0.000000,synthetic_chat_design_preset
40.52,4.022597,4.052000,-0.029403,0.000000,synthetic_chat_design_preset
40.53,4.009298,4.053000,-0.043702,0.000000,synthetic_chat_design_preset
40.54,3.996479,4.054000,-0.057521,0.000000,synthetic_chat_design_preset
40.55,3.984289,4.055000,-0.070711,0.000000,synthetic_chat_design_preset
40.56,3.972875,4.056000,-0.083125,0.000000,synthetic_chat_design_preset
40.57,3.962371,4.057000,-0.094629,0.000000,synthetic_chat_design_preset
40.58,3.952903,4.058000,-0.105097,0.000000,synthetic_chat_design_preset
40.59,3.944588,4.059000,-0.114412,0.000000,synthetic_chat_design_preset
40.60,3.937526,4.060000,-0.122474,0.000000,synthetic_chat_design_preset
40.61,3.931805,4.061000,-0.129195,0.000000,synthetic_chat_design_preset
40.62,3.927500,4.062000,-0.134500,0.000000,synthetic_chat_design_preset
40.63,3.924669,4.063000,-0.138331,0.000000,synthetic_chat_design_preset
40.64,3.923353,4.064000,-0.140647,0.000000,synthetic_chat_design_preset
40.65,3.923579,4.065000,-0.141421,0.000000,synthetic_chat_design_preset
40.66,3.925353,4.066000,-0.140647,0.000000,synthetic_chat_design_preset
40.67,3.928669,4.067000,-0.138331,0.000000,synthetic_chat_design_preset
40.68,3.933500,4.068000,-0.134500,0.000000,synthetic_chat_design_preset
40.69,3.939805,4.069000,-0.129195,0.000000,synthetic_chat_design_preset
40.70,3.947526,4.070000,-0.122474,0.000000,synthetic_chat_design_preset
40.71,3.956588,4.071000,-0.114412,0.000000,synthetic_chat_design_preset
40.72,3.966903,4.072000,-0.105097,0.000000,synthetic_chat_design_preset
40.73,3.978371,4.073000,-0.094629,0.000000,synthetic_chat_design_preset
40.74,3.990957,4.074000,-0.083125,0.000083,synthetic_chat_design_preset
40.75,4.004402,4.075000,-0.070711,0.000113,synthetic_chat_design_preset
40.76,4.018632,4.076000,-0.057521,0.000153,synthetic_chat_design_preset
40.77,4.033505,4.077000,-0.043702,0.000207,synthetic_chat_design_preset
40.78,4.048874,4.078000,-0.029403,0.000277,synthetic_chat_design_preset
40.79,4.064586,4.079000,-0.014783,0.000369,synthetic_chat_design_preset
40.80,4.080488,4.080000,0.000000,0.000488,synthetic_chat_design_preset
40.81,4.096425,4.081000,0.014783,0.000642,synthetic_chat_design_preset
40.82,4.112243,4.082000,0.029403,0.000840,synthetic_chat_design_preset
40.83,4.127793,4.083000,0.043702,0.001091,synthetic_chat_design_preset
40.84,4.142930,4.084000,0.057521,0.001409,synthetic_chat_design_preset
40.85,4.157519,4.085000,0.070711,0.001808,synthetic_chat_design_preset
40.86,4.171432,4.086000,0.083125,0.002307,synthetic_chat_design_preset
40.87,4.184553,4.087000,0.094629,0.002924,synthetic_chat_design_preset
40.88,4.196781,4.088000,0.105097,0.003684,synthetic_chat_design_preset
40.89,4.208026,4.089000,0.114412,0.004613,synthetic_chat_design_preset
40.90,4.218216,4.090000,0.122474,0.005741,synthetic_chat_design_preset
40.91,4.227296,4.091000,0.129195,0.007101,synthetic_chat_design_preset
40.92,4.235229,4.092000,0.134500,0.008729,synthetic_chat_design_preset
40.93,4.241995,4.093000,0.138331,0.010664,synthetic_chat_design_preset
40.94,4.247595,4.094000,0.140647,0.012948,synthetic_chat_design_preset
40.95,4.252046,4.095000,0.141421,0.015625,synthetic_chat_design_preset
40.96,4.255386,4.096000,0.140647,0.018739,synthetic_chat_design_preset
40.97,4.257668,4.097000,0.138331,0.022337,synthetic_chat_design_preset
40.98,4.258960,4.098000,0.134500,0.026461,synthetic_chat_design_preset
40.99,4.259349,4.099000,0.129195,0.031154,synthetic_chat_design_preset
41.00,4.258929,4.100000,0.122474,0.036454,synthetic_chat_design_preset
41.01,4.257806,4.101000,0.114412,0.042394,synthetic_chat_design_preset
41.02,4.256095,4.102000,0.105097,0.048999,synthetic_chat_design_preset
41.03,4.253914,4.103000,0.094629,0.056285,synthetic_chat_design_preset
41.04,4.251383,4.104000,0.083125,0.064257,synthetic_chat_design_preset
41.05,4.248619,4.105000,0.070711,0.072908,synthetic_chat_design_preset
41.06,4.245737,4.106000,0.057521,0.082216,synthetic_chat_design_preset
41.07,4.242843,4.107000,0.043702,0.092142,synthetic_chat_design_preset
41.08,4.240035,4.108000,0.029403,0.102632,synthetic_chat_design_preset
41.09,4.237397,4.109000,0.014783,0.113615,synthetic_chat_design_preset
41.10,4.235000,4.110000,-0.000000,0.125000,synthetic_chat_design_preset
41.11,4.232899,4.111000,-0.014783,0.136681,synthetic_chat_design_preset
41.12,4.231133,4.112000,-0.029403,0.148536,synthetic_chat_design_preset
41.13,4.229727,4.113000,-0.043702,0.160428,synthetic_chat_design_preset
41.14,4.228687,4.114000,-0.057521,0.172208,synthetic_chat_design_preset
41.15,4.228006,4.115000,-0.070711,0.183717,synthetic_chat_design_preset
41.16,4.227666,4.116000,-0.083125,0.194791,synthetic_chat_design_preset
41.17,4.227635,4.117000,-0.094629,0.205264,synthetic_chat_design_preset
41.18,4.227876,4.118000,-0.105097,0.214972,synthetic_chat_design_preset
41.19,4.228344,4.119000,-0.114412,0.223756,synthetic_chat_design_preset
41.20,4.228994,4.120000,-0.122474,0.231469,synthetic_chat_design_preset
41.21,4.229781,4.121000,-0.129195,0.237976,synthetic_chat_design_preset
41.22,4.230664,4.122000,-0.134500,0.243164,synthetic_chat_design_preset
41.23,4.231607,4.123000,-0.138331,0.246938,synthetic_chat_design_preset
41.24,4.232584,4.124000,-0.140647,0.249231,synthetic_chat_design_preset
41.25,4.233579,4.125000,-0.141421,0.250000,synthetic_chat_design_preset
41.26,4.234584,4.126000,-0.140647,0.249231,synthetic_chat_design_preset
41.27,4.235607,4.127000,-0.138331,0.246938,synthetic_chat_design_preset
41.28,4.236664,4.128000,-0.134500,0.243164,synthetic_chat_design_preset
41.29,4.237781,4.129000,-0.129195,0.237976,synthetic_chat_design_preset
41.30,4.238994,4.130000,-0.122474,0.231469,synthetic_chat_design_preset
41.31,4.240344,4.131000,-0.114412,0.223756,synthetic_chat_design_preset
41.32,4.241876,4.132000,-0.105097,0.214972,synthetic_chat_design_preset
41.33,4.243635,4.133000,-0.094629,0.205264,synthetic_chat_design_preset
41.34,4.245666,4.134000,-0.083125,0.194791,synthetic_chat_design_preset
41.35,4.248006,4.135000,-0.070711,0.183717,synthetic_chat_design_preset
41.36,4.250687,4.136000,-0.057521,0.172208,synthetic_chat_design_preset
41.37,4.253727,4.137000,-0.043702,0.160428,synthetic_chat_design_preset
41.38,4.257133,4.138000,-0.029403,0.148536,synthetic_chat_design_preset
41.39,4.260899,4.139000,-0.014783,0.136681,synthetic_chat_design_preset
41.40,4.265000,4.140000,-0.000000,0.125000,synthetic_chat_design_preset
41.41,4.269397,4.141000,0.014783,0.113615,synthetic_chat_design_preset
41.42,4.274035,4.142000,0.029403,0.102632,synthetic_chat_design_preset
41.43,4.278843,4.143000,0.043702,0.092142,synthetic_chat_design_preset
41.44,4.283737,4.144000,0.057521,0.082216,synthetic_chat_design_preset
41.45,4.288619,4.145000,0.070711,0.072908,synthetic_chat_design_preset
41.46,4.293383,4.146000,0.083125,0.064257,synthetic_chat_design_preset
41.47,4.297914,4.147000,0.094629,0.056285,synthetic_chat_design_preset
41.48,4.302095,4.148000,0.105097,0.048999,synthetic_chat_design_preset
41.49,4.305806,4.149000,0.114412,0.042394,synthetic_chat_design_preset
41.50,4.308929,4.150000,0.122474,0.036454,synthetic_chat_design_preset
41.51,4.311349,4.151000,0.129195,0.031154,synthetic_chat_design_preset
41.52,4.312960,4.152000,0.134500,0.026461,synthetic_chat_design_preset
41.53,4.313668,4.153000,0.138331,0.022337,synthetic_chat_design_preset
41.54,4.313386,4.154000,0.140647,0.018739,synthetic_chat_design_preset
41.55,4.312046,4.155000,0.141421,0.015625,synthetic_chat_design_preset
41.56,4.309595,4.156000,0.140647,0.012948,synthetic_chat_design_preset
41.57,4.305995,4.157000,0.138331,0.010664,synthetic_chat_design_preset
41.58,4.301229,4.158000,0.134500,0.008729,synthetic_chat_design_preset
41.59,4.295296,4.159000,0.129195,0.007101,synthetic_chat_design_preset
41.60,4.288216,4.160000,0.122474,0.005741,synthetic_chat_design_preset
41.61,4.280026,4.161000,0.114412,0.004613,synthetic_chat_design_preset
41.62,4.270781,4.162000,0.105097,0.003684,synthetic_chat_design_preset
41.63,4.260553,4.163000,0.094629,0.002924,synthetic_chat_design_preset
41.64,4.249432,4.164000,0.083125,0.002307,synthetic_chat_design_preset
41.65,4.237519,4.165000,0.070711,0.001808,synthetic_chat_design_preset
41.66,4.224930,4.166000,0.057521,0.001409,synthetic_chat_design_preset
41.67,4.211793,4.167000,0.043702,0.001091,synthetic_chat_design_preset
41.68,4.198243,4.168000,0.029403,0.000840,synthetic_chat_design_preset
41.69,4.184425,4.169000,0.014783,0.000642,synthetic_chat_design_preset
41.70,4.170488,4.170000,-0.000000,0.000488,synthetic_chat_design_preset
41.71,4.156586,4.171000,-0.014783,0.000369,synthetic_chat_design_preset
41.72,4.142874,4.172000,-0.029403,0.000277,synthetic_chat_design_preset
41.73,4.129505,4.173000,-0.043702,0.000207,synthetic_chat_design_preset
41.74,4.116632,4.174000,-0.057521,0.000153,synthetic_chat_design_preset
41.75,4.104402,4.175000,-0.070711,0.000113,synthetic_chat_design_preset
41.76,4.092875,4.176000,-0.083125,0.000000,synthetic_chat_design_preset
41.77,4.082371,4.177000,-0.094629,0.000000,synthetic_chat_design_preset
41.78,4.072903,4.178000,-0.105097,0.000000,synthetic_chat_design_preset
41.79,4.064588,4.179000,-0.114412,0.000000,synthetic_chat_design_preset
41.80,4.057526,4.180000,-0.122474,0.000000,synthetic_chat_design_preset
41.81,4.051805,4.181000,-0.129195,0.000000,synthetic_chat_design_preset
41.82,4.047500,4.182000,-0.134500,0.000000,synthetic_chat_design_preset
41.83,4.044669,4.183000,-0.138331,0.000000,synthetic_chat_design_preset
41.84,4.043353,4.184000,-0.140647,0.000000,synthetic_chat_design_preset
41.85,4.043579,4.185000,-0.141421,0.000000,synthetic_chat_design_preset
41.86,4.045353,4.186000,-0.140647,0.000000,synthetic_chat_design_preset
41.87,4.048669,4.187000,-0.138331,0.000000,synthetic_chat_design_preset
41.88,4.053500,4.188000,-0.134500,0.000000,synthetic_chat_design_preset
41.89,4.059805,4.189000,-0.129195,0.000000,synthetic_chat_design_preset
41.90,4.067526,4.190000,-0.122474,0.000000,synthetic_chat_design_preset
41.91,4.076588,4.191000,-0.114412,0.000000,synthetic_chat_design_preset
41.92,4.086903,4.192000,-0.105097,0.000000,synthetic_chat_design_preset
41.93,4.098371,4.193000,-0.094629,0.000000,synthetic_chat_design_preset
41.94,4.110875,4.194000,-0.083125,0.000000,synthetic_chat_design_preset
41.95,4.124289,4.195000,-0.070711,0.000000,synthetic_chat_design_preset
41.96,4.138479,4.196000,-0.057521,0.000000,synthetic_chat_design_preset
41.97,4.153298,4.197000,-0.043702,0.000000,synthetic_chat_design_preset
41.98,4.168597,4.198000,-0.029403,0.000000,synthetic_chat_design_preset
41.99,4.184217,4.199000,-0.014783,0.000000,synthetic_chat_design_preset
42.00,4.200000,4.200000,0.000000,0.000000,synthetic_chat_design_preset
42.01,4.215783,4.201000,0.014783,0.000000,synthetic_chat_design_preset
42.02,4.231403,4.202000,0.029403,0.000000,synthetic_chat_design_preset
42.03,4.246702,4.203000,0.043702,0.000000,synthetic_chat_design_preset
42.04,4.261521,4.204000,0.057521,0.000000,synthetic_chat_design_preset
42.05,4.275711,4.205000,0.070711,0.000000,synthetic_chat_design_preset
42.06,4.289125,4.206000,0.083125,0.000000,synthetic_chat_design_preset
42.07,4.301629,4.207000,0.094629,0.000000,synthetic_chat_design_preset
42.08,4.313097,4.208000,0.105097,0.000000,synthetic_chat_design_preset
42.09,4.323412,4.209000,0.114412,0.000000,synthetic_chat_design_preset
42.10,4.332474,4.210000,0.122474,0.000000,synthetic_chat_design_preset
42.11,4.340195,4.211000,0.129195,0.000000,synthetic_chat_design_preset
42.12,4.346500,4.212000,0.134500,0.000000,synthetic_chat_design_preset
42.13,4.351331,4.213000,0.138331,0.000000,synthetic_chat_design_preset
42.14,4.354647,4.214000,0.140647,0.000000,synthetic_chat_design_preset
42.15,4.356421,4.215000,0.141421,0.000000,synthetic_chat_design_preset
42.16,4.356647,4.216000,0.140647,0.000000,synthetic_chat_design_preset
42.17,4.355331,4.217000,0.138331,0.000000,synthetic_chat_design_preset
42.18,4.352500,4.218000,0.134500,0.000000,synthetic_chat_design_preset
42.19,4.348195,4.219000,0.129195,0.000000,synthetic_chat_design_preset
42.20,4.342474,4.220000,0.122474,0.000000,synthetic_chat_design_preset
42.21,4.335412,4.221000,0.114412,0.000000,synthetic_chat_design_preset
42.22,4.327097,4.222000,0.105097,0.000000,synthetic_chat_design_preset
42.23,4.317629,4.223000,0.094629,0.000000,synthetic_chat_design_preset
42.24,4.307208,4.224000,0.083125,0.000083,synthetic_chat_design_preset
42.25,4.295824,4.225000,0.070711,0.000113,synthetic_chat_design_preset
42.26,4.283675,4.226000,0.057521,0.000153,synthetic_chat_design_preset
42.27,4.270908,4.227000,0.043702,0.000207,synthetic_chat_design_preset
42.28,4.257680,4.228000,0.029403,0.000277,synthetic_chat_design_preset
42.29,4.244151,4.229000,0.014783,0.000369,synthetic_chat_design_preset
42.30,4.230488,4.230000,-0.000000,0.000488,synthetic_chat_design_preset
42.31,4.216860,4.231000,-0.014783,0.000642,synthetic_chat_design_preset
42.32,4.203437,4.232000,-0.029403,0.000840,synthetic_chat_design_preset
42.33,4.190389,4.233000,-0.043702,0.001091,synthetic_chat_design_preset
42.34,4.177888,4.234000,-0.057521,0.001409,synthetic_chat_design_preset
42.35,4.166098,4.235000,-0.070711,0.001808,synthetic_chat_design_preset
42.36,4.155181,4.236000,-0.083125,0.002307,synthetic_chat_design_preset
42.37,4.145295,4.237000,-0.094629,0.002924,synthetic_chat_design_preset
42.38,4.136588,4.238000,-0.105097,0.003684,synthetic_chat_design_preset
42.39,4.129201,4.239000,-0.114412,0.004613,synthetic_chat_design_preset
42.40,4.123267,4.240000,-0.122474,0.005741,synthetic_chat_design_preset
42.41,4.118906,4.241000,-0.129195,0.007101,synthetic_chat_design_preset
42.42,4.116229,4.242000,-0.134500,0.008729,synthetic_chat_design_preset
42.43,4.115333,4.243000,-0.138331,0.010664,synthetic_chat_design_preset
42.44,4.116302,4.244000,-0.140647,0.012948,synthetic_chat_design_preset
42.45,4.119204,4.245000,-0.141421,0.015625,synthetic_chat_design_preset
42.46,4.124093,4.246000,-0.140647,0.018739,synthetic_chat_design_preset
42.47,4.131006,4.247000,-0.138331,0.022337,synthetic_chat_design_preset
42.48,4.139961,4.248000,-0.134500,0.026461,synthetic_chat_design_preset
42.49,4.150959,4.249000,-0.129195,0.031154,synthetic_chat_design_preset
42.50,4.163980,4.250000,-0.122474,0.036454,synthetic_chat_design_preset
42.51,4.178982,4.251000,-0.114412,0.042394,synthetic_chat_design_preset
42.52,4.195902,4.252000,-0.105097,0.048999,synthetic_chat_design_preset
42.53,4.214655,4.253000,-0.094629,0.056285,synthetic_chat_design_preset
42.54,4.235132,4.254000,-0.083125,0.064257,synthetic_chat_design_preset
42.55,4.257197,4.255000,-0.070711,0.072908,synthetic_chat_design_preset
42.56,4.280694,4.256000,-0.057521,0.082216,synthetic_chat_design_preset
42.57,4.305440,4.257000,-0.043702,0.092142,synthetic_chat_design_preset
42.58,4.331229,4.258000,-0.029403,0.102632,synthetic_chat_design_preset
42.59,4.357832,4.259000,-0.014783,0.113615,synthetic_chat_design_preset
42.60,4.385000,4.260000,0.000000,0.125000,synthetic_chat_design_preset
42.61,4.412464,4.261000,0.014783,0.136681,synthetic_chat_design_preset
42.62,4.439940,4.262000,0.029403,0.148536,synthetic_chat_design_preset
42.63,4.467130,4.263000,0.043702,0.160428,synthetic_chat_design_preset
42.64,4.493729,4.264000,0.057521,0.172208,synthetic_chat_design_preset
42.65,4.519427,4.265000,0.070711,0.183717,synthetic_chat_design_preset
42.66,4.543917,4.266000,0.083125,0.194791,synthetic_chat_design_preset
42.67,4.566894,4.267000,0.094629,0.205264,synthetic_chat_design_preset
42.68,4.588069,4.268000,0.105097,0.214972,synthetic_chat_design_preset
42.69,4.607169,4.269000,0.114412,0.223756,synthetic_chat_design_preset
42.70,4.623943,4.270000,0.122474,0.231469,synthetic_chat_design_preset
42.71,4.638171,4.271000,0.129195,0.237976,synthetic_chat_design_preset
42.72,4.649663,4.272000,0.134500,0.243164,synthetic_chat_design_preset
42.73,4.658269,4.273000,0.138331,0.246938,synthetic_chat_design_preset
42.74,4.663878,4.274000,0.140647,0.249231,synthetic_chat_design_preset
42.75,4.666421,4.275000,0.141421,0.250000,synthetic_chat_design_preset
42.76,4.665878,4.276000,0.140647,0.249231,synthetic_chat_design_preset
42.77,4.662269,4.277000,0.138331,0.246938,synthetic_chat_design_preset
42.78,4.655663,4.278000,0.134500,0.243164,synthetic_chat_design_preset
42.79,4.646171,4.279000,0.129195,0.237976,synthetic_chat_design_preset
42.80,4.633943,4.280000,0.122474,0.231469,synthetic_chat_design_preset
42.81,4.619169,4.281000,0.114412,0.223756,synthetic_chat_design_preset
42.82,4.602069,4.282000,0.105097,0.214972,synthetic_chat_design_preset
42.83,4.582894,4.283000,0.094629,0.205264,synthetic_chat_design_preset
42.84,4.561917,4.284000,0.083125,0.194791,synthetic_chat_design_preset
42.85,4.539427,4.285000,0.070711,0.183717,synthetic_chat_design_preset
42.86,4.515729,4.286000,0.057521,0.172208,synthetic_chat_design_preset
42.87,4.491130,4.287000,0.043702,0.160428,synthetic_chat_design_preset
42.88,4.465940,4.288000,0.029403,0.148536,synthetic_chat_design_preset
42.89,4.440464,4.289000,0.014783,0.136681,synthetic_chat_design_preset
42.90,4.415000,4.290000,-0.000000,0.125000,synthetic_chat_design_preset
42.91,4.389832,4.291000,-0.014783,0.113615,synthetic_chat_design_preset
42.92,4.365229,4.292000,-0.029403,0.102632,synthetic_chat_design_preset
42.93,4.341440,4.293000,-0.043702,0.092142,synthetic_chat_design_preset
42.94,4.318694,4.294000,-0.057521,0.082216,synthetic_chat_design_preset
42.95,4.297197,4.295000,-0.070711,0.072908,synthetic_chat_design_preset
42.96,4.277132,4.296000,-0.083125,0.064257,synthetic_chat_design_preset
42.97,4.258655,4.297000,-0.094629,0.056285,synthetic_chat_design_preset
42.98,4.241902,4.298000,-0.105097,0.048999,synthetic_chat_design_preset
42.99,4.226982,4.299000,-0.114412,0.042394,synthetic_chat_design_preset
43.00,4.213980,4.300000,-0.122474,0.036454,synthetic_chat_design_preset
43.01,4.202959,4.301000,-0.129195,0.031154,synthetic_chat_design_preset
43.02,4.193961,4.302000,-0.134500,0.026461,synthetic_chat_design_preset
43.03,4.187006,4.303000,-0.138331,0.022337,synthetic_chat_design_preset
43.04,4.182093,4.304000,-0.140647,0.018739,synthetic_chat_design_preset
43.05,4.179204,4.305000,-0.141421,0.015625,synthetic_chat_design_preset
43.06,4.178302,4.306000,-0.140647,0.012948,synthetic_chat_design_preset
43.07,4.179333,4.307000,-0.138331,0.010664,synthetic_chat_design_preset
43.08,4.182229,4.308000,-0.134500,0.008729,synthetic_chat_design_preset
43.09,4.186906,4.309000,-0.129195,0.007101,synthetic_chat_design_preset
43.10,4.193267,4.310000,-0.122474,0.005741,synthetic_chat_design_preset
43.11,4.201201,4.311000,-0.114412,0.004613,synthetic_chat_design_preset
43.12,4.210588,4.312000,-0.105097,0.003684,synthetic_chat_design_preset
43.13,4.221295,4.313000,-0.094629,0.002924,synthetic_chat_design_preset
43.14,4.233181,4.314000,-0.083125,0.002307,synthetic_chat_design_preset
43.15,4.246098,4.315000,-0.070711,0.001808,synthetic_chat_design_preset
43.16,4.259888,4.316000,-0.057521,0.001409,synthetic_chat_design_preset
43.17,4.274389,4.317000,-0.043702,0.001091,synthetic_chat_design_preset
43.18,4.289437,4.318000,-0.029403,0.000840,synthetic_chat_design_preset
43.19,4.304860,4.319000,-0.014783,0.000642,synthetic_chat_design_preset
43.20,4.320488,4.320000,-0.000000,0.000488,synthetic_chat_design_preset
43.21,4.336151,4.321000,0.014783,0.000369,synthetic_chat_design_preset
43.22,4.351680,4.322000,0.029403,0.000277,synthetic_chat_design_preset
43.23,4.366908,4.323000,0.043702,0.000207,synthetic_chat_design_preset
43.24,4.381675,4.324000,0.057521,0.000153,synthetic_chat_design_preset
43.25,4.395824,4.325000,0.070711,0.000113,synthetic_chat_design_preset
43.26,4.409125,4.326000,0.083125,0.000000,synthetic_chat_design_preset
43.27,4.421629,4.327000,0.094629,0.000000,synthetic_chat_design_preset
43.28,4.433097,4.328000,0.105097,0.000000,synthetic_chat_design_preset
43.29,4.443412,4.329000,0.114412,0.000000,synthetic_chat_design_preset
43.30,4.452474,4.330000,0.122474,0.000000,synthetic_chat_design_preset
43.31,4.460195,4.331000,0.129195,0.000000,synthetic_chat_design_preset
43.32,4.466500,4.332000,0.134500,0.000000,synthetic_chat_design_preset
43.33,4.471331,4.333000,0.138331,0.000000,synthetic_chat_design_preset
43.34,4.474647,4.334000,0.140647,0.000000,synthetic_chat_design_preset
43.35,4.476421,4.335000,0.141421,0.000000,synthetic_chat_design_preset
43.36,4.476647,4.336000,0.140647,0.000000,synthetic_chat_design_preset
43.37,4.475331,4.337000,0.138331,0.000000,synthetic_chat_design_preset
43.38,4.472500,4.338000,0.134500,0.000000,synthetic_chat_design_preset
43.39,4.468195,4.339000,0.129195,0.000000,synthetic_chat_design_preset
43.40,4.462474,4.340000,0.122474,0.000000,synthetic_chat_design_preset
43.41,4.455412,4.341000,0.114412,0.000000,synthetic_chat_design_preset
43.42,4.447097,4.342000,0.105097,0.000000,synthetic_chat_design_preset
43.43,4.437629,4.343000,0.094629,0.000000,synthetic_chat_design_preset
43.44,4.427125,4.344000,0.083125,0.000000,synthetic_chat_design_preset
43.45,4.415711,4.345000,0.070711,0.000000,synthetic_chat_design_preset
43.46,4.403521,4.346000,0.057521,0.000000,synthetic_chat_design_preset
43.47,4.390702,4.347000,0.043702,0.000000,synthetic_chat_design_preset
43.48,4.377403,4.348000,0.029403,0.000000,synthetic_chat_design_preset
43.49,4.363783,4.349000,0.014783,0.000000,synthetic_chat_design_preset
43.50,4.350000,4.350000,0.000000,0.000000,synthetic_chat_design_preset
43.51,4.336217,4.351000,-0.014783,0.000000,synthetic_chat_design_preset
43.52,4.322597,4.352000,-0.029403,0.000000,synthetic_chat_design_preset
43.53,4.309298,4.353000,-0.043702,0.000000,synthetic_chat_design_preset
43.54,4.296479,4.354000,-0.057521,0.000000,synthetic_chat_design_preset
43.55,4.284289,4.355000,-0.070711,0.000000,synthetic_chat_design_preset
43.56,4.272875,4.356000,-0.083125,0.000000,synthetic_chat_design_preset
43.57,4.262371,4.357000,-0.094629,0.000000,synthetic_chat_design_preset
43.58,4.252903,4.358000,-0.105097,0.000000,synthetic_chat_design_preset
43.59,4.244588,4.359000,-0.114412,0.000000,synthetic_chat_design_preset
43.60,4.237526,4.360000,-0.122474,0.000000,synthetic_chat_design_preset
43.61,4.231805,4.361000,-0.129195,0.000000,synthetic_chat_design_preset
43.62,4.227500,4.362000,-0.134500,0.000000,synthetic_chat_design_preset
43.63,4.224669,4.363000,-0.138331,0.000000,synthetic_chat_design_preset
43.64,4.223353,4.364000,-0.140647,0.000000,synthetic_chat_design_preset
43.65,4.223579,4.365000,-0.141421,0.000000,synthetic_chat_design_preset
43.66,4.225353,4.366000,-0.140647,0.000000,synthetic_chat_design_preset
43.67,4.228669,4.367000,-0.138331,0.000000,synthetic_chat_design_preset
43.68,4.233500,4.368000,-0.134500,0.000000,synthetic_chat_design_preset
43.69,4.239805,4.369000,-0.129195,0.000000,synthetic_chat_design_preset
43.70,4.247526,4.370000,-0.122474,0.000000,synthetic_chat_design_preset
43.71,4.256588,4.371000,-0.114412,0.000000,synthetic_chat_design_preset
43.72,4.266903,4.372000,-0.105097,0.000000,synthetic_chat_design_preset
43.73,4.278371,4.373000,-0.094629,0.000000,synthetic_chat_design_preset
43.74,4.290957,4.374000,-0.083125,0.000083,synthetic_chat_design_preset
43.75,4.304402,4.375000,-0.070711,0.000113,synthetic_chat_design_preset
43.76,4.318632,4.376000,-0.057521,0.000153,synthetic_chat_design_preset
43.77,4.333505,4.377000,-0.043702,0.000207,synthetic_chat_design_preset
43.78,4.348874,4.378000,-0.029403,0.000277,synthetic_chat_design_preset
43.79,4.364586,4.379000,-0.014783,0.000369,synthetic_chat_design_preset
43.80,4.380488,4.380000,0.000000,0.000488,synthetic_chat_design_preset
43.81,4.396425,4.381000,0.014783,0.000642,synthetic_chat_design_preset
43.82,4.412243,4.382000,0.029403,0.000840,synthetic_chat_design_preset
43.83,4.427793,4.383000,0.043702,0.001091,synthetic_chat_design_preset
43.84,4.442930,4.384000,0.057521,0.001409,synthetic_chat_design_preset
43.85,4.457519,4.385000,0.070711,0.001808,synthetic_chat_design_preset
43.86,4.471432,4.386000,0.083125,0.002307,synthetic_chat_design_preset
43.87,4.484553,4.387000,0.094629,0.002924,synthetic_chat_design_preset
43.88,4.496781,4.388000,0.105097,0.003684,synthetic_chat_design_preset
43.89,4.508026,4.389000,0.114412,0.004613,synthetic_chat_design_preset
43.90,4.518216,4.390000,0.122474,0.005741,synthetic_chat_design_preset
43.91,4.527296,4.391000,0.129195,0.007101,synthetic_chat_design_preset
43.92,4.535229,4.392000,0.134500,0.008729,synthetic_chat_design_preset
43.93,4.541995,4.393000,0.138331,0.010664,synthetic_chat_design_preset
43.94,4.547595,4.394000,0.140647,0.012948,synthetic_chat_design_preset
43.95,4.552046,4.395000,0.141421,0.015625,synthetic_chat_design_preset
43.96,4.555386,4.396000,0.140647,0.018739,synthetic_chat_design_preset
43.97,4.557668,4.397000,0.138331,0.022337,synthetic_chat_design_preset
43.98,4.558960,4.398000,0.134500,0.026461,synthetic_chat_design_preset
43.99,4.559349,4.399000,0.129195,0.031154,synthetic_chat_design_preset
44.00,4.558929,4.400000,0.122474,0.036454,synthetic_chat_design_preset
44.01,4.557806,4.401000,0.114412,0.042394,synthetic_chat_design_preset
44.02,4.556095,4.402000,0.105097,0.048999,synthetic_chat_design_preset
44.03,4.553914,4.403000,0.094629,0.056285,synthetic_chat_design_preset
44.04,4.551383,4.404000,0.083125,0.064257,synthetic_chat_design_preset
44.05,4.548619,4.405000,0.070711,0.072908,synthetic_chat_design_preset
44.06,4.545737,4.406000,0.057521,0.082216,synthetic_chat_design_preset
44.07,4.542843,4.407000,0.043702,0.092142,synthetic_chat_design_preset
44.08,4.540035,4.408000,0.029403,0.102632,synthetic_chat_design_preset
44.09,4.537397,4.409000,0.014783,0.113615,synthetic_chat_design_preset
44.10,4.535000,4.410000,-0.000000,0.125000,synthetic_chat_design_preset
44.11,4.532899,4.411000,-0.014783,0.136681,synthetic_chat_design_preset
44.12,4.531133,4.412000,-0.029403,0.148536,synthetic_chat_design_preset
44.13,4.529727,4.413000,-0.043702,0.160428,synthetic_chat_design_preset
44.14,4.528687,4.414000,-0.057521,0.172208,synthetic_chat_design_preset
44.15,4.528006,4.415000,-0.070711,0.183717,synthetic_chat_design_preset
44.16,4.527666,4.416000,-0.083125,0.194791,synthetic_chat_design_preset
44.17,4.527635,4.417000,-0.094629,0.205264,synthetic_chat_design_preset
44.18,4.527876,4.418000,-0.105097,0.214972,synthetic_chat_design_preset
44.19,4.528344,4.419000,-0.114412,0.223756,synthetic_chat_design_preset
44.20,4.528994,4.420000,-0.122474,0.231469,synthetic_chat_design_preset
44.21,4.529781,4.421000,-0.129195,0.237976,synthetic_chat_design_preset
44.22,4.530664,4.422000,-0.134500,0.243164,synthetic_chat_design_preset
44.23,4.531607,4.423000,-0.138331,0.246938,synthetic_chat_design_preset
44.24,4.532584,4.424000,-0.140647,0.249231,synthetic_chat_design_preset
44.25,4.533579,4.425000,-0.141421,0.250000,synthetic_chat_design_preset
44.26,4.534584,4.426000,-0.140647,0.249231,synthetic_chat_design_preset
44.27,4.535607,4.427000,-0.138331,0.246938,synthetic_chat_design_preset
44.28,4.536664,4.428000,-0.134500,0.243164,synthetic_chat_design_preset
44.29,4.537781,4.429000,-0.129195,0.237976,synthetic_chat_design_preset
44.30,4.538994,4.430000,-0.122474,0.231469,synthetic_chat_design_preset
44.31,4.540344,4.431000,-0.114412,0.223756,synthetic_chat_design_preset
44.32,4.541876,4.432000,-0.105097,0.214972,synthetic_chat_design_preset
44.33,4.543635,4.433000,-0.094629,0.205264,synthetic_chat_design_preset
44.34,4.545666,4.434000,-0.083125,0.194791,synthetic_chat_design_preset
44.35,4.548006,4.435000,-0.070711,0.183717,synthetic_chat_design_preset
44.36,4.550687,4.436000,-0.057521,0.172208,synthetic_chat_design_preset
44.37,4.553727,4.437000,-0.043702,0.160428,synthetic_chat_design_preset
44.38,4.557133,4.438000,-0.029403,0.148536,synthetic_chat_design_preset
44.39,4.560899,4.439000,-0.014783,0.136681,synthetic_chat_design_preset
44.40,4.565000,4.440000,-0.000000,0.125000,synthetic_chat_design_preset
44.41,4.569397,4.441000,0.014783,0.113615,synthetic_chat_design_preset
44.42,4.574035,4.442000,0.029403,0.102632,synthetic_chat_design_preset
44.43,4.578843,4.443000,0.043702,0.092142,synthetic_chat_design_preset
44.44,4.583737,4.444000,0.057521,0.082216,synthetic_chat_design_preset
44.45,4.588619,4.445000,0.070711,0.072908,synthetic_chat_design_preset
44.46,4.593383,4.446000,0.083125,0.064257,synthetic_chat_design_preset
44.47,4.597914,4.447000,0.094629,0.056285,synthetic_chat_design_preset
44.48,4.602095,4.448000,0.105097,0.048999,synthetic_chat_design_preset
44.49,4.605806,4.449000,0.114412,0.042394,synthetic_chat_design_preset
44.50,4.608929,4.450000,0.122474,0.036454,synthetic_chat_design_preset
44.51,4.611349,4.451000,0.129195,0.031154,synthetic_chat_design_preset
44.52,4.612960,4.452000,0.134500,0.026461,synthetic_chat_design_preset
44.53,4.613668,4.453000,0.138331,0.022337,synthetic_chat_design_preset
44.54,4.613386,4.454000,0.140647,0.018739,synthetic_chat_design_preset
44.55,4.612046,4.455000,0.141421,0.015625,synthetic_chat_design_preset
44.56,4.609595,4.456000,0.140647,0.012948,synthetic_chat_design_preset
44.57,4.605995,4.457000,0.138331,0.010664,synthetic_chat_design_preset
44.58,4.601229,4.458000,0.134500,0.008729,synthetic_chat_design_preset
44.59,4.595296,4.459000,0.129195,0.007101,synthetic_chat_design_preset
44.60,4.588216,4.460000,0.122474,0.005741,synthetic_chat_design_preset
44.61,4.580026,4.461000,0.114412,0.004613,synthetic_chat_design_preset
44.62,4.570781,4.462000,0.105097,0.003684,synthetic_chat_design_preset
44.63,4.560553,4.463000,0.094629,0.002924,synthetic_chat_design_preset
44.64,4.549432,4.464000,0.083125,0.002307,synthetic_chat_design_preset
44.65,4.537519,4.465000,0.070711,0.001808,synthetic_chat_design_preset
44.66,4.524930,4.466000,0.057521,0.001409,synthetic_chat_design_preset
44.67,4.511793,4.467000,0.043702,0.001091,synthetic_chat_design_preset
44.68,4.498243,4.468000,0.029403,0.000840,synthetic_chat_design_preset
44.69,4.484425,4.469000,0.014783,0.000642,synthetic_chat_design_preset
44.70,4.470488,4.470000,-0.000000,0.000488,synthetic_chat_design_preset
44.71,4.456586,4.471000,-0.014783,0.000369,synthetic_chat_design_preset
44.72,4.442874,4.472000,-0.029403,0.000277,synthetic_chat_design_preset
44.73,4.429505,4.473000,-0.043702,0.000207,synthetic_chat_design_preset
44.74,4.416632,4.474000,-0.057521,0.000153,synthetic_chat_design_preset
44.75,4.404402,4.475000,-0.070711,0.000113,synthetic_chat_design_preset
44.76,4.392875,4.476000,-0.083125,0.000000,synthetic_chat_design_preset
44.77,4.382371,4.477000,-0.094629,0.000000,synthetic_chat_design_preset
44.78,4.372903,4.478000,-0.105097,0.000000,synthetic_chat_design_preset
44.79,4.364588,4.479000,-0.114412,0.000000,synthetic_chat_design_preset
44.80,4.357526,4.480000,-0.122474,0.000000,synthetic_chat_design_preset
44.81,4.351805,4.481000,-0.129195,0.000000,synthetic_chat_design_preset
44.82,4.347500,4.482000,-0.134500,0.000000,synthetic_chat_design_preset
44.83,4.344669,4.483000,-0.138331,0.000000,synthetic_chat_design_preset
44.84,4.343353,4.484000,-0.140647,0.000000,synthetic_chat_design_preset
44.85,4.343579,4.485000,-0.141421,0.000000,synthetic_chat_design_preset
44.86,4.345353,4.486000,-0.140647,0.000000,synthetic_chat_design_preset
44.87,4.348669,4.487000,-0.138331,0.000000,synthetic_chat_design_preset
44.88,4.353500,4.488000,-0.134500,0.000000,synthetic_chat_design_preset
44.89,4.359805,4.489000,-0.129195,0.000000,synthetic_chat_design_preset
44.90,4.367526,4.490000,-0.122474,0.000000,synthetic_chat_design_preset
44.91,4.376588,4.491000,-0.114412,0.000000,synthetic_chat_design_preset
44.92,4.386903,4.492000,-0.105097,0.000000,synthetic_chat_design_preset
44.93,4.398371,4.493000,-0.094629,0.000000,synthetic_chat_design_preset
44.94,4.410875,4.494000,-0.083125,0.000000,synthetic_chat_design_preset
44.95,4.424289,4.495000,-0.070711,0.000000,synthetic_chat_design_preset
44.96,4.438479,4.496000,-0.057521,0.000000,synthetic_chat_design_preset
44.97,4.453298,4.497000,-0.043702,0.000000,synthetic_chat_design_preset
44.98,4.468597,4.498000,-0.029403,0.000000,synthetic_chat_design_preset
44.99,4.484217,4.499000,-0.014783,0.000000,synthetic_chat_design_preset
45.00,4.500000,4.500000,0.000000,0.000000,synthetic_chat_design_preset
45.01,4.515783,4.501000,0.014783,0.000000,synthetic_chat_design_preset
45.02,4.531403,4.502000,0.029403,0.000000,synthetic_chat_design_preset
45.03,4.546702,4.503000,0.043702,0.000000,synthetic_chat_design_preset
45.04,4.561521,4.504000,0.057521,0.000000,synthetic_chat_design_preset
45.05,4.575711,4.505000,0.070711,0.000000,synthetic_chat_design_preset
45.06,4.589125,4.506000,0.083125,0.000000,synthetic_chat_design_preset
45.07,4.601629,4.507000,0.094629,0.000000,synthetic_chat_design_preset
45.08,4.613097,4.508000,0.105097,0.000000,synthetic_chat_design_preset
45.09,4.623412,4.509000,0.114412,0.000000,synthetic_chat_design_preset
45.10,4.632474,4.510000,0.122474,0.000000,synthetic_chat_design_preset
45.11,4.640195,4.511000,0.129195,0.000000,synthetic_chat_design_preset
45.12,4.646500,4.512000,0.134500,0.000000,synthetic_chat_design_preset
45.13,4.651331,4.513000,0.138331,0.000000,synthetic_chat_design_preset
45.14,4.654647,4.514000,0.140647,0.000000,synthetic_chat_design_preset
45.15,4.656421,4.515000,0.141421,0.000000,synthetic_chat_design_preset
45.16,4.656647,4.516000,0.140647,0.000000,synthetic_chat_design_preset
45.17,4.655331,4.517000,0.138331,0.000000,synthetic_chat_design_preset
45.18,4.652500,4.518000,0.134500,0.000000,synthetic_chat_design_preset
45.19,4.648195,4.519000,0.129195,0.000000,synthetic_chat_design_preset
45.20,4.642474,4.520000,0.122474,0.000000,synthetic_chat_design_preset
45.21,4.635412,4.521000,0.114412,0.000000,synthetic_chat_design_preset
45.22,4.627097,4.522000,0.105097,0.000000,synthetic_chat_design_preset
45.23,4.617629,4.523000,0.094629,0.000000,synthetic_chat_design_preset
45.24,4.607208,4.524000,0.083125,0.000083,synthetic_chat_design_preset
45.25,4.595824,4.525000,0.070711,0.000113,synthetic_chat_design_preset
45.26,4.583675,4.526000,0.057521,0.000153,synthetic_chat_design_preset
45.27,4.570908,4.527000,0.043702,0.000207,synthetic_chat_design_preset
45.28,4.557680,4.528000,0.029403,0.000277,synthetic_chat_design_preset
45.29,4.544151,4.529000,0.014783,0.000369,synthetic_chat_design_preset
45.30,4.530488,4.530000,-0.000000,0.000488,synthetic_chat_design_preset
45.31,4.516860,4.531000,-0.014783,0.000642,synthetic_chat_design_preset
45.32,4.503437,4.532000,-0.029403,0.000840,synthetic_chat_design_preset
45.33,4.490389,4.533000,-0.043702,0.001091,synthetic_chat_design_preset
45.34,4.477888,4.534000,-0.057521,0.001409,synthetic_chat_design_preset
45.35,4.466098,4.535000,-0.070711,0.001808,synthetic_chat_design_preset
45.36,4.455181,4.536000,-0.083125,0.002307,synthetic_chat_design_preset
45.37,4.445295,4.537000,-0.094629,0.002924,synthetic_chat_design_preset
45.38,4.436588,4.538000,-0.105097,0.003684,synthetic_chat_design_preset
45.39,4.429201,4.539000,-0.114412,0.004613,synthetic_chat_design_preset
45.40,4.423267,4.540000,-0.122474,0.005741,synthetic_chat_design_preset
45.41,4.418906,4.541000,-0.129195,0.007101,synthetic_chat_design_preset
45.42,4.416229,4.542000,-0.134500,0.008729,synthetic_chat_design_preset
45.43,4.415333,4.543000,-0.138331,0.010664,synthetic_chat_design_preset
45.44,4.416302,4.544000,-0.140647,0.012948,synthetic_chat_design_preset
45.45,4.419204,4.545000,-0.141421,0.015625,synthetic_chat_design_preset
45.46,4.424093,4.546000,-0.140647,0.018739,synthetic_chat_design_preset
45.47,4.431006,4.547000,-0.138331,0.022337,synthetic_chat_design_preset
45.48,4.439961,4.548000,-0.134500,0.026461,synthetic_chat_design_preset
45.49,4.450959,4.549000,-0.129195,0.031154,synthetic_chat_design_preset
45.50,4.463980,4.550000,-0.122474,0.036454,synthetic_chat_design_preset
45.51,4.478982,4.551000,-0.114412,0.042394,synthetic_chat_design_preset
45.52,4.495902,4.552000,-0.105097,0.048999,synthetic_chat_design_preset
45.53,4.514655,4.553000,-0.094629,0.056285,synthetic_chat_design_preset
45.54,4.535132,4.554000,-0.083125,0.064257,synthetic_chat_design_preset
45.55,4.557197,4.555000,-0.070711,0.072908,synthetic_chat_design_preset
45.56,4.580694,4.556000,-0.057521,0.082216,synthetic_chat_design_preset
45.57,4.605440,4.557000,-0.043702,0.092142,synthetic_chat_design_preset
45.58,4.631229,4.558000,-0.029403,0.102632,synthetic_chat_design_preset
45.59,4.657832,4.559000,-0.014783,0.113615,synthetic_chat_design_preset
45.60,4.685000,4.560000,0.000000,0.125000,synthetic_chat_design_preset
45.61,4.712464,4.561000,0.014783,0.136681,synthetic_chat_design_preset
45.62,4.739940,4.562000,0.029403,0.148536,synthetic_chat_design_preset
45.63,4.767130,4.563000,0.043702,0.160428,synthetic_chat_design_preset
45.64,4.793729,4.564000,0.057521,0.172208,synthetic_chat_design_preset
45.65,4.819427,4.565000,0.070711,0.183717,synthetic_chat_design_preset
45.66,4.843917,4.566000,0.083125,0.194791,synthetic_chat_design_preset
45.67,4.866894,4.567000,0.094629,0.205264,synthetic_chat_design_preset
45.68,4.888069,4.568000,0.105097,0.214972,synthetic_chat_design_preset
45.69,4.907169,4.569000,0.114412,0.223756,synthetic_chat_design_preset
45.70,4.923943,4.570000,0.122474,0.231469,synthetic_chat_design_preset
45.71,4.938171,4.571000,0.129195,0.237976,synthetic_chat_design_preset
45.72,4.949663,4.572000,0.134500,0.243164,synthetic_chat_design_preset
45.73,4.958269,4.573000,0.138331,0.246938,synthetic_chat_design_preset
45.74,4.963878,4.574000,0.140647,0.249231,synthetic_chat_design_preset
45.75,4.966421,4.575000,0.141421,0.250000,synthetic_chat_design_preset
45.76,4.965878,4.576000,0.140647,0.249231,synthetic_chat_design_preset
45.77,4.962269,4.577000,0.138331,0.246938,synthetic_chat_design_preset
45.78,4.955663,4.578000,0.134500,0.243164,synthetic_chat_design_preset
45.79,4.946171,4.579000,0.129195,0.237976,synthetic_chat_design_preset
45.80,4.933943,4.580000,0.122474,0.231469,synthetic_chat_design_preset
45.81,4.919169,4.581000,0.114412,0.223756,synthetic_chat_design_preset
45.82,4.902069,4.582000,0.105097,0.214972,synthetic_chat_design_preset
45.83,4.882894,4.583000,0.094629,0.205264,synthetic_chat_design_preset
45.84,4.861917,4.584000,0.083125,0.194791,synthetic_chat_design_preset
45.85,4.839427,4.585000,0.070711,0.183717,synthetic_chat_design_preset
45.86,4.815729,4.586000,0.057521,0.172208,synthetic_chat_design_preset
45.87,4.791130,4.587000,0.043702,0.160428,synthetic_chat_design_preset
45.88,4.765940,4.588000,0.029403,0.148536,synthetic_chat_design_preset
45.89,4.740464,4.589000,0.014783,0.136681,synthetic_chat_design_preset
45.90,4.715000,4.590000,0.000000,0.125000,synthetic_chat_design_preset
45.91,4.689832,4.591000,-0.014783,0.113615,synthetic_chat_design_preset
45.92,4.665229,4.592000,-0.029403,0.102632,synthetic_chat_design_preset
45.93,4.641440,4.593000,-0.043702,0.092142,synthetic_chat_design_preset
45.94,4.618694,4.594000,-0.057521,0.082216,synthetic_chat_design_preset
45.95,4.597197,4.595000,-0.070711,0.072908,synthetic_chat_design_preset
45.96,4.577132,4.596000,-0.083125,0.064257,synthetic_chat_design_preset
45.97,4.558655,4.597000,-0.094629,0.056285,synthetic_chat_design_preset
45.98,4.541902,4.598000,-0.105097,0.048999,synthetic_chat_design_preset
45.99,4.526982,4.599000,-0.114412,0.042394,synthetic_chat_design_preset
46.00,4.513980,4.600000,-0.122474,0.036454,synthetic_chat_design_preset
46.01,4.502959,4.601000,-0.129195,0.031154,synthetic_chat_design_preset
46.02,4.493961,4.602000,-0.134500,0.026461,synthetic_chat_design_preset
46.03,4.487006,4.603000,-0.138331,0.022337,synthetic_chat_design_preset
46.04,4.482093,4.604000,-0.140647,0.018739,synthetic_chat_design_preset
46.05,4.479204,4.605000,-0.141421,0.015625,synthetic_chat_design_preset
46.06,4.478302,4.606000,-0.140647,0.012948,synthetic_chat_design_preset
46.07,4.479333,4.607000,-0.138331,0.010664,synthetic_chat_design_preset
46.08,4.482229,4.608000,-0.134500,0.008729,synthetic_chat_design_preset
46.09,4.486906,4.609000,-0.129195,0.007101,synthetic_chat_design_preset
46.10,4.493267,4.610000,-0.122474,0.005741,synthetic_chat_design_preset
46.11,4.501201,4.611000,-0.114412,0.004613,synthetic_chat_design_preset
46.12,4.510588,4.612000,-0.105097,0.003684,synthetic_chat_design_preset
46.13,4.521295,4.613000,-0.094629,0.002924,synthetic_chat_design_preset
46.14,4.533181,4.614000,-0.083125,0.002307,synthetic_chat_design_preset
46.15,4.546098,4.615000,-0.070711,0.001808,synthetic_chat_design_preset
46.16,4.559888,4.616000,-0.057521,0.001409,synthetic_chat_design_preset
46.17,4.574389,4.617000,-0.043702,0.001091,synthetic_chat_design_preset
46.18,4.589437,4.618000,-0.029403,0.000840,synthetic_chat_design_preset
46.19,4.604860,4.619000,-0.014783,0.000642,synthetic_chat_design_preset
46.20,4.620488,4.620000,-0.000000,0.000488,synthetic_chat_design_preset
46.21,4.636151,4.621000,0.014783,0.000369,synthetic_chat_design_preset
46.22,4.651680,4.622000,0.029403,0.000277,synthetic_chat_design_preset
46.23,4.666908,4.623000,0.043702,0.000207,synthetic_chat_design_preset
46.24,4.681675,4.624000,0.057521,0.000153,synthetic_chat_design_preset
46.25,4.695824,4.625000,0.070711,0.000113,synthetic_chat_design_preset
46.26,4.709125,4.626000,0.083125,0.000000,synthetic_chat_design_preset
46.27,4.721629,4.627000,0.094629,0.000000,synthetic_chat_design_preset
46.28,4.733097,4.628000,0.105097,0.000000,synthetic_chat_design_preset
46.29,4.743412,4.629000,0.114412,0.000000,synthetic_chat_design_preset
46.30,4.752474,4.630000,0.122474,0.000000,synthetic_chat_design_preset
46.31,4.760195,4.631000,0.129195,0.000000,synthetic_chat_design_preset
46.32,4.766500,4.632000,0.134500,0.000000,synthetic_chat_design_preset
46.33,4.771331,4.633000,0.138331,0.000000,synthetic_chat_design_preset
46.34,4.774647,4.634000,0.140647,0.000000,synthetic_chat_design_preset
46.35,4.776421,4.635000,0.141421,0.000000,synthetic_chat_design_preset
46.36,4.776647,4.636000,0.140647,0.000000,synthetic_chat_design_preset
46.37,4.775331,4.637000,0.138331,0.000000,synthetic_chat_design_preset
46.38,4.772500,4.638000,0.134500,0.000000,synthetic_chat_design_preset
46.39,4.768195,4.639000,0.129195,0.000000,synthetic_chat_design_preset
46.40,4.762474,4.640000,0.122474,0.000000,synthetic_chat_design_preset
46.41,4.755412,4.641000,0.114412,0.000000,synthetic_chat_design_preset
46.42,4.747097,4.642000,0.105097,0.000000,synthetic_chat_design_preset
46.43,4.737629,4.643000,0.094629,0.000000,synthetic_chat_design_preset
46.44,4.727125,4.644000,0.083125,0.000000,synthetic_chat_design_preset
46.45,4.715711,4.645000,0.070711,0.000000,synthetic_chat_design_preset
46.46,4.703521,4.646000,0.057521,0.000000,synthetic_chat_design_preset
46.47,4.690702,4.647000,0.043702,0.000000,synthetic_chat_design_preset
46.48,4.677403,4.648000,0.029403,0.000000,synthetic_chat_design_preset
46.49,4.663783,4.649000,0.014783,0.000000,synthetic_chat_design_preset
46.50,4.650000,4.650000,0.000000,0.000000,synthetic_chat_design_preset
46.51,4.636217,4.651000,-0.014783,0.000000,synthetic_chat_design_preset
46.52,4.622597,4.652000,-0.029403,0.000000,synthetic_chat_design_preset
46.53,4.609298,4.653000,-0.043702,0.000000,synthetic_chat_design_preset
46.54,4.596479,4.654000,-0.057521,0.000000,synthetic_chat_design_preset
46.55,4.584289,4.655000,-0.070711,0.000000,synthetic_chat_design_preset
46.56,4.572875,4.656000,-0.083125,0.000000,synthetic_chat_design_preset
46.57,4.562371,4.657000,-0.094629,0.000000,synthetic_chat_design_preset
46.58,4.552903,4.658000,-0.105097,0.000000,synthetic_chat_design_preset
46.59,4.544588,4.659000,-0.114412,0.000000,synthetic_chat_design_preset
46.60,4.537526,4.660000,-0.122474,0.000000,synthetic_chat_design_preset
46.61,4.531805,4.661000,-0.129195,0.000000,synthetic_chat_design_preset
46.62,4.527500,4.662000,-0.134500,0.000000,synthetic_chat_design_preset
46.63,4.524669,4.663000,-0.138331,0.000000,synthetic_chat_design_preset
46.64,4.523353,4.664000,-0.140647,0.000000,synthetic_chat_design_preset
46.65,4.523579,4.665000,-0.141421,0.000000,synthetic_chat_design_preset
46.66,4.525353,4.666000,-0.140647,0.000000,synthetic_chat_design_preset
46.67,4.528669,4.667000,-0.138331,0.000000,synthetic_chat_design_preset
46.68,4.533500,4.668000,-0.134500,0.000000,synthetic_chat_design_preset
46.69,4.539805,4.669000,-0.129195,0.000000,synthetic_chat_design_preset
46.70,4.547526,4.670000,-0.122474,0.000000,synthetic_chat_design_preset
46.71,4.556588,4.671000,-0.114412,0.000000,synthetic_chat_design_preset
46.72,4.566903,4.672000,-0.105097,0.000000,synthetic_chat_design_preset
46.73,4.578371,4.673000,-0.094629,0.000000,synthetic_chat_design_preset
46.74,4.590957,4.674000,-0.083125,0.000083,synthetic_chat_design_preset
46.75,4.604402,4.675000,-0.070711,0.000113,synthetic_chat_design_preset
46.76,4.618632,4.676000,-0.057521,0.000153,synthetic_chat_design_preset
46.77,4.633505,4.677000,-0.043702,0.000207,synthetic_chat_design_preset
46.78,4.648874,4.678000,-0.029403,0.000277,synthetic_chat_design_preset
46.79,4.664586,4.679000,-0.014783,0.000369,synthetic_chat_design_preset
46.80,4.680488,4.680000,0.000000,0.000488,synthetic_chat_design_preset
46.81,4.696425,4.681000,0.014783,0.000642,synthetic_chat_design_preset
46.82,4.712243,4.682000,0.029403,0.000840,synthetic_chat_design_preset
46.83,4.727793,4.683000,0.043702,0.001091,synthetic_chat_design_preset
46.84,4.742930,4.684000,0.057521,0.001409,synthetic_chat_design_preset
46.85,4.757519,4.685000,0.070711,0.001808,synthetic_chat_design_preset
46.86,4.771432,4.686000,0.083125,0.002307,synthetic_chat_design_preset
46.87,4.784553,4.687000,0.094629,0.002924,synthetic_chat_design_preset
46.88,4.796781,4.688000,0.105097,0.003684,synthetic_chat_design_preset
46.89,4.808026,4.689000,0.114412,0.004613,synthetic_chat_design_preset
46.90,4.818216,4.690000,0.122474,0.005741,synthetic_chat_design_preset
46.91,4.827296,4.691000,0.129195,0.007101,synthetic_chat_design_preset
46.92,4.835229,4.692000,0.134500,0.008729,synthetic_chat_design_preset
46.93,4.841995,4.693000,0.138331,0.010664,synthetic_chat_design_preset
46.94,4.847595,4.694000,0.140647,0.012948,synthetic_chat_design_preset
46.95,4.852046,4.695000,0.141421,0.015625,synthetic_chat_design_preset
46.96,4.855386,4.696000,0.140647,0.018739,synthetic_chat_design_preset
46.97,4.857668,4.697000,0.138331,0.022337,synthetic_chat_design_preset
46.98,4.858960,4.698000,0.134500,0.026461,synthetic_chat_design_preset
46.99,4.859349,4.699000,0.129195,0.031154,synthetic_chat_design_preset
47.00,4.858929,4.700000,0.122474,0.036454,synthetic_chat_design_preset
47.01,4.857806,4.701000,0.114412,0.042394,synthetic_chat_design_preset
47.02,4.856095,4.702000,0.105097,0.048999,synthetic_chat_design_preset
47.03,4.853914,4.703000,0.094629,0.056285,synthetic_chat_design_preset
47.04,4.851383,4.704000,0.083125,0.064257,synthetic_chat_design_preset
47.05,4.848619,4.705000,0.070711,0.072908,synthetic_chat_design_preset
47.06,4.845737,4.706000,0.057521,0.082216,synthetic_chat_design_preset
47.07,4.842843,4.707000,0.043702,0.092142,synthetic_chat_design_preset
47.08,4.840035,4.708000,0.029403,0.102632,synthetic_chat_design_preset
47.09,4.837397,4.709000,0.014783,0.113615,synthetic_chat_design_preset
47.10,4.835000,4.710000,-0.000000,0.125000,synthetic_chat_design_preset
47.11,4.832899,4.711000,-0.014783,0.136681,synthetic_chat_design_preset
47.12,4.831133,4.712000,-0.029403,0.148536,synthetic_chat_design_preset
47.13,4.829727,4.713000,-0.043702,0.160428,synthetic_chat_design_preset
47.14,4.828687,4.714000,-0.057521,0.172208,synthetic_chat_design_preset
47.15,4.828006,4.715000,-0.070711,0.183717,synthetic_chat_design_preset
47.16,4.827666,4.716000,-0.083125,0.194791,synthetic_chat_design_preset
47.17,4.827635,4.717000,-0.094629,0.205264,synthetic_chat_design_preset
47.18,4.827876,4.718000,-0.105097,0.214972,synthetic_chat_design_preset
47.19,4.828344,4.719000,-0.114412,0.223756,synthetic_chat_design_preset
47.20,4.828994,4.720000,-0.122474,0.231469,synthetic_chat_design_preset
47.21,4.829781,4.721000,-0.129195,0.237976,synthetic_chat_design_preset
47.22,4.830664,4.722000,-0.134500,0.243164,synthetic_chat_design_preset
47.23,4.831607,4.723000,-0.138331,0.246938,synthetic_chat_design_preset
47.24,4.832584,4.724000,-0.140647,0.249231,synthetic_chat_design_preset
47.25,4.833579,4.725000,-0.141421,0.250000,synthetic_chat_design_preset
47.26,4.834584,4.726000,-0.140647,0.249231,synthetic_chat_design_preset
47.27,4.835607,4.727000,-0.138331,0.246938,synthetic_chat_design_preset
47.28,4.836664,4.728000,-0.134500,0.243164,synthetic_chat_design_preset
47.29,4.837781,4.729000,-0.129195,0.237976,synthetic_chat_design_preset
47.30,4.838994,4.730000,-0.122474,0.231469,synthetic_chat_design_preset
47.31,4.840344,4.731000,-0.114412,0.223756,synthetic_chat_design_preset
47.32,4.841876,4.732000,-0.105097,0.214972,synthetic_chat_design_preset
47.33,4.843635,4.733000,-0.094629,0.205264,synthetic_chat_design_preset
47.34,4.845666,4.734000,-0.083125,0.194791,synthetic_chat_design_preset
47.35,4.848006,4.735000,-0.070711,0.183717,synthetic_chat_design_preset
47.36,4.850687,4.736000,-0.057521,0.172208,synthetic_chat_design_preset
47.37,4.853727,4.737000,-0.043702,0.160428,synthetic_chat_design_preset
47.38,4.857133,4.738000,-0.029403,0.148536,synthetic_chat_design_preset
47.39,4.860899,4.739000,-0.014783,0.136681,synthetic_chat_design_preset
47.40,4.865000,4.740000,-0.000000,0.125000,synthetic_chat_design_preset
47.41,4.869397,4.741000,0.014783,0.113615,synthetic_chat_design_preset
47.42,4.874035,4.742000,0.029403,0.102632,synthetic_chat_design_preset
47.43,4.878843,4.743000,0.043702,0.092142,synthetic_chat_design_preset
47.44,4.883737,4.744000,0.057521,0.082216,synthetic_chat_design_preset
47.45,4.888619,4.745000,0.070711,0.072908,synthetic_chat_design_preset
47.46,4.893383,4.746000,0.083125,0.064257,synthetic_chat_design_preset
47.47,4.897914,4.747000,0.094629,0.056285,synthetic_chat_design_preset
47.48,4.902095,4.748000,0.105097,0.048999,synthetic_chat_design_preset
47.49,4.905806,4.749000,0.114412,0.042394,synthetic_chat_design_preset
47.50,4.908929,4.750000,0.122474,0.036454,synthetic_chat_design_preset
47.51,4.911349,4.751000,0.129195,0.031154,synthetic_chat_design_preset
47.52,4.912960,4.752000,0.134500,0.026461,synthetic_chat_design_preset
47.53,4.913668,4.753000,0.138331,0.022337,synthetic_chat_design_preset
47.54,4.913386,4.754000,0.140647,0.018739,synthetic_chat_design_preset
47.55,4.912046,4.755000,0.141421,0.015625,synthetic_chat_design_preset
47.56,4.909595,4.756000,0.140647,0.012948,synthetic_chat_design_preset
47.57,4.905995,4.757000,0.138331,0.010664,synthetic_chat_design_preset
47.58,4.901229,4.758000,0.134500,0.008729,synthetic_chat_design_preset
47.59,4.895296,4.759000,0.129195,0.007101,synthetic_chat_design_preset
47.60,4.888216,4.760000,0.122474,0.005741,synthetic_chat_design_preset
47.61,4.880026,4.761000,0.114412,0.004613,synthetic_chat_design_preset
47.62,4.870781,4.762000,0.105097,0.003684,synthetic_chat_design_preset
47.63,4.860553,4.763000,0.094629,0.002924,synthetic_chat_design_preset
47.64,4.849432,4.764000,0.083125,0.002307,synthetic_chat_design_preset
47.65,4.837519,4.765000,0.070711,0.001808,synthetic_chat_design_preset
47.66,4.824930,4.766000,0.057521,0.001409,synthetic_chat_design_preset
47.67,4.811793,4.767000,0.043702,0.001091,synthetic_chat_design_preset
47.68,4.798243,4.768000,0.029403,0.000840,synthetic_chat_design_preset
47.69,4.784425,4.769000,0.014783,0.000642,synthetic_chat_design_preset
47.70,4.770488,4.770000,-0.000000,0.000488,synthetic_chat_design_preset
47.71,4.756586,4.771000,-0.014783,0.000369,synthetic_chat_design_preset
47.72,4.742874,4.772000,-0.029403,0.000277,synthetic_chat_design_preset
47.73,4.729505,4.773000,-0.043702,0.000207,synthetic_chat_design_preset
47.74,4.716632,4.774000,-0.057521,0.000153,synthetic_chat_design_preset
47.75,4.704402,4.775000,-0.070711,0.000113,synthetic_chat_design_preset
47.76,4.692875,4.776000,-0.083125,0.000000,synthetic_chat_design_preset
47.77,4.682371,4.777000,-0.094629,0.000000,synthetic_chat_design_preset
47.78,4.672903,4.778000,-0.105097,0.000000,synthetic_chat_design_preset
47.79,4.664588,4.779000,-0.114412,0.000000,synthetic_chat_design_preset
47.80,4.657526,4.780000,-0.122474,0.000000,synthetic_chat_design_preset
47.81,4.651805,4.781000,-0.129195,0.000000,synthetic_chat_design_preset
47.82,4.647500,4.782000,-0.134500,0.000000,synthetic_chat_design_preset
47.83,4.644669,4.783000,-0.138331,0.000000,synthetic_chat_design_preset
47.84,4.643353,4.784000,-0.140647,0.000000,synthetic_chat_design_preset
47.85,4.643579,4.785000,-0.141421,0.000000,synthetic_chat_design_preset
47.86,4.645353,4.786000,-0.140647,0.000000,synthetic_chat_design_preset
47.87,4.648669,4.787000,-0.138331,0.000000,synthetic_chat_design_preset
47.88,4.653500,4.788000,-0.134500,0.000000,synthetic_chat_design_preset
47.89,4.659805,4.789000,-0.129195,0.000000,synthetic_chat_design_preset
47.90,4.667526,4.790000,-0.122474,0.000000,synthetic_chat_design_preset
47.91,4.676588,4.791000,-0.114412,0.000000,synthetic_chat_design_preset
47.92,4.686903,4.792000,-0.105097,0.000000,synthetic_chat_design_preset
47.93,4.698371,4.793000,-0.094629,0.000000,synthetic_chat_design_preset
47.94,4.710875,4.794000,-0.083125,0.000000,synthetic_chat_design_preset
47.95,4.724289,4.795000,-0.070711,0.000000,synthetic_chat_design_preset
47.96,4.738479,4.796000,-0.057521,0.000000,synthetic_chat_design_preset
47.97,4.753298,4.797000,-0.043702,0.000000,synthetic_chat_design_preset
47.98,4.768597,4.798000,-0.029403,0.000000,synthetic_chat_design_preset
47.99,4.784217,4.799000,-0.014783,0.000000,synthetic_chat_design_preset
48.00,4.800000,4.800000,-0.000000,0.000000,synthetic_chat_design_preset
48.01,4.815783,4.801000,0.014783,0.000000,synthetic_chat_design_preset
48.02,4.831403,4.802000,0.029403,0.000000,synthetic_chat_design_preset
48.03,4.846702,4.803000,0.043702,0.000000,synthetic_chat_design_preset
48.04,4.861521,4.804000,0.057521,0.000000,synthetic_chat_design_preset
48.05,4.875711,4.805000,0.070711,0.000000,synthetic_chat_design_preset
48.06,4.889125,4.806000,0.083125,0.000000,synthetic_chat_design_preset
48.07,4.901629,4.807000,0.094629,0.000000,synthetic_chat_design_preset
48.08,4.913097,4.808000,0.105097,0.000000,synthetic_chat_design_preset
48.09,4.923412,4.809000,0.114412,0.000000,synthetic_chat_design_preset
48.10,4.932474,4.810000,0.122474,0.000000,synthetic_chat_design_preset
48.11,4.940195,4.811000,0.129195,0.000000,synthetic_chat_design_preset
48.12,4.946500,4.812000,0.134500,0.000000,synthetic_chat_design_preset
48.13,4.951331,4.813000,0.138331,0.000000,synthetic_chat_design_preset
48.14,4.954647,4.814000,0.140647,0.000000,synthetic_chat_design_preset
48.15,4.956421,4.815000,0.141421,0.000000,synthetic_chat_design_preset
48.16,4.956647,4.816000,0.140647,0.000000,synthetic_chat_design_preset
48.17,4.955331,4.817000,0.138331,0.000000,synthetic_chat_design_preset
48.18,4.952500,4.818000,0.134500,0.000000,synthetic_chat_design_preset
48.19,4.948195,4.819000,0.129195,0.000000,synthetic_chat_design_preset
48.20,4.942474,4.820000,0.122474,0.000000,synthetic_chat_design_preset
48.21,4.935412,4.821000,0.114412,0.000000,synthetic_chat_design_preset
48.22,4.927097,4.822000,0.105097,0.000000,synthetic_chat_design_preset
48.23,4.917629,4.823000,0.094629,0.000000,synthetic_chat_design_preset
48.24,4.907208,4.824000,0.083125,0.000083,synthetic_chat_design_preset
48.25,4.895824,4.825000,0.070711,0.000113,synthetic_chat_design_preset
48.26,4.883675,4.826000,0.057521,0.000153,synthetic_chat_design_preset
48.27,4.870908,4.827000,0.043702,0.000207,synthetic_chat_design_preset
48.28,4.857680,4.828000,0.029403,0.000277,synthetic_chat_design_preset
48.29,4.844151,4.829000,0.014783,0.000369,synthetic_chat_design_preset
48.30,4.830488,4.830000,-0.000000,0.000488,synthetic_chat_design_preset
48.31,4.816860,4.831000,-0.014783,0.000642,synthetic_chat_design_preset
48.32,4.803437,4.832000,-0.029403,0.000840,synthetic_chat_design_preset
48.33,4.790389,4.833000,-0.043702,0.001091,synthetic_chat_design_preset
48.34,4.777888,4.834000,-0.057521,0.001409,synthetic_chat_design_preset
48.35,4.766098,4.835000,-0.070711,0.001808,synthetic_chat_design_preset
48.36,4.755181,4.836000,-0.083125,0.002307,synthetic_chat_design_preset
48.37,4.745295,4.837000,-0.094629,0.002924,synthetic_chat_design_preset
48.38,4.736588,4.838000,-0.105097,0.003684,synthetic_chat_design_preset
48.39,4.729201,4.839000,-0.114412,0.004613,synthetic_chat_design_preset
48.40,4.723267,4.840000,-0.122474,0.005741,synthetic_chat_design_preset
48.41,4.718906,4.841000,-0.129195,0.007101,synthetic_chat_design_preset
48.42,4.716229,4.842000,-0.134500,0.008729,synthetic_chat_design_preset
48.43,4.715333,4.843000,-0.138331,0.010664,synthetic_chat_design_preset
48.44,4.716302,4.844000,-0.140647,0.012948,synthetic_chat_design_preset
48.45,4.719204,4.845000,-0.141421,0.015625,synthetic_chat_design_preset
48.46,4.724093,4.846000,-0.140647,0.018739,synthetic_chat_design_preset
48.47,4.731006,4.847000,-0.138331,0.022337,synthetic_chat_design_preset
48.48,4.739961,4.848000,-0.134500,0.026461,synthetic_chat_design_preset
48.49,4.750959,4.849000,-0.129195,0.031154,synthetic_chat_design_preset
48.50,4.763980,4.850000,-0.122474,0.036454,synthetic_chat_design_preset
48.51,4.778982,4.851000,-0.114412,0.042394,synthetic_chat_design_preset
48.52,4.795902,4.852000,-0.105097,0.048999,synthetic_chat_design_preset
48.53,4.814655,4.853000,-0.094629,0.056285,synthetic_chat_design_preset
48.54,4.835132,4.854000,-0.083125,0.064257,synthetic_chat_design_preset
48.55,4.857197,4.855000,-0.070711,0.072908,synthetic_chat_design_preset
48.56,4.880694,4.856000,-0.057521,0.082216,synthetic_chat_design_preset
48.57,4.905440,4.857000,-0.043702,0.092142,synthetic_chat_design_preset
48.58,4.931229,4.858000,-0.029403,0.102632,synthetic_chat_design_preset
48.59,4.957832,4.859000,-0.014783,0.113615,synthetic_chat_design_preset
48.60,4.985000,4.860000,0.000000,0.125000,synthetic_chat_design_preset
48.61,5.012464,4.861000,0.014783,0.136681,synthetic_chat_design_preset
48.62,5.039940,4.862000,0.029403,0.148536,synthetic_chat_design_preset
48.63,5.067130,4.863000,0.043702,0.160428,synthetic_chat_design_preset
48.64,5.093729,4.864000,0.057521,0.172208,synthetic_chat_design_preset
48.65,5.119427,4.865000,0.070711,0.183717,synthetic_chat_design_preset
48.66,5.143917,4.866000,0.083125,0.194791,synthetic_chat_design_preset
48.67,5.166894,4.867000,0.094629,0.205264,synthetic_chat_design_preset
48.68,5.188069,4.868000,0.105097,0.214972,synthetic_chat_design_preset
48.69,5.207169,4.869000,0.114412,0.223756,synthetic_chat_design_preset
48.70,5.223943,4.870000,0.122474,0.231469,synthetic_chat_design_preset
48.71,5.238171,4.871000,0.129195,0.237976,synthetic_chat_design_preset
48.72,5.249663,4.872000,0.134500,0.243164,synthetic_chat_design_preset
48.73,5.258269,4.873000,0.138331,0.246938,synthetic_chat_design_preset
48.74,5.263878,4.874000,0.140647,0.249231,synthetic_chat_design_preset
48.75,5.266421,4.875000,0.141421,0.250000,synthetic_chat_design_preset
48.76,5.265878,4.876000,0.140647,0.249231,synthetic_chat_design_preset
48.77,5.262269,4.877000,0.138331,0.246938,synthetic_chat_design_preset
48.78,5.255663,4.878000,0.134500,0.243164,synthetic_chat_design_preset
48.79,5.246171,4.879000,0.129195,0.237976,synthetic_chat_design_preset
48.80,5.233943,4.880000,0.122474,0.231469,synthetic_chat_design_preset
48.81,5.219169,4.881000,0.114412,0.223756,synthetic_chat_design_preset
48.82,5.202069,4.882000,0.105097,0.214972,synthetic_chat_design_preset
48.83,5.182894,4.883000,0.094629,0.205264,synthetic_chat_design_preset
48.84,5.161917,4.884000,0.083125,0.194791,synthetic_chat_design_preset
48.85,5.139427,4.885000,0.070711,0.183717,synthetic_chat_design_preset
48.86,5.115729,4.886000,0.057521,0.172208,synthetic_chat_design_preset
48.87,5.091130,4.887000,0.043702,0.160428,synthetic_chat_design_preset
48.88,5.065940,4.888000,0.029403,0.148536,synthetic_chat_design_preset
48.89,5.040464,4.889000,0.014783,0.136681,synthetic_chat_design_preset
48.90,5.015000,4.890000,-0.000000,0.125000,synthetic_chat_design_preset
48.91,4.989832,4.891000,-0.014783,0.113615,synthetic_chat_design_preset
48.92,4.965229,4.892000,-0.029403,0.102632,synthetic_chat_design_preset
48.93,4.941440,4.893000,-0.043702,0.092142,synthetic_chat_design_preset
48.94,4.918694,4.894000,-0.057521,0.082216,synthetic_chat_design_preset
48.95,4.897197,4.895000,-0.070711,0.072908,synthetic_chat_design_preset
48.96,4.877132,4.896000,-0.083125,0.064257,synthetic_chat_design_preset
48.97,4.858655,4.897000,-0.094629,0.056285,synthetic_chat_design_preset
48.98,4.841902,4.898000,-0.105097,0.048999,synthetic_chat_design_preset
48.99,4.826982,4.899000,-0.114412,0.042394,synthetic_chat_design_preset
49.00,4.813980,4.900000,-0.122474,0.036454,synthetic_chat_design_preset
49.01,4.802959,4.901000,-0.129195,0.031154,synthetic_chat_design_preset
49.02,4.793961,4.902000,-0.134500,0.026461,synthetic_chat_design_preset
49.03,4.787006,4.903000,-0.138331,0.022337,synthetic_chat_design_preset
49.04,4.782093,4.904000,-0.140647,0.018739,synthetic_chat_design_preset
49.05,4.779204,4.905000,-0.141421,0.015625,synthetic_chat_design_preset
49.06,4.778302,4.906000,-0.140647,0.012948,synthetic_chat_design_preset
49.07,4.779333,4.907000,-0.138331,0.010664,synthetic_chat_design_preset
49.08,4.782229,4.908000,-0.134500,0.008729,synthetic_chat_design_preset
49.09,4.786906,4.909000,-0.129195,0.007101,synthetic_chat_design_preset
49.10,4.793267,4.910000,-0.122474,0.005741,synthetic_chat_design_preset
49.11,4.801201,4.911000,-0.114412,0.004613,synthetic_chat_design_preset
49.12,4.810588,4.912000,-0.105097,0.003684,synthetic_chat_design_preset
49.13,4.821295,4.913000,-0.094629,0.002924,synthetic_chat_design_preset
49.14,4.833181,4.914000,-0.083125,0.002307,synthetic_chat_design_preset
49.15,4.846098,4.915000,-0.070711,0.001808,synthetic_chat_design_preset
49.16,4.859888,4.916000,-0.057521,0.001409,synthetic_chat_design_preset
49.17,4.874389,4.917000,-0.043702,0.001091,synthetic_chat_design_preset
49.18,4.889437,4.918000,-0.029403,0.000840,synthetic_chat_design_preset
49.19,4.904860,4.919000,-0.014783,0.000642,synthetic_chat_design_preset
49.20,4.920488,4.920000,0.000000,0.000488,synthetic_chat_design_preset
49.21,4.936151,4.921000,0.014783,0.000369,synthetic_chat_design_preset
49.22,4.951680,4.922000,0.029403,0.000277,synthetic_chat_design_preset
49.23,4.966908,4.923000,0.043702,0.000207,synthetic_chat_design_preset
49.24,4.981675,4.924000,0.057521,0.000153,synthetic_chat_design_preset
49.25,4.995824,4.925000,0.070711,0.000113,synthetic_chat_design_preset
49.26,5.009125,4.926000,0.083125,0.000000,synthetic_chat_design_preset
49.27,5.021629,4.927000,0.094629,0.000000,synthetic_chat_design_preset
49.28,5.033097,4.928000,0.105097,0.000000,synthetic_chat_design_preset
49.29,5.043412,4.929000,0.114412,0.000000,synthetic_chat_design_preset
49.30,5.052474,4.930000,0.122474,0.000000,synthetic_chat_design_preset
49.31,5.060195,4.931000,0.129195,0.000000,synthetic_chat_design_preset
49.32,5.066500,4.932000,0.134500,0.000000,synthetic_chat_design_preset
49.33,5.071331,4.933000,0.138331,0.000000,synthetic_chat_design_preset
49.34,5.074647,4.934000,0.140647,0.000000,synthetic_chat_design_preset
49.35,5.076421,4.935000,0.141421,0.000000,synthetic_chat_design_preset
49.36,5.076647,4.936000,0.140647,0.000000,synthetic_chat_design_preset
49.37,5.075331,4.937000,0.138331,0.000000,synthetic_chat_design_preset
49.38,5.072500,4.938000,0.134500,0.000000,synthetic_chat_design_preset
49.39,5.068195,4.939000,0.129195,0.000000,synthetic_chat_design_preset
49.40,5.062474,4.940000,0.122474,0.000000,synthetic_chat_design_preset
49.41,5.055412,4.941000,0.114412,0.000000,synthetic_chat_design_preset
49.42,5.047097,4.942000,0.105097,0.000000,synthetic_chat_design_preset
49.43,5.037629,4.943000,0.094629,0.000000,synthetic_chat_design_preset
49.44,5.027125,4.944000,0.083125,0.000000,synthetic_chat_design_preset
49.45,5.015711,4.945000,0.070711,0.000000,synthetic_chat_design_preset
49.46,5.003521,4.946000,0.057521,0.000000,synthetic_chat_design_preset
49.47,4.990702,4.947000,0.043702,0.000000,synthetic_chat_design_preset
49.48,4.977403,4.948000,0.029403,0.000000,synthetic_chat_design_preset
49.49,4.963783,4.949000,0.014783,0.000000,synthetic_chat_design_preset
49.50,4.950000,4.950000,-0.000000,0.000000,synthetic_chat_design_preset
49.51,4.936217,4.951000,-0.014783,0.000000,synthetic_chat_design_preset
49.52,4.922597,4.952000,-0.029403,0.000000,synthetic_chat_design_preset
49.53,4.909298,4.953000,-0.043702,0.000000,synthetic_chat_design_preset
49.54,4.896479,4.954000,-0.057521,0.000000,synthetic_chat_design_preset
49.55,4.884289,4.955000,-0.070711,0.000000,synthetic_chat_design_preset
49.56,4.872875,4.956000,-0.083125,0.000000,synthetic_chat_design_preset
49.57,4.862371,4.957000,-0.094629,0.000000,synthetic_chat_design_preset
49.58,4.852903,4.958000,-0.105097,0.000000,synthetic_chat_design_preset
49.59,4.844588,4.959000,-0.114412,0.000000,synthetic_chat_design_preset
49.60,4.837526,4.960000,-0.122474,0.000000,synthetic_chat_design_preset
49.61,4.831805,4.961000,-0.129195,0.000000,synthetic_chat_design_preset
49.62,4.827500,4.962000,-0.134500,0.000000,synthetic_chat_design_preset
49.63,4.824669,4.963000,-0.138331,0.000000,synthetic_chat_design_preset
49.64,4.823353,4.964000,-0.140647,0.000000,synthetic_chat_design_preset
49.65,4.823579,4.965000,-0.141421,0.000000,synthetic_chat_design_preset
49.66,4.825353,4.966000,-0.140647,0.000000,synthetic_chat_design_preset
49.67,4.828669,4.967000,-0.138331,0.000000,synthetic_chat_design_preset
49.68,4.833500,4.968000,-0.134500,0.000000,synthetic_chat_design_preset
49.69,4.839805,4.969000,-0.129195,0.000000,synthetic_chat_design_preset
49.70,4.847526,4.970000,-0.122474,0.000000,synthetic_chat_design_preset
49.71,4.856588,4.971000,-0.114412,0.000000,synthetic_chat_design_preset
49.72,4.866903,4.972000,-0.105097,0.000000,synthetic_chat_design_preset
49.73,4.878371,4.973000,-0.094629,0.000000,synthetic_chat_design_preset
49.74,4.890957,4.974000,-0.083125,0.000083,synthetic_chat_design_preset
49.75,4.904402,4.975000,-0.070711,0.000113,synthetic_chat_design_preset
49.76,4.918632,4.976000,-0.057521,0.000153,synthetic_chat_design_preset
49.77,4.933505,4.977000,-0.043702,0.000207,synthetic_chat_design_preset
49.78,4.948874,4.978000,-0.029403,0.000277,synthetic_chat_design_preset
49.79,4.964586,4.979000,-0.014783,0.000369,synthetic_chat_design_preset
49.80,4.980488,4.980000,0.000000,0.000488,synthetic_chat_design_preset
49.81,4.996425,4.981000,0.014783,0.000642,synthetic_chat_design_preset
49.82,5.012243,4.982000,0.029403,0.000840,synthetic_chat_design_preset
49.83,5.027793,4.983000,0.043702,0.001091,synthetic_chat_design_preset
49.84,5.042930,4.984000,0.057521,0.001409,synthetic_chat_design_preset
49.85,5.057519,4.985000,0.070711,0.001808,synthetic_chat_design_preset
49.86,5.071432,4.986000,0.083125,0.002307,synthetic_chat_design_preset
49.87,5.084553,4.987000,0.094629,0.002924,synthetic_chat_design_preset
49.88,5.096781,4.988000,0.105097,0.003684,synthetic_chat_design_preset
49.89,5.108026,4.989000,0.114412,0.004613,synthetic_chat_design_preset
49.90,5.118216,4.990000,0.122474,0.005741,synthetic_chat_design_preset
49.91,5.127296,4.991000,0.129195,0.007101,synthetic_chat_design_preset
49.92,5.135229,4.992000,0.134500,0.008729,synthetic_chat_design_preset
49.93,5.141995,4.993000,0.138331,0.010664,synthetic_chat_design_preset
49.94,5.147595,4.994000,0.140647,0.012948,synthetic_chat_design_preset
49.95,5.152046,4.995000,0.141421,0.015625,synthetic_chat_design_preset
49.96,5.155386,4.996000,0.140647,0.018739,synthetic_chat_design_preset
49.97,5.157668,4.997000,0.138331,0.022337,synthetic_chat_design_preset
49.98,5.158960,4.998000,0.134500,0.026461,synthetic_chat_design_preset
49.99,5.159349,4.999000,0.129195,0.031154,synthetic_chat_design_preset
50.00,5.158929,5.000000,0.122474,0.036454,synthetic_chat_design_preset
50.01,5.157806,5.001000,0.114412,0.042394,synthetic_chat_design_preset
50.02,5.156095,5.002000,0.105097,0.048999,synthetic_chat_design_preset
50.03,5.153914,5.003000,0.094629,0.056285,synthetic_chat_design_preset
50.04,5.151383,5.004000,0.083125,0.064257,synthetic_chat_design_preset
50.05,5.148619,5.005000,0.070711,0.072908,synthetic_chat_design_preset
50.06,5.145737,5.006000,0.057521,0.082216,synthetic_chat_design_preset
50.07,5.142843,5.007000,0.043702,0.092142,synthetic_chat_design_preset
50.08,5.140035,5.008000,0.029403,0.102632,synthetic_chat_design_preset
50.09,5.137397,5.009000,0.014783,0.113615,synthetic_chat_design_preset
50.10,5.135000,5.010000,-0.000000,0.125000,synthetic_chat_design_preset
50.11,5.132899,5.011000,-0.014783,0.136681,synthetic_chat_design_preset
50.12,5.131133,5.012000,-0.029403,0.148536,synthetic_chat_design_preset
50.13,5.129727,5.013000,-0.043702,0.160428,synthetic_chat_design_preset
50.14,5.128687,5.014000,-0.057521,0.172208,synthetic_chat_design_preset
50.15,5.128006,5.015000,-0.070711,0.183717,synthetic_chat_design_preset
50.16,5.127666,5.016000,-0.083125,0.194791,synthetic_chat_design_preset
50.17,5.127635,5.017000,-0.094629,0.205264,synthetic_chat_design_preset
50.18,5.127876,5.018000,-0.105097,0.214972,synthetic_chat_design_preset
50.19,5.128344,5.019000,-0.114412,0.223756,synthetic_chat_design_preset
50.20,5.128994,5.020000,-0.122474,0.231469,synthetic_chat_design_preset
50.21,5.129781,5.021000,-0.129195,0.237976,synthetic_chat_design_preset
50.22,5.130664,5.022000,-0.134500,0.243164,synthetic_chat_design_preset
50.23,5.131607,5.023000,-0.138331,0.246938,synthetic_chat_design_preset
50.24,5.132584,5.024000,-0.140647,0.249231,synthetic_chat_design_preset
50.25,5.133579,5.025000,-0.141421,0.250000,synthetic_chat_design_preset
50.26,5.134584,5.026000,-0.140647,0.249231,synthetic_chat_design_preset
50.27,5.135607,5.027000,-0.138331,0.246938,synthetic_chat_design_preset
50.28,5.136664,5.028000,-0.134500,0.243164,synthetic_chat_design_preset
50.29,5.137781,5.029000,-0.129195,0.237976,synthetic_chat_design_preset
50.30,5.138994,5.030000,-0.122474,0.231469,synthetic_chat_design_preset
50.31,5.140344,5.031000,-0.114412,0.223756,synthetic_chat_design_preset
50.32,5.141876,5.032000,-0.105097,0.214972,synthetic_chat_design_preset
50.33,5.143635,5.033000,-0.094629,0.205264,synthetic_chat_design_preset
50.34,5.145666,5.034000,-0.083125,0.194791,synthetic_chat_design_preset
50.35,5.148006,5.035000,-0.070711,0.183717,synthetic_chat_design_preset
50.36,5.150687,5.036000,-0.057521,0.172208,synthetic_chat_design_preset
50.37,5.153727,5.037000,-0.043702,0.160428,synthetic_chat_design_preset
50.38,5.157133,5.038000,-0.029403,0.148536,synthetic_chat_design_preset
50.39,5.160899,5.039000,-0.014783,0.136681,synthetic_chat_design_preset
50.40,5.165000,5.040000,0.000000,0.125000,synthetic_chat_design_preset
50.41,5.169397,5.041000,0.014783,0.113615,synthetic_chat_design_preset
50.42,5.174035,5.042000,0.029403,0.102632,synthetic_chat_design_preset
50.43,5.178843,5.043000,0.043702,0.092142,synthetic_chat_design_preset
50.44,5.183737,5.044000,0.057521,0.082216,synthetic_chat_design_preset
50.45,5.188619,5.045000,0.070711,0.072908,synthetic_chat_design_preset
50.46,5.193383,5.046000,0.083125,0.064257,synthetic_chat_design_preset
50.47,5.197914,5.047000,0.094629,0.056285,synthetic_chat_design_preset
50.48,5.202095,5.048000,0.105097,0.048999,synthetic_chat_design_preset
50.49,5.205806,5.049000,0.114412,0.042394,synthetic_chat_design_preset
50.50,5.208929,5.050000,0.122474,0.036454,synthetic_chat_design_preset
50.51,5.211349,5.051000,0.129195,0.031154,synthetic_chat_design_preset
50.52,5.212960,5.052000,0.134500,0.026461,synthetic_chat_design_preset
50.53,5.213668,5.053000,0.138331,0.022337,synthetic_chat_design_preset
50.54,5.213386,5.054000,0.140647,0.018739,synthetic_chat_design_preset
50.55,5.212046,5.055000,0.141421,0.015625,synthetic_chat_design_preset
50.56,5.209595,5.056000,0.140647,0.012948,synthetic_chat_design_preset
50.57,5.205995,5.057000,0.138331,0.010664,synthetic_chat_design_preset
50.58,5.201229,5.058000,0.134500,0.008729,synthetic_chat_design_preset
50.59,5.195296,5.059000,0.129195,0.007101,synthetic_chat_design_preset
50.60,5.188216,5.060000,0.122474,0.005741,synthetic_chat_design_preset
50.61,5.180026,5.061000,0.114412,0.004613,synthetic_chat_design_preset
50.62,5.170781,5.062000,0.105097,0.003684,synthetic_chat_design_preset
50.63,5.160553,5.063000,0.094629,0.002924,synthetic_chat_design_preset
50.64,5.149432,5.064000,0.083125,0.002307,synthetic_chat_design_preset
50.65,5.137519,5.065000,0.070711,0.001808,synthetic_chat_design_preset
50.66,5.124930,5.066000,0.057521,0.001409,synthetic_chat_design_preset
50.67,5.111793,5.067000,0.043702,0.001091,synthetic_chat_design_preset
50.68,5.098243,5.068000,0.029403,0.000840,synthetic_chat_design_preset
50.69,5.084425,5.069000,0.014783,0.000642,synthetic_chat_design_preset
50.70,5.070488,5.070000,0.000000,0.000488,synthetic_chat_design_preset
50.71,5.056586,5.071000,-0.014783,0.000369,synthetic_chat_design_preset
50.72,5.042874,5.072000,-0.029403,0.000277,synthetic_chat_design_preset
50.73,5.029505,5.073000,-0.043702,0.000207,synthetic_chat_design_preset
50.74,5.016632,5.074000,-0.057521,0.000153,synthetic_chat_design_preset
50.75,5.004402,5.075000,-0.070711,0.000113,synthetic_chat_design_preset
50.76,4.992875,5.076000,-0.083125,0.000000,synthetic_chat_design_preset
50.77,4.982371,5.077000,-0.094629,0.000000,synthetic_chat_design_preset
50.78,4.972903,5.078000,-0.105097,0.000000,synthetic_chat_design_preset
50.79,4.964588,5.079000,-0.114412,0.000000,synthetic_chat_design_preset
50.80,4.957526,5.080000,-0.122474,0.000000,synthetic_chat_design_preset
50.81,4.951805,5.081000,-0.129195,0.000000,synthetic_chat_design_preset
50.82,4.947500,5.082000,-0.134500,0.000000,synthetic_chat_design_preset
50.83,4.944669,5.083000,-0.138331,0.000000,synthetic_chat_design_preset
50.84,4.943353,5.084000,-0.140647,0.000000,synthetic_chat_design_preset
50.85,4.943579,5.085000,-0.141421,0.000000,synthetic_chat_design_preset
50.86,4.945353,5.086000,-0.140647,0.000000,synthetic_chat_design_preset
50.87,4.948669,5.087000,-0.138331,0.000000,synthetic_chat_design_preset
50.88,4.953500,5.088000,-0.134500,0.000000,synthetic_chat_design_preset
50.89,4.959805,5.089000,-0.129195,0.000000,synthetic_chat_design_preset
50.90,4.967526,5.090000,-0.122474,0.000000,synthetic_chat_design_preset
50.91,4.976588,5.091000,-0.114412,0.000000,synthetic_chat_design_preset
50.92,4.986903,5.092000,-0.105097,0.000000,synthetic_chat_design_preset
50.93,4.998371,5.093000,-0.094629,0.000000,synthetic_chat_design_preset
50.94,5.010875,5.094000,-0.083125,0.000000,synthetic_chat_design_preset
50.95,5.024289,5.095000,-0.070711,0.000000,synthetic_chat_design_preset
50.96,5.038479,5.096000,-0.057521,0.000000,synthetic_chat_design_preset
50.97,5.053298,5.097000,-0.043702,0.000000,synthetic_chat_design_preset
50.98,5.068597,5.098000,-0.029403,0.000000,synthetic_chat_design_preset
50.99,5.084217,5.099000,-0.014783,0.000000,synthetic_chat_design_preset
51.00,5.100000,5.100000,-0.000000,0.000000,synthetic_chat_design_preset
51.01,5.115783,5.101000,0.014783,0.000000,synthetic_chat_design_preset
51.02,5.131403,5.102000,0.029403,0.000000,synthetic_chat_design_preset
51.03,5.146702,5.103000,0.043702,0.000000,synthetic_chat_design_preset
51.04,5.161521,5.104000,0.057521,0.000000,synthetic_chat_design_preset
51.05,5.175711,5.105000,0.070711,0.000000,synthetic_chat_design_preset
51.06,5.189125,5.106000,0.083125,0.000000,synthetic_chat_design_preset
51.07,5.201629,5.107000,0.094629,0.000000,synthetic_chat_design_preset
51.08,5.213097,5.108000,0.105097,0.000000,synthetic_chat_design_preset
51.09,5.223412,5.109000,0.114412,0.000000,synthetic_chat_design_preset
51.10,5.232474,5.110000,0.122474,0.000000,synthetic_chat_design_preset
51.11,5.240195,5.111000,0.129195,0.000000,synthetic_chat_design_preset
51.12,5.246500,5.112000,0.134500,0.000000,synthetic_chat_design_preset
51.13,5.251331,5.113000,0.138331,0.000000,synthetic_chat_design_preset
51.14,5.254647,5.114000,0.140647,0.000000,synthetic_chat_design_preset
51.15,5.256421,5.115000,0.141421,0.000000,synthetic_chat_design_preset
51.16,5.256647,5.116000,0.140647,0.000000,synthetic_chat_design_preset
51.17,5.255331,5.117000,0.138331,0.000000,synthetic_chat_design_preset
51.18,5.252500,5.118000,0.134500,0.000000,synthetic_chat_design_preset
51.19,5.248195,5.119000,0.129195,0.000000,synthetic_chat_design_preset
51.20,5.242474,5.120000,0.122474,0.000000,synthetic_chat_design_preset
51.21,5.235412,5.121000,0.114412,0.000000,synthetic_chat_design_preset
51.22,5.227097,5.122000,0.105097,0.000000,synthetic_chat_design_preset
51.23,5.217629,5.123000,0.094629,0.000000,synthetic_chat_design_preset
51.24,5.207208,5.124000,0.083125,0.000083,synthetic_chat_design_preset
51.25,5.195824,5.125000,0.070711,0.000113,synthetic_chat_design_preset
51.26,5.183675,5.126000,0.057521,0.000153,synthetic_chat_design_preset
51.27,5.170908,5.127000,0.043702,0.000207,synthetic_chat_design_preset
51.28,5.157680,5.128000,0.029403,0.000277,synthetic_chat_design_preset
51.29,5.144151,5.129000,0.014783,0.000369,synthetic_chat_design_preset
51.30,5.130488,5.130000,-0.000000,0.000488,synthetic_chat_design_preset
51.31,5.116860,5.131000,-0.014783,0.000642,synthetic_chat_design_preset
51.32,5.103437,5.132000,-0.029403,0.000840,synthetic_chat_design_preset
51.33,5.090389,5.133000,-0.043702,0.001091,synthetic_chat_design_preset
51.34,5.077888,5.134000,-0.057521,0.001409,synthetic_chat_design_preset
51.35,5.066098,5.135000,-0.070711,0.001808,synthetic_chat_design_preset
51.36,5.055181,5.136000,-0.083125,0.002307,synthetic_chat_design_preset
51.37,5.045295,5.137000,-0.094629,0.002924,synthetic_chat_design_preset
51.38,5.036588,5.138000,-0.105097,0.003684,synthetic_chat_design_preset
51.39,5.029201,5.139000,-0.114412,0.004613,synthetic_chat_design_preset
51.40,5.023267,5.140000,-0.122474,0.005741,synthetic_chat_design_preset
51.41,5.018906,5.141000,-0.129195,0.007101,synthetic_chat_design_preset
51.42,5.016229,5.142000,-0.134500,0.008729,synthetic_chat_design_preset
51.43,5.015333,5.143000,-0.138331,0.010664,synthetic_chat_design_preset
51.44,5.016302,5.144000,-0.140647,0.012948,synthetic_chat_design_preset
51.45,5.019204,5.145000,-0.141421,0.015625,synthetic_chat_design_preset
51.46,5.024093,5.146000,-0.140647,0.018739,synthetic_chat_design_preset
51.47,5.031006,5.147000,-0.138331,0.022337,synthetic_chat_design_preset
51.48,5.039961,5.148000,-0.134500,0.026461,synthetic_chat_design_preset
51.49,5.050959,5.149000,-0.129195,0.031154,synthetic_chat_design_preset
51.50,5.063980,5.150000,-0.122474,0.036454,synthetic_chat_design_preset
51.51,5.078982,5.151000,-0.114412,0.042394,synthetic_chat_design_preset
51.52,5.095902,5.152000,-0.105097,0.048999,synthetic_chat_design_preset
51.53,5.114655,5.153000,-0.094629,0.056285,synthetic_chat_design_preset
51.54,5.135132,5.154000,-0.083125,0.064257,synthetic_chat_design_preset
51.55,5.157197,5.155000,-0.070711,0.072908,synthetic_chat_design_preset
51.56,5.180694,5.156000,-0.057521,0.082216,synthetic_chat_design_preset
51.57,5.205440,5.157000,-0.043702,0.092142,synthetic_chat_design_preset
51.58,5.231229,5.158000,-0.029403,0.102632,synthetic_chat_design_preset
51.59,5.257832,5.159000,-0.014783,0.113615,synthetic_chat_design_preset
51.60,5.285000,5.160000,0.000000,0.125000,synthetic_chat_design_preset
51.61,5.312464,5.161000,0.014783,0.136681,synthetic_chat_design_preset
51.62,5.339940,5.162000,0.029403,0.148536,synthetic_chat_design_preset
51.63,5.367130,5.163000,0.043702,0.160428,synthetic_chat_design_preset
51.64,5.393729,5.164000,0.057521,0.172208,synthetic_chat_design_preset
51.65,5.419427,5.165000,0.070711,0.183717,synthetic_chat_design_preset
51.66,5.443917,5.166000,0.083125,0.194791,synthetic_chat_design_preset
51.67,5.466894,5.167000,0.094629,0.205264,synthetic_chat_design_preset
51.68,5.488069,5.168000,0.105097,0.214972,synthetic_chat_design_preset
51.69,5.507169,5.169000,0.114412,0.223756,synthetic_chat_design_preset
51.70,5.523943,5.170000,0.122474,0.231469,synthetic_chat_design_preset
51.71,5.538171,5.171000,0.129195,0.237976,synthetic_chat_design_preset
51.72,5.549663,5.172000,0.134500,0.243164,synthetic_chat_design_preset
51.73,5.558269,5.173000,0.138331,0.246938,synthetic_chat_design_preset
51.74,5.563878,5.174000,0.140647,0.249231,synthetic_chat_design_preset
51.75,5.566421,5.175000,0.141421,0.250000,synthetic_chat_design_preset
51.76,5.565878,5.176000,0.140647,0.249231,synthetic_chat_design_preset
51.77,5.562269,5.177000,0.138331,0.246938,synthetic_chat_design_preset
51.78,5.555663,5.178000,0.134500,0.243164,synthetic_chat_design_preset
51.79,5.546171,5.179000,0.129195,0.237976,synthetic_chat_design_preset
51.80,5.533943,5.180000,0.122474,0.231469,synthetic_chat_design_preset
51.81,5.519169,5.181000,0.114412,0.223756,synthetic_chat_design_preset
51.82,5.502069,5.182000,0.105097,0.214972,synthetic_chat_design_preset
51.83,5.482894,5.183000,0.094629,0.205264,synthetic_chat_design_preset
51.84,5.461917,5.184000,0.083125,0.194791,synthetic_chat_design_preset
51.85,5.439427,5.185000,0.070711,0.183717,synthetic_chat_design_preset
51.86,5.415729,5.186000,0.057521,0.172208,synthetic_chat_design_preset
51.87,5.391130,5.187000,0.043702,0.160428,synthetic_chat_design_preset
51.88,5.365940,5.188000,0.029403,0.148536,synthetic_chat_design_preset
51.89,5.340464,5.189000,0.014783,0.136681,synthetic_chat_design_preset
51.90,5.315000,5.190000,0.000000,0.125000,synthetic_chat_design_preset
51.91,5.289832,5.191000,-0.014783,0.113615,synthetic_chat_design_preset
51.92,5.265229,5.192000,-0.029403,0.102632,synthetic_chat_design_preset
51.93,5.241440,5.193000,-0.043702,0.092142,synthetic_chat_design_preset
51.94,5.218694,5.194000,-0.057521,0.082216,synthetic_chat_design_preset
51.95,5.197197,5.195000,-0.070711,0.072908,synthetic_chat_design_preset
51.96,5.177132,5.196000,-0.083125,0.064257,synthetic_chat_design_preset
51.97,5.158655,5.197000,-0.094629,0.056285,synthetic_chat_design_preset
51.98,5.141902,5.198000,-0.105097,0.048999,synthetic_chat_design_preset
51.99,5.126982,5.199000,-0.114412,0.042394,synthetic_chat_design_preset
52.00,5.113980,5.200000,-0.122474,0.036454,synthetic_chat_design_preset
52.01,5.102959,5.201000,-0.129195,0.031154,synthetic_chat_design_preset
52.02,5.093961,5.202000,-0.134500,0.026461,synthetic_chat_design_preset
52.03,5.087006,5.203000,-0.138331,0.022337,synthetic_chat_design_preset
52.04,5.082093,5.204000,-0.140647,0.018739,synthetic_chat_design_preset
52.05,5.079204,5.205000,-0.141421,0.015625,synthetic_chat_design_preset
52.06,5.078302,5.206000,-0.140647,0.012948,synthetic_chat_design_preset
52.07,5.079333,5.207000,-0.138331,0.010664,synthetic_chat_design_preset
52.08,5.082229,5.208000,-0.134500,0.008729,synthetic_chat_design_preset
52.09,5.086906,5.209000,-0.129195,0.007101,synthetic_chat_design_preset
52.10,5.093267,5.210000,-0.122474,0.005741,synthetic_chat_design_preset
52.11,5.101201,5.211000,-0.114412,0.004613,synthetic_chat_design_preset
52.12,5.110588,5.212000,-0.105097,0.003684,synthetic_chat_design_preset
52.13,5.121295,5.213000,-0.094629,0.002924,synthetic_chat_design_preset
52.14,5.133181,5.214000,-0.083125,0.002307,synthetic_chat_design_preset
52.15,5.146098,5.215000,-0.070711,0.001808,synthetic_chat_design_preset
52.16,5.159888,5.216000,-0.057521,0.001409,synthetic_chat_design_preset
52.17,5.174389,5.217000,-0.043702,0.001091,synthetic_chat_design_preset
52.18,5.189437,5.218000,-0.029403,0.000840,synthetic_chat_design_preset
52.19,5.204860,5.219000,-0.014783,0.000642,synthetic_chat_design_preset
52.20,5.220488,5.220000,0.000000,0.000488,synthetic_chat_design_preset
52.21,5.236151,5.221000,0.014783,0.000369,synthetic_chat_design_preset
52.22,5.251680,5.222000,0.029403,0.000277,synthetic_chat_design_preset
52.23,5.266908,5.223000,0.043702,0.000207,synthetic_chat_design_preset
52.24,5.281675,5.224000,0.057521,0.000153,synthetic_chat_design_preset
52.25,5.295824,5.225000,0.070711,0.000113,synthetic_chat_design_preset
52.26,5.309125,5.226000,0.083125,0.000000,synthetic_chat_design_preset
52.27,5.321629,5.227000,0.094629,0.000000,synthetic_chat_design_preset
52.28,5.333097,5.228000,0.105097,0.000000,synthetic_chat_design_preset
52.29,5.343412,5.229000,0.114412,0.000000,synthetic_chat_design_preset
52.30,5.352474,5.230000,0.122474,0.000000,synthetic_chat_design_preset
52.31,5.360195,5.231000,0.129195,0.000000,synthetic_chat_design_preset
52.32,5.366500,5.232000,0.134500,0.000000,synthetic_chat_design_preset
52.33,5.371331,5.233000,0.138331,0.000000,synthetic_chat_design_preset
52.34,5.374647,5.234000,0.140647,0.000000,synthetic_chat_design_preset
52.35,5.376421,5.235000,0.141421,0.000000,synthetic_chat_design_preset
52.36,5.376647,5.236000,0.140647,0.000000,synthetic_chat_design_preset
52.37,5.375331,5.237000,0.138331,0.000000,synthetic_chat_design_preset
52.38,5.372500,5.238000,0.134500,0.000000,synthetic_chat_design_preset
52.39,5.368195,5.239000,0.129195,0.000000,synthetic_chat_design_preset
52.40,5.362474,5.240000,0.122474,0.000000,synthetic_chat_design_preset
52.41,5.355412,5.241000,0.114412,0.000000,synthetic_chat_design_preset
52.42,5.347097,5.242000,0.105097,0.000000,synthetic_chat_design_preset
52.43,5.337629,5.243000,0.094629,0.000000,synthetic_chat_design_preset
52.44,5.327125,5.244000,0.083125,0.000000,synthetic_chat_design_preset
52.45,5.315711,5.245000,0.070711,0.000000,synthetic_chat_design_preset
52.46,5.303521,5.246000,0.057521,0.000000,synthetic_chat_design_preset
52.47,5.290702,5.247000,0.043702,0.000000,synthetic_chat_design_preset
52.48,5.277403,5.248000,0.029403,0.000000,synthetic_chat_design_preset
52.49,5.263783,5.249000,0.014783,0.000000,synthetic_chat_design_preset
52.50,5.250000,5.250000,-0.000000,0.000000,synthetic_chat_design_preset
52.51,5.236217,5.251000,-0.014783,0.000000,synthetic_chat_design_preset
52.52,5.222597,5.252000,-0.029403,0.000000,synthetic_chat_design_preset
52.53,5.209298,5.253000,-0.043702,0.000000,synthetic_chat_design_preset
52.54,5.196479,5.254000,-0.057521,0.000000,synthetic_chat_design_preset
52.55,5.184289,5.255000,-0.070711,0.000000,synthetic_chat_design_preset
52.56,5.172875,5.256000,-0.083125,0.000000,synthetic_chat_design_preset
52.57,5.162371,5.257000,-0.094629,0.000000,synthetic_chat_design_preset
52.58,5.152903,5.258000,-0.105097,0.000000,synthetic_chat_design_preset
52.59,5.144588,5.259000,-0.114412,0.000000,synthetic_chat_design_preset
52.60,5.137526,5.260000,-0.122474,0.000000,synthetic_chat_design_preset
52.61,5.131805,5.261000,-0.129195,0.000000,synthetic_chat_design_preset
52.62,5.127500,5.262000,-0.134500,0.000000,synthetic_chat_design_preset
52.63,5.124669,5.263000,-0.138331,0.000000,synthetic_chat_design_preset
52.64,5.123353,5.264000,-0.140647,0.000000,synthetic_chat_design_preset
52.65,5.123579,5.265000,-0.141421,0.000000,synthetic_chat_design_preset
52.66,5.125353,5.266000,-0.140647,0.000000,synthetic_chat_design_preset
52.67,5.128669,5.267000,-0.138331,0.000000,synthetic_chat_design_preset
52.68,5.133500,5.268000,-0.134500,0.000000,synthetic_chat_design_preset
52.69,5.139805,5.269000,-0.129195,0.000000,synthetic_chat_design_preset
52.70,5.147526,5.270000,-0.122474,0.000000,synthetic_chat_design_preset
52.71,5.156588,5.271000,-0.114412,0.000000,synthetic_chat_design_preset
52.72,5.166903,5.272000,-0.105097,0.000000,synthetic_chat_design_preset
52.73,5.178371,5.273000,-0.094629,0.000000,synthetic_chat_design_preset
52.74,5.190957,5.274000,-0.083125,0.000083,synthetic_chat_design_preset
52.75,5.204402,5.275000,-0.070711,0.000113,synthetic_chat_design_preset
52.76,5.218632,5.276000,-0.057521,0.000153,synthetic_chat_design_preset
52.77,5.233505,5.277000,-0.043702,0.000207,synthetic_chat_design_preset
52.78,5.248874,5.278000,-0.029403,0.000277,synthetic_chat_design_preset
52.79,5.264586,5.279000,-0.014783,0.000369,synthetic_chat_design_preset
52.80,5.280488,5.280000,0.000000,0.000488,synthetic_chat_design_preset
52.81,5.296425,5.281000,0.014783,0.000642,synthetic_chat_design_preset
52.82,5.312243,5.282000,0.029403,0.000840,synthetic_chat_design_preset
52.83,5.327793,5.283000,0.043702,0.001091,synthetic_chat_design_preset
52.84,5.342930,5.284000,0.057521,0.001409,synthetic_chat_design_preset
52.85,5.357519,5.285000,0.070711,0.001808,synthetic_chat_design_preset
52.86,5.371432,5.286000,0.083125,0.002307,synthetic_chat_design_preset
52.87,5.384553,5.287000,0.094629,0.002924,synthetic_chat_design_preset
52.88,5.396781,5.288000,0.105097,0.003684,synthetic_chat_design_preset
52.89,5.408026,5.289000,0.114412,0.004613,synthetic_chat_design_preset
52.90,5.418216,5.290000,0.122474,0.005741,synthetic_chat_design_preset
52.91,5.427296,5.291000,0.129195,0.007101,synthetic_chat_design_preset
52.92,5.435229,5.292000,0.134500,0.008729,synthetic_chat_design_preset
52.93,5.441995,5.293000,0.138331,0.010664,synthetic_chat_design_preset
52.94,5.447595,5.294000,0.140647,0.012948,synthetic_chat_design_preset
52.95,5.452046,5.295000,0.141421,0.015625,synthetic_chat_design_preset
52.96,5.455386,5.296000,0.140647,0.018739,synthetic_chat_design_preset
52.97,5.457668,5.297000,0.138331,0.022337,synthetic_chat_design_preset
52.98,5.458960,5.298000,0.134500,0.026461,synthetic_chat_design_preset
52.99,5.459349,5.299000,0.129195,0.031154,synthetic_chat_design_preset
53.00,5.458929,5.300000,0.122474,0.036454,synthetic_chat_design_preset
53.01,5.457806,5.301000,0.114412,0.042394,synthetic_chat_design_preset
53.02,5.456095,5.302000,0.105097,0.048999,synthetic_chat_design_preset
53.03,5.453914,5.303000,0.094629,0.056285,synthetic_chat_design_preset
53.04,5.451383,5.304000,0.083125,0.064257,synthetic_chat_design_preset
53.05,5.448619,5.305000,0.070711,0.072908,synthetic_chat_design_preset
53.06,5.445737,5.306000,0.057521,0.082216,synthetic_chat_design_preset
53.07,5.442843,5.307000,0.043702,0.092142,synthetic_chat_design_preset
53.08,5.440035,5.308000,0.029403,0.102632,synthetic_chat_design_preset
53.09,5.437397,5.309000,0.014783,0.113615,synthetic_chat_design_preset
53.10,5.435000,5.310000,-0.000000,0.125000,synthetic_chat_design_preset
53.11,5.432899,5.311000,-0.014783,0.136681,synthetic_chat_design_preset
53.12,5.431133,5.312000,-0.029403,0.148536,synthetic_chat_design_preset
53.13,5.429727,5.313000,-0.043702,0.160428,synthetic_chat_design_preset
53.14,5.428687,5.314000,-0.057521,0.172208,synthetic_chat_design_preset
53.15,5.428006,5.315000,-0.070711,0.183717,synthetic_chat_design_preset
53.16,5.427666,5.316000,-0.083125,0.194791,synthetic_chat_design_preset
53.17,5.427635,5.317000,-0.094629,0.205264,synthetic_chat_design_preset
53.18,5.427876,5.318000,-0.105097,0.214972,synthetic_chat_design_preset
53.19,5.428344,5.319000,-0.114412,0.223756,synthetic_chat_design_preset
53.20,5.428994,5.320000,-0.122474,0.231469,synthetic_chat_design_preset
53.21,5.429781,5.321000,-0.129195,0.237976,synthetic_chat_design_preset
53.22,5.430664,5.322000,-0.134500,0.243164,synthetic_chat_design_preset
53.23,5.431607,5.323000,-0.138331,0.246938,synthetic_chat_design_preset
53.24,5.432584,5.324000,-0.140647,0.249231,synthetic_chat_design_preset
53.25,5.433579,5.325000,-0.141421,0.250000,synthetic_chat_design_preset
53.26,5.434584,5.326000,-0.140647,0.249231,synthetic_chat_design_preset
53.27,5.435607,5.327000,-0.138331,0.246938,synthetic_chat_design_preset
53.28,5.436664,5.328000,-0.134500,0.243164,synthetic_chat_design_preset
53.29,5.437781,5.329000,-0.129195,0.237976,synthetic_chat_design_preset
53.30,5.438994,5.330000,-0.122474,0.231469,synthetic_chat_design_preset
53.31,5.440344,5.331000,-0.114412,0.223756,synthetic_chat_design_preset
53.32,5.441876,5.332000,-0.105097,0.214972,synthetic_chat_design_preset
53.33,5.443635,5.333000,-0.094629,0.205264,synthetic_chat_design_preset
53.34,5.445666,5.334000,-0.083125,0.194791,synthetic_chat_design_preset
53.35,5.448006,5.335000,-0.070711,0.183717,synthetic_chat_design_preset
53.36,5.450687,5.336000,-0.057521,0.172208,synthetic_chat_design_preset
53.37,5.453727,5.337000,-0.043702,0.160428,synthetic_chat_design_preset
53.38,5.457133,5.338000,-0.029403,0.148536,synthetic_chat_design_preset
53.39,5.460899,5.339000,-0.014783,0.136681,synthetic_chat_design_preset
53.40,5.465000,5.340000,-0.000000,0.125000,synthetic_chat_design_preset
53.41,5.469397,5.341000,0.014783,0.113615,synthetic_chat_design_preset
53.42,5.474035,5.342000,0.029403,0.102632,synthetic_chat_design_preset
53.43,5.478843,5.343000,0.043702,0.092142,synthetic_chat_design_preset
53.44,5.483737,5.344000,0.057521,0.082216,synthetic_chat_design_preset
53.45,5.488619,5.345000,0.070711,0.072908,synthetic_chat_design_preset
53.46,5.493383,5.346000,0.083125,0.064257,synthetic_chat_design_preset
53.47,5.497914,5.347000,0.094629,0.056285,synthetic_chat_design_preset
53.48,5.502095,5.348000,0.105097,0.048999,synthetic_chat_design_preset
53.49,5.505806,5.349000,0.114412,0.042394,synthetic_chat_design_preset
53.50,5.508929,5.350000,0.122474,0.036454,synthetic_chat_design_preset
53.51,5.511349,5.351000,0.129195,0.031154,synthetic_chat_design_preset
53.52,5.512960,5.352000,0.134500,0.026461,synthetic_chat_design_preset
53.53,5.513668,5.353000,0.138331,0.022337,synthetic_chat_design_preset
53.54,5.513386,5.354000,0.140647,0.018739,synthetic_chat_design_preset
53.55,5.512046,5.355000,0.141421,0.015625,synthetic_chat_design_preset
53.56,5.509595,5.356000,0.140647,0.012948,synthetic_chat_design_preset
53.57,5.505995,5.357000,0.138331,0.010664,synthetic_chat_design_preset
53.58,5.501229,5.358000,0.134500,0.008729,synthetic_chat_design_preset
53.59,5.495296,5.359000,0.129195,0.007101,synthetic_chat_design_preset
53.60,5.488216,5.360000,0.122474,0.005741,synthetic_chat_design_preset
53.61,5.480026,5.361000,0.114412,0.004613,synthetic_chat_design_preset
53.62,5.470781,5.362000,0.105097,0.003684,synthetic_chat_design_preset
53.63,5.460553,5.363000,0.094629,0.002924,synthetic_chat_design_preset
53.64,5.449432,5.364000,0.083125,0.002307,synthetic_chat_design_preset
53.65,5.437519,5.365000,0.070711,0.001808,synthetic_chat_design_preset
53.66,5.424930,5.366000,0.057521,0.001409,synthetic_chat_design_preset
53.67,5.411793,5.367000,0.043702,0.001091,synthetic_chat_design_preset
53.68,5.398243,5.368000,0.029403,0.000840,synthetic_chat_design_preset
53.69,5.384425,5.369000,0.014783,0.000642,synthetic_chat_design_preset
53.70,5.370488,5.370000,-0.000000,0.000488,synthetic_chat_design_preset
53.71,5.356586,5.371000,-0.014783,0.000369,synthetic_chat_design_preset
53.72,5.342874,5.372000,-0.029403,0.000277,synthetic_chat_design_preset
53.73,5.329505,5.373000,-0.043702,0.000207,synthetic_chat_design_preset
53.74,5.316632,5.374000,-0.057521,0.000153,synthetic_chat_design_preset
53.75,5.304402,5.375000,-0.070711,0.000113,synthetic_chat_design_preset
53.76,5.292875,5.376000,-0.083125,0.000000,synthetic_chat_design_preset
53.77,5.282371,5.377000,-0.094629,0.000000,synthetic_chat_design_preset
53.78,5.272903,5.378000,-0.105097,0.000000,synthetic_chat_design_preset
53.79,5.264588,5.379000,-0.114412,0.000000,synthetic_chat_design_preset
53.80,5.257526,5.380000,-0.122474,0.000000,synthetic_chat_design_preset
53.81,5.251805,5.381000,-0.129195,0.000000,synthetic_chat_design_preset
53.82,5.247500,5.382000,-0.134500,0.000000,synthetic_chat_design_preset
53.83,5.244669,5.383000,-0.138331,0.000000,synthetic_chat_design_preset
53.84,5.243353,5.384000,-0.140647,0.000000,synthetic_chat_design_preset
53.85,5.243579,5.385000,-0.141421,0.000000,synthetic_chat_design_preset
53.86,5.245353,5.386000,-0.140647,0.000000,synthetic_chat_design_preset
53.87,5.248669,5.387000,-0.138331,0.000000,synthetic_chat_design_preset
53.88,5.253500,5.388000,-0.134500,0.000000,synthetic_chat_design_preset
53.89,5.259805,5.389000,-0.129195,0.000000,synthetic_chat_design_preset
53.90,5.267526,5.390000,-0.122474,0.000000,synthetic_chat_design_preset
53.91,5.276588,5.391000,-0.114412,0.000000,synthetic_chat_design_preset
53.92,5.286903,5.392000,-0.105097,0.000000,synthetic_chat_design_preset
53.93,5.298371,5.393000,-0.094629,0.000000,synthetic_chat_design_preset
53.94,5.310875,5.394000,-0.083125,0.000000,synthetic_chat_design_preset
53.95,5.324289,5.395000,-0.070711,0.000000,synthetic_chat_design_preset
53.96,5.338479,5.396000,-0.057521,0.000000,synthetic_chat_design_preset
53.97,5.353298,5.397000,-0.043702,0.000000,synthetic_chat_design_preset
53.98,5.368597,5.398000,-0.029403,0.000000,synthetic_chat_design_preset
53.99,5.384217,5.399000,-0.014783,0.000000,synthetic_chat_design_preset
54.00,5.400000,5.400000,-0.000000,0.000000,synthetic_chat_design_preset
54.01,5.415783,5.401000,0.014783,0.000000,synthetic_chat_design_preset
54.02,5.431403,5.402000,0.029403,0.000000,synthetic_chat_design_preset
54.03,5.446702,5.403000,0.043702,0.000000,synthetic_chat_design_preset
54.04,5.461521,5.404000,0.057521,0.000000,synthetic_chat_design_preset
54.05,5.475711,5.405000,0.070711,0.000000,synthetic_chat_design_preset
54.06,5.489125,5.406000,0.083125,0.000000,synthetic_chat_design_preset
54.07,5.501629,5.407000,0.094629,0.000000,synthetic_chat_design_preset
54.08,5.513097,5.408000,0.105097,0.000000,synthetic_chat_design_preset
54.09,5.523412,5.409000,0.114412,0.000000,synthetic_chat_design_preset
54.10,5.532474,5.410000,0.122474,0.000000,synthetic_chat_design_preset
54.11,5.540195,5.411000,0.129195,0.000000,synthetic_chat_design_preset
54.12,5.546500,5.412000,0.134500,0.000000,synthetic_chat_design_preset
54.13,5.551331,5.413000,0.138331,0.000000,synthetic_chat_design_preset
54.14,5.554647,5.414000,0.140647,0.000000,synthetic_chat_design_preset
54.15,5.556421,5.415000,0.141421,0.000000,synthetic_chat_design_preset
54.16,5.556647,5.416000,0.140647,0.000000,synthetic_chat_design_preset
54.17,5.555331,5.417000,0.138331,0.000000,synthetic_chat_design_preset
54.18,5.552500,5.418000,0.134500,0.000000,synthetic_chat_design_preset
54.19,5.548195,5.419000,0.129195,0.000000,synthetic_chat_design_preset
54.20,5.542474,5.420000,0.122474,0.000000,synthetic_chat_design_preset
54.21,5.535412,5.421000,0.114412,0.000000,synthetic_chat_design_preset
54.22,5.527097,5.422000,0.105097,0.000000,synthetic_chat_design_preset
54.23,5.517629,5.423000,0.094629,0.000000,synthetic_chat_design_preset
54.24,5.507208,5.424000,0.083125,0.000083,synthetic_chat_design_preset
54.25,5.495824,5.425000,0.070711,0.000113,synthetic_chat_design_preset
54.26,5.483675,5.426000,0.057521,0.000153,synthetic_chat_design_preset
54.27,5.470908,5.427000,0.043702,0.000207,synthetic_chat_design_preset
54.28,5.457680,5.428000,0.029403,0.000277,synthetic_chat_design_preset
54.29,5.444151,5.429000,0.014783,0.000369,synthetic_chat_design_preset
54.30,5.430488,5.430000,-0.000000,0.000488,synthetic_chat_design_preset
54.31,5.416860,5.431000,-0.014783,0.000642,synthetic_chat_design_preset
54.32,5.403437,5.432000,-0.029403,0.000840,synthetic_chat_design_preset
54.33,5.390389,5.433000,-0.043702,0.001091,synthetic_chat_design_preset
54.34,5.377888,5.434000,-0.057521,0.001409,synthetic_chat_design_preset
54.35,5.366098,5.435000,-0.070711,0.001808,synthetic_chat_design_preset
54.36,5.355181,5.436000,-0.083125,0.002307,synthetic_chat_design_preset
54.37,5.345295,5.437000,-0.094629,0.002924,synthetic_chat_design_preset
54.38,5.336588,5.438000,-0.105097,0.003684,synthetic_chat_design_preset
54.39,5.329201,5.439000,-0.114412,0.004613,synthetic_chat_design_preset
54.40,5.323267,5.440000,-0.122474,0.005741,synthetic_chat_design_preset
54.41,5.318906,5.441000,-0.129195,0.007101,synthetic_chat_design_preset
54.42,5.316229,5.442000,-0.134500,0.008729,synthetic_chat_design_preset
54.43,5.315333,5.443000,-0.138331,0.010664,synthetic_chat_design_preset
54.44,5.316302,5.444000,-0.140647,0.012948,synthetic_chat_design_preset
54.45,5.319204,5.445000,-0.141421,0.015625,synthetic_chat_design_preset
54.46,5.324093,5.446000,-0.140647,0.018739,synthetic_chat_design_preset
54.47,5.331006,5.447000,-0.138331,0.022337,synthetic_chat_design_preset
54.48,5.339961,5.448000,-0.134500,0.026461,synthetic_chat_design_preset
54.49,5.350959,5.449000,-0.129195,0.031154,synthetic_chat_design_preset
54.50,5.363980,5.450000,-0.122474,0.036454,synthetic_chat_design_preset
54.51,5.378982,5.451000,-0.114412,0.042394,synthetic_chat_design_preset
54.52,5.395902,5.452000,-0.105097,0.048999,synthetic_chat_design_preset
54.53,5.414655,5.453000,-0.094629,0.056285,synthetic_chat_design_preset
54.54,5.435132,5.454000,-0.083125,0.064257,synthetic_chat_design_preset
54.55,5.457197,5.455000,-0.070711,0.072908,synthetic_chat_design_preset
54.56,5.480694,5.456000,-0.057521,0.082216,synthetic_chat_design_preset
54.57,5.505440,5.457000,-0.043702,0.092142,synthetic_chat_design_preset
54.58,5.531229,5.458000,-0.029403,0.102632,synthetic_chat_design_preset
54.59,5.557832,5.459000,-0.014783,0.113615,synthetic_chat_design_preset
54.60,5.585000,5.460000,-0.000000,0.125000,synthetic_chat_design_preset
54.61,5.612464,5.461000,0.014783,0.136681,synthetic_chat_design_preset
54.62,5.639940,5.462000,0.029403,0.148536,synthetic_chat_design_preset
54.63,5.667130,5.463000,0.043702,0.160428,synthetic_chat_design_preset
54.64,5.693729,5.464000,0.057521,0.172208,synthetic_chat_design_preset
54.65,5.719427,5.465000,0.070711,0.183717,synthetic_chat_design_preset
54.66,5.743917,5.466000,0.083125,0.194791,synthetic_chat_design_preset
54.67,5.766894,5.467000,0.094629,0.205264,synthetic_chat_design_preset
54.68,5.788069,5.468000,0.105097,0.214972,synthetic_chat_design_preset
54.69,5.807169,5.469000,0.114412,0.223756,synthetic_chat_design_preset
54.70,5.823943,5.470000,0.122474,0.231469,synthetic_chat_design_preset
54.71,5.838171,5.471000,0.129195,0.237976,synthetic_chat_design_preset
54.72,5.849663,5.472000,0.134500,0.243164,synthetic_chat_design_preset
54.73,5.858269,5.473000,0.138331,0.246938,synthetic_chat_design_preset
54.74,5.863878,5.474000,0.140647,0.249231,synthetic_chat_design_preset
54.75,5.866421,5.475000,0.141421,0.250000,synthetic_chat_design_preset
54.76,5.865878,5.476000,0.140647,0.249231,synthetic_chat_design_preset
54.77,5.862269,5.477000,0.138331,0.246938,synthetic_chat_design_preset
54.78,5.855663,5.478000,0.134500,0.243164,synthetic_chat_design_preset
54.79,5.846171,5.479000,0.129195,0.237976,synthetic_chat_design_preset
54.80,5.833943,5.480000,0.122474,0.231469,synthetic_chat_design_preset
54.81,5.819169,5.481000,0.114412,0.223756,synthetic_chat_design_preset
54.82,5.802069,5.482000,0.105097,0.214972,synthetic_chat_design_preset
54.83,5.782894,5.483000,0.094629,0.205264,synthetic_chat_design_preset
54.84,5.761917,5.484000,0.083125,0.194791,synthetic_chat_design_preset
54.85,5.739427,5.485000,0.070711,0.183717,synthetic_chat_design_preset
54.86,5.715729,5.486000,0.057521,0.172208,synthetic_chat_design_preset
54.87,5.691130,5.487000,0.043702,0.160428,synthetic_chat_design_preset
54.88,5.665940,5.488000,0.029403,0.148536,synthetic_chat_design_preset
54.89,5.640464,5.489000,0.014783,0.136681,synthetic_chat_design_preset
54.90,5.615000,5.490000,0.000000,0.125000,synthetic_chat_design_preset
54.91,5.589832,5.491000,-0.014783,0.113615,synthetic_chat_design_preset
54.92,5.565229,5.492000,-0.029403,0.102632,synthetic_chat_design_preset
54.93,5.541440,5.493000,-0.043702,0.092142,synthetic_chat_design_preset
54.94,5.518694,5.494000,-0.057521,0.082216,synthetic_chat_design_preset
54.95,5.497197,5.495000,-0.070711,0.072908,synthetic_chat_design_preset
54.96,5.477132,5.496000,-0.083125,0.064257,synthetic_chat_design_preset
54.97,5.458655,5.497000,-0.094629,0.056285,synthetic_chat_design_preset
54.98,5.441902,5.498000,-0.105097,0.048999,synthetic_chat_design_preset
54.99,5.426982,5.499000,-0.114412,0.042394,synthetic_chat_design_preset
55.00,5.413980,5.500000,-0.122474,0.036454,synthetic_chat_design_preset
55.01,5.402959,5.501000,-0.129195,0.031154,synthetic_chat_design_preset
55.02,5.393961,5.502000,-0.134500,0.026461,synthetic_chat_design_preset
55.03,5.387006,5.503000,-0.138331,0.022337,synthetic_chat_design_preset
55.04,5.382093,5.504000,-0.140647,0.018739,synthetic_chat_design_preset
55.05,5.379204,5.505000,-0.141421,0.015625,synthetic_chat_design_preset
55.06,5.378302,5.506000,-0.140647,0.012948,synthetic_chat_design_preset
55.07,5.379333,5.507000,-0.138331,0.010664,synthetic_chat_design_preset
55.08,5.382229,5.508000,-0.134500,0.008729,synthetic_chat_design_preset
55.09,5.386906,5.509000,-0.129195,0.007101,synthetic_chat_design_preset
55.10,5.393267,5.510000,-0.122474,0.005741,synthetic_chat_design_preset
55.11,5.401201,5.511000,-0.114412,0.004613,synthetic_chat_design_preset
55.12,5.410588,5.512000,-0.105097,0.003684,synthetic_chat_design_preset
55.13,5.421295,5.513000,-0.094629,0.002924,synthetic_chat_design_preset
55.14,5.433181,5.514000,-0.083125,0.002307,synthetic_chat_design_preset
55.15,5.446098,5.515000,-0.070711,0.001808,synthetic_chat_design_preset
55.16,5.459888,5.516000,-0.057521,0.001409,synthetic_chat_design_preset
55.17,5.474389,5.517000,-0.043702,0.001091,synthetic_chat_design_preset
55.18,5.489437,5.518000,-0.029403,0.000840,synthetic_chat_design_preset
55.19,5.504860,5.519000,-0.014783,0.000642,synthetic_chat_design_preset
55.20,5.520488,5.520000,0.000000,0.000488,synthetic_chat_design_preset
55.21,5.536151,5.521000,0.014783,0.000369,synthetic_chat_design_preset
55.22,5.551680,5.522000,0.029403,0.000277,synthetic_chat_design_preset
55.23,5.566908,5.523000,0.043702,0.000207,synthetic_chat_design_preset
55.24,5.581675,5.524000,0.057521,0.000153,synthetic_chat_design_preset
55.25,5.595824,5.525000,0.070711,0.000113,synthetic_chat_design_preset
55.26,5.609125,5.526000,0.083125,0.000000,synthetic_chat_design_preset
55.27,5.621629,5.527000,0.094629,0.000000,synthetic_chat_design_preset
55.28,5.633097,5.528000,0.105097,0.000000,synthetic_chat_design_preset
55.29,5.643412,5.529000,0.114412,0.000000,synthetic_chat_design_preset
55.30,5.652474,5.530000,0.122474,0.000000,synthetic_chat_design_preset
55.31,5.660195,5.531000,0.129195,0.000000,synthetic_chat_design_preset
55.32,5.666500,5.532000,0.134500,0.000000,synthetic_chat_design_preset
55.33,5.671331,5.533000,0.138331,0.000000,synthetic_chat_design_preset
55.34,5.674647,5.534000,0.140647,0.000000,synthetic_chat_design_preset
55.35,5.676421,5.535000,0.141421,0.000000,synthetic_chat_design_preset
55.36,5.676647,5.536000,0.140647,0.000000,synthetic_chat_design_preset
55.37,5.675331,5.537000,0.138331,0.000000,synthetic_chat_design_preset
55.38,5.672500,5.538000,0.134500,0.000000,synthetic_chat_design_preset
55.39,5.668195,5.539000,0.129195,0.000000,synthetic_chat_design_preset
55.40,5.662474,5.540000,0.122474,0.000000,synthetic_chat_design_preset
55.41,5.655412,5.541000,0.114412,0.000000,synthetic_chat_design_preset
55.42,5.647097,5.542000,0.105097,0.000000,synthetic_chat_design_preset
55.43,5.637629,5.543000,0.094629,0.000000,synthetic_chat_design_preset
55.44,5.627125,5.544000,0.083125,0.000000,synthetic_chat_design_preset
55.45,5.615711,5.545000,0.070711,0.000000,synthetic_chat_design_preset
55.46,5.603521,5.546000,0.057521,0.000000,synthetic_chat_design_preset
55.47,5.590702,5.547000,0.043702,0.000000,synthetic_chat_design_preset
55.48,5.577403,5.548000,0.029403,0.000000,synthetic_chat_design_preset
55.49,5.563783,5.549000,0.014783,0.000000,synthetic_chat_design_preset
55.50,5.550000,5.550000,-0.000000,0.000000,synthetic_chat_design_preset
55.51,5.536217,5.551000,-0.014783,0.000000,synthetic_chat_design_preset
55.52,5.522597,5.552000,-0.029403,0.000000,synthetic_chat_design_preset
55.53,5.509298,5.553000,-0.043702,0.000000,synthetic_chat_design_preset
55.54,5.496479,5.554000,-0.057521,0.000000,synthetic_chat_design_preset
55.55,5.484289,5.555000,-0.070711,0.000000,synthetic_chat_design_preset
55.56,5.472875,5.556000,-0.083125,0.000000,synthetic_chat_design_preset
55.57,5.462371,5.557000,-0.094629,0.000000,synthetic_chat_design_preset
55.58,5.452903,5.558000,-0.105097,0.000000,synthetic_chat_design_preset
55.59,5.444588,5.559000,-0.114412,0.000000,synthetic_chat_design_preset
55.60,5.437526,5.560000,-0.122474,0.000000,synthetic_chat_design_preset
55.61,5.431805,5.561000,-0.129195,0.000000,synthetic_chat_design_preset
55.62,5.427500,5.562000,-0.134500,0.000000,synthetic_chat_design_preset
55.63,5.424669,5.563000,-0.138331,0.000000,synthetic_chat_design_preset
55.64,5.423353,5.564000,-0.140647,0.000000,synthetic_chat_design_preset
55.65,5.423579,5.565000,-0.141421,0.000000,synthetic_chat_design_preset
55.66,5.425353,5.566000,-0.140647,0.000000,synthetic_chat_design_preset
55.67,5.428669,5.567000,-0.138331,0.000000,synthetic_chat_design_preset
55.68,5.433500,5.568000,-0.134500,0.000000,synthetic_chat_design_preset
55.69,5.439805,5.569000,-0.129195,0.000000,synthetic_chat_design_preset
55.70,5.447526,5.570000,-0.122474,0.000000,synthetic_chat_design_preset
55.71,5.456588,5.571000,-0.114412,0.000000,synthetic_chat_design_preset
55.72,5.466903,5.572000,-0.105097,0.000000,synthetic_chat_design_preset
55.73,5.478371,5.573000,-0.094629,0.000000,synthetic_chat_design_preset
55.74,5.490957,5.574000,-0.083125,0.000083,synthetic_chat_design_preset
55.75,5.504402,5.575000,-0.070711,0.000113,synthetic_chat_design_preset
55.76,5.518632,5.576000,-0.057521,0.000153,synthetic_chat_design_preset
55.77,5.533505,5.577000,-0.043702,0.000207,synthetic_chat_design_preset
55.78,5.548874,5.578000,-0.029403,0.000277,synthetic_chat_design_preset
55.79,5.564586,5.579000,-0.014783,0.000369,synthetic_chat_design_preset
55.80,5.580488,5.580000,0.000000,0.000488,synthetic_chat_design_preset
55.81,5.596425,5.581000,0.014783,0.000642,synthetic_chat_design_preset
55.82,5.612243,5.582000,0.029403,0.000840,synthetic_chat_design_preset
55.83,5.627793,5.583000,0.043702,0.001091,synthetic_chat_design_preset
55.84,5.642930,5.584000,0.057521,0.001409,synthetic_chat_design_preset
55.85,5.657519,5.585000,0.070711,0.001808,synthetic_chat_design_preset
55.86,5.671432,5.586000,0.083125,0.002307,synthetic_chat_design_preset
55.87,5.684553,5.587000,0.094629,0.002924,synthetic_chat_design_preset
55.88,5.696781,5.588000,0.105097,0.003684,synthetic_chat_design_preset
55.89,5.708026,5.589000,0.114412,0.004613,synthetic_chat_design_preset
55.90,5.718216,5.590000,0.122474,0.005741,synthetic_chat_design_preset
55.91,5.727296,5.591000,0.129195,0.007101,synthetic_chat_design_preset
55.92,5.735229,5.592000,0.134500,0.008729,synthetic_chat_design_preset
55.93,5.741995,5.593000,0.138331,0.010664,synthetic_chat_design_preset
55.94,5.747595,5.594000,0.140647,0.012948,synthetic_chat_design_preset
55.95,5.752046,5.595000,0.141421,0.015625,synthetic_chat_design_preset
55.96,5.755386,5.596000,0.140647,0.018739,synthetic_chat_design_preset
55.97,5.757668,5.597000,0.138331,0.022337,synthetic_chat_design_preset
55.98,5.758960,5.598000,0.134500,0.026461,synthetic_chat_design_preset
55.99,5.759349,5.599000,0.129195,0.031154,synthetic_chat_design_preset
56.00,5.758929,5.600000,0.122474,0.036454,synthetic_chat_design_preset
56.01,5.757806,5.601000,0.114412,0.042394,synthetic_chat_design_preset
56.02,5.756095,5.602000,0.105097,0.048999,synthetic_chat_design_preset
56.03,5.753914,5.603000,0.094629,0.056285,synthetic_chat_design_preset
56.04,5.751383,5.604000,0.083125,0.064257,synthetic_chat_design_preset
56.05,5.748619,5.605000,0.070711,0.072908,synthetic_chat_design_preset
56.06,5.745737,5.606000,0.057521,0.082216,synthetic_chat_design_preset
56.07,5.742843,5.607000,0.043702,0.092142,synthetic_chat_design_preset
56.08,5.740035,5.608000,0.029403,0.102632,synthetic_chat_design_preset
56.09,5.737397,5.609000,0.014783,0.113615,synthetic_chat_design_preset
56.10,5.735000,5.610000,-0.000000,0.125000,synthetic_chat_design_preset
56.11,5.732899,5.611000,-0.014783,0.136681,synthetic_chat_design_preset
56.12,5.731133,5.612000,-0.029403,0.148536,synthetic_chat_design_preset
56.13,5.729727,5.613000,-0.043702,0.160428,synthetic_chat_design_preset
56.14,5.728687,5.614000,-0.057521,0.172208,synthetic_chat_design_preset
56.15,5.728006,5.615000,-0.070711,0.183717,synthetic_chat_design_preset
56.16,5.727666,5.616000,-0.083125,0.194791,synthetic_chat_design_preset
56.17,5.727635,5.617000,-0.094629,0.205264,synthetic_chat_design_preset
56.18,5.727876,5.618000,-0.105097,0.214972,synthetic_chat_design_preset
56.19,5.728344,5.619000,-0.114412,0.223756,synthetic_chat_design_preset
56.20,5.728994,5.620000,-0.122474,0.231469,synthetic_chat_design_preset
56.21,5.729781,5.621000,-0.129195,0.237976,synthetic_chat_design_preset
56.22,5.730664,5.622000,-0.134500,0.243164,synthetic_chat_design_preset
56.23,5.731607,5.623000,-0.138331,0.246938,synthetic_chat_design_preset
56.24,5.732584,5.624000,-0.140647,0.249231,synthetic_chat_design_preset
56.25,5.733579,5.625000,-0.141421,0.250000,synthetic_chat_design_preset
56.26,5.734584,5.626000,-0.140647,0.249231,synthetic_chat_design_preset
56.27,5.735607,5.627000,-0.138331,0.246938,synthetic_chat_design_preset
56.28,5.736664,5.628000,-0.134500,0.243164,synthetic_chat_design_preset
56.29,5.737781,5.629000,-0.129195,0.237976,synthetic_chat_design_preset
56.30,5.738994,5.630000,-0.122474,0.231469,synthetic_chat_design_preset
56.31,5.740344,5.631000,-0.114412,0.223756,synthetic_chat_design_preset
56.32,5.741876,5.632000,-0.105097,0.214972,synthetic_chat_design_preset
56.33,5.743635,5.633000,-0.094629,0.205264,synthetic_chat_design_preset
56.34,5.745666,5.634000,-0.083125,0.194791,synthetic_chat_design_preset
56.35,5.748006,5.635000,-0.070711,0.183717,synthetic_chat_design_preset
56.36,5.750687,5.636000,-0.057521,0.172208,synthetic_chat_design_preset
56.37,5.753727,5.637000,-0.043702,0.160428,synthetic_chat_design_preset
56.38,5.757133,5.638000,-0.029403,0.148536,synthetic_chat_design_preset
56.39,5.760899,5.639000,-0.014783,0.136681,synthetic_chat_design_preset
56.40,5.765000,5.640000,0.000000,0.125000,synthetic_chat_design_preset
56.41,5.769397,5.641000,0.014783,0.113615,synthetic_chat_design_preset
56.42,5.774035,5.642000,0.029403,0.102632,synthetic_chat_design_preset
56.43,5.778843,5.643000,0.043702,0.092142,synthetic_chat_design_preset
56.44,5.783737,5.644000,0.057521,0.082216,synthetic_chat_design_preset
56.45,5.788619,5.645000,0.070711,0.072908,synthetic_chat_design_preset
56.46,5.793383,5.646000,0.083125,0.064257,synthetic_chat_design_preset
56.47,5.797914,5.647000,0.094629,0.056285,synthetic_chat_design_preset
56.48,5.802095,5.648000,0.105097,0.048999,synthetic_chat_design_preset
56.49,5.805806,5.649000,0.114412,0.042394,synthetic_chat_design_preset
56.50,5.808929,5.650000,0.122474,0.036454,synthetic_chat_design_preset
56.51,5.811349,5.651000,0.129195,0.031154,synthetic_chat_design_preset
56.52,5.812960,5.652000,0.134500,0.026461,synthetic_chat_design_preset
56.53,5.813668,5.653000,0.138331,0.022337,synthetic_chat_design_preset
56.54,5.813386,5.654000,0.140647,0.018739,synthetic_chat_design_preset
56.55,5.812046,5.655000,0.141421,0.015625,synthetic_chat_design_preset
56.56,5.809595,5.656000,0.140647,0.012948,synthetic_chat_design_preset
56.57,5.805995,5.657000,0.138331,0.010664,synthetic_chat_design_preset
56.58,5.801229,5.658000,0.134500,0.008729,synthetic_chat_design_preset
56.59,5.795296,5.659000,0.129195,0.007101,synthetic_chat_design_preset
56.60,5.788216,5.660000,0.122474,0.005741,synthetic_chat_design_preset
56.61,5.780026,5.661000,0.114412,0.004613,synthetic_chat_design_preset
56.62,5.770781,5.662000,0.105097,0.003684,synthetic_chat_design_preset
56.63,5.760553,5.663000,0.094629,0.002924,synthetic_chat_design_preset
56.64,5.749432,5.664000,0.083125,0.002307,synthetic_chat_design_preset
56.65,5.737519,5.665000,0.070711,0.001808,synthetic_chat_design_preset
56.66,5.724930,5.666000,0.057521,0.001409,synthetic_chat_design_preset
56.67,5.711793,5.667000,0.043702,0.001091,synthetic_chat_design_preset
56.68,5.698243,5.668000,0.029403,0.000840,synthetic_chat_design_preset
56.69,5.684425,5.669000,0.014783,0.000642,synthetic_chat_design_preset
56.70,5.670488,5.670000,-0.000000,0.000488,synthetic_chat_design_preset
56.71,5.656586,5.671000,-0.014783,0.000369,synthetic_chat_design_preset
56.72,5.642874,5.672000,-0.029403,0.000277,synthetic_chat_design_preset
56.73,5.629505,5.673000,-0.043702,0.000207,synthetic_chat_design_preset
56.74,5.616632,5.674000,-0.057521,0.000153,synthetic_chat_design_preset
56.75,5.604402,5.675000,-0.070711,0.000113,synthetic_chat_design_preset
56.76,5.592875,5.676000,-0.083125,0.000000,synthetic_chat_design_preset
56.77,5.582371,5.677000,-0.094629,0.000000,synthetic_chat_design_preset
56.78,5.572903,5.678000,-0.105097,0.000000,synthetic_chat_design_preset
56.79,5.564588,5.679000,-0.114412,0.000000,synthetic_chat_design_preset
56.80,5.557526,5.680000,-0.122474,0.000000,synthetic_chat_design_preset
56.81,5.551805,5.681000,-0.129195,0.000000,synthetic_chat_design_preset
56.82,5.547500,5.682000,-0.134500,0.000000,synthetic_chat_design_preset
56.83,5.544669,5.683000,-0.138331,0.000000,synthetic_chat_design_preset
56.84,5.543353,5.684000,-0.140647,0.000000,synthetic_chat_design_preset
56.85,5.543579,5.685000,-0.141421,0.000000,synthetic_chat_design_preset
56.86,5.545353,5.686000,-0.140647,0.000000,synthetic_chat_design_preset
56.87,5.548669,5.687000,-0.138331,0.000000,synthetic_chat_design_preset
56.88,5.553500,5.688000,-0.134500,0.000000,synthetic_chat_design_preset
56.89,5.559805,5.689000,-0.129195,0.000000,synthetic_chat_design_preset
56.90,5.567526,5.690000,-0.122474,0.000000,synthetic_chat_design_preset
56.91,5.576588,5.691000,-0.114412,0.000000,synthetic_chat_design_preset
56.92,5.586903,5.692000,-0.105097,0.000000,synthetic_chat_design_preset
56.93,5.598371,5.693000,-0.094629,0.000000,synthetic_chat_design_preset
56.94,5.610875,5.694000,-0.083125,0.000000,synthetic_chat_design_preset
56.95,5.624289,5.695000,-0.070711,0.000000,synthetic_chat_design_preset
56.96,5.638479,5.696000,-0.057521,0.000000,synthetic_chat_design_preset
56.97,5.653298,5.697000,-0.043702,0.000000,synthetic_chat_design_preset
56.98,5.668597,5.698000,-0.029403,0.000000,synthetic_chat_design_preset
56.99,5.684217,5.699000,-0.014783,0.000000,synthetic_chat_design_preset
57.00,5.700000,5.700000,-0.000000,0.000000,synthetic_chat_design_preset
57.01,5.715783,5.701000,0.014783,0.000000,synthetic_chat_design_preset
57.02,5.731403,5.702000,0.029403,0.000000,synthetic_chat_design_preset
57.03,5.746702,5.703000,0.043702,0.000000,synthetic_chat_design_preset
57.04,5.761521,5.704000,0.057521,0.000000,synthetic_chat_design_preset
57.05,5.775711,5.705000,0.070711,0.000000,synthetic_chat_design_preset
57.06,5.789125,5.706000,0.083125,0.000000,synthetic_chat_design_preset
57.07,5.801629,5.707000,0.094629,0.000000,synthetic_chat_design_preset
57.08,5.813097,5.708000,0.105097,0.000000,synthetic_chat_design_preset
57.09,5.823412,5.709000,0.114412,0.000000,synthetic_chat_design_preset
57.10,5.832474,5.710000,0.122474,0.000000,synthetic_chat_design_preset
57.11,5.840195,5.711000,0.129195,0.000000,synthetic_chat_design_preset
57.12,5.846500,5.712000,0.134500,0.000000,synthetic_chat_design_preset
57.13,5.851331,5.713000,0.138331,0.000000,synthetic_chat_design_preset
57.14,5.854647,5.714000,0.140647,0.000000,synthetic_chat_design_preset
57.15,5.856421,5.715000,0.141421,0.000000,synthetic_chat_design_preset
57.16,5.856647,5.716000,0.140647,0.000000,synthetic_chat_design_preset
57.17,5.855331,5.717000,0.138331,0.000000,synthetic_chat_design_preset
57.18,5.852500,5.718000,0.134500,0.000000,synthetic_chat_design_preset
57.19,5.848195,5.719000,0.129195,0.000000,synthetic_chat_design_preset
57.20,5.842474,5.720000,0.122474,0.000000,synthetic_chat_design_preset
57.21,5.835412,5.721000,0.114412,0.000000,synthetic_chat_design_preset
57.22,5.827097,5.722000,0.105097,0.000000,synthetic_chat_design_preset
57.23,5.817629,5.723000,0.094629,0.000000,synthetic_chat_design_preset
57.24,5.807208,5.724000,0.083125,0.000083,synthetic_chat_design_preset
57.25,5.795824,5.725000,0.070711,0.000113,synthetic_chat_design_preset
57.26,5.783675,5.726000,0.057521,0.000153,synthetic_chat_design_preset
57.27,5.770908,5.727000,0.043702,0.000207,synthetic_chat_design_preset
57.28,5.757680,5.728000,0.029403,0.000277,synthetic_chat_design_preset
57.29,5.744151,5.729000,0.014783,0.000369,synthetic_chat_design_preset
57.30,5.730488,5.730000,0.000000,0.000488,synthetic_chat_design_preset
57.31,5.716860,5.731000,-0.014783,0.000642,synthetic_chat_design_preset
57.32,5.703437,5.732000,-0.029403,0.000840,synthetic_chat_design_preset
57.33,5.690389,5.733000,-0.043702,0.001091,synthetic_chat_design_preset
57.34,5.677888,5.734000,-0.057521,0.001409,synthetic_chat_design_preset
57.35,5.666098,5.735000,-0.070711,0.001808,synthetic_chat_design_preset
57.36,5.655181,5.736000,-0.083125,0.002307,synthetic_chat_design_preset
57.37,5.645295,5.737000,-0.094629,0.002924,synthetic_chat_design_preset
57.38,5.636588,5.738000,-0.105097,0.003684,synthetic_chat_design_preset
57.39,5.629201,5.739000,-0.114412,0.004613,synthetic_chat_design_preset
57.40,5.623267,5.740000,-0.122474,0.005741,synthetic_chat_design_preset
57.41,5.618906,5.741000,-0.129195,0.007101,synthetic_chat_design_preset
57.42,5.616229,5.742000,-0.134500,0.008729,synthetic_chat_design_preset
57.43,5.615333,5.743000,-0.138331,0.010664,synthetic_chat_design_preset
57.44,5.616302,5.744000,-0.140647,0.012948,synthetic_chat_design_preset
57.45,5.619204,5.745000,-0.141421,0.015625,synthetic_chat_design_preset
57.46,5.624093,5.746000,-0.140647,0.018739,synthetic_chat_design_preset
57.47,5.631006,5.747000,-0.138331,0.022337,synthetic_chat_design_preset
57.48,5.639961,5.748000,-0.134500,0.026461,synthetic_chat_design_preset
57.49,5.650959,5.749000,-0.129195,0.031154,synthetic_chat_design_preset
57.50,5.663980,5.750000,-0.122474,0.036454,synthetic_chat_design_preset
57.51,5.678982,5.751000,-0.114412,0.042394,synthetic_chat_design_preset
57.52,5.695902,5.752000,-0.105097,0.048999,synthetic_chat_design_preset
57.53,5.714655,5.753000,-0.094629,0.056285,synthetic_chat_design_preset
57.54,5.735132,5.754000,-0.083125,0.064257,synthetic_chat_design_preset
57.55,5.757197,5.755000,-0.070711,0.072908,synthetic_chat_design_preset
57.56,5.780694,5.756000,-0.057521,0.082216,synthetic_chat_design_preset
57.57,5.805440,5.757000,-0.043702,0.092142,synthetic_chat_design_preset
57.58,5.831229,5.758000,-0.029403,0.102632,synthetic_chat_design_preset
57.59,5.857832,5.759000,-0.014783,0.113615,synthetic_chat_design_preset
57.60,5.885000,5.760000,-0.000000,0.125000,synthetic_chat_design_preset
57.61,5.912464,5.761000,0.014783,0.136681,synthetic_chat_design_preset
57.62,5.939940,5.762000,0.029403,0.148536,synthetic_chat_design_preset
57.63,5.967130,5.763000,0.043702,0.160428,synthetic_chat_design_preset
57.64,5.993729,5.764000,0.057521,0.172208,synthetic_chat_design_preset
57.65,6.019427,5.765000,0.070711,0.183717,synthetic_chat_design_preset
57.66,6.043917,5.766000,0.083125,0.194791,synthetic_chat_design_preset
57.67,6.066894,5.767000,0.094629,0.205264,synthetic_chat_design_preset
57.68,6.088069,5.768000,0.105097,0.214972,synthetic_chat_design_preset
57.69,6.107169,5.769000,0.114412,0.223756,synthetic_chat_design_preset
57.70,6.123943,5.770000,0.122474,0.231469,synthetic_chat_design_preset
57.71,6.138171,5.771000,0.129195,0.237976,synthetic_chat_design_preset
57.72,6.149663,5.772000,0.134500,0.243164,synthetic_chat_design_preset
57.73,6.158269,5.773000,0.138331,0.246938,synthetic_chat_design_preset
57.74,6.163878,5.774000,0.140647,0.249231,synthetic_chat_design_preset
57.75,6.166421,5.775000,0.141421,0.250000,synthetic_chat_design_preset
57.76,6.165878,5.776000,0.140647,0.249231,synthetic_chat_design_preset
57.77,6.162269,5.777000,0.138331,0.246938,synthetic_chat_design_preset
57.78,6.155663,5.778000,0.134500,0.243164,synthetic_chat_design_preset
57.79,6.146171,5.779000,0.129195,0.237976,synthetic_chat_design_preset
57.80,6.133943,5.780000,0.122474,0.231469,synthetic_chat_design_preset
57.81,6.119169,5.781000,0.114412,0.223756,synthetic_chat_design_preset
57.82,6.102069,5.782000,0.105097,0.214972,synthetic_chat_design_preset
57.83,6.082894,5.783000,0.094629,0.205264,synthetic_chat_design_preset
57.84,6.061917,5.784000,0.083125,0.194791,synthetic_chat_design_preset
57.85,6.039427,5.785000,0.070711,0.183717,synthetic_chat_design_preset
57.86,6.015729,5.786000,0.057521,0.172208,synthetic_chat_design_preset
57.87,5.991130,5.787000,0.043702,0.160428,synthetic_chat_design_preset
57.88,5.965940,5.788000,0.029403,0.148536,synthetic_chat_design_preset
57.89,5.940464,5.789000,0.014783,0.136681,synthetic_chat_design_preset
57.90,5.915000,5.790000,0.000000,0.125000,synthetic_chat_design_preset
57.91,5.889832,5.791000,-0.014783,0.113615,synthetic_chat_design_preset
57.92,5.865229,5.792000,-0.029403,0.102632,synthetic_chat_design_preset
57.93,5.841440,5.793000,-0.043702,0.092142,synthetic_chat_design_preset
57.94,5.818694,5.794000,-0.057521,0.082216,synthetic_chat_design_preset
57.95,5.797197,5.795000,-0.070711,0.072908,synthetic_chat_design_preset
57.96,5.777132,5.796000,-0.083125,0.064257,synthetic_chat_design_preset
57.97,5.758655,5.797000,-0.094629,0.056285,synthetic_chat_design_preset
57.98,5.741902,5.798000,-0.105097,0.048999,synthetic_chat_design_preset
57.99,5.726982,5.799000,-0.114412,0.042394,synthetic_chat_design_preset
58.00,5.713980,5.800000,-0.122474,0.036454,synthetic_chat_design_preset
58.01,5.702959,5.801000,-0.129195,0.031154,synthetic_chat_design_preset
58.02,5.693961,5.802000,-0.134500,0.026461,synthetic_chat_design_preset
58.03,5.687006,5.803000,-0.138331,0.022337,synthetic_chat_design_preset
58.04,5.682093,5.804000,-0.140647,0.018739,synthetic_chat_design_preset
58.05,5.679204,5.805000,-0.141421,0.015625,synthetic_chat_design_preset
58.06,5.678302,5.806000,-0.140647,0.012948,synthetic_chat_design_preset
58.07,5.679333,5.807000,-0.138331,0.010664,synthetic_chat_design_preset
58.08,5.682229,5.808000,-0.134500,0.008729,synthetic_chat_design_preset
58.09,5.686906,5.809000,-0.129195,0.007101,synthetic_chat_design_preset
58.10,5.693267,5.810000,-0.122474,0.005741,synthetic_chat_design_preset
58.11,5.701201,5.811000,-0.114412,0.004613,synthetic_chat_design_preset
58.12,5.710588,5.812000,-0.105097,0.003684,synthetic_chat_design_preset
58.13,5.721295,5.813000,-0.094629,0.002924,synthetic_chat_design_preset
58.14,5.733181,5.814000,-0.083125,0.002307,synthetic_chat_design_preset
58.15,5.746098,5.815000,-0.070711,0.001808,synthetic_chat_design_preset
58.16,5.759888,5.816000,-0.057521,0.001409,synthetic_chat_design_preset
58.17,5.774389,5.817000,-0.043702,0.001091,synthetic_chat_design_preset
58.18,5.789437,5.818000,-0.029403,0.000840,synthetic_chat_design_preset
58.19,5.804860,5.819000,-0.014783,0.000642,synthetic_chat_design_preset
58.20,5.820488,5.820000,0.000000,0.000488,synthetic_chat_design_preset
58.21,5.836151,5.821000,0.014783,0.000369,synthetic_chat_design_preset
58.22,5.851680,5.822000,0.029403,0.000277,synthetic_chat_design_preset
58.23,5.866908,5.823000,0.043702,0.000207,synthetic_chat_design_preset
58.24,5.881675,5.824000,0.057521,0.000153,synthetic_chat_design_preset
58.25,5.895824,5.825000,0.070711,0.000113,synthetic_chat_design_preset
58.26,5.909125,5.826000,0.083125,0.000000,synthetic_chat_design_preset
58.27,5.921629,5.827000,0.094629,0.000000,synthetic_chat_design_preset
58.28,5.933097,5.828000,0.105097,0.000000,synthetic_chat_design_preset
58.29,5.943412,5.829000,0.114412,0.000000,synthetic_chat_design_preset
58.30,5.952474,5.830000,0.122474,0.000000,synthetic_chat_design_preset
58.31,5.960195,5.831000,0.129195,0.000000,synthetic_chat_design_preset
58.32,5.966500,5.832000,0.134500,0.000000,synthetic_chat_design_preset
58.33,5.971331,5.833000,0.138331,0.000000,synthetic_chat_design_preset
58.34,5.974647,5.834000,0.140647,0.000000,synthetic_chat_design_preset
58.35,5.976421,5.835000,0.141421,0.000000,synthetic_chat_design_preset
58.36,5.976647,5.836000,0.140647,0.000000,synthetic_chat_design_preset
58.37,5.975331,5.837000,0.138331,0.000000,synthetic_chat_design_preset
58.38,5.972500,5.838000,0.134500,0.000000,synthetic_chat_design_preset
58.39,5.968195,5.839000,0.129195,0.000000,synthetic_chat_design_preset
58.40,5.962474,5.840000,0.122474,0.000000,synthetic_chat_design_preset
58.41,5.955412,5.841000,0.114412,0.000000,synthetic_chat_design_preset
58.42,5.947097,5.842000,0.105097,0.000000,synthetic_chat_design_preset
58.43,5.937629,5.843000,0.094629,0.000000,synthetic_chat_design_preset
58.44,5.927125,5.844000,0.083125,0.000000,synthetic_chat_design_preset
58.45,5.915711,5.845000,0.070711,0.000000,synthetic_chat_design_preset
58.46,5.903521,5.846000,0.057521,0.000000,synthetic_chat_design_preset
58.47,5.890702,5.847000,0.043702,0.000000,synthetic_chat_design_preset
58.48,5.877403,5.848000,0.029403,0.000000,synthetic_chat_design_preset
58.49,5.863783,5.849000,0.014783,0.000000,synthetic_chat_design_preset
58.50,5.850000,5.850000,-0.000000,0.000000,synthetic_chat_design_preset
58.51,5.836217,5.851000,-0.014783,0.000000,synthetic_chat_design_preset
58.52,5.822597,5.852000,-0.029403,0.000000,synthetic_chat_design_preset
58.53,5.809298,5.853000,-0.043702,0.000000,synthetic_chat_design_preset
58.54,5.796479,5.854000,-0.057521,0.000000,synthetic_chat_design_preset
58.55,5.784289,5.855000,-0.070711,0.000000,synthetic_chat_design_preset
58.56,5.772875,5.856000,-0.083125,0.000000,synthetic_chat_design_preset
58.57,5.762371,5.857000,-0.094629,0.000000,synthetic_chat_design_preset
58.58,5.752903,5.858000,-0.105097,0.000000,synthetic_chat_design_preset
58.59,5.744588,5.859000,-0.114412,0.000000,synthetic_chat_design_preset
58.60,5.737526,5.860000,-0.122474,0.000000,synthetic_chat_design_preset
58.61,5.731805,5.861000,-0.129195,0.000000,synthetic_chat_design_preset
58.62,5.727500,5.862000,-0.134500,0.000000,synthetic_chat_design_preset
58.63,5.724669,5.863000,-0.138331,0.000000,synthetic_chat_design_preset
58.64,5.723353,5.864000,-0.140647,0.000000,synthetic_chat_design_preset
58.65,5.723579,5.865000,-0.141421,0.000000,synthetic_chat_design_preset
58.66,5.725353,5.866000,-0.140647,0.000000,synthetic_chat_design_preset
58.67,5.728669,5.867000,-0.138331,0.000000,synthetic_chat_design_preset
58.68,5.733500,5.868000,-0.134500,0.000000,synthetic_chat_design_preset
58.69,5.739805,5.869000,-0.129195,0.000000,synthetic_chat_design_preset
58.70,5.747526,5.870000,-0.122474,0.000000,synthetic_chat_design_preset
58.71,5.756588,5.871000,-0.114412,0.000000,synthetic_chat_design_preset
58.72,5.766903,5.872000,-0.105097,0.000000,synthetic_chat_design_preset
58.73,5.778371,5.873000,-0.094629,0.000000,synthetic_chat_design_preset
58.74,5.790957,5.874000,-0.083125,0.000083,synthetic_chat_design_preset
58.75,5.804402,5.875000,-0.070711,0.000113,synthetic_chat_design_preset
58.76,5.818632,5.876000,-0.057521,0.000153,synthetic_chat_design_preset
58.77,5.833505,5.877000,-0.043702,0.000207,synthetic_chat_design_preset
58.78,5.848874,5.878000,-0.029403,0.000277,synthetic_chat_design_preset
58.79,5.864586,5.879000,-0.014783,0.000369,synthetic_chat_design_preset
58.80,5.880488,5.880000,0.000000,0.000488,synthetic_chat_design_preset
58.81,5.896425,5.881000,0.014783,0.000642,synthetic_chat_design_preset
58.82,5.912243,5.882000,0.029403,0.000840,synthetic_chat_design_preset
58.83,5.927793,5.883000,0.043702,0.001091,synthetic_chat_design_preset
58.84,5.942930,5.884000,0.057521,0.001409,synthetic_chat_design_preset
58.85,5.957519,5.885000,0.070711,0.001808,synthetic_chat_design_preset
58.86,5.971432,5.886000,0.083125,0.002307,synthetic_chat_design_preset
58.87,5.984553,5.887000,0.094629,0.002924,synthetic_chat_design_preset
58.88,5.996781,5.888000,0.105097,0.003684,synthetic_chat_design_preset
58.89,6.008026,5.889000,0.114412,0.004613,synthetic_chat_design_preset
58.90,6.018216,5.890000,0.122474,0.005741,synthetic_chat_design_preset
58.91,6.027296,5.891000,0.129195,0.007101,synthetic_chat_design_preset
58.92,6.035229,5.892000,0.134500,0.008729,synthetic_chat_design_preset
58.93,6.041995,5.893000,0.138331,0.010664,synthetic_chat_design_preset
58.94,6.047595,5.894000,0.140647,0.012948,synthetic_chat_design_preset
58.95,6.052046,5.895000,0.141421,0.015625,synthetic_chat_design_preset
58.96,6.055386,5.896000,0.140647,0.018739,synthetic_chat_design_preset
58.97,6.057668,5.897000,0.138331,0.022337,synthetic_chat_design_preset
58.98,6.058960,5.898000,0.134500,0.026461,synthetic_chat_design_preset
58.99,6.059349,5.899000,0.129195,0.031154,synthetic_chat_design_preset
59.00,6.058929,5.900000,0.122474,0.036454,synthetic_chat_design_preset
59.01,6.057806,5.901000,0.114412,0.042394,synthetic_chat_design_preset
59.02,6.056095,5.902000,0.105097,0.048999,synthetic_chat_design_preset
59.03,6.053914,5.903000,0.094629,0.056285,synthetic_chat_design_preset
59.04,6.051383,5.904000,0.083125,0.064257,synthetic_chat_design_preset
59.05,6.048619,5.905000,0.070711,0.072908,synthetic_chat_design_preset
59.06,6.045737,5.906000,0.057521,0.082216,synthetic_chat_design_preset
59.07,6.042843,5.907000,0.043702,0.092142,synthetic_chat_design_preset
59.08,6.040035,5.908000,0.029403,0.102632,synthetic_chat_design_preset
59.09,6.037397,5.909000,0.014783,0.113615,synthetic_chat_design_preset
59.10,6.035000,5.910000,-0.000000,0.125000,synthetic_chat_design_preset
59.11,6.032899,5.911000,-0.014783,0.136681,synthetic_chat_design_preset
59.12,6.031133,5.912000,-0.029403,0.148536,synthetic_chat_design_preset
59.13,6.029727,5.913000,-0.043702,0.160428,synthetic_chat_design_preset
59.14,6.028687,5.914000,-0.057521,0.172208,synthetic_chat_design_preset
59.15,6.028006,5.915000,-0.070711,0.183717,synthetic_chat_design_preset
59.16,6.027666,5.916000,-0.083125,0.194791,synthetic_chat_design_preset
59.17,6.027635,5.917000,-0.094629,0.205264,synthetic_chat_design_preset
59.18,6.027876,5.918000,-0.105097,0.214972,synthetic_chat_design_preset
59.19,6.028344,5.919000,-0.114412,0.223756,synthetic_chat_design_preset
59.20,6.028994,5.920000,-0.122474,0.231469,synthetic_chat_design_preset
59.21,6.029781,5.921000,-0.129195,0.237976,synthetic_chat_design_preset
59.22,6.030664,5.922000,-0.134500,0.243164,synthetic_chat_design_preset
59.23,6.031607,5.923000,-0.138331,0.246938,synthetic_chat_design_preset
59.24,6.032584,5.924000,-0.140647,0.249231,synthetic_chat_design_preset
59.25,6.033579,5.925000,-0.141421,0.250000,synthetic_chat_design_preset
59.26,6.034584,5.926000,-0.140647,0.249231,synthetic_chat_design_preset
59.27,6.035607,5.927000,-0.138331,0.246938,synthetic_chat_design_preset
59.28,6.036664,5.928000,-0.134500,0.243164,synthetic_chat_design_preset
59.29,6.037781,5.929000,-0.129195,0.237976,synthetic_chat_design_preset
59.30,6.038994,5.930000,-0.122474,0.231469,synthetic_chat_design_preset
59.31,6.040344,5.931000,-0.114412,0.223756,synthetic_chat_design_preset
59.32,6.041876,5.932000,-0.105097,0.214972,synthetic_chat_design_preset
59.33,6.043635,5.933000,-0.094629,0.205264,synthetic_chat_design_preset
59.34,6.045666,5.934000,-0.083125,0.194791,synthetic_chat_design_preset
59.35,6.048006,5.935000,-0.070711,0.183717,synthetic_chat_design_preset
59.36,6.050687,5.936000,-0.057521,0.172208,synthetic_chat_design_preset
59.37,6.053727,5.937000,-0.043702,0.160428,synthetic_chat_design_preset
59.38,6.057133,5.938000,-0.029403,0.148536,synthetic_chat_design_preset
59.39,6.060899,5.939000,-0.014783,0.136681,synthetic_chat_design_preset
59.40,6.065000,5.940000,0.000000,0.125000,synthetic_chat_design_preset
59.41,6.069397,5.941000,0.014783,0.113615,synthetic_chat_design_preset
59.42,6.074035,5.942000,0.029403,0.102632,synthetic_chat_design_preset
59.43,6.078843,5.943000,0.043702,0.092142,synthetic_chat_design_preset
59.44,6.083737,5.944000,0.057521,0.082216,synthetic_chat_design_preset
59.45,6.088619,5.945000,0.070711,0.072908,synthetic_chat_design_preset
59.46,6.093383,5.946000,0.083125,0.064257,synthetic_chat_design_preset
59.47,6.097914,5.947000,0.094629,0.056285,synthetic_chat_design_preset
59.48,6.102095,5.948000,0.105097,0.048999,synthetic_chat_design_preset
59.49,6.105806,5.949000,0.114412,0.042394,synthetic_chat_design_preset
59.50,6.108929,5.950000,0.122474,0.036454,synthetic_chat_design_preset
59.51,6.111349,5.951000,0.129195,0.031154,synthetic_chat_design_preset
59.52,6.112960,5.952000,0.134500,0.026461,synthetic_chat_design_preset
59.53,6.113668,5.953000,0.138331,0.022337,synthetic_chat_design_preset
59.54,6.113386,5.954000,0.140647,0.018739,synthetic_chat_design_preset
59.55,6.112046,5.955000,0.141421,0.015625,synthetic_chat_design_preset
59.56,6.109595,5.956000,0.140647,0.012948,synthetic_chat_design_preset
59.57,6.105995,5.957000,0.138331,0.010664,synthetic_chat_design_preset
59.58,6.101229,5.958000,0.134500,0.008729,synthetic_chat_design_preset
59.59,6.095296,5.959000,0.129195,0.007101,synthetic_chat_design_preset
59.60,6.088216,5.960000,0.122474,0.005741,synthetic_chat_design_preset
59.61,6.080026,5.961000,0.114412,0.004613,synthetic_chat_design_preset
59.62,6.070781,5.962000,0.105097,0.003684,synthetic_chat_design_preset
59.63,6.060553,5.963000,0.094629,0.002924,synthetic_chat_design_preset
59.64,6.049432,5.964000,0.083125,0.002307,synthetic_chat_design_preset
59.65,6.037519,5.965000,0.070711,0.001808,synthetic_chat_design_preset
59.66,6.024930,5.966000,0.057521,0.001409,synthetic_chat_design_preset
59.67,6.011793,5.967000,0.043702,0.001091,synthetic_chat_design_preset
59.68,5.998243,5.968000,0.029403,0.000840,synthetic_chat_design_preset
59.69,5.984425,5.969000,0.014783,0.000642,synthetic_chat_design_preset
59.70,5.970488,5.970000,-0.000000,0.000488,synthetic_chat_design_preset
59.71,5.956586,5.971000,-0.014783,0.000369,synthetic_chat_design_preset
59.72,5.942874,5.972000,-0.029403,0.000277,synthetic_chat_design_preset
59.73,5.929505,5.973000,-0.043702,0.000207,synthetic_chat_design_preset
59.74,5.916632,5.974000,-0.057521,0.000153,synthetic_chat_design_preset
59.75,5.904402,5.975000,-0.070711,0.000113,synthetic_chat_design_preset
59.76,5.892875,5.976000,-0.083125,0.000000,synthetic_chat_design_preset
59.77,5.882371,5.977000,-0.094629,0.000000,synthetic_chat_design_preset
59.78,5.872903,5.978000,-0.105097,0.000000,synthetic_chat_design_preset
59.79,5.864588,5.979000,-0.114412,0.000000,synthetic_chat_design_preset
59.80,5.857526,5.980000,-0.122474,0.000000,synthetic_chat_design_preset
59.81,5.851805,5.981000,-0.129195,0.000000,synthetic_chat_design_preset
59.82,5.847500,5.982000,-0.134500,0.000000,synthetic_chat_design_preset
59.83,5.844669,5.983000,-0.138331,0.000000,synthetic_chat_design_preset
59.84,5.843353,5.984000,-0.140647,0.000000,synthetic_chat_design_preset
59.85,5.843579,5.985000,-0.141421,0.000000,synthetic_chat_design_preset
59.86,5.845353,5.986000,-0.140647,0.000000,synthetic_chat_design_preset
59.87,5.848669,5.987000,-0.138331,0.000000,synthetic_chat_design_preset
59.88,5.853500,5.988000,-0.134500,0.000000,synthetic_chat_design_preset
59.89,5.859805,5.989000,-0.129195,0.000000,synthetic_chat_design_preset
59.90,5.867526,5.990000,-0.122474,0.000000,synthetic_chat_design_preset
59.91,5.876588,5.991000,-0.114412,0.000000,synthetic_chat_design_preset
59.92,5.886903,5.992000,-0.105097,0.000000,synthetic_chat_design_preset
59.93,5.898371,5.993000,-0.094629,0.000000,synthetic_chat_design_preset
59.94,5.910875,5.994000,-0.083125,0.000000,synthetic_chat_design_preset
59.95,5.924289,5.995000,-0.070711,0.000000,synthetic_chat_design_preset
59.96,5.938479,5.996000,-0.057521,0.000000,synthetic_chat_design_preset
59.97,5.953298,5.997000,-0.043702,0.000000,synthetic_chat_design_preset
59.98,5.968597,5.998000,-0.029403,0.000000,synthetic_chat_design_preset
59.99,5.984217,5.999000,-0.014783,0.000000,synthetic_chat_design_preset
60.00,6.000000,6.000000,0.000000,0.000000,synthetic_chat_design_preset
60.01,6.015783,6.001000,0.014783,0.000000,synthetic_chat_design_preset
60.02,6.031403,6.002000,0.029403,0.000000,synthetic_chat_design_preset
60.03,6.046702,6.003000,0.043702,0.000000,synthetic_chat_design_preset
60.04,6.061521,6.004000,0.057521,0.000000,synthetic_chat_design_preset
60.05,6.075711,6.005000,0.070711,0.000000,synthetic_chat_design_preset
60.06,6.089125,6.006000,0.083125,0.000000,synthetic_chat_design_preset
60.07,6.101629,6.007000,0.094629,0.000000,synthetic_chat_design_preset
60.08,6.113097,6.008000,0.105097,0.000000,synthetic_chat_design_preset
60.09,6.123412,6.009000,0.114412,0.000000,synthetic_chat_design_preset
60.10,6.132474,6.010000,0.122474,0.000000,synthetic_chat_design_preset
60.11,6.140195,6.011000,0.129195,0.000000,synthetic_chat_design_preset
60.12,6.146500,6.012000,0.134500,0.000000,synthetic_chat_design_preset
60.13,6.151331,6.013000,0.138331,0.000000,synthetic_chat_design_preset
60.14,6.154647,6.014000,0.140647,0.000000,synthetic_chat_design_preset
60.15,6.156421,6.015000,0.141421,0.000000,synthetic_chat_design_preset
60.16,6.156647,6.016000,0.140647,0.000000,synthetic_chat_design_preset
60.17,6.155331,6.017000,0.138331,0.000000,synthetic_chat_design_preset
60.18,6.152500,6.018000,0.134500,0.000000,synthetic_chat_design_preset
60.19,6.148195,6.019000,0.129195,0.000000,synthetic_chat_design_preset
60.20,6.142474,6.020000,0.122474,0.000000,synthetic_chat_design_preset
60.21,6.135412,6.021000,0.114412,0.000000,synthetic_chat_design_preset
60.22,6.127097,6.022000,0.105097,0.000000,synthetic_chat_design_preset
60.23,6.117629,6.023000,0.094629,0.000000,synthetic_chat_design_preset
60.24,6.107208,6.024000,0.083125,0.000083,synthetic_chat_design_preset
60.25,6.095824,6.025000,0.070711,0.000113,synthetic_chat_design_preset
60.26,6.083675,6.026000,0.057521,0.000153,synthetic_chat_design_preset
60.27,6.070908,6.027000,0.043702,0.000207,synthetic_chat_design_preset
60.28,6.057680,6.028000,0.029403,0.000277,synthetic_chat_design_preset
60.29,6.044151,6.029000,0.014783,0.000369,synthetic_chat_design_preset
60.30,6.030488,6.030000,0.000000,0.000488,synthetic_chat_design_preset
60.31,6.016860,6.031000,-0.014783,0.000642,synthetic_chat_design_preset
60.32,6.003437,6.032000,-0.029403,0.000840,synthetic_chat_design_preset
60.33,5.990389,6.033000,-0.043702,0.001091,synthetic_chat_design_preset
60.34,5.977888,6.034000,-0.057521,0.001409,synthetic_chat_design_preset
60.35,5.966098,6.035000,-0.070711,0.001808,synthetic_chat_design_preset
60.36,5.955181,6.036000,-0.083125,0.002307,synthetic_chat_design_preset
60.37,5.945295,6.037000,-0.094629,0.002924,synthetic_chat_design_preset
60.38,5.936588,6.038000,-0.105097,0.003684,synthetic_chat_design_preset
60.39,5.929201,6.039000,-0.114412,0.004613,synthetic_chat_design_preset
60.40,5.923267,6.040000,-0.122474,0.005741,synthetic_chat_design_preset
60.41,5.918906,6.041000,-0.129195,0.007101,synthetic_chat_design_preset
60.42,5.916229,6.042000,-0.134500,0.008729,synthetic_chat_design_preset
60.43,5.915333,6.043000,-0.138331,0.010664,synthetic_chat_design_preset
60.44,5.916302,6.044000,-0.140647,0.012948,synthetic_chat_design_preset
60.45,5.919204,6.045000,-0.141421,0.015625,synthetic_chat_design_preset
60.46,5.924093,6.046000,-0.140647,0.018739,synthetic_chat_design_preset
60.47,5.931006,6.047000,-0.138331,0.022337,synthetic_chat_design_preset
60.48,5.939961,6.048000,-0.134500,0.026461,synthetic_chat_design_preset
60.49,5.950959,6.049000,-0.129195,0.031154,synthetic_chat_design_preset
60.50,5.963980,6.050000,-0.122474,0.036454,synthetic_chat_design_preset
60.51,5.978982,6.051000,-0.114412,0.042394,synthetic_chat_design_preset
60.52,5.995902,6.052000,-0.105097,0.048999,synthetic_chat_design_preset
60.53,6.014655,6.053000,-0.094629,0.056285,synthetic_chat_design_preset
60.54,6.035132,6.054000,-0.083125,0.064257,synthetic_chat_design_preset
60.55,6.057197,6.055000,-0.070711,0.072908,synthetic_chat_design_preset
60.56,6.080694,6.056000,-0.057521,0.082216,synthetic_chat_design_preset
60.57,6.105440,6.057000,-0.043702,0.092142,synthetic_chat_design_preset
60.58,6.131229,6.058000,-0.029403,0.102632,synthetic_chat_design_preset
60.59,6.157832,6.059000,-0.014783,0.113615,synthetic_chat_design_preset
60.60,6.185000,6.060000,-0.000000,0.125000,synthetic_chat_design_preset
60.61,6.212464,6.061000,0.014783,0.136681,synthetic_chat_design_preset
60.62,6.239940,6.062000,0.029403,0.148536,synthetic_chat_design_preset
60.63,6.267130,6.063000,0.043702,0.160428,synthetic_chat_design_preset
60.64,6.293729,6.064000,0.057521,0.172208,synthetic_chat_design_preset
60.65,6.319427,6.065000,0.070711,0.183717,synthetic_chat_design_preset
60.66,6.343917,6.066000,0.083125,0.194791,synthetic_chat_design_preset
60.67,6.366894,6.067000,0.094629,0.205264,synthetic_chat_design_preset
60.68,6.388069,6.068000,0.105097,0.214972,synthetic_chat_design_preset
60.69,6.407169,6.069000,0.114412,0.223756,synthetic_chat_design_preset
60.70,6.423943,6.070000,0.122474,0.231469,synthetic_chat_design_preset
60.71,6.438171,6.071000,0.129195,0.237976,synthetic_chat_design_preset
60.72,6.449663,6.072000,0.134500,0.243164,synthetic_chat_design_preset
60.73,6.458269,6.073000,0.138331,0.246938,synthetic_chat_design_preset
60.74,6.463878,6.074000,0.140647,0.249231,synthetic_chat_design_preset
60.75,6.466421,6.075000,0.141421,0.250000,synthetic_chat_design_preset
60.76,6.465878,6.076000,0.140647,0.249231,synthetic_chat_design_preset
60.77,6.462269,6.077000,0.138331,0.246938,synthetic_chat_design_preset
60.78,6.455663,6.078000,0.134500,0.243164,synthetic_chat_design_preset
60.79,6.446171,6.079000,0.129195,0.237976,synthetic_chat_design_preset
60.80,6.433943,6.080000,0.122474,0.231469,synthetic_chat_design_preset
60.81,6.419169,6.081000,0.114412,0.223756,synthetic_chat_design_preset
60.82,6.402069,6.082000,0.105097,0.214972,synthetic_chat_design_preset
60.83,6.382894,6.083000,0.094629,0.205264,synthetic_chat_design_preset
60.84,6.361917,6.084000,0.083125,0.194791,synthetic_chat_design_preset
60.85,6.339427,6.085000,0.070711,0.183717,synthetic_chat_design_preset
60.86,6.315729,6.086000,0.057521,0.172208,synthetic_chat_design_preset
60.87,6.291130,6.087000,0.043702,0.160428,synthetic_chat_design_preset
60.88,6.265940,6.088000,0.029403,0.148536,synthetic_chat_design_preset
60.89,6.240464,6.089000,0.014783,0.136681,synthetic_chat_design_preset
60.90,6.215000,6.090000,0.000000,0.125000,synthetic_chat_design_preset
60.91,6.189832,6.091000,-0.014783,0.113615,synthetic_chat_design_preset
60.92,6.165229,6.092000,-0.029403,0.102632,synthetic_chat_design_preset
60.93,6.141440,6.093000,-0.043702,0.092142,synthetic_chat_design_preset
60.94,6.118694,6.094000,-0.057521,0.082216,synthetic_chat_design_preset
60.95,6.097197,6.095000,-0.070711,0.072908,synthetic_chat_design_preset
60.96,6.077132,6.096000,-0.083125,0.064257,synthetic_chat_design_preset
60.97,6.058655,6.097000,-0.094629,0.056285,synthetic_chat_design_preset
60.98,6.041902,6.098000,-0.105097,0.048999,synthetic_chat_design_preset
60.99,6.026982,6.099000,-0.114412,0.042394,synthetic_chat_design_preset
61.00,6.013980,6.100000,-0.122474,0.036454,synthetic_chat_design_preset
61.01,6.002959,6.101000,-0.129195,0.031154,synthetic_chat_design_preset
61.02,5.993961,6.102000,-0.134500,0.026461,synthetic_chat_design_preset
61.03,5.987006,6.103000,-0.138331,0.022337,synthetic_chat_design_preset
61.04,5.982093,6.104000,-0.140647,0.018739,synthetic_chat_design_preset
61.05,5.979204,6.105000,-0.141421,0.015625,synthetic_chat_design_preset
61.06,5.978302,6.106000,-0.140647,0.012948,synthetic_chat_design_preset
61.07,5.979333,6.107000,-0.138331,0.010664,synthetic_chat_design_preset
61.08,5.982229,6.108000,-0.134500,0.008729,synthetic_chat_design_preset
61.09,5.986906,6.109000,-0.129195,0.007101,synthetic_chat_design_preset
61.10,5.993267,6.110000,-0.122474,0.005741,synthetic_chat_design_preset
61.11,6.001201,6.111000,-0.114412,0.004613,synthetic_chat_design_preset
61.12,6.010588,6.112000,-0.105097,0.003684,synthetic_chat_design_preset
61.13,6.021295,6.113000,-0.094629,0.002924,synthetic_chat_design_preset
61.14,6.033181,6.114000,-0.083125,0.002307,synthetic_chat_design_preset
61.15,6.046098,6.115000,-0.070711,0.001808,synthetic_chat_design_preset
61.16,6.059888,6.116000,-0.057521,0.001409,synthetic_chat_design_preset
61.17,6.074389,6.117000,-0.043702,0.001091,synthetic_chat_design_preset
61.18,6.089437,6.118000,-0.029403,0.000840,synthetic_chat_design_preset
61.19,6.104860,6.119000,-0.014783,0.000642,synthetic_chat_design_preset
61.20,6.120488,6.120000,0.000000,0.000488,synthetic_chat_design_preset
61.21,6.136151,6.121000,0.014783,0.000369,synthetic_chat_design_preset
61.22,6.151680,6.122000,0.029403,0.000277,synthetic_chat_design_preset
61.23,6.166908,6.123000,0.043702,0.000207,synthetic_chat_design_preset
61.24,6.181675,6.124000,0.057521,0.000153,synthetic_chat_design_preset
61.25,6.195824,6.125000,0.070711,0.000113,synthetic_chat_design_preset
61.26,6.209125,6.126000,0.083125,0.000000,synthetic_chat_design_preset
61.27,6.221629,6.127000,0.094629,0.000000,synthetic_chat_design_preset
61.28,6.233097,6.128000,0.105097,0.000000,synthetic_chat_design_preset
61.29,6.243412,6.129000,0.114412,0.000000,synthetic_chat_design_preset
61.30,6.252474,6.130000,0.122474,0.000000,synthetic_chat_design_preset
61.31,6.260195,6.131000,0.129195,0.000000,synthetic_chat_design_preset
61.32,6.266500,6.132000,0.134500,0.000000,synthetic_chat_design_preset
61.33,6.271331,6.133000,0.138331,0.000000,synthetic_chat_design_preset
61.34,6.274647,6.134000,0.140647,0.000000,synthetic_chat_design_preset
61.35,6.276421,6.135000,0.141421,0.000000,synthetic_chat_design_preset
61.36,6.276647,6.136000,0.140647,0.000000,synthetic_chat_design_preset
61.37,6.275331,6.137000,0.138331,0.000000,synthetic_chat_design_preset
61.38,6.272500,6.138000,0.134500,0.000000,synthetic_chat_design_preset
61.39,6.268195,6.139000,0.129195,0.000000,synthetic_chat_design_preset
61.40,6.262474,6.140000,0.122474,0.000000,synthetic_chat_design_preset
61.41,6.255412,6.141000,0.114412,0.000000,synthetic_chat_design_preset
61.42,6.247097,6.142000,0.105097,0.000000,synthetic_chat_design_preset
61.43,6.237629,6.143000,0.094629,0.000000,synthetic_chat_design_preset
61.44,6.227125,6.144000,0.083125,0.000000,synthetic_chat_design_preset
61.45,6.215711,6.145000,0.070711,0.000000,synthetic_chat_design_preset
61.46,6.203521,6.146000,0.057521,0.000000,synthetic_chat_design_preset
61.47,6.190702,6.147000,0.043702,0.000000,synthetic_chat_design_preset
61.48,6.177403,6.148000,0.029403,0.000000,synthetic_chat_design_preset
61.49,6.163783,6.149000,0.014783,0.000000,synthetic_chat_design_preset
61.50,6.150000,6.150000,0.000000,0.000000,synthetic_chat_design_preset
61.51,6.136217,6.151000,-0.014783,0.000000,synthetic_chat_design_preset
61.52,6.122597,6.152000,-0.029403,0.000000,synthetic_chat_design_preset
61.53,6.109298,6.153000,-0.043702,0.000000,synthetic_chat_design_preset
61.54,6.096479,6.154000,-0.057521,0.000000,synthetic_chat_design_preset
61.55,6.084289,6.155000,-0.070711,0.000000,synthetic_chat_design_preset
61.56,6.072875,6.156000,-0.083125,0.000000,synthetic_chat_design_preset
61.57,6.062371,6.157000,-0.094629,0.000000,synthetic_chat_design_preset
61.58,6.052903,6.158000,-0.105097,0.000000,synthetic_chat_design_preset
61.59,6.044588,6.159000,-0.114412,0.000000,synthetic_chat_design_preset
61.60,6.037526,6.160000,-0.122474,0.000000,synthetic_chat_design_preset
61.61,6.031805,6.161000,-0.129195,0.000000,synthetic_chat_design_preset
61.62,6.027500,6.162000,-0.134500,0.000000,synthetic_chat_design_preset
61.63,6.024669,6.163000,-0.138331,0.000000,synthetic_chat_design_preset
61.64,6.023353,6.164000,-0.140647,0.000000,synthetic_chat_design_preset
61.65,6.023579,6.165000,-0.141421,0.000000,synthetic_chat_design_preset
61.66,6.025353,6.166000,-0.140647,0.000000,synthetic_chat_design_preset
61.67,6.028669,6.167000,-0.138331,0.000000,synthetic_chat_design_preset
61.68,6.033500,6.168000,-0.134500,0.000000,synthetic_chat_design_preset
61.69,6.039805,6.169000,-0.129195,0.000000,synthetic_chat_design_preset
61.70,6.047526,6.170000,-0.122474,0.000000,synthetic_chat_design_preset
61.71,6.056588,6.171000,-0.114412,0.000000,synthetic_chat_design_preset
61.72,6.066903,6.172000,-0.105097,0.000000,synthetic_chat_design_preset
61.73,6.078371,6.173000,-0.094629,0.000000,synthetic_chat_design_preset
61.74,6.090957,6.174000,-0.083125,0.000083,synthetic_chat_design_preset
61.75,6.104402,6.175000,-0.070711,0.000113,synthetic_chat_design_preset
61.76,6.118632,6.176000,-0.057521,0.000153,synthetic_chat_design_preset
61.77,6.133505,6.177000,-0.043702,0.000207,synthetic_chat_design_preset
61.78,6.148874,6.178000,-0.029403,0.000277,synthetic_chat_design_preset
61.79,6.164586,6.179000,-0.014783,0.000369,synthetic_chat_design_preset
61.80,6.180488,6.180000,0.000000,0.000488,synthetic_chat_design_preset
61.81,6.196425,6.181000,0.014783,0.000642,synthetic_chat_design_preset
61.82,6.212243,6.182000,0.029403,0.000840,synthetic_chat_design_preset
61.83,6.227793,6.183000,0.043702,0.001091,synthetic_chat_design_preset
61.84,6.242930,6.184000,0.057521,0.001409,synthetic_chat_design_preset
61.85,6.257519,6.185000,0.070711,0.001808,synthetic_chat_design_preset
61.86,6.271432,6.186000,0.083125,0.002307,synthetic_chat_design_preset
61.87,6.284553,6.187000,0.094629,0.002924,synthetic_chat_design_preset
61.88,6.296781,6.188000,0.105097,0.003684,synthetic_chat_design_preset
61.89,6.308026,6.189000,0.114412,0.004613,synthetic_chat_design_preset
61.90,6.318216,6.190000,0.122474,0.005741,synthetic_chat_design_preset
61.91,6.327296,6.191000,0.129195,0.007101,synthetic_chat_design_preset
61.92,6.335229,6.192000,0.134500,0.008729,synthetic_chat_design_preset
61.93,6.341995,6.193000,0.138331,0.010664,synthetic_chat_design_preset
61.94,6.347595,6.194000,0.140647,0.012948,synthetic_chat_design_preset
61.95,6.352046,6.195000,0.141421,0.015625,synthetic_chat_design_preset
61.96,6.355386,6.196000,0.140647,0.018739,synthetic_chat_design_preset
61.97,6.357668,6.197000,0.138331,0.022337,synthetic_chat_design_preset
61.98,6.358960,6.198000,0.134500,0.026461,synthetic_chat_design_preset
61.99,6.359349,6.199000,0.129195,0.031154,synthetic_chat_design_preset
62.00,6.358929,6.200000,0.122474,0.036454,synthetic_chat_design_preset
62.01,6.357806,6.201000,0.114412,0.042394,synthetic_chat_design_preset
62.02,6.356095,6.202000,0.105097,0.048999,synthetic_chat_design_preset
62.03,6.353914,6.203000,0.094629,0.056285,synthetic_chat_design_preset
62.04,6.351383,6.204000,0.083125,0.064257,synthetic_chat_design_preset
62.05,6.348619,6.205000,0.070711,0.072908,synthetic_chat_design_preset
62.06,6.345737,6.206000,0.057521,0.082216,synthetic_chat_design_preset
62.07,6.342843,6.207000,0.043702,0.092142,synthetic_chat_design_preset
62.08,6.340035,6.208000,0.029403,0.102632,synthetic_chat_design_preset
62.09,6.337397,6.209000,0.014783,0.113615,synthetic_chat_design_preset
62.10,6.335000,6.210000,-0.000000,0.125000,synthetic_chat_design_preset
62.11,6.332899,6.211000,-0.014783,0.136681,synthetic_chat_design_preset
62.12,6.331133,6.212000,-0.029403,0.148536,synthetic_chat_design_preset
62.13,6.329727,6.213000,-0.043702,0.160428,synthetic_chat_design_preset
62.14,6.328687,6.214000,-0.057521,0.172208,synthetic_chat_design_preset
62.15,6.328006,6.215000,-0.070711,0.183717,synthetic_chat_design_preset
62.16,6.327666,6.216000,-0.083125,0.194791,synthetic_chat_design_preset
62.17,6.327635,6.217000,-0.094629,0.205264,synthetic_chat_design_preset
62.18,6.327876,6.218000,-0.105097,0.214972,synthetic_chat_design_preset
62.19,6.328344,6.219000,-0.114412,0.223756,synthetic_chat_design_preset
62.20,6.328994,6.220000,-0.122474,0.231469,synthetic_chat_design_preset
62.21,6.329781,6.221000,-0.129195,0.237976,synthetic_chat_design_preset
62.22,6.330664,6.222000,-0.134500,0.243164,synthetic_chat_design_preset
62.23,6.331607,6.223000,-0.138331,0.246938,synthetic_chat_design_preset
62.24,6.332584,6.224000,-0.140647,0.249231,synthetic_chat_design_preset
62.25,6.333579,6.225000,-0.141421,0.250000,synthetic_chat_design_preset
62.26,6.334584,6.226000,-0.140647,0.249231,synthetic_chat_design_preset
62.27,6.335607,6.227000,-0.138331,0.246938,synthetic_chat_design_preset
62.28,6.336664,6.228000,-0.134500,0.243164,synthetic_chat_design_preset
62.29,6.337781,6.229000,-0.129195,0.237976,synthetic_chat_design_preset
62.30,6.338994,6.230000,-0.122474,0.231469,synthetic_chat_design_preset
62.31,6.340344,6.231000,-0.114412,0.223756,synthetic_chat_design_preset
62.32,6.341876,6.232000,-0.105097,0.214972,synthetic_chat_design_preset
62.33,6.343635,6.233000,-0.094629,0.205264,synthetic_chat_design_preset
62.34,6.345666,6.234000,-0.083125,0.194791,synthetic_chat_design_preset
62.35,6.348006,6.235000,-0.070711,0.183717,synthetic_chat_design_preset
62.36,6.350687,6.236000,-0.057521,0.172208,synthetic_chat_design_preset
62.37,6.353727,6.237000,-0.043702,0.160428,synthetic_chat_design_preset
62.38,6.357133,6.238000,-0.029403,0.148536,synthetic_chat_design_preset
62.39,6.360899,6.239000,-0.014783,0.136681,synthetic_chat_design_preset
62.40,6.365000,6.240000,0.000000,0.125000,synthetic_chat_design_preset
62.41,6.369397,6.241000,0.014783,0.113615,synthetic_chat_design_preset
62.42,6.374035,6.242000,0.029403,0.102632,synthetic_chat_design_preset
62.43,6.378843,6.243000,0.043702,0.092142,synthetic_chat_design_preset
62.44,6.383737,6.244000,0.057521,0.082216,synthetic_chat_design_preset
62.45,6.388619,6.245000,0.070711,0.072908,synthetic_chat_design_preset
62.46,6.393383,6.246000,0.083125,0.064257,synthetic_chat_design_preset
62.47,6.397914,6.247000,0.094629,0.056285,synthetic_chat_design_preset
62.48,6.402095,6.248000,0.105097,0.048999,synthetic_chat_design_preset
62.49,6.405806,6.249000,0.114412,0.042394,synthetic_chat_design_preset
62.50,6.408929,6.250000,0.122474,0.036454,synthetic_chat_design_preset
62.51,6.411349,6.251000,0.129195,0.031154,synthetic_chat_design_preset
62.52,6.412960,6.252000,0.134500,0.026461,synthetic_chat_design_preset
62.53,6.413668,6.253000,0.138331,0.022337,synthetic_chat_design_preset
62.54,6.413386,6.254000,0.140647,0.018739,synthetic_chat_design_preset
62.55,6.412046,6.255000,0.141421,0.015625,synthetic_chat_design_preset
62.56,6.409595,6.256000,0.140647,0.012948,synthetic_chat_design_preset
62.57,6.405995,6.257000,0.138331,0.010664,synthetic_chat_design_preset
62.58,6.401229,6.258000,0.134500,0.008729,synthetic_chat_design_preset
62.59,6.395296,6.259000,0.129195,0.007101,synthetic_chat_design_preset
62.60,6.388216,6.260000,0.122474,0.005741,synthetic_chat_design_preset
62.61,6.380026,6.261000,0.114412,0.004613,synthetic_chat_design_preset
62.62,6.370781,6.262000,0.105097,0.003684,synthetic_chat_design_preset
62.63,6.360553,6.263000,0.094629,0.002924,synthetic_chat_design_preset
62.64,6.349432,6.264000,0.083125,0.002307,synthetic_chat_design_preset
62.65,6.337519,6.265000,0.070711,0.001808,synthetic_chat_design_preset
62.66,6.324930,6.266000,0.057521,0.001409,synthetic_chat_design_preset
62.67,6.311793,6.267000,0.043702,0.001091,synthetic_chat_design_preset
62.68,6.298243,6.268000,0.029403,0.000840,synthetic_chat_design_preset
62.69,6.284425,6.269000,0.014783,0.000642,synthetic_chat_design_preset
62.70,6.270488,6.270000,-0.000000,0.000488,synthetic_chat_design_preset
62.71,6.256586,6.271000,-0.014783,0.000369,synthetic_chat_design_preset
62.72,6.242874,6.272000,-0.029403,0.000277,synthetic_chat_design_preset
62.73,6.229505,6.273000,-0.043702,0.000207,synthetic_chat_design_preset
62.74,6.216632,6.274000,-0.057521,0.000153,synthetic_chat_design_preset
62.75,6.204402,6.275000,-0.070711,0.000113,synthetic_chat_design_preset
62.76,6.192875,6.276000,-0.083125,0.000000,synthetic_chat_design_preset
62.77,6.182371,6.277000,-0.094629,0.000000,synthetic_chat_design_preset
62.78,6.172903,6.278000,-0.105097,0.000000,synthetic_chat_design_preset
62.79,6.164588,6.279000,-0.114412,0.000000,synthetic_chat_design_preset
62.80,6.157526,6.280000,-0.122474,0.000000,synthetic_chat_design_preset
62.81,6.151805,6.281000,-0.129195,0.000000,synthetic_chat_design_preset
62.82,6.147500,6.282000,-0.134500,0.000000,synthetic_chat_design_preset
62.83,6.144669,6.283000,-0.138331,0.000000,synthetic_chat_design_preset
62.84,6.143353,6.284000,-0.140647,0.000000,synthetic_chat_design_preset
62.85,6.143579,6.285000,-0.141421,0.000000,synthetic_chat_design_preset
62.86,6.145353,6.286000,-0.140647,0.000000,synthetic_chat_design_preset
62.87,6.148669,6.287000,-0.138331,0.000000,synthetic_chat_design_preset
62.88,6.153500,6.288000,-0.134500,0.000000,synthetic_chat_design_preset
62.89,6.159805,6.289000,-0.129195,0.000000,synthetic_chat_design_preset
62.90,6.167526,6.290000,-0.122474,0.000000,synthetic_chat_design_preset
62.91,6.176588,6.291000,-0.114412,0.000000,synthetic_chat_design_preset
62.92,6.186903,6.292000,-0.105097,0.000000,synthetic_chat_design_preset
62.93,6.198371,6.293000,-0.094629,0.000000,synthetic_chat_design_preset
62.94,6.210875,6.294000,-0.083125,0.000000,synthetic_chat_design_preset
62.95,6.224289,6.295000,-0.070711,0.000000,synthetic_chat_design_preset
62.96,6.238479,6.296000,-0.057521,0.000000,synthetic_chat_design_preset
62.97,6.253298,6.297000,-0.043702,0.000000,synthetic_chat_design_preset
62.98,6.268597,6.298000,-0.029403,0.000000,synthetic_chat_design_preset
62.99,6.284217,6.299000,-0.014783,0.000000,synthetic_chat_design_preset
63.00,6.300000,6.300000,0.000000,0.000000,synthetic_chat_design_preset
63.01,6.315783,6.301000,0.014783,0.000000,synthetic_chat_design_preset
63.02,6.331403,6.302000,0.029403,0.000000,synthetic_chat_design_preset
63.03,6.346702,6.303000,0.043702,0.000000,synthetic_chat_design_preset
63.04,6.361521,6.304000,0.057521,0.000000,synthetic_chat_design_preset
63.05,6.375711,6.305000,0.070711,0.000000,synthetic_chat_design_preset
63.06,6.389125,6.306000,0.083125,0.000000,synthetic_chat_design_preset
63.07,6.401629,6.307000,0.094629,0.000000,synthetic_chat_design_preset
63.08,6.413097,6.308000,0.105097,0.000000,synthetic_chat_design_preset
63.09,6.423412,6.309000,0.114412,0.000000,synthetic_chat_design_preset
63.10,6.432474,6.310000,0.122474,0.000000,synthetic_chat_design_preset
63.11,6.440195,6.311000,0.129195,0.000000,synthetic_chat_design_preset
63.12,6.446500,6.312000,0.134500,0.000000,synthetic_chat_design_preset
63.13,6.451331,6.313000,0.138331,0.000000,synthetic_chat_design_preset
63.14,6.454647,6.314000,0.140647,0.000000,synthetic_chat_design_preset
63.15,6.456421,6.315000,0.141421,0.000000,synthetic_chat_design_preset
63.16,6.456647,6.316000,0.140647,0.000000,synthetic_chat_design_preset
63.17,6.455331,6.317000,0.138331,0.000000,synthetic_chat_design_preset
63.18,6.452500,6.318000,0.134500,0.000000,synthetic_chat_design_preset
63.19,6.448195,6.319000,0.129195,0.000000,synthetic_chat_design_preset
63.20,6.442474,6.320000,0.122474,0.000000,synthetic_chat_design_preset
63.21,6.435412,6.321000,0.114412,0.000000,synthetic_chat_design_preset
63.22,6.427097,6.322000,0.105097,0.000000,synthetic_chat_design_preset
63.23,6.417629,6.323000,0.094629,0.000000,synthetic_chat_design_preset
63.24,6.407208,6.324000,0.083125,0.000083,synthetic_chat_design_preset
63.25,6.395824,6.325000,0.070711,0.000113,synthetic_chat_design_preset
63.26,6.383675,6.326000,0.057521,0.000153,synthetic_chat_design_preset
63.27,6.370908,6.327000,0.043702,0.000207,synthetic_chat_design_preset
63.28,6.357680,6.328000,0.029403,0.000277,synthetic_chat_design_preset
63.29,6.344151,6.329000,0.014783,0.000369,synthetic_chat_design_preset
63.30,6.330488,6.330000,0.000000,0.000488,synthetic_chat_design_preset
63.31,6.316860,6.331000,-0.014783,0.000642,synthetic_chat_design_preset
63.32,6.303437,6.332000,-0.029403,0.000840,synthetic_chat_design_preset
63.33,6.290389,6.333000,-0.043702,0.001091,synthetic_chat_design_preset
63.34,6.277888,6.334000,-0.057521,0.001409,synthetic_chat_design_preset
63.35,6.266098,6.335000,-0.070711,0.001808,synthetic_chat_design_preset
63.36,6.255181,6.336000,-0.083125,0.002307,synthetic_chat_design_preset
63.37,6.245295,6.337000,-0.094629,0.002924,synthetic_chat_design_preset
63.38,6.236588,6.338000,-0.105097,0.003684,synthetic_chat_design_preset
63.39,6.229201,6.339000,-0.114412,0.004613,synthetic_chat_design_preset
63.40,6.223267,6.340000,-0.122474,0.005741,synthetic_chat_design_preset
63.41,6.218906,6.341000,-0.129195,0.007101,synthetic_chat_design_preset
63.42,6.216229,6.342000,-0.134500,0.008729,synthetic_chat_design_preset
63.43,6.215333,6.343000,-0.138331,0.010664,synthetic_chat_design_preset
63.44,6.216302,6.344000,-0.140647,0.012948,synthetic_chat_design_preset
63.45,6.219204,6.345000,-0.141421,0.015625,synthetic_chat_design_preset
63.46,6.224093,6.346000,-0.140647,0.018739,synthetic_chat_design_preset
63.47,6.231006,6.347000,-0.138331,0.022337,synthetic_chat_design_preset
63.48,6.239961,6.348000,-0.134500,0.026461,synthetic_chat_design_preset
63.49,6.250959,6.349000,-0.129195,0.031154,synthetic_chat_design_preset
63.50,6.263980,6.350000,-0.122474,0.036454,synthetic_chat_design_preset
63.51,6.278982,6.351000,-0.114412,0.042394,synthetic_chat_design_preset
63.52,6.295902,6.352000,-0.105097,0.048999,synthetic_chat_design_preset
63.53,6.314655,6.353000,-0.094629,0.056285,synthetic_chat_design_preset
63.54,6.335132,6.354000,-0.083125,0.064257,synthetic_chat_design_preset
63.55,6.357197,6.355000,-0.070711,0.072908,synthetic_chat_design_preset
63.56,6.380694,6.356000,-0.057521,0.082216,synthetic_chat_design_preset
63.57,6.405440,6.357000,-0.043702,0.092142,synthetic_chat_design_preset
63.58,6.431229,6.358000,-0.029403,0.102632,synthetic_chat_design_preset
63.59,6.457832,6.359000,-0.014783,0.113615,synthetic_chat_design_preset
63.60,6.485000,6.360000,-0.000000,0.125000,synthetic_chat_design_preset
63.61,6.512464,6.361000,0.014783,0.136681,synthetic_chat_design_preset
63.62,6.539940,6.362000,0.029403,0.148536,synthetic_chat_design_preset
63.63,6.567130,6.363000,0.043702,0.160428,synthetic_chat_design_preset
63.64,6.593729,6.364000,0.057521,0.172208,synthetic_chat_design_preset
63.65,6.619427,6.365000,0.070711,0.183717,synthetic_chat_design_preset
63.66,6.643917,6.366000,0.083125,0.194791,synthetic_chat_design_preset
63.67,6.666894,6.367000,0.094629,0.205264,synthetic_chat_design_preset
63.68,6.688069,6.368000,0.105097,0.214972,synthetic_chat_design_preset
63.69,6.707169,6.369000,0.114412,0.223756,synthetic_chat_design_preset
63.70,6.723943,6.370000,0.122474,0.231469,synthetic_chat_design_preset
63.71,6.738171,6.371000,0.129195,0.237976,synthetic_chat_design_preset
63.72,6.749663,6.372000,0.134500,0.243164,synthetic_chat_design_preset
63.73,6.758269,6.373000,0.138331,0.246938,synthetic_chat_design_preset
63.74,6.763878,6.374000,0.140647,0.249231,synthetic_chat_design_preset
63.75,6.766421,6.375000,0.141421,0.250000,synthetic_chat_design_preset
63.76,6.765878,6.376000,0.140647,0.249231,synthetic_chat_design_preset
63.77,6.762269,6.377000,0.138331,0.246938,synthetic_chat_design_preset
63.78,6.755663,6.378000,0.134500,0.243164,synthetic_chat_design_preset
63.79,6.746171,6.379000,0.129195,0.237976,synthetic_chat_design_preset
63.80,6.733943,6.380000,0.122474,0.231469,synthetic_chat_design_preset
63.81,6.719169,6.381000,0.114412,0.223756,synthetic_chat_design_preset
63.82,6.702069,6.382000,0.105097,0.214972,synthetic_chat_design_preset
63.83,6.682894,6.383000,0.094629,0.205264,synthetic_chat_design_preset
63.84,6.661917,6.384000,0.083125,0.194791,synthetic_chat_design_preset
63.85,6.639427,6.385000,0.070711,0.183717,synthetic_chat_design_preset
63.86,6.615729,6.386000,0.057521,0.172208,synthetic_chat_design_preset
63.87,6.591130,6.387000,0.043702,0.160428,synthetic_chat_design_preset
63.88,6.565940,6.388000,0.029403,0.148536,synthetic_chat_design_preset
63.89,6.540464,6.389000,0.014783,0.136681,synthetic_chat_design_preset
63.90,6.515000,6.390000,0.000000,0.125000,synthetic_chat_design_preset
63.91,6.489832,6.391000,-0.014783,0.113615,synthetic_chat_design_preset
63.92,6.465229,6.392000,-0.029403,0.102632,synthetic_chat_design_preset
63.93,6.441440,6.393000,-0.043702,0.092142,synthetic_chat_design_preset
63.94,6.418694,6.394000,-0.057521,0.082216,synthetic_chat_design_preset
63.95,6.397197,6.395000,-0.070711,0.072908,synthetic_chat_design_preset
63.96,6.377132,6.396000,-0.083125,0.064257,synthetic_chat_design_preset
63.97,6.358655,6.397000,-0.094629,0.056285,synthetic_chat_design_preset
63.98,6.341902,6.398000,-0.105097,0.048999,synthetic_chat_design_preset
63.99,6.326982,6.399000,-0.114412,0.042394,synthetic_chat_design_preset
64.00,6.313980,6.400000,-0.122474,0.036454,synthetic_chat_design_preset
64.01,6.302959,6.401000,-0.129195,0.031154,synthetic_chat_design_preset
64.02,6.293961,6.402000,-0.134500,0.026461,synthetic_chat_design_preset
64.03,6.287006,6.403000,-0.138331,0.022337,synthetic_chat_design_preset
64.04,6.282093,6.404000,-0.140647,0.018739,synthetic_chat_design_preset
64.05,6.279204,6.405000,-0.141421,0.015625,synthetic_chat_design_preset
64.06,6.278302,6.406000,-0.140647,0.012948,synthetic_chat_design_preset
64.07,6.279333,6.407000,-0.138331,0.010664,synthetic_chat_design_preset
64.08,6.282229,6.408000,-0.134500,0.008729,synthetic_chat_design_preset
64.09,6.286906,6.409000,-0.129195,0.007101,synthetic_chat_design_preset
64.10,6.293267,6.410000,-0.122474,0.005741,synthetic_chat_design_preset
64.11,6.301201,6.411000,-0.114412,0.004613,synthetic_chat_design_preset
64.12,6.310588,6.412000,-0.105097,0.003684,synthetic_chat_design_preset
64.13,6.321295,6.413000,-0.094629,0.002924,synthetic_chat_design_preset
64.14,6.333181,6.414000,-0.083125,0.002307,synthetic_chat_design_preset
64.15,6.346098,6.415000,-0.070711,0.001808,synthetic_chat_design_preset
64.16,6.359888,6.416000,-0.057521,0.001409,synthetic_chat_design_preset
64.17,6.374389,6.417000,-0.043702,0.001091,synthetic_chat_design_preset
64.18,6.389437,6.418000,-0.029403,0.000840,synthetic_chat_design_preset
64.19,6.404860,6.419000,-0.014783,0.000642,synthetic_chat_design_preset
64.20,6.420488,6.420000,-0.000000,0.000488,synthetic_chat_design_preset
64.21,6.436151,6.421000,0.014783,0.000369,synthetic_chat_design_preset
64.22,6.451680,6.422000,0.029403,0.000277,synthetic_chat_design_preset
64.23,6.466908,6.423000,0.043702,0.000207,synthetic_chat_design_preset
64.24,6.481675,6.424000,0.057521,0.000153,synthetic_chat_design_preset
64.25,6.495824,6.425000,0.070711,0.000113,synthetic_chat_design_preset
64.26,6.509125,6.426000,0.083125,0.000000,synthetic_chat_design_preset
64.27,6.521629,6.427000,0.094629,0.000000,synthetic_chat_design_preset
64.28,6.533097,6.428000,0.105097,0.000000,synthetic_chat_design_preset
64.29,6.543412,6.429000,0.114412,0.000000,synthetic_chat_design_preset
64.30,6.552474,6.430000,0.122474,0.000000,synthetic_chat_design_preset
64.31,6.560195,6.431000,0.129195,0.000000,synthetic_chat_design_preset
64.32,6.566500,6.432000,0.134500,0.000000,synthetic_chat_design_preset
64.33,6.571331,6.433000,0.138331,0.000000,synthetic_chat_design_preset
64.34,6.574647,6.434000,0.140647,0.000000,synthetic_chat_design_preset
64.35,6.576421,6.435000,0.141421,0.000000,synthetic_chat_design_preset
64.36,6.576647,6.436000,0.140647,0.000000,synthetic_chat_design_preset
64.37,6.575331,6.437000,0.138331,0.000000,synthetic_chat_design_preset
64.38,6.572500,6.438000,0.134500,0.000000,synthetic_chat_design_preset
64.39,6.568195,6.439000,0.129195,0.000000,synthetic_chat_design_preset
64.40,6.562474,6.440000,0.122474,0.000000,synthetic_chat_design_preset
64.41,6.555412,6.441000,0.114412,0.000000,synthetic_chat_design_preset
64.42,6.547097,6.442000,0.105097,0.000000,synthetic_chat_design_preset
64.43,6.537629,6.443000,0.094629,0.000000,synthetic_chat_design_preset
64.44,6.527125,6.444000,0.083125,0.000000,synthetic_chat_design_preset
64.45,6.515711,6.445000,0.070711,0.000000,synthetic_chat_design_preset
64.46,6.503521,6.446000,0.057521,0.000000,synthetic_chat_design_preset
64.47,6.490702,6.447000,0.043702,0.000000,synthetic_chat_design_preset
64.48,6.477403,6.448000,0.029403,0.000000,synthetic_chat_design_preset
64.49,6.463783,6.449000,0.014783,0.000000,synthetic_chat_design_preset
64.50,6.450000,6.450000,0.000000,0.000000,synthetic_chat_design_preset
64.51,6.436217,6.451000,-0.014783,0.000000,synthetic_chat_design_preset
64.52,6.422597,6.452000,-0.029403,0.000000,synthetic_chat_design_preset
64.53,6.409298,6.453000,-0.043702,0.000000,synthetic_chat_design_preset
64.54,6.396479,6.454000,-0.057521,0.000000,synthetic_chat_design_preset
64.55,6.384289,6.455000,-0.070711,0.000000,synthetic_chat_design_preset
64.56,6.372875,6.456000,-0.083125,0.000000,synthetic_chat_design_preset
64.57,6.362371,6.457000,-0.094629,0.000000,synthetic_chat_design_preset
64.58,6.352903,6.458000,-0.105097,0.000000,synthetic_chat_design_preset
64.59,6.344588,6.459000,-0.114412,0.000000,synthetic_chat_design_preset
64.60,6.337526,6.460000,-0.122474,0.000000,synthetic_chat_design_preset
64.61,6.331805,6.461000,-0.129195,0.000000,synthetic_chat_design_preset
64.62,6.327500,6.462000,-0.134500,0.000000,synthetic_chat_design_preset
64.63,6.324669,6.463000,-0.138331,0.000000,synthetic_chat_design_preset
64.64,6.323353,6.464000,-0.140647,0.000000,synthetic_chat_design_preset
64.65,6.323579,6.465000,-0.141421,0.000000,synthetic_chat_design_preset
64.66,6.325353,6.466000,-0.140647,0.000000,synthetic_chat_design_preset
64.67,6.328669,6.467000,-0.138331,0.000000,synthetic_chat_design_preset
64.68,6.333500,6.468000,-0.134500,0.000000,synthetic_chat_design_preset
64.69,6.339805,6.469000,-0.129195,0.000000,synthetic_chat_design_preset
64.70,6.347526,6.470000,-0.122474,0.000000,synthetic_chat_design_preset
64.71,6.356588,6.471000,-0.114412,0.000000,synthetic_chat_design_preset
64.72,6.366903,6.472000,-0.105097,0.000000,synthetic_chat_design_preset
64.73,6.378371,6.473000,-0.094629,0.000000,synthetic_chat_design_preset
64.74,6.390957,6.474000,-0.083125,0.000083,synthetic_chat_design_preset
64.75,6.404402,6.475000,-0.070711,0.000113,synthetic_chat_design_preset
64.76,6.418632,6.476000,-0.057521,0.000153,synthetic_chat_design_preset
64.77,6.433505,6.477000,-0.043702,0.000207,synthetic_chat_design_preset
64.78,6.448874,6.478000,-0.029403,0.000277,synthetic_chat_design_preset
64.79,6.464586,6.479000,-0.014783,0.000369,synthetic_chat_design_preset
64.80,6.480488,6.480000,-0.000000,0.000488,synthetic_chat_design_preset
64.81,6.496425,6.481000,0.014783,0.000642,synthetic_chat_design_preset
64.82,6.512243,6.482000,0.029403,0.000840,synthetic_chat_design_preset
64.83,6.527793,6.483000,0.043702,0.001091,synthetic_chat_design_preset
64.84,6.542930,6.484000,0.057521,0.001409,synthetic_chat_design_preset
64.85,6.557519,6.485000,0.070711,0.001808,synthetic_chat_design_preset
64.86,6.571432,6.486000,0.083125,0.002307,synthetic_chat_design_preset
64.87,6.584553,6.487000,0.094629,0.002924,synthetic_chat_design_preset
64.88,6.596781,6.488000,0.105097,0.003684,synthetic_chat_design_preset
64.89,6.608026,6.489000,0.114412,0.004613,synthetic_chat_design_preset
64.90,6.618216,6.490000,0.122474,0.005741,synthetic_chat_design_preset
64.91,6.627296,6.491000,0.129195,0.007101,synthetic_chat_design_preset
64.92,6.635229,6.492000,0.134500,0.008729,synthetic_chat_design_preset
64.93,6.641995,6.493000,0.138331,0.010664,synthetic_chat_design_preset
64.94,6.647595,6.494000,0.140647,0.012948,synthetic_chat_design_preset
64.95,6.652046,6.495000,0.141421,0.015625,synthetic_chat_design_preset
64.96,6.655386,6.496000,0.140647,0.018739,synthetic_chat_design_preset
64.97,6.657668,6.497000,0.138331,0.022337,synthetic_chat_design_preset
64.98,6.658960,6.498000,0.134500,0.026461,synthetic_chat_design_preset
64.99,6.659349,6.499000,0.129195,0.031154,synthetic_chat_design_preset
65.00,6.658929,6.500000,0.122474,0.036454,synthetic_chat_design_preset
65.01,6.657806,6.501000,0.114412,0.042394,synthetic_chat_design_preset
65.02,6.656095,6.502000,0.105097,0.048999,synthetic_chat_design_preset
65.03,6.653914,6.503000,0.094629,0.056285,synthetic_chat_design_preset
65.04,6.651383,6.504000,0.083125,0.064257,synthetic_chat_design_preset
65.05,6.648619,6.505000,0.070711,0.072908,synthetic_chat_design_preset
65.06,6.645737,6.506000,0.057521,0.082216,synthetic_chat_design_preset
65.07,6.642843,6.507000,0.043702,0.092142,synthetic_chat_design_preset
65.08,6.640035,6.508000,0.029403,0.102632,synthetic_chat_design_preset
65.09,6.637397,6.509000,0.014783,0.113615,synthetic_chat_design_preset
65.10,6.635000,6.510000,0.000000,0.125000,synthetic_chat_design_preset
65.11,6.632899,6.511000,-0.014783,0.136681,synthetic_chat_design_preset
65.12,6.631133,6.512000,-0.029403,0.148536,synthetic_chat_design_preset
65.13,6.629727,6.513000,-0.043702,0.160428,synthetic_chat_design_preset
65.14,6.628687,6.514000,-0.057521,0.172208,synthetic_chat_design_preset
65.15,6.628006,6.515000,-0.070711,0.183717,synthetic_chat_design_preset
65.16,6.627666,6.516000,-0.083125,0.194791,synthetic_chat_design_preset
65.17,6.627635,6.517000,-0.094629,0.205264,synthetic_chat_design_preset
65.18,6.627876,6.518000,-0.105097,0.214972,synthetic_chat_design_preset
65.19,6.628344,6.519000,-0.114412,0.223756,synthetic_chat_design_preset
65.20,6.628994,6.520000,-0.122474,0.231469,synthetic_chat_design_preset
65.21,6.629781,6.521000,-0.129195,0.237976,synthetic_chat_design_preset
65.22,6.630664,6.522000,-0.134500,0.243164,synthetic_chat_design_preset
65.23,6.631607,6.523000,-0.138331,0.246938,synthetic_chat_design_preset
65.24,6.632584,6.524000,-0.140647,0.249231,synthetic_chat_design_preset
65.25,6.633579,6.525000,-0.141421,0.250000,synthetic_chat_design_preset
65.26,6.634584,6.526000,-0.140647,0.249231,synthetic_chat_design_preset
65.27,6.635607,6.527000,-0.138331,0.246938,synthetic_chat_design_preset
65.28,6.636664,6.528000,-0.134500,0.243164,synthetic_chat_design_preset
65.29,6.637781,6.529000,-0.129195,0.237976,synthetic_chat_design_preset
65.30,6.638994,6.530000,-0.122474,0.231469,synthetic_chat_design_preset
65.31,6.640344,6.531000,-0.114412,0.223756,synthetic_chat_design_preset
65.32,6.641876,6.532000,-0.105097,0.214972,synthetic_chat_design_preset
65.33,6.643635,6.533000,-0.094629,0.205264,synthetic_chat_design_preset
65.34,6.645666,6.534000,-0.083125,0.194791,synthetic_chat_design_preset
65.35,6.648006,6.535000,-0.070711,0.183717,synthetic_chat_design_preset
65.36,6.650687,6.536000,-0.057521,0.172208,synthetic_chat_design_preset
65.37,6.653727,6.537000,-0.043702,0.160428,synthetic_chat_design_preset
65.38,6.657133,6.538000,-0.029403,0.148536,synthetic_chat_design_preset
65.39,6.660899,6.539000,-0.014783,0.136681,synthetic_chat_design_preset
65.40,6.665000,6.540000,0.000000,0.125000,synthetic_chat_design_preset
65.41,6.669397,6.541000,0.014783,0.113615,synthetic_chat_design_preset
65.42,6.674035,6.542000,0.029403,0.102632,synthetic_chat_design_preset
65.43,6.678843,6.543000,0.043702,0.092142,synthetic_chat_design_preset
65.44,6.683737,6.544000,0.057521,0.082216,synthetic_chat_design_preset
65.45,6.688619,6.545000,0.070711,0.072908,synthetic_chat_design_preset
65.46,6.693383,6.546000,0.083125,0.064257,synthetic_chat_design_preset
65.47,6.697914,6.547000,0.094629,0.056285,synthetic_chat_design_preset
65.48,6.702095,6.548000,0.105097,0.048999,synthetic_chat_design_preset
65.49,6.705806,6.549000,0.114412,0.042394,synthetic_chat_design_preset
65.50,6.708929,6.550000,0.122474,0.036454,synthetic_chat_design_preset
65.51,6.711349,6.551000,0.129195,0.031154,synthetic_chat_design_preset
65.52,6.712960,6.552000,0.134500,0.026461,synthetic_chat_design_preset
65.53,6.713668,6.553000,0.138331,0.022337,synthetic_chat_design_preset
65.54,6.713386,6.554000,0.140647,0.018739,synthetic_chat_design_preset
65.55,6.712046,6.555000,0.141421,0.015625,synthetic_chat_design_preset
65.56,6.709595,6.556000,0.140647,0.012948,synthetic_chat_design_preset
65.57,6.705995,6.557000,0.138331,0.010664,synthetic_chat_design_preset
65.58,6.701229,6.558000,0.134500,0.008729,synthetic_chat_design_preset
65.59,6.695296,6.559000,0.129195,0.007101,synthetic_chat_design_preset
65.60,6.688216,6.560000,0.122474,0.005741,synthetic_chat_design_preset
65.61,6.680026,6.561000,0.114412,0.004613,synthetic_chat_design_preset
65.62,6.670781,6.562000,0.105097,0.003684,synthetic_chat_design_preset
65.63,6.660553,6.563000,0.094629,0.002924,synthetic_chat_design_preset
65.64,6.649432,6.564000,0.083125,0.002307,synthetic_chat_design_preset
65.65,6.637519,6.565000,0.070711,0.001808,synthetic_chat_design_preset
65.66,6.624930,6.566000,0.057521,0.001409,synthetic_chat_design_preset
65.67,6.611793,6.567000,0.043702,0.001091,synthetic_chat_design_preset
65.68,6.598243,6.568000,0.029403,0.000840,synthetic_chat_design_preset
65.69,6.584425,6.569000,0.014783,0.000642,synthetic_chat_design_preset
65.70,6.570488,6.570000,-0.000000,0.000488,synthetic_chat_design_preset
65.71,6.556586,6.571000,-0.014783,0.000369,synthetic_chat_design_preset
65.72,6.542874,6.572000,-0.029403,0.000277,synthetic_chat_design_preset
65.73,6.529505,6.573000,-0.043702,0.000207,synthetic_chat_design_preset
65.74,6.516632,6.574000,-0.057521,0.000153,synthetic_chat_design_preset
65.75,6.504402,6.575000,-0.070711,0.000113,synthetic_chat_design_preset
65.76,6.492875,6.576000,-0.083125,0.000000,synthetic_chat_design_preset
65.77,6.482371,6.577000,-0.094629,0.000000,synthetic_chat_design_preset
65.78,6.472903,6.578000,-0.105097,0.000000,synthetic_chat_design_preset
65.79,6.464588,6.579000,-0.114412,0.000000,synthetic_chat_design_preset
65.80,6.457526,6.580000,-0.122474,0.000000,synthetic_chat_design_preset
65.81,6.451805,6.581000,-0.129195,0.000000,synthetic_chat_design_preset
65.82,6.447500,6.582000,-0.134500,0.000000,synthetic_chat_design_preset
65.83,6.444669,6.583000,-0.138331,0.000000,synthetic_chat_design_preset
65.84,6.443353,6.584000,-0.140647,0.000000,synthetic_chat_design_preset
65.85,6.443579,6.585000,-0.141421,0.000000,synthetic_chat_design_preset
65.86,6.445353,6.586000,-0.140647,0.000000,synthetic_chat_design_preset
65.87,6.448669,6.587000,-0.138331,0.000000,synthetic_chat_design_preset
65.88,6.453500,6.588000,-0.134500,0.000000,synthetic_chat_design_preset
65.89,6.459805,6.589000,-0.129195,0.000000,synthetic_chat_design_preset
65.90,6.467526,6.590000,-0.122474,0.000000,synthetic_chat_design_preset
65.91,6.476588,6.591000,-0.114412,0.000000,synthetic_chat_design_preset
65.92,6.486903,6.592000,-0.105097,0.000000,synthetic_chat_design_preset
65.93,6.498371,6.593000,-0.094629,0.000000,synthetic_chat_design_preset
65.94,6.510875,6.594000,-0.083125,0.000000,synthetic_chat_design_preset
65.95,6.524289,6.595000,-0.070711,0.000000,synthetic_chat_design_preset
65.96,6.538479,6.596000,-0.057521,0.000000,synthetic_chat_design_preset
65.97,6.553298,6.597000,-0.043702,0.000000,synthetic_chat_design_preset
65.98,6.568597,6.598000,-0.029403,0.000000,synthetic_chat_design_preset
65.99,6.584217,6.599000,-0.014783,0.000000,synthetic_chat_design_preset
66.00,6.600000,6.600000,0.000000,0.000000,synthetic_chat_design_preset
66.01,6.615783,6.601000,0.014783,0.000000,synthetic_chat_design_preset
66.02,6.631403,6.602000,0.029403,0.000000,synthetic_chat_design_preset
66.03,6.646702,6.603000,0.043702,0.000000,synthetic_chat_design_preset
66.04,6.661521,6.604000,0.057521,0.000000,synthetic_chat_design_preset
66.05,6.675711,6.605000,0.070711,0.000000,synthetic_chat_design_preset
66.06,6.689125,6.606000,0.083125,0.000000,synthetic_chat_design_preset
66.07,6.701629,6.607000,0.094629,0.000000,synthetic_chat_design_preset
66.08,6.713097,6.608000,0.105097,0.000000,synthetic_chat_design_preset
66.09,6.723412,6.609000,0.114412,0.000000,synthetic_chat_design_preset
66.10,6.732474,6.610000,0.122474,0.000000,synthetic_chat_design_preset
66.11,6.740195,6.611000,0.129195,0.000000,synthetic_chat_design_preset
66.12,6.746500,6.612000,0.134500,0.000000,synthetic_chat_design_preset
66.13,6.751331,6.613000,0.138331,0.000000,synthetic_chat_design_preset
66.14,6.754647,6.614000,0.140647,0.000000,synthetic_chat_design_preset
66.15,6.756421,6.615000,0.141421,0.000000,synthetic_chat_design_preset
66.16,6.756647,6.616000,0.140647,0.000000,synthetic_chat_design_preset
66.17,6.755331,6.617000,0.138331,0.000000,synthetic_chat_design_preset
66.18,6.752500,6.618000,0.134500,0.000000,synthetic_chat_design_preset
66.19,6.748195,6.619000,0.129195,0.000000,synthetic_chat_design_preset
66.20,6.742474,6.620000,0.122474,0.000000,synthetic_chat_design_preset
66.21,6.735412,6.621000,0.114412,0.000000,synthetic_chat_design_preset
66.22,6.727097,6.622000,0.105097,0.000000,synthetic_chat_design_preset
66.23,6.717629,6.623000,0.094629,0.000000,synthetic_chat_design_preset
66.24,6.707208,6.624000,0.083125,0.000083,synthetic_chat_design_preset
66.25,6.695824,6.625000,0.070711,0.000113,synthetic_chat_design_preset
66.26,6.683675,6.626000,0.057521,0.000153,synthetic_chat_design_preset
66.27,6.670908,6.627000,0.043702,0.000207,synthetic_chat_design_preset
66.28,6.657680,6.628000,0.029403,0.000277,synthetic_chat_design_preset
66.29,6.644151,6.629000,0.014783,0.000369,synthetic_chat_design_preset
66.30,6.630488,6.630000,-0.000000,0.000488,synthetic_chat_design_preset
66.31,6.616860,6.631000,-0.014783,0.000642,synthetic_chat_design_preset
66.32,6.603437,6.632000,-0.029403,0.000840,synthetic_chat_design_preset
66.33,6.590389,6.633000,-0.043702,0.001091,synthetic_chat_design_preset
66.34,6.577888,6.634000,-0.057521,0.001409,synthetic_chat_design_preset
66.35,6.566098,6.635000,-0.070711,0.001808,synthetic_chat_design_preset
66.36,6.555181,6.636000,-0.083125,0.002307,synthetic_chat_design_preset
66.37,6.545295,6.637000,-0.094629,0.002924,synthetic_chat_design_preset
66.38,6.536588,6.638000,-0.105097,0.003684,synthetic_chat_design_preset
66.39,6.529201,6.639000,-0.114412,0.004613,synthetic_chat_design_preset
66.40,6.523267,6.640000,-0.122474,0.005741,synthetic_chat_design_preset
66.41,6.518906,6.641000,-0.129195,0.007101,synthetic_chat_design_preset
66.42,6.516229,6.642000,-0.134500,0.008729,synthetic_chat_design_preset
66.43,6.515333,6.643000,-0.138331,0.010664,synthetic_chat_design_preset
66.44,6.516302,6.644000,-0.140647,0.012948,synthetic_chat_design_preset
66.45,6.519204,6.645000,-0.141421,0.015625,synthetic_chat_design_preset
66.46,6.524093,6.646000,-0.140647,0.018739,synthetic_chat_design_preset
66.47,6.531006,6.647000,-0.138331,0.022337,synthetic_chat_design_preset
66.48,6.539961,6.648000,-0.134500,0.026461,synthetic_chat_design_preset
66.49,6.550959,6.649000,-0.129195,0.031154,synthetic_chat_design_preset
66.50,6.563980,6.650000,-0.122474,0.036454,synthetic_chat_design_preset
66.51,6.578982,6.651000,-0.114412,0.042394,synthetic_chat_design_preset
66.52,6.595902,6.652000,-0.105097,0.048999,synthetic_chat_design_preset
66.53,6.614655,6.653000,-0.094629,0.056285,synthetic_chat_design_preset
66.54,6.635132,6.654000,-0.083125,0.064257,synthetic_chat_design_preset
66.55,6.657197,6.655000,-0.070711,0.072908,synthetic_chat_design_preset
66.56,6.680694,6.656000,-0.057521,0.082216,synthetic_chat_design_preset
66.57,6.705440,6.657000,-0.043702,0.092142,synthetic_chat_design_preset
66.58,6.731229,6.658000,-0.029403,0.102632,synthetic_chat_design_preset
66.59,6.757832,6.659000,-0.014783,0.113615,synthetic_chat_design_preset
66.60,6.785000,6.660000,-0.000000,0.125000,synthetic_chat_design_preset
66.61,6.812464,6.661000,0.014783,0.136681,synthetic_chat_design_preset
66.62,6.839940,6.662000,0.029403,0.148536,synthetic_chat_design_preset
66.63,6.867130,6.663000,0.043702,0.160428,synthetic_chat_design_preset
66.64,6.893729,6.664000,0.057521,0.172208,synthetic_chat_design_preset
66.65,6.919427,6.665000,0.070711,0.183717,synthetic_chat_design_preset
66.66,6.943917,6.666000,0.083125,0.194791,synthetic_chat_design_preset
66.67,6.966894,6.667000,0.094629,0.205264,synthetic_chat_design_preset
66.68,6.988069,6.668000,0.105097,0.214972,synthetic_chat_design_preset
66.69,7.007169,6.669000,0.114412,0.223756,synthetic_chat_design_preset
66.70,7.023943,6.670000,0.122474,0.231469,synthetic_chat_design_preset
66.71,7.038171,6.671000,0.129195,0.237976,synthetic_chat_design_preset
66.72,7.049663,6.672000,0.134500,0.243164,synthetic_chat_design_preset
66.73,7.058269,6.673000,0.138331,0.246938,synthetic_chat_design_preset
66.74,7.063878,6.674000,0.140647,0.249231,synthetic_chat_design_preset
66.75,7.066421,6.675000,0.141421,0.250000,synthetic_chat_design_preset
66.76,7.065878,6.676000,0.140647,0.249231,synthetic_chat_design_preset
66.77,7.062269,6.677000,0.138331,0.246938,synthetic_chat_design_preset
66.78,7.055663,6.678000,0.134500,0.243164,synthetic_chat_design_preset
66.79,7.046171,6.679000,0.129195,0.237976,synthetic_chat_design_preset
66.80,7.033943,6.680000,0.122474,0.231469,synthetic_chat_design_preset
66.81,7.019169,6.681000,0.114412,0.223756,synthetic_chat_design_preset
66.82,7.002069,6.682000,0.105097,0.214972,synthetic_chat_design_preset
66.83,6.982894,6.683000,0.094629,0.205264,synthetic_chat_design_preset
66.84,6.961917,6.684000,0.083125,0.194791,synthetic_chat_design_preset
66.85,6.939427,6.685000,0.070711,0.183717,synthetic_chat_design_preset
66.86,6.915729,6.686000,0.057521,0.172208,synthetic_chat_design_preset
66.87,6.891130,6.687000,0.043702,0.160428,synthetic_chat_design_preset
66.88,6.865940,6.688000,0.029403,0.148536,synthetic_chat_design_preset
66.89,6.840464,6.689000,0.014783,0.136681,synthetic_chat_design_preset
66.90,6.815000,6.690000,0.000000,0.125000,synthetic_chat_design_preset
66.91,6.789832,6.691000,-0.014783,0.113615,synthetic_chat_design_preset
66.92,6.765229,6.692000,-0.029403,0.102632,synthetic_chat_design_preset
66.93,6.741440,6.693000,-0.043702,0.092142,synthetic_chat_design_preset
66.94,6.718694,6.694000,-0.057521,0.082216,synthetic_chat_design_preset
66.95,6.697197,6.695000,-0.070711,0.072908,synthetic_chat_design_preset
66.96,6.677132,6.696000,-0.083125,0.064257,synthetic_chat_design_preset
66.97,6.658655,6.697000,-0.094629,0.056285,synthetic_chat_design_preset
66.98,6.641902,6.698000,-0.105097,0.048999,synthetic_chat_design_preset
66.99,6.626982,6.699000,-0.114412,0.042394,synthetic_chat_design_preset
67.00,6.613980,6.700000,-0.122474,0.036454,synthetic_chat_design_preset
67.01,6.602959,6.701000,-0.129195,0.031154,synthetic_chat_design_preset
67.02,6.593961,6.702000,-0.134500,0.026461,synthetic_chat_design_preset
67.03,6.587006,6.703000,-0.138331,0.022337,synthetic_chat_design_preset
67.04,6.582093,6.704000,-0.140647,0.018739,synthetic_chat_design_preset
67.05,6.579204,6.705000,-0.141421,0.015625,synthetic_chat_design_preset
67.06,6.578302,6.706000,-0.140647,0.012948,synthetic_chat_design_preset
67.07,6.579333,6.707000,-0.138331,0.010664,synthetic_chat_design_preset
67.08,6.582229,6.708000,-0.134500,0.008729,synthetic_chat_design_preset
67.09,6.586906,6.709000,-0.129195,0.007101,synthetic_chat_design_preset
67.10,6.593267,6.710000,-0.122474,0.005741,synthetic_chat_design_preset
67.11,6.601201,6.711000,-0.114412,0.004613,synthetic_chat_design_preset
67.12,6.610588,6.712000,-0.105097,0.003684,synthetic_chat_design_preset
67.13,6.621295,6.713000,-0.094629,0.002924,synthetic_chat_design_preset
67.14,6.633181,6.714000,-0.083125,0.002307,synthetic_chat_design_preset
67.15,6.646098,6.715000,-0.070711,0.001808,synthetic_chat_design_preset
67.16,6.659888,6.716000,-0.057521,0.001409,synthetic_chat_design_preset
67.17,6.674389,6.717000,-0.043702,0.001091,synthetic_chat_design_preset
67.18,6.689437,6.718000,-0.029403,0.000840,synthetic_chat_design_preset
67.19,6.704860,6.719000,-0.014783,0.000642,synthetic_chat_design_preset
67.20,6.720488,6.720000,-0.000000,0.000488,synthetic_chat_design_preset
67.21,6.736151,6.721000,0.014783,0.000369,synthetic_chat_design_preset
67.22,6.751680,6.722000,0.029403,0.000277,synthetic_chat_design_preset
67.23,6.766908,6.723000,0.043702,0.000207,synthetic_chat_design_preset
67.24,6.781675,6.724000,0.057521,0.000153,synthetic_chat_design_preset
67.25,6.795824,6.725000,0.070711,0.000113,synthetic_chat_design_preset
67.26,6.809125,6.726000,0.083125,0.000000,synthetic_chat_design_preset
67.27,6.821629,6.727000,0.094629,0.000000,synthetic_chat_design_preset
67.28,6.833097,6.728000,0.105097,0.000000,synthetic_chat_design_preset
67.29,6.843412,6.729000,0.114412,0.000000,synthetic_chat_design_preset
67.30,6.852474,6.730000,0.122474,0.000000,synthetic_chat_design_preset
67.31,6.860195,6.731000,0.129195,0.000000,synthetic_chat_design_preset
67.32,6.866500,6.732000,0.134500,0.000000,synthetic_chat_design_preset
67.33,6.871331,6.733000,0.138331,0.000000,synthetic_chat_design_preset
67.34,6.874647,6.734000,0.140647,0.000000,synthetic_chat_design_preset
67.35,6.876421,6.735000,0.141421,0.000000,synthetic_chat_design_preset
67.36,6.876647,6.736000,0.140647,0.000000,synthetic_chat_design_preset
67.37,6.875331,6.737000,0.138331,0.000000,synthetic_chat_design_preset
67.38,6.872500,6.738000,0.134500,0.000000,synthetic_chat_design_preset
67.39,6.868195,6.739000,0.129195,0.000000,synthetic_chat_design_preset
67.40,6.862474,6.740000,0.122474,0.000000,synthetic_chat_design_preset
67.41,6.855412,6.741000,0.114412,0.000000,synthetic_chat_design_preset
67.42,6.847097,6.742000,0.105097,0.000000,synthetic_chat_design_preset
67.43,6.837629,6.743000,0.094629,0.000000,synthetic_chat_design_preset
67.44,6.827125,6.744000,0.083125,0.000000,synthetic_chat_design_preset
67.45,6.815711,6.745000,0.070711,0.000000,synthetic_chat_design_preset
67.46,6.803521,6.746000,0.057521,0.000000,synthetic_chat_design_preset
67.47,6.790702,6.747000,0.043702,0.000000,synthetic_chat_design_preset
67.48,6.777403,6.748000,0.029403,0.000000,synthetic_chat_design_preset
67.49,6.763783,6.749000,0.014783,0.000000,synthetic_chat_design_preset
67.50,6.750000,6.750000,0.000000,0.000000,synthetic_chat_design_preset
67.51,6.736217,6.751000,-0.014783,0.000000,synthetic_chat_design_preset
67.52,6.722597,6.752000,-0.029403,0.000000,synthetic_chat_design_preset
67.53,6.709298,6.753000,-0.043702,0.000000,synthetic_chat_design_preset
67.54,6.696479,6.754000,-0.057521,0.000000,synthetic_chat_design_preset
67.55,6.684289,6.755000,-0.070711,0.000000,synthetic_chat_design_preset
67.56,6.672875,6.756000,-0.083125,0.000000,synthetic_chat_design_preset
67.57,6.662371,6.757000,-0.094629,0.000000,synthetic_chat_design_preset
67.58,6.652903,6.758000,-0.105097,0.000000,synthetic_chat_design_preset
67.59,6.644588,6.759000,-0.114412,0.000000,synthetic_chat_design_preset
67.60,6.637526,6.760000,-0.122474,0.000000,synthetic_chat_design_preset
67.61,6.631805,6.761000,-0.129195,0.000000,synthetic_chat_design_preset
67.62,6.627500,6.762000,-0.134500,0.000000,synthetic_chat_design_preset
67.63,6.624669,6.763000,-0.138331,0.000000,synthetic_chat_design_preset
67.64,6.623353,6.764000,-0.140647,0.000000,synthetic_chat_design_preset
67.65,6.623579,6.765000,-0.141421,0.000000,synthetic_chat_design_preset
67.66,6.625353,6.766000,-0.140647,0.000000,synthetic_chat_design_preset
67.67,6.628669,6.767000,-0.138331,0.000000,synthetic_chat_design_preset
67.68,6.633500,6.768000,-0.134500,0.000000,synthetic_chat_design_preset
67.69,6.639805,6.769000,-0.129195,0.000000,synthetic_chat_design_preset
67.70,6.647526,6.770000,-0.122474,0.000000,synthetic_chat_design_preset
67.71,6.656588,6.771000,-0.114412,0.000000,synthetic_chat_design_preset
67.72,6.666903,6.772000,-0.105097,0.000000,synthetic_chat_design_preset
67.73,6.678371,6.773000,-0.094629,0.000000,synthetic_chat_design_preset
67.74,6.690957,6.774000,-0.083125,0.000083,synthetic_chat_design_preset
67.75,6.704402,6.775000,-0.070711,0.000113,synthetic_chat_design_preset
67.76,6.718632,6.776000,-0.057521,0.000153,synthetic_chat_design_preset
67.77,6.733505,6.777000,-0.043702,0.000207,synthetic_chat_design_preset
67.78,6.748874,6.778000,-0.029403,0.000277,synthetic_chat_design_preset
67.79,6.764586,6.779000,-0.014783,0.000369,synthetic_chat_design_preset
67.80,6.780488,6.780000,-0.000000,0.000488,synthetic_chat_design_preset
67.81,6.796425,6.781000,0.014783,0.000642,synthetic_chat_design_preset
67.82,6.812243,6.782000,0.029403,0.000840,synthetic_chat_design_preset
67.83,6.827793,6.783000,0.043702,0.001091,synthetic_chat_design_preset
67.84,6.842930,6.784000,0.057521,0.001409,synthetic_chat_design_preset
67.85,6.857519,6.785000,0.070711,0.001808,synthetic_chat_design_preset
67.86,6.871432,6.786000,0.083125,0.002307,synthetic_chat_design_preset
67.87,6.884553,6.787000,0.094629,0.002924,synthetic_chat_design_preset
67.88,6.896781,6.788000,0.105097,0.003684,synthetic_chat_design_preset
67.89,6.908026,6.789000,0.114412,0.004613,synthetic_chat_design_preset
67.90,6.918216,6.790000,0.122474,0.005741,synthetic_chat_design_preset
67.91,6.927296,6.791000,0.129195,0.007101,synthetic_chat_design_preset
67.92,6.935229,6.792000,0.134500,0.008729,synthetic_chat_design_preset
67.93,6.941995,6.793000,0.138331,0.010664,synthetic_chat_design_preset
67.94,6.947595,6.794000,0.140647,0.012948,synthetic_chat_design_preset
67.95,6.952046,6.795000,0.141421,0.015625,synthetic_chat_design_preset
67.96,6.955386,6.796000,0.140647,0.018739,synthetic_chat_design_preset
67.97,6.957668,6.797000,0.138331,0.022337,synthetic_chat_design_preset
67.98,6.958960,6.798000,0.134500,0.026461,synthetic_chat_design_preset
67.99,6.959349,6.799000,0.129195,0.031154,synthetic_chat_design_preset
68.00,6.958929,6.800000,0.122474,0.036454,synthetic_chat_design_preset
68.01,6.957806,6.801000,0.114412,0.042394,synthetic_chat_design_preset
68.02,6.956095,6.802000,0.105097,0.048999,synthetic_chat_design_preset
68.03,6.953914,6.803000,0.094629,0.056285,synthetic_chat_design_preset
68.04,6.951383,6.804000,0.083125,0.064257,synthetic_chat_design_preset
68.05,6.948619,6.805000,0.070711,0.072908,synthetic_chat_design_preset
68.06,6.945737,6.806000,0.057521,0.082216,synthetic_chat_design_preset
68.07,6.942843,6.807000,0.043702,0.092142,synthetic_chat_design_preset
68.08,6.940035,6.808000,0.029403,0.102632,synthetic_chat_design_preset
68.09,6.937397,6.809000,0.014783,0.113615,synthetic_chat_design_preset
68.10,6.935000,6.810000,0.000000,0.125000,synthetic_chat_design_preset
68.11,6.932899,6.811000,-0.014783,0.136681,synthetic_chat_design_preset
68.12,6.931133,6.812000,-0.029403,0.148536,synthetic_chat_design_preset
68.13,6.929727,6.813000,-0.043702,0.160428,synthetic_chat_design_preset
68.14,6.928687,6.814000,-0.057521,0.172208,synthetic_chat_design_preset
68.15,6.928006,6.815000,-0.070711,0.183717,synthetic_chat_design_preset
68.16,6.927666,6.816000,-0.083125,0.194791,synthetic_chat_design_preset
68.17,6.927635,6.817000,-0.094629,0.205264,synthetic_chat_design_preset
68.18,6.927876,6.818000,-0.105097,0.214972,synthetic_chat_design_preset
68.19,6.928344,6.819000,-0.114412,0.223756,synthetic_chat_design_preset
68.20,6.928994,6.820000,-0.122474,0.231469,synthetic_chat_design_preset
68.21,6.929781,6.821000,-0.129195,0.237976,synthetic_chat_design_preset
68.22,6.930664,6.822000,-0.134500,0.243164,synthetic_chat_design_preset
68.23,6.931607,6.823000,-0.138331,0.246938,synthetic_chat_design_preset
68.24,6.932584,6.824000,-0.140647,0.249231,synthetic_chat_design_preset
68.25,6.933579,6.825000,-0.141421,0.250000,synthetic_chat_design_preset
68.26,6.934584,6.826000,-0.140647,0.249231,synthetic_chat_design_preset
68.27,6.935607,6.827000,-0.138331,0.246938,synthetic_chat_design_preset
68.28,6.936664,6.828000,-0.134500,0.243164,synthetic_chat_design_preset
68.29,6.937781,6.829000,-0.129195,0.237976,synthetic_chat_design_preset
68.30,6.938994,6.830000,-0.122474,0.231469,synthetic_chat_design_preset
68.31,6.940344,6.831000,-0.114412,0.223756,synthetic_chat_design_preset
68.32,6.941876,6.832000,-0.105097,0.214972,synthetic_chat_design_preset
68.33,6.943635,6.833000,-0.094629,0.205264,synthetic_chat_design_preset
68.34,6.945666,6.834000,-0.083125,0.194791,synthetic_chat_design_preset
68.35,6.948006,6.835000,-0.070711,0.183717,synthetic_chat_design_preset
68.36,6.950687,6.836000,-0.057521,0.172208,synthetic_chat_design_preset
68.37,6.953727,6.837000,-0.043702,0.160428,synthetic_chat_design_preset
68.38,6.957133,6.838000,-0.029403,0.148536,synthetic_chat_design_preset
68.39,6.960899,6.839000,-0.014783,0.136681,synthetic_chat_design_preset
68.40,6.965000,6.840000,0.000000,0.125000,synthetic_chat_design_preset
68.41,6.969397,6.841000,0.014783,0.113615,synthetic_chat_design_preset
68.42,6.974035,6.842000,0.029403,0.102632,synthetic_chat_design_preset
68.43,6.978843,6.843000,0.043702,0.092142,synthetic_chat_design_preset
68.44,6.983737,6.844000,0.057521,0.082216,synthetic_chat_design_preset
68.45,6.988619,6.845000,0.070711,0.072908,synthetic_chat_design_preset
68.46,6.993383,6.846000,0.083125,0.064257,synthetic_chat_design_preset
68.47,6.997914,6.847000,0.094629,0.056285,synthetic_chat_design_preset
68.48,7.002095,6.848000,0.105097,0.048999,synthetic_chat_design_preset
68.49,7.005806,6.849000,0.114412,0.042394,synthetic_chat_design_preset
68.50,7.008929,6.850000,0.122474,0.036454,synthetic_chat_design_preset
68.51,7.011349,6.851000,0.129195,0.031154,synthetic_chat_design_preset
68.52,7.012960,6.852000,0.134500,0.026461,synthetic_chat_design_preset
68.53,7.013668,6.853000,0.138331,0.022337,synthetic_chat_design_preset
68.54,7.013386,6.854000,0.140647,0.018739,synthetic_chat_design_preset
68.55,7.012046,6.855000,0.141421,0.015625,synthetic_chat_design_preset
68.56,7.009595,6.856000,0.140647,0.012948,synthetic_chat_design_preset
68.57,7.005995,6.857000,0.138331,0.010664,synthetic_chat_design_preset
68.58,7.001229,6.858000,0.134500,0.008729,synthetic_chat_design_preset
68.59,6.995296,6.859000,0.129195,0.007101,synthetic_chat_design_preset
68.60,6.988216,6.860000,0.122474,0.005741,synthetic_chat_design_preset
68.61,6.980026,6.861000,0.114412,0.004613,synthetic_chat_design_preset
68.62,6.970781,6.862000,0.105097,0.003684,synthetic_chat_design_preset
68.63,6.960553,6.863000,0.094629,0.002924,synthetic_chat_design_preset
68.64,6.949432,6.864000,0.083125,0.002307,synthetic_chat_design_preset
68.65,6.937519,6.865000,0.070711,0.001808,synthetic_chat_design_preset
68.66,6.924930,6.866000,0.057521,0.001409,synthetic_chat_design_preset
68.67,6.911793,6.867000,0.043702,0.001091,synthetic_chat_design_preset
68.68,6.898243,6.868000,0.029403,0.000840,synthetic_chat_design_preset
68.69,6.884425,6.869000,0.014783,0.000642,synthetic_chat_design_preset
68.70,6.870488,6.870000,-0.000000,0.000488,synthetic_chat_design_preset
68.71,6.856586,6.871000,-0.014783,0.000369,synthetic_chat_design_preset
68.72,6.842874,6.872000,-0.029403,0.000277,synthetic_chat_design_preset
68.73,6.829505,6.873000,-0.043702,0.000207,synthetic_chat_design_preset
68.74,6.816632,6.874000,-0.057521,0.000153,synthetic_chat_design_preset
68.75,6.804402,6.875000,-0.070711,0.000113,synthetic_chat_design_preset
68.76,6.792875,6.876000,-0.083125,0.000000,synthetic_chat_design_preset
68.77,6.782371,6.877000,-0.094629,0.000000,synthetic_chat_design_preset
68.78,6.772903,6.878000,-0.105097,0.000000,synthetic_chat_design_preset
68.79,6.764588,6.879000,-0.114412,0.000000,synthetic_chat_design_preset
68.80,6.757526,6.880000,-0.122474,0.000000,synthetic_chat_design_preset
68.81,6.751805,6.881000,-0.129195,0.000000,synthetic_chat_design_preset
68.82,6.747500,6.882000,-0.134500,0.000000,synthetic_chat_design_preset
68.83,6.744669,6.883000,-0.138331,0.000000,synthetic_chat_design_preset
68.84,6.743353,6.884000,-0.140647,0.000000,synthetic_chat_design_preset
68.85,6.743579,6.885000,-0.141421,0.000000,synthetic_chat_design_preset
68.86,6.745353,6.886000,-0.140647,0.000000,synthetic_chat_design_preset
68.87,6.748669,6.887000,-0.138331,0.000000,synthetic_chat_design_preset
68.88,6.753500,6.888000,-0.134500,0.000000,synthetic_chat_design_preset
68.89,6.759805,6.889000,-0.129195,0.000000,synthetic_chat_design_preset
68.90,6.767526,6.890000,-0.122474,0.000000,synthetic_chat_design_preset
68.91,6.776588,6.891000,-0.114412,0.000000,synthetic_chat_design_preset
68.92,6.786903,6.892000,-0.105097,0.000000,synthetic_chat_design_preset
68.93,6.798371,6.893000,-0.094629,0.000000,synthetic_chat_design_preset
68.94,6.810875,6.894000,-0.083125,0.000000,synthetic_chat_design_preset
68.95,6.824289,6.895000,-0.070711,0.000000,synthetic_chat_design_preset
68.96,6.838479,6.896000,-0.057521,0.000000,synthetic_chat_design_preset
68.97,6.853298,6.897000,-0.043702,0.000000,synthetic_chat_design_preset
68.98,6.868597,6.898000,-0.029403,0.000000,synthetic_chat_design_preset
68.99,6.884217,6.899000,-0.014783,0.000000,synthetic_chat_design_preset
69.00,6.900000,6.900000,0.000000,0.000000,synthetic_chat_design_preset
69.01,6.915783,6.901000,0.014783,0.000000,synthetic_chat_design_preset
69.02,6.931403,6.902000,0.029403,0.000000,synthetic_chat_design_preset
69.03,6.946702,6.903000,0.043702,0.000000,synthetic_chat_design_preset
69.04,6.961521,6.904000,0.057521,0.000000,synthetic_chat_design_preset
69.05,6.975711,6.905000,0.070711,0.000000,synthetic_chat_design_preset
69.06,6.989125,6.906000,0.083125,0.000000,synthetic_chat_design_preset
69.07,7.001629,6.907000,0.094629,0.000000,synthetic_chat_design_preset
69.08,7.013097,6.908000,0.105097,0.000000,synthetic_chat_design_preset
69.09,7.023412,6.909000,0.114412,0.000000,synthetic_chat_design_preset
69.10,7.032474,6.910000,0.122474,0.000000,synthetic_chat_design_preset
69.11,7.040195,6.911000,0.129195,0.000000,synthetic_chat_design_preset
69.12,7.046500,6.912000,0.134500,0.000000,synthetic_chat_design_preset
69.13,7.051331,6.913000,0.138331,0.000000,synthetic_chat_design_preset
69.14,7.054647,6.914000,0.140647,0.000000,synthetic_chat_design_preset
69.15,7.056421,6.915000,0.141421,0.000000,synthetic_chat_design_preset
69.16,7.056647,6.916000,0.140647,0.000000,synthetic_chat_design_preset
69.17,7.055331,6.917000,0.138331,0.000000,synthetic_chat_design_preset
69.18,7.052500,6.918000,0.134500,0.000000,synthetic_chat_design_preset
69.19,7.048195,6.919000,0.129195,0.000000,synthetic_chat_design_preset
69.20,7.042474,6.920000,0.122474,0.000000,synthetic_chat_design_preset
69.21,7.035412,6.921000,0.114412,0.000000,synthetic_chat_design_preset
69.22,7.027097,6.922000,0.105097,0.000000,synthetic_chat_design_preset
69.23,7.017629,6.923000,0.094629,0.000000,synthetic_chat_design_preset
69.24,7.007208,6.924000,0.083125,0.000083,synthetic_chat_design_preset
69.25,6.995824,6.925000,0.070711,0.000113,synthetic_chat_design_preset
69.26,6.983675,6.926000,0.057521,0.000153,synthetic_chat_design_preset
69.27,6.970908,6.927000,0.043702,0.000207,synthetic_chat_design_preset
69.28,6.957680,6.928000,0.029403,0.000277,synthetic_chat_design_preset
69.29,6.944151,6.929000,0.014783,0.000369,synthetic_chat_design_preset
69.30,6.930488,6.930000,-0.000000,0.000488,synthetic_chat_design_preset
69.31,6.916860,6.931000,-0.014783,0.000642,synthetic_chat_design_preset
69.32,6.903437,6.932000,-0.029403,0.000840,synthetic_chat_design_preset
69.33,6.890389,6.933000,-0.043702,0.001091,synthetic_chat_design_preset
69.34,6.877888,6.934000,-0.057521,0.001409,synthetic_chat_design_preset
69.35,6.866098,6.935000,-0.070711,0.001808,synthetic_chat_design_preset
69.36,6.855181,6.936000,-0.083125,0.002307,synthetic_chat_design_preset
69.37,6.845295,6.937000,-0.094629,0.002924,synthetic_chat_design_preset
69.38,6.836588,6.938000,-0.105097,0.003684,synthetic_chat_design_preset
69.39,6.829201,6.939000,-0.114412,0.004613,synthetic_chat_design_preset
69.40,6.823267,6.940000,-0.122474,0.005741,synthetic_chat_design_preset
69.41,6.818906,6.941000,-0.129195,0.007101,synthetic_chat_design_preset
69.42,6.816229,6.942000,-0.134500,0.008729,synthetic_chat_design_preset
69.43,6.815333,6.943000,-0.138331,0.010664,synthetic_chat_design_preset
69.44,6.816302,6.944000,-0.140647,0.012948,synthetic_chat_design_preset
69.45,6.819204,6.945000,-0.141421,0.015625,synthetic_chat_design_preset
69.46,6.824093,6.946000,-0.140647,0.018739,synthetic_chat_design_preset
69.47,6.831006,6.947000,-0.138331,0.022337,synthetic_chat_design_preset
69.48,6.839961,6.948000,-0.134500,0.026461,synthetic_chat_design_preset
69.49,6.850959,6.949000,-0.129195,0.031154,synthetic_chat_design_preset
69.50,6.863980,6.950000,-0.122474,0.036454,synthetic_chat_design_preset
69.51,6.878982,6.951000,-0.114412,0.042394,synthetic_chat_design_preset
69.52,6.895902,6.952000,-0.105097,0.048999,synthetic_chat_design_preset
69.53,6.914655,6.953000,-0.094629,0.056285,synthetic_chat_design_preset
69.54,6.935132,6.954000,-0.083125,0.064257,synthetic_chat_design_preset
69.55,6.957197,6.955000,-0.070711,0.072908,synthetic_chat_design_preset
69.56,6.980694,6.956000,-0.057521,0.082216,synthetic_chat_design_preset
69.57,7.005440,6.957000,-0.043702,0.092142,synthetic_chat_design_preset
69.58,7.031229,6.958000,-0.029403,0.102632,synthetic_chat_design_preset
69.59,7.057832,6.959000,-0.014783,0.113615,synthetic_chat_design_preset
69.60,7.085000,6.960000,0.000000,0.125000,synthetic_chat_design_preset
69.61,7.112464,6.961000,0.014783,0.136681,synthetic_chat_design_preset
69.62,7.139940,6.962000,0.029403,0.148536,synthetic_chat_design_preset
69.63,7.167130,6.963000,0.043702,0.160428,synthetic_chat_design_preset
69.64,7.193729,6.964000,0.057521,0.172208,synthetic_chat_design_preset
69.65,7.219427,6.965000,0.070711,0.183717,synthetic_chat_design_preset
69.66,7.243917,6.966000,0.083125,0.194791,synthetic_chat_design_preset
69.67,7.266894,6.967000,0.094629,0.205264,synthetic_chat_design_preset
69.68,7.288069,6.968000,0.105097,0.214972,synthetic_chat_design_preset
69.69,7.307169,6.969000,0.114412,0.223756,synthetic_chat_design_preset
69.70,7.323943,6.970000,0.122474,0.231469,synthetic_chat_design_preset
69.71,7.338171,6.971000,0.129195,0.237976,synthetic_chat_design_preset
69.72,7.349663,6.972000,0.134500,0.243164,synthetic_chat_design_preset
69.73,7.358269,6.973000,0.138331,0.246938,synthetic_chat_design_preset
69.74,7.363878,6.974000,0.140647,0.249231,synthetic_chat_design_preset
69.75,7.366421,6.975000,0.141421,0.250000,synthetic_chat_design_preset
69.76,7.365878,6.976000,0.140647,0.249231,synthetic_chat_design_preset
69.77,7.362269,6.977000,0.138331,0.246938,synthetic_chat_design_preset
69.78,7.355663,6.978000,0.134500,0.243164,synthetic_chat_design_preset
69.79,7.346171,6.979000,0.129195,0.237976,synthetic_chat_design_preset
69.80,7.333943,6.980000,0.122474,0.231469,synthetic_chat_design_preset
69.81,7.319169,6.981000,0.114412,0.223756,synthetic_chat_design_preset
69.82,7.302069,6.982000,0.105097,0.214972,synthetic_chat_design_preset
69.83,7.282894,6.983000,0.094629,0.205264,synthetic_chat_design_preset
69.84,7.261917,6.984000,0.083125,0.194791,synthetic_chat_design_preset
69.85,7.239427,6.985000,0.070711,0.183717,synthetic_chat_design_preset
69.86,7.215729,6.986000,0.057521,0.172208,synthetic_chat_design_preset
69.87,7.191130,6.987000,0.043702,0.160428,synthetic_chat_design_preset
69.88,7.165940,6.988000,0.029403,0.148536,synthetic_chat_design_preset
69.89,7.140464,6.989000,0.014783,0.136681,synthetic_chat_design_preset
69.90,7.115000,6.990000,0.000000,0.125000,synthetic_chat_design_preset
69.91,7.089832,6.991000,-0.014783,0.113615,synthetic_chat_design_preset
69.92,7.065229,6.992000,-0.029403,0.102632,synthetic_chat_design_preset
69.93,7.041440,6.993000,-0.043702,0.092142,synthetic_chat_design_preset
69.94,7.018694,6.994000,-0.057521,0.082216,synthetic_chat_design_preset
69.95,6.997197,6.995000,-0.070711,0.072908,synthetic_chat_design_preset
69.96,6.977132,6.996000,-0.083125,0.064257,synthetic_chat_design_preset
69.97,6.958655,6.997000,-0.094629,0.056285,synthetic_chat_design_preset
69.98,6.941902,6.998000,-0.105097,0.048999,synthetic_chat_design_preset
69.99,6.926982,6.999000,-0.114412,0.042394,synthetic_chat_design_preset
70.00,6.913980,7.000000,-0.122474,0.036454,synthetic_chat_design_preset
70.01,6.902959,7.001000,-0.129195,0.031154,synthetic_chat_design_preset
70.02,6.893961,7.002000,-0.134500,0.026461,synthetic_chat_design_preset
70.03,6.887006,7.003000,-0.138331,0.022337,synthetic_chat_design_preset
70.04,6.882093,7.004000,-0.140647,0.018739,synthetic_chat_design_preset
70.05,6.879204,7.005000,-0.141421,0.015625,synthetic_chat_design_preset
70.06,6.878302,7.006000,-0.140647,0.012948,synthetic_chat_design_preset
70.07,6.879333,7.007000,-0.138331,0.010664,synthetic_chat_design_preset
70.08,6.882229,7.008000,-0.134500,0.008729,synthetic_chat_design_preset
70.09,6.886906,7.009000,-0.129195,0.007101,synthetic_chat_design_preset
70.10,6.893267,7.010000,-0.122474,0.005741,synthetic_chat_design_preset
70.11,6.901201,7.011000,-0.114412,0.004613,synthetic_chat_design_preset
70.12,6.910588,7.012000,-0.105097,0.003684,synthetic_chat_design_preset
70.13,6.921295,7.013000,-0.094629,0.002924,synthetic_chat_design_preset
70.14,6.933181,7.014000,-0.083125,0.002307,synthetic_chat_design_preset
70.15,6.946098,7.015000,-0.070711,0.001808,synthetic_chat_design_preset
70.16,6.959888,7.016000,-0.057521,0.001409,synthetic_chat_design_preset
70.17,6.974389,7.017000,-0.043702,0.001091,synthetic_chat_design_preset
70.18,6.989437,7.018000,-0.029403,0.000840,synthetic_chat_design_preset
70.19,7.004860,7.019000,-0.014783,0.000642,synthetic_chat_design_preset
70.20,7.020488,7.020000,-0.000000,0.000488,synthetic_chat_design_preset
70.21,7.036151,7.021000,0.014783,0.000369,synthetic_chat_design_preset
70.22,7.051680,7.022000,0.029403,0.000277,synthetic_chat_design_preset
70.23,7.066908,7.023000,0.043702,0.000207,synthetic_chat_design_preset
70.24,7.081675,7.024000,0.057521,0.000153,synthetic_chat_design_preset
70.25,7.095824,7.025000,0.070711,0.000113,synthetic_chat_design_preset
70.26,7.109125,7.026000,0.083125,0.000000,synthetic_chat_design_preset
70.27,7.121629,7.027000,0.094629,0.000000,synthetic_chat_design_preset
70.28,7.133097,7.028000,0.105097,0.000000,synthetic_chat_design_preset
70.29,7.143412,7.029000,0.114412,0.000000,synthetic_chat_design_preset
70.30,7.152474,7.030000,0.122474,0.000000,synthetic_chat_design_preset
70.31,7.160195,7.031000,0.129195,0.000000,synthetic_chat_design_preset
70.32,7.166500,7.032000,0.134500,0.000000,synthetic_chat_design_preset
70.33,7.171331,7.033000,0.138331,0.000000,synthetic_chat_design_preset
70.34,7.174647,7.034000,0.140647,0.000000,synthetic_chat_design_preset
70.35,7.176421,7.035000,0.141421,0.000000,synthetic_chat_design_preset
70.36,7.176647,7.036000,0.140647,0.000000,synthetic_chat_design_preset
70.37,7.175331,7.037000,0.138331,0.000000,synthetic_chat_design_preset
70.38,7.172500,7.038000,0.134500,0.000000,synthetic_chat_design_preset
70.39,7.168195,7.039000,0.129195,0.000000,synthetic_chat_design_preset
70.40,7.162474,7.040000,0.122474,0.000000,synthetic_chat_design_preset
70.41,7.155412,7.041000,0.114412,0.000000,synthetic_chat_design_preset
70.42,7.147097,7.042000,0.105097,0.000000,synthetic_chat_design_preset
70.43,7.137629,7.043000,0.094629,0.000000,synthetic_chat_design_preset
70.44,7.127125,7.044000,0.083125,0.000000,synthetic_chat_design_preset
70.45,7.115711,7.045000,0.070711,0.000000,synthetic_chat_design_preset
70.46,7.103521,7.046000,0.057521,0.000000,synthetic_chat_design_preset
70.47,7.090702,7.047000,0.043702,0.000000,synthetic_chat_design_preset
70.48,7.077403,7.048000,0.029403,0.000000,synthetic_chat_design_preset
70.49,7.063783,7.049000,0.014783,0.000000,synthetic_chat_design_preset
70.50,7.050000,7.050000,0.000000,0.000000,synthetic_chat_design_preset
70.51,7.036217,7.051000,-0.014783,0.000000,synthetic_chat_design_preset
70.52,7.022597,7.052000,-0.029403,0.000000,synthetic_chat_design_preset
70.53,7.009298,7.053000,-0.043702,0.000000,synthetic_chat_design_preset
70.54,6.996479,7.054000,-0.057521,0.000000,synthetic_chat_design_preset
70.55,6.984289,7.055000,-0.070711,0.000000,synthetic_chat_design_preset
70.56,6.972875,7.056000,-0.083125,0.000000,synthetic_chat_design_preset
70.57,6.962371,7.057000,-0.094629,0.000000,synthetic_chat_design_preset
70.58,6.952903,7.058000,-0.105097,0.000000,synthetic_chat_design_preset
70.59,6.944588,7.059000,-0.114412,0.000000,synthetic_chat_design_preset
70.60,6.937526,7.060000,-0.122474,0.000000,synthetic_chat_design_preset
70.61,6.931805,7.061000,-0.129195,0.000000,synthetic_chat_design_preset
70.62,6.927500,7.062000,-0.134500,0.000000,synthetic_chat_design_preset
70.63,6.924669,7.063000,-0.138331,0.000000,synthetic_chat_design_preset
70.64,6.923353,7.064000,-0.140647,0.000000,synthetic_chat_design_preset
70.65,6.923579,7.065000,-0.141421,0.000000,synthetic_chat_design_preset
70.66,6.925353,7.066000,-0.140647,0.000000,synthetic_chat_design_preset
70.67,6.928669,7.067000,-0.138331,0.000000,synthetic_chat_design_preset
70.68,6.933500,7.068000,-0.134500,0.000000,synthetic_chat_design_preset
70.69,6.939805,7.069000,-0.129195,0.000000,synthetic_chat_design_preset
70.70,6.947526,7.070000,-0.122474,0.000000,synthetic_chat_design_preset
70.71,6.956588,7.071000,-0.114412,0.000000,synthetic_chat_design_preset
70.72,6.966903,7.072000,-0.105097,0.000000,synthetic_chat_design_preset
70.73,6.978371,7.073000,-0.094629,0.000000,synthetic_chat_design_preset
70.74,6.990957,7.074000,-0.083125,0.000083,synthetic_chat_design_preset
70.75,7.004402,7.075000,-0.070711,0.000113,synthetic_chat_design_preset
70.76,7.018632,7.076000,-0.057521,0.000153,synthetic_chat_design_preset
70.77,7.033505,7.077000,-0.043702,0.000207,synthetic_chat_design_preset
70.78,7.048874,7.078000,-0.029403,0.000277,synthetic_chat_design_preset
70.79,7.064586,7.079000,-0.014783,0.000369,synthetic_chat_design_preset
70.80,7.080488,7.080000,-0.000000,0.000488,synthetic_chat_design_preset
70.81,7.096425,7.081000,0.014783,0.000642,synthetic_chat_design_preset
70.82,7.112243,7.082000,0.029403,0.000840,synthetic_chat_design_preset
70.83,7.127793,7.083000,0.043702,0.001091,synthetic_chat_design_preset
70.84,7.142930,7.084000,0.057521,0.001409,synthetic_chat_design_preset
70.85,7.157519,7.085000,0.070711,0.001808,synthetic_chat_design_preset
70.86,7.171432,7.086000,0.083125,0.002307,synthetic_chat_design_preset
70.87,7.184553,7.087000,0.094629,0.002924,synthetic_chat_design_preset
70.88,7.196781,7.088000,0.105097,0.003684,synthetic_chat_design_preset
70.89,7.208026,7.089000,0.114412,0.004613,synthetic_chat_design_preset
70.90,7.218216,7.090000,0.122474,0.005741,synthetic_chat_design_preset
70.91,7.227296,7.091000,0.129195,0.007101,synthetic_chat_design_preset
70.92,7.235229,7.092000,0.134500,0.008729,synthetic_chat_design_preset
70.93,7.241995,7.093000,0.138331,0.010664,synthetic_chat_design_preset
70.94,7.247595,7.094000,0.140647,0.012948,synthetic_chat_design_preset
70.95,7.252046,7.095000,0.141421,0.015625,synthetic_chat_design_preset
70.96,7.255386,7.096000,0.140647,0.018739,synthetic_chat_design_preset
70.97,7.257668,7.097000,0.138331,0.022337,synthetic_chat_design_preset
70.98,7.258960,7.098000,0.134500,0.026461,synthetic_chat_design_preset
70.99,7.259349,7.099000,0.129195,0.031154,synthetic_chat_design_preset
71.00,7.258929,7.100000,0.122474,0.036454,synthetic_chat_design_preset
71.01,7.257806,7.101000,0.114412,0.042394,synthetic_chat_design_preset
71.02,7.256095,7.102000,0.105097,0.048999,synthetic_chat_design_preset
71.03,7.253914,7.103000,0.094629,0.056285,synthetic_chat_design_preset
71.04,7.251383,7.104000,0.083125,0.064257,synthetic_chat_design_preset
71.05,7.248619,7.105000,0.070711,0.072908,synthetic_chat_design_preset
71.06,7.245737,7.106000,0.057521,0.082216,synthetic_chat_design_preset
71.07,7.242843,7.107000,0.043702,0.092142,synthetic_chat_design_preset
71.08,7.240035,7.108000,0.029403,0.102632,synthetic_chat_design_preset
71.09,7.237397,7.109000,0.014783,0.113615,synthetic_chat_design_preset
71.10,7.235000,7.110000,-0.000000,0.125000,synthetic_chat_design_preset
71.11,7.232899,7.111000,-0.014783,0.136681,synthetic_chat_design_preset
71.12,7.231133,7.112000,-0.029403,0.148536,synthetic_chat_design_preset
71.13,7.229727,7.113000,-0.043702,0.160428,synthetic_chat_design_preset
71.14,7.228687,7.114000,-0.057521,0.172208,synthetic_chat_design_preset
71.15,7.228006,7.115000,-0.070711,0.183717,synthetic_chat_design_preset
71.16,7.227666,7.116000,-0.083125,0.194791,synthetic_chat_design_preset
71.17,7.227635,7.117000,-0.094629,0.205264,synthetic_chat_design_preset
71.18,7.227876,7.118000,-0.105097,0.214972,synthetic_chat_design_preset
71.19,7.228344,7.119000,-0.114412,0.223756,synthetic_chat_design_preset
71.20,7.228994,7.120000,-0.122474,0.231469,synthetic_chat_design_preset
71.21,7.229781,7.121000,-0.129195,0.237976,synthetic_chat_design_preset
71.22,7.230664,7.122000,-0.134500,0.243164,synthetic_chat_design_preset
71.23,7.231607,7.123000,-0.138331,0.246938,synthetic_chat_design_preset
71.24,7.232584,7.124000,-0.140647,0.249231,synthetic_chat_design_preset
71.25,7.233579,7.125000,-0.141421,0.250000,synthetic_chat_design_preset
71.26,7.234584,7.126000,-0.140647,0.249231,synthetic_chat_design_preset
71.27,7.235607,7.127000,-0.138331,0.246938,synthetic_chat_design_preset
71.28,7.236664,7.128000,-0.134500,0.243164,synthetic_chat_design_preset
71.29,7.237781,7.129000,-0.129195,0.237976,synthetic_chat_design_preset
71.30,7.238994,7.130000,-0.122474,0.231469,synthetic_chat_design_preset
71.31,7.240344,7.131000,-0.114412,0.223756,synthetic_chat_design_preset
71.32,7.241876,7.132000,-0.105097,0.214972,synthetic_chat_design_preset
71.33,7.243635,7.133000,-0.094629,0.205264,synthetic_chat_design_preset
71.34,7.245666,7.134000,-0.083125,0.194791,synthetic_chat_design_preset
71.35,7.248006,7.135000,-0.070711,0.183717,synthetic_chat_design_preset
71.36,7.250687,7.136000,-0.057521,0.172208,synthetic_chat_design_preset
71.37,7.253727,7.137000,-0.043702,0.160428,synthetic_chat_design_preset
71.38,7.257133,7.138000,-0.029403,0.148536,synthetic_chat_design_preset
71.39,7.260899,7.139000,-0.014783,0.136681,synthetic_chat_design_preset
71.40,7.265000,7.140000,0.000000,0.125000,synthetic_chat_design_preset
71.41,7.269397,7.141000,0.014783,0.113615,synthetic_chat_design_preset
71.42,7.274035,7.142000,0.029403,0.102632,synthetic_chat_design_preset
71.43,7.278843,7.143000,0.043702,0.092142,synthetic_chat_design_preset
71.44,7.283737,7.144000,0.057521,0.082216,synthetic_chat_design_preset
71.45,7.288619,7.145000,0.070711,0.072908,synthetic_chat_design_preset
71.46,7.293383,7.146000,0.083125,0.064257,synthetic_chat_design_preset
71.47,7.297914,7.147000,0.094629,0.056285,synthetic_chat_design_preset
71.48,7.302095,7.148000,0.105097,0.048999,synthetic_chat_design_preset
71.49,7.305806,7.149000,0.114412,0.042394,synthetic_chat_design_preset
71.50,7.308929,7.150000,0.122474,0.036454,synthetic_chat_design_preset
71.51,7.311349,7.151000,0.129195,0.031154,synthetic_chat_design_preset
71.52,7.312960,7.152000,0.134500,0.026461,synthetic_chat_design_preset
71.53,7.313668,7.153000,0.138331,0.022337,synthetic_chat_design_preset
71.54,7.313386,7.154000,0.140647,0.018739,synthetic_chat_design_preset
71.55,7.312046,7.155000,0.141421,0.015625,synthetic_chat_design_preset
71.56,7.309595,7.156000,0.140647,0.012948,synthetic_chat_design_preset
71.57,7.305995,7.157000,0.138331,0.010664,synthetic_chat_design_preset
71.58,7.301229,7.158000,0.134500,0.008729,synthetic_chat_design_preset
71.59,7.295296,7.159000,0.129195,0.007101,synthetic_chat_design_preset
71.60,7.288216,7.160000,0.122474,0.005741,synthetic_chat_design_preset
71.61,7.280026,7.161000,0.114412,0.004613,synthetic_chat_design_preset
71.62,7.270781,7.162000,0.105097,0.003684,synthetic_chat_design_preset
71.63,7.260553,7.163000,0.094629,0.002924,synthetic_chat_design_preset
71.64,7.249432,7.164000,0.083125,0.002307,synthetic_chat_design_preset
71.65,7.237519,7.165000,0.070711,0.001808,synthetic_chat_design_preset
71.66,7.224930,7.166000,0.057521,0.001409,synthetic_chat_design_preset
71.67,7.211793,7.167000,0.043702,0.001091,synthetic_chat_design_preset
71.68,7.198243,7.168000,0.029403,0.000840,synthetic_chat_design_preset
71.69,7.184425,7.169000,0.014783,0.000642,synthetic_chat_design_preset
71.70,7.170488,7.170000,-0.000000,0.000488,synthetic_chat_design_preset
71.71,7.156586,7.171000,-0.014783,0.000369,synthetic_chat_design_preset
71.72,7.142874,7.172000,-0.029403,0.000277,synthetic_chat_design_preset
71.73,7.129505,7.173000,-0.043702,0.000207,synthetic_chat_design_preset
71.74,7.116632,7.174000,-0.057521,0.000153,synthetic_chat_design_preset
71.75,7.104402,7.175000,-0.070711,0.000113,synthetic_chat_design_preset
71.76,7.092875,7.176000,-0.083125,0.000000,synthetic_chat_design_preset
71.77,7.082371,7.177000,-0.094629,0.000000,synthetic_chat_design_preset
71.78,7.072903,7.178000,-0.105097,0.000000,synthetic_chat_design_preset
71.79,7.064588,7.179000,-0.114412,0.000000,synthetic_chat_design_preset
71.80,7.057526,7.180000,-0.122474,0.000000,synthetic_chat_design_preset
71.81,7.051805,7.181000,-0.129195,0.000000,synthetic_chat_design_preset
71.82,7.047500,7.182000,-0.134500,0.000000,synthetic_chat_design_preset
71.83,7.044669,7.183000,-0.138331,0.000000,synthetic_chat_design_preset
71.84,7.043353,7.184000,-0.140647,0.000000,synthetic_chat_design_preset
71.85,7.043579,7.185000,-0.141421,0.000000,synthetic_chat_design_preset
71.86,7.045353,7.186000,-0.140647,0.000000,synthetic_chat_design_preset
71.87,7.048669,7.187000,-0.138331,0.000000,synthetic_chat_design_preset
71.88,7.053500,7.188000,-0.134500,0.000000,synthetic_chat_design_preset
71.89,7.059805,7.189000,-0.129195,0.000000,synthetic_chat_design_preset
71.90,7.067526,7.190000,-0.122474,0.000000,synthetic_chat_design_preset
71.91,7.076588,7.191000,-0.114412,0.000000,synthetic_chat_design_preset
71.92,7.086903,7.192000,-0.105097,0.000000,synthetic_chat_design_preset
71.93,7.098371,7.193000,-0.094629,0.000000,synthetic_chat_design_preset
71.94,7.110875,7.194000,-0.083125,0.000000,synthetic_chat_design_preset
71.95,7.124289,7.195000,-0.070711,0.000000,synthetic_chat_design_preset
71.96,7.138479,7.196000,-0.057521,0.000000,synthetic_chat_design_preset
71.97,7.153298,7.197000,-0.043702,0.000000,synthetic_chat_design_preset
71.98,7.168597,7.198000,-0.029403,0.000000,synthetic_chat_design_preset
71.99,7.184217,7.199000,-0.014783,0.000000,synthetic_chat_design_preset
72.00,7.200000,7.200000,0.000000,0.000000,synthetic_chat_design_preset
72.01,7.215783,7.201000,0.014783,0.000000,synthetic_chat_design_preset
72.02,7.231403,7.202000,0.029403,0.000000,synthetic_chat_design_preset
72.03,7.246702,7.203000,0.043702,0.000000,synthetic_chat_design_preset
72.04,7.261521,7.204000,0.057521,0.000000,synthetic_chat_design_preset
72.05,7.275711,7.205000,0.070711,0.000000,synthetic_chat_design_preset
72.06,7.289125,7.206000,0.083125,0.000000,synthetic_chat_design_preset
72.07,7.301629,7.207000,0.094629,0.000000,synthetic_chat_design_preset
72.08,7.313097,7.208000,0.105097,0.000000,synthetic_chat_design_preset
72.09,7.323412,7.209000,0.114412,0.000000,synthetic_chat_design_preset
72.10,7.332474,7.210000,0.122474,0.000000,synthetic_chat_design_preset
72.11,7.340195,7.211000,0.129195,0.000000,synthetic_chat_design_preset
72.12,7.346500,7.212000,0.134500,0.000000,synthetic_chat_design_preset
72.13,7.351331,7.213000,0.138331,0.000000,synthetic_chat_design_preset
72.14,7.354647,7.214000,0.140647,0.000000,synthetic_chat_design_preset
72.15,7.356421,7.215000,0.141421,0.000000,synthetic_chat_design_preset
72.16,7.356647,7.216000,0.140647,0.000000,synthetic_chat_design_preset
72.17,7.355331,7.217000,0.138331,0.000000,synthetic_chat_design_preset
72.18,7.352500,7.218000,0.134500,0.000000,synthetic_chat_design_preset
72.19,7.348195,7.219000,0.129195,0.000000,synthetic_chat_design_preset
72.20,7.342474,7.220000,0.122474,0.000000,synthetic_chat_design_preset
72.21,7.335412,7.221000,0.114412,0.000000,synthetic_chat_design_preset
72.22,7.327097,7.222000,0.105097,0.000000,synthetic_chat_design_preset
72.23,7.317629,7.223000,0.094629,0.000000,synthetic_chat_design_preset
72.24,7.307208,7.224000,0.083125,0.000083,synthetic_chat_design_preset
72.25,7.295824,7.225000,0.070711,0.000113,synthetic_chat_design_preset
72.26,7.283675,7.226000,0.057521,0.000153,synthetic_chat_design_preset
72.27,7.270908,7.227000,0.043702,0.000207,synthetic_chat_design_preset
72.28,7.257680,7.228000,0.029403,0.000277,synthetic_chat_design_preset
72.29,7.244151,7.229000,0.014783,0.000369,synthetic_chat_design_preset
72.30,7.230488,7.230000,-0.000000,0.000488,synthetic_chat_design_preset
72.31,7.216860,7.231000,-0.014783,0.000642,synthetic_chat_design_preset
72.32,7.203437,7.232000,-0.029403,0.000840,synthetic_chat_design_preset
72.33,7.190389,7.233000,-0.043702,0.001091,synthetic_chat_design_preset
72.34,7.177888,7.234000,-0.057521,0.001409,synthetic_chat_design_preset
72.35,7.166098,7.235000,-0.070711,0.001808,synthetic_chat_design_preset
72.36,7.155181,7.236000,-0.083125,0.002307,synthetic_chat_design_preset
72.37,7.145295,7.237000,-0.094629,0.002924,synthetic_chat_design_preset
72.38,7.136588,7.238000,-0.105097,0.003684,synthetic_chat_design_preset
72.39,7.129201,7.239000,-0.114412,0.004613,synthetic_chat_design_preset
72.40,7.123267,7.240000,-0.122474,0.005741,synthetic_chat_design_preset
72.41,7.118906,7.241000,-0.129195,0.007101,synthetic_chat_design_preset
72.42,7.116229,7.242000,-0.134500,0.008729,synthetic_chat_design_preset
72.43,7.115333,7.243000,-0.138331,0.010664,synthetic_chat_design_preset
72.44,7.116302,7.244000,-0.140647,0.012948,synthetic_chat_design_preset
72.45,7.119204,7.245000,-0.141421,0.015625,synthetic_chat_design_preset
72.46,7.124093,7.246000,-0.140647,0.018739,synthetic_chat_design_preset
72.47,7.131006,7.247000,-0.138331,0.022337,synthetic_chat_design_preset
72.48,7.139961,7.248000,-0.134500,0.026461,synthetic_chat_design_preset
72.49,7.150959,7.249000,-0.129195,0.031154,synthetic_chat_design_preset
72.50,7.163980,7.250000,-0.122474,0.036454,synthetic_chat_design_preset
72.51,7.178982,7.251000,-0.114412,0.042394,synthetic_chat_design_preset
72.52,7.195902,7.252000,-0.105097,0.048999,synthetic_chat_design_preset
72.53,7.214655,7.253000,-0.094629,0.056285,synthetic_chat_design_preset
72.54,7.235132,7.254000,-0.083125,0.064257,synthetic_chat_design_preset
72.55,7.257197,7.255000,-0.070711,0.072908,synthetic_chat_design_preset
72.56,7.280694,7.256000,-0.057521,0.082216,synthetic_chat_design_preset
72.57,7.305440,7.257000,-0.043702,0.092142,synthetic_chat_design_preset
72.58,7.331229,7.258000,-0.029403,0.102632,synthetic_chat_design_preset
72.59,7.357832,7.259000,-0.014783,0.113615,synthetic_chat_design_preset
72.60,7.385000,7.260000,0.000000,0.125000,synthetic_chat_design_preset
72.61,7.412464,7.261000,0.014783,0.136681,synthetic_chat_design_preset
72.62,7.439940,7.262000,0.029403,0.148536,synthetic_chat_design_preset
72.63,7.467130,7.263000,0.043702,0.160428,synthetic_chat_design_preset
72.64,7.493729,7.264000,0.057521,0.172208,synthetic_chat_design_preset
72.65,7.519427,7.265000,0.070711,0.183717,synthetic_chat_design_preset
72.66,7.543917,7.266000,0.083125,0.194791,synthetic_chat_design_preset
72.67,7.566894,7.267000,0.094629,0.205264,synthetic_chat_design_preset
72.68,7.588069,7.268000,0.105097,0.214972,synthetic_chat_design_preset
72.69,7.607169,7.269000,0.114412,0.223756,synthetic_chat_design_preset
72.70,7.623943,7.270000,0.122474,0.231469,synthetic_chat_design_preset
72.71,7.638171,7.271000,0.129195,0.237976,synthetic_chat_design_preset
72.72,7.649663,7.272000,0.134500,0.243164,synthetic_chat_design_preset
72.73,7.658269,7.273000,0.138331,0.246938,synthetic_chat_design_preset
72.74,7.663878,7.274000,0.140647,0.249231,synthetic_chat_design_preset
72.75,7.666421,7.275000,0.141421,0.250000,synthetic_chat_design_preset
72.76,7.665878,7.276000,0.140647,0.249231,synthetic_chat_design_preset
72.77,7.662269,7.277000,0.138331,0.246938,synthetic_chat_design_preset
72.78,7.655663,7.278000,0.134500,0.243164,synthetic_chat_design_preset
72.79,7.646171,7.279000,0.129195,0.237976,synthetic_chat_design_preset
72.80,7.633943,7.280000,0.122474,0.231469,synthetic_chat_design_preset
72.81,7.619169,7.281000,0.114412,0.223756,synthetic_chat_design_preset
72.82,7.602069,7.282000,0.105097,0.214972,synthetic_chat_design_preset
72.83,7.582894,7.283000,0.094629,0.205264,synthetic_chat_design_preset
72.84,7.561917,7.284000,0.083125,0.194791,synthetic_chat_design_preset
72.85,7.539427,7.285000,0.070711,0.183717,synthetic_chat_design_preset
72.86,7.515729,7.286000,0.057521,0.172208,synthetic_chat_design_preset
72.87,7.491130,7.287000,0.043702,0.160428,synthetic_chat_design_preset
72.88,7.465940,7.288000,0.029403,0.148536,synthetic_chat_design_preset
72.89,7.440464,7.289000,0.014783,0.136681,synthetic_chat_design_preset
72.90,7.415000,7.290000,-0.000000,0.125000,synthetic_chat_design_preset
72.91,7.389832,7.291000,-0.014783,0.113615,synthetic_chat_design_preset
72.92,7.365229,7.292000,-0.029403,0.102632,synthetic_chat_design_preset
72.93,7.341440,7.293000,-0.043702,0.092142,synthetic_chat_design_preset
72.94,7.318694,7.294000,-0.057521,0.082216,synthetic_chat_design_preset
72.95,7.297197,7.295000,-0.070711,0.072908,synthetic_chat_design_preset
72.96,7.277132,7.296000,-0.083125,0.064257,synthetic_chat_design_preset
72.97,7.258655,7.297000,-0.094629,0.056285,synthetic_chat_design_preset
72.98,7.241902,7.298000,-0.105097,0.048999,synthetic_chat_design_preset
72.99,7.226982,7.299000,-0.114412,0.042394,synthetic_chat_design_preset
73.00,7.213980,7.300000,-0.122474,0.036454,synthetic_chat_design_preset
73.01,7.202959,7.301000,-0.129195,0.031154,synthetic_chat_design_preset
73.02,7.193961,7.302000,-0.134500,0.026461,synthetic_chat_design_preset
73.03,7.187006,7.303000,-0.138331,0.022337,synthetic_chat_design_preset
73.04,7.182093,7.304000,-0.140647,0.018739,synthetic_chat_design_preset
73.05,7.179204,7.305000,-0.141421,0.015625,synthetic_chat_design_preset
73.06,7.178302,7.306000,-0.140647,0.012948,synthetic_chat_design_preset
73.07,7.179333,7.307000,-0.138331,0.010664,synthetic_chat_design_preset
73.08,7.182229,7.308000,-0.134500,0.008729,synthetic_chat_design_preset
73.09,7.186906,7.309000,-0.129195,0.007101,synthetic_chat_design_preset
73.10,7.193267,7.310000,-0.122474,0.005741,synthetic_chat_design_preset
73.11,7.201201,7.311000,-0.114412,0.004613,synthetic_chat_design_preset
73.12,7.210588,7.312000,-0.105097,0.003684,synthetic_chat_design_preset
73.13,7.221295,7.313000,-0.094629,0.002924,synthetic_chat_design_preset
73.14,7.233181,7.314000,-0.083125,0.002307,synthetic_chat_design_preset
73.15,7.246098,7.315000,-0.070711,0.001808,synthetic_chat_design_preset
73.16,7.259888,7.316000,-0.057521,0.001409,synthetic_chat_design_preset
73.17,7.274389,7.317000,-0.043702,0.001091,synthetic_chat_design_preset
73.18,7.289437,7.318000,-0.029403,0.000840,synthetic_chat_design_preset
73.19,7.304860,7.319000,-0.014783,0.000642,synthetic_chat_design_preset
73.20,7.320488,7.320000,0.000000,0.000488,synthetic_chat_design_preset
73.21,7.336151,7.321000,0.014783,0.000369,synthetic_chat_design_preset
73.22,7.351680,7.322000,0.029403,0.000277,synthetic_chat_design_preset
73.23,7.366908,7.323000,0.043702,0.000207,synthetic_chat_design_preset
73.24,7.381675,7.324000,0.057521,0.000153,synthetic_chat_design_preset
73.25,7.395824,7.325000,0.070711,0.000113,synthetic_chat_design_preset
73.26,7.409125,7.326000,0.083125,0.000000,synthetic_chat_design_preset
73.27,7.421629,7.327000,0.094629,0.000000,synthetic_chat_design_preset
73.28,7.433097,7.328000,0.105097,0.000000,synthetic_chat_design_preset
73.29,7.443412,7.329000,0.114412,0.000000,synthetic_chat_design_preset
73.30,7.452474,7.330000,0.122474,0.000000,synthetic_chat_design_preset
73.31,7.460195,7.331000,0.129195,0.000000,synthetic_chat_design_preset
73.32,7.466500,7.332000,0.134500,0.000000,synthetic_chat_design_preset
73.33,7.471331,7.333000,0.138331,0.000000,synthetic_chat_design_preset
73.34,7.474647,7.334000,0.140647,0.000000,synthetic_chat_design_preset
73.35,7.476421,7.335000,0.141421,0.000000,synthetic_chat_design_preset
73.36,7.476647,7.336000,0.140647,0.000000,synthetic_chat_design_preset
73.37,7.475331,7.337000,0.138331,0.000000,synthetic_chat_design_preset
73.38,7.472500,7.338000,0.134500,0.000000,synthetic_chat_design_preset
73.39,7.468195,7.339000,0.129195,0.000000,synthetic_chat_design_preset
73.40,7.462474,7.340000,0.122474,0.000000,synthetic_chat_design_preset
73.41,7.455412,7.341000,0.114412,0.000000,synthetic_chat_design_preset
73.42,7.447097,7.342000,0.105097,0.000000,synthetic_chat_design_preset
73.43,7.437629,7.343000,0.094629,0.000000,synthetic_chat_design_preset
73.44,7.427125,7.344000,0.083125,0.000000,synthetic_chat_design_preset
73.45,7.415711,7.345000,0.070711,0.000000,synthetic_chat_design_preset
73.46,7.403521,7.346000,0.057521,0.000000,synthetic_chat_design_preset
73.47,7.390702,7.347000,0.043702,0.000000,synthetic_chat_design_preset
73.48,7.377403,7.348000,0.029403,0.000000,synthetic_chat_design_preset
73.49,7.363783,7.349000,0.014783,0.000000,synthetic_chat_design_preset
73.50,7.350000,7.350000,-0.000000,0.000000,synthetic_chat_design_preset
73.51,7.336217,7.351000,-0.014783,0.000000,synthetic_chat_design_preset
73.52,7.322597,7.352000,-0.029403,0.000000,synthetic_chat_design_preset
73.53,7.309298,7.353000,-0.043702,0.000000,synthetic_chat_design_preset
73.54,7.296479,7.354000,-0.057521,0.000000,synthetic_chat_design_preset
73.55,7.284289,7.355000,-0.070711,0.000000,synthetic_chat_design_preset
73.56,7.272875,7.356000,-0.083125,0.000000,synthetic_chat_design_preset
73.57,7.262371,7.357000,-0.094629,0.000000,synthetic_chat_design_preset
73.58,7.252903,7.358000,-0.105097,0.000000,synthetic_chat_design_preset
73.59,7.244588,7.359000,-0.114412,0.000000,synthetic_chat_design_preset
73.60,7.237526,7.360000,-0.122474,0.000000,synthetic_chat_design_preset
73.61,7.231805,7.361000,-0.129195,0.000000,synthetic_chat_design_preset
73.62,7.227500,7.362000,-0.134500,0.000000,synthetic_chat_design_preset
73.63,7.224669,7.363000,-0.138331,0.000000,synthetic_chat_design_preset
73.64,7.223353,7.364000,-0.140647,0.000000,synthetic_chat_design_preset
73.65,7.223579,7.365000,-0.141421,0.000000,synthetic_chat_design_preset
73.66,7.225353,7.366000,-0.140647,0.000000,synthetic_chat_design_preset
73.67,7.228669,7.367000,-0.138331,0.000000,synthetic_chat_design_preset
73.68,7.233500,7.368000,-0.134500,0.000000,synthetic_chat_design_preset
73.69,7.239805,7.369000,-0.129195,0.000000,synthetic_chat_design_preset
73.70,7.247526,7.370000,-0.122474,0.000000,synthetic_chat_design_preset
73.71,7.256588,7.371000,-0.114412,0.000000,synthetic_chat_design_preset
73.72,7.266903,7.372000,-0.105097,0.000000,synthetic_chat_design_preset
73.73,7.278371,7.373000,-0.094629,0.000000,synthetic_chat_design_preset
73.74,7.290957,7.374000,-0.083125,0.000083,synthetic_chat_design_preset
73.75,7.304402,7.375000,-0.070711,0.000113,synthetic_chat_design_preset
73.76,7.318632,7.376000,-0.057521,0.000153,synthetic_chat_design_preset
73.77,7.333505,7.377000,-0.043702,0.000207,synthetic_chat_design_preset
73.78,7.348874,7.378000,-0.029403,0.000277,synthetic_chat_design_preset
73.79,7.364586,7.379000,-0.014783,0.000369,synthetic_chat_design_preset
73.80,7.380488,7.380000,-0.000000,0.000488,synthetic_chat_design_preset
73.81,7.396425,7.381000,0.014783,0.000642,synthetic_chat_design_preset
73.82,7.412243,7.382000,0.029403,0.000840,synthetic_chat_design_preset
73.83,7.427793,7.383000,0.043702,0.001091,synthetic_chat_design_preset
73.84,7.442930,7.384000,0.057521,0.001409,synthetic_chat_design_preset
73.85,7.457519,7.385000,0.070711,0.001808,synthetic_chat_design_preset
73.86,7.471432,7.386000,0.083125,0.002307,synthetic_chat_design_preset
73.87,7.484553,7.387000,0.094629,0.002924,synthetic_chat_design_preset
73.88,7.496781,7.388000,0.105097,0.003684,synthetic_chat_design_preset
73.89,7.508026,7.389000,0.114412,0.004613,synthetic_chat_design_preset
73.90,7.518216,7.390000,0.122474,0.005741,synthetic_chat_design_preset
73.91,7.527296,7.391000,0.129195,0.007101,synthetic_chat_design_preset
73.92,7.535229,7.392000,0.134500,0.008729,synthetic_chat_design_preset
73.93,7.541995,7.393000,0.138331,0.010664,synthetic_chat_design_preset
73.94,7.547595,7.394000,0.140647,0.012948,synthetic_chat_design_preset
73.95,7.552046,7.395000,0.141421,0.015625,synthetic_chat_design_preset
73.96,7.555386,7.396000,0.140647,0.018739,synthetic_chat_design_preset
73.97,7.557668,7.397000,0.138331,0.022337,synthetic_chat_design_preset
73.98,7.558960,7.398000,0.134500,0.026461,synthetic_chat_design_preset
73.99,7.559349,7.399000,0.129195,0.031154,synthetic_chat_design_preset
74.00,7.558929,7.400000,0.122474,0.036454,synthetic_chat_design_preset
74.01,7.557806,7.401000,0.114412,0.042394,synthetic_chat_design_preset
74.02,7.556095,7.402000,0.105097,0.048999,synthetic_chat_design_preset
74.03,7.553914,7.403000,0.094629,0.056285,synthetic_chat_design_preset
74.04,7.551383,7.404000,0.083125,0.064257,synthetic_chat_design_preset
74.05,7.548619,7.405000,0.070711,0.072908,synthetic_chat_design_preset
74.06,7.545737,7.406000,0.057521,0.082216,synthetic_chat_design_preset
74.07,7.542843,7.407000,0.043702,0.092142,synthetic_chat_design_preset
74.08,7.540035,7.408000,0.029403,0.102632,synthetic_chat_design_preset
74.09,7.537397,7.409000,0.014783,0.113615,synthetic_chat_design_preset
74.10,7.535000,7.410000,-0.000000,0.125000,synthetic_chat_design_preset
74.11,7.532899,7.411000,-0.014783,0.136681,synthetic_chat_design_preset
74.12,7.531133,7.412000,-0.029403,0.148536,synthetic_chat_design_preset
74.13,7.529727,7.413000,-0.043702,0.160428,synthetic_chat_design_preset
74.14,7.528687,7.414000,-0.057521,0.172208,synthetic_chat_design_preset
74.15,7.528006,7.415000,-0.070711,0.183717,synthetic_chat_design_preset
74.16,7.527666,7.416000,-0.083125,0.194791,synthetic_chat_design_preset
74.17,7.527635,7.417000,-0.094629,0.205264,synthetic_chat_design_preset
74.18,7.527876,7.418000,-0.105097,0.214972,synthetic_chat_design_preset
74.19,7.528344,7.419000,-0.114412,0.223756,synthetic_chat_design_preset
74.20,7.528994,7.420000,-0.122474,0.231469,synthetic_chat_design_preset
74.21,7.529781,7.421000,-0.129195,0.237976,synthetic_chat_design_preset
74.22,7.530664,7.422000,-0.134500,0.243164,synthetic_chat_design_preset
74.23,7.531607,7.423000,-0.138331,0.246938,synthetic_chat_design_preset
74.24,7.532584,7.424000,-0.140647,0.249231,synthetic_chat_design_preset
74.25,7.533579,7.425000,-0.141421,0.250000,synthetic_chat_design_preset
74.26,7.534584,7.426000,-0.140647,0.249231,synthetic_chat_design_preset
74.27,7.535607,7.427000,-0.138331,0.246938,synthetic_chat_design_preset
74.28,7.536664,7.428000,-0.134500,0.243164,synthetic_chat_design_preset
74.29,7.537781,7.429000,-0.129195,0.237976,synthetic_chat_design_preset
74.30,7.538994,7.430000,-0.122474,0.231469,synthetic_chat_design_preset
74.31,7.540344,7.431000,-0.114412,0.223756,synthetic_chat_design_preset
74.32,7.541876,7.432000,-0.105097,0.214972,synthetic_chat_design_preset
74.33,7.543635,7.433000,-0.094629,0.205264,synthetic_chat_design_preset
74.34,7.545666,7.434000,-0.083125,0.194791,synthetic_chat_design_preset
74.35,7.548006,7.435000,-0.070711,0.183717,synthetic_chat_design_preset
74.36,7.550687,7.436000,-0.057521,0.172208,synthetic_chat_design_preset
74.37,7.553727,7.437000,-0.043702,0.160428,synthetic_chat_design_preset
74.38,7.557133,7.438000,-0.029403,0.148536,synthetic_chat_design_preset
74.39,7.560899,7.439000,-0.014783,0.136681,synthetic_chat_design_preset
74.40,7.565000,7.440000,0.000000,0.125000,synthetic_chat_design_preset
74.41,7.569397,7.441000,0.014783,0.113615,synthetic_chat_design_preset
74.42,7.574035,7.442000,0.029403,0.102632,synthetic_chat_design_preset
74.43,7.578843,7.443000,0.043702,0.092142,synthetic_chat_design_preset
74.44,7.583737,7.444000,0.057521,0.082216,synthetic_chat_design_preset
74.45,7.588619,7.445000,0.070711,0.072908,synthetic_chat_design_preset
74.46,7.593383,7.446000,0.083125,0.064257,synthetic_chat_design_preset
74.47,7.597914,7.447000,0.094629,0.056285,synthetic_chat_design_preset
74.48,7.602095,7.448000,0.105097,0.048999,synthetic_chat_design_preset
74.49,7.605806,7.449000,0.114412,0.042394,synthetic_chat_design_preset
74.50,7.608929,7.450000,0.122474,0.036454,synthetic_chat_design_preset
74.51,7.611349,7.451000,0.129195,0.031154,synthetic_chat_design_preset
74.52,7.612960,7.452000,0.134500,0.026461,synthetic_chat_design_preset
74.53,7.613668,7.453000,0.138331,0.022337,synthetic_chat_design_preset
74.54,7.613386,7.454000,0.140647,0.018739,synthetic_chat_design_preset
74.55,7.612046,7.455000,0.141421,0.015625,synthetic_chat_design_preset
74.56,7.609595,7.456000,0.140647,0.012948,synthetic_chat_design_preset
74.57,7.605995,7.457000,0.138331,0.010664,synthetic_chat_design_preset
74.58,7.601229,7.458000,0.134500,0.008729,synthetic_chat_design_preset
74.59,7.595296,7.459000,0.129195,0.007101,synthetic_chat_design_preset
74.60,7.588216,7.460000,0.122474,0.005741,synthetic_chat_design_preset
74.61,7.580026,7.461000,0.114412,0.004613,synthetic_chat_design_preset
74.62,7.570781,7.462000,0.105097,0.003684,synthetic_chat_design_preset
74.63,7.560553,7.463000,0.094629,0.002924,synthetic_chat_design_preset
74.64,7.549432,7.464000,0.083125,0.002307,synthetic_chat_design_preset
74.65,7.537519,7.465000,0.070711,0.001808,synthetic_chat_design_preset
74.66,7.524930,7.466000,0.057521,0.001409,synthetic_chat_design_preset
74.67,7.511793,7.467000,0.043702,0.001091,synthetic_chat_design_preset
74.68,7.498243,7.468000,0.029403,0.000840,synthetic_chat_design_preset
74.69,7.484425,7.469000,0.014783,0.000642,synthetic_chat_design_preset
74.70,7.470488,7.470000,-0.000000,0.000488,synthetic_chat_design_preset
74.71,7.456586,7.471000,-0.014783,0.000369,synthetic_chat_design_preset
74.72,7.442874,7.472000,-0.029403,0.000277,synthetic_chat_design_preset
74.73,7.429505,7.473000,-0.043702,0.000207,synthetic_chat_design_preset
74.74,7.416632,7.474000,-0.057521,0.000153,synthetic_chat_design_preset
74.75,7.404402,7.475000,-0.070711,0.000113,synthetic_chat_design_preset
74.76,7.392875,7.476000,-0.083125,0.000000,synthetic_chat_design_preset
74.77,7.382371,7.477000,-0.094629,0.000000,synthetic_chat_design_preset
74.78,7.372903,7.478000,-0.105097,0.000000,synthetic_chat_design_preset
74.79,7.364588,7.479000,-0.114412,0.000000,synthetic_chat_design_preset
74.80,7.357526,7.480000,-0.122474,0.000000,synthetic_chat_design_preset
74.81,7.351805,7.481000,-0.129195,0.000000,synthetic_chat_design_preset
74.82,7.347500,7.482000,-0.134500,0.000000,synthetic_chat_design_preset
74.83,7.344669,7.483000,-0.138331,0.000000,synthetic_chat_design_preset
74.84,7.343353,7.484000,-0.140647,0.000000,synthetic_chat_design_preset
74.85,7.343579,7.485000,-0.141421,0.000000,synthetic_chat_design_preset
74.86,7.345353,7.486000,-0.140647,0.000000,synthetic_chat_design_preset
74.87,7.348669,7.487000,-0.138331,0.000000,synthetic_chat_design_preset
74.88,7.353500,7.488000,-0.134500,0.000000,synthetic_chat_design_preset
74.89,7.359805,7.489000,-0.129195,0.000000,synthetic_chat_design_preset
74.90,7.367526,7.490000,-0.122474,0.000000,synthetic_chat_design_preset
74.91,7.376588,7.491000,-0.114412,0.000000,synthetic_chat_design_preset
74.92,7.386903,7.492000,-0.105097,0.000000,synthetic_chat_design_preset
74.93,7.398371,7.493000,-0.094629,0.000000,synthetic_chat_design_preset
74.94,7.410875,7.494000,-0.083125,0.000000,synthetic_chat_design_preset
74.95,7.424289,7.495000,-0.070711,0.000000,synthetic_chat_design_preset
74.96,7.438479,7.496000,-0.057521,0.000000,synthetic_chat_design_preset
74.97,7.453298,7.497000,-0.043702,0.000000,synthetic_chat_design_preset
74.98,7.468597,7.498000,-0.029403,0.000000,synthetic_chat_design_preset
74.99,7.484217,7.499000,-0.014783,0.000000,synthetic_chat_design_preset
75.00,7.500000,7.500000,0.000000,0.000000,synthetic_chat_design_preset
75.01,7.515783,7.501000,0.014783,0.000000,synthetic_chat_design_preset
75.02,7.531403,7.502000,0.029403,0.000000,synthetic_chat_design_preset
75.03,7.546702,7.503000,0.043702,0.000000,synthetic_chat_design_preset
75.04,7.561521,7.504000,0.057521,0.000000,synthetic_chat_design_preset
75.05,7.575711,7.505000,0.070711,0.000000,synthetic_chat_design_preset
75.06,7.589125,7.506000,0.083125,0.000000,synthetic_chat_design_preset
75.07,7.601629,7.507000,0.094629,0.000000,synthetic_chat_design_preset
75.08,7.613097,7.508000,0.105097,0.000000,synthetic_chat_design_preset
75.09,7.623412,7.509000,0.114412,0.000000,synthetic_chat_design_preset
75.10,7.632474,7.510000,0.122474,0.000000,synthetic_chat_design_preset
75.11,7.640195,7.511000,0.129195,0.000000,synthetic_chat_design_preset
75.12,7.646500,7.512000,0.134500,0.000000,synthetic_chat_design_preset
75.13,7.651331,7.513000,0.138331,0.000000,synthetic_chat_design_preset
75.14,7.654647,7.514000,0.140647,0.000000,synthetic_chat_design_preset
75.15,7.656421,7.515000,0.141421,0.000000,synthetic_chat_design_preset
75.16,7.656647,7.516000,0.140647,0.000000,synthetic_chat_design_preset
75.17,7.655331,7.517000,0.138331,0.000000,synthetic_chat_design_preset
75.18,7.652500,7.518000,0.134500,0.000000,synthetic_chat_design_preset
75.19,7.648195,7.519000,0.129195,0.000000,synthetic_chat_design_preset
75.20,7.642474,7.520000,0.122474,0.000000,synthetic_chat_design_preset
75.21,7.635412,7.521000,0.114412,0.000000,synthetic_chat_design_preset
75.22,7.627097,7.522000,0.105097,0.000000,synthetic_chat_design_preset
75.23,7.617629,7.523000,0.094629,0.000000,synthetic_chat_design_preset
75.24,7.607208,7.524000,0.083125,0.000083,synthetic_chat_design_preset
75.25,7.595824,7.525000,0.070711,0.000113,synthetic_chat_design_preset
75.26,7.583675,7.526000,0.057521,0.000153,synthetic_chat_design_preset
75.27,7.570908,7.527000,0.043702,0.000207,synthetic_chat_design_preset
75.28,7.557680,7.528000,0.029403,0.000277,synthetic_chat_design_preset
75.29,7.544151,7.529000,0.014783,0.000369,synthetic_chat_design_preset
75.30,7.530488,7.530000,0.000000,0.000488,synthetic_chat_design_preset
75.31,7.516860,7.531000,-0.014783,0.000642,synthetic_chat_design_preset
75.32,7.503437,7.532000,-0.029403,0.000840,synthetic_chat_design_preset
75.33,7.490389,7.533000,-0.043702,0.001091,synthetic_chat_design_preset
75.34,7.477888,7.534000,-0.057521,0.001409,synthetic_chat_design_preset
75.35,7.466098,7.535000,-0.070711,0.001808,synthetic_chat_design_preset
75.36,7.455181,7.536000,-0.083125,0.002307,synthetic_chat_design_preset
75.37,7.445295,7.537000,-0.094629,0.002924,synthetic_chat_design_preset
75.38,7.436588,7.538000,-0.105097,0.003684,synthetic_chat_design_preset
75.39,7.429201,7.539000,-0.114412,0.004613,synthetic_chat_design_preset
75.40,7.423267,7.540000,-0.122474,0.005741,synthetic_chat_design_preset
75.41,7.418906,7.541000,-0.129195,0.007101,synthetic_chat_design_preset
75.42,7.416229,7.542000,-0.134500,0.008729,synthetic_chat_design_preset
75.43,7.415333,7.543000,-0.138331,0.010664,synthetic_chat_design_preset
75.44,7.416302,7.544000,-0.140647,0.012948,synthetic_chat_design_preset
75.45,7.419204,7.545000,-0.141421,0.015625,synthetic_chat_design_preset
75.46,7.424093,7.546000,-0.140647,0.018739,synthetic_chat_design_preset
75.47,7.431006,7.547000,-0.138331,0.022337,synthetic_chat_design_preset
75.48,7.439961,7.548000,-0.134500,0.026461,synthetic_chat_design_preset
75.49,7.450959,7.549000,-0.129195,0.031154,synthetic_chat_design_preset
75.50,7.463980,7.550000,-0.122474,0.036454,synthetic_chat_design_preset
75.51,7.478982,7.551000,-0.114412,0.042394,synthetic_chat_design_preset
75.52,7.495902,7.552000,-0.105097,0.048999,synthetic_chat_design_preset
75.53,7.514655,7.553000,-0.094629,0.056285,synthetic_chat_design_preset
75.54,7.535132,7.554000,-0.083125,0.064257,synthetic_chat_design_preset
75.55,7.557197,7.555000,-0.070711,0.072908,synthetic_chat_design_preset
75.56,7.580694,7.556000,-0.057521,0.082216,synthetic_chat_design_preset
75.57,7.605440,7.557000,-0.043702,0.092142,synthetic_chat_design_preset
75.58,7.631229,7.558000,-0.029403,0.102632,synthetic_chat_design_preset
75.59,7.657832,7.559000,-0.014783,0.113615,synthetic_chat_design_preset
75.60,7.685000,7.560000,0.000000,0.125000,synthetic_chat_design_preset
75.61,7.712464,7.561000,0.014783,0.136681,synthetic_chat_design_preset
75.62,7.739940,7.562000,0.029403,0.148536,synthetic_chat_design_preset
75.63,7.767130,7.563000,0.043702,0.160428,synthetic_chat_design_preset
75.64,7.793729,7.564000,0.057521,0.172208,synthetic_chat_design_preset
75.65,7.819427,7.565000,0.070711,0.183717,synthetic_chat_design_preset
75.66,7.843917,7.566000,0.083125,0.194791,synthetic_chat_design_preset
75.67,7.866894,7.567000,0.094629,0.205264,synthetic_chat_design_preset
75.68,7.888069,7.568000,0.105097,0.214972,synthetic_chat_design_preset
75.69,7.907169,7.569000,0.114412,0.223756,synthetic_chat_design_preset
75.70,7.923943,7.570000,0.122474,0.231469,synthetic_chat_design_preset
75.71,7.938171,7.571000,0.129195,0.237976,synthetic_chat_design_preset
75.72,7.949663,7.572000,0.134500,0.243164,synthetic_chat_design_preset
75.73,7.958269,7.573000,0.138331,0.246938,synthetic_chat_design_preset
75.74,7.963878,7.574000,0.140647,0.249231,synthetic_chat_design_preset
75.75,7.966421,7.575000,0.141421,0.250000,synthetic_chat_design_preset
75.76,7.965878,7.576000,0.140647,0.249231,synthetic_chat_design_preset
75.77,7.962269,7.577000,0.138331,0.246938,synthetic_chat_design_preset
75.78,7.955663,7.578000,0.134500,0.243164,synthetic_chat_design_preset
75.79,7.946171,7.579000,0.129195,0.237976,synthetic_chat_design_preset
75.80,7.933943,7.580000,0.122474,0.231469,synthetic_chat_design_preset
75.81,7.919169,7.581000,0.114412,0.223756,synthetic_chat_design_preset
75.82,7.902069,7.582000,0.105097,0.214972,synthetic_chat_design_preset
75.83,7.882894,7.583000,0.094629,0.205264,synthetic_chat_design_preset
75.84,7.861917,7.584000,0.083125,0.194791,synthetic_chat_design_preset
75.85,7.839427,7.585000,0.070711,0.183717,synthetic_chat_design_preset
75.86,7.815729,7.586000,0.057521,0.172208,synthetic_chat_design_preset
75.87,7.791130,7.587000,0.043702,0.160428,synthetic_chat_design_preset
75.88,7.765940,7.588000,0.029403,0.148536,synthetic_chat_design_preset
75.89,7.740464,7.589000,0.014783,0.136681,synthetic_chat_design_preset
75.90,7.715000,7.590000,-0.000000,0.125000,synthetic_chat_design_preset
75.91,7.689832,7.591000,-0.014783,0.113615,synthetic_chat_design_preset
75.92,7.665229,7.592000,-0.029403,0.102632,synthetic_chat_design_preset
75.93,7.641440,7.593000,-0.043702,0.092142,synthetic_chat_design_preset
75.94,7.618694,7.594000,-0.057521,0.082216,synthetic_chat_design_preset
75.95,7.597197,7.595000,-0.070711,0.072908,synthetic_chat_design_preset
75.96,7.577132,7.596000,-0.083125,0.064257,synthetic_chat_design_preset
75.97,7.558655,7.597000,-0.094629,0.056285,synthetic_chat_design_preset
75.98,7.541902,7.598000,-0.105097,0.048999,synthetic_chat_design_preset
75.99,7.526982,7.599000,-0.114412,0.042394,synthetic_chat_design_preset
76.00,7.513980,7.600000,-0.122474,0.036454,synthetic_chat_design_preset
76.01,7.502959,7.601000,-0.129195,0.031154,synthetic_chat_design_preset
76.02,7.493961,7.602000,-0.134500,0.026461,synthetic_chat_design_preset
76.03,7.487006,7.603000,-0.138331,0.022337,synthetic_chat_design_preset
76.04,7.482093,7.604000,-0.140647,0.018739,synthetic_chat_design_preset
76.05,7.479204,7.605000,-0.141421,0.015625,synthetic_chat_design_preset
76.06,7.478302,7.606000,-0.140647,0.012948,synthetic_chat_design_preset
76.07,7.479333,7.607000,-0.138331,0.010664,synthetic_chat_design_preset
76.08,7.482229,7.608000,-0.134500,0.008729,synthetic_chat_design_preset
76.09,7.486906,7.609000,-0.129195,0.007101,synthetic_chat_design_preset
76.10,7.493267,7.610000,-0.122474,0.005741,synthetic_chat_design_preset
76.11,7.501201,7.611000,-0.114412,0.004613,synthetic_chat_design_preset
76.12,7.510588,7.612000,-0.105097,0.003684,synthetic_chat_design_preset
76.13,7.521295,7.613000,-0.094629,0.002924,synthetic_chat_design_preset
76.14,7.533181,7.614000,-0.083125,0.002307,synthetic_chat_design_preset
76.15,7.546098,7.615000,-0.070711,0.001808,synthetic_chat_design_preset
76.16,7.559888,7.616000,-0.057521,0.001409,synthetic_chat_design_preset
76.17,7.574389,7.617000,-0.043702,0.001091,synthetic_chat_design_preset
76.18,7.589437,7.618000,-0.029403,0.000840,synthetic_chat_design_preset
76.19,7.604860,7.619000,-0.014783,0.000642,synthetic_chat_design_preset
76.20,7.620488,7.620000,0.000000,0.000488,synthetic_chat_design_preset
76.21,7.636151,7.621000,0.014783,0.000369,synthetic_chat_design_preset
76.22,7.651680,7.622000,0.029403,0.000277,synthetic_chat_design_preset
76.23,7.666908,7.623000,0.043702,0.000207,synthetic_chat_design_preset
76.24,7.681675,7.624000,0.057521,0.000153,synthetic_chat_design_preset
76.25,7.695824,7.625000,0.070711,0.000113,synthetic_chat_design_preset
76.26,7.709125,7.626000,0.083125,0.000000,synthetic_chat_design_preset
76.27,7.721629,7.627000,0.094629,0.000000,synthetic_chat_design_preset
76.28,7.733097,7.628000,0.105097,0.000000,synthetic_chat_design_preset
76.29,7.743412,7.629000,0.114412,0.000000,synthetic_chat_design_preset
76.30,7.752474,7.630000,0.122474,0.000000,synthetic_chat_design_preset
76.31,7.760195,7.631000,0.129195,0.000000,synthetic_chat_design_preset
76.32,7.766500,7.632000,0.134500,0.000000,synthetic_chat_design_preset
76.33,7.771331,7.633000,0.138331,0.000000,synthetic_chat_design_preset
76.34,7.774647,7.634000,0.140647,0.000000,synthetic_chat_design_preset
76.35,7.776421,7.635000,0.141421,0.000000,synthetic_chat_design_preset
76.36,7.776647,7.636000,0.140647,0.000000,synthetic_chat_design_preset
76.37,7.775331,7.637000,0.138331,0.000000,synthetic_chat_design_preset
76.38,7.772500,7.638000,0.134500,0.000000,synthetic_chat_design_preset
76.39,7.768195,7.639000,0.129195,0.000000,synthetic_chat_design_preset
76.40,7.762474,7.640000,0.122474,0.000000,synthetic_chat_design_preset
76.41,7.755412,7.641000,0.114412,0.000000,synthetic_chat_design_preset
76.42,7.747097,7.642000,0.105097,0.000000,synthetic_chat_design_preset
76.43,7.737629,7.643000,0.094629,0.000000,synthetic_chat_design_preset
76.44,7.727125,7.644000,0.083125,0.000000,synthetic_chat_design_preset
76.45,7.715711,7.645000,0.070711,0.000000,synthetic_chat_design_preset
76.46,7.703521,7.646000,0.057521,0.000000,synthetic_chat_design_preset
76.47,7.690702,7.647000,0.043702,0.000000,synthetic_chat_design_preset
76.48,7.677403,7.648000,0.029403,0.000000,synthetic_chat_design_preset
76.49,7.663783,7.649000,0.014783,0.000000,synthetic_chat_design_preset
76.50,7.650000,7.650000,0.000000,0.000000,synthetic_chat_design_preset
76.51,7.636217,7.651000,-0.014783,0.000000,synthetic_chat_design_preset
76.52,7.622597,7.652000,-0.029403,0.000000,synthetic_chat_design_preset
76.53,7.609298,7.653000,-0.043702,0.000000,synthetic_chat_design_preset
76.54,7.596479,7.654000,-0.057521,0.000000,synthetic_chat_design_preset
76.55,7.584289,7.655000,-0.070711,0.000000,synthetic_chat_design_preset
76.56,7.572875,7.656000,-0.083125,0.000000,synthetic_chat_design_preset
76.57,7.562371,7.657000,-0.094629,0.000000,synthetic_chat_design_preset
76.58,7.552903,7.658000,-0.105097,0.000000,synthetic_chat_design_preset
76.59,7.544588,7.659000,-0.114412,0.000000,synthetic_chat_design_preset
76.60,7.537526,7.660000,-0.122474,0.000000,synthetic_chat_design_preset
76.61,7.531805,7.661000,-0.129195,0.000000,synthetic_chat_design_preset
76.62,7.527500,7.662000,-0.134500,0.000000,synthetic_chat_design_preset
76.63,7.524669,7.663000,-0.138331,0.000000,synthetic_chat_design_preset
76.64,7.523353,7.664000,-0.140647,0.000000,synthetic_chat_design_preset
76.65,7.523579,7.665000,-0.141421,0.000000,synthetic_chat_design_preset
76.66,7.525353,7.666000,-0.140647,0.000000,synthetic_chat_design_preset
76.67,7.528669,7.667000,-0.138331,0.000000,synthetic_chat_design_preset
76.68,7.533500,7.668000,-0.134500,0.000000,synthetic_chat_design_preset
76.69,7.539805,7.669000,-0.129195,0.000000,synthetic_chat_design_preset
76.70,7.547526,7.670000,-0.122474,0.000000,synthetic_chat_design_preset
76.71,7.556588,7.671000,-0.114412,0.000000,synthetic_chat_design_preset
76.72,7.566903,7.672000,-0.105097,0.000000,synthetic_chat_design_preset
76.73,7.578371,7.673000,-0.094629,0.000000,synthetic_chat_design_preset
76.74,7.590957,7.674000,-0.083125,0.000083,synthetic_chat_design_preset
76.75,7.604402,7.675000,-0.070711,0.000113,synthetic_chat_design_preset
76.76,7.618632,7.676000,-0.057521,0.000153,synthetic_chat_design_preset
76.77,7.633505,7.677000,-0.043702,0.000207,synthetic_chat_design_preset
76.78,7.648874,7.678000,-0.029403,0.000277,synthetic_chat_design_preset
76.79,7.664586,7.679000,-0.014783,0.000369,synthetic_chat_design_preset
76.80,7.680488,7.680000,-0.000000,0.000488,synthetic_chat_design_preset
76.81,7.696425,7.681000,0.014783,0.000642,synthetic_chat_design_preset
76.82,7.712243,7.682000,0.029403,0.000840,synthetic_chat_design_preset
76.83,7.727793,7.683000,0.043702,0.001091,synthetic_chat_design_preset
76.84,7.742930,7.684000,0.057521,0.001409,synthetic_chat_design_preset
76.85,7.757519,7.685000,0.070711,0.001808,synthetic_chat_design_preset
76.86,7.771432,7.686000,0.083125,0.002307,synthetic_chat_design_preset
76.87,7.784553,7.687000,0.094629,0.002924,synthetic_chat_design_preset
76.88,7.796781,7.688000,0.105097,0.003684,synthetic_chat_design_preset
76.89,7.808026,7.689000,0.114412,0.004613,synthetic_chat_design_preset
76.90,7.818216,7.690000,0.122474,0.005741,synthetic_chat_design_preset
76.91,7.827296,7.691000,0.129195,0.007101,synthetic_chat_design_preset
76.92,7.835229,7.692000,0.134500,0.008729,synthetic_chat_design_preset
76.93,7.841995,7.693000,0.138331,0.010664,synthetic_chat_design_preset
76.94,7.847595,7.694000,0.140647,0.012948,synthetic_chat_design_preset
76.95,7.852046,7.695000,0.141421,0.015625,synthetic_chat_design_preset
76.96,7.855386,7.696000,0.140647,0.018739,synthetic_chat_design_preset
76.97,7.857668,7.697000,0.138331,0.022337,synthetic_chat_design_preset
76.98,7.858960,7.698000,0.134500,0.026461,synthetic_chat_design_preset
76.99,7.859349,7.699000,0.129195,0.031154,synthetic_chat_design_preset
77.00,7.858929,7.700000,0.122474,0.036454,synthetic_chat_design_preset
77.01,7.857806,7.701000,0.114412,0.042394,synthetic_chat_design_preset
77.02,7.856095,7.702000,0.105097,0.048999,synthetic_chat_design_preset
77.03,7.853914,7.703000,0.094629,0.056285,synthetic_chat_design_preset
77.04,7.851383,7.704000,0.083125,0.064257,synthetic_chat_design_preset
77.05,7.848619,7.705000,0.070711,0.072908,synthetic_chat_design_preset
77.06,7.845737,7.706000,0.057521,0.082216,synthetic_chat_design_preset
77.07,7.842843,7.707000,0.043702,0.092142,synthetic_chat_design_preset
77.08,7.840035,7.708000,0.029403,0.102632,synthetic_chat_design_preset
77.09,7.837397,7.709000,0.014783,0.113615,synthetic_chat_design_preset
77.10,7.835000,7.710000,-0.000000,0.125000,synthetic_chat_design_preset
77.11,7.832899,7.711000,-0.014783,0.136681,synthetic_chat_design_preset
77.12,7.831133,7.712000,-0.029403,0.148536,synthetic_chat_design_preset
77.13,7.829727,7.713000,-0.043702,0.160428,synthetic_chat_design_preset
77.14,7.828687,7.714000,-0.057521,0.172208,synthetic_chat_design_preset
77.15,7.828006,7.715000,-0.070711,0.183717,synthetic_chat_design_preset
77.16,7.827666,7.716000,-0.083125,0.194791,synthetic_chat_design_preset
77.17,7.827635,7.717000,-0.094629,0.205264,synthetic_chat_design_preset
77.18,7.827876,7.718000,-0.105097,0.214972,synthetic_chat_design_preset
77.19,7.828344,7.719000,-0.114412,0.223756,synthetic_chat_design_preset
77.20,7.828994,7.720000,-0.122474,0.231469,synthetic_chat_design_preset
77.21,7.829781,7.721000,-0.129195,0.237976,synthetic_chat_design_preset
77.22,7.830664,7.722000,-0.134500,0.243164,synthetic_chat_design_preset
77.23,7.831607,7.723000,-0.138331,0.246938,synthetic_chat_design_preset
77.24,7.832584,7.724000,-0.140647,0.249231,synthetic_chat_design_preset
77.25,7.833579,7.725000,-0.141421,0.250000,synthetic_chat_design_preset
77.26,7.834584,7.726000,-0.140647,0.249231,synthetic_chat_design_preset
77.27,7.835607,7.727000,-0.138331,0.246938,synthetic_chat_design_preset
77.28,7.836664,7.728000,-0.134500,0.243164,synthetic_chat_design_preset
77.29,7.837781,7.729000,-0.129195,0.237976,synthetic_chat_design_preset
77.30,7.838994,7.730000,-0.122474,0.231469,synthetic_chat_design_preset
77.31,7.840344,7.731000,-0.114412,0.223756,synthetic_chat_design_preset
77.32,7.841876,7.732000,-0.105097,0.214972,synthetic_chat_design_preset
77.33,7.843635,7.733000,-0.094629,0.205264,synthetic_chat_design_preset
77.34,7.845666,7.734000,-0.083125,0.194791,synthetic_chat_design_preset
77.35,7.848006,7.735000,-0.070711,0.183717,synthetic_chat_design_preset
77.36,7.850687,7.736000,-0.057521,0.172208,synthetic_chat_design_preset
77.37,7.853727,7.737000,-0.043702,0.160428,synthetic_chat_design_preset
77.38,7.857133,7.738000,-0.029403,0.148536,synthetic_chat_design_preset
77.39,7.860899,7.739000,-0.014783,0.136681,synthetic_chat_design_preset
77.40,7.865000,7.740000,0.000000,0.125000,synthetic_chat_design_preset
77.41,7.869397,7.741000,0.014783,0.113615,synthetic_chat_design_preset
77.42,7.874035,7.742000,0.029403,0.102632,synthetic_chat_design_preset
77.43,7.878843,7.743000,0.043702,0.092142,synthetic_chat_design_preset
77.44,7.883737,7.744000,0.057521,0.082216,synthetic_chat_design_preset
77.45,7.888619,7.745000,0.070711,0.072908,synthetic_chat_design_preset
77.46,7.893383,7.746000,0.083125,0.064257,synthetic_chat_design_preset
77.47,7.897914,7.747000,0.094629,0.056285,synthetic_chat_design_preset
77.48,7.902095,7.748000,0.105097,0.048999,synthetic_chat_design_preset
77.49,7.905806,7.749000,0.114412,0.042394,synthetic_chat_design_preset
77.50,7.908929,7.750000,0.122474,0.036454,synthetic_chat_design_preset
77.51,7.911349,7.751000,0.129195,0.031154,synthetic_chat_design_preset
77.52,7.912960,7.752000,0.134500,0.026461,synthetic_chat_design_preset
77.53,7.913668,7.753000,0.138331,0.022337,synthetic_chat_design_preset
77.54,7.913386,7.754000,0.140647,0.018739,synthetic_chat_design_preset
77.55,7.912046,7.755000,0.141421,0.015625,synthetic_chat_design_preset
77.56,7.909595,7.756000,0.140647,0.012948,synthetic_chat_design_preset
77.57,7.905995,7.757000,0.138331,0.010664,synthetic_chat_design_preset
77.58,7.901229,7.758000,0.134500,0.008729,synthetic_chat_design_preset
77.59,7.895296,7.759000,0.129195,0.007101,synthetic_chat_design_preset
77.60,7.888216,7.760000,0.122474,0.005741,synthetic_chat_design_preset
77.61,7.880026,7.761000,0.114412,0.004613,synthetic_chat_design_preset
77.62,7.870781,7.762000,0.105097,0.003684,synthetic_chat_design_preset
77.63,7.860553,7.763000,0.094629,0.002924,synthetic_chat_design_preset
77.64,7.849432,7.764000,0.083125,0.002307,synthetic_chat_design_preset
77.65,7.837519,7.765000,0.070711,0.001808,synthetic_chat_design_preset
77.66,7.824930,7.766000,0.057521,0.001409,synthetic_chat_design_preset
77.67,7.811793,7.767000,0.043702,0.001091,synthetic_chat_design_preset
77.68,7.798243,7.768000,0.029403,0.000840,synthetic_chat_design_preset
77.69,7.784425,7.769000,0.014783,0.000642,synthetic_chat_design_preset
77.70,7.770488,7.770000,-0.000000,0.000488,synthetic_chat_design_preset
77.71,7.756586,7.771000,-0.014783,0.000369,synthetic_chat_design_preset
77.72,7.742874,7.772000,-0.029403,0.000277,synthetic_chat_design_preset
77.73,7.729505,7.773000,-0.043702,0.000207,synthetic_chat_design_preset
77.74,7.716632,7.774000,-0.057521,0.000153,synthetic_chat_design_preset
77.75,7.704402,7.775000,-0.070711,0.000113,synthetic_chat_design_preset
77.76,7.692875,7.776000,-0.083125,0.000000,synthetic_chat_design_preset
77.77,7.682371,7.777000,-0.094629,0.000000,synthetic_chat_design_preset
77.78,7.672903,7.778000,-0.105097,0.000000,synthetic_chat_design_preset
77.79,7.664588,7.779000,-0.114412,0.000000,synthetic_chat_design_preset
77.80,7.657526,7.780000,-0.122474,0.000000,synthetic_chat_design_preset
77.81,7.651805,7.781000,-0.129195,0.000000,synthetic_chat_design_preset
77.82,7.647500,7.782000,-0.134500,0.000000,synthetic_chat_design_preset
77.83,7.644669,7.783000,-0.138331,0.000000,synthetic_chat_design_preset
77.84,7.643353,7.784000,-0.140647,0.000000,synthetic_chat_design_preset
77.85,7.643579,7.785000,-0.141421,0.000000,synthetic_chat_design_preset
77.86,7.645353,7.786000,-0.140647,0.000000,synthetic_chat_design_preset
77.87,7.648669,7.787000,-0.138331,0.000000,synthetic_chat_design_preset
77.88,7.653500,7.788000,-0.134500,0.000000,synthetic_chat_design_preset
77.89,7.659805,7.789000,-0.129195,0.000000,synthetic_chat_design_preset
77.90,7.667526,7.790000,-0.122474,0.000000,synthetic_chat_design_preset
77.91,7.676588,7.791000,-0.114412,0.000000,synthetic_chat_design_preset
77.92,7.686903,7.792000,-0.105097,0.000000,synthetic_chat_design_preset
77.93,7.698371,7.793000,-0.094629,0.000000,synthetic_chat_design_preset
77.94,7.710875,7.794000,-0.083125,0.000000,synthetic_chat_design_preset
77.95,7.724289,7.795000,-0.070711,0.000000,synthetic_chat_design_preset
77.96,7.738479,7.796000,-0.057521,0.000000,synthetic_chat_design_preset
77.97,7.753298,7.797000,-0.043702,0.000000,synthetic_chat_design_preset
77.98,7.768597,7.798000,-0.029403,0.000000,synthetic_chat_design_preset
77.99,7.784217,7.799000,-0.014783,0.000000,synthetic_chat_design_preset
78.00,7.800000,7.800000,-0.000000,0.000000,synthetic_chat_design_preset
78.01,7.815783,7.801000,0.014783,0.000000,synthetic_chat_design_preset
78.02,7.831403,7.802000,0.029403,0.000000,synthetic_chat_design_preset
78.03,7.846702,7.803000,0.043702,0.000000,synthetic_chat_design_preset
78.04,7.861521,7.804000,0.057521,0.000000,synthetic_chat_design_preset
78.05,7.875711,7.805000,0.070711,0.000000,synthetic_chat_design_preset
78.06,7.889125,7.806000,0.083125,0.000000,synthetic_chat_design_preset
78.07,7.901629,7.807000,0.094629,0.000000,synthetic_chat_design_preset
78.08,7.913097,7.808000,0.105097,0.000000,synthetic_chat_design_preset
78.09,7.923412,7.809000,0.114412,0.000000,synthetic_chat_design_preset
78.10,7.932474,7.810000,0.122474,0.000000,synthetic_chat_design_preset
78.11,7.940195,7.811000,0.129195,0.000000,synthetic_chat_design_preset
78.12,7.946500,7.812000,0.134500,0.000000,synthetic_chat_design_preset
78.13,7.951331,7.813000,0.138331,0.000000,synthetic_chat_design_preset
78.14,7.954647,7.814000,0.140647,0.000000,synthetic_chat_design_preset
78.15,7.956421,7.815000,0.141421,0.000000,synthetic_chat_design_preset
78.16,7.956647,7.816000,0.140647,0.000000,synthetic_chat_design_preset
78.17,7.955331,7.817000,0.138331,0.000000,synthetic_chat_design_preset
78.18,7.952500,7.818000,0.134500,0.000000,synthetic_chat_design_preset
78.19,7.948195,7.819000,0.129195,0.000000,synthetic_chat_design_preset
78.20,7.942474,7.820000,0.122474,0.000000,synthetic_chat_design_preset
78.21,7.935412,7.821000,0.114412,0.000000,synthetic_chat_design_preset
78.22,7.927097,7.822000,0.105097,0.000000,synthetic_chat_design_preset
78.23,7.917629,7.823000,0.094629,0.000000,synthetic_chat_design_preset
78.24,7.907208,7.824000,0.083125,0.000083,synthetic_chat_design_preset
78.25,7.895824,7.825000,0.070711,0.000113,synthetic_chat_design_preset
78.26,7.883675,7.826000,0.057521,0.000153,synthetic_chat_design_preset
78.27,7.870908,7.827000,0.043702,0.000207,synthetic_chat_design_preset
78.28,7.857680,7.828000,0.029403,0.000277,synthetic_chat_design_preset
78.29,7.844151,7.829000,0.014783,0.000369,synthetic_chat_design_preset
78.30,7.830488,7.830000,0.000000,0.000488,synthetic_chat_design_preset
78.31,7.816860,7.831000,-0.014783,0.000642,synthetic_chat_design_preset
78.32,7.803437,7.832000,-0.029403,0.000840,synthetic_chat_design_preset
78.33,7.790389,7.833000,-0.043702,0.001091,synthetic_chat_design_preset
78.34,7.777888,7.834000,-0.057521,0.001409,synthetic_chat_design_preset
78.35,7.766098,7.835000,-0.070711,0.001808,synthetic_chat_design_preset
78.36,7.755181,7.836000,-0.083125,0.002307,synthetic_chat_design_preset
78.37,7.745295,7.837000,-0.094629,0.002924,synthetic_chat_design_preset
78.38,7.736588,7.838000,-0.105097,0.003684,synthetic_chat_design_preset
78.39,7.729201,7.839000,-0.114412,0.004613,synthetic_chat_design_preset
78.40,7.723267,7.840000,-0.122474,0.005741,synthetic_chat_design_preset
78.41,7.718906,7.841000,-0.129195,0.007101,synthetic_chat_design_preset
78.42,7.716229,7.842000,-0.134500,0.008729,synthetic_chat_design_preset
78.43,7.715333,7.843000,-0.138331,0.010664,synthetic_chat_design_preset
78.44,7.716302,7.844000,-0.140647,0.012948,synthetic_chat_design_preset
78.45,7.719204,7.845000,-0.141421,0.015625,synthetic_chat_design_preset
78.46,7.724093,7.846000,-0.140647,0.018739,synthetic_chat_design_preset
78.47,7.731006,7.847000,-0.138331,0.022337,synthetic_chat_design_preset
78.48,7.739961,7.848000,-0.134500,0.026461,synthetic_chat_design_preset
78.49,7.750959,7.849000,-0.129195,0.031154,synthetic_chat_design_preset
78.50,7.763980,7.850000,-0.122474,0.036454,synthetic_chat_design_preset
78.51,7.778982,7.851000,-0.114412,0.042394,synthetic_chat_design_preset
78.52,7.795902,7.852000,-0.105097,0.048999,synthetic_chat_design_preset
78.53,7.814655,7.853000,-0.094629,0.056285,synthetic_chat_design_preset
78.54,7.835132,7.854000,-0.083125,0.064257,synthetic_chat_design_preset
78.55,7.857197,7.855000,-0.070711,0.072908,synthetic_chat_design_preset
78.56,7.880694,7.856000,-0.057521,0.082216,synthetic_chat_design_preset
78.57,7.905440,7.857000,-0.043702,0.092142,synthetic_chat_design_preset
78.58,7.931229,7.858000,-0.029403,0.102632,synthetic_chat_design_preset
78.59,7.957832,7.859000,-0.014783,0.113615,synthetic_chat_design_preset
78.60,7.985000,7.860000,0.000000,0.125000,synthetic_chat_design_preset
78.61,8.012464,7.861000,0.014783,0.136681,synthetic_chat_design_preset
78.62,8.039940,7.862000,0.029403,0.148536,synthetic_chat_design_preset
78.63,8.067130,7.863000,0.043702,0.160428,synthetic_chat_design_preset
78.64,8.093729,7.864000,0.057521,0.172208,synthetic_chat_design_preset
78.65,8.119427,7.865000,0.070711,0.183717,synthetic_chat_design_preset
78.66,8.143917,7.866000,0.083125,0.194791,synthetic_chat_design_preset
78.67,8.166894,7.867000,0.094629,0.205264,synthetic_chat_design_preset
78.68,8.188069,7.868000,0.105097,0.214972,synthetic_chat_design_preset
78.69,8.207169,7.869000,0.114412,0.223756,synthetic_chat_design_preset
78.70,8.223943,7.870000,0.122474,0.231469,synthetic_chat_design_preset
78.71,8.238171,7.871000,0.129195,0.237976,synthetic_chat_design_preset
78.72,8.249663,7.872000,0.134500,0.243164,synthetic_chat_design_preset
78.73,8.258269,7.873000,0.138331,0.246938,synthetic_chat_design_preset
78.74,8.263878,7.874000,0.140647,0.249231,synthetic_chat_design_preset
78.75,8.266421,7.875000,0.141421,0.250000,synthetic_chat_design_preset
78.76,8.265878,7.876000,0.140647,0.249231,synthetic_chat_design_preset
78.77,8.262269,7.877000,0.138331,0.246938,synthetic_chat_design_preset
78.78,8.255663,7.878000,0.134500,0.243164,synthetic_chat_design_preset
78.79,8.246171,7.879000,0.129195,0.237976,synthetic_chat_design_preset
78.80,8.233943,7.880000,0.122474,0.231469,synthetic_chat_design_preset
78.81,8.219169,7.881000,0.114412,0.223756,synthetic_chat_design_preset
78.82,8.202069,7.882000,0.105097,0.214972,synthetic_chat_design_preset
78.83,8.182894,7.883000,0.094629,0.205264,synthetic_chat_design_preset
78.84,8.161917,7.884000,0.083125,0.194791,synthetic_chat_design_preset
78.85,8.139427,7.885000,0.070711,0.183717,synthetic_chat_design_preset
78.86,8.115729,7.886000,0.057521,0.172208,synthetic_chat_design_preset
78.87,8.091130,7.887000,0.043702,0.160428,synthetic_chat_design_preset
78.88,8.065940,7.888000,0.029403,0.148536,synthetic_chat_design_preset
78.89,8.040464,7.889000,0.014783,0.136681,synthetic_chat_design_preset
78.90,8.015000,7.890000,-0.000000,0.125000,synthetic_chat_design_preset
78.91,7.989832,7.891000,-0.014783,0.113615,synthetic_chat_design_preset
78.92,7.965229,7.892000,-0.029403,0.102632,synthetic_chat_design_preset
78.93,7.941440,7.893000,-0.043702,0.092142,synthetic_chat_design_preset
78.94,7.918694,7.894000,-0.057521,0.082216,synthetic_chat_design_preset
78.95,7.897197,7.895000,-0.070711,0.072908,synthetic_chat_design_preset
78.96,7.877132,7.896000,-0.083125,0.064257,synthetic_chat_design_preset
78.97,7.858655,7.897000,-0.094629,0.056285,synthetic_chat_design_preset
78.98,7.841902,7.898000,-0.105097,0.048999,synthetic_chat_design_preset
78.99,7.826982,7.899000,-0.114412,0.042394,synthetic_chat_design_preset
79.00,7.813980,7.900000,-0.122474,0.036454,synthetic_chat_design_preset
79.01,7.802959,7.901000,-0.129195,0.031154,synthetic_chat_design_preset
79.02,7.793961,7.902000,-0.134500,0.026461,synthetic_chat_design_preset
79.03,7.787006,7.903000,-0.138331,0.022337,synthetic_chat_design_preset
79.04,7.782093,7.904000,-0.140647,0.018739,synthetic_chat_design_preset
79.05,7.779204,7.905000,-0.141421,0.015625,synthetic_chat_design_preset
79.06,7.778302,7.906000,-0.140647,0.012948,synthetic_chat_design_preset
79.07,7.779333,7.907000,-0.138331,0.010664,synthetic_chat_design_preset
79.08,7.782229,7.908000,-0.134500,0.008729,synthetic_chat_design_preset
79.09,7.786906,7.909000,-0.129195,0.007101,synthetic_chat_design_preset
79.10,7.793267,7.910000,-0.122474,0.005741,synthetic_chat_design_preset
79.11,7.801201,7.911000,-0.114412,0.004613,synthetic_chat_design_preset
79.12,7.810588,7.912000,-0.105097,0.003684,synthetic_chat_design_preset
79.13,7.821295,7.913000,-0.094629,0.002924,synthetic_chat_design_preset
79.14,7.833181,7.914000,-0.083125,0.002307,synthetic_chat_design_preset
79.15,7.846098,7.915000,-0.070711,0.001808,synthetic_chat_design_preset
79.16,7.859888,7.916000,-0.057521,0.001409,synthetic_chat_design_preset
79.17,7.874389,7.917000,-0.043702,0.001091,synthetic_chat_design_preset
79.18,7.889437,7.918000,-0.029403,0.000840,synthetic_chat_design_preset
79.19,7.904860,7.919000,-0.014783,0.000642,synthetic_chat_design_preset
79.20,7.920488,7.920000,-0.000000,0.000488,synthetic_chat_design_preset
79.21,7.936151,7.921000,0.014783,0.000369,synthetic_chat_design_preset
79.22,7.951680,7.922000,0.029403,0.000277,synthetic_chat_design_preset
79.23,7.966908,7.923000,0.043702,0.000207,synthetic_chat_design_preset
79.24,7.981675,7.924000,0.057521,0.000153,synthetic_chat_design_preset
79.25,7.995824,7.925000,0.070711,0.000113,synthetic_chat_design_preset
79.26,8.009125,7.926000,0.083125,0.000000,synthetic_chat_design_preset
79.27,8.021629,7.927000,0.094629,0.000000,synthetic_chat_design_preset
79.28,8.033097,7.928000,0.105097,0.000000,synthetic_chat_design_preset
79.29,8.043412,7.929000,0.114412,0.000000,synthetic_chat_design_preset
79.30,8.052474,7.930000,0.122474,0.000000,synthetic_chat_design_preset
79.31,8.060195,7.931000,0.129195,0.000000,synthetic_chat_design_preset
79.32,8.066500,7.932000,0.134500,0.000000,synthetic_chat_design_preset
79.33,8.071331,7.933000,0.138331,0.000000,synthetic_chat_design_preset
79.34,8.074647,7.934000,0.140647,0.000000,synthetic_chat_design_preset
79.35,8.076421,7.935000,0.141421,0.000000,synthetic_chat_design_preset
79.36,8.076647,7.936000,0.140647,0.000000,synthetic_chat_design_preset
79.37,8.075331,7.937000,0.138331,0.000000,synthetic_chat_design_preset
79.38,8.072500,7.938000,0.134500,0.000000,synthetic_chat_design_preset
79.39,8.068195,7.939000,0.129195,0.000000,synthetic_chat_design_preset
79.40,8.062474,7.940000,0.122474,0.000000,synthetic_chat_design_preset
79.41,8.055412,7.941000,0.114412,0.000000,synthetic_chat_design_preset
79.42,8.047097,7.942000,0.105097,0.000000,synthetic_chat_design_preset
79.43,8.037629,7.943000,0.094629,0.000000,synthetic_chat_design_preset
79.44,8.027125,7.944000,0.083125,0.000000,synthetic_chat_design_preset
79.45,8.015711,7.945000,0.070711,0.000000,synthetic_chat_design_preset
79.46,8.003521,7.946000,0.057521,0.000000,synthetic_chat_design_preset
79.47,7.990702,7.947000,0.043702,0.000000,synthetic_chat_design_preset
79.48,7.977403,7.948000,0.029403,0.000000,synthetic_chat_design_preset
79.49,7.963783,7.949000,0.014783,0.000000,synthetic_chat_design_preset
79.50,7.950000,7.950000,0.000000,0.000000,synthetic_chat_design_preset
79.51,7.936217,7.951000,-0.014783,0.000000,synthetic_chat_design_preset
79.52,7.922597,7.952000,-0.029403,0.000000,synthetic_chat_design_preset
79.53,7.909298,7.953000,-0.043702,0.000000,synthetic_chat_design_preset
79.54,7.896479,7.954000,-0.057521,0.000000,synthetic_chat_design_preset
79.55,7.884289,7.955000,-0.070711,0.000000,synthetic_chat_design_preset
79.56,7.872875,7.956000,-0.083125,0.000000,synthetic_chat_design_preset
79.57,7.862371,7.957000,-0.094629,0.000000,synthetic_chat_design_preset
79.58,7.852903,7.958000,-0.105097,0.000000,synthetic_chat_design_preset
79.59,7.844588,7.959000,-0.114412,0.000000,synthetic_chat_design_preset
79.60,7.837526,7.960000,-0.122474,0.000000,synthetic_chat_design_preset
79.61,7.831805,7.961000,-0.129195,0.000000,synthetic_chat_design_preset
79.62,7.827500,7.962000,-0.134500,0.000000,synthetic_chat_design_preset
79.63,7.824669,7.963000,-0.138331,0.000000,synthetic_chat_design_preset
79.64,7.823353,7.964000,-0.140647,0.000000,synthetic_chat_design_preset
79.65,7.823579,7.965000,-0.141421,0.000000,synthetic_chat_design_preset
79.66,7.825353,7.966000,-0.140647,0.000000,synthetic_chat_design_preset
79.67,7.828669,7.967000,-0.138331,0.000000,synthetic_chat_design_preset
79.68,7.833500,7.968000,-0.134500,0.000000,synthetic_chat_design_preset
79.69,7.839805,7.969000,-0.129195,0.000000,synthetic_chat_design_preset
79.70,7.847526,7.970000,-0.122474,0.000000,synthetic_chat_design_preset
79.71,7.856588,7.971000,-0.114412,0.000000,synthetic_chat_design_preset
79.72,7.866903,7.972000,-0.105097,0.000000,synthetic_chat_design_preset
79.73,7.878371,7.973000,-0.094629,0.000000,synthetic_chat_design_preset
79.74,7.890957,7.974000,-0.083125,0.000083,synthetic_chat_design_preset
79.75,7.904402,7.975000,-0.070711,0.000113,synthetic_chat_design_preset
79.76,7.918632,7.976000,-0.057521,0.000153,synthetic_chat_design_preset
79.77,7.933505,7.977000,-0.043702,0.000207,synthetic_chat_design_preset
79.78,7.948874,7.978000,-0.029403,0.000277,synthetic_chat_design_preset
79.79,7.964586,7.979000,-0.014783,0.000369,synthetic_chat_design_preset
79.80,7.980488,7.980000,-0.000000,0.000488,synthetic_chat_design_preset
79.81,7.996425,7.981000,0.014783,0.000642,synthetic_chat_design_preset
79.82,8.012243,7.982000,0.029403,0.000840,synthetic_chat_design_preset
79.83,8.027793,7.983000,0.043702,0.001091,synthetic_chat_design_preset
79.84,8.042930,7.984000,0.057521,0.001409,synthetic_chat_design_preset
79.85,8.057519,7.985000,0.070711,0.001808,synthetic_chat_design_preset
79.86,8.071432,7.986000,0.083125,0.002307,synthetic_chat_design_preset
79.87,8.084553,7.987000,0.094629,0.002924,synthetic_chat_design_preset
79.88,8.096781,7.988000,0.105097,0.003684,synthetic_chat_design_preset
79.89,8.108026,7.989000,0.114412,0.004613,synthetic_chat_design_preset
79.90,8.118216,7.990000,0.122474,0.005741,synthetic_chat_design_preset
79.91,8.127296,7.991000,0.129195,0.007101,synthetic_chat_design_preset
79.92,8.135229,7.992000,0.134500,0.008729,synthetic_chat_design_preset
79.93,8.141995,7.993000,0.138331,0.010664,synthetic_chat_design_preset
79.94,8.147595,7.994000,0.140647,0.012948,synthetic_chat_design_preset
79.95,8.152046,7.995000,0.141421,0.015625,synthetic_chat_design_preset
79.96,8.155386,7.996000,0.140647,0.018739,synthetic_chat_design_preset
79.97,8.157668,7.997000,0.138331,0.022337,synthetic_chat_design_preset
79.98,8.158960,7.998000,0.134500,0.026461,synthetic_chat_design_preset
79.99,8.159349,7.999000,0.129195,0.031154,synthetic_chat_design_preset
80.00,8.158929,8.000000,0.122474,0.036454,synthetic_chat_design_preset
80.01,8.157806,8.001000,0.114412,0.042394,synthetic_chat_design_preset
80.02,8.156095,8.002000,0.105097,0.048999,synthetic_chat_design_preset
80.03,8.153914,8.003000,0.094629,0.056285,synthetic_chat_design_preset
80.04,8.151383,8.004000,0.083125,0.064257,synthetic_chat_design_preset
80.05,8.148619,8.005000,0.070711,0.072908,synthetic_chat_design_preset
80.06,8.145737,8.006000,0.057521,0.082216,synthetic_chat_design_preset
80.07,8.142843,8.007000,0.043702,0.092142,synthetic_chat_design_preset
80.08,8.140035,8.008000,0.029403,0.102632,synthetic_chat_design_preset
80.09,8.137397,8.009000,0.014783,0.113615,synthetic_chat_design_preset
80.10,8.135000,8.010000,-0.000000,0.125000,synthetic_chat_design_preset
80.11,8.132899,8.011000,-0.014783,0.136681,synthetic_chat_design_preset
80.12,8.131133,8.012000,-0.029403,0.148536,synthetic_chat_design_preset
80.13,8.129727,8.013000,-0.043702,0.160428,synthetic_chat_design_preset
80.14,8.128687,8.014000,-0.057521,0.172208,synthetic_chat_design_preset
80.15,8.128006,8.015000,-0.070711,0.183717,synthetic_chat_design_preset
80.16,8.127666,8.016000,-0.083125,0.194791,synthetic_chat_design_preset
80.17,8.127635,8.017000,-0.094629,0.205264,synthetic_chat_design_preset
80.18,8.127876,8.018000,-0.105097,0.214972,synthetic_chat_design_preset
80.19,8.128344,8.019000,-0.114412,0.223756,synthetic_chat_design_preset
80.20,8.128994,8.020000,-0.122474,0.231469,synthetic_chat_design_preset
80.21,8.129781,8.021000,-0.129195,0.237976,synthetic_chat_design_preset
80.22,8.130664,8.022000,-0.134500,0.243164,synthetic_chat_design_preset
80.23,8.131607,8.023000,-0.138331,0.246938,synthetic_chat_design_preset
80.24,8.132584,8.024000,-0.140647,0.249231,synthetic_chat_design_preset
80.25,8.133579,8.025000,-0.141421,0.250000,synthetic_chat_design_preset
80.26,8.134584,8.026000,-0.140647,0.249231,synthetic_chat_design_preset
80.27,8.135607,8.027000,-0.138331,0.246938,synthetic_chat_design_preset
80.28,8.136664,8.028000,-0.134500,0.243164,synthetic_chat_design_preset
80.29,8.137781,8.029000,-0.129195,0.237976,synthetic_chat_design_preset
80.30,8.138994,8.030000,-0.122474,0.231469,synthetic_chat_design_preset
80.31,8.140344,8.031000,-0.114412,0.223756,synthetic_chat_design_preset
80.32,8.141876,8.032000,-0.105097,0.214972,synthetic_chat_design_preset
80.33,8.143635,8.033000,-0.094629,0.205264,synthetic_chat_design_preset
80.34,8.145666,8.034000,-0.083125,0.194791,synthetic_chat_design_preset
80.35,8.148006,8.035000,-0.070711,0.183717,synthetic_chat_design_preset
80.36,8.150687,8.036000,-0.057521,0.172208,synthetic_chat_design_preset
80.37,8.153727,8.037000,-0.043702,0.160428,synthetic_chat_design_preset
80.38,8.157133,8.038000,-0.029403,0.148536,synthetic_chat_design_preset
80.39,8.160899,8.039000,-0.014783,0.136681,synthetic_chat_design_preset
80.40,8.165000,8.040000,0.000000,0.125000,synthetic_chat_design_preset
80.41,8.169397,8.041000,0.014783,0.113615,synthetic_chat_design_preset
80.42,8.174035,8.042000,0.029403,0.102632,synthetic_chat_design_preset
80.43,8.178843,8.043000,0.043702,0.092142,synthetic_chat_design_preset
80.44,8.183737,8.044000,0.057521,0.082216,synthetic_chat_design_preset
80.45,8.188619,8.045000,0.070711,0.072908,synthetic_chat_design_preset
80.46,8.193383,8.046000,0.083125,0.064257,synthetic_chat_design_preset
80.47,8.197914,8.047000,0.094629,0.056285,synthetic_chat_design_preset
80.48,8.202095,8.048000,0.105097,0.048999,synthetic_chat_design_preset
80.49,8.205806,8.049000,0.114412,0.042394,synthetic_chat_design_preset
80.50,8.208929,8.050000,0.122474,0.036454,synthetic_chat_design_preset
80.51,8.211349,8.051000,0.129195,0.031154,synthetic_chat_design_preset
80.52,8.212960,8.052000,0.134500,0.026461,synthetic_chat_design_preset
80.53,8.213668,8.053000,0.138331,0.022337,synthetic_chat_design_preset
80.54,8.213386,8.054000,0.140647,0.018739,synthetic_chat_design_preset
80.55,8.212046,8.055000,0.141421,0.015625,synthetic_chat_design_preset
80.56,8.209595,8.056000,0.140647,0.012948,synthetic_chat_design_preset
80.57,8.205995,8.057000,0.138331,0.010664,synthetic_chat_design_preset
80.58,8.201229,8.058000,0.134500,0.008729,synthetic_chat_design_preset
80.59,8.195296,8.059000,0.129195,0.007101,synthetic_chat_design_preset
80.60,8.188216,8.060000,0.122474,0.005741,synthetic_chat_design_preset
80.61,8.180026,8.061000,0.114412,0.004613,synthetic_chat_design_preset
80.62,8.170781,8.062000,0.105097,0.003684,synthetic_chat_design_preset
80.63,8.160553,8.063000,0.094629,0.002924,synthetic_chat_design_preset
80.64,8.149432,8.064000,0.083125,0.002307,synthetic_chat_design_preset
80.65,8.137519,8.065000,0.070711,0.001808,synthetic_chat_design_preset
80.66,8.124930,8.066000,0.057521,0.001409,synthetic_chat_design_preset
80.67,8.111793,8.067000,0.043702,0.001091,synthetic_chat_design_preset
80.68,8.098243,8.068000,0.029403,0.000840,synthetic_chat_design_preset
80.69,8.084425,8.069000,0.014783,0.000642,synthetic_chat_design_preset
80.70,8.070488,8.070000,0.000000,0.000488,synthetic_chat_design_preset
80.71,8.056586,8.071000,-0.014783,0.000369,synthetic_chat_design_preset
80.72,8.042874,8.072000,-0.029403,0.000277,synthetic_chat_design_preset
80.73,8.029505,8.073000,-0.043702,0.000207,synthetic_chat_design_preset
80.74,8.016632,8.074000,-0.057521,0.000153,synthetic_chat_design_preset
80.75,8.004402,8.075000,-0.070711,0.000113,synthetic_chat_design_preset
80.76,7.992875,8.076000,-0.083125,0.000000,synthetic_chat_design_preset
80.77,7.982371,8.077000,-0.094629,0.000000,synthetic_chat_design_preset
80.78,7.972903,8.078000,-0.105097,0.000000,synthetic_chat_design_preset
80.79,7.964588,8.079000,-0.114412,0.000000,synthetic_chat_design_preset
80.80,7.957526,8.080000,-0.122474,0.000000,synthetic_chat_design_preset
80.81,7.951805,8.081000,-0.129195,0.000000,synthetic_chat_design_preset
80.82,7.947500,8.082000,-0.134500,0.000000,synthetic_chat_design_preset
80.83,7.944669,8.083000,-0.138331,0.000000,synthetic_chat_design_preset
80.84,7.943353,8.084000,-0.140647,0.000000,synthetic_chat_design_preset
80.85,7.943579,8.085000,-0.141421,0.000000,synthetic_chat_design_preset
80.86,7.945353,8.086000,-0.140647,0.000000,synthetic_chat_design_preset
80.87,7.948669,8.087000,-0.138331,0.000000,synthetic_chat_design_preset
80.88,7.953500,8.088000,-0.134500,0.000000,synthetic_chat_design_preset
80.89,7.959805,8.089000,-0.129195,0.000000,synthetic_chat_design_preset
80.90,7.967526,8.090000,-0.122474,0.000000,synthetic_chat_design_preset
80.91,7.976588,8.091000,-0.114412,0.000000,synthetic_chat_design_preset
80.92,7.986903,8.092000,-0.105097,0.000000,synthetic_chat_design_preset
80.93,7.998371,8.093000,-0.094629,0.000000,synthetic_chat_design_preset
80.94,8.010875,8.094000,-0.083125,0.000000,synthetic_chat_design_preset
80.95,8.024289,8.095000,-0.070711,0.000000,synthetic_chat_design_preset
80.96,8.038479,8.096000,-0.057521,0.000000,synthetic_chat_design_preset
80.97,8.053298,8.097000,-0.043702,0.000000,synthetic_chat_design_preset
80.98,8.068597,8.098000,-0.029403,0.000000,synthetic_chat_design_preset
80.99,8.084217,8.099000,-0.014783,0.000000,synthetic_chat_design_preset
81.00,8.100000,8.100000,-0.000000,0.000000,synthetic_chat_design_preset
81.01,8.115783,8.101000,0.014783,0.000000,synthetic_chat_design_preset
81.02,8.131403,8.102000,0.029403,0.000000,synthetic_chat_design_preset
81.03,8.146702,8.103000,0.043702,0.000000,synthetic_chat_design_preset
81.04,8.161521,8.104000,0.057521,0.000000,synthetic_chat_design_preset
81.05,8.175711,8.105000,0.070711,0.000000,synthetic_chat_design_preset
81.06,8.189125,8.106000,0.083125,0.000000,synthetic_chat_design_preset
81.07,8.201629,8.107000,0.094629,0.000000,synthetic_chat_design_preset
81.08,8.213097,8.108000,0.105097,0.000000,synthetic_chat_design_preset
81.09,8.223412,8.109000,0.114412,0.000000,synthetic_chat_design_preset
81.10,8.232474,8.110000,0.122474,0.000000,synthetic_chat_design_preset
81.11,8.240195,8.111000,0.129195,0.000000,synthetic_chat_design_preset
81.12,8.246500,8.112000,0.134500,0.000000,synthetic_chat_design_preset
81.13,8.251331,8.113000,0.138331,0.000000,synthetic_chat_design_preset
81.14,8.254647,8.114000,0.140647,0.000000,synthetic_chat_design_preset
81.15,8.256421,8.115000,0.141421,0.000000,synthetic_chat_design_preset
81.16,8.256647,8.116000,0.140647,0.000000,synthetic_chat_design_preset
81.17,8.255331,8.117000,0.138331,0.000000,synthetic_chat_design_preset
81.18,8.252500,8.118000,0.134500,0.000000,synthetic_chat_design_preset
81.19,8.248195,8.119000,0.129195,0.000000,synthetic_chat_design_preset
81.20,8.242474,8.120000,0.122474,0.000000,synthetic_chat_design_preset
81.21,8.235412,8.121000,0.114412,0.000000,synthetic_chat_design_preset
81.22,8.227097,8.122000,0.105097,0.000000,synthetic_chat_design_preset
81.23,8.217629,8.123000,0.094629,0.000000,synthetic_chat_design_preset
81.24,8.207208,8.124000,0.083125,0.000083,synthetic_chat_design_preset
81.25,8.195824,8.125000,0.070711,0.000113,synthetic_chat_design_preset
81.26,8.183675,8.126000,0.057521,0.000153,synthetic_chat_design_preset
81.27,8.170908,8.127000,0.043702,0.000207,synthetic_chat_design_preset
81.28,8.157680,8.128000,0.029403,0.000277,synthetic_chat_design_preset
81.29,8.144151,8.129000,0.014783,0.000369,synthetic_chat_design_preset
81.30,8.130488,8.130000,0.000000,0.000488,synthetic_chat_design_preset
81.31,8.116860,8.131000,-0.014783,0.000642,synthetic_chat_design_preset
81.32,8.103437,8.132000,-0.029403,0.000840,synthetic_chat_design_preset
81.33,8.090389,8.133000,-0.043702,0.001091,synthetic_chat_design_preset
81.34,8.077888,8.134000,-0.057521,0.001409,synthetic_chat_design_preset
81.35,8.066098,8.135000,-0.070711,0.001808,synthetic_chat_design_preset
81.36,8.055181,8.136000,-0.083125,0.002307,synthetic_chat_design_preset
81.37,8.045295,8.137000,-0.094629,0.002924,synthetic_chat_design_preset
81.38,8.036588,8.138000,-0.105097,0.003684,synthetic_chat_design_preset
81.39,8.029201,8.139000,-0.114412,0.004613,synthetic_chat_design_preset
81.40,8.023267,8.140000,-0.122474,0.005741,synthetic_chat_design_preset
81.41,8.018906,8.141000,-0.129195,0.007101,synthetic_chat_design_preset
81.42,8.016229,8.142000,-0.134500,0.008729,synthetic_chat_design_preset
81.43,8.015333,8.143000,-0.138331,0.010664,synthetic_chat_design_preset
81.44,8.016302,8.144000,-0.140647,0.012948,synthetic_chat_design_preset
81.45,8.019204,8.145000,-0.141421,0.015625,synthetic_chat_design_preset
81.46,8.024093,8.146000,-0.140647,0.018739,synthetic_chat_design_preset
81.47,8.031006,8.147000,-0.138331,0.022337,synthetic_chat_design_preset
81.48,8.039961,8.148000,-0.134500,0.026461,synthetic_chat_design_preset
81.49,8.050959,8.149000,-0.129195,0.031154,synthetic_chat_design_preset
81.50,8.063980,8.150000,-0.122474,0.036454,synthetic_chat_design_preset
81.51,8.078982,8.151000,-0.114412,0.042394,synthetic_chat_design_preset
81.52,8.095902,8.152000,-0.105097,0.048999,synthetic_chat_design_preset
81.53,8.114655,8.153000,-0.094629,0.056285,synthetic_chat_design_preset
81.54,8.135132,8.154000,-0.083125,0.064257,synthetic_chat_design_preset
81.55,8.157197,8.155000,-0.070711,0.072908,synthetic_chat_design_preset
81.56,8.180694,8.156000,-0.057521,0.082216,synthetic_chat_design_preset
81.57,8.205440,8.157000,-0.043702,0.092142,synthetic_chat_design_preset
81.58,8.231229,8.158000,-0.029403,0.102632,synthetic_chat_design_preset
81.59,8.257832,8.159000,-0.014783,0.113615,synthetic_chat_design_preset
81.60,8.285000,8.160000,0.000000,0.125000,synthetic_chat_design_preset
81.61,8.312464,8.161000,0.014783,0.136681,synthetic_chat_design_preset
81.62,8.339940,8.162000,0.029403,0.148536,synthetic_chat_design_preset
81.63,8.367130,8.163000,0.043702,0.160428,synthetic_chat_design_preset
81.64,8.393729,8.164000,0.057521,0.172208,synthetic_chat_design_preset
81.65,8.419427,8.165000,0.070711,0.183717,synthetic_chat_design_preset
81.66,8.443917,8.166000,0.083125,0.194791,synthetic_chat_design_preset
81.67,8.466894,8.167000,0.094629,0.205264,synthetic_chat_design_preset
81.68,8.488069,8.168000,0.105097,0.214972,synthetic_chat_design_preset
81.69,8.507169,8.169000,0.114412,0.223756,synthetic_chat_design_preset
81.70,8.523943,8.170000,0.122474,0.231469,synthetic_chat_design_preset
81.71,8.538171,8.171000,0.129195,0.237976,synthetic_chat_design_preset
81.72,8.549663,8.172000,0.134500,0.243164,synthetic_chat_design_preset
81.73,8.558269,8.173000,0.138331,0.246938,synthetic_chat_design_preset
81.74,8.563878,8.174000,0.140647,0.249231,synthetic_chat_design_preset
81.75,8.566421,8.175000,0.141421,0.250000,synthetic_chat_design_preset
81.76,8.565878,8.176000,0.140647,0.249231,synthetic_chat_design_preset
81.77,8.562269,8.177000,0.138331,0.246938,synthetic_chat_design_preset
81.78,8.555663,8.178000,0.134500,0.243164,synthetic_chat_design_preset
81.79,8.546171,8.179000,0.129195,0.237976,synthetic_chat_design_preset
81.80,8.533943,8.180000,0.122474,0.231469,synthetic_chat_design_preset
81.81,8.519169,8.181000,0.114412,0.223756,synthetic_chat_design_preset
81.82,8.502069,8.182000,0.105097,0.214972,synthetic_chat_design_preset
81.83,8.482894,8.183000,0.094629,0.205264,synthetic_chat_design_preset
81.84,8.461917,8.184000,0.083125,0.194791,synthetic_chat_design_preset
81.85,8.439427,8.185000,0.070711,0.183717,synthetic_chat_design_preset
81.86,8.415729,8.186000,0.057521,0.172208,synthetic_chat_design_preset
81.87,8.391130,8.187000,0.043702,0.160428,synthetic_chat_design_preset
81.88,8.365940,8.188000,0.029403,0.148536,synthetic_chat_design_preset
81.89,8.340464,8.189000,0.014783,0.136681,synthetic_chat_design_preset
81.90,8.315000,8.190000,-0.000000,0.125000,synthetic_chat_design_preset
81.91,8.289832,8.191000,-0.014783,0.113615,synthetic_chat_design_preset
81.92,8.265229,8.192000,-0.029403,0.102632,synthetic_chat_design_preset
81.93,8.241440,8.193000,-0.043702,0.092142,synthetic_chat_design_preset
81.94,8.218694,8.194000,-0.057521,0.082216,synthetic_chat_design_preset
81.95,8.197197,8.195000,-0.070711,0.072908,synthetic_chat_design_preset
81.96,8.177132,8.196000,-0.083125,0.064257,synthetic_chat_design_preset
81.97,8.158655,8.197000,-0.094629,0.056285,synthetic_chat_design_preset
81.98,8.141902,8.198000,-0.105097,0.048999,synthetic_chat_design_preset
81.99,8.126982,8.199000,-0.114412,0.042394,synthetic_chat_design_preset
82.00,8.113980,8.200000,-0.122474,0.036454,synthetic_chat_design_preset
82.01,8.102959,8.201000,-0.129195,0.031154,synthetic_chat_design_preset
82.02,8.093961,8.202000,-0.134500,0.026461,synthetic_chat_design_preset
82.03,8.087006,8.203000,-0.138331,0.022337,synthetic_chat_design_preset
82.04,8.082093,8.204000,-0.140647,0.018739,synthetic_chat_design_preset
82.05,8.079204,8.205000,-0.141421,0.015625,synthetic_chat_design_preset
82.06,8.078302,8.206000,-0.140647,0.012948,synthetic_chat_design_preset
82.07,8.079333,8.207000,-0.138331,0.010664,synthetic_chat_design_preset
82.08,8.082229,8.208000,-0.134500,0.008729,synthetic_chat_design_preset
82.09,8.086906,8.209000,-0.129195,0.007101,synthetic_chat_design_preset
82.10,8.093267,8.210000,-0.122474,0.005741,synthetic_chat_design_preset
82.11,8.101201,8.211000,-0.114412,0.004613,synthetic_chat_design_preset
82.12,8.110588,8.212000,-0.105097,0.003684,synthetic_chat_design_preset
82.13,8.121295,8.213000,-0.094629,0.002924,synthetic_chat_design_preset
82.14,8.133181,8.214000,-0.083125,0.002307,synthetic_chat_design_preset
82.15,8.146098,8.215000,-0.070711,0.001808,synthetic_chat_design_preset
82.16,8.159888,8.216000,-0.057521,0.001409,synthetic_chat_design_preset
82.17,8.174389,8.217000,-0.043702,0.001091,synthetic_chat_design_preset
82.18,8.189437,8.218000,-0.029403,0.000840,synthetic_chat_design_preset
82.19,8.204860,8.219000,-0.014783,0.000642,synthetic_chat_design_preset
82.20,8.220488,8.220000,0.000000,0.000488,synthetic_chat_design_preset
82.21,8.236151,8.221000,0.014783,0.000369,synthetic_chat_design_preset
82.22,8.251680,8.222000,0.029403,0.000277,synthetic_chat_design_preset
82.23,8.266908,8.223000,0.043702,0.000207,synthetic_chat_design_preset
82.24,8.281675,8.224000,0.057521,0.000153,synthetic_chat_design_preset
82.25,8.295824,8.225000,0.070711,0.000113,synthetic_chat_design_preset
82.26,8.309125,8.226000,0.083125,0.000000,synthetic_chat_design_preset
82.27,8.321629,8.227000,0.094629,0.000000,synthetic_chat_design_preset
82.28,8.333097,8.228000,0.105097,0.000000,synthetic_chat_design_preset
82.29,8.343412,8.229000,0.114412,0.000000,synthetic_chat_design_preset
82.30,8.352474,8.230000,0.122474,0.000000,synthetic_chat_design_preset
82.31,8.360195,8.231000,0.129195,0.000000,synthetic_chat_design_preset
82.32,8.366500,8.232000,0.134500,0.000000,synthetic_chat_design_preset
82.33,8.371331,8.233000,0.138331,0.000000,synthetic_chat_design_preset
82.34,8.374647,8.234000,0.140647,0.000000,synthetic_chat_design_preset
82.35,8.376421,8.235000,0.141421,0.000000,synthetic_chat_design_preset
82.36,8.376647,8.236000,0.140647,0.000000,synthetic_chat_design_preset
82.37,8.375331,8.237000,0.138331,0.000000,synthetic_chat_design_preset
82.38,8.372500,8.238000,0.134500,0.000000,synthetic_chat_design_preset
82.39,8.368195,8.239000,0.129195,0.000000,synthetic_chat_design_preset
82.40,8.362474,8.240000,0.122474,0.000000,synthetic_chat_design_preset
82.41,8.355412,8.241000,0.114412,0.000000,synthetic_chat_design_preset
82.42,8.347097,8.242000,0.105097,0.000000,synthetic_chat_design_preset
82.43,8.337629,8.243000,0.094629,0.000000,synthetic_chat_design_preset
82.44,8.327125,8.244000,0.083125,0.000000,synthetic_chat_design_preset
82.45,8.315711,8.245000,0.070711,0.000000,synthetic_chat_design_preset
82.46,8.303521,8.246000,0.057521,0.000000,synthetic_chat_design_preset
82.47,8.290702,8.247000,0.043702,0.000000,synthetic_chat_design_preset
82.48,8.277403,8.248000,0.029403,0.000000,synthetic_chat_design_preset
82.49,8.263783,8.249000,0.014783,0.000000,synthetic_chat_design_preset
82.50,8.250000,8.250000,0.000000,0.000000,synthetic_chat_design_preset
82.51,8.236217,8.251000,-0.014783,0.000000,synthetic_chat_design_preset
82.52,8.222597,8.252000,-0.029403,0.000000,synthetic_chat_design_preset
82.53,8.209298,8.253000,-0.043702,0.000000,synthetic_chat_design_preset
82.54,8.196479,8.254000,-0.057521,0.000000,synthetic_chat_design_preset
82.55,8.184289,8.255000,-0.070711,0.000000,synthetic_chat_design_preset
82.56,8.172875,8.256000,-0.083125,0.000000,synthetic_chat_design_preset
82.57,8.162371,8.257000,-0.094629,0.000000,synthetic_chat_design_preset
82.58,8.152903,8.258000,-0.105097,0.000000,synthetic_chat_design_preset
82.59,8.144588,8.259000,-0.114412,0.000000,synthetic_chat_design_preset
82.60,8.137526,8.260000,-0.122474,0.000000,synthetic_chat_design_preset
82.61,8.131805,8.261000,-0.129195,0.000000,synthetic_chat_design_preset
82.62,8.127500,8.262000,-0.134500,0.000000,synthetic_chat_design_preset
82.63,8.124669,8.263000,-0.138331,0.000000,synthetic_chat_design_preset
82.64,8.123353,8.264000,-0.140647,0.000000,synthetic_chat_design_preset
82.65,8.123579,8.265000,-0.141421,0.000000,synthetic_chat_design_preset
82.66,8.125353,8.266000,-0.140647,0.000000,synthetic_chat_design_preset
82.67,8.128669,8.267000,-0.138331,0.000000,synthetic_chat_design_preset
82.68,8.133500,8.268000,-0.134500,0.000000,synthetic_chat_design_preset
82.69,8.139805,8.269000,-0.129195,0.000000,synthetic_chat_design_preset
82.70,8.147526,8.270000,-0.122474,0.000000,synthetic_chat_design_preset
82.71,8.156588,8.271000,-0.114412,0.000000,synthetic_chat_design_preset
82.72,8.166903,8.272000,-0.105097,0.000000,synthetic_chat_design_preset
82.73,8.178371,8.273000,-0.094629,0.000000,synthetic_chat_design_preset
82.74,8.190957,8.274000,-0.083125,0.000083,synthetic_chat_design_preset
82.75,8.204402,8.275000,-0.070711,0.000113,synthetic_chat_design_preset
82.76,8.218632,8.276000,-0.057521,0.000153,synthetic_chat_design_preset
82.77,8.233505,8.277000,-0.043702,0.000207,synthetic_chat_design_preset
82.78,8.248874,8.278000,-0.029403,0.000277,synthetic_chat_design_preset
82.79,8.264586,8.279000,-0.014783,0.000369,synthetic_chat_design_preset
82.80,8.280488,8.280000,-0.000000,0.000488,synthetic_chat_design_preset
82.81,8.296425,8.281000,0.014783,0.000642,synthetic_chat_design_preset
82.82,8.312243,8.282000,0.029403,0.000840,synthetic_chat_design_preset
82.83,8.327793,8.283000,0.043702,0.001091,synthetic_chat_design_preset
82.84,8.342930,8.284000,0.057521,0.001409,synthetic_chat_design_preset
82.85,8.357519,8.285000,0.070711,0.001808,synthetic_chat_design_preset
82.86,8.371432,8.286000,0.083125,0.002307,synthetic_chat_design_preset
82.87,8.384553,8.287000,0.094629,0.002924,synthetic_chat_design_preset
82.88,8.396781,8.288000,0.105097,0.003684,synthetic_chat_design_preset
82.89,8.408026,8.289000,0.114412,0.004613,synthetic_chat_design_preset
82.90,8.418216,8.290000,0.122474,0.005741,synthetic_chat_design_preset
82.91,8.427296,8.291000,0.129195,0.007101,synthetic_chat_design_preset
82.92,8.435229,8.292000,0.134500,0.008729,synthetic_chat_design_preset
82.93,8.441995,8.293000,0.138331,0.010664,synthetic_chat_design_preset
82.94,8.447595,8.294000,0.140647,0.012948,synthetic_chat_design_preset
82.95,8.452046,8.295000,0.141421,0.015625,synthetic_chat_design_preset
82.96,8.455386,8.296000,0.140647,0.018739,synthetic_chat_design_preset
82.97,8.457668,8.297000,0.138331,0.022337,synthetic_chat_design_preset
82.98,8.458960,8.298000,0.134500,0.026461,synthetic_chat_design_preset
82.99,8.459349,8.299000,0.129195,0.031154,synthetic_chat_design_preset
83.00,8.458929,8.300000,0.122474,0.036454,synthetic_chat_design_preset
83.01,8.457806,8.301000,0.114412,0.042394,synthetic_chat_design_preset
83.02,8.456095,8.302000,0.105097,0.048999,synthetic_chat_design_preset
83.03,8.453914,8.303000,0.094629,0.056285,synthetic_chat_design_preset
83.04,8.451383,8.304000,0.083125,0.064257,synthetic_chat_design_preset
83.05,8.448619,8.305000,0.070711,0.072908,synthetic_chat_design_preset
83.06,8.445737,8.306000,0.057521,0.082216,synthetic_chat_design_preset
83.07,8.442843,8.307000,0.043702,0.092142,synthetic_chat_design_preset
83.08,8.440035,8.308000,0.029403,0.102632,synthetic_chat_design_preset
83.09,8.437397,8.309000,0.014783,0.113615,synthetic_chat_design_preset
83.10,8.435000,8.310000,-0.000000,0.125000,synthetic_chat_design_preset
83.11,8.432899,8.311000,-0.014783,0.136681,synthetic_chat_design_preset
83.12,8.431133,8.312000,-0.029403,0.148536,synthetic_chat_design_preset
83.13,8.429727,8.313000,-0.043702,0.160428,synthetic_chat_design_preset
83.14,8.428687,8.314000,-0.057521,0.172208,synthetic_chat_design_preset
83.15,8.428006,8.315000,-0.070711,0.183717,synthetic_chat_design_preset
83.16,8.427666,8.316000,-0.083125,0.194791,synthetic_chat_design_preset
83.17,8.427635,8.317000,-0.094629,0.205264,synthetic_chat_design_preset
83.18,8.427876,8.318000,-0.105097,0.214972,synthetic_chat_design_preset
83.19,8.428344,8.319000,-0.114412,0.223756,synthetic_chat_design_preset
83.20,8.428994,8.320000,-0.122474,0.231469,synthetic_chat_design_preset
83.21,8.429781,8.321000,-0.129195,0.237976,synthetic_chat_design_preset
83.22,8.430664,8.322000,-0.134500,0.243164,synthetic_chat_design_preset
83.23,8.431607,8.323000,-0.138331,0.246938,synthetic_chat_design_preset
83.24,8.432584,8.324000,-0.140647,0.249231,synthetic_chat_design_preset
83.25,8.433579,8.325000,-0.141421,0.250000,synthetic_chat_design_preset
83.26,8.434584,8.326000,-0.140647,0.249231,synthetic_chat_design_preset
83.27,8.435607,8.327000,-0.138331,0.246938,synthetic_chat_design_preset
83.28,8.436664,8.328000,-0.134500,0.243164,synthetic_chat_design_preset
83.29,8.437781,8.329000,-0.129195,0.237976,synthetic_chat_design_preset
83.30,8.438994,8.330000,-0.122474,0.231469,synthetic_chat_design_preset
83.31,8.440344,8.331000,-0.114412,0.223756,synthetic_chat_design_preset
83.32,8.441876,8.332000,-0.105097,0.214972,synthetic_chat_design_preset
83.33,8.443635,8.333000,-0.094629,0.205264,synthetic_chat_design_preset
83.34,8.445666,8.334000,-0.083125,0.194791,synthetic_chat_design_preset
83.35,8.448006,8.335000,-0.070711,0.183717,synthetic_chat_design_preset
83.36,8.450687,8.336000,-0.057521,0.172208,synthetic_chat_design_preset
83.37,8.453727,8.337000,-0.043702,0.160428,synthetic_chat_design_preset
83.38,8.457133,8.338000,-0.029403,0.148536,synthetic_chat_design_preset
83.39,8.460899,8.339000,-0.014783,0.136681,synthetic_chat_design_preset
83.40,8.465000,8.340000,0.000000,0.125000,synthetic_chat_design_preset
83.41,8.469397,8.341000,0.014783,0.113615,synthetic_chat_design_preset
83.42,8.474035,8.342000,0.029403,0.102632,synthetic_chat_design_preset
83.43,8.478843,8.343000,0.043702,0.092142,synthetic_chat_design_preset
83.44,8.483737,8.344000,0.057521,0.082216,synthetic_chat_design_preset
83.45,8.488619,8.345000,0.070711,0.072908,synthetic_chat_design_preset
83.46,8.493383,8.346000,0.083125,0.064257,synthetic_chat_design_preset
83.47,8.497914,8.347000,0.094629,0.056285,synthetic_chat_design_preset
83.48,8.502095,8.348000,0.105097,0.048999,synthetic_chat_design_preset
83.49,8.505806,8.349000,0.114412,0.042394,synthetic_chat_design_preset
83.50,8.508929,8.350000,0.122474,0.036454,synthetic_chat_design_preset
83.51,8.511349,8.351000,0.129195,0.031154,synthetic_chat_design_preset
83.52,8.512960,8.352000,0.134500,0.026461,synthetic_chat_design_preset
83.53,8.513668,8.353000,0.138331,0.022337,synthetic_chat_design_preset
83.54,8.513386,8.354000,0.140647,0.018739,synthetic_chat_design_preset
83.55,8.512046,8.355000,0.141421,0.015625,synthetic_chat_design_preset
83.56,8.509595,8.356000,0.140647,0.012948,synthetic_chat_design_preset
83.57,8.505995,8.357000,0.138331,0.010664,synthetic_chat_design_preset
83.58,8.501229,8.358000,0.134500,0.008729,synthetic_chat_design_preset
83.59,8.495296,8.359000,0.129195,0.007101,synthetic_chat_design_preset
83.60,8.488216,8.360000,0.122474,0.005741,synthetic_chat_design_preset
83.61,8.480026,8.361000,0.114412,0.004613,synthetic_chat_design_preset
83.62,8.470781,8.362000,0.105097,0.003684,synthetic_chat_design_preset
83.63,8.460553,8.363000,0.094629,0.002924,synthetic_chat_design_preset
83.64,8.449432,8.364000,0.083125,0.002307,synthetic_chat_design_preset
83.65,8.437519,8.365000,0.070711,0.001808,synthetic_chat_design_preset
83.66,8.424930,8.366000,0.057521,0.001409,synthetic_chat_design_preset
83.67,8.411793,8.367000,0.043702,0.001091,synthetic_chat_design_preset
83.68,8.398243,8.368000,0.029403,0.000840,synthetic_chat_design_preset
83.69,8.384425,8.369000,0.014783,0.000642,synthetic_chat_design_preset
83.70,8.370488,8.370000,0.000000,0.000488,synthetic_chat_design_preset
83.71,8.356586,8.371000,-0.014783,0.000369,synthetic_chat_design_preset
83.72,8.342874,8.372000,-0.029403,0.000277,synthetic_chat_design_preset
83.73,8.329505,8.373000,-0.043702,0.000207,synthetic_chat_design_preset
83.74,8.316632,8.374000,-0.057521,0.000153,synthetic_chat_design_preset
83.75,8.304402,8.375000,-0.070711,0.000113,synthetic_chat_design_preset
83.76,8.292875,8.376000,-0.083125,0.000000,synthetic_chat_design_preset
83.77,8.282371,8.377000,-0.094629,0.000000,synthetic_chat_design_preset
83.78,8.272903,8.378000,-0.105097,0.000000,synthetic_chat_design_preset
83.79,8.264588,8.379000,-0.114412,0.000000,synthetic_chat_design_preset
83.80,8.257526,8.380000,-0.122474,0.000000,synthetic_chat_design_preset
83.81,8.251805,8.381000,-0.129195,0.000000,synthetic_chat_design_preset
83.82,8.247500,8.382000,-0.134500,0.000000,synthetic_chat_design_preset
83.83,8.244669,8.383000,-0.138331,0.000000,synthetic_chat_design_preset
83.84,8.243353,8.384000,-0.140647,0.000000,synthetic_chat_design_preset
83.85,8.243579,8.385000,-0.141421,0.000000,synthetic_chat_design_preset
83.86,8.245353,8.386000,-0.140647,0.000000,synthetic_chat_design_preset
83.87,8.248669,8.387000,-0.138331,0.000000,synthetic_chat_design_preset
83.88,8.253500,8.388000,-0.134500,0.000000,synthetic_chat_design_preset
83.89,8.259805,8.389000,-0.129195,0.000000,synthetic_chat_design_preset
83.90,8.267526,8.390000,-0.122474,0.000000,synthetic_chat_design_preset
83.91,8.276588,8.391000,-0.114412,0.000000,synthetic_chat_design_preset
83.92,8.286903,8.392000,-0.105097,0.000000,synthetic_chat_design_preset
83.93,8.298371,8.393000,-0.094629,0.000000,synthetic_chat_design_preset
83.94,8.310875,8.394000,-0.083125,0.000000,synthetic_chat_design_preset
83.95,8.324289,8.395000,-0.070711,0.000000,synthetic_chat_design_preset
83.96,8.338479,8.396000,-0.057521,0.000000,synthetic_chat_design_preset
83.97,8.353298,8.397000,-0.043702,0.000000,synthetic_chat_design_preset
83.98,8.368597,8.398000,-0.029403,0.000000,synthetic_chat_design_preset
83.99,8.384217,8.399000,-0.014783,0.000000,synthetic_chat_design_preset
84.00,8.400000,8.400000,0.000000,0.000000,synthetic_chat_design_preset
84.01,8.415783,8.401000,0.014783,0.000000,synthetic_chat_design_preset
84.02,8.431403,8.402000,0.029403,0.000000,synthetic_chat_design_preset
84.03,8.446702,8.403000,0.043702,0.000000,synthetic_chat_design_preset
84.04,8.461521,8.404000,0.057521,0.000000,synthetic_chat_design_preset
84.05,8.475711,8.405000,0.070711,0.000000,synthetic_chat_design_preset
84.06,8.489125,8.406000,0.083125,0.000000,synthetic_chat_design_preset
84.07,8.501629,8.407000,0.094629,0.000000,synthetic_chat_design_preset
84.08,8.513097,8.408000,0.105097,0.000000,synthetic_chat_design_preset
84.09,8.523412,8.409000,0.114412,0.000000,synthetic_chat_design_preset
84.10,8.532474,8.410000,0.122474,0.000000,synthetic_chat_design_preset
84.11,8.540195,8.411000,0.129195,0.000000,synthetic_chat_design_preset
84.12,8.546500,8.412000,0.134500,0.000000,synthetic_chat_design_preset
84.13,8.551331,8.413000,0.138331,0.000000,synthetic_chat_design_preset
84.14,8.554647,8.414000,0.140647,0.000000,synthetic_chat_design_preset
84.15,8.556421,8.415000,0.141421,0.000000,synthetic_chat_design_preset
84.16,8.556647,8.416000,0.140647,0.000000,synthetic_chat_design_preset
84.17,8.555331,8.417000,0.138331,0.000000,synthetic_chat_design_preset
84.18,8.552500,8.418000,0.134500,0.000000,synthetic_chat_design_preset
84.19,8.548195,8.419000,0.129195,0.000000,synthetic_chat_design_preset
84.20,8.542474,8.420000,0.122474,0.000000,synthetic_chat_design_preset
84.21,8.535412,8.421000,0.114412,0.000000,synthetic_chat_design_preset
84.22,8.527097,8.422000,0.105097,0.000000,synthetic_chat_design_preset
84.23,8.517629,8.423000,0.094629,0.000000,synthetic_chat_design_preset
84.24,8.507208,8.424000,0.083125,0.000083,synthetic_chat_design_preset
84.25,8.495824,8.425000,0.070711,0.000113,synthetic_chat_design_preset
84.26,8.483675,8.426000,0.057521,0.000153,synthetic_chat_design_preset
84.27,8.470908,8.427000,0.043702,0.000207,synthetic_chat_design_preset
84.28,8.457680,8.428000,0.029403,0.000277,synthetic_chat_design_preset
84.29,8.444151,8.429000,0.014783,0.000369,synthetic_chat_design_preset
84.30,8.430488,8.430000,0.000000,0.000488,synthetic_chat_design_preset
84.31,8.416860,8.431000,-0.014783,0.000642,synthetic_chat_design_preset
84.32,8.403437,8.432000,-0.029403,0.000840,synthetic_chat_design_preset
84.33,8.390389,8.433000,-0.043702,0.001091,synthetic_chat_design_preset
84.34,8.377888,8.434000,-0.057521,0.001409,synthetic_chat_design_preset
84.35,8.366098,8.435000,-0.070711,0.001808,synthetic_chat_design_preset
84.36,8.355181,8.436000,-0.083125,0.002307,synthetic_chat_design_preset
84.37,8.345295,8.437000,-0.094629,0.002924,synthetic_chat_design_preset
84.38,8.336588,8.438000,-0.105097,0.003684,synthetic_chat_design_preset
84.39,8.329201,8.439000,-0.114412,0.004613,synthetic_chat_design_preset
84.40,8.323267,8.440000,-0.122474,0.005741,synthetic_chat_design_preset
84.41,8.318906,8.441000,-0.129195,0.007101,synthetic_chat_design_preset
84.42,8.316229,8.442000,-0.134500,0.008729,synthetic_chat_design_preset
84.43,8.315333,8.443000,-0.138331,0.010664,synthetic_chat_design_preset
84.44,8.316302,8.444000,-0.140647,0.012948,synthetic_chat_design_preset
84.45,8.319204,8.445000,-0.141421,0.015625,synthetic_chat_design_preset
84.46,8.324093,8.446000,-0.140647,0.018739,synthetic_chat_design_preset
84.47,8.331006,8.447000,-0.138331,0.022337,synthetic_chat_design_preset
84.48,8.339961,8.448000,-0.134500,0.026461,synthetic_chat_design_preset
84.49,8.350959,8.449000,-0.129195,0.031154,synthetic_chat_design_preset
84.50,8.363980,8.450000,-0.122474,0.036454,synthetic_chat_design_preset
84.51,8.378982,8.451000,-0.114412,0.042394,synthetic_chat_design_preset
84.52,8.395902,8.452000,-0.105097,0.048999,synthetic_chat_design_preset
84.53,8.414655,8.453000,-0.094629,0.056285,synthetic_chat_design_preset
84.54,8.435132,8.454000,-0.083125,0.064257,synthetic_chat_design_preset
84.55,8.457197,8.455000,-0.070711,0.072908,synthetic_chat_design_preset
84.56,8.480694,8.456000,-0.057521,0.082216,synthetic_chat_design_preset
84.57,8.505440,8.457000,-0.043702,0.092142,synthetic_chat_design_preset
84.58,8.531229,8.458000,-0.029403,0.102632,synthetic_chat_design_preset
84.59,8.557832,8.459000,-0.014783,0.113615,synthetic_chat_design_preset
84.60,8.585000,8.460000,0.000000,0.125000,synthetic_chat_design_preset
84.61,8.612464,8.461000,0.014783,0.136681,synthetic_chat_design_preset
84.62,8.639940,8.462000,0.029403,0.148536,synthetic_chat_design_preset
84.63,8.667130,8.463000,0.043702,0.160428,synthetic_chat_design_preset
84.64,8.693729,8.464000,0.057521,0.172208,synthetic_chat_design_preset
84.65,8.719427,8.465000,0.070711,0.183717,synthetic_chat_design_preset
84.66,8.743917,8.466000,0.083125,0.194791,synthetic_chat_design_preset
84.67,8.766894,8.467000,0.094629,0.205264,synthetic_chat_design_preset
84.68,8.788069,8.468000,0.105097,0.214972,synthetic_chat_design_preset
84.69,8.807169,8.469000,0.114412,0.223756,synthetic_chat_design_preset
84.70,8.823943,8.470000,0.122474,0.231469,synthetic_chat_design_preset
84.71,8.838171,8.471000,0.129195,0.237976,synthetic_chat_design_preset
84.72,8.849663,8.472000,0.134500,0.243164,synthetic_chat_design_preset
84.73,8.858269,8.473000,0.138331,0.246938,synthetic_chat_design_preset
84.74,8.863878,8.474000,0.140647,0.249231,synthetic_chat_design_preset
84.75,8.866421,8.475000,0.141421,0.250000,synthetic_chat_design_preset
84.76,8.865878,8.476000,0.140647,0.249231,synthetic_chat_design_preset
84.77,8.862269,8.477000,0.138331,0.246938,synthetic_chat_design_preset
84.78,8.855663,8.478000,0.134500,0.243164,synthetic_chat_design_preset
84.79,8.846171,8.479000,0.129195,0.237976,synthetic_chat_design_preset
84.80,8.833943,8.480000,0.122474,0.231469,synthetic_chat_design_preset
84.81,8.819169,8.481000,0.114412,0.223756,synthetic_chat_design_preset
84.82,8.802069,8.482000,0.105097,0.214972,synthetic_chat_design_preset
84.83,8.782894,8.483000,0.094629,0.205264,synthetic_chat_design_preset
84.84,8.761917,8.484000,0.083125,0.194791,synthetic_chat_design_preset
84.85,8.739427,8.485000,0.070711,0.183717,synthetic_chat_design_preset
84.86,8.715729,8.486000,0.057521,0.172208,synthetic_chat_design_preset
84.87,8.691130,8.487000,0.043702,0.160428,synthetic_chat_design_preset
84.88,8.665940,8.488000,0.029403,0.148536,synthetic_chat_design_preset
84.89,8.640464,8.489000,0.014783,0.136681,synthetic_chat_design_preset
84.90,8.615000,8.490000,-0.000000,0.125000,synthetic_chat_design_preset
84.91,8.589832,8.491000,-0.014783,0.113615,synthetic_chat_design_preset
84.92,8.565229,8.492000,-0.029403,0.102632,synthetic_chat_design_preset
84.93,8.541440,8.493000,-0.043702,0.092142,synthetic_chat_design_preset
84.94,8.518694,8.494000,-0.057521,0.082216,synthetic_chat_design_preset
84.95,8.497197,8.495000,-0.070711,0.072908,synthetic_chat_design_preset
84.96,8.477132,8.496000,-0.083125,0.064257,synthetic_chat_design_preset
84.97,8.458655,8.497000,-0.094629,0.056285,synthetic_chat_design_preset
84.98,8.441902,8.498000,-0.105097,0.048999,synthetic_chat_design_preset
84.99,8.426982,8.499000,-0.114412,0.042394,synthetic_chat_design_preset
85.00,8.413980,8.500000,-0.122474,0.036454,synthetic_chat_design_preset
85.01,8.402959,8.501000,-0.129195,0.031154,synthetic_chat_design_preset
85.02,8.393961,8.502000,-0.134500,0.026461,synthetic_chat_design_preset
85.03,8.387006,8.503000,-0.138331,0.022337,synthetic_chat_design_preset
85.04,8.382093,8.504000,-0.140647,0.018739,synthetic_chat_design_preset
85.05,8.379204,8.505000,-0.141421,0.015625,synthetic_chat_design_preset
85.06,8.378302,8.506000,-0.140647,0.012948,synthetic_chat_design_preset
85.07,8.379333,8.507000,-0.138331,0.010664,synthetic_chat_design_preset
85.08,8.382229,8.508000,-0.134500,0.008729,synthetic_chat_design_preset
85.09,8.386906,8.509000,-0.129195,0.007101,synthetic_chat_design_preset
85.10,8.393267,8.510000,-0.122474,0.005741,synthetic_chat_design_preset
85.11,8.401201,8.511000,-0.114412,0.004613,synthetic_chat_design_preset
85.12,8.410588,8.512000,-0.105097,0.003684,synthetic_chat_design_preset
85.13,8.421295,8.513000,-0.094629,0.002924,synthetic_chat_design_preset
85.14,8.433181,8.514000,-0.083125,0.002307,synthetic_chat_design_preset
85.15,8.446098,8.515000,-0.070711,0.001808,synthetic_chat_design_preset
85.16,8.459888,8.516000,-0.057521,0.001409,synthetic_chat_design_preset
85.17,8.474389,8.517000,-0.043702,0.001091,synthetic_chat_design_preset
85.18,8.489437,8.518000,-0.029403,0.000840,synthetic_chat_design_preset
85.19,8.504860,8.519000,-0.014783,0.000642,synthetic_chat_design_preset
85.20,8.520488,8.520000,0.000000,0.000488,synthetic_chat_design_preset
85.21,8.536151,8.521000,0.014783,0.000369,synthetic_chat_design_preset
85.22,8.551680,8.522000,0.029403,0.000277,synthetic_chat_design_preset
85.23,8.566908,8.523000,0.043702,0.000207,synthetic_chat_design_preset
85.24,8.581675,8.524000,0.057521,0.000153,synthetic_chat_design_preset
85.25,8.595824,8.525000,0.070711,0.000113,synthetic_chat_design_preset
85.26,8.609125,8.526000,0.083125,0.000000,synthetic_chat_design_preset
85.27,8.621629,8.527000,0.094629,0.000000,synthetic_chat_design_preset
85.28,8.633097,8.528000,0.105097,0.000000,synthetic_chat_design_preset
85.29,8.643412,8.529000,0.114412,0.000000,synthetic_chat_design_preset
85.30,8.652474,8.530000,0.122474,0.000000,synthetic_chat_design_preset
85.31,8.660195,8.531000,0.129195,0.000000,synthetic_chat_design_preset
85.32,8.666500,8.532000,0.134500,0.000000,synthetic_chat_design_preset
85.33,8.671331,8.533000,0.138331,0.000000,synthetic_chat_design_preset
85.34,8.674647,8.534000,0.140647,0.000000,synthetic_chat_design_preset
85.35,8.676421,8.535000,0.141421,0.000000,synthetic_chat_design_preset
85.36,8.676647,8.536000,0.140647,0.000000,synthetic_chat_design_preset
85.37,8.675331,8.537000,0.138331,0.000000,synthetic_chat_design_preset
85.38,8.672500,8.538000,0.134500,0.000000,synthetic_chat_design_preset
85.39,8.668195,8.539000,0.129195,0.000000,synthetic_chat_design_preset
85.40,8.662474,8.540000,0.122474,0.000000,synthetic_chat_design_preset
85.41,8.655412,8.541000,0.114412,0.000000,synthetic_chat_design_preset
85.42,8.647097,8.542000,0.105097,0.000000,synthetic_chat_design_preset
85.43,8.637629,8.543000,0.094629,0.000000,synthetic_chat_design_preset
85.44,8.627125,8.544000,0.083125,0.000000,synthetic_chat_design_preset
85.45,8.615711,8.545000,0.070711,0.000000,synthetic_chat_design_preset
85.46,8.603521,8.546000,0.057521,0.000000,synthetic_chat_design_preset
85.47,8.590702,8.547000,0.043702,0.000000,synthetic_chat_design_preset
85.48,8.577403,8.548000,0.029403,0.000000,synthetic_chat_design_preset
85.49,8.563783,8.549000,0.014783,0.000000,synthetic_chat_design_preset
85.50,8.550000,8.550000,0.000000,0.000000,synthetic_chat_design_preset
85.51,8.536217,8.551000,-0.014783,0.000000,synthetic_chat_design_preset
85.52,8.522597,8.552000,-0.029403,0.000000,synthetic_chat_design_preset
85.53,8.509298,8.553000,-0.043702,0.000000,synthetic_chat_design_preset
85.54,8.496479,8.554000,-0.057521,0.000000,synthetic_chat_design_preset
85.55,8.484289,8.555000,-0.070711,0.000000,synthetic_chat_design_preset
85.56,8.472875,8.556000,-0.083125,0.000000,synthetic_chat_design_preset
85.57,8.462371,8.557000,-0.094629,0.000000,synthetic_chat_design_preset
85.58,8.452903,8.558000,-0.105097,0.000000,synthetic_chat_design_preset
85.59,8.444588,8.559000,-0.114412,0.000000,synthetic_chat_design_preset
85.60,8.437526,8.560000,-0.122474,0.000000,synthetic_chat_design_preset
85.61,8.431805,8.561000,-0.129195,0.000000,synthetic_chat_design_preset
85.62,8.427500,8.562000,-0.134500,0.000000,synthetic_chat_design_preset
85.63,8.424669,8.563000,-0.138331,0.000000,synthetic_chat_design_preset
85.64,8.423353,8.564000,-0.140647,0.000000,synthetic_chat_design_preset
85.65,8.423579,8.565000,-0.141421,0.000000,synthetic_chat_design_preset
85.66,8.425353,8.566000,-0.140647,0.000000,synthetic_chat_design_preset
85.67,8.428669,8.567000,-0.138331,0.000000,synthetic_chat_design_preset
85.68,8.433500,8.568000,-0.134500,0.000000,synthetic_chat_design_preset
85.69,8.439805,8.569000,-0.129195,0.000000,synthetic_chat_design_preset
85.70,8.447526,8.570000,-0.122474,0.000000,synthetic_chat_design_preset
85.71,8.456588,8.571000,-0.114412,0.000000,synthetic_chat_design_preset
85.72,8.466903,8.572000,-0.105097,0.000000,synthetic_chat_design_preset
85.73,8.478371,8.573000,-0.094629,0.000000,synthetic_chat_design_preset
85.74,8.490957,8.574000,-0.083125,0.000083,synthetic_chat_design_preset
85.75,8.504402,8.575000,-0.070711,0.000113,synthetic_chat_design_preset
85.76,8.518632,8.576000,-0.057521,0.000153,synthetic_chat_design_preset
85.77,8.533505,8.577000,-0.043702,0.000207,synthetic_chat_design_preset
85.78,8.548874,8.578000,-0.029403,0.000277,synthetic_chat_design_preset
85.79,8.564586,8.579000,-0.014783,0.000369,synthetic_chat_design_preset
85.80,8.580488,8.580000,0.000000,0.000488,synthetic_chat_design_preset
85.81,8.596425,8.581000,0.014783,0.000642,synthetic_chat_design_preset
85.82,8.612243,8.582000,0.029403,0.000840,synthetic_chat_design_preset
85.83,8.627793,8.583000,0.043702,0.001091,synthetic_chat_design_preset
85.84,8.642930,8.584000,0.057521,0.001409,synthetic_chat_design_preset
85.85,8.657519,8.585000,0.070711,0.001808,synthetic_chat_design_preset
85.86,8.671432,8.586000,0.083125,0.002307,synthetic_chat_design_preset
85.87,8.684553,8.587000,0.094629,0.002924,synthetic_chat_design_preset
85.88,8.696781,8.588000,0.105097,0.003684,synthetic_chat_design_preset
85.89,8.708026,8.589000,0.114412,0.004613,synthetic_chat_design_preset
85.90,8.718216,8.590000,0.122474,0.005741,synthetic_chat_design_preset
85.91,8.727296,8.591000,0.129195,0.007101,synthetic_chat_design_preset
85.92,8.735229,8.592000,0.134500,0.008729,synthetic_chat_design_preset
85.93,8.741995,8.593000,0.138331,0.010664,synthetic_chat_design_preset
85.94,8.747595,8.594000,0.140647,0.012948,synthetic_chat_design_preset
85.95,8.752046,8.595000,0.141421,0.015625,synthetic_chat_design_preset
85.96,8.755386,8.596000,0.140647,0.018739,synthetic_chat_design_preset
85.97,8.757668,8.597000,0.138331,0.022337,synthetic_chat_design_preset
85.98,8.758960,8.598000,0.134500,0.026461,synthetic_chat_design_preset
85.99,8.759349,8.599000,0.129195,0.031154,synthetic_chat_design_preset
86.00,8.758929,8.600000,0.122474,0.036454,synthetic_chat_design_preset
86.01,8.757806,8.601000,0.114412,0.042394,synthetic_chat_design_preset
86.02,8.756095,8.602000,0.105097,0.048999,synthetic_chat_design_preset
86.03,8.753914,8.603000,0.094629,0.056285,synthetic_chat_design_preset
86.04,8.751383,8.604000,0.083125,0.064257,synthetic_chat_design_preset
86.05,8.748619,8.605000,0.070711,0.072908,synthetic_chat_design_preset
86.06,8.745737,8.606000,0.057521,0.082216,synthetic_chat_design_preset
86.07,8.742843,8.607000,0.043702,0.092142,synthetic_chat_design_preset
86.08,8.740035,8.608000,0.029403,0.102632,synthetic_chat_design_preset
86.09,8.737397,8.609000,0.014783,0.113615,synthetic_chat_design_preset
86.10,8.735000,8.610000,-0.000000,0.125000,synthetic_chat_design_preset
86.11,8.732899,8.611000,-0.014783,0.136681,synthetic_chat_design_preset
86.12,8.731133,8.612000,-0.029403,0.148536,synthetic_chat_design_preset
86.13,8.729727,8.613000,-0.043702,0.160428,synthetic_chat_design_preset
86.14,8.728687,8.614000,-0.057521,0.172208,synthetic_chat_design_preset
86.15,8.728006,8.615000,-0.070711,0.183717,synthetic_chat_design_preset
86.16,8.727666,8.616000,-0.083125,0.194791,synthetic_chat_design_preset
86.17,8.727635,8.617000,-0.094629,0.205264,synthetic_chat_design_preset
86.18,8.727876,8.618000,-0.105097,0.214972,synthetic_chat_design_preset
86.19,8.728344,8.619000,-0.114412,0.223756,synthetic_chat_design_preset
86.20,8.728994,8.620000,-0.122474,0.231469,synthetic_chat_design_preset
86.21,8.729781,8.621000,-0.129195,0.237976,synthetic_chat_design_preset
86.22,8.730664,8.622000,-0.134500,0.243164,synthetic_chat_design_preset
86.23,8.731607,8.623000,-0.138331,0.246938,synthetic_chat_design_preset
86.24,8.732584,8.624000,-0.140647,0.249231,synthetic_chat_design_preset
86.25,8.733579,8.625000,-0.141421,0.250000,synthetic_chat_design_preset
86.26,8.734584,8.626000,-0.140647,0.249231,synthetic_chat_design_preset
86.27,8.735607,8.627000,-0.138331,0.246938,synthetic_chat_design_preset
86.28,8.736664,8.628000,-0.134500,0.243164,synthetic_chat_design_preset
86.29,8.737781,8.629000,-0.129195,0.237976,synthetic_chat_design_preset
86.30,8.738994,8.630000,-0.122474,0.231469,synthetic_chat_design_preset
86.31,8.740344,8.631000,-0.114412,0.223756,synthetic_chat_design_preset
86.32,8.741876,8.632000,-0.105097,0.214972,synthetic_chat_design_preset
86.33,8.743635,8.633000,-0.094629,0.205264,synthetic_chat_design_preset
86.34,8.745666,8.634000,-0.083125,0.194791,synthetic_chat_design_preset
86.35,8.748006,8.635000,-0.070711,0.183717,synthetic_chat_design_preset
86.36,8.750687,8.636000,-0.057521,0.172208,synthetic_chat_design_preset
86.37,8.753727,8.637000,-0.043702,0.160428,synthetic_chat_design_preset
86.38,8.757133,8.638000,-0.029403,0.148536,synthetic_chat_design_preset
86.39,8.760899,8.639000,-0.014783,0.136681,synthetic_chat_design_preset
86.40,8.765000,8.640000,-0.000000,0.125000,synthetic_chat_design_preset
86.41,8.769397,8.641000,0.014783,0.113615,synthetic_chat_design_preset
86.42,8.774035,8.642000,0.029403,0.102632,synthetic_chat_design_preset
86.43,8.778843,8.643000,0.043702,0.092142,synthetic_chat_design_preset
86.44,8.783737,8.644000,0.057521,0.082216,synthetic_chat_design_preset
86.45,8.788619,8.645000,0.070711,0.072908,synthetic_chat_design_preset
86.46,8.793383,8.646000,0.083125,0.064257,synthetic_chat_design_preset
86.47,8.797914,8.647000,0.094629,0.056285,synthetic_chat_design_preset
86.48,8.802095,8.648000,0.105097,0.048999,synthetic_chat_design_preset
86.49,8.805806,8.649000,0.114412,0.042394,synthetic_chat_design_preset
86.50,8.808929,8.650000,0.122474,0.036454,synthetic_chat_design_preset
86.51,8.811349,8.651000,0.129195,0.031154,synthetic_chat_design_preset
86.52,8.812960,8.652000,0.134500,0.026461,synthetic_chat_design_preset
86.53,8.813668,8.653000,0.138331,0.022337,synthetic_chat_design_preset
86.54,8.813386,8.654000,0.140647,0.018739,synthetic_chat_design_preset
86.55,8.812046,8.655000,0.141421,0.015625,synthetic_chat_design_preset
86.56,8.809595,8.656000,0.140647,0.012948,synthetic_chat_design_preset
86.57,8.805995,8.657000,0.138331,0.010664,synthetic_chat_design_preset
86.58,8.801229,8.658000,0.134500,0.008729,synthetic_chat_design_preset
86.59,8.795296,8.659000,0.129195,0.007101,synthetic_chat_design_preset
86.60,8.788216,8.660000,0.122474,0.005741,synthetic_chat_design_preset
86.61,8.780026,8.661000,0.114412,0.004613,synthetic_chat_design_preset
86.62,8.770781,8.662000,0.105097,0.003684,synthetic_chat_design_preset
86.63,8.760553,8.663000,0.094629,0.002924,synthetic_chat_design_preset
86.64,8.749432,8.664000,0.083125,0.002307,synthetic_chat_design_preset
86.65,8.737519,8.665000,0.070711,0.001808,synthetic_chat_design_preset
86.66,8.724930,8.666000,0.057521,0.001409,synthetic_chat_design_preset
86.67,8.711793,8.667000,0.043702,0.001091,synthetic_chat_design_preset
86.68,8.698243,8.668000,0.029403,0.000840,synthetic_chat_design_preset
86.69,8.684425,8.669000,0.014783,0.000642,synthetic_chat_design_preset
86.70,8.670488,8.670000,-0.000000,0.000488,synthetic_chat_design_preset
86.71,8.656586,8.671000,-0.014783,0.000369,synthetic_chat_design_preset
86.72,8.642874,8.672000,-0.029403,0.000277,synthetic_chat_design_preset
86.73,8.629505,8.673000,-0.043702,0.000207,synthetic_chat_design_preset
86.74,8.616632,8.674000,-0.057521,0.000153,synthetic_chat_design_preset
86.75,8.604402,8.675000,-0.070711,0.000113,synthetic_chat_design_preset
86.76,8.592875,8.676000,-0.083125,0.000000,synthetic_chat_design_preset
86.77,8.582371,8.677000,-0.094629,0.000000,synthetic_chat_design_preset
86.78,8.572903,8.678000,-0.105097,0.000000,synthetic_chat_design_preset
86.79,8.564588,8.679000,-0.114412,0.000000,synthetic_chat_design_preset
86.80,8.557526,8.680000,-0.122474,0.000000,synthetic_chat_design_preset
86.81,8.551805,8.681000,-0.129195,0.000000,synthetic_chat_design_preset
86.82,8.547500,8.682000,-0.134500,0.000000,synthetic_chat_design_preset
86.83,8.544669,8.683000,-0.138331,0.000000,synthetic_chat_design_preset
86.84,8.543353,8.684000,-0.140647,0.000000,synthetic_chat_design_preset
86.85,8.543579,8.685000,-0.141421,0.000000,synthetic_chat_design_preset
86.86,8.545353,8.686000,-0.140647,0.000000,synthetic_chat_design_preset
86.87,8.548669,8.687000,-0.138331,0.000000,synthetic_chat_design_preset
86.88,8.553500,8.688000,-0.134500,0.000000,synthetic_chat_design_preset
86.89,8.559805,8.689000,-0.129195,0.000000,synthetic_chat_design_preset
86.90,8.567526,8.690000,-0.122474,0.000000,synthetic_chat_design_preset
86.91,8.576588,8.691000,-0.114412,0.000000,synthetic_chat_design_preset
86.92,8.586903,8.692000,-0.105097,0.000000,synthetic_chat_design_preset
86.93,8.598371,8.693000,-0.094629,0.000000,synthetic_chat_design_preset
86.94,8.610875,8.694000,-0.083125,0.000000,synthetic_chat_design_preset
86.95,8.624289,8.695000,-0.070711,0.000000,synthetic_chat_design_preset
86.96,8.638479,8.696000,-0.057521,0.000000,synthetic_chat_design_preset
86.97,8.653298,8.697000,-0.043702,0.000000,synthetic_chat_design_preset
86.98,8.668597,8.698000,-0.029403,0.000000,synthetic_chat_design_preset
86.99,8.684217,8.699000,-0.014783,0.000000,synthetic_chat_design_preset
87.00,8.700000,8.700000,-0.000000,0.000000,synthetic_chat_design_preset
87.01,8.715783,8.701000,0.014783,0.000000,synthetic_chat_design_preset
87.02,8.731403,8.702000,0.029403,0.000000,synthetic_chat_design_preset
87.03,8.746702,8.703000,0.043702,0.000000,synthetic_chat_design_preset
87.04,8.761521,8.704000,0.057521,0.000000,synthetic_chat_design_preset
87.05,8.775711,8.705000,0.070711,0.000000,synthetic_chat_design_preset
87.06,8.789125,8.706000,0.083125,0.000000,synthetic_chat_design_preset
87.07,8.801629,8.707000,0.094629,0.000000,synthetic_chat_design_preset
87.08,8.813097,8.708000,0.105097,0.000000,synthetic_chat_design_preset
87.09,8.823412,8.709000,0.114412,0.000000,synthetic_chat_design_preset
87.10,8.832474,8.710000,0.122474,0.000000,synthetic_chat_design_preset
87.11,8.840195,8.711000,0.129195,0.000000,synthetic_chat_design_preset
87.12,8.846500,8.712000,0.134500,0.000000,synthetic_chat_design_preset
87.13,8.851331,8.713000,0.138331,0.000000,synthetic_chat_design_preset
87.14,8.854647,8.714000,0.140647,0.000000,synthetic_chat_design_preset
87.15,8.856421,8.715000,0.141421,0.000000,synthetic_chat_design_preset
87.16,8.856647,8.716000,0.140647,0.000000,synthetic_chat_design_preset
87.17,8.855331,8.717000,0.138331,0.000000,synthetic_chat_design_preset
87.18,8.852500,8.718000,0.134500,0.000000,synthetic_chat_design_preset
87.19,8.848195,8.719000,0.129195,0.000000,synthetic_chat_design_preset
87.20,8.842474,8.720000,0.122474,0.000000,synthetic_chat_design_preset
87.21,8.835412,8.721000,0.114412,0.000000,synthetic_chat_design_preset
87.22,8.827097,8.722000,0.105097,0.000000,synthetic_chat_design_preset
87.23,8.817629,8.723000,0.094629,0.000000,synthetic_chat_design_preset
87.24,8.807208,8.724000,0.083125,0.000083,synthetic_chat_design_preset
87.25,8.795824,8.725000,0.070711,0.000113,synthetic_chat_design_preset
87.26,8.783675,8.726000,0.057521,0.000153,synthetic_chat_design_preset
87.27,8.770908,8.727000,0.043702,0.000207,synthetic_chat_design_preset
87.28,8.757680,8.728000,0.029403,0.000277,synthetic_chat_design_preset
87.29,8.744151,8.729000,0.014783,0.000369,synthetic_chat_design_preset
87.30,8.730488,8.730000,-0.000000,0.000488,synthetic_chat_design_preset
87.31,8.716860,8.731000,-0.014783,0.000642,synthetic_chat_design_preset
87.32,8.703437,8.732000,-0.029403,0.000840,synthetic_chat_design_preset
87.33,8.690389,8.733000,-0.043702,0.001091,synthetic_chat_design_preset
87.34,8.677888,8.734000,-0.057521,0.001409,synthetic_chat_design_preset
87.35,8.666098,8.735000,-0.070711,0.001808,synthetic_chat_design_preset
87.36,8.655181,8.736000,-0.083125,0.002307,synthetic_chat_design_preset
87.37,8.645295,8.737000,-0.094629,0.002924,synthetic_chat_design_preset
87.38,8.636588,8.738000,-0.105097,0.003684,synthetic_chat_design_preset
87.39,8.629201,8.739000,-0.114412,0.004613,synthetic_chat_design_preset
87.40,8.623267,8.740000,-0.122474,0.005741,synthetic_chat_design_preset
87.41,8.618906,8.741000,-0.129195,0.007101,synthetic_chat_design_preset
87.42,8.616229,8.742000,-0.134500,0.008729,synthetic_chat_design_preset
87.43,8.615333,8.743000,-0.138331,0.010664,synthetic_chat_design_preset
87.44,8.616302,8.744000,-0.140647,0.012948,synthetic_chat_design_preset
87.45,8.619204,8.745000,-0.141421,0.015625,synthetic_chat_design_preset
87.46,8.624093,8.746000,-0.140647,0.018739,synthetic_chat_design_preset
87.47,8.631006,8.747000,-0.138331,0.022337,synthetic_chat_design_preset
87.48,8.639961,8.748000,-0.134500,0.026461,synthetic_chat_design_preset
87.49,8.650959,8.749000,-0.129195,0.031154,synthetic_chat_design_preset
87.50,8.663980,8.750000,-0.122474,0.036454,synthetic_chat_design_preset
87.51,8.678982,8.751000,-0.114412,0.042394,synthetic_chat_design_preset
87.52,8.695902,8.752000,-0.105097,0.048999,synthetic_chat_design_preset
87.53,8.714655,8.753000,-0.094629,0.056285,synthetic_chat_design_preset
87.54,8.735132,8.754000,-0.083125,0.064257,synthetic_chat_design_preset
87.55,8.757197,8.755000,-0.070711,0.072908,synthetic_chat_design_preset
87.56,8.780694,8.756000,-0.057521,0.082216,synthetic_chat_design_preset
87.57,8.805440,8.757000,-0.043702,0.092142,synthetic_chat_design_preset
87.58,8.831229,8.758000,-0.029403,0.102632,synthetic_chat_design_preset
87.59,8.857832,8.759000,-0.014783,0.113615,synthetic_chat_design_preset
87.60,8.885000,8.760000,0.000000,0.125000,synthetic_chat_design_preset
87.61,8.912464,8.761000,0.014783,0.136681,synthetic_chat_design_preset
87.62,8.939940,8.762000,0.029403,0.148536,synthetic_chat_design_preset
87.63,8.967130,8.763000,0.043702,0.160428,synthetic_chat_design_preset
87.64,8.993729,8.764000,0.057521,0.172208,synthetic_chat_design_preset
87.65,9.019427,8.765000,0.070711,0.183717,synthetic_chat_design_preset
87.66,9.043917,8.766000,0.083125,0.194791,synthetic_chat_design_preset
87.67,9.066894,8.767000,0.094629,0.205264,synthetic_chat_design_preset
87.68,9.088069,8.768000,0.105097,0.214972,synthetic_chat_design_preset
87.69,9.107169,8.769000,0.114412,0.223756,synthetic_chat_design_preset
87.70,9.123943,8.770000,0.122474,0.231469,synthetic_chat_design_preset
87.71,9.138171,8.771000,0.129195,0.237976,synthetic_chat_design_preset
87.72,9.149663,8.772000,0.134500,0.243164,synthetic_chat_design_preset
87.73,9.158269,8.773000,0.138331,0.246938,synthetic_chat_design_preset
87.74,9.163878,8.774000,0.140647,0.249231,synthetic_chat_design_preset
87.75,9.166421,8.775000,0.141421,0.250000,synthetic_chat_design_preset
87.76,9.165878,8.776000,0.140647,0.249231,synthetic_chat_design_preset
87.77,9.162269,8.777000,0.138331,0.246938,synthetic_chat_design_preset
87.78,9.155663,8.778000,0.134500,0.243164,synthetic_chat_design_preset
87.79,9.146171,8.779000,0.129195,0.237976,synthetic_chat_design_preset
87.80,9.133943,8.780000,0.122474,0.231469,synthetic_chat_design_preset
87.81,9.119169,8.781000,0.114412,0.223756,synthetic_chat_design_preset
87.82,9.102069,8.782000,0.105097,0.214972,synthetic_chat_design_preset
87.83,9.082894,8.783000,0.094629,0.205264,synthetic_chat_design_preset
87.84,9.061917,8.784000,0.083125,0.194791,synthetic_chat_design_preset
87.85,9.039427,8.785000,0.070711,0.183717,synthetic_chat_design_preset
87.86,9.015729,8.786000,0.057521,0.172208,synthetic_chat_design_preset
87.87,8.991130,8.787000,0.043702,0.160428,synthetic_chat_design_preset
87.88,8.965940,8.788000,0.029403,0.148536,synthetic_chat_design_preset
87.89,8.940464,8.789000,0.014783,0.136681,synthetic_chat_design_preset
87.90,8.915000,8.790000,-0.000000,0.125000,synthetic_chat_design_preset
87.91,8.889832,8.791000,-0.014783,0.113615,synthetic_chat_design_preset
87.92,8.865229,8.792000,-0.029403,0.102632,synthetic_chat_design_preset
87.93,8.841440,8.793000,-0.043702,0.092142,synthetic_chat_design_preset
87.94,8.818694,8.794000,-0.057521,0.082216,synthetic_chat_design_preset
87.95,8.797197,8.795000,-0.070711,0.072908,synthetic_chat_design_preset
87.96,8.777132,8.796000,-0.083125,0.064257,synthetic_chat_design_preset
87.97,8.758655,8.797000,-0.094629,0.056285,synthetic_chat_design_preset
87.98,8.741902,8.798000,-0.105097,0.048999,synthetic_chat_design_preset
87.99,8.726982,8.799000,-0.114412,0.042394,synthetic_chat_design_preset
88.00,8.713980,8.800000,-0.122474,0.036454,synthetic_chat_design_preset
88.01,8.702959,8.801000,-0.129195,0.031154,synthetic_chat_design_preset
88.02,8.693961,8.802000,-0.134500,0.026461,synthetic_chat_design_preset
88.03,8.687006,8.803000,-0.138331,0.022337,synthetic_chat_design_preset
88.04,8.682093,8.804000,-0.140647,0.018739,synthetic_chat_design_preset
88.05,8.679204,8.805000,-0.141421,0.015625,synthetic_chat_design_preset
88.06,8.678302,8.806000,-0.140647,0.012948,synthetic_chat_design_preset
88.07,8.679333,8.807000,-0.138331,0.010664,synthetic_chat_design_preset
88.08,8.682229,8.808000,-0.134500,0.008729,synthetic_chat_design_preset
88.09,8.686906,8.809000,-0.129195,0.007101,synthetic_chat_design_preset
88.10,8.693267,8.810000,-0.122474,0.005741,synthetic_chat_design_preset
88.11,8.701201,8.811000,-0.114412,0.004613,synthetic_chat_design_preset
88.12,8.710588,8.812000,-0.105097,0.003684,synthetic_chat_design_preset
88.13,8.721295,8.813000,-0.094629,0.002924,synthetic_chat_design_preset
88.14,8.733181,8.814000,-0.083125,0.002307,synthetic_chat_design_preset
88.15,8.746098,8.815000,-0.070711,0.001808,synthetic_chat_design_preset
88.16,8.759888,8.816000,-0.057521,0.001409,synthetic_chat_design_preset
88.17,8.774389,8.817000,-0.043702,0.001091,synthetic_chat_design_preset
88.18,8.789437,8.818000,-0.029403,0.000840,synthetic_chat_design_preset
88.19,8.804860,8.819000,-0.014783,0.000642,synthetic_chat_design_preset
88.20,8.820488,8.820000,0.000000,0.000488,synthetic_chat_design_preset
88.21,8.836151,8.821000,0.014783,0.000369,synthetic_chat_design_preset
88.22,8.851680,8.822000,0.029403,0.000277,synthetic_chat_design_preset
88.23,8.866908,8.823000,0.043702,0.000207,synthetic_chat_design_preset
88.24,8.881675,8.824000,0.057521,0.000153,synthetic_chat_design_preset
88.25,8.895824,8.825000,0.070711,0.000113,synthetic_chat_design_preset
88.26,8.909125,8.826000,0.083125,0.000000,synthetic_chat_design_preset
88.27,8.921629,8.827000,0.094629,0.000000,synthetic_chat_design_preset
88.28,8.933097,8.828000,0.105097,0.000000,synthetic_chat_design_preset
88.29,8.943412,8.829000,0.114412,0.000000,synthetic_chat_design_preset
88.30,8.952474,8.830000,0.122474,0.000000,synthetic_chat_design_preset
88.31,8.960195,8.831000,0.129195,0.000000,synthetic_chat_design_preset
88.32,8.966500,8.832000,0.134500,0.000000,synthetic_chat_design_preset
88.33,8.971331,8.833000,0.138331,0.000000,synthetic_chat_design_preset
88.34,8.974647,8.834000,0.140647,0.000000,synthetic_chat_design_preset
88.35,8.976421,8.835000,0.141421,0.000000,synthetic_chat_design_preset
88.36,8.976647,8.836000,0.140647,0.000000,synthetic_chat_design_preset
88.37,8.975331,8.837000,0.138331,0.000000,synthetic_chat_design_preset
88.38,8.972500,8.838000,0.134500,0.000000,synthetic_chat_design_preset
88.39,8.968195,8.839000,0.129195,0.000000,synthetic_chat_design_preset
88.40,8.962474,8.840000,0.122474,0.000000,synthetic_chat_design_preset
88.41,8.955412,8.841000,0.114412,0.000000,synthetic_chat_design_preset
88.42,8.947097,8.842000,0.105097,0.000000,synthetic_chat_design_preset
88.43,8.937629,8.843000,0.094629,0.000000,synthetic_chat_design_preset
88.44,8.927125,8.844000,0.083125,0.000000,synthetic_chat_design_preset
88.45,8.915711,8.845000,0.070711,0.000000,synthetic_chat_design_preset
88.46,8.903521,8.846000,0.057521,0.000000,synthetic_chat_design_preset
88.47,8.890702,8.847000,0.043702,0.000000,synthetic_chat_design_preset
88.48,8.877403,8.848000,0.029403,0.000000,synthetic_chat_design_preset
88.49,8.863783,8.849000,0.014783,0.000000,synthetic_chat_design_preset
88.50,8.850000,8.850000,-0.000000,0.000000,synthetic_chat_design_preset
88.51,8.836217,8.851000,-0.014783,0.000000,synthetic_chat_design_preset
88.52,8.822597,8.852000,-0.029403,0.000000,synthetic_chat_design_preset
88.53,8.809298,8.853000,-0.043702,0.000000,synthetic_chat_design_preset
88.54,8.796479,8.854000,-0.057521,0.000000,synthetic_chat_design_preset
88.55,8.784289,8.855000,-0.070711,0.000000,synthetic_chat_design_preset
88.56,8.772875,8.856000,-0.083125,0.000000,synthetic_chat_design_preset
88.57,8.762371,8.857000,-0.094629,0.000000,synthetic_chat_design_preset
88.58,8.752903,8.858000,-0.105097,0.000000,synthetic_chat_design_preset
88.59,8.744588,8.859000,-0.114412,0.000000,synthetic_chat_design_preset
88.60,8.737526,8.860000,-0.122474,0.000000,synthetic_chat_design_preset
88.61,8.731805,8.861000,-0.129195,0.000000,synthetic_chat_design_preset
88.62,8.727500,8.862000,-0.134500,0.000000,synthetic_chat_design_preset
88.63,8.724669,8.863000,-0.138331,0.000000,synthetic_chat_design_preset
88.64,8.723353,8.864000,-0.140647,0.000000,synthetic_chat_design_preset
88.65,8.723579,8.865000,-0.141421,0.000000,synthetic_chat_design_preset
88.66,8.725353,8.866000,-0.140647,0.000000,synthetic_chat_design_preset
88.67,8.728669,8.867000,-0.138331,0.000000,synthetic_chat_design_preset
88.68,8.733500,8.868000,-0.134500,0.000000,synthetic_chat_design_preset
88.69,8.739805,8.869000,-0.129195,0.000000,synthetic_chat_design_preset
88.70,8.747526,8.870000,-0.122474,0.000000,synthetic_chat_design_preset
88.71,8.756588,8.871000,-0.114412,0.000000,synthetic_chat_design_preset
88.72,8.766903,8.872000,-0.105097,0.000000,synthetic_chat_design_preset
88.73,8.778371,8.873000,-0.094629,0.000000,synthetic_chat_design_preset
88.74,8.790957,8.874000,-0.083125,0.000083,synthetic_chat_design_preset
88.75,8.804402,8.875000,-0.070711,0.000113,synthetic_chat_design_preset
88.76,8.818632,8.876000,-0.057521,0.000153,synthetic_chat_design_preset
88.77,8.833505,8.877000,-0.043702,0.000207,synthetic_chat_design_preset
88.78,8.848874,8.878000,-0.029403,0.000277,synthetic_chat_design_preset
88.79,8.864586,8.879000,-0.014783,0.000369,synthetic_chat_design_preset
88.80,8.880488,8.880000,-0.000000,0.000488,synthetic_chat_design_preset
88.81,8.896425,8.881000,0.014783,0.000642,synthetic_chat_design_preset
88.82,8.912243,8.882000,0.029403,0.000840,synthetic_chat_design_preset
88.83,8.927793,8.883000,0.043702,0.001091,synthetic_chat_design_preset
88.84,8.942930,8.884000,0.057521,0.001409,synthetic_chat_design_preset
88.85,8.957519,8.885000,0.070711,0.001808,synthetic_chat_design_preset
88.86,8.971432,8.886000,0.083125,0.002307,synthetic_chat_design_preset
88.87,8.984553,8.887000,0.094629,0.002924,synthetic_chat_design_preset
88.88,8.996781,8.888000,0.105097,0.003684,synthetic_chat_design_preset
88.89,9.008026,8.889000,0.114412,0.004613,synthetic_chat_design_preset
88.90,9.018216,8.890000,0.122474,0.005741,synthetic_chat_design_preset
88.91,9.027296,8.891000,0.129195,0.007101,synthetic_chat_design_preset
88.92,9.035229,8.892000,0.134500,0.008729,synthetic_chat_design_preset
88.93,9.041995,8.893000,0.138331,0.010664,synthetic_chat_design_preset
88.94,9.047595,8.894000,0.140647,0.012948,synthetic_chat_design_preset
88.95,9.052046,8.895000,0.141421,0.015625,synthetic_chat_design_preset
88.96,9.055386,8.896000,0.140647,0.018739,synthetic_chat_design_preset
88.97,9.057668,8.897000,0.138331,0.022337,synthetic_chat_design_preset
88.98,9.058960,8.898000,0.134500,0.026461,synthetic_chat_design_preset
88.99,9.059349,8.899000,0.129195,0.031154,synthetic_chat_design_preset
89.00,9.058929,8.900000,0.122474,0.036454,synthetic_chat_design_preset
89.01,9.057806,8.901000,0.114412,0.042394,synthetic_chat_design_preset
89.02,9.056095,8.902000,0.105097,0.048999,synthetic_chat_design_preset
89.03,9.053914,8.903000,0.094629,0.056285,synthetic_chat_design_preset
89.04,9.051383,8.904000,0.083125,0.064257,synthetic_chat_design_preset
89.05,9.048619,8.905000,0.070711,0.072908,synthetic_chat_design_preset
89.06,9.045737,8.906000,0.057521,0.082216,synthetic_chat_design_preset
89.07,9.042843,8.907000,0.043702,0.092142,synthetic_chat_design_preset
89.08,9.040035,8.908000,0.029403,0.102632,synthetic_chat_design_preset
89.09,9.037397,8.909000,0.014783,0.113615,synthetic_chat_design_preset
89.10,9.035000,8.910000,0.000000,0.125000,synthetic_chat_design_preset
89.11,9.032899,8.911000,-0.014783,0.136681,synthetic_chat_design_preset
89.12,9.031133,8.912000,-0.029403,0.148536,synthetic_chat_design_preset
89.13,9.029727,8.913000,-0.043702,0.160428,synthetic_chat_design_preset
89.14,9.028687,8.914000,-0.057521,0.172208,synthetic_chat_design_preset
89.15,9.028006,8.915000,-0.070711,0.183717,synthetic_chat_design_preset
89.16,9.027666,8.916000,-0.083125,0.194791,synthetic_chat_design_preset
89.17,9.027635,8.917000,-0.094629,0.205264,synthetic_chat_design_preset
89.18,9.027876,8.918000,-0.105097,0.214972,synthetic_chat_design_preset
89.19,9.028344,8.919000,-0.114412,0.223756,synthetic_chat_design_preset
89.20,9.028994,8.920000,-0.122474,0.231469,synthetic_chat_design_preset
89.21,9.029781,8.921000,-0.129195,0.237976,synthetic_chat_design_preset
89.22,9.030664,8.922000,-0.134500,0.243164,synthetic_chat_design_preset
89.23,9.031607,8.923000,-0.138331,0.246938,synthetic_chat_design_preset
89.24,9.032584,8.924000,-0.140647,0.249231,synthetic_chat_design_preset
89.25,9.033579,8.925000,-0.141421,0.250000,synthetic_chat_design_preset
89.26,9.034584,8.926000,-0.140647,0.249231,synthetic_chat_design_preset
89.27,9.035607,8.927000,-0.138331,0.246938,synthetic_chat_design_preset
89.28,9.036664,8.928000,-0.134500,0.243164,synthetic_chat_design_preset
89.29,9.037781,8.929000,-0.129195,0.237976,synthetic_chat_design_preset
89.30,9.038994,8.930000,-0.122474,0.231469,synthetic_chat_design_preset
89.31,9.040344,8.931000,-0.114412,0.223756,synthetic_chat_design_preset
89.32,9.041876,8.932000,-0.105097,0.214972,synthetic_chat_design_preset
89.33,9.043635,8.933000,-0.094629,0.205264,synthetic_chat_design_preset
89.34,9.045666,8.934000,-0.083125,0.194791,synthetic_chat_design_preset
89.35,9.048006,8.935000,-0.070711,0.183717,synthetic_chat_design_preset
89.36,9.050687,8.936000,-0.057521,0.172208,synthetic_chat_design_preset
89.37,9.053727,8.937000,-0.043702,0.160428,synthetic_chat_design_preset
89.38,9.057133,8.938000,-0.029403,0.148536,synthetic_chat_design_preset
89.39,9.060899,8.939000,-0.014783,0.136681,synthetic_chat_design_preset
89.40,9.065000,8.940000,0.000000,0.125000,synthetic_chat_design_preset
89.41,9.069397,8.941000,0.014783,0.113615,synthetic_chat_design_preset
89.42,9.074035,8.942000,0.029403,0.102632,synthetic_chat_design_preset
89.43,9.078843,8.943000,0.043702,0.092142,synthetic_chat_design_preset
89.44,9.083737,8.944000,0.057521,0.082216,synthetic_chat_design_preset
89.45,9.088619,8.945000,0.070711,0.072908,synthetic_chat_design_preset
89.46,9.093383,8.946000,0.083125,0.064257,synthetic_chat_design_preset
89.47,9.097914,8.947000,0.094629,0.056285,synthetic_chat_design_preset
89.48,9.102095,8.948000,0.105097,0.048999,synthetic_chat_design_preset
89.49,9.105806,8.949000,0.114412,0.042394,synthetic_chat_design_preset
89.50,9.108929,8.950000,0.122474,0.036454,synthetic_chat_design_preset
89.51,9.111349,8.951000,0.129195,0.031154,synthetic_chat_design_preset
89.52,9.112960,8.952000,0.134500,0.026461,synthetic_chat_design_preset
89.53,9.113668,8.953000,0.138331,0.022337,synthetic_chat_design_preset
89.54,9.113386,8.954000,0.140647,0.018739,synthetic_chat_design_preset
89.55,9.112046,8.955000,0.141421,0.015625,synthetic_chat_design_preset
89.56,9.109595,8.956000,0.140647,0.012948,synthetic_chat_design_preset
89.57,9.105995,8.957000,0.138331,0.010664,synthetic_chat_design_preset
89.58,9.101229,8.958000,0.134500,0.008729,synthetic_chat_design_preset
89.59,9.095296,8.959000,0.129195,0.007101,synthetic_chat_design_preset
89.60,9.088216,8.960000,0.122474,0.005741,synthetic_chat_design_preset
89.61,9.080026,8.961000,0.114412,0.004613,synthetic_chat_design_preset
89.62,9.070781,8.962000,0.105097,0.003684,synthetic_chat_design_preset
89.63,9.060553,8.963000,0.094629,0.002924,synthetic_chat_design_preset
89.64,9.049432,8.964000,0.083125,0.002307,synthetic_chat_design_preset
89.65,9.037519,8.965000,0.070711,0.001808,synthetic_chat_design_preset
89.66,9.024930,8.966000,0.057521,0.001409,synthetic_chat_design_preset
89.67,9.011793,8.967000,0.043702,0.001091,synthetic_chat_design_preset
89.68,8.998243,8.968000,0.029403,0.000840,synthetic_chat_design_preset
89.69,8.984425,8.969000,0.014783,0.000642,synthetic_chat_design_preset
89.70,8.970488,8.970000,0.000000,0.000488,synthetic_chat_design_preset
89.71,8.956586,8.971000,-0.014783,0.000369,synthetic_chat_design_preset
89.72,8.942874,8.972000,-0.029403,0.000277,synthetic_chat_design_preset
89.73,8.929505,8.973000,-0.043702,0.000207,synthetic_chat_design_preset
89.74,8.916632,8.974000,-0.057521,0.000153,synthetic_chat_design_preset
89.75,8.904402,8.975000,-0.070711,0.000113,synthetic_chat_design_preset
89.76,8.892875,8.976000,-0.083125,0.000000,synthetic_chat_design_preset
89.77,8.882371,8.977000,-0.094629,0.000000,synthetic_chat_design_preset
89.78,8.872903,8.978000,-0.105097,0.000000,synthetic_chat_design_preset
89.79,8.864588,8.979000,-0.114412,0.000000,synthetic_chat_design_preset
89.80,8.857526,8.980000,-0.122474,0.000000,synthetic_chat_design_preset
89.81,8.851805,8.981000,-0.129195,0.000000,synthetic_chat_design_preset
89.82,8.847500,8.982000,-0.134500,0.000000,synthetic_chat_design_preset
89.83,8.844669,8.983000,-0.138331,0.000000,synthetic_chat_design_preset
89.84,8.843353,8.984000,-0.140647,0.000000,synthetic_chat_design_preset
89.85,8.843579,8.985000,-0.141421,0.000000,synthetic_chat_design_preset
89.86,8.845353,8.986000,-0.140647,0.000000,synthetic_chat_design_preset
89.87,8.848669,8.987000,-0.138331,0.000000,synthetic_chat_design_preset
89.88,8.853500,8.988000,-0.134500,0.000000,synthetic_chat_design_preset
89.89,8.859805,8.989000,-0.129195,0.000000,synthetic_chat_design_preset
89.90,8.867526,8.990000,-0.122474,0.000000,synthetic_chat_design_preset
89.91,8.876588,8.991000,-0.114412,0.000000,synthetic_chat_design_preset
89.92,8.886903,8.992000,-0.105097,0.000000,synthetic_chat_design_preset
89.93,8.898371,8.993000,-0.094629,0.000000,synthetic_chat_design_preset
89.94,8.910875,8.994000,-0.083125,0.000000,synthetic_chat_design_preset
89.95,8.924289,8.995000,-0.070711,0.000000,synthetic_chat_design_preset
89.96,8.938479,8.996000,-0.057521,0.000000,synthetic_chat_design_preset
89.97,8.953298,8.997000,-0.043702,0.000000,synthetic_chat_design_preset
89.98,8.968597,8.998000,-0.029403,0.000000,synthetic_chat_design_preset
89.99,8.984217,8.999000,-0.014783,0.000000,synthetic_chat_design_preset
90.00,9.000000,9.000000,0.000000,0.000000,synthetic_chat_design_preset
90.01,9.015783,9.001000,0.014783,0.000000,synthetic_chat_design_preset
90.02,9.031403,9.002000,0.029403,0.000000,synthetic_chat_design_preset
90.03,9.046702,9.003000,0.043702,0.000000,synthetic_chat_design_preset
90.04,9.061521,9.004000,0.057521,0.000000,synthetic_chat_design_preset
90.05,9.075711,9.005000,0.070711,0.000000,synthetic_chat_design_preset
90.06,9.089125,9.006000,0.083125,0.000000,synthetic_chat_design_preset
90.07,9.101629,9.007000,0.094629,0.000000,synthetic_chat_design_preset
90.08,9.113097,9.008000,0.105097,0.000000,synthetic_chat_design_preset
90.09,9.123412,9.009000,0.114412,0.000000,synthetic_chat_design_preset
90.10,9.132474,9.010000,0.122474,0.000000,synthetic_chat_design_preset
90.11,9.140195,9.011000,0.129195,0.000000,synthetic_chat_design_preset
90.12,9.146500,9.012000,0.134500,0.000000,synthetic_chat_design_preset
90.13,9.151331,9.013000,0.138331,0.000000,synthetic_chat_design_preset
90.14,9.154647,9.014000,0.140647,0.000000,synthetic_chat_design_preset
90.15,9.156421,9.015000,0.141421,0.000000,synthetic_chat_design_preset
90.16,9.156647,9.016000,0.140647,0.000000,synthetic_chat_design_preset
90.17,9.155331,9.017000,0.138331,0.000000,synthetic_chat_design_preset
90.18,9.152500,9.018000,0.134500,0.000000,synthetic_chat_design_preset
90.19,9.148195,9.019000,0.129195,0.000000,synthetic_chat_design_preset
90.20,9.142474,9.020000,0.122474,0.000000,synthetic_chat_design_preset
90.21,9.135412,9.021000,0.114412,0.000000,synthetic_chat_design_preset
90.22,9.127097,9.022000,0.105097,0.000000,synthetic_chat_design_preset
90.23,9.117629,9.023000,0.094629,0.000000,synthetic_chat_design_preset
90.24,9.107208,9.024000,0.083125,0.000083,synthetic_chat_design_preset
90.25,9.095824,9.025000,0.070711,0.000113,synthetic_chat_design_preset
90.26,9.083675,9.026000,0.057521,0.000153,synthetic_chat_design_preset
90.27,9.070908,9.027000,0.043702,0.000207,synthetic_chat_design_preset
90.28,9.057680,9.028000,0.029403,0.000277,synthetic_chat_design_preset
90.29,9.044151,9.029000,0.014783,0.000369,synthetic_chat_design_preset
90.30,9.030488,9.030000,0.000000,0.000488,synthetic_chat_design_preset
90.31,9.016860,9.031000,-0.014783,0.000642,synthetic_chat_design_preset
90.32,9.003437,9.032000,-0.029403,0.000840,synthetic_chat_design_preset
90.33,8.990389,9.033000,-0.043702,0.001091,synthetic_chat_design_preset
90.34,8.977888,9.034000,-0.057521,0.001409,synthetic_chat_design_preset
90.35,8.966098,9.035000,-0.070711,0.001808,synthetic_chat_design_preset
90.36,8.955181,9.036000,-0.083125,0.002307,synthetic_chat_design_preset
90.37,8.945295,9.037000,-0.094629,0.002924,synthetic_chat_design_preset
90.38,8.936588,9.038000,-0.105097,0.003684,synthetic_chat_design_preset
90.39,8.929201,9.039000,-0.114412,0.004613,synthetic_chat_design_preset
90.40,8.923267,9.040000,-0.122474,0.005741,synthetic_chat_design_preset
90.41,8.918906,9.041000,-0.129195,0.007101,synthetic_chat_design_preset
90.42,8.916229,9.042000,-0.134500,0.008729,synthetic_chat_design_preset
90.43,8.915333,9.043000,-0.138331,0.010664,synthetic_chat_design_preset
90.44,8.916302,9.044000,-0.140647,0.012948,synthetic_chat_design_preset
90.45,8.919204,9.045000,-0.141421,0.015625,synthetic_chat_design_preset
90.46,8.924093,9.046000,-0.140647,0.018739,synthetic_chat_design_preset
90.47,8.931006,9.047000,-0.138331,0.022337,synthetic_chat_design_preset
90.48,8.939961,9.048000,-0.134500,0.026461,synthetic_chat_design_preset
90.49,8.950959,9.049000,-0.129195,0.031154,synthetic_chat_design_preset
90.50,8.963980,9.050000,-0.122474,0.036454,synthetic_chat_design_preset
90.51,8.978982,9.051000,-0.114412,0.042394,synthetic_chat_design_preset
90.52,8.995902,9.052000,-0.105097,0.048999,synthetic_chat_design_preset
90.53,9.014655,9.053000,-0.094629,0.056285,synthetic_chat_design_preset
90.54,9.035132,9.054000,-0.083125,0.064257,synthetic_chat_design_preset
90.55,9.057197,9.055000,-0.070711,0.072908,synthetic_chat_design_preset
90.56,9.080694,9.056000,-0.057521,0.082216,synthetic_chat_design_preset
90.57,9.105440,9.057000,-0.043702,0.092142,synthetic_chat_design_preset
90.58,9.131229,9.058000,-0.029403,0.102632,synthetic_chat_design_preset
90.59,9.157832,9.059000,-0.014783,0.113615,synthetic_chat_design_preset
90.60,9.185000,9.060000,0.000000,0.125000,synthetic_chat_design_preset
90.61,9.212464,9.061000,0.014783,0.136681,synthetic_chat_design_preset
90.62,9.239940,9.062000,0.029403,0.148536,synthetic_chat_design_preset
90.63,9.267130,9.063000,0.043702,0.160428,synthetic_chat_design_preset
90.64,9.293729,9.064000,0.057521,0.172208,synthetic_chat_design_preset
90.65,9.319427,9.065000,0.070711,0.183717,synthetic_chat_design_preset
90.66,9.343917,9.066000,0.083125,0.194791,synthetic_chat_design_preset
90.67,9.366894,9.067000,0.094629,0.205264,synthetic_chat_design_preset
90.68,9.388069,9.068000,0.105097,0.214972,synthetic_chat_design_preset
90.69,9.407169,9.069000,0.114412,0.223756,synthetic_chat_design_preset
90.70,9.423943,9.070000,0.122474,0.231469,synthetic_chat_design_preset
90.71,9.438171,9.071000,0.129195,0.237976,synthetic_chat_design_preset
90.72,9.449663,9.072000,0.134500,0.243164,synthetic_chat_design_preset
90.73,9.458269,9.073000,0.138331,0.246938,synthetic_chat_design_preset
90.74,9.463878,9.074000,0.140647,0.249231,synthetic_chat_design_preset
90.75,9.466421,9.075000,0.141421,0.250000,synthetic_chat_design_preset
90.76,9.465878,9.076000,0.140647,0.249231,synthetic_chat_design_preset
90.77,9.462269,9.077000,0.138331,0.246938,synthetic_chat_design_preset
90.78,9.455663,9.078000,0.134500,0.243164,synthetic_chat_design_preset
90.79,9.446171,9.079000,0.129195,0.237976,synthetic_chat_design_preset
90.80,9.433943,9.080000,0.122474,0.231469,synthetic_chat_design_preset
90.81,9.419169,9.081000,0.114412,0.223756,synthetic_chat_design_preset
90.82,9.402069,9.082000,0.105097,0.214972,synthetic_chat_design_preset
90.83,9.382894,9.083000,0.094629,0.205264,synthetic_chat_design_preset
90.84,9.361917,9.084000,0.083125,0.194791,synthetic_chat_design_preset
90.85,9.339427,9.085000,0.070711,0.183717,synthetic_chat_design_preset
90.86,9.315729,9.086000,0.057521,0.172208,synthetic_chat_design_preset
90.87,9.291130,9.087000,0.043702,0.160428,synthetic_chat_design_preset
90.88,9.265940,9.088000,0.029403,0.148536,synthetic_chat_design_preset
90.89,9.240464,9.089000,0.014783,0.136681,synthetic_chat_design_preset
90.90,9.215000,9.090000,-0.000000,0.125000,synthetic_chat_design_preset
90.91,9.189832,9.091000,-0.014783,0.113615,synthetic_chat_design_preset
90.92,9.165229,9.092000,-0.029403,0.102632,synthetic_chat_design_preset
90.93,9.141440,9.093000,-0.043702,0.092142,synthetic_chat_design_preset
90.94,9.118694,9.094000,-0.057521,0.082216,synthetic_chat_design_preset
90.95,9.097197,9.095000,-0.070711,0.072908,synthetic_chat_design_preset
90.96,9.077132,9.096000,-0.083125,0.064257,synthetic_chat_design_preset
90.97,9.058655,9.097000,-0.094629,0.056285,synthetic_chat_design_preset
90.98,9.041902,9.098000,-0.105097,0.048999,synthetic_chat_design_preset
90.99,9.026982,9.099000,-0.114412,0.042394,synthetic_chat_design_preset
91.00,9.013980,9.100000,-0.122474,0.036454,synthetic_chat_design_preset
91.01,9.002959,9.101000,-0.129195,0.031154,synthetic_chat_design_preset
91.02,8.993961,9.102000,-0.134500,0.026461,synthetic_chat_design_preset
91.03,8.987006,9.103000,-0.138331,0.022337,synthetic_chat_design_preset
91.04,8.982093,9.104000,-0.140647,0.018739,synthetic_chat_design_preset
91.05,8.979204,9.105000,-0.141421,0.015625,synthetic_chat_design_preset
91.06,8.978302,9.106000,-0.140647,0.012948,synthetic_chat_design_preset
91.07,8.979333,9.107000,-0.138331,0.010664,synthetic_chat_design_preset
91.08,8.982229,9.108000,-0.134500,0.008729,synthetic_chat_design_preset
91.09,8.986906,9.109000,-0.129195,0.007101,synthetic_chat_design_preset
91.10,8.993267,9.110000,-0.122474,0.005741,synthetic_chat_design_preset
91.11,9.001201,9.111000,-0.114412,0.004613,synthetic_chat_design_preset
91.12,9.010588,9.112000,-0.105097,0.003684,synthetic_chat_design_preset
91.13,9.021295,9.113000,-0.094629,0.002924,synthetic_chat_design_preset
91.14,9.033181,9.114000,-0.083125,0.002307,synthetic_chat_design_preset
91.15,9.046098,9.115000,-0.070711,0.001808,synthetic_chat_design_preset
91.16,9.059888,9.116000,-0.057521,0.001409,synthetic_chat_design_preset
91.17,9.074389,9.117000,-0.043702,0.001091,synthetic_chat_design_preset
91.18,9.089437,9.118000,-0.029403,0.000840,synthetic_chat_design_preset
91.19,9.104860,9.119000,-0.014783,0.000642,synthetic_chat_design_preset
91.20,9.120488,9.120000,0.000000,0.000488,synthetic_chat_design_preset
91.21,9.136151,9.121000,0.014783,0.000369,synthetic_chat_design_preset
91.22,9.151680,9.122000,0.029403,0.000277,synthetic_chat_design_preset
91.23,9.166908,9.123000,0.043702,0.000207,synthetic_chat_design_preset
91.24,9.181675,9.124000,0.057521,0.000153,synthetic_chat_design_preset
91.25,9.195824,9.125000,0.070711,0.000113,synthetic_chat_design_preset
91.26,9.209125,9.126000,0.083125,0.000000,synthetic_chat_design_preset
91.27,9.221629,9.127000,0.094629,0.000000,synthetic_chat_design_preset
91.28,9.233097,9.128000,0.105097,0.000000,synthetic_chat_design_preset
91.29,9.243412,9.129000,0.114412,0.000000,synthetic_chat_design_preset
91.30,9.252474,9.130000,0.122474,0.000000,synthetic_chat_design_preset
91.31,9.260195,9.131000,0.129195,0.000000,synthetic_chat_design_preset
91.32,9.266500,9.132000,0.134500,0.000000,synthetic_chat_design_preset
91.33,9.271331,9.133000,0.138331,0.000000,synthetic_chat_design_preset
91.34,9.274647,9.134000,0.140647,0.000000,synthetic_chat_design_preset
91.35,9.276421,9.135000,0.141421,0.000000,synthetic_chat_design_preset
91.36,9.276647,9.136000,0.140647,0.000000,synthetic_chat_design_preset
91.37,9.275331,9.137000,0.138331,0.000000,synthetic_chat_design_preset
91.38,9.272500,9.138000,0.134500,0.000000,synthetic_chat_design_preset
91.39,9.268195,9.139000,0.129195,0.000000,synthetic_chat_design_preset
91.40,9.262474,9.140000,0.122474,0.000000,synthetic_chat_design_preset
91.41,9.255412,9.141000,0.114412,0.000000,synthetic_chat_design_preset
91.42,9.247097,9.142000,0.105097,0.000000,synthetic_chat_design_preset
91.43,9.237629,9.143000,0.094629,0.000000,synthetic_chat_design_preset
91.44,9.227125,9.144000,0.083125,0.000000,synthetic_chat_design_preset
91.45,9.215711,9.145000,0.070711,0.000000,synthetic_chat_design_preset
91.46,9.203521,9.146000,0.057521,0.000000,synthetic_chat_design_preset
91.47,9.190702,9.147000,0.043702,0.000000,synthetic_chat_design_preset
91.48,9.177403,9.148000,0.029403,0.000000,synthetic_chat_design_preset
91.49,9.163783,9.149000,0.014783,0.000000,synthetic_chat_design_preset
91.50,9.150000,9.150000,-0.000000,0.000000,synthetic_chat_design_preset
91.51,9.136217,9.151000,-0.014783,0.000000,synthetic_chat_design_preset
91.52,9.122597,9.152000,-0.029403,0.000000,synthetic_chat_design_preset
91.53,9.109298,9.153000,-0.043702,0.000000,synthetic_chat_design_preset
91.54,9.096479,9.154000,-0.057521,0.000000,synthetic_chat_design_preset
91.55,9.084289,9.155000,-0.070711,0.000000,synthetic_chat_design_preset
91.56,9.072875,9.156000,-0.083125,0.000000,synthetic_chat_design_preset
91.57,9.062371,9.157000,-0.094629,0.000000,synthetic_chat_design_preset
91.58,9.052903,9.158000,-0.105097,0.000000,synthetic_chat_design_preset
91.59,9.044588,9.159000,-0.114412,0.000000,synthetic_chat_design_preset
91.60,9.037526,9.160000,-0.122474,0.000000,synthetic_chat_design_preset
91.61,9.031805,9.161000,-0.129195,0.000000,synthetic_chat_design_preset
91.62,9.027500,9.162000,-0.134500,0.000000,synthetic_chat_design_preset
91.63,9.024669,9.163000,-0.138331,0.000000,synthetic_chat_design_preset
91.64,9.023353,9.164000,-0.140647,0.000000,synthetic_chat_design_preset
91.65,9.023579,9.165000,-0.141421,0.000000,synthetic_chat_design_preset
91.66,9.025353,9.166000,-0.140647,0.000000,synthetic_chat_design_preset
91.67,9.028669,9.167000,-0.138331,0.000000,synthetic_chat_design_preset
91.68,9.033500,9.168000,-0.134500,0.000000,synthetic_chat_design_preset
91.69,9.039805,9.169000,-0.129195,0.000000,synthetic_chat_design_preset
91.70,9.047526,9.170000,-0.122474,0.000000,synthetic_chat_design_preset
91.71,9.056588,9.171000,-0.114412,0.000000,synthetic_chat_design_preset
91.72,9.066903,9.172000,-0.105097,0.000000,synthetic_chat_design_preset
91.73,9.078371,9.173000,-0.094629,0.000000,synthetic_chat_design_preset
91.74,9.090957,9.174000,-0.083125,0.000083,synthetic_chat_design_preset
91.75,9.104402,9.175000,-0.070711,0.000113,synthetic_chat_design_preset
91.76,9.118632,9.176000,-0.057521,0.000153,synthetic_chat_design_preset
91.77,9.133505,9.177000,-0.043702,0.000207,synthetic_chat_design_preset
91.78,9.148874,9.178000,-0.029403,0.000277,synthetic_chat_design_preset
91.79,9.164586,9.179000,-0.014783,0.000369,synthetic_chat_design_preset
91.80,9.180488,9.180000,-0.000000,0.000488,synthetic_chat_design_preset
91.81,9.196425,9.181000,0.014783,0.000642,synthetic_chat_design_preset
91.82,9.212243,9.182000,0.029403,0.000840,synthetic_chat_design_preset
91.83,9.227793,9.183000,0.043702,0.001091,synthetic_chat_design_preset
91.84,9.242930,9.184000,0.057521,0.001409,synthetic_chat_design_preset
91.85,9.257519,9.185000,0.070711,0.001808,synthetic_chat_design_preset
91.86,9.271432,9.186000,0.083125,0.002307,synthetic_chat_design_preset
91.87,9.284553,9.187000,0.094629,0.002924,synthetic_chat_design_preset
91.88,9.296781,9.188000,0.105097,0.003684,synthetic_chat_design_preset
91.89,9.308026,9.189000,0.114412,0.004613,synthetic_chat_design_preset
91.90,9.318216,9.190000,0.122474,0.005741,synthetic_chat_design_preset
91.91,9.327296,9.191000,0.129195,0.007101,synthetic_chat_design_preset
91.92,9.335229,9.192000,0.134500,0.008729,synthetic_chat_design_preset
91.93,9.341995,9.193000,0.138331,0.010664,synthetic_chat_design_preset
91.94,9.347595,9.194000,0.140647,0.012948,synthetic_chat_design_preset
91.95,9.352046,9.195000,0.141421,0.015625,synthetic_chat_design_preset
91.96,9.355386,9.196000,0.140647,0.018739,synthetic_chat_design_preset
91.97,9.357668,9.197000,0.138331,0.022337,synthetic_chat_design_preset
91.98,9.358960,9.198000,0.134500,0.026461,synthetic_chat_design_preset
91.99,9.359349,9.199000,0.129195,0.031154,synthetic_chat_design_preset
92.00,9.358929,9.200000,0.122474,0.036454,synthetic_chat_design_preset
92.01,9.357806,9.201000,0.114412,0.042394,synthetic_chat_design_preset
92.02,9.356095,9.202000,0.105097,0.048999,synthetic_chat_design_preset
92.03,9.353914,9.203000,0.094629,0.056285,synthetic_chat_design_preset
92.04,9.351383,9.204000,0.083125,0.064257,synthetic_chat_design_preset
92.05,9.348619,9.205000,0.070711,0.072908,synthetic_chat_design_preset
92.06,9.345737,9.206000,0.057521,0.082216,synthetic_chat_design_preset
92.07,9.342843,9.207000,0.043702,0.092142,synthetic_chat_design_preset
92.08,9.340035,9.208000,0.029403,0.102632,synthetic_chat_design_preset
92.09,9.337397,9.209000,0.014783,0.113615,synthetic_chat_design_preset
92.10,9.335000,9.210000,-0.000000,0.125000,synthetic_chat_design_preset
92.11,9.332899,9.211000,-0.014783,0.136681,synthetic_chat_design_preset
92.12,9.331133,9.212000,-0.029403,0.148536,synthetic_chat_design_preset
92.13,9.329727,9.213000,-0.043702,0.160428,synthetic_chat_design_preset
92.14,9.328687,9.214000,-0.057521,0.172208,synthetic_chat_design_preset
92.15,9.328006,9.215000,-0.070711,0.183717,synthetic_chat_design_preset
92.16,9.327666,9.216000,-0.083125,0.194791,synthetic_chat_design_preset
92.17,9.327635,9.217000,-0.094629,0.205264,synthetic_chat_design_preset
92.18,9.327876,9.218000,-0.105097,0.214972,synthetic_chat_design_preset
92.19,9.328344,9.219000,-0.114412,0.223756,synthetic_chat_design_preset
92.20,9.328994,9.220000,-0.122474,0.231469,synthetic_chat_design_preset
92.21,9.329781,9.221000,-0.129195,0.237976,synthetic_chat_design_preset
92.22,9.330664,9.222000,-0.134500,0.243164,synthetic_chat_design_preset
92.23,9.331607,9.223000,-0.138331,0.246938,synthetic_chat_design_preset
92.24,9.332584,9.224000,-0.140647,0.249231,synthetic_chat_design_preset
92.25,9.333579,9.225000,-0.141421,0.250000,synthetic_chat_design_preset
92.26,9.334584,9.226000,-0.140647,0.249231,synthetic_chat_design_preset
92.27,9.335607,9.227000,-0.138331,0.246938,synthetic_chat_design_preset
92.28,9.336664,9.228000,-0.134500,0.243164,synthetic_chat_design_preset
92.29,9.337781,9.229000,-0.129195,0.237976,synthetic_chat_design_preset
92.30,9.338994,9.230000,-0.122474,0.231469,synthetic_chat_design_preset
92.31,9.340344,9.231000,-0.114412,0.223756,synthetic_chat_design_preset
92.32,9.341876,9.232000,-0.105097,0.214972,synthetic_chat_design_preset
92.33,9.343635,9.233000,-0.094629,0.205264,synthetic_chat_design_preset
92.34,9.345666,9.234000,-0.083125,0.194791,synthetic_chat_design_preset
92.35,9.348006,9.235000,-0.070711,0.183717,synthetic_chat_design_preset
92.36,9.350687,9.236000,-0.057521,0.172208,synthetic_chat_design_preset
92.37,9.353727,9.237000,-0.043702,0.160428,synthetic_chat_design_preset
92.38,9.357133,9.238000,-0.029403,0.148536,synthetic_chat_design_preset
92.39,9.360899,9.239000,-0.014783,0.136681,synthetic_chat_design_preset
92.40,9.365000,9.240000,-0.000000,0.125000,synthetic_chat_design_preset
92.41,9.369397,9.241000,0.014783,0.113615,synthetic_chat_design_preset
92.42,9.374035,9.242000,0.029403,0.102632,synthetic_chat_design_preset
92.43,9.378843,9.243000,0.043702,0.092142,synthetic_chat_design_preset
92.44,9.383737,9.244000,0.057521,0.082216,synthetic_chat_design_preset
92.45,9.388619,9.245000,0.070711,0.072908,synthetic_chat_design_preset
92.46,9.393383,9.246000,0.083125,0.064257,synthetic_chat_design_preset
92.47,9.397914,9.247000,0.094629,0.056285,synthetic_chat_design_preset
92.48,9.402095,9.248000,0.105097,0.048999,synthetic_chat_design_preset
92.49,9.405806,9.249000,0.114412,0.042394,synthetic_chat_design_preset
92.50,9.408929,9.250000,0.122474,0.036454,synthetic_chat_design_preset
92.51,9.411349,9.251000,0.129195,0.031154,synthetic_chat_design_preset
92.52,9.412960,9.252000,0.134500,0.026461,synthetic_chat_design_preset
92.53,9.413668,9.253000,0.138331,0.022337,synthetic_chat_design_preset
92.54,9.413386,9.254000,0.140647,0.018739,synthetic_chat_design_preset
92.55,9.412046,9.255000,0.141421,0.015625,synthetic_chat_design_preset
92.56,9.409595,9.256000,0.140647,0.012948,synthetic_chat_design_preset
92.57,9.405995,9.257000,0.138331,0.010664,synthetic_chat_design_preset
92.58,9.401229,9.258000,0.134500,0.008729,synthetic_chat_design_preset
92.59,9.395296,9.259000,0.129195,0.007101,synthetic_chat_design_preset
92.60,9.388216,9.260000,0.122474,0.005741,synthetic_chat_design_preset
92.61,9.380026,9.261000,0.114412,0.004613,synthetic_chat_design_preset
92.62,9.370781,9.262000,0.105097,0.003684,synthetic_chat_design_preset
92.63,9.360553,9.263000,0.094629,0.002924,synthetic_chat_design_preset
92.64,9.349432,9.264000,0.083125,0.002307,synthetic_chat_design_preset
92.65,9.337519,9.265000,0.070711,0.001808,synthetic_chat_design_preset
92.66,9.324930,9.266000,0.057521,0.001409,synthetic_chat_design_preset
92.67,9.311793,9.267000,0.043702,0.001091,synthetic_chat_design_preset
92.68,9.298243,9.268000,0.029403,0.000840,synthetic_chat_design_preset
92.69,9.284425,9.269000,0.014783,0.000642,synthetic_chat_design_preset
92.70,9.270488,9.270000,-0.000000,0.000488,synthetic_chat_design_preset
92.71,9.256586,9.271000,-0.014783,0.000369,synthetic_chat_design_preset
92.72,9.242874,9.272000,-0.029403,0.000277,synthetic_chat_design_preset
92.73,9.229505,9.273000,-0.043702,0.000207,synthetic_chat_design_preset
92.74,9.216632,9.274000,-0.057521,0.000153,synthetic_chat_design_preset
92.75,9.204402,9.275000,-0.070711,0.000113,synthetic_chat_design_preset
92.76,9.192875,9.276000,-0.083125,0.000000,synthetic_chat_design_preset
92.77,9.182371,9.277000,-0.094629,0.000000,synthetic_chat_design_preset
92.78,9.172903,9.278000,-0.105097,0.000000,synthetic_chat_design_preset
92.79,9.164588,9.279000,-0.114412,0.000000,synthetic_chat_design_preset
92.80,9.157526,9.280000,-0.122474,0.000000,synthetic_chat_design_preset
92.81,9.151805,9.281000,-0.129195,0.000000,synthetic_chat_design_preset
92.82,9.147500,9.282000,-0.134500,0.000000,synthetic_chat_design_preset
92.83,9.144669,9.283000,-0.138331,0.000000,synthetic_chat_design_preset
92.84,9.143353,9.284000,-0.140647,0.000000,synthetic_chat_design_preset
92.85,9.143579,9.285000,-0.141421,0.000000,synthetic_chat_design_preset
92.86,9.145353,9.286000,-0.140647,0.000000,synthetic_chat_design_preset
92.87,9.148669,9.287000,-0.138331,0.000000,synthetic_chat_design_preset
92.88,9.153500,9.288000,-0.134500,0.000000,synthetic_chat_design_preset
92.89,9.159805,9.289000,-0.129195,0.000000,synthetic_chat_design_preset
92.90,9.167526,9.290000,-0.122474,0.000000,synthetic_chat_design_preset
92.91,9.176588,9.291000,-0.114412,0.000000,synthetic_chat_design_preset
92.92,9.186903,9.292000,-0.105097,0.000000,synthetic_chat_design_preset
92.93,9.198371,9.293000,-0.094629,0.000000,synthetic_chat_design_preset
92.94,9.210875,9.294000,-0.083125,0.000000,synthetic_chat_design_preset
92.95,9.224289,9.295000,-0.070711,0.000000,synthetic_chat_design_preset
92.96,9.238479,9.296000,-0.057521,0.000000,synthetic_chat_design_preset
92.97,9.253298,9.297000,-0.043702,0.000000,synthetic_chat_design_preset
92.98,9.268597,9.298000,-0.029403,0.000000,synthetic_chat_design_preset
92.99,9.284217,9.299000,-0.014783,0.000000,synthetic_chat_design_preset
93.00,9.300000,9.300000,-0.000000,0.000000,synthetic_chat_design_preset
93.01,9.315783,9.301000,0.014783,0.000000,synthetic_chat_design_preset
93.02,9.331403,9.302000,0.029403,0.000000,synthetic_chat_design_preset
93.03,9.346702,9.303000,0.043702,0.000000,synthetic_chat_design_preset
93.04,9.361521,9.304000,0.057521,0.000000,synthetic_chat_design_preset
93.05,9.375711,9.305000,0.070711,0.000000,synthetic_chat_design_preset
93.06,9.389125,9.306000,0.083125,0.000000,synthetic_chat_design_preset
93.07,9.401629,9.307000,0.094629,0.000000,synthetic_chat_design_preset
93.08,9.413097,9.308000,0.105097,0.000000,synthetic_chat_design_preset
93.09,9.423412,9.309000,0.114412,0.000000,synthetic_chat_design_preset
93.10,9.432474,9.310000,0.122474,0.000000,synthetic_chat_design_preset
93.11,9.440195,9.311000,0.129195,0.000000,synthetic_chat_design_preset
93.12,9.446500,9.312000,0.134500,0.000000,synthetic_chat_design_preset
93.13,9.451331,9.313000,0.138331,0.000000,synthetic_chat_design_preset
93.14,9.454647,9.314000,0.140647,0.000000,synthetic_chat_design_preset
93.15,9.456421,9.315000,0.141421,0.000000,synthetic_chat_design_preset
93.16,9.456647,9.316000,0.140647,0.000000,synthetic_chat_design_preset
93.17,9.455331,9.317000,0.138331,0.000000,synthetic_chat_design_preset
93.18,9.452500,9.318000,0.134500,0.000000,synthetic_chat_design_preset
93.19,9.448195,9.319000,0.129195,0.000000,synthetic_chat_design_preset
93.20,9.442474,9.320000,0.122474,0.000000,synthetic_chat_design_preset
93.21,9.435412,9.321000,0.114412,0.000000,synthetic_chat_design_preset
93.22,9.427097,9.322000,0.105097,0.000000,synthetic_chat_design_preset
93.23,9.417629,9.323000,0.094629,0.000000,synthetic_chat_design_preset
93.24,9.407208,9.324000,0.083125,0.000083,synthetic_chat_design_preset
93.25,9.395824,9.325000,0.070711,0.000113,synthetic_chat_design_preset
93.26,9.383675,9.326000,0.057521,0.000153,synthetic_chat_design_preset
93.27,9.370908,9.327000,0.043702,0.000207,synthetic_chat_design_preset
93.28,9.357680,9.328000,0.029403,0.000277,synthetic_chat_design_preset
93.29,9.344151,9.329000,0.014783,0.000369,synthetic_chat_design_preset
93.30,9.330488,9.330000,0.000000,0.000488,synthetic_chat_design_preset
93.31,9.316860,9.331000,-0.014783,0.000642,synthetic_chat_design_preset
93.32,9.303437,9.332000,-0.029403,0.000840,synthetic_chat_design_preset
93.33,9.290389,9.333000,-0.043702,0.001091,synthetic_chat_design_preset
93.34,9.277888,9.334000,-0.057521,0.001409,synthetic_chat_design_preset
93.35,9.266098,9.335000,-0.070711,0.001808,synthetic_chat_design_preset
93.36,9.255181,9.336000,-0.083125,0.002307,synthetic_chat_design_preset
93.37,9.245295,9.337000,-0.094629,0.002924,synthetic_chat_design_preset
93.38,9.236588,9.338000,-0.105097,0.003684,synthetic_chat_design_preset
93.39,9.229201,9.339000,-0.114412,0.004613,synthetic_chat_design_preset
93.40,9.223267,9.340000,-0.122474,0.005741,synthetic_chat_design_preset
93.41,9.218906,9.341000,-0.129195,0.007101,synthetic_chat_design_preset
93.42,9.216229,9.342000,-0.134500,0.008729,synthetic_chat_design_preset
93.43,9.215333,9.343000,-0.138331,0.010664,synthetic_chat_design_preset
93.44,9.216302,9.344000,-0.140647,0.012948,synthetic_chat_design_preset
93.45,9.219204,9.345000,-0.141421,0.015625,synthetic_chat_design_preset
93.46,9.224093,9.346000,-0.140647,0.018739,synthetic_chat_design_preset
93.47,9.231006,9.347000,-0.138331,0.022337,synthetic_chat_design_preset
93.48,9.239961,9.348000,-0.134500,0.026461,synthetic_chat_design_preset
93.49,9.250959,9.349000,-0.129195,0.031154,synthetic_chat_design_preset
93.50,9.263980,9.350000,-0.122474,0.036454,synthetic_chat_design_preset
93.51,9.278982,9.351000,-0.114412,0.042394,synthetic_chat_design_preset
93.52,9.295902,9.352000,-0.105097,0.048999,synthetic_chat_design_preset
93.53,9.314655,9.353000,-0.094629,0.056285,synthetic_chat_design_preset
93.54,9.335132,9.354000,-0.083125,0.064257,synthetic_chat_design_preset
93.55,9.357197,9.355000,-0.070711,0.072908,synthetic_chat_design_preset
93.56,9.380694,9.356000,-0.057521,0.082216,synthetic_chat_design_preset
93.57,9.405440,9.357000,-0.043702,0.092142,synthetic_chat_design_preset
93.58,9.431229,9.358000,-0.029403,0.102632,synthetic_chat_design_preset
93.59,9.457832,9.359000,-0.014783,0.113615,synthetic_chat_design_preset
93.60,9.485000,9.360000,0.000000,0.125000,synthetic_chat_design_preset
93.61,9.512464,9.361000,0.014783,0.136681,synthetic_chat_design_preset
93.62,9.539940,9.362000,0.029403,0.148536,synthetic_chat_design_preset
93.63,9.567130,9.363000,0.043702,0.160428,synthetic_chat_design_preset
93.64,9.593729,9.364000,0.057521,0.172208,synthetic_chat_design_preset
93.65,9.619427,9.365000,0.070711,0.183717,synthetic_chat_design_preset
93.66,9.643917,9.366000,0.083125,0.194791,synthetic_chat_design_preset
93.67,9.666894,9.367000,0.094629,0.205264,synthetic_chat_design_preset
93.68,9.688069,9.368000,0.105097,0.214972,synthetic_chat_design_preset
93.69,9.707169,9.369000,0.114412,0.223756,synthetic_chat_design_preset
93.70,9.723943,9.370000,0.122474,0.231469,synthetic_chat_design_preset
93.71,9.738171,9.371000,0.129195,0.237976,synthetic_chat_design_preset
93.72,9.749663,9.372000,0.134500,0.243164,synthetic_chat_design_preset
93.73,9.758269,9.373000,0.138331,0.246938,synthetic_chat_design_preset
93.74,9.763878,9.374000,0.140647,0.249231,synthetic_chat_design_preset
93.75,9.766421,9.375000,0.141421,0.250000,synthetic_chat_design_preset
93.76,9.765878,9.376000,0.140647,0.249231,synthetic_chat_design_preset
93.77,9.762269,9.377000,0.138331,0.246938,synthetic_chat_design_preset
93.78,9.755663,9.378000,0.134500,0.243164,synthetic_chat_design_preset
93.79,9.746171,9.379000,0.129195,0.237976,synthetic_chat_design_preset
93.80,9.733943,9.380000,0.122474,0.231469,synthetic_chat_design_preset
93.81,9.719169,9.381000,0.114412,0.223756,synthetic_chat_design_preset
93.82,9.702069,9.382000,0.105097,0.214972,synthetic_chat_design_preset
93.83,9.682894,9.383000,0.094629,0.205264,synthetic_chat_design_preset
93.84,9.661917,9.384000,0.083125,0.194791,synthetic_chat_design_preset
93.85,9.639427,9.385000,0.070711,0.183717,synthetic_chat_design_preset
93.86,9.615729,9.386000,0.057521,0.172208,synthetic_chat_design_preset
93.87,9.591130,9.387000,0.043702,0.160428,synthetic_chat_design_preset
93.88,9.565940,9.388000,0.029403,0.148536,synthetic_chat_design_preset
93.89,9.540464,9.389000,0.014783,0.136681,synthetic_chat_design_preset
93.90,9.515000,9.390000,-0.000000,0.125000,synthetic_chat_design_preset
93.91,9.489832,9.391000,-0.014783,0.113615,synthetic_chat_design_preset
93.92,9.465229,9.392000,-0.029403,0.102632,synthetic_chat_design_preset
93.93,9.441440,9.393000,-0.043702,0.092142,synthetic_chat_design_preset
93.94,9.418694,9.394000,-0.057521,0.082216,synthetic_chat_design_preset
93.95,9.397197,9.395000,-0.070711,0.072908,synthetic_chat_design_preset
93.96,9.377132,9.396000,-0.083125,0.064257,synthetic_chat_design_preset
93.97,9.358655,9.397000,-0.094629,0.056285,synthetic_chat_design_preset
93.98,9.341902,9.398000,-0.105097,0.048999,synthetic_chat_design_preset
93.99,9.326982,9.399000,-0.114412,0.042394,synthetic_chat_design_preset
94.00,9.313980,9.400000,-0.122474,0.036454,synthetic_chat_design_preset
94.01,9.302959,9.401000,-0.129195,0.031154,synthetic_chat_design_preset
94.02,9.293961,9.402000,-0.134500,0.026461,synthetic_chat_design_preset
94.03,9.287006,9.403000,-0.138331,0.022337,synthetic_chat_design_preset
94.04,9.282093,9.404000,-0.140647,0.018739,synthetic_chat_design_preset
94.05,9.279204,9.405000,-0.141421,0.015625,synthetic_chat_design_preset
94.06,9.278302,9.406000,-0.140647,0.012948,synthetic_chat_design_preset
94.07,9.279333,9.407000,-0.138331,0.010664,synthetic_chat_design_preset
94.08,9.282229,9.408000,-0.134500,0.008729,synthetic_chat_design_preset
94.09,9.286906,9.409000,-0.129195,0.007101,synthetic_chat_design_preset
94.10,9.293267,9.410000,-0.122474,0.005741,synthetic_chat_design_preset
94.11,9.301201,9.411000,-0.114412,0.004613,synthetic_chat_design_preset
94.12,9.310588,9.412000,-0.105097,0.003684,synthetic_chat_design_preset
94.13,9.321295,9.413000,-0.094629,0.002924,synthetic_chat_design_preset
94.14,9.333181,9.414000,-0.083125,0.002307,synthetic_chat_design_preset
94.15,9.346098,9.415000,-0.070711,0.001808,synthetic_chat_design_preset
94.16,9.359888,9.416000,-0.057521,0.001409,synthetic_chat_design_preset
94.17,9.374389,9.417000,-0.043702,0.001091,synthetic_chat_design_preset
94.18,9.389437,9.418000,-0.029403,0.000840,synthetic_chat_design_preset
94.19,9.404860,9.419000,-0.014783,0.000642,synthetic_chat_design_preset
94.20,9.420488,9.420000,0.000000,0.000488,synthetic_chat_design_preset
94.21,9.436151,9.421000,0.014783,0.000369,synthetic_chat_design_preset
94.22,9.451680,9.422000,0.029403,0.000277,synthetic_chat_design_preset
94.23,9.466908,9.423000,0.043702,0.000207,synthetic_chat_design_preset
94.24,9.481675,9.424000,0.057521,0.000153,synthetic_chat_design_preset
94.25,9.495824,9.425000,0.070711,0.000113,synthetic_chat_design_preset
94.26,9.509125,9.426000,0.083125,0.000000,synthetic_chat_design_preset
94.27,9.521629,9.427000,0.094629,0.000000,synthetic_chat_design_preset
94.28,9.533097,9.428000,0.105097,0.000000,synthetic_chat_design_preset
94.29,9.543412,9.429000,0.114412,0.000000,synthetic_chat_design_preset
94.30,9.552474,9.430000,0.122474,0.000000,synthetic_chat_design_preset
94.31,9.560195,9.431000,0.129195,0.000000,synthetic_chat_design_preset
94.32,9.566500,9.432000,0.134500,0.000000,synthetic_chat_design_preset
94.33,9.571331,9.433000,0.138331,0.000000,synthetic_chat_design_preset
94.34,9.574647,9.434000,0.140647,0.000000,synthetic_chat_design_preset
94.35,9.576421,9.435000,0.141421,0.000000,synthetic_chat_design_preset
94.36,9.576647,9.436000,0.140647,0.000000,synthetic_chat_design_preset
94.37,9.575331,9.437000,0.138331,0.000000,synthetic_chat_design_preset
94.38,9.572500,9.438000,0.134500,0.000000,synthetic_chat_design_preset
94.39,9.568195,9.439000,0.129195,0.000000,synthetic_chat_design_preset
94.40,9.562474,9.440000,0.122474,0.000000,synthetic_chat_design_preset
94.41,9.555412,9.441000,0.114412,0.000000,synthetic_chat_design_preset
94.42,9.547097,9.442000,0.105097,0.000000,synthetic_chat_design_preset
94.43,9.537629,9.443000,0.094629,0.000000,synthetic_chat_design_preset
94.44,9.527125,9.444000,0.083125,0.000000,synthetic_chat_design_preset
94.45,9.515711,9.445000,0.070711,0.000000,synthetic_chat_design_preset
94.46,9.503521,9.446000,0.057521,0.000000,synthetic_chat_design_preset
94.47,9.490702,9.447000,0.043702,0.000000,synthetic_chat_design_preset
94.48,9.477403,9.448000,0.029403,0.000000,synthetic_chat_design_preset
94.49,9.463783,9.449000,0.014783,0.000000,synthetic_chat_design_preset
94.50,9.450000,9.450000,-0.000000,0.000000,synthetic_chat_design_preset
94.51,9.436217,9.451000,-0.014783,0.000000,synthetic_chat_design_preset
94.52,9.422597,9.452000,-0.029403,0.000000,synthetic_chat_design_preset
94.53,9.409298,9.453000,-0.043702,0.000000,synthetic_chat_design_preset
94.54,9.396479,9.454000,-0.057521,0.000000,synthetic_chat_design_preset
94.55,9.384289,9.455000,-0.070711,0.000000,synthetic_chat_design_preset
94.56,9.372875,9.456000,-0.083125,0.000000,synthetic_chat_design_preset
94.57,9.362371,9.457000,-0.094629,0.000000,synthetic_chat_design_preset
94.58,9.352903,9.458000,-0.105097,0.000000,synthetic_chat_design_preset
94.59,9.344588,9.459000,-0.114412,0.000000,synthetic_chat_design_preset
94.60,9.337526,9.460000,-0.122474,0.000000,synthetic_chat_design_preset
94.61,9.331805,9.461000,-0.129195,0.000000,synthetic_chat_design_preset
94.62,9.327500,9.462000,-0.134500,0.000000,synthetic_chat_design_preset
94.63,9.324669,9.463000,-0.138331,0.000000,synthetic_chat_design_preset
94.64,9.323353,9.464000,-0.140647,0.000000,synthetic_chat_design_preset
94.65,9.323579,9.465000,-0.141421,0.000000,synthetic_chat_design_preset
94.66,9.325353,9.466000,-0.140647,0.000000,synthetic_chat_design_preset
94.67,9.328669,9.467000,-0.138331,0.000000,synthetic_chat_design_preset
94.68,9.333500,9.468000,-0.134500,0.000000,synthetic_chat_design_preset
94.69,9.339805,9.469000,-0.129195,0.000000,synthetic_chat_design_preset
94.70,9.347526,9.470000,-0.122474,0.000000,synthetic_chat_design_preset
94.71,9.356588,9.471000,-0.114412,0.000000,synthetic_chat_design_preset
94.72,9.366903,9.472000,-0.105097,0.000000,synthetic_chat_design_preset
94.73,9.378371,9.473000,-0.094629,0.000000,synthetic_chat_design_preset
94.74,9.390957,9.474000,-0.083125,0.000083,synthetic_chat_design_preset
94.75,9.404402,9.475000,-0.070711,0.000113,synthetic_chat_design_preset
94.76,9.418632,9.476000,-0.057521,0.000153,synthetic_chat_design_preset
94.77,9.433505,9.477000,-0.043702,0.000207,synthetic_chat_design_preset
94.78,9.448874,9.478000,-0.029403,0.000277,synthetic_chat_design_preset
94.79,9.464586,9.479000,-0.014783,0.000369,synthetic_chat_design_preset
94.80,9.480488,9.480000,-0.000000,0.000488,synthetic_chat_design_preset
94.81,9.496425,9.481000,0.014783,0.000642,synthetic_chat_design_preset
94.82,9.512243,9.482000,0.029403,0.000840,synthetic_chat_design_preset
94.83,9.527793,9.483000,0.043702,0.001091,synthetic_chat_design_preset
94.84,9.542930,9.484000,0.057521,0.001409,synthetic_chat_design_preset
94.85,9.557519,9.485000,0.070711,0.001808,synthetic_chat_design_preset
94.86,9.571432,9.486000,0.083125,0.002307,synthetic_chat_design_preset
94.87,9.584553,9.487000,0.094629,0.002924,synthetic_chat_design_preset
94.88,9.596781,9.488000,0.105097,0.003684,synthetic_chat_design_preset
94.89,9.608026,9.489000,0.114412,0.004613,synthetic_chat_design_preset
94.90,9.618216,9.490000,0.122474,0.005741,synthetic_chat_design_preset
94.91,9.627296,9.491000,0.129195,0.007101,synthetic_chat_design_preset
94.92,9.635229,9.492000,0.134500,0.008729,synthetic_chat_design_preset
94.93,9.641995,9.493000,0.138331,0.010664,synthetic_chat_design_preset
94.94,9.647595,9.494000,0.140647,0.012948,synthetic_chat_design_preset
94.95,9.652046,9.495000,0.141421,0.015625,synthetic_chat_design_preset
94.96,9.655386,9.496000,0.140647,0.018739,synthetic_chat_design_preset
94.97,9.657668,9.497000,0.138331,0.022337,synthetic_chat_design_preset
94.98,9.658960,9.498000,0.134500,0.026461,synthetic_chat_design_preset
94.99,9.659349,9.499000,0.129195,0.031154,synthetic_chat_design_preset
95.00,9.658929,9.500000,0.122474,0.036454,synthetic_chat_design_preset
95.01,9.657806,9.501000,0.114412,0.042394,synthetic_chat_design_preset
95.02,9.656095,9.502000,0.105097,0.048999,synthetic_chat_design_preset
95.03,9.653914,9.503000,0.094629,0.056285,synthetic_chat_design_preset
95.04,9.651383,9.504000,0.083125,0.064257,synthetic_chat_design_preset
95.05,9.648619,9.505000,0.070711,0.072908,synthetic_chat_design_preset
95.06,9.645737,9.506000,0.057521,0.082216,synthetic_chat_design_preset
95.07,9.642843,9.507000,0.043702,0.092142,synthetic_chat_design_preset
95.08,9.640035,9.508000,0.029403,0.102632,synthetic_chat_design_preset
95.09,9.637397,9.509000,0.014783,0.113615,synthetic_chat_design_preset
95.10,9.635000,9.510000,-0.000000,0.125000,synthetic_chat_design_preset
95.11,9.632899,9.511000,-0.014783,0.136681,synthetic_chat_design_preset
95.12,9.631133,9.512000,-0.029403,0.148536,synthetic_chat_design_preset
95.13,9.629727,9.513000,-0.043702,0.160428,synthetic_chat_design_preset
95.14,9.628687,9.514000,-0.057521,0.172208,synthetic_chat_design_preset
95.15,9.628006,9.515000,-0.070711,0.183717,synthetic_chat_design_preset
95.16,9.627666,9.516000,-0.083125,0.194791,synthetic_chat_design_preset
95.17,9.627635,9.517000,-0.094629,0.205264,synthetic_chat_design_preset
95.18,9.627876,9.518000,-0.105097,0.214972,synthetic_chat_design_preset
95.19,9.628344,9.519000,-0.114412,0.223756,synthetic_chat_design_preset
95.20,9.628994,9.520000,-0.122474,0.231469,synthetic_chat_design_preset
95.21,9.629781,9.521000,-0.129195,0.237976,synthetic_chat_design_preset
95.22,9.630664,9.522000,-0.134500,0.243164,synthetic_chat_design_preset
95.23,9.631607,9.523000,-0.138331,0.246938,synthetic_chat_design_preset
95.24,9.632584,9.524000,-0.140647,0.249231,synthetic_chat_design_preset
95.25,9.633579,9.525000,-0.141421,0.250000,synthetic_chat_design_preset
95.26,9.634584,9.526000,-0.140647,0.249231,synthetic_chat_design_preset
95.27,9.635607,9.527000,-0.138331,0.246938,synthetic_chat_design_preset
95.28,9.636664,9.528000,-0.134500,0.243164,synthetic_chat_design_preset
95.29,9.637781,9.529000,-0.129195,0.237976,synthetic_chat_design_preset
95.30,9.638994,9.530000,-0.122474,0.231469,synthetic_chat_design_preset
95.31,9.640344,9.531000,-0.114412,0.223756,synthetic_chat_design_preset
95.32,9.641876,9.532000,-0.105097,0.214972,synthetic_chat_design_preset
95.33,9.643635,9.533000,-0.094629,0.205264,synthetic_chat_design_preset
95.34,9.645666,9.534000,-0.083125,0.194791,synthetic_chat_design_preset
95.35,9.648006,9.535000,-0.070711,0.183717,synthetic_chat_design_preset
95.36,9.650687,9.536000,-0.057521,0.172208,synthetic_chat_design_preset
95.37,9.653727,9.537000,-0.043702,0.160428,synthetic_chat_design_preset
95.38,9.657133,9.538000,-0.029403,0.148536,synthetic_chat_design_preset
95.39,9.660899,9.539000,-0.014783,0.136681,synthetic_chat_design_preset
95.40,9.665000,9.540000,0.000000,0.125000,synthetic_chat_design_preset
95.41,9.669397,9.541000,0.014783,0.113615,synthetic_chat_design_preset
95.42,9.674035,9.542000,0.029403,0.102632,synthetic_chat_design_preset
95.43,9.678843,9.543000,0.043702,0.092142,synthetic_chat_design_preset
95.44,9.683737,9.544000,0.057521,0.082216,synthetic_chat_design_preset
95.45,9.688619,9.545000,0.070711,0.072908,synthetic_chat_design_preset
95.46,9.693383,9.546000,0.083125,0.064257,synthetic_chat_design_preset
95.47,9.697914,9.547000,0.094629,0.056285,synthetic_chat_design_preset
95.48,9.702095,9.548000,0.105097,0.048999,synthetic_chat_design_preset
95.49,9.705806,9.549000,0.114412,0.042394,synthetic_chat_design_preset
95.50,9.708929,9.550000,0.122474,0.036454,synthetic_chat_design_preset
95.51,9.711349,9.551000,0.129195,0.031154,synthetic_chat_design_preset
95.52,9.712960,9.552000,0.134500,0.026461,synthetic_chat_design_preset
95.53,9.713668,9.553000,0.138331,0.022337,synthetic_chat_design_preset
95.54,9.713386,9.554000,0.140647,0.018739,synthetic_chat_design_preset
95.55,9.712046,9.555000,0.141421,0.015625,synthetic_chat_design_preset
95.56,9.709595,9.556000,0.140647,0.012948,synthetic_chat_design_preset
95.57,9.705995,9.557000,0.138331,0.010664,synthetic_chat_design_preset
95.58,9.701229,9.558000,0.134500,0.008729,synthetic_chat_design_preset
95.59,9.695296,9.559000,0.129195,0.007101,synthetic_chat_design_preset
95.60,9.688216,9.560000,0.122474,0.005741,synthetic_chat_design_preset
95.61,9.680026,9.561000,0.114412,0.004613,synthetic_chat_design_preset
95.62,9.670781,9.562000,0.105097,0.003684,synthetic_chat_design_preset
95.63,9.660553,9.563000,0.094629,0.002924,synthetic_chat_design_preset
95.64,9.649432,9.564000,0.083125,0.002307,synthetic_chat_design_preset
95.65,9.637519,9.565000,0.070711,0.001808,synthetic_chat_design_preset
95.66,9.624930,9.566000,0.057521,0.001409,synthetic_chat_design_preset
95.67,9.611793,9.567000,0.043702,0.001091,synthetic_chat_design_preset
95.68,9.598243,9.568000,0.029403,0.000840,synthetic_chat_design_preset
95.69,9.584425,9.569000,0.014783,0.000642,synthetic_chat_design_preset
95.70,9.570488,9.570000,-0.000000,0.000488,synthetic_chat_design_preset
95.71,9.556586,9.571000,-0.014783,0.000369,synthetic_chat_design_preset
95.72,9.542874,9.572000,-0.029403,0.000277,synthetic_chat_design_preset
95.73,9.529505,9.573000,-0.043702,0.000207,synthetic_chat_design_preset
95.74,9.516632,9.574000,-0.057521,0.000153,synthetic_chat_design_preset
95.75,9.504402,9.575000,-0.070711,0.000113,synthetic_chat_design_preset
95.76,9.492875,9.576000,-0.083125,0.000000,synthetic_chat_design_preset
95.77,9.482371,9.577000,-0.094629,0.000000,synthetic_chat_design_preset
95.78,9.472903,9.578000,-0.105097,0.000000,synthetic_chat_design_preset
95.79,9.464588,9.579000,-0.114412,0.000000,synthetic_chat_design_preset
95.80,9.457526,9.580000,-0.122474,0.000000,synthetic_chat_design_preset
95.81,9.451805,9.581000,-0.129195,0.000000,synthetic_chat_design_preset
95.82,9.447500,9.582000,-0.134500,0.000000,synthetic_chat_design_preset
95.83,9.444669,9.583000,-0.138331,0.000000,synthetic_chat_design_preset
95.84,9.443353,9.584000,-0.140647,0.000000,synthetic_chat_design_preset
95.85,9.443579,9.585000,-0.141421,0.000000,synthetic_chat_design_preset
95.86,9.445353,9.586000,-0.140647,0.000000,synthetic_chat_design_preset
95.87,9.448669,9.587000,-0.138331,0.000000,synthetic_chat_design_preset
95.88,9.453500,9.588000,-0.134500,0.000000,synthetic_chat_design_preset
95.89,9.459805,9.589000,-0.129195,0.000000,synthetic_chat_design_preset
95.90,9.467526,9.590000,-0.122474,0.000000,synthetic_chat_design_preset
95.91,9.476588,9.591000,-0.114412,0.000000,synthetic_chat_design_preset
95.92,9.486903,9.592000,-0.105097,0.000000,synthetic_chat_design_preset
95.93,9.498371,9.593000,-0.094629,0.000000,synthetic_chat_design_preset
95.94,9.510875,9.594000,-0.083125,0.000000,synthetic_chat_design_preset
95.95,9.524289,9.595000,-0.070711,0.000000,synthetic_chat_design_preset
95.96,9.538479,9.596000,-0.057521,0.000000,synthetic_chat_design_preset
95.97,9.553298,9.597000,-0.043702,0.000000,synthetic_chat_design_preset
95.98,9.568597,9.598000,-0.029403,0.000000,synthetic_chat_design_preset
95.99,9.584217,9.599000,-0.014783,0.000000,synthetic_chat_design_preset
96.00,9.600000,9.600000,-0.000000,0.000000,synthetic_chat_design_preset
96.01,9.615783,9.601000,0.014783,0.000000,synthetic_chat_design_preset
96.02,9.631403,9.602000,0.029403,0.000000,synthetic_chat_design_preset
96.03,9.646702,9.603000,0.043702,0.000000,synthetic_chat_design_preset
96.04,9.661521,9.604000,0.057521,0.000000,synthetic_chat_design_preset
96.05,9.675711,9.605000,0.070711,0.000000,synthetic_chat_design_preset
96.06,9.689125,9.606000,0.083125,0.000000,synthetic_chat_design_preset
96.07,9.701629,9.607000,0.094629,0.000000,synthetic_chat_design_preset
96.08,9.713097,9.608000,0.105097,0.000000,synthetic_chat_design_preset
96.09,9.723412,9.609000,0.114412,0.000000,synthetic_chat_design_preset
96.10,9.732474,9.610000,0.122474,0.000000,synthetic_chat_design_preset
96.11,9.740195,9.611000,0.129195,0.000000,synthetic_chat_design_preset
96.12,9.746500,9.612000,0.134500,0.000000,synthetic_chat_design_preset
96.13,9.751331,9.613000,0.138331,0.000000,synthetic_chat_design_preset
96.14,9.754647,9.614000,0.140647,0.000000,synthetic_chat_design_preset
96.15,9.756421,9.615000,0.141421,0.000000,synthetic_chat_design_preset
96.16,9.756647,9.616000,0.140647,0.000000,synthetic_chat_design_preset
96.17,9.755331,9.617000,0.138331,0.000000,synthetic_chat_design_preset
96.18,9.752500,9.618000,0.134500,0.000000,synthetic_chat_design_preset
96.19,9.748195,9.619000,0.129195,0.000000,synthetic_chat_design_preset
96.20,9.742474,9.620000,0.122474,0.000000,synthetic_chat_design_preset
96.21,9.735412,9.621000,0.114412,0.000000,synthetic_chat_design_preset
96.22,9.727097,9.622000,0.105097,0.000000,synthetic_chat_design_preset
96.23,9.717629,9.623000,0.094629,0.000000,synthetic_chat_design_preset
96.24,9.707208,9.624000,0.083125,0.000083,synthetic_chat_design_preset
96.25,9.695824,9.625000,0.070711,0.000113,synthetic_chat_design_preset
96.26,9.683675,9.626000,0.057521,0.000153,synthetic_chat_design_preset
96.27,9.670908,9.627000,0.043702,0.000207,synthetic_chat_design_preset
96.28,9.657680,9.628000,0.029403,0.000277,synthetic_chat_design_preset
96.29,9.644151,9.629000,0.014783,0.000369,synthetic_chat_design_preset
96.30,9.630488,9.630000,0.000000,0.000488,synthetic_chat_design_preset
96.31,9.616860,9.631000,-0.014783,0.000642,synthetic_chat_design_preset
96.32,9.603437,9.632000,-0.029403,0.000840,synthetic_chat_design_preset
96.33,9.590389,9.633000,-0.043702,0.001091,synthetic_chat_design_preset
96.34,9.577888,9.634000,-0.057521,0.001409,synthetic_chat_design_preset
96.35,9.566098,9.635000,-0.070711,0.001808,synthetic_chat_design_preset
96.36,9.555181,9.636000,-0.083125,0.002307,synthetic_chat_design_preset
96.37,9.545295,9.637000,-0.094629,0.002924,synthetic_chat_design_preset
96.38,9.536588,9.638000,-0.105097,0.003684,synthetic_chat_design_preset
96.39,9.529201,9.639000,-0.114412,0.004613,synthetic_chat_design_preset
96.40,9.523267,9.640000,-0.122474,0.005741,synthetic_chat_design_preset
96.41,9.518906,9.641000,-0.129195,0.007101,synthetic_chat_design_preset
96.42,9.516229,9.642000,-0.134500,0.008729,synthetic_chat_design_preset
96.43,9.515333,9.643000,-0.138331,0.010664,synthetic_chat_design_preset
96.44,9.516302,9.644000,-0.140647,0.012948,synthetic_chat_design_preset
96.45,9.519204,9.645000,-0.141421,0.015625,synthetic_chat_design_preset
96.46,9.524093,9.646000,-0.140647,0.018739,synthetic_chat_design_preset
96.47,9.531006,9.647000,-0.138331,0.022337,synthetic_chat_design_preset
96.48,9.539961,9.648000,-0.134500,0.026461,synthetic_chat_design_preset
96.49,9.550959,9.649000,-0.129195,0.031154,synthetic_chat_design_preset
96.50,9.563980,9.650000,-0.122474,0.036454,synthetic_chat_design_preset
96.51,9.578982,9.651000,-0.114412,0.042394,synthetic_chat_design_preset
96.52,9.595902,9.652000,-0.105097,0.048999,synthetic_chat_design_preset
96.53,9.614655,9.653000,-0.094629,0.056285,synthetic_chat_design_preset
96.54,9.635132,9.654000,-0.083125,0.064257,synthetic_chat_design_preset
96.55,9.657197,9.655000,-0.070711,0.072908,synthetic_chat_design_preset
96.56,9.680694,9.656000,-0.057521,0.082216,synthetic_chat_design_preset
96.57,9.705440,9.657000,-0.043702,0.092142,synthetic_chat_design_preset
96.58,9.731229,9.658000,-0.029403,0.102632,synthetic_chat_design_preset
96.59,9.757832,9.659000,-0.014783,0.113615,synthetic_chat_design_preset
96.60,9.785000,9.660000,0.000000,0.125000,synthetic_chat_design_preset
96.61,9.812464,9.661000,0.014783,0.136681,synthetic_chat_design_preset
96.62,9.839940,9.662000,0.029403,0.148536,synthetic_chat_design_preset
96.63,9.867130,9.663000,0.043702,0.160428,synthetic_chat_design_preset
96.64,9.893729,9.664000,0.057521,0.172208,synthetic_chat_design_preset
96.65,9.919427,9.665000,0.070711,0.183717,synthetic_chat_design_preset
96.66,9.943917,9.666000,0.083125,0.194791,synthetic_chat_design_preset
96.67,9.966894,9.667000,0.094629,0.205264,synthetic_chat_design_preset
96.68,9.988069,9.668000,0.105097,0.214972,synthetic_chat_design_preset
96.69,10.007169,9.669000,0.114412,0.223756,synthetic_chat_design_preset
96.70,10.023943,9.670000,0.122474,0.231469,synthetic_chat_design_preset
96.71,10.038171,9.671000,0.129195,0.237976,synthetic_chat_design_preset
96.72,10.049663,9.672000,0.134500,0.243164,synthetic_chat_design_preset
96.73,10.058269,9.673000,0.138331,0.246938,synthetic_chat_design_preset
96.74,10.063878,9.674000,0.140647,0.249231,synthetic_chat_design_preset
96.75,10.066421,9.675000,0.141421,0.250000,synthetic_chat_design_preset
96.76,10.065878,9.676000,0.140647,0.249231,synthetic_chat_design_preset
96.77,10.062269,9.677000,0.138331,0.246938,synthetic_chat_design_preset
96.78,10.055663,9.678000,0.134500,0.243164,synthetic_chat_design_preset
96.79,10.046171,9.679000,0.129195,0.237976,synthetic_chat_design_preset
96.80,10.033943,9.680000,0.122474,0.231469,synthetic_chat_design_preset
96.81,10.019169,9.681000,0.114412,0.223756,synthetic_chat_design_preset
96.82,10.002069,9.682000,0.105097,0.214972,synthetic_chat_design_preset
96.83,9.982894,9.683000,0.094629,0.205264,synthetic_chat_design_preset
96.84,9.961917,9.684000,0.083125,0.194791,synthetic_chat_design_preset
96.85,9.939427,9.685000,0.070711,0.183717,synthetic_chat_design_preset
96.86,9.915729,9.686000,0.057521,0.172208,synthetic_chat_design_preset
96.87,9.891130,9.687000,0.043702,0.160428,synthetic_chat_design_preset
96.88,9.865940,9.688000,0.029403,0.148536,synthetic_chat_design_preset
96.89,9.840464,9.689000,0.014783,0.136681,synthetic_chat_design_preset
96.90,9.815000,9.690000,-0.000000,0.125000,synthetic_chat_design_preset
96.91,9.789832,9.691000,-0.014783,0.113615,synthetic_chat_design_preset
96.92,9.765229,9.692000,-0.029403,0.102632,synthetic_chat_design_preset
96.93,9.741440,9.693000,-0.043702,0.092142,synthetic_chat_design_preset
96.94,9.718694,9.694000,-0.057521,0.082216,synthetic_chat_design_preset
96.95,9.697197,9.695000,-0.070711,0.072908,synthetic_chat_design_preset
96.96,9.677132,9.696000,-0.083125,0.064257,synthetic_chat_design_preset
96.97,9.658655,9.697000,-0.094629,0.056285,synthetic_chat_design_preset
96.98,9.641902,9.698000,-0.105097,0.048999,synthetic_chat_design_preset
96.99,9.626982,9.699000,-0.114412,0.042394,synthetic_chat_design_preset
97.00,9.613980,9.700000,-0.122474,0.036454,synthetic_chat_design_preset
97.01,9.602959,9.701000,-0.129195,0.031154,synthetic_chat_design_preset
97.02,9.593961,9.702000,-0.134500,0.026461,synthetic_chat_design_preset
97.03,9.587006,9.703000,-0.138331,0.022337,synthetic_chat_design_preset
97.04,9.582093,9.704000,-0.140647,0.018739,synthetic_chat_design_preset
97.05,9.579204,9.705000,-0.141421,0.015625,synthetic_chat_design_preset
97.06,9.578302,9.706000,-0.140647,0.012948,synthetic_chat_design_preset
97.07,9.579333,9.707000,-0.138331,0.010664,synthetic_chat_design_preset
97.08,9.582229,9.708000,-0.134500,0.008729,synthetic_chat_design_preset
97.09,9.586906,9.709000,-0.129195,0.007101,synthetic_chat_design_preset
97.10,9.593267,9.710000,-0.122474,0.005741,synthetic_chat_design_preset
97.11,9.601201,9.711000,-0.114412,0.004613,synthetic_chat_design_preset
97.12,9.610588,9.712000,-0.105097,0.003684,synthetic_chat_design_preset
97.13,9.621295,9.713000,-0.094629,0.002924,synthetic_chat_design_preset
97.14,9.633181,9.714000,-0.083125,0.002307,synthetic_chat_design_preset
97.15,9.646098,9.715000,-0.070711,0.001808,synthetic_chat_design_preset
97.16,9.659888,9.716000,-0.057521,0.001409,synthetic_chat_design_preset
97.17,9.674389,9.717000,-0.043702,0.001091,synthetic_chat_design_preset
97.18,9.689437,9.718000,-0.029403,0.000840,synthetic_chat_design_preset
97.19,9.704860,9.719000,-0.014783,0.000642,synthetic_chat_design_preset
97.20,9.720488,9.720000,0.000000,0.000488,synthetic_chat_design_preset
97.21,9.736151,9.721000,0.014783,0.000369,synthetic_chat_design_preset
97.22,9.751680,9.722000,0.029403,0.000277,synthetic_chat_design_preset
97.23,9.766908,9.723000,0.043702,0.000207,synthetic_chat_design_preset
97.24,9.781675,9.724000,0.057521,0.000153,synthetic_chat_design_preset
97.25,9.795824,9.725000,0.070711,0.000113,synthetic_chat_design_preset
97.26,9.809125,9.726000,0.083125,0.000000,synthetic_chat_design_preset
97.27,9.821629,9.727000,0.094629,0.000000,synthetic_chat_design_preset
97.28,9.833097,9.728000,0.105097,0.000000,synthetic_chat_design_preset
97.29,9.843412,9.729000,0.114412,0.000000,synthetic_chat_design_preset
97.30,9.852474,9.730000,0.122474,0.000000,synthetic_chat_design_preset
97.31,9.860195,9.731000,0.129195,0.000000,synthetic_chat_design_preset
97.32,9.866500,9.732000,0.134500,0.000000,synthetic_chat_design_preset
97.33,9.871331,9.733000,0.138331,0.000000,synthetic_chat_design_preset
97.34,9.874647,9.734000,0.140647,0.000000,synthetic_chat_design_preset
97.35,9.876421,9.735000,0.141421,0.000000,synthetic_chat_design_preset
97.36,9.876647,9.736000,0.140647,0.000000,synthetic_chat_design_preset
97.37,9.875331,9.737000,0.138331,0.000000,synthetic_chat_design_preset
97.38,9.872500,9.738000,0.134500,0.000000,synthetic_chat_design_preset
97.39,9.868195,9.739000,0.129195,0.000000,synthetic_chat_design_preset
97.40,9.862474,9.740000,0.122474,0.000000,synthetic_chat_design_preset
97.41,9.855412,9.741000,0.114412,0.000000,synthetic_chat_design_preset
97.42,9.847097,9.742000,0.105097,0.000000,synthetic_chat_design_preset
97.43,9.837629,9.743000,0.094629,0.000000,synthetic_chat_design_preset
97.44,9.827125,9.744000,0.083125,0.000000,synthetic_chat_design_preset
97.45,9.815711,9.745000,0.070711,0.000000,synthetic_chat_design_preset
97.46,9.803521,9.746000,0.057521,0.000000,synthetic_chat_design_preset
97.47,9.790702,9.747000,0.043702,0.000000,synthetic_chat_design_preset
97.48,9.777403,9.748000,0.029403,0.000000,synthetic_chat_design_preset
97.49,9.763783,9.749000,0.014783,0.000000,synthetic_chat_design_preset
97.50,9.750000,9.750000,0.000000,0.000000,synthetic_chat_design_preset
97.51,9.736217,9.751000,-0.014783,0.000000,synthetic_chat_design_preset
97.52,9.722597,9.752000,-0.029403,0.000000,synthetic_chat_design_preset
97.53,9.709298,9.753000,-0.043702,0.000000,synthetic_chat_design_preset
97.54,9.696479,9.754000,-0.057521,0.000000,synthetic_chat_design_preset
97.55,9.684289,9.755000,-0.070711,0.000000,synthetic_chat_design_preset
97.56,9.672875,9.756000,-0.083125,0.000000,synthetic_chat_design_preset
97.57,9.662371,9.757000,-0.094629,0.000000,synthetic_chat_design_preset
97.58,9.652903,9.758000,-0.105097,0.000000,synthetic_chat_design_preset
97.59,9.644588,9.759000,-0.114412,0.000000,synthetic_chat_design_preset
97.60,9.637526,9.760000,-0.122474,0.000000,synthetic_chat_design_preset
97.61,9.631805,9.761000,-0.129195,0.000000,synthetic_chat_design_preset
97.62,9.627500,9.762000,-0.134500,0.000000,synthetic_chat_design_preset
97.63,9.624669,9.763000,-0.138331,0.000000,synthetic_chat_design_preset
97.64,9.623353,9.764000,-0.140647,0.000000,synthetic_chat_design_preset
97.65,9.623579,9.765000,-0.141421,0.000000,synthetic_chat_design_preset
97.66,9.625353,9.766000,-0.140647,0.000000,synthetic_chat_design_preset
97.67,9.628669,9.767000,-0.138331,0.000000,synthetic_chat_design_preset
97.68,9.633500,9.768000,-0.134500,0.000000,synthetic_chat_design_preset
97.69,9.639805,9.769000,-0.129195,0.000000,synthetic_chat_design_preset
97.70,9.647526,9.770000,-0.122474,0.000000,synthetic_chat_design_preset
97.71,9.656588,9.771000,-0.114412,0.000000,synthetic_chat_design_preset
97.72,9.666903,9.772000,-0.105097,0.000000,synthetic_chat_design_preset
97.73,9.678371,9.773000,-0.094629,0.000000,synthetic_chat_design_preset
97.74,9.690957,9.774000,-0.083125,0.000083,synthetic_chat_design_preset
97.75,9.704402,9.775000,-0.070711,0.000113,synthetic_chat_design_preset
97.76,9.718632,9.776000,-0.057521,0.000153,synthetic_chat_design_preset
97.77,9.733505,9.777000,-0.043702,0.000207,synthetic_chat_design_preset
97.78,9.748874,9.778000,-0.029403,0.000277,synthetic_chat_design_preset
97.79,9.764586,9.779000,-0.014783,0.000369,synthetic_chat_design_preset
97.80,9.780488,9.780000,0.000000,0.000488,synthetic_chat_design_preset
97.81,9.796425,9.781000,0.014783,0.000642,synthetic_chat_design_preset
97.82,9.812243,9.782000,0.029403,0.000840,synthetic_chat_design_preset
97.83,9.827793,9.783000,0.043702,0.001091,synthetic_chat_design_preset
97.84,9.842930,9.784000,0.057521,0.001409,synthetic_chat_design_preset
97.85,9.857519,9.785000,0.070711,0.001808,synthetic_chat_design_preset
97.86,9.871432,9.786000,0.083125,0.002307,synthetic_chat_design_preset
97.87,9.884553,9.787000,0.094629,0.002924,synthetic_chat_design_preset
97.88,9.896781,9.788000,0.105097,0.003684,synthetic_chat_design_preset
97.89,9.908026,9.789000,0.114412,0.004613,synthetic_chat_design_preset
97.90,9.918216,9.790000,0.122474,0.005741,synthetic_chat_design_preset
97.91,9.927296,9.791000,0.129195,0.007101,synthetic_chat_design_preset
97.92,9.935229,9.792000,0.134500,0.008729,synthetic_chat_design_preset
97.93,9.941995,9.793000,0.138331,0.010664,synthetic_chat_design_preset
97.94,9.947595,9.794000,0.140647,0.012948,synthetic_chat_design_preset
97.95,9.952046,9.795000,0.141421,0.015625,synthetic_chat_design_preset
97.96,9.955386,9.796000,0.140647,0.018739,synthetic_chat_design_preset
97.97,9.957668,9.797000,0.138331,0.022337,synthetic_chat_design_preset
97.98,9.958960,9.798000,0.134500,0.026461,synthetic_chat_design_preset
97.99,9.959349,9.799000,0.129195,0.031154,synthetic_chat_design_preset
98.00,9.958929,9.800000,0.122474,0.036454,synthetic_chat_design_preset
98.01,9.957806,9.801000,0.114412,0.042394,synthetic_chat_design_preset
98.02,9.956095,9.802000,0.105097,0.048999,synthetic_chat_design_preset
98.03,9.953914,9.803000,0.094629,0.056285,synthetic_chat_design_preset
98.04,9.951383,9.804000,0.083125,0.064257,synthetic_chat_design_preset
98.05,9.948619,9.805000,0.070711,0.072908,synthetic_chat_design_preset
98.06,9.945737,9.806000,0.057521,0.082216,synthetic_chat_design_preset
98.07,9.942843,9.807000,0.043702,0.092142,synthetic_chat_design_preset
98.08,9.940035,9.808000,0.029403,0.102632,synthetic_chat_design_preset
98.09,9.937397,9.809000,0.014783,0.113615,synthetic_chat_design_preset
98.10,9.935000,9.810000,0.000000,0.125000,synthetic_chat_design_preset
98.11,9.932899,9.811000,-0.014783,0.136681,synthetic_chat_design_preset
98.12,9.931133,9.812000,-0.029403,0.148536,synthetic_chat_design_preset
98.13,9.929727,9.813000,-0.043702,0.160428,synthetic_chat_design_preset
98.14,9.928687,9.814000,-0.057521,0.172208,synthetic_chat_design_preset
98.15,9.928006,9.815000,-0.070711,0.183717,synthetic_chat_design_preset
98.16,9.927666,9.816000,-0.083125,0.194791,synthetic_chat_design_preset
98.17,9.927635,9.817000,-0.094629,0.205264,synthetic_chat_design_preset
98.18,9.927876,9.818000,-0.105097,0.214972,synthetic_chat_design_preset
98.19,9.928344,9.819000,-0.114412,0.223756,synthetic_chat_design_preset
98.20,9.928994,9.820000,-0.122474,0.231469,synthetic_chat_design_preset
98.21,9.929781,9.821000,-0.129195,0.237976,synthetic_chat_design_preset
98.22,9.930664,9.822000,-0.134500,0.243164,synthetic_chat_design_preset
98.23,9.931607,9.823000,-0.138331,0.246938,synthetic_chat_design_preset
98.24,9.932584,9.824000,-0.140647,0.249231,synthetic_chat_design_preset
98.25,9.933579,9.825000,-0.141421,0.250000,synthetic_chat_design_preset
98.26,9.934584,9.826000,-0.140647,0.249231,synthetic_chat_design_preset
98.27,9.935607,9.827000,-0.138331,0.246938,synthetic_chat_design_preset
98.28,9.936664,9.828000,-0.134500,0.243164,synthetic_chat_design_preset
98.29,9.937781,9.829000,-0.129195,0.237976,synthetic_chat_design_preset
98.30,9.938994,9.830000,-0.122474,0.231469,synthetic_chat_design_preset
98.31,9.940344,9.831000,-0.114412,0.223756,synthetic_chat_design_preset
98.32,9.941876,9.832000,-0.105097,0.214972,synthetic_chat_design_preset
98.33,9.943635,9.833000,-0.094629,0.205264,synthetic_chat_design_preset
98.34,9.945666,9.834000,-0.083125,0.194791,synthetic_chat_design_preset
98.35,9.948006,9.835000,-0.070711,0.183717,synthetic_chat_design_preset
98.36,9.950687,9.836000,-0.057521,0.172208,synthetic_chat_design_preset
98.37,9.953727,9.837000,-0.043702,0.160428,synthetic_chat_design_preset
98.38,9.957133,9.838000,-0.029403,0.148536,synthetic_chat_design_preset
98.39,9.960899,9.839000,-0.014783,0.136681,synthetic_chat_design_preset
98.40,9.965000,9.840000,0.000000,0.125000,synthetic_chat_design_preset
98.41,9.969397,9.841000,0.014783,0.113615,synthetic_chat_design_preset
98.42,9.974035,9.842000,0.029403,0.102632,synthetic_chat_design_preset
98.43,9.978843,9.843000,0.043702,0.092142,synthetic_chat_design_preset
98.44,9.983737,9.844000,0.057521,0.082216,synthetic_chat_design_preset
98.45,9.988619,9.845000,0.070711,0.072908,synthetic_chat_design_preset
98.46,9.993383,9.846000,0.083125,0.064257,synthetic_chat_design_preset
98.47,9.997914,9.847000,0.094629,0.056285,synthetic_chat_design_preset
98.48,10.002095,9.848000,0.105097,0.048999,synthetic_chat_design_preset
98.49,10.005806,9.849000,0.114412,0.042394,synthetic_chat_design_preset
98.50,10.008929,9.850000,0.122474,0.036454,synthetic_chat_design_preset
98.51,10.011349,9.851000,0.129195,0.031154,synthetic_chat_design_preset
98.52,10.012960,9.852000,0.134500,0.026461,synthetic_chat_design_preset
98.53,10.013668,9.853000,0.138331,0.022337,synthetic_chat_design_preset
98.54,10.013386,9.854000,0.140647,0.018739,synthetic_chat_design_preset
98.55,10.012046,9.855000,0.141421,0.015625,synthetic_chat_design_preset
98.56,10.009595,9.856000,0.140647,0.012948,synthetic_chat_design_preset
98.57,10.005995,9.857000,0.138331,0.010664,synthetic_chat_design_preset
98.58,10.001229,9.858000,0.134500,0.008729,synthetic_chat_design_preset
98.59,9.995296,9.859000,0.129195,0.007101,synthetic_chat_design_preset
98.60,9.988216,9.860000,0.122474,0.005741,synthetic_chat_design_preset
98.61,9.980026,9.861000,0.114412,0.004613,synthetic_chat_design_preset
98.62,9.970781,9.862000,0.105097,0.003684,synthetic_chat_design_preset
98.63,9.960553,9.863000,0.094629,0.002924,synthetic_chat_design_preset
98.64,9.949432,9.864000,0.083125,0.002307,synthetic_chat_design_preset
98.65,9.937519,9.865000,0.070711,0.001808,synthetic_chat_design_preset
98.66,9.924930,9.866000,0.057521,0.001409,synthetic_chat_design_preset
98.67,9.911793,9.867000,0.043702,0.001091,synthetic_chat_design_preset
98.68,9.898243,9.868000,0.029403,0.000840,synthetic_chat_design_preset
98.69,9.884425,9.869000,0.014783,0.000642,synthetic_chat_design_preset
98.70,9.870488,9.870000,0.000000,0.000488,synthetic_chat_design_preset
98.71,9.856586,9.871000,-0.014783,0.000369,synthetic_chat_design_preset
98.72,9.842874,9.872000,-0.029403,0.000277,synthetic_chat_design_preset
98.73,9.829505,9.873000,-0.043702,0.000207,synthetic_chat_design_preset
98.74,9.816632,9.874000,-0.057521,0.000153,synthetic_chat_design_preset
98.75,9.804402,9.875000,-0.070711,0.000113,synthetic_chat_design_preset
98.76,9.792875,9.876000,-0.083125,0.000000,synthetic_chat_design_preset
98.77,9.782371,9.877000,-0.094629,0.000000,synthetic_chat_design_preset
98.78,9.772903,9.878000,-0.105097,0.000000,synthetic_chat_design_preset
98.79,9.764588,9.879000,-0.114412,0.000000,synthetic_chat_design_preset
98.80,9.757526,9.880000,-0.122474,0.000000,synthetic_chat_design_preset
98.81,9.751805,9.881000,-0.129195,0.000000,synthetic_chat_design_preset
98.82,9.747500,9.882000,-0.134500,0.000000,synthetic_chat_design_preset
98.83,9.744669,9.883000,-0.138331,0.000000,synthetic_chat_design_preset
98.84,9.743353,9.884000,-0.140647,0.000000,synthetic_chat_design_preset
98.85,9.743579,9.885000,-0.141421,0.000000,synthetic_chat_design_preset
98.86,9.745353,9.886000,-0.140647,0.000000,synthetic_chat_design_preset
98.87,9.748669,9.887000,-0.138331,0.000000,synthetic_chat_design_preset
98.88,9.753500,9.888000,-0.134500,0.000000,synthetic_chat_design_preset
98.89,9.759805,9.889000,-0.129195,0.000000,synthetic_chat_design_preset
98.90,9.767526,9.890000,-0.122474,0.000000,synthetic_chat_design_preset
98.91,9.776588,9.891000,-0.114412,0.000000,synthetic_chat_design_preset
98.92,9.786903,9.892000,-0.105097,0.000000,synthetic_chat_design_preset
98.93,9.798371,9.893000,-0.094629,0.000000,synthetic_chat_design_preset
98.94,9.810875,9.894000,-0.083125,0.000000,synthetic_chat_design_preset
98.95,9.824289,9.895000,-0.070711,0.000000,synthetic_chat_design_preset
98.96,9.838479,9.896000,-0.057521,0.000000,synthetic_chat_design_preset
98.97,9.853298,9.897000,-0.043702,0.000000,synthetic_chat_design_preset
98.98,9.868597,9.898000,-0.029403,0.000000,synthetic_chat_design_preset
98.99,9.884217,9.899000,-0.014783,0.000000,synthetic_chat_design_preset
99.00,9.900000,9.900000,0.000000,0.000000,synthetic_chat_design_preset
99.01,9.915783,9.901000,0.014783,0.000000,synthetic_chat_design_preset
99.02,9.931403,9.902000,0.029403,0.000000,synthetic_chat_design_preset
99.03,9.946702,9.903000,0.043702,0.000000,synthetic_chat_design_preset
99.04,9.961521,9.904000,0.057521,0.000000,synthetic_chat_design_preset
99.05,9.975711,9.905000,0.070711,0.000000,synthetic_chat_design_preset
99.06,9.989125,9.906000,0.083125,0.000000,synthetic_chat_design_preset
99.07,10.001629,9.907000,0.094629,0.000000,synthetic_chat_design_preset
99.08,10.013097,9.908000,0.105097,0.000000,synthetic_chat_design_preset
99.09,10.023412,9.909000,0.114412,0.000000,synthetic_chat_design_preset
99.10,10.032474,9.910000,0.122474,0.000000,synthetic_chat_design_preset
99.11,10.040195,9.911000,0.129195,0.000000,synthetic_chat_design_preset
99.12,10.046500,9.912000,0.134500,0.000000,synthetic_chat_design_preset
99.13,10.051331,9.913000,0.138331,0.000000,synthetic_chat_design_preset
99.14,10.054647,9.914000,0.140647,0.000000,synthetic_chat_design_preset
99.15,10.056421,9.915000,0.141421,0.000000,synthetic_chat_design_preset
99.16,10.056647,9.916000,0.140647,0.000000,synthetic_chat_design_preset
99.17,10.055331,9.917000,0.138331,0.000000,synthetic_chat_design_preset
99.18,10.052500,9.918000,0.134500,0.000000,synthetic_chat_design_preset
99.19,10.048195,9.919000,0.129195,0.000000,synthetic_chat_design_preset
99.20,10.042474,9.920000,0.122474,0.000000,synthetic_chat_design_preset
99.21,10.035412,9.921000,0.114412,0.000000,synthetic_chat_design_preset
99.22,10.027097,9.922000,0.105097,0.000000,synthetic_chat_design_preset
99.23,10.017629,9.923000,0.094629,0.000000,synthetic_chat_design_preset
99.24,10.007208,9.924000,0.083125,0.000083,synthetic_chat_design_preset
99.25,9.995824,9.925000,0.070711,0.000113,synthetic_chat_design_preset
99.26,9.983675,9.926000,0.057521,0.000153,synthetic_chat_design_preset
99.27,9.970908,9.927000,0.043702,0.000207,synthetic_chat_design_preset
99.28,9.957680,9.928000,0.029403,0.000277,synthetic_chat_design_preset
99.29,9.944151,9.929000,0.014783,0.000369,synthetic_chat_design_preset
99.30,9.930488,9.930000,0.000000,0.000488,synthetic_chat_design_preset
99.31,9.916860,9.931000,-0.014783,0.000642,synthetic_chat_design_preset
99.32,9.903437,9.932000,-0.029403,0.000840,synthetic_chat_design_preset
99.33,9.890389,9.933000,-0.043702,0.001091,synthetic_chat_design_preset
99.34,9.877888,9.934000,-0.057521,0.001409,synthetic_chat_design_preset
99.35,9.866098,9.935000,-0.070711,0.001808,synthetic_chat_design_preset
99.36,9.855181,9.936000,-0.083125,0.002307,synthetic_chat_design_preset
99.37,9.845295,9.937000,-0.094629,0.002924,synthetic_chat_design_preset
99.38,9.836588,9.938000,-0.105097,0.003684,synthetic_chat_design_preset
99.39,9.829201,9.939000,-0.114412,0.004613,synthetic_chat_design_preset
99.40,9.823267,9.940000,-0.122474,0.005741,synthetic_chat_design_preset
99.41,9.818906,9.941000,-0.129195,0.007101,synthetic_chat_design_preset
99.42,9.816229,9.942000,-0.134500,0.008729,synthetic_chat_design_preset
99.43,9.815333,9.943000,-0.138331,0.010664,synthetic_chat_design_preset
99.44,9.816302,9.944000,-0.140647,0.012948,synthetic_chat_design_preset
99.45,9.819204,9.945000,-0.141421,0.015625,synthetic_chat_design_preset
99.46,9.824093,9.946000,-0.140647,0.018739,synthetic_chat_design_preset
99.47,9.831006,9.947000,-0.138331,0.022337,synthetic_chat_design_preset
99.48,9.839961,9.948000,-0.134500,0.026461,synthetic_chat_design_preset
99.49,9.850959,9.949000,-0.129195,0.031154,synthetic_chat_design_preset
99.50,9.863980,9.950000,-0.122474,0.036454,synthetic_chat_design_preset
99.51,9.878982,9.951000,-0.114412,0.042394,synthetic_chat_design_preset
99.52,9.895902,9.952000,-0.105097,0.048999,synthetic_chat_design_preset
99.53,9.914655,9.953000,-0.094629,0.056285,synthetic_chat_design_preset
99.54,9.935132,9.954000,-0.083125,0.064257,synthetic_chat_design_preset
99.55,9.957197,9.955000,-0.070711,0.072908,synthetic_chat_design_preset
99.56,9.980694,9.956000,-0.057521,0.082216,synthetic_chat_design_preset
99.57,10.005440,9.957000,-0.043702,0.092142,synthetic_chat_design_preset
99.58,10.031229,9.958000,-0.029403,0.102632,synthetic_chat_design_preset
99.59,10.057832,9.959000,-0.014783,0.113615,synthetic_chat_design_preset
99.60,10.085000,9.960000,0.000000,0.125000,synthetic_chat_design_preset
99.61,10.112464,9.961000,0.014783,0.136681,synthetic_chat_design_preset
99.62,10.139940,9.962000,0.029403,0.148536,synthetic_chat_design_preset
99.63,10.167130,9.963000,0.043702,0.160428,synthetic_chat_design_preset
99.64,10.193729,9.964000,0.057521,0.172208,synthetic_chat_design_preset
99.65,10.219427,9.965000,0.070711,0.183717,synthetic_chat_design_preset
99.66,10.243917,9.966000,0.083125,0.194791,synthetic_chat_design_preset
99.67,10.266894,9.967000,0.094629,0.205264,synthetic_chat_design_preset
99.68,10.288069,9.968000,0.105097,0.214972,synthetic_chat_design_preset
99.69,10.307169,9.969000,0.114412,0.223756,synthetic_chat_design_preset
99.70,10.323943,9.970000,0.122474,0.231469,synthetic_chat_design_preset
99.71,10.338171,9.971000,0.129195,0.237976,synthetic_chat_design_preset
99.72,10.349663,9.972000,0.134500,0.243164,synthetic_chat_design_preset
99.73,10.358269,9.973000,0.138331,0.246938,synthetic_chat_design_preset
99.74,10.363878,9.974000,0.140647,0.249231,synthetic_chat_design_preset
99.75,10.366421,9.975000,0.141421,0.250000,synthetic_chat_design_preset
99.76,10.365878,9.976000,0.140647,0.249231,synthetic_chat_design_preset
99.77,10.362269,9.977000,0.138331,0.246938,synthetic_chat_design_preset
99.78,10.355663,9.978000,0.134500,0.243164,synthetic_chat_design_preset
99.79,10.346171,9.979000,0.129195,0.237976,synthetic_chat_design_preset
99.80,10.333943,9.980000,0.122474,0.231469,synthetic_chat_design_preset
99.81,10.319169,9.981000,0.114412,0.223756,synthetic_chat_design_preset
99.82,10.302069,9.982000,0.105097,0.214972,synthetic_chat_design_preset
99.83,10.282894,9.983000,0.094629,0.205264,synthetic_chat_design_preset
99.84,10.261917,9.984000,0.083125,0.194791,synthetic_chat_design_preset
99.85,10.239427,9.985000,0.070711,0.183717,synthetic_chat_design_preset
99.86,10.215729,9.986000,0.057521,0.172208,synthetic_chat_design_preset
99.87,10.191130,9.987000,0.043702,0.160428,synthetic_chat_design_preset
99.88,10.165940,9.988000,0.029403,0.148536,synthetic_chat_design_preset
99.89,10.140464,9.989000,0.014783,0.136681,synthetic_chat_design_preset
99.90,10.115000,9.990000,-0.000000,0.125000,synthetic_chat_design_preset
99.91,10.089832,9.991000,-0.014783,0.113615,synthetic_chat_design_preset
99.92,10.065229,9.992000,-0.029403,0.102632,synthetic_chat_design_preset
99.93,10.041440,9.993000,-0.043702,0.092142,synthetic_chat_design_preset
99.94,10.018694,9.994000,-0.057521,0.082216,synthetic_chat_design_preset
99.95,9.997197,9.995000,-0.070711,0.072908,synthetic_chat_design_preset
99.96,9.977132,9.996000,-0.083125,0.064257,synthetic_chat_design_preset
99.97,9.958655,9.997000,-0.094629,0.056285,synthetic_chat_design_preset
99.98,9.941902,9.998000,-0.105097,0.048999,synthetic_chat_design_preset
99.99,9.926982,9.999000,-0.114412,0.042394,synthetic_chat_design_preset
100.00,9.913980,10.000000,-0.122474,0.036454,synthetic_chat_design_preset
