distance_m,longitude_deg,latitude_deg,elevation_navd88_m,relative_elevation_m,grade_10m_baseline_percent,provenance
0.0,-78.35,38.6,685.693847656,0.0,,USGS_3DEP_1m_DEM_bilinear_sample
1.0,-78.35,38.60000900837109,685.565063477,-0.1287841790000357,,USGS_3DEP_1m_DEM_bilinear_sample
2.0,-78.35,38.600018016742155,685.463867188,-0.22998046800000793,,USGS_3DEP_1m_DEM_bilinear_sample
3.0,-78.35,38.600027025113214,685.340087891,-0.35375976499994977,,USGS_3DEP_1m_DEM_bilinear_sample
4.0,-78.35,38.60003603348425,685.216308594,-0.4775390620000053,,USGS_3DEP_1m_DEM_bilinear_sample
5.0,-78.35,38.600045041855275,685.118835449,-0.5750122069999861,-8.746948240000165,USGS_3DEP_1m_DEM_bilinear_sample
6.0,-78.35,38.600054050226284,685.015136719,-0.6787109370000053,-8.021240240000225,USGS_3DEP_1m_DEM_bilinear_sample
7.0,-78.35,38.600063058597286,685.034179688,-0.6596679680000079,-7.471923829999696,USGS_3DEP_1m_DEM_bilinear_sample
8.0,-78.35,38.600072066968266,684.954162598,-0.7396850579999636,-6.809692390000919,USGS_3DEP_1m_DEM_bilinear_sample
9.0,-78.35,38.60008107533923,684.879150391,-0.8146972649999498,-6.401367189999974,USGS_3DEP_1m_DEM_bilinear_sample
10.0,-78.35,38.60009008371019,684.819152832,-0.8746948240000165,-6.354370110000218,USGS_3DEP_1m_DEM_bilinear_sample
11.0,-78.35,38.60009909208114,684.762939453,-0.9309082030000582,-6.242675779999445,USGS_3DEP_1m_DEM_bilinear_sample
12.0,-78.35,38.60010810045207,684.716674805,-0.9771728509999775,-7.0703125,USGS_3DEP_1m_DEM_bilinear_sample
13.0,-78.35,38.60011710882298,684.659118652,-1.0347290040000416,-6.395263680000198,USGS_3DEP_1m_DEM_bilinear_sample
14.0,-78.35,38.60012611719389,684.576171875,-1.1176757810000026,-6.220703130001084,USGS_3DEP_1m_DEM_bilinear_sample
15.0,-78.35,38.60013512556477,684.483398438,-1.210449218000008,-6.433105469999418,USGS_3DEP_1m_DEM_bilinear_sample
16.0,-78.35,38.60014413393564,684.390869141,-1.3029785149999498,-6.783447259999775,USGS_3DEP_1m_DEM_bilinear_sample
17.0,-78.35,38.6001531423065,684.327148438,-1.366699218000008,-7.4609375,USGS_3DEP_1m_DEM_bilinear_sample
18.0,-78.35,38.60016215067735,684.31463623,-1.3792114259999835,-8.08166503999928,USGS_3DEP_1m_DEM_bilinear_sample
19.0,-78.35,38.60017115904818,684.257080078,-1.4367675780000582,-8.239746089999471,USGS_3DEP_1m_DEM_bilinear_sample
20.0,-78.35,38.600180167419,684.175842285,-1.5180053709999584,-7.6623535199996695,USGS_3DEP_1m_DEM_bilinear_sample
21.0,-78.35,38.6001891757898,684.084594727,-1.6092529290000357,-8.099365240000225,USGS_3DEP_1m_DEM_bilinear_sample
22.0,-78.35,38.60019818416059,683.970581055,-1.7232666009999775,-8.749389649999557,USGS_3DEP_1m_DEM_bilinear_sample
23.0,-78.35,38.600207192531364,683.850952148,-1.8428955079999696,-9.424438470000496,USGS_3DEP_1m_DEM_bilinear_sample
24.0,-78.35,38.600216200902125,683.752197266,-1.9416503899999498,-9.186401369998975,USGS_3DEP_1m_DEM_bilinear_sample
25.0,-78.35,38.60022520927287,683.717163086,-1.9766845699999749,-8.894042970000555,USGS_3DEP_1m_DEM_bilinear_sample
26.0,-78.35,38.60023421764361,683.580932617,-2.1129150389999722,-9.06738281999992,USGS_3DEP_1m_DEM_bilinear_sample
27.0,-78.35,38.60024322601433,683.452209473,-2.2416381829999636,-8.839721680000139,USGS_3DEP_1m_DEM_bilinear_sample
28.0,-78.35,38.60025223438504,683.372192383,-2.321655273000033,-8.98071289000086,USGS_3DEP_1m_DEM_bilinear_sample
29.0,-78.35,38.60026124275573,683.338439941,-2.3554077149999557,-9.506225590000668,USGS_3DEP_1m_DEM_bilinear_sample
30.0,-78.35,38.60027025112641,683.286437988,-2.407409668000014,-10.418090819999861,USGS_3DEP_1m_DEM_bilinear_sample
31.0,-78.35,38.60027925949707,683.177856445,-2.5159912110000278,-10.430908199999749,USGS_3DEP_1m_DEM_bilinear_sample
32.0,-78.35,38.600288267867725,683.086608887,-2.6072387689999914,-10.593261720000555,USGS_3DEP_1m_DEM_bilinear_sample
33.0,-78.35,38.60029727623836,682.952880859,-2.7409667970000555,-10.788574219999418,USGS_3DEP_1m_DEM_bilinear_sample
34.0,-78.35,38.60030628460898,682.801574707,-2.8922729490000165,-11.424560540000357,USGS_3DEP_1m_DEM_bilinear_sample
35.0,-78.35,38.60031529297959,682.675354004,-3.018493651999961,-11.867065430000139,USGS_3DEP_1m_DEM_bilinear_sample
36.0,-78.35,38.60032430135019,682.537841797,-3.156005858999947,-11.755981439999914,USGS_3DEP_1m_DEM_bilinear_sample
37.0,-78.35,38.60033330972077,682.392883301,-3.300964355000019,-11.068725590000668,USGS_3DEP_1m_DEM_bilinear_sample
38.0,-78.35,38.600342318091336,682.293334961,-3.400512694999975,-10.769042969999418,USGS_3DEP_1m_DEM_bilinear_sample
39.0,-78.35,38.60035132646189,682.195983887,-3.4978637689999914,-10.293579099999306,USGS_3DEP_1m_DEM_bilinear_sample
40.0,-78.35,38.60036033483242,682.099731445,-3.5941162110000278,-9.643554689999974,USGS_3DEP_1m_DEM_bilinear_sample
41.0,-78.35,38.600369343202956,682.002258301,-3.691589355000019,-8.633422850000443,USGS_3DEP_1m_DEM_bilinear_sample
42.0,-78.35,38.60037835157347,681.979736328,-3.714111328000058,-7.514038089999531,USGS_3DEP_1m_DEM_bilinear_sample
43.0,-78.35,38.600387359943966,681.875976562,-3.8178710939999974,-6.581420900000694,USGS_3DEP_1m_DEM_bilinear_sample
44.0,-78.35,38.60039636831444,681.772216797,-3.921630858999947,-5.5828857500000595,USGS_3DEP_1m_DEM_bilinear_sample
45.0,-78.35,38.60040537668492,681.710998535,-3.9828491209999584,-4.720458979999194,USGS_3DEP_1m_DEM_bilinear_sample
46.0,-78.35,38.60041438505537,681.674499512,-4.019348143999991,-4.470825199999808,USGS_3DEP_1m_DEM_bilinear_sample
47.0,-78.35,38.600423393425814,681.641479492,-4.052368163999972,-6.358032229999253,USGS_3DEP_1m_DEM_bilinear_sample
48.0,-78.35,38.60043240179624,681.635192871,-4.058654785000044,-7.095336910000469,USGS_3DEP_1m_DEM_bilinear_sample
49.0,-78.35,38.60044141016666,681.637695312,-4.056152343999997,-7.1148681700003635,USGS_3DEP_1m_DEM_bilinear_sample
50.0,-78.35,38.60045041853706,681.627685547,-4.066162108999947,-7.461547850000443,USGS_3DEP_1m_DEM_bilinear_sample
51.0,-78.35,38.60045942690744,681.555175781,-4.138671875,-8.159179689999974,USGS_3DEP_1m_DEM_bilinear_sample
52.0,-78.35,38.60046843527782,681.343933105,-4.3499145509999835,-9.00390625,USGS_3DEP_1m_DEM_bilinear_sample
53.0,-78.35,38.600477443648174,681.166442871,-4.527404785000044,-10.303344729999253,USGS_3DEP_1m_DEM_bilinear_sample
54.0,-78.35,38.60048645201852,681.06072998,-4.6331176759999835,-10.578613280000582,USGS_3DEP_1m_DEM_bilinear_sample
55.0,-78.35,38.600495460388856,680.96484375,-4.729003906000003,-10.953979490000165,USGS_3DEP_1m_DEM_bilinear_sample
56.0,-78.35,38.60050446875917,680.858581543,-4.835266112999989,-10.979003899999498,USGS_3DEP_1m_DEM_bilinear_sample
57.0,-78.35,38.60051347712947,680.741088867,-4.952758788999972,-10.148315430000139,USGS_3DEP_1m_DEM_bilinear_sample
58.0,-78.35,38.60052248549976,680.604858398,-5.08898925799997,-9.381713870000112,USGS_3DEP_1m_DEM_bilinear_sample
59.0,-78.35,38.60053149387004,680.579833984,-5.1140136720000555,-9.349975579999636,USGS_3DEP_1m_DEM_bilinear_sample
60.0,-78.35,38.6005405022403,680.532287598,-5.161560057999964,-10.090942379999888,USGS_3DEP_1m_DEM_bilinear_sample
61.0,-78.35,38.60054951061055,680.457275391,-5.23657226499995,-10.665893550000192,USGS_3DEP_1m_DEM_bilinear_sample
62.0,-78.35,38.600558518980776,680.329101562,-5.364746093999997,-10.866088870000112,USGS_3DEP_1m_DEM_bilinear_sample
63.0,-78.35,38.600567527351,680.228271484,-5.4655761720000555,-10.665893550000192,USGS_3DEP_1m_DEM_bilinear_sample
64.0,-78.35,38.6005765357212,680.125732422,-5.568115233999947,-11.790771479999194,USGS_3DEP_1m_DEM_bilinear_sample
65.0,-78.35,38.600585544091395,679.955749512,-5.738098143999991,-13.165893560000086,USGS_3DEP_1m_DEM_bilinear_sample
66.0,-78.35,38.60059455246157,679.791992188,-5.901855468000008,-14.055175790000476,USGS_3DEP_1m_DEM_bilinear_sample
67.0,-78.35,38.600603560831736,679.65447998,-6.0393676759999835,-14.285888670000304,USGS_3DEP_1m_DEM_bilinear_sample
68.0,-78.35,38.600612569201886,679.538269043,-6.155578612999989,-14.965209959999584,USGS_3DEP_1m_DEM_bilinear_sample
69.0,-78.35,38.60062157757202,679.400756836,-6.293090819999975,-15.52734375,USGS_3DEP_1m_DEM_bilinear_sample
70.0,-78.35,38.60063058594215,679.215698242,-6.478149413999972,-15.151977540000416,USGS_3DEP_1m_DEM_bilinear_sample
71.0,-78.35,38.600639594312256,679.051757812,-6.642089843999997,-14.652709969999478,USGS_3DEP_1m_DEM_bilinear_sample
72.0,-78.35,38.60064860268235,678.900512695,-6.793334961000028,-13.67736816000047,USGS_3DEP_1m_DEM_bilinear_sample
73.0,-78.35,38.600657611052426,678.731750488,-6.962097168000014,-14.334716800000251,USGS_3DEP_1m_DEM_bilinear_sample
74.0,-78.35,38.60066661942249,678.572998047,-7.120849608999947,-14.655151370000112,USGS_3DEP_1m_DEM_bilinear_sample
75.0,-78.35,38.60067562779255,678.440551758,-7.253295898000033,-14.391479490000165,USGS_3DEP_1m_DEM_bilinear_sample
76.0,-78.35,38.60068463616258,678.326721191,-7.367126464999956,-14.340209959999584,USGS_3DEP_1m_DEM_bilinear_sample
77.0,-78.35,38.60069364453261,678.286743164,-7.40710449200003,-14.38964843000008,USGS_3DEP_1m_DEM_bilinear_sample
78.0,-78.35,38.600702652902626,678.104797363,-7.589050293000014,-14.027099610000278,USGS_3DEP_1m_DEM_bilinear_sample
79.0,-78.35,38.60071166127262,677.935241699,-7.758605956999986,-14.227294920000304,USGS_3DEP_1m_DEM_bilinear_sample
80.0,-78.35,38.600720669642605,677.776550293,-7.917297362999989,-14.315185550000251,USGS_3DEP_1m_DEM_bilinear_sample
81.0,-78.35,38.60072967801257,677.617736816,-8.076110839999956,-14.138183590000608,USGS_3DEP_1m_DEM_bilinear_sample
82.0,-78.35,38.60073868638253,677.461547852,-8.232299804000036,-15.04516601999967,USGS_3DEP_1m_DEM_bilinear_sample
83.0,-78.35,38.60074769475247,677.329040527,-8.364807129000042,-14.650878899999498,USGS_3DEP_1m_DEM_bilinear_sample
84.0,-78.35,38.60075670312239,677.150268555,-8.543579100999978,-14.467773439999974,USGS_3DEP_1m_DEM_bilinear_sample
85.0,-78.35,38.60076571149231,677.009033203,-8.684814453000058,-13.99353026999961,USGS_3DEP_1m_DEM_bilinear_sample
86.0,-78.35,38.60077471986221,676.912902832,-8.780944824000017,-13.580322260000912,USGS_3DEP_1m_DEM_bilinear_sample
87.0,-78.35,38.600783728232095,676.782226562,-8.911621093999997,-13.168334969999478,USGS_3DEP_1m_DEM_bilinear_sample
88.0,-78.35,38.600792736601974,676.639709473,-9.054138182999964,-12.655639649999557,USGS_3DEP_1m_DEM_bilinear_sample
89.0,-78.35,38.600801744971825,676.488464355,-9.205383300999983,-10.471191410000529,USGS_3DEP_1m_DEM_bilinear_sample
90.0,-78.35,38.60081075334167,676.377197266,-9.31665038999995,-9.293823239999028,USGS_3DEP_1m_DEM_bilinear_sample
91.0,-78.35,38.600819761711506,676.25970459,-9.434143066000047,-8.79516601999967,USGS_3DEP_1m_DEM_bilinear_sample
92.0,-78.35,38.60082877008132,676.144714355,-9.549133300999983,-8.41308593000008,USGS_3DEP_1m_DEM_bilinear_sample
93.0,-78.35,38.60083777845112,676.063476562,-9.630371093999997,-7.800292970000555,USGS_3DEP_1m_DEM_bilinear_sample
94.0,-78.35,38.60084678682091,676.103149414,-9.59069824200003,-7.037963860000218,USGS_3DEP_1m_DEM_bilinear_sample
95.0,-78.35,38.60085579519068,676.079650879,-9.614196776999961,-6.925048830000833,USGS_3DEP_1m_DEM_bilinear_sample
96.0,-78.35,38.60086480356045,676.03338623,-9.660461425999983,-6.950073239999028,USGS_3DEP_1m_DEM_bilinear_sample
97.0,-78.35,38.60087381193019,675.940917969,-9.752929687000005,-6.7517089800003305,USGS_3DEP_1m_DEM_bilinear_sample
98.0,-78.35,38.60088282029992,675.859680176,-9.83416748000002,-7.030639639999663,USGS_3DEP_1m_DEM_bilinear_sample
99.0,-78.35,38.600891828669646,675.784667969,-9.909179687000005,-8.527221680000139,USGS_3DEP_1m_DEM_bilinear_sample
100.0,-78.35,38.60090083703935,675.684692383,-10.009155273000033,-9.467163090000668,USGS_3DEP_1m_DEM_bilinear_sample
101.0,-78.35,38.60090984540904,675.564697266,-10.12915038999995,-10.067749020000747,USGS_3DEP_1m_DEM_bilinear_sample
102.0,-78.35,38.600918853778715,675.469543457,-10.224304199000017,-10.418090819999861,USGS_3DEP_1m_DEM_bilinear_sample
103.0,-78.35,38.60092786214838,675.360412598,-10.333435057999964,-10.442504879999888,USGS_3DEP_1m_DEM_bilinear_sample
104.0,-78.35,38.60093687051803,675.250427246,-10.443420410000044,-10.367431639999722,USGS_3DEP_1m_DEM_bilinear_sample
105.0,-78.35,38.60094587888767,675.13293457,-10.560913086000028,-10.220336919999227,USGS_3DEP_1m_DEM_bilinear_sample
106.0,-78.35,38.60095488725729,675.026611328,-10.667236328000058,-9.42993164000086,USGS_3DEP_1m_DEM_bilinear_sample
107.0,-78.35,38.6009638956269,674.899108887,-10.794738768999991,-9.041137689999914,USGS_3DEP_1m_DEM_bilinear_sample
108.0,-78.35,38.60097290399649,674.815429688,-10.878417968000008,-8.79943848000039,USGS_3DEP_1m_DEM_bilinear_sample
109.0,-78.35,38.600981912366066,674.747924805,-10.945922850999978,-8.724975579999636,USGS_3DEP_1m_DEM_bilinear_sample
110.0,-78.35,38.60099092073564,674.662658691,-11.031188964999956,-8.024902339999471,USGS_3DEP_1m_DEM_bilinear_sample
111.0,-78.35,38.600999929105186,674.621704102,-11.072143554000036,-7.086791989999028,USGS_3DEP_1m_DEM_bilinear_sample
112.0,-78.35,38.601008937474724,674.565429688,-11.128417968000008,-6.536865240000225,USGS_3DEP_1m_DEM_bilinear_sample
113.0,-78.35,38.601017945844255,674.48046875,-11.213378906000003,-6.6461181700003635,USGS_3DEP_1m_DEM_bilinear_sample
114.0,-78.35,38.60102695421376,674.377929688,-11.315917968000008,-6.872558600000502,USGS_3DEP_1m_DEM_bilinear_sample
115.0,-78.35,38.60103596258326,674.330444336,-11.363403319999975,-6.8194579999999405,USGS_3DEP_1m_DEM_bilinear_sample
116.0,-78.35,38.60104497095274,674.317932129,-11.375915526999961,-7.297363289999339,USGS_3DEP_1m_DEM_bilinear_sample
117.0,-78.35,38.60105397932221,674.245422363,-11.448425293000014,-7.884521490000225,USGS_3DEP_1m_DEM_bilinear_sample
118.0,-78.35,38.60106298769166,674.150817871,-11.543029785000044,-8.110351560000026,USGS_3DEP_1m_DEM_bilinear_sample
119.0,-78.35,38.60107199606111,674.060668945,-11.633178711000028,-7.884521490000225,USGS_3DEP_1m_DEM_bilinear_sample
120.0,-78.35,38.60108100443053,673.980712891,-11.71313476499995,-8.084716800000251,USGS_3DEP_1m_DEM_bilinear_sample
121.0,-78.35,38.60109001279994,673.891967773,-11.80187988299997,-8.686523439999974,USGS_3DEP_1m_DEM_bilinear_sample
122.0,-78.35,38.60109902116935,673.776977539,-11.91687011700003,-8.605346680000139,USGS_3DEP_1m_DEM_bilinear_sample
123.0,-78.35,38.60110802953873,673.669433594,-12.024414062000005,-8.234252930000139,USGS_3DEP_1m_DEM_bilinear_sample
124.0,-78.35,38.601117037908104,673.589477539,-12.10437011700003,-7.194213860000218,USGS_3DEP_1m_DEM_bilinear_sample
125.0,-78.35,38.601126046277464,673.521972656,-12.171875,-6.707153320000998,USGS_3DEP_1m_DEM_bilinear_sample
126.0,-78.35,38.601135054646804,673.449279785,-12.244567870999958,-6.257324210000661,USGS_3DEP_1m_DEM_bilinear_sample
127.0,-78.35,38.60114406301613,673.384887695,-12.308959961000028,-5.957641599999306,USGS_3DEP_1m_DEM_bilinear_sample
128.0,-78.35,38.60115307138545,673.327392578,-12.366455078000058,-6.1193847699996695,USGS_3DEP_1m_DEM_bilinear_sample
129.0,-78.35,38.60116207975475,673.341247559,-12.35260009700005,-6.353149409999332,USGS_3DEP_1m_DEM_bilinear_sample
130.0,-78.35,38.60117108812404,673.309997559,-12.38385009700005,-6.603393550000192,USGS_3DEP_1m_DEM_bilinear_sample
131.0,-78.35,38.60118009649331,673.266235352,-12.427612304000036,-6.6015625,USGS_3DEP_1m_DEM_bilinear_sample
132.0,-78.35,38.60118910486258,673.181213379,-12.512634276999961,-6.607666009999775,USGS_3DEP_1m_DEM_bilinear_sample
133.0,-78.35,38.60119811323182,673.057495117,-12.636352538999972,-6.7578125,USGS_3DEP_1m_DEM_bilinear_sample
134.0,-78.35,38.60120712160105,672.954162598,-12.739685057999964,-7.8082275399992795,USGS_3DEP_1m_DEM_bilinear_sample
135.0,-78.35,38.60121612997027,672.861633301,-12.83221435500002,-8.233642579999696,USGS_3DEP_1m_DEM_bilinear_sample
136.0,-78.35,38.60122513833947,672.789123535,-12.904724120999958,-8.12072753999928,USGS_3DEP_1m_DEM_bilinear_sample
137.0,-78.35,38.60123414670867,672.724121094,-12.969726562000005,-6.93359375,USGS_3DEP_1m_DEM_bilinear_sample
138.0,-78.35,38.601243155077846,672.651611328,-13.042236328000058,-5.759887689999914,USGS_3DEP_1m_DEM_bilinear_sample
139.0,-78.35,38.60125216344701,672.560424805,-13.133422850999978,-6.014404300000251,USGS_3DEP_1m_DEM_bilinear_sample
140.0,-78.35,38.601261171816155,672.486633301,-13.20721435500002,-6.651611329999696,USGS_3DEP_1m_DEM_bilinear_sample
141.0,-78.35,38.60127018018529,672.454162598,-13.239685057999964,-6.4886474600007205,USGS_3DEP_1m_DEM_bilinear_sample
142.0,-78.35,38.60127918855441,672.487854004,-13.205993651999961,-6.726074219999418,USGS_3DEP_1m_DEM_bilinear_sample
143.0,-78.35,38.60128819692352,672.481506348,-13.212341307999964,-7.2137451199989755,USGS_3DEP_1m_DEM_bilinear_sample
144.0,-78.35,38.60129720529261,672.352722168,-13.341125487999989,-7.639160160000529,USGS_3DEP_1m_DEM_bilinear_sample
145.0,-78.35,38.60130621366169,672.196472168,-13.497375487999989,-7.996215819999861,USGS_3DEP_1m_DEM_bilinear_sample
146.0,-78.35,38.601315222030756,672.140258789,-13.55358886700003,-8.44238281999992,USGS_3DEP_1m_DEM_bilinear_sample
147.0,-78.35,38.601324230399804,672.051513672,-13.642333983999947,-9.104003910000529,USGS_3DEP_1m_DEM_bilinear_sample
148.0,-78.35,38.601333238768845,671.930236816,-13.763610839999956,-9.52819825000006,USGS_3DEP_1m_DEM_bilinear_sample
149.0,-78.35,38.60134224713787,671.796508789,-13.89733886700003,-9.127807620000112,USGS_3DEP_1m_DEM_bilinear_sample
150.0,-78.35,38.60135125550688,671.687011719,-14.006835937000005,-8.803100590000668,USGS_3DEP_1m_DEM_bilinear_sample
151.0,-78.35,38.601360263875875,671.609924316,-14.083923339999956,-9.140625,USGS_3DEP_1m_DEM_bilinear_sample
152.0,-78.35,38.60136927224485,671.577453613,-14.116394043000014,-8.89099121000072,USGS_3DEP_1m_DEM_bilinear_sample
153.0,-78.35,38.60137828061383,671.528686523,-14.16516113299997,-8.869018550000192,USGS_3DEP_1m_DEM_bilinear_sample
154.0,-78.35,38.60138728898278,671.439941406,-14.25390625,-8.704223629999888,USGS_3DEP_1m_DEM_bilinear_sample
155.0,-78.35,38.60139629735172,671.316162109,-14.377685547000056,-8.83422851999967,USGS_3DEP_1m_DEM_bilinear_sample
156.0,-78.35,38.60140530572065,671.226196289,-14.46765136700003,-9.325561520000747,USGS_3DEP_1m_DEM_bilinear_sample
157.0,-78.35,38.60141431408955,671.162414551,-14.53143310500002,-10.188598629999888,USGS_3DEP_1m_DEM_bilinear_sample
158.0,-78.35,38.60142332245846,671.043334961,-14.650512694999975,-10.575561520000747,USGS_3DEP_1m_DEM_bilinear_sample
159.0,-78.35,38.601432330827336,670.926086426,-14.76776123000002,-10.726318360000278,USGS_3DEP_1m_DEM_bilinear_sample
160.0,-78.35,38.60144133919621,670.803588867,-14.890258788999972,-10.11291503999928,USGS_3DEP_1m_DEM_bilinear_sample
161.0,-78.35,38.60145034756507,670.677368164,-15.01647949200003,-10.075073240000165,USGS_3DEP_1m_DEM_bilinear_sample
162.0,-78.35,38.60145935593391,670.55859375,-15.135253906000003,-10.297851560000026,USGS_3DEP_1m_DEM_bilinear_sample
163.0,-78.35,38.60146836430274,670.471130371,-15.222717285000044,-9.869384770000806,USGS_3DEP_1m_DEM_bilinear_sample
164.0,-78.35,38.60147737267155,670.36730957,-15.326538086000028,-9.434204099999306,USGS_3DEP_1m_DEM_bilinear_sample
165.0,-78.35,38.60148638104036,670.304870605,-15.388977050999983,-8.771972650000635,USGS_3DEP_1m_DEM_bilinear_sample
166.0,-78.35,38.601495389409145,670.218688965,-15.475158691000047,-8.122558589999471,USGS_3DEP_1m_DEM_bilinear_sample
167.0,-78.35,38.601504397777916,670.132629395,-15.561218261000022,-7.521972660000529,USGS_3DEP_1m_DEM_bilinear_sample
168.0,-78.35,38.60151340614667,670.056396484,-15.637451172000056,-7.034912109999141,USGS_3DEP_1m_DEM_bilinear_sample
169.0,-78.35,38.60152241451542,669.982666016,-15.71118163999995,-6.355590819999861,USGS_3DEP_1m_DEM_bilinear_sample
170.0,-78.35,38.60153142288415,669.926391602,-15.767456054000036,-6.2719726500006345,USGS_3DEP_1m_DEM_bilinear_sample
171.0,-78.35,38.60154043125287,669.865112305,-15.828735350999978,-6.522216799999114,USGS_3DEP_1m_DEM_bilinear_sample
172.0,-78.35,38.60154943962158,669.806396484,-15.887451172000056,-7.136840829999755,USGS_3DEP_1m_DEM_bilinear_sample
173.0,-78.35,38.601558447990264,669.76763916,-15.926208495999958,-7.7496337899992795,USGS_3DEP_1m_DEM_bilinear_sample
174.0,-78.35,38.60156745635894,669.731750488,-15.962097168000014,-7.849731450000945,USGS_3DEP_1m_DEM_bilinear_sample
175.0,-78.35,38.60157646472761,669.67767334,-16.016174316000047,-8.162231449999808,USGS_3DEP_1m_DEM_bilinear_sample
176.0,-78.35,38.60158547309626,669.566467285,-16.12738037099996,-8.374633790000416,USGS_3DEP_1m_DEM_bilinear_sample
177.0,-78.35,38.601594481464886,669.418945312,-16.274902343999997,-9.57336424999994,USGS_3DEP_1m_DEM_bilinear_sample
178.0,-78.35,38.60160348983351,669.281433105,-16.412414550999983,-10.169067379999888,USGS_3DEP_1m_DEM_bilinear_sample
179.0,-78.35,38.601612498202115,669.197692871,-16.496154785000044,-10.498046870000053,USGS_3DEP_1m_DEM_bilinear_sample
180.0,-78.35,38.60162150657071,669.110168457,-16.583679199000017,-11.257324219999418,USGS_3DEP_1m_DEM_bilinear_sample
181.0,-78.35,38.60163051493929,669.027648926,-16.66619873000002,-11.47033691000047,USGS_3DEP_1m_DEM_bilinear_sample
182.0,-78.35,38.60163952330785,668.849060059,-16.84478759700005,-10.97045898000033,USGS_3DEP_1m_DEM_bilinear_sample
183.0,-78.35,38.6016485316764,668.750732422,-16.943115233999947,-10.582275389999722,USGS_3DEP_1m_DEM_bilinear_sample
184.0,-78.35,38.60165754004494,668.681945801,-17.01190185500002,-10.5078125,USGS_3DEP_1m_DEM_bilinear_sample
185.0,-78.35,38.60166654841346,668.551940918,-17.14190673799999,-10.28259276999961,USGS_3DEP_1m_DEM_bilinear_sample
186.0,-78.35,38.60167555678197,668.419433594,-17.274414062000005,-10.296020509999835,USGS_3DEP_1m_DEM_bilinear_sample
187.0,-78.35,38.601684565150464,668.321899414,-17.37194824200003,-10.035400389999722,USGS_3DEP_1m_DEM_bilinear_sample
188.0,-78.35,38.60169357351895,668.223205566,-17.470642089999956,-10.701904300000251,USGS_3DEP_1m_DEM_bilinear_sample
189.0,-78.35,38.601702581887416,668.146911621,-17.546936035000044,-10.938720709999643,USGS_3DEP_1m_DEM_bilinear_sample
190.0,-78.35,38.60171159025587,668.08190918,-17.611938475999978,-10.488891600000443,USGS_3DEP_1m_DEM_bilinear_sample
191.0,-78.35,38.60172059862431,667.998046875,-17.695800781000003,-9.713745120000112,USGS_3DEP_1m_DEM_bilinear_sample
192.0,-78.35,38.601729606992734,667.84552002,-17.848327636000022,-9.851074219999418,USGS_3DEP_1m_DEM_bilinear_sample
193.0,-78.35,38.60173861536115,667.680541992,-18.013305663999972,-9.851074210000661,USGS_3DEP_1m_DEM_bilinear_sample
194.0,-78.35,38.60174762372955,667.58807373,-18.105773925999983,-10.39978026999961,USGS_3DEP_1m_DEM_bilinear_sample
195.0,-78.35,38.60175663209793,667.503051758,-18.190795898000033,-10.662231449999808,USGS_3DEP_1m_DEM_bilinear_sample
196.0,-78.35,38.601765640466304,667.448059082,-18.245788574000017,-10.311279300000251,USGS_3DEP_1m_DEM_bilinear_sample
197.0,-78.35,38.601774648834656,667.336791992,-18.357055663999972,-9.348754889999782,USGS_3DEP_1m_DEM_bilinear_sample
198.0,-78.35,38.601783657203,667.238098145,-18.455749511000022,-8.660888670000304,USGS_3DEP_1m_DEM_bilinear_sample
199.0,-78.35,38.60179266557133,667.106933594,-18.586914062000005,-8.873901360000218,USGS_3DEP_1m_DEM_bilinear_sample
200.0,-78.35,38.60180167393964,667.015686035,-18.67816162099996,-9.073486329999696,USGS_3DEP_1m_DEM_bilinear_sample
201.0,-78.35,38.60181068230794,666.966918945,-18.726928711000028,-9.479370120000112,USGS_3DEP_1m_DEM_bilinear_sample
202.0,-78.35,38.60181969067623,666.910644531,-18.783203125,-9.534912110000278,USGS_3DEP_1m_DEM_bilinear_sample
203.0,-78.35,38.6018286990445,666.814453125,-18.879394531000003,-9.72229003999928,USGS_3DEP_1m_DEM_bilinear_sample
204.0,-78.35,38.60183770741276,666.700683594,-18.993164062000005,-9.24865723000039,USGS_3DEP_1m_DEM_bilinear_sample
205.0,-78.35,38.60184671578101,666.595703125,-19.098144531000003,-9.298706050000192,USGS_3DEP_1m_DEM_bilinear_sample
206.0,-78.35,38.60185572414924,666.50012207,-19.193725586000028,-9.685668939999914,USGS_3DEP_1m_DEM_bilinear_sample
207.0,-78.35,38.601864732517456,666.383300781,-19.310546875,-9.760742189999974,USGS_3DEP_1m_DEM_bilinear_sample
208.0,-78.35,38.60187374088566,666.265869141,-19.42797851499995,-9.936523439999974,USGS_3DEP_1m_DEM_bilinear_sample
209.0,-78.35,38.601882749253846,666.182067871,-19.511779785000044,-10.213623050000251,USGS_3DEP_1m_DEM_bilinear_sample
210.0,-78.35,38.60189175762203,666.08581543,-19.608032225999978,-10.159301759999835,USGS_3DEP_1m_DEM_bilinear_sample
211.0,-78.35,38.60190076599019,665.998352051,-19.69549560500002,-10.303344719999359,USGS_3DEP_1m_DEM_bilinear_sample
212.0,-78.35,38.60190977435833,665.934570312,-19.759277343999997,-9.972534180000139,USGS_3DEP_1m_DEM_bilinear_sample
213.0,-78.35,38.601918782726464,665.820800781,-19.873046875,-9.773559570000998,USGS_3DEP_1m_DEM_bilinear_sample
214.0,-78.35,38.60192779109458,665.679321289,-20.01452636700003,-9.897460939999974,USGS_3DEP_1m_DEM_bilinear_sample
215.0,-78.35,38.60193679946269,665.579772949,-20.114074706999986,-9.760131840000668,USGS_3DEP_1m_DEM_bilinear_sample
216.0,-78.35,38.60194580783079,665.469787598,-20.224060057999964,-10.135498050000251,USGS_3DEP_1m_DEM_bilinear_sample
217.0,-78.35,38.60195481619886,665.386047363,-20.307800293000014,-10.877075189999914,USGS_3DEP_1m_DEM_bilinear_sample
218.0,-78.35,38.60196382456693,665.288513184,-20.40533447200005,-10.975952149999557,USGS_3DEP_1m_DEM_bilinear_sample
219.0,-78.35,38.601972832934976,665.192321777,-20.50152587900004,-10.686645509999835,USGS_3DEP_1m_DEM_bilinear_sample
220.0,-78.35,38.601981841303015,665.109802246,-20.584045410000044,-11.053466790000357,USGS_3DEP_1m_DEM_bilinear_sample
221.0,-78.35,38.60199084967104,664.984802246,-20.709045410000044,-10.866088870000112,USGS_3DEP_1m_DEM_bilinear_sample
222.0,-78.35,38.60199985803904,664.846862793,-20.84698486299999,-10.803833009999835,USGS_3DEP_1m_DEM_bilinear_sample
223.0,-78.35,38.60200886640704,664.723205566,-20.970642089999956,-10.528564459999643,USGS_3DEP_1m_DEM_bilinear_sample
224.0,-78.35,38.60201787477502,664.610656738,-21.083190918000014,-10.49133299999994,USGS_3DEP_1m_DEM_bilinear_sample
225.0,-78.35,38.60202688314299,664.47442627,-21.219421386000022,-10.985107419999167,USGS_3DEP_1m_DEM_bilinear_sample
226.0,-78.35,38.602035891510944,664.383178711,-21.310668944999975,-10.402832029999445,USGS_3DEP_1m_DEM_bilinear_sample
227.0,-78.35,38.60204489987888,664.305664062,-21.388183593999997,-10.173950199999808,USGS_3DEP_1m_DEM_bilinear_sample
228.0,-78.35,38.60205390824681,664.235656738,-21.458190918000014,-9.74914549999994,USGS_3DEP_1m_DEM_bilinear_sample
229.0,-78.35,38.60206291661471,664.143188477,-21.550659179000036,-10.211791990000165,USGS_3DEP_1m_DEM_bilinear_sample
230.0,-78.35,38.60207192498261,664.011291504,-21.68255615199996,-10.437011719999418,USGS_3DEP_1m_DEM_bilinear_sample
231.0,-78.35,38.6020809333505,663.944519043,-21.74932861299999,-10.223999020000747,USGS_3DEP_1m_DEM_bilinear_sample
232.0,-78.35,38.60208994171837,663.829467773,-21.86437988299997,-9.811401360000218,USGS_3DEP_1m_DEM_bilinear_sample
233.0,-78.35,38.60209895008622,663.748291016,-21.94555663999995,-9.243164060000026,USGS_3DEP_1m_DEM_bilinear_sample
234.0,-78.35,38.60210795845407,663.589477539,-22.10437011700003,-8.013305669999227,USGS_3DEP_1m_DEM_bilinear_sample
235.0,-78.35,38.602116966821896,663.430725098,-22.263122557999964,-6.194458010000972,USGS_3DEP_1m_DEM_bilinear_sample
236.0,-78.35,38.60212597518971,663.360778809,-22.33306884700005,-5.339355470000555,USGS_3DEP_1m_DEM_bilinear_sample
237.0,-78.35,38.60213498355751,663.324523926,-22.36932373000002,-4.4140625,USGS_3DEP_1m_DEM_bilinear_sample
238.0,-78.35,38.602143991925296,663.311340332,-22.382507324000017,-3.5021972700008064,USGS_3DEP_1m_DEM_bilinear_sample
239.0,-78.35,38.602153000293065,663.34185791,-22.35198974599996,-1.6638183600002776,USGS_3DEP_1m_DEM_bilinear_sample
240.0,-78.35,38.60216200866083,663.391845703,-22.302001953000058,-0.27648925999983476,USGS_3DEP_1m_DEM_bilinear_sample
241.0,-78.35,38.60217101702857,663.410583496,-22.283264160000044,0.2728271400007998,USGS_3DEP_1m_DEM_bilinear_sample
242.0,-78.35,38.6021800253963,663.388061523,-22.30578613299997,0.6457519499997488,USGS_3DEP_1m_DEM_bilinear_sample
243.0,-78.35,38.60218903376402,663.398071289,-22.29577636700003,0.9649658199998612,USGS_3DEP_1m_DEM_bilinear_sample
244.0,-78.35,38.60219804213172,663.423095703,-22.270751953000058,1.2475585999993655,USGS_3DEP_1m_DEM_bilinear_sample
245.0,-78.35,38.60220705049941,663.403076172,-22.290771483999947,1.9097900400004164,USGS_3DEP_1m_DEM_bilinear_sample
246.0,-78.35,38.60221605886708,663.388061523,-22.30578613299997,2.2473144500008857,USGS_3DEP_1m_DEM_bilinear_sample
247.0,-78.35,38.60222506723474,663.389099121,-22.304748535000044,2.8106689499998083,USGS_3DEP_1m_DEM_bilinear_sample
248.0,-78.35,38.60223407560239,663.407836914,-22.28601074200003,3.0603027300003305,USGS_3DEP_1m_DEM_bilinear_sample
249.0,-78.35,38.60224308397002,663.46661377,-22.227233886000022,2.80334473000039,USGS_3DEP_1m_DEM_bilinear_sample
250.0,-78.35,38.60225209233764,663.582824707,-22.111022949000017,2.9333496099991407,USGS_3DEP_1m_DEM_bilinear_sample
251.0,-78.35,38.60226110070525,663.635314941,-22.058532714999956,3.4710693399995307,USGS_3DEP_1m_DEM_bilinear_sample
252.0,-78.35,38.60227010907284,663.669128418,-22.02471923799999,4.210815430000139,USGS_3DEP_1m_DEM_bilinear_sample
253.0,-78.35,38.60227911744042,663.704101562,-21.989746093999997,4.598388670000304,USGS_3DEP_1m_DEM_bilinear_sample
254.0,-78.35,38.60228812580798,663.703430176,-21.99041748000002,4.485473629999888,USGS_3DEP_1m_DEM_bilinear_sample
255.0,-78.35,38.60229713417553,663.696411133,-21.997436523000033,3.6859130900006676,USGS_3DEP_1m_DEM_bilinear_sample
256.0,-78.35,38.602306142543064,663.735168457,-21.958679199000017,3.3984375,USGS_3DEP_1m_DEM_bilinear_sample
257.0,-78.35,38.60231515091059,663.810180664,-21.88366699200003,3.3270263700001124,USGS_3DEP_1m_DEM_bilinear_sample
258.0,-78.35,38.6023241592781,663.867675781,-21.826171875,3.5528564499998083,USGS_3DEP_1m_DEM_bilinear_sample
259.0,-78.35,38.60233316764559,663.915161133,-21.778686523000033,4.472045900000694,USGS_3DEP_1m_DEM_bilinear_sample
260.0,-78.35,38.602342176013074,663.951416016,-21.74243163999995,5.491943360000278,USGS_3DEP_1m_DEM_bilinear_sample
261.0,-78.35,38.60235118438054,663.975158691,-21.718688964999956,6.016845699999749,USGS_3DEP_1m_DEM_bilinear_sample
262.0,-78.35,38.60236019274799,664.001831055,-21.692016600999978,6.342163090000668,USGS_3DEP_1m_DEM_bilinear_sample
263.0,-78.35,38.60236920111543,664.059387207,-21.634460449000017,6.0546875,USGS_3DEP_1m_DEM_bilinear_sample
264.0,-78.35,38.60237820948286,664.150634766,-21.54321288999995,5.229492189999974,USGS_3DEP_1m_DEM_bilinear_sample
265.0,-78.35,38.602387217850264,664.245605469,-21.448242187000005,4.531860349999306,USGS_3DEP_1m_DEM_bilinear_sample
266.0,-78.35,38.602396226217664,664.336853027,-21.35699462900004,3.8903808599991407,USGS_3DEP_1m_DEM_bilinear_sample
267.0,-78.35,38.60240523458504,664.444396973,-21.249450682999964,2.823486329999696,USGS_3DEP_1m_DEM_bilinear_sample
268.0,-78.35,38.60241424295241,664.473144531,-21.220703125,1.1230468799999471,USGS_3DEP_1m_DEM_bilinear_sample
269.0,-78.35,38.60242325131977,664.438110352,-21.255737304000036,-2.576904300000251,USGS_3DEP_1m_DEM_bilinear_sample
270.0,-78.35,38.60243225968711,664.404602051,-21.28924560500002,-10.63903808999953,USGS_3DEP_1m_DEM_bilinear_sample
271.0,-78.35,38.602441268054434,664.364196777,-21.32965087900004,-20.676269529999445,USGS_3DEP_1m_DEM_bilinear_sample
272.0,-78.35,38.60245027642175,664.284179688,-21.409667968000008,-27.41455078000058,USGS_3DEP_1m_DEM_bilinear_sample
273.0,-78.35,38.60245928478905,664.171691895,-21.522155761000022,-29.32861328000058,USGS_3DEP_1m_DEM_bilinear_sample
274.0,-78.35,38.602468293156335,663.892944336,-21.800903319999975,-29.495239259999835,USGS_3DEP_1m_DEM_bilinear_sample
275.0,-78.35,38.60247730152361,663.18170166,-22.51214599599996,-27.760620120000112,USGS_3DEP_1m_DEM_bilinear_sample
276.0,-78.35,38.60248630989087,662.269226074,-23.424621581999986,-25.531616209999584,USGS_3DEP_1m_DEM_bilinear_sample
277.0,-78.35,38.60249531825811,661.702941895,-23.990905761000022,-23.16894531999992,USGS_3DEP_1m_DEM_bilinear_sample
278.0,-78.35,38.602504326625336,661.540283203,-24.153564453000058,-20.868530279999504,USGS_3DEP_1m_DEM_bilinear_sample
279.0,-78.35,38.60251333499256,661.488586426,-24.20526123000002,-16.518554689999974,USGS_3DEP_1m_DEM_bilinear_sample
280.0,-78.35,38.60252234335976,661.628540039,-24.06530761700003,-7.869262689999914,USGS_3DEP_1m_DEM_bilinear_sample
281.0,-78.35,38.60253135172695,661.811035156,-23.8828125,2.3291015600000264,USGS_3DEP_1m_DEM_bilinear_sample
282.0,-78.35,38.602540360094125,661.967285156,-23.7265625,10.437622069999861,USGS_3DEP_1m_DEM_bilinear_sample
283.0,-78.35,38.60254936846128,662.084838867,-23.609008788999972,15.114746090000608,USGS_3DEP_1m_DEM_bilinear_sample
284.0,-78.35,38.602558376828426,662.241088867,-23.452758788999972,17.943725579999636,USGS_3DEP_1m_DEM_bilinear_sample
285.0,-78.35,38.60256738519556,662.394775391,-23.29907226499995,17.644042970000555,USGS_3DEP_1m_DEM_bilinear_sample
286.0,-78.35,38.60257639356268,662.50213623,-23.191711425999983,15.869140629999947,USGS_3DEP_1m_DEM_bilinear_sample
287.0,-78.35,38.60258540192978,662.746704102,-22.947143554000036,14.381713870000112,USGS_3DEP_1m_DEM_bilinear_sample
288.0,-78.35,38.60259441029688,663.051757812,-22.642089843999997,13.65600585999914,USGS_3DEP_1m_DEM_bilinear_sample
289.0,-78.35,38.60260341866395,663.282958984,-22.410888672000056,13.395385740000165,USGS_3DEP_1m_DEM_bilinear_sample
290.0,-78.35,38.60261242703102,663.392944336,-22.300903319999975,12.576293939999914,USGS_3DEP_1m_DEM_bilinear_sample
291.0,-78.35,38.60262143539806,663.397949219,-22.295898437000005,10.703125,USGS_3DEP_1m_DEM_bilinear_sample
292.0,-78.35,38.6026304437651,663.405456543,-22.28839111299999,6.932373040000357,USGS_3DEP_1m_DEM_bilinear_sample
293.0,-78.35,38.60263945213212,663.450439453,-22.243408203000058,2.981567389999782,USGS_3DEP_1m_DEM_bilinear_sample
294.0,-78.35,38.60264846049913,663.580627441,-22.113220214999956,1.2823486400009187,USGS_3DEP_1m_DEM_bilinear_sample
295.0,-78.35,38.60265746886613,663.652404785,-22.04144287099996,3.807373050000251,USGS_3DEP_1m_DEM_bilinear_sample
296.0,-78.35,38.6026664772331,663.57244873,-22.121398925999983,8.14453125,USGS_3DEP_1m_DEM_bilinear_sample
297.0,-78.35,38.60267548560007,663.439941406,-22.25390625,12.23266601999967,USGS_3DEP_1m_DEM_bilinear_sample
298.0,-78.35,38.60268449396702,663.349914551,-22.34393310500002,14.459228520000806,USGS_3DEP_1m_DEM_bilinear_sample
299.0,-78.35,38.60269350233396,663.411193848,-22.282653807999964,15.057983399999557,USGS_3DEP_1m_DEM_bilinear_sample
300.0,-78.35,38.60270251070089,663.773681641,-21.92016601499995,15.190429689999974,USGS_3DEP_1m_DEM_bilinear_sample
301.0,-78.35,38.602711519067796,664.212402344,-21.481445312000005,15.989990240000225,USGS_3DEP_1m_DEM_bilinear_sample
302.0,-78.35,38.602720527434684,664.628723145,-21.065124511000022,17.40234375,USGS_3DEP_1m_DEM_bilinear_sample
303.0,-78.35,38.60272953580157,664.896362305,-20.797485350999978,18.452148439999974,USGS_3DEP_1m_DEM_bilinear_sample
304.0,-78.35,38.60273854416844,665.086425781,-20.607421875,18.627319329999636,USGS_3DEP_1m_DEM_bilinear_sample
305.0,-78.35,38.60274755253529,665.171447754,-20.52239990199996,15.195922849999306,USGS_3DEP_1m_DEM_bilinear_sample
306.0,-78.35,38.60275656090213,665.171447754,-20.52239990199996,10.177001949999749,USGS_3DEP_1m_DEM_bilinear_sample
307.0,-78.35,38.60276556926896,665.180175781,-20.513671875,5.200805660000469,USGS_3DEP_1m_DEM_bilinear_sample
308.0,-78.35,38.60277457763578,665.195129395,-20.498718261000022,2.0251464799991936,USGS_3DEP_1m_DEM_bilinear_sample
309.0,-78.35,38.60278358600257,665.273925781,-20.419921875,0.7739257799994448,USGS_3DEP_1m_DEM_bilinear_sample
310.0,-78.35,38.602792594369355,665.293273926,-20.40057373000002,0.6109619099993324,USGS_3DEP_1m_DEM_bilinear_sample
311.0,-78.35,38.60280160273613,665.230102539,-20.46374511700003,0.32348632999969595,USGS_3DEP_1m_DEM_bilinear_sample
312.0,-78.35,38.60281061110288,665.148803711,-20.545043944999975,-0.5761718700000529,USGS_3DEP_1m_DEM_bilinear_sample
313.0,-78.35,38.60281961946963,665.098876953,-20.594970703000058,-1.2176513700001124,USGS_3DEP_1m_DEM_bilinear_sample
314.0,-78.35,38.60282862783636,665.163818359,-20.530029297000056,-1.5576171899999736,USGS_3DEP_1m_DEM_bilinear_sample
315.0,-78.35,38.60283763620308,665.232543945,-20.461303711000028,-2.013549810000086,USGS_3DEP_1m_DEM_bilinear_sample
316.0,-78.35,38.60284664456978,665.203796387,-20.49005126899999,-1.8572998000001917,USGS_3DEP_1m_DEM_bilinear_sample
317.0,-78.35,38.60285565293647,665.122558594,-20.571289062000005,-1.681518560000086,USGS_3DEP_1m_DEM_bilinear_sample
318.0,-78.35,38.60286466130314,665.073364258,-20.620483398000033,-2.107543939999914,USGS_3DEP_1m_DEM_bilinear_sample
319.0,-78.35,38.6028736696698,665.118164062,-20.575683593999997,-3.5571288999994977,USGS_3DEP_1m_DEM_bilinear_sample
320.0,-78.35,38.602882678036444,665.091918945,-20.601928711000028,-4.0191650399992795,USGS_3DEP_1m_DEM_bilinear_sample
321.0,-78.35,38.602891686403076,665.044372559,-20.64947509700005,-2.520141600000443,USGS_3DEP_1m_DEM_bilinear_sample
322.0,-78.35,38.602900694769694,664.980651855,-20.713195800999983,-1.4001464900002247,USGS_3DEP_1m_DEM_bilinear_sample
323.0,-78.35,38.6029097031363,664.888122559,-20.80572509700005,-0.6079101599993919,USGS_3DEP_1m_DEM_bilinear_sample
324.0,-78.35,38.60291871150289,664.808105469,-20.885742187000005,-0.6811523400006081,USGS_3DEP_1m_DEM_bilinear_sample
325.0,-78.35,38.60292771986946,664.830627441,-20.863220214999956,-0.6561279300001388,USGS_3DEP_1m_DEM_bilinear_sample
326.0,-78.35,38.602936728236024,664.951782227,-20.742065429000036,-0.2307128899997224,USGS_3DEP_1m_DEM_bilinear_sample
327.0,-78.35,38.60294573660258,664.982543945,-20.711303711000028,0.20629882999969595,USGS_3DEP_1m_DEM_bilinear_sample
328.0,-78.35,38.60295474496911,665.012573242,-20.681274413999972,0.5822753900008593,USGS_3DEP_1m_DEM_bilinear_sample
329.0,-78.35,38.60296375333563,665.050048828,-20.643798828000058,1.219482420000304,USGS_3DEP_1m_DEM_bilinear_sample
330.0,-78.35,38.60297276170214,665.026306152,-20.66754150400004,1.0815429699994183,USGS_3DEP_1m_DEM_bilinear_sample
331.0,-78.35,38.60298177006863,665.02130127,-20.672546386000022,-0.29235839999955715,USGS_3DEP_1m_DEM_bilinear_sample
332.0,-78.35,38.602990778435114,665.001281738,-20.692565918000014,-0.9503173799998876,USGS_3DEP_1m_DEM_bilinear_sample
333.0,-78.35,38.602999786801576,664.946350098,-20.747497557999964,-2.088012689999914,USGS_3DEP_1m_DEM_bilinear_sample
334.0,-78.35,38.60300879516803,664.930053711,-20.763793944999975,-3.4130859399999736,USGS_3DEP_1m_DEM_bilinear_sample
335.0,-78.35,38.60301780353446,664.938781738,-20.755065918000014,-4.050292969999418,USGS_3DEP_1m_DEM_bilinear_sample
336.0,-78.35,38.60302681190089,664.922546387,-20.77130126899999,-4.537963870000112,USGS_3DEP_1m_DEM_bilinear_sample
337.0,-78.35,38.6030358202673,664.887512207,-20.806335449000017,-4.39453125,USGS_3DEP_1m_DEM_bilinear_sample
338.0,-78.35,38.60304482863369,664.803771973,-20.890075682999964,-3.6285400400004164,USGS_3DEP_1m_DEM_bilinear_sample
339.0,-78.35,38.603053837000076,664.708740234,-20.985107422000056,-3.740234379999947,USGS_3DEP_1m_DEM_bilinear_sample
340.0,-78.35,38.60306284536644,664.621276855,-21.072570800999983,-4.177246089999471,USGS_3DEP_1m_DEM_bilinear_sample
341.0,-78.35,38.6030718537328,664.567504883,-21.126342773000033,-4.315185550000251,USGS_3DEP_1m_DEM_bilinear_sample
342.0,-78.35,38.603080862099134,664.561828613,-21.132019043000014,-4.039916990000165,USGS_3DEP_1m_DEM_bilinear_sample
343.0,-78.35,38.60308987046546,664.583496094,-21.110351562000005,-2.9522705099998348,USGS_3DEP_1m_DEM_bilinear_sample
344.0,-78.35,38.60309887883177,664.556030273,-21.13781738299997,-1.3519287099995836,USGS_3DEP_1m_DEM_bilinear_sample
345.0,-78.35,38.60310788719808,664.521057129,-21.17279052699996,0.3723144599996431,USGS_3DEP_1m_DEM_bilinear_sample
346.0,-78.35,38.603116895564355,664.491027832,-21.202819824000017,1.484375,USGS_3DEP_1m_DEM_bilinear_sample
347.0,-78.35,38.60312590393063,664.483520508,-21.210327148000033,2.216186530000641,USGS_3DEP_1m_DEM_bilinear_sample
348.0,-78.35,38.60313491229689,664.508544922,-21.185302733999947,2.3870849599995836,USGS_3DEP_1m_DEM_bilinear_sample
349.0,-78.35,38.60314392066313,664.573547363,-21.120300293000014,2.32421875,USGS_3DEP_1m_DEM_bilinear_sample
350.0,-78.35,38.603152929029356,664.658508301,-21.03533935500002,2.335815430000139,USGS_3DEP_1m_DEM_bilinear_sample
351.0,-78.35,38.60316193739557,664.715942383,-20.977905273000033,2.636108400000694,USGS_3DEP_1m_DEM_bilinear_sample
352.0,-78.35,38.60317094576177,664.783447266,-20.91040038999995,2.673950189999914,USGS_3DEP_1m_DEM_bilinear_sample
353.0,-78.35,38.60317995412796,664.82220459,-20.871643066000047,2.302856439999914,USGS_3DEP_1m_DEM_bilinear_sample
354.0,-78.35,38.60318896249414,664.788452148,-20.90539550799997,1.740112310000086,USGS_3DEP_1m_DEM_bilinear_sample
355.0,-78.35,38.60319797086029,664.754638672,-20.939208983999947,1.2908935500001917,USGS_3DEP_1m_DEM_bilinear_sample
356.0,-78.35,38.603206979226435,664.754638672,-20.939208983999947,0.8917236299998876,USGS_3DEP_1m_DEM_bilinear_sample
357.0,-78.35,38.60321598759257,664.750915527,-20.94293212900004,-0.008544930000198292,USGS_3DEP_1m_DEM_bilinear_sample
358.0,-78.35,38.60322499595868,664.738830566,-20.955017089999956,-1.0839843799999471,USGS_3DEP_1m_DEM_bilinear_sample
359.0,-78.35,38.60323400432479,664.747558594,-20.946289062000005,-1.3586425699998017,USGS_3DEP_1m_DEM_bilinear_sample
360.0,-78.35,38.60324301269088,664.787597656,-20.90625,-1.9708252000009452,USGS_3DEP_1m_DEM_bilinear_sample
361.0,-78.35,38.60325202105696,664.805114746,-20.888732910000044,-2.940673830000833,USGS_3DEP_1m_DEM_bilinear_sample
362.0,-78.35,38.60326102942302,664.782592773,-20.91125488299997,-3.975219719999359,USGS_3DEP_1m_DEM_bilinear_sample
363.0,-78.35,38.603270037789066,664.713806152,-20.98004150400004,-5.1171875,USGS_3DEP_1m_DEM_bilinear_sample
364.0,-78.35,38.6032790461551,664.652587891,-21.04125976499995,-7.291870120000112,USGS_3DEP_1m_DEM_bilinear_sample
365.0,-78.35,38.60328805452112,664.557556152,-21.13629150400004,-11.6796875,USGS_3DEP_1m_DEM_bilinear_sample
366.0,-78.35,38.60329706288713,664.460571289,-21.23327636700003,-14.970703120000053,USGS_3DEP_1m_DEM_bilinear_sample
367.0,-78.35,38.603306071253115,664.353393555,-21.340454100999978,-18.28308105000019,USGS_3DEP_1m_DEM_bilinear_sample
368.0,-78.35,38.6033150796191,664.227111816,-21.466735839999956,-20.80810546999942,USGS_3DEP_1m_DEM_bilinear_sample
369.0,-78.35,38.603324087985065,664.018371582,-21.675476074000017,-22.382202150000694,USGS_3DEP_1m_DEM_bilinear_sample
370.0,-78.35,38.603333096351015,663.619628906,-22.07421875,-22.71606444999975,USGS_3DEP_1m_DEM_bilinear_sample
371.0,-78.35,38.60334210471695,663.308044434,-22.38580322200005,-21.483764649999557,USGS_3DEP_1m_DEM_bilinear_sample
372.0,-78.35,38.603351113082866,662.954284668,-22.73956298799999,-19.1491699300002,USGS_3DEP_1m_DEM_bilinear_sample
373.0,-78.35,38.60336012144878,662.632995605,-23.060852050999983,-16.423950189999914,USGS_3DEP_1m_DEM_bilinear_sample
374.0,-78.35,38.60336912981467,662.414367676,-23.27947998000002,-13.012084959999584,USGS_3DEP_1m_DEM_bilinear_sample
375.0,-78.35,38.60337813818055,662.285949707,-23.407897949000017,-8.136596680000139,USGS_3DEP_1m_DEM_bilinear_sample
376.0,-78.35,38.603387146546424,662.312194824,-23.381652831999986,-4.008178719999478,USGS_3DEP_1m_DEM_bilinear_sample
377.0,-78.35,38.603396154912275,662.438476562,-23.255371093999997,0.009765620000052877,USGS_3DEP_1m_DEM_bilinear_sample
378.0,-78.35,38.60340516327812,662.584716797,-23.109130858999947,3.477172860000337,USGS_3DEP_1m_DEM_bilinear_sample
379.0,-78.35,38.60341417164394,662.717163086,-22.976684569999975,6.300659180000139,USGS_3DEP_1m_DEM_bilinear_sample
380.0,-78.35,38.603423180009756,662.805969238,-22.887878418000014,8.07250976999967,USGS_3DEP_1m_DEM_bilinear_sample
381.0,-78.35,38.60343218837555,662.907226562,-22.786621093999997,7.7105712899992795,USGS_3DEP_1m_DEM_bilinear_sample
382.0,-78.35,38.603441196741336,662.95526123,-22.738586425999983,5.597534180000139,USGS_3DEP_1m_DEM_bilinear_sample
383.0,-78.35,38.60345020510711,662.980712891,-22.71313476499995,4.02832030999889,USGS_3DEP_1m_DEM_bilinear_sample
384.0,-78.35,38.60345921347286,663.044433594,-22.649414062000005,2.6916503899997224,USGS_3DEP_1m_DEM_bilinear_sample
385.0,-78.35,38.603468221838604,663.093200684,-22.60064697200005,2.06115723000039,USGS_3DEP_1m_DEM_bilinear_sample
386.0,-78.35,38.60347723020433,663.083251953,-22.610595703000058,1.4709472699996695,USGS_3DEP_1m_DEM_bilinear_sample
387.0,-78.35,38.60348623857004,662.99822998,-22.695617675999983,1.8280029300001388,USGS_3DEP_1m_DEM_bilinear_sample
388.0,-78.35,38.60349524693574,662.987548828,-22.706298828000058,2.4359130799996365,USGS_3DEP_1m_DEM_bilinear_sample
389.0,-78.35,38.60350425530144,662.986328125,-22.707519531000003,2.811889649999557,USGS_3DEP_1m_DEM_bilinear_sample
390.0,-78.35,38.603513263667104,663.012084961,-22.681762694999975,3.211059570000998,USGS_3DEP_1m_DEM_bilinear_sample
391.0,-78.35,38.60352227203276,663.054321289,-22.63952636700003,4.235839850000502,USGS_3DEP_1m_DEM_bilinear_sample
392.0,-78.35,38.60353128039841,663.138061523,-22.55578613299997,6.260986329999696,USGS_3DEP_1m_DEM_bilinear_sample
393.0,-78.35,38.603540288764044,663.224304199,-22.469543456999986,7.841796880001084,USGS_3DEP_1m_DEM_bilinear_sample
394.0,-78.35,38.60354929712965,663.325622559,-22.36822509700005,10.0,USGS_3DEP_1m_DEM_bilinear_sample
395.0,-78.35,38.60355830549526,663.414306641,-22.27954101499995,11.817016599999306,USGS_3DEP_1m_DEM_bilinear_sample
396.0,-78.35,38.60356731386085,663.506835938,-22.187011718000008,13.307495120000112,USGS_3DEP_1m_DEM_bilinear_sample
397.0,-78.35,38.603576322226424,663.624328613,-22.069519043000014,14.494628909999392,USGS_3DEP_1m_DEM_bilinear_sample
398.0,-78.35,38.60358533059199,663.771728516,-21.92211913999995,15.394897459999584,USGS_3DEP_1m_DEM_bilinear_sample
399.0,-78.35,38.603594338957535,663.986328125,-21.707519531000003,16.032104490000165,USGS_3DEP_1m_DEM_bilinear_sample
400.0,-78.35,38.603603347323066,664.193786621,-21.500061035000044,16.782226560000026,USGS_3DEP_1m_DEM_bilinear_sample
401.0,-78.35,38.60361235568858,664.385070801,-21.30877685500002,17.528076170000304,USGS_3DEP_1m_DEM_bilinear_sample
402.0,-78.35,38.60362136405409,664.587524414,-21.10632324200003,17.84240723000039,USGS_3DEP_1m_DEM_bilinear_sample
403.0,-78.35,38.60363037241958,664.763793945,-20.930053711000028,17.980957029999445,USGS_3DEP_1m_DEM_bilinear_sample
404.0,-78.35,38.60363938078506,664.928833008,-20.765014648000033,17.360229490000165,USGS_3DEP_1m_DEM_bilinear_sample
405.0,-78.35,38.60364838915053,665.092529297,-20.601318358999947,16.41052246000072,USGS_3DEP_1m_DEM_bilinear_sample
406.0,-78.35,38.603657397515974,665.259643555,-20.434204100999978,15.572509759999775,USGS_3DEP_1m_DEM_bilinear_sample
407.0,-78.35,38.60366640588141,665.408569336,-20.285278319999975,14.772949220000555,USGS_3DEP_1m_DEM_bilinear_sample
408.0,-78.35,38.60367541424684,665.569824219,-20.124023437000005,14.972534180000139,USGS_3DEP_1m_DEM_bilinear_sample
409.0,-78.35,38.60368442261225,665.722351074,-19.971496581999986,16.833496090000608,USGS_3DEP_1m_DEM_bilinear_sample
410.0,-78.35,38.60369343097764,665.834838867,-19.859008788999972,18.442993159999332,USGS_3DEP_1m_DEM_bilinear_sample
411.0,-78.35,38.60370243934302,665.942321777,-19.75152587900004,18.922119139999722,USGS_3DEP_1m_DEM_bilinear_sample
412.0,-78.35,38.603711447708385,666.064819336,-19.629028319999975,18.90747069999975,USGS_3DEP_1m_DEM_bilinear_sample
413.0,-78.35,38.60372045607374,666.261047363,-19.432800293000014,18.72009276999961,USGS_3DEP_1m_DEM_bilinear_sample
414.0,-78.35,38.60372946443908,666.612182617,-19.081665038999972,19.257202149999557,USGS_3DEP_1m_DEM_bilinear_sample
415.0,-78.35,38.6037384728044,666.936828613,-18.757019043000014,20.532226560000026,USGS_3DEP_1m_DEM_bilinear_sample
416.0,-78.35,38.60374748116971,667.151855469,-18.541992187000005,21.84509278000064,USGS_3DEP_1m_DEM_bilinear_sample
417.0,-78.35,38.60375648953501,667.299316406,-18.39453125,23.21044921999942,USGS_3DEP_1m_DEM_bilinear_sample
418.0,-78.35,38.60376549790029,667.441833496,-18.252014160000044,25.218505860000278,USGS_3DEP_1m_DEM_bilinear_sample
419.0,-78.35,38.603774506265566,667.648071289,-18.04577636700003,24.68200683999953,USGS_3DEP_1m_DEM_bilinear_sample
420.0,-78.35,38.60378351463081,667.888061523,-17.80578613299997,23.960571290000416,USGS_3DEP_1m_DEM_bilinear_sample
421.0,-78.35,38.60379252299606,668.126831055,-17.567016600999978,24.66003418000014,USGS_3DEP_1m_DEM_bilinear_sample
422.0,-78.35,38.603801531361285,668.385864258,-17.307983398000033,26.173095709999643,USGS_3DEP_1m_DEM_bilinear_sample
423.0,-78.35,38.6038105397265,668.782897949,-16.910949706999986,27.235107420000304,USGS_3DEP_1m_DEM_bilinear_sample
424.0,-78.35,38.6038195480917,669.080383301,-16.61346435500002,27.63549805000025,USGS_3DEP_1m_DEM_bilinear_sample
425.0,-78.35,38.60382855645688,669.332885742,-16.360961913999972,27.759399419999227,USGS_3DEP_1m_DEM_bilinear_sample
426.0,-78.35,38.60383756482206,669.617858887,-16.07598876899999,27.869262689999914,USGS_3DEP_1m_DEM_bilinear_sample
427.0,-78.35,38.60384657318722,669.916625977,-15.777221679000036,27.529296870000053,USGS_3DEP_1m_DEM_bilinear_sample
428.0,-78.35,38.60385558155236,670.165344238,-15.528503418000014,26.10900878999928,USGS_3DEP_1m_DEM_bilinear_sample
429.0,-78.35,38.60386458991749,670.411621094,-15.282226562000005,25.983886720000555,USGS_3DEP_1m_DEM_bilinear_sample
430.0,-78.35,38.60387359828261,670.664001465,-15.029846191000047,25.908813479999253,USGS_3DEP_1m_DEM_bilinear_sample
431.0,-78.35,38.603882606647716,670.913757324,-14.780090331999986,25.571899409999332,USGS_3DEP_1m_DEM_bilinear_sample
432.0,-78.35,38.6038916150128,671.138793945,-14.555053711000028,24.833984370000053,USGS_3DEP_1m_DEM_bilinear_sample
433.0,-78.35,38.60390062337787,671.393798828,-14.300048828000058,24.733886720000555,USGS_3DEP_1m_DEM_bilinear_sample
434.0,-78.35,38.60390963174294,671.678771973,-14.015075682999964,25.158691399999498,USGS_3DEP_1m_DEM_bilinear_sample
435.0,-78.35,38.60391864010798,671.92376709,-13.770080566000047,26.42211914000086,USGS_3DEP_1m_DEM_bilinear_sample
436.0,-78.35,38.60392764847301,672.175048828,-13.518798828000058,27.099609379999947,USGS_3DEP_1m_DEM_bilinear_sample
437.0,-78.35,38.60393665683803,672.400024414,-13.29382324200003,28.224487310000086,USGS_3DEP_1m_DEM_bilinear_sample
438.0,-78.35,38.603945665203035,672.63873291,-13.055114745999958,28.82446289000086,USGS_3DEP_1m_DEM_bilinear_sample
439.0,-78.35,38.603954673568026,672.927490234,-12.766357422000056,28.86230468000008,USGS_3DEP_1m_DEM_bilinear_sample
440.0,-78.35,38.60396368193301,673.306213379,-12.387634276999961,29.88708496000072,USGS_3DEP_1m_DEM_bilinear_sample
441.0,-78.35,38.603972690297965,673.623718262,-12.070129393999991,30.950927740000225,USGS_3DEP_1m_DEM_bilinear_sample
442.0,-78.35,38.60398169866292,673.961242676,-11.73260498000002,32.39501953000058,USGS_3DEP_1m_DEM_bilinear_sample
443.0,-78.35,38.603990707027855,674.276245117,-11.417602538999972,33.845214849999365,USGS_3DEP_1m_DEM_bilinear_sample
444.0,-78.35,38.603999715392774,674.565002441,-11.128845214999956,34.76989746000072,USGS_3DEP_1m_DEM_bilinear_sample
445.0,-78.35,38.60400872375769,674.912475586,-10.781372069999975,34.48303222999925,USGS_3DEP_1m_DEM_bilinear_sample
446.0,-78.35,38.60401773212258,675.270141602,-10.423706054000036,35.18249511000022,USGS_3DEP_1m_DEM_bilinear_sample
447.0,-78.35,38.60402674048746,675.639526367,-10.054321288999972,36.10717773000033,USGS_3DEP_1m_DEM_bilinear_sample
448.0,-78.35,38.604035748852326,676.023254395,-9.670593261000022,37.907714849999365,USGS_3DEP_1m_DEM_bilinear_sample
449.0,-78.35,38.604044757217174,676.40447998,-9.289367675999983,39.84191894999981,USGS_3DEP_1m_DEM_bilinear_sample
450.0,-78.35,38.604053765582016,676.754516602,-8.939331054000036,40.24719237999989,USGS_3DEP_1m_DEM_bilinear_sample
451.0,-78.35,38.60406277394684,677.141967773,-8.55187988299997,40.3704833900008,USGS_3DEP_1m_DEM_bilinear_sample
452.0,-78.35,38.60407178231165,677.571960449,-8.121887206999986,40.814208990000225,USGS_3DEP_1m_DEM_bilinear_sample
453.0,-78.35,38.60408079067645,678.067016602,-7.626831054000036,40.58959960000038,USGS_3DEP_1m_DEM_bilinear_sample
454.0,-78.35,38.604089799041226,678.549194336,-7.144653319999975,40.40222168000014,USGS_3DEP_1m_DEM_bilinear_sample
455.0,-78.35,38.604098807406,678.937194824,-6.756652831999986,40.31433105000019,USGS_3DEP_1m_DEM_bilinear_sample
456.0,-78.35,38.60410781577075,679.307189941,-6.386657714999956,40.452270509999835,USGS_3DEP_1m_DEM_bilinear_sample
457.0,-78.35,38.604116824135495,679.720947266,-5.97290038999995,40.57678223000039,USGS_3DEP_1m_DEM_bilinear_sample
458.0,-78.35,38.604125832500216,680.082214355,-5.6116333009999835,40.32531737999989,USGS_3DEP_1m_DEM_bilinear_sample
459.0,-78.35,38.60413484086494,680.444702148,-5.24914550799997,39.866333009999835,USGS_3DEP_1m_DEM_bilinear_sample
460.0,-78.35,38.60414384922963,680.785949707,-4.9078979490000165,38.84887695999964,USGS_3DEP_1m_DEM_bilinear_sample
461.0,-78.35,38.604152857594315,681.187194824,-4.506652831999986,38.23608398999909,USGS_3DEP_1m_DEM_bilinear_sample
462.0,-78.35,38.604161865958986,681.629638672,-4.064208983999947,38.22387694999975,USGS_3DEP_1m_DEM_bilinear_sample
463.0,-78.35,38.60417087432365,682.09954834,-3.594299316000047,38.948364259999835,USGS_3DEP_1m_DEM_bilinear_sample
464.0,-78.35,38.60417988268829,682.535827637,-3.1580200189999914,40.09887695999964,USGS_3DEP_1m_DEM_bilinear_sample
465.0,-78.35,38.60418889105292,682.82208252,-2.871765136000022,41.436767579999696,USGS_3DEP_1m_DEM_bilinear_sample
466.0,-78.35,38.604197899417535,683.13079834,-2.563049316000047,42.001342779999504,USGS_3DEP_1m_DEM_bilinear_sample
467.0,-78.35,38.604206907782135,683.543334961,-2.150512694999975,42.55187987999989,USGS_3DEP_1m_DEM_bilinear_sample
468.0,-78.35,38.60421591614673,683.977050781,-1.716796875,42.95288086000028,USGS_3DEP_1m_DEM_bilinear_sample
469.0,-78.35,38.6042249245113,684.454589844,-1.2392578120000053,43.67736815999933,USGS_3DEP_1m_DEM_bilinear_sample
470.0,-78.35,38.60423393287586,684.929626465,-0.7642211910000469,45.21484375,USGS_3DEP_1m_DEM_bilinear_sample
471.0,-78.35,38.6042429412404,685.387329102,-0.3065185540000357,46.56555176000097,USGS_3DEP_1m_DEM_bilinear_sample
472.0,-78.35,38.60425194960494,685.88482666,0.19097900400004164,47.17773437000005,USGS_3DEP_1m_DEM_bilinear_sample
473.0,-78.35,38.60426095796945,686.394836426,0.7009887699999808,48.355102540000416,USGS_3DEP_1m_DEM_bilinear_sample
474.0,-78.35,38.60426996633396,686.903564453,1.2097167969999418,49.59899901999961,USGS_3DEP_1m_DEM_bilinear_sample
475.0,-78.35,38.604278974698445,687.343566895,1.6497192389999782,50.261230470000555,USGS_3DEP_1m_DEM_bilinear_sample
476.0,-78.35,38.60428798306293,687.787353516,2.0935058600000502,50.53466796000066,USGS_3DEP_1m_DEM_bilinear_sample
477.0,-78.35,38.60429699142739,688.261108398,2.5672607420000304,50.35949706999986,USGS_3DEP_1m_DEM_bilinear_sample
478.0,-78.35,38.60430599979184,688.812561035,3.1187133790000416,49.75891112999989,USGS_3DEP_1m_DEM_bilinear_sample
479.0,-78.35,38.60431500815628,689.414489746,3.7206420899999557,48.89709473000039,USGS_3DEP_1m_DEM_bilinear_sample
480.0,-78.35,38.60432401652069,689.955749512,4.261901856000009,49.15954588999966,USGS_3DEP_1m_DEM_bilinear_sample
481.0,-78.35,38.60433302488511,690.440795898,4.74694824200003,49.08203125,USGS_3DEP_1m_DEM_bilinear_sample
482.0,-78.35,38.604342033249495,690.920776367,5.226928711000028,48.66394043000014,USGS_3DEP_1m_DEM_bilinear_sample
483.0,-78.35,38.604351041613874,691.370727539,5.67687988299997,47.64953612999989,USGS_3DEP_1m_DEM_bilinear_sample
484.0,-78.35,38.60436004997824,691.793273926,6.099426269999981,45.81787109000061,USGS_3DEP_1m_DEM_bilinear_sample
485.0,-78.35,38.60436905834259,692.259521484,6.5656738279999445,44.23034668000014,USGS_3DEP_1m_DEM_bilinear_sample
486.0,-78.35,38.60437806670693,692.695556641,7.00170898500005,43.95507812999995,USGS_3DEP_1m_DEM_bilinear_sample
487.0,-78.35,38.60438707507125,693.127502441,7.433654785000044,44.53002930000025,USGS_3DEP_1m_DEM_bilinear_sample
488.0,-78.35,38.60439608343556,693.577514648,7.88366699200003,44.38049316000047,USGS_3DEP_1m_DEM_bilinear_sample
489.0,-78.35,38.604405091799855,693.996276855,8.302429199000017,44.438476560000026,USGS_3DEP_1m_DEM_bilinear_sample
490.0,-78.35,38.60441410016414,694.37878418,8.684936524000022,44.28894043000014,USGS_3DEP_1m_DEM_bilinear_sample
491.0,-78.35,38.604423108528415,694.836303711,9.142456055000025,44.26574706999986,USGS_3DEP_1m_DEM_bilinear_sample
492.0,-78.35,38.60443211689267,695.373779297,9.679931641000053,44.071655279999504,USGS_3DEP_1m_DEM_bilinear_sample
493.0,-78.35,38.604441125256905,695.808776855,10.114929199000017,44.20898437999995,USGS_3DEP_1m_DEM_bilinear_sample
494.0,-78.35,38.60445013362113,696.237121582,10.543273925999983,44.97131347999925,USGS_3DEP_1m_DEM_bilinear_sample
495.0,-78.35,38.604459141985345,696.688415527,10.994567870999958,45.70861815999933,USGS_3DEP_1m_DEM_bilinear_sample
496.0,-78.35,38.60446815034954,697.122131348,11.428283692000036,45.296020509999835,USGS_3DEP_1m_DEM_bilinear_sample
497.0,-78.35,38.60447715871373,697.534667969,11.840820312999995,43.47900390999939,USGS_3DEP_1m_DEM_bilinear_sample
498.0,-78.35,38.604486167077894,697.998413086,12.304565430000025,42.70324706999986,USGS_3DEP_1m_DEM_bilinear_sample
499.0,-78.35,38.604495175442054,698.493408203,12.799560546999942,43.98193359000061,USGS_3DEP_1m_DEM_bilinear_sample
500.0,-78.35,38.6045041838062,698.949645996,13.255798339999956,45.39428711000028,USGS_3DEP_1m_DEM_bilinear_sample
501.0,-78.35,38.60451319217033,699.365905762,13.672058106000009,45.64453125,USGS_3DEP_1m_DEM_bilinear_sample
502.0,-78.35,38.60452220053444,699.721679688,14.027832031999992,44.99389648000033,USGS_3DEP_1m_DEM_bilinear_sample
503.0,-78.35,38.60453120889854,700.079101562,14.385253906000003,45.63171387000011,USGS_3DEP_1m_DEM_bilinear_sample
504.0,-78.35,38.60454021726263,700.635314941,14.941467285000044,47.21923828000058,USGS_3DEP_1m_DEM_bilinear_sample
505.0,-78.35,38.604549225626705,701.227844238,15.533996581999986,47.66052246000072,USGS_3DEP_1m_DEM_bilinear_sample
506.0,-78.35,38.60455823399076,701.686584473,15.992736817000036,47.24670410000044,USGS_3DEP_1m_DEM_bilinear_sample
507.0,-78.35,38.60456724235481,702.034057617,16.340209961000028,47.97668456999986,USGS_3DEP_1m_DEM_bilinear_sample
508.0,-78.35,38.604576250718836,702.561584473,16.867736817000036,49.03930664999962,USGS_3DEP_1m_DEM_bilinear_sample
509.0,-78.35,38.60458525908286,703.215332031,17.521484375,47.70263671999942,USGS_3DEP_1m_DEM_bilinear_sample
510.0,-78.35,38.60459426744686,703.715698242,18.021850586000028,45.31494141000053,USGS_3DEP_1m_DEM_bilinear_sample
511.0,-78.35,38.60460327581085,704.090576172,18.396728516000053,44.25231932999964,USGS_3DEP_1m_DEM_bilinear_sample
512.0,-78.35,38.60461228417483,704.519348145,18.825500488999978,44.60266112999989,USGS_3DEP_1m_DEM_bilinear_sample
513.0,-78.35,38.60462129253879,704.983032227,19.289184570999964,43.75732421999942,USGS_3DEP_1m_DEM_bilinear_sample
514.0,-78.35,38.60463030090274,705.405578613,19.711730956999986,40.972290040000416,USGS_3DEP_1m_DEM_bilinear_sample
515.0,-78.35,38.60463930926667,705.759338379,20.06549072300004,38.36914062999995,USGS_3DEP_1m_DEM_bilinear_sample
516.0,-78.35,38.6046483176306,706.111816406,20.41796875,37.357177729999194,USGS_3DEP_1m_DEM_bilinear_sample
517.0,-78.35,38.604657325994495,706.49432373,20.800476074000017,36.53259277000075,USGS_3DEP_1m_DEM_bilinear_sample
518.0,-78.35,38.60466633435839,706.937316895,21.243469238999978,35.408325189999914,USGS_3DEP_1m_DEM_bilinear_sample
519.0,-78.35,38.60467534272227,707.312561035,21.61871337900004,32.99499512000011,USGS_3DEP_1m_DEM_bilinear_sample
520.0,-78.35,38.604684351086135,707.552612305,21.858764649000022,30.219726560000026,USGS_3DEP_1m_DEM_bilinear_sample
521.0,-78.35,38.60469335944998,707.826293945,22.132446288999972,28.067626959999643,USGS_3DEP_1m_DEM_bilinear_sample
522.0,-78.35,38.60470236781382,708.172607422,22.478759766000053,26.24877930000025,USGS_3DEP_1m_DEM_bilinear_sample
523.0,-78.35,38.60471137617765,708.523864746,22.830017089999956,24.49401855000019,USGS_3DEP_1m_DEM_bilinear_sample
524.0,-78.35,38.60472038454146,708.705078125,23.011230468999997,23.341674810000086,USGS_3DEP_1m_DEM_bilinear_sample
525.0,-78.35,38.60472939290525,708.781311035,23.08746337900004,22.69104003999928,USGS_3DEP_1m_DEM_bilinear_sample
526.0,-78.35,38.60473840126903,708.918579102,23.224731445999964,20.728759770000806,USGS_3DEP_1m_DEM_bilinear_sample
527.0,-78.35,38.6047474096328,709.11920166,23.42535400400004,19.115600579999636,USGS_3DEP_1m_DEM_bilinear_sample
528.0,-78.35,38.604756417996555,709.38671875,23.692871093999997,18.42834473000039,USGS_3DEP_1m_DEM_bilinear_sample
529.0,-78.35,38.60476542636029,709.646728516,23.95288086000005,18.76708983999947,USGS_3DEP_1m_DEM_bilinear_sample
530.0,-78.35,38.60477443472402,709.821716309,24.12786865299995,20.182495120000112,USGS_3DEP_1m_DEM_bilinear_sample
531.0,-78.35,38.60478344308773,709.899169922,24.205322266000053,20.959472650000635,USGS_3DEP_1m_DEM_bilinear_sample
532.0,-78.35,38.60479245145143,710.08416748,24.390319824000017,21.016235349999306,USGS_3DEP_1m_DEM_bilinear_sample
533.0,-78.35,38.604801459815114,710.366699219,24.672851562999995,21.003417970000555,USGS_3DEP_1m_DEM_bilinear_sample
534.0,-78.35,38.60481046817878,710.581787109,24.887939452999944,20.590820310000026,USGS_3DEP_1m_DEM_bilinear_sample
535.0,-78.35,38.60481947654244,710.799560547,25.105712891000053,20.01586914000086,USGS_3DEP_1m_DEM_bilinear_sample
536.0,-78.35,38.604828484906086,711.014526367,25.320678711000028,20.678710939999974,USGS_3DEP_1m_DEM_bilinear_sample
537.0,-78.35,38.60483749326971,711.220825195,25.526977538999972,20.50231933999953,USGS_3DEP_1m_DEM_bilinear_sample
538.0,-78.35,38.604846501633325,711.487060547,25.793212891000053,19.959716790000357,USGS_3DEP_1m_DEM_bilinear_sample
539.0,-78.35,38.60485550999692,711.705810547,26.011962891000053,20.409545900000694,USGS_3DEP_1m_DEM_bilinear_sample
540.0,-78.35,38.60486451836051,711.823303223,26.129455567000036,20.119018549999055,USGS_3DEP_1m_DEM_bilinear_sample
541.0,-78.35,38.60487352672409,711.967041016,26.27319336000005,18.906860349999306,USGS_3DEP_1m_DEM_bilinear_sample
542.0,-78.35,38.60488253508765,712.134399414,26.44055175799997,18.04382325000006,USGS_3DEP_1m_DEM_bilinear_sample
543.0,-78.35,38.604891543451195,712.362670898,26.66882324200003,17.581176759999835,USGS_3DEP_1m_DEM_bilinear_sample
544.0,-78.35,38.60490055181472,712.622741699,26.928894043000014,17.73132323999903,USGS_3DEP_1m_DEM_bilinear_sample
545.0,-78.35,38.60490956017824,712.811462402,27.11761474599996,18.459472649999498,USGS_3DEP_1m_DEM_bilinear_sample
546.0,-78.35,38.60491856854174,712.905212402,27.21136474599996,19.057617179998942,USGS_3DEP_1m_DEM_bilinear_sample
547.0,-78.35,38.60492757690523,713.02520752,27.331359863999978,19.234008790000416,USGS_3DEP_1m_DEM_bilinear_sample
548.0,-78.35,38.6049365852687,713.245178223,27.551330567000036,18.27575683999953,USGS_3DEP_1m_DEM_bilinear_sample
549.0,-78.35,38.604945593632166,713.478942871,27.785095214999956,16.337890629999947,USGS_3DEP_1m_DEM_bilinear_sample
550.0,-78.35,38.604954601995615,713.669250488,27.975402831999986,15.363159180000139,USGS_3DEP_1m_DEM_bilinear_sample
551.0,-78.35,38.60496361035905,713.872802734,28.178955077999944,16.12548828000058,USGS_3DEP_1m_DEM_bilinear_sample
552.0,-78.35,38.60497261872247,714.057800293,28.36395263700001,17.037963860000218,USGS_3DEP_1m_DEM_bilinear_sample
553.0,-78.35,38.60498162708588,714.190246582,28.496398925999983,16.62902831999986,USGS_3DEP_1m_DEM_bilinear_sample
554.0,-78.35,38.60499063544927,714.256530762,28.56268310600001,15.650634770000806,USGS_3DEP_1m_DEM_bilinear_sample
555.0,-78.35,38.60499964381265,714.34777832,28.653930663999972,15.960083009999835,USGS_3DEP_1m_DEM_bilinear_sample
556.0,-78.35,38.60500865217601,714.51776123,28.823913574000017,16.875,USGS_3DEP_1m_DEM_bilinear_sample
557.0,-78.35,38.60501766053936,714.729003906,29.03515625,17.262573240000165,USGS_3DEP_1m_DEM_bilinear_sample
558.0,-78.35,38.605026668902696,714.908081055,29.214233399000022,18.412475590000668,USGS_3DEP_1m_DEM_bilinear_sample
559.0,-78.35,38.60503567726602,715.044006348,29.350158692000036,19.937744139999722,USGS_3DEP_1m_DEM_bilinear_sample
560.0,-78.35,38.60504468562933,715.265258789,29.57141113299997,21.087646490000225,USGS_3DEP_1m_DEM_bilinear_sample
561.0,-78.35,38.60505369399262,715.560302734,29.866455077999944,21.862182620000112,USGS_3DEP_1m_DEM_bilinear_sample
562.0,-78.35,38.6050627023559,715.784057617,30.090209961000028,22.460327149999557,USGS_3DEP_1m_DEM_bilinear_sample
563.0,-78.35,38.60507171071917,716.031494141,30.33764648500005,22.069702149999557,USGS_3DEP_1m_DEM_bilinear_sample
564.0,-78.35,38.60508071908242,716.250305176,30.55645751999998,22.160644529999445,USGS_3DEP_1m_DEM_bilinear_sample
565.0,-78.35,38.605089727445666,716.456542969,30.762695312999995,21.422729490000165,USGS_3DEP_1m_DEM_bilinear_sample
566.0,-78.35,38.60509873580889,716.703979492,31.010131836000028,19.572143560000086,USGS_3DEP_1m_DEM_bilinear_sample
567.0,-78.35,38.6051077441721,716.975036621,31.281188964999956,18.747558599999365,USGS_3DEP_1m_DEM_bilinear_sample
568.0,-78.35,38.605116752535295,717.11505127,31.421203613999978,18.785400389999722,USGS_3DEP_1m_DEM_bilinear_sample
569.0,-78.35,38.60512576089848,717.260070801,31.56622314499998,19.50012206999986,USGS_3DEP_1m_DEM_bilinear_sample
570.0,-78.35,38.60513476926165,717.407531738,31.713684081999986,19.995117189999974,USGS_3DEP_1m_DEM_bilinear_sample
571.0,-78.35,38.605143777624804,717.51751709,31.823669433999953,19.833374029999504,USGS_3DEP_1m_DEM_bilinear_sample
572.0,-78.35,38.60515278598795,717.658813477,31.964965820999964,19.210205080000833,USGS_3DEP_1m_DEM_bilinear_sample
573.0,-78.35,38.605161794351076,717.91003418,32.21618652400002,20.12268066000047,USGS_3DEP_1m_DEM_bilinear_sample
574.0,-78.35,38.605170802714184,718.200317383,32.50646972699997,20.834960939999974,USGS_3DEP_1m_DEM_bilinear_sample
575.0,-78.35,38.605179811077285,718.456054688,32.76220703199999,22.460327149999557,USGS_3DEP_1m_DEM_bilinear_sample
576.0,-78.35,38.60518881944037,718.687316895,32.99346923899998,24.635620120000112,USGS_3DEP_1m_DEM_bilinear_sample
577.0,-78.35,38.60519782780345,718.896057129,33.20220947300004,27.118530270000747,USGS_3DEP_1m_DEM_bilinear_sample
578.0,-78.35,38.60520683616651,719.127319336,33.433471680000025,28.76831053999922,USGS_3DEP_1m_DEM_bilinear_sample
579.0,-78.35,38.605215844529546,719.343566895,33.64971923899998,29.715576170000304,USGS_3DEP_1m_DEM_bilinear_sample
580.0,-78.35,38.60522485289258,719.653564453,33.95971679699994,29.98352049999994,USGS_3DEP_1m_DEM_bilinear_sample
581.0,-78.35,38.6052338612556,719.981079102,34.287231445999964,29.770507810000026,USGS_3DEP_1m_DEM_bilinear_sample
582.0,-78.35,38.6052428696186,720.370666504,34.67681884800004,30.095825189999914,USGS_3DEP_1m_DEM_bilinear_sample
583.0,-78.35,38.60525187798159,720.786865234,35.093017577999944,30.408325189999914,USGS_3DEP_1m_DEM_bilinear_sample
584.0,-78.35,38.60526088634456,721.171875,35.478027344,31.420288079999636,USGS_3DEP_1m_DEM_bilinear_sample
585.0,-78.35,38.605269894707526,721.454406738,35.760559081999986,31.260986330000833,USGS_3DEP_1m_DEM_bilinear_sample
586.0,-78.35,38.60527890307047,721.664367676,35.97052001999998,29.99511718000008,USGS_3DEP_1m_DEM_bilinear_sample
587.0,-78.35,38.60528791143341,721.905639648,36.21179199200003,28.211669919999167,USGS_3DEP_1m_DEM_bilinear_sample
588.0,-78.35,38.605296919796324,722.168151855,36.47430419900002,26.412353520000806,USGS_3DEP_1m_DEM_bilinear_sample
589.0,-78.35,38.60530592815923,722.485595703,36.79174804699994,24.96215819999975,USGS_3DEP_1m_DEM_bilinear_sample
590.0,-78.35,38.60531493652212,722.779663086,37.085815430000025,25.512084959999584,USGS_3DEP_1m_DEM_bilinear_sample
591.0,-78.35,38.605323944885,722.98059082,37.28674316399997,26.174926759999835,USGS_3DEP_1m_DEM_bilinear_sample
592.0,-78.35,38.60533295324786,723.191833496,37.497985839999956,26.099243169999227,USGS_3DEP_1m_DEM_bilinear_sample
593.0,-78.35,38.60534196161071,723.428100586,37.734252930000025,26.279296879999947,USGS_3DEP_1m_DEM_bilinear_sample
594.0,-78.35,38.60535096997354,723.66809082,37.97424316399997,26.45751953000058,USGS_3DEP_1m_DEM_bilinear_sample
595.0,-78.35,38.605359978336374,724.005615234,38.311767577999944,26.704711909999332,USGS_3DEP_1m_DEM_bilinear_sample
596.0,-78.35,38.60536898669918,724.281860352,38.588012695999964,28.18237305000025,USGS_3DEP_1m_DEM_bilinear_sample
597.0,-78.35,38.60537799506197,724.515563965,38.82171630899995,29.869995120000112,USGS_3DEP_1m_DEM_bilinear_sample
598.0,-78.35,38.60538700342475,724.796081543,39.10223388700001,30.79528808999953,USGS_3DEP_1m_DEM_bilinear_sample
599.0,-78.35,38.60539601178751,725.131347656,39.4375,32.42065430000025,USGS_3DEP_1m_DEM_bilinear_sample
600.0,-78.35,38.60540502015027,725.450134277,39.75628662099996,33.20739746000072,USGS_3DEP_1m_DEM_bilinear_sample
601.0,-78.35,38.60541402851301,725.798828125,40.104980469,34.6282958900008,USGS_3DEP_1m_DEM_bilinear_sample
602.0,-78.35,38.605423036875735,726.178833008,40.48498535199997,35.92773437000005,USGS_3DEP_1m_DEM_bilinear_sample
603.0,-78.35,38.605432045238445,726.507629395,40.81378173899998,36.51000976999967,USGS_3DEP_1m_DEM_bilinear_sample
604.0,-78.35,38.60544105360114,726.91015625,41.216308594,36.43310546999942,USGS_3DEP_1m_DEM_bilinear_sample
605.0,-78.35,38.60545006196382,727.32635498,41.63250732400002,37.11975098000039,USGS_3DEP_1m_DEM_bilinear_sample
606.0,-78.35,38.60545907032649,727.744689941,42.050842285000044,37.28271483999947,USGS_3DEP_1m_DEM_bilinear_sample
607.0,-78.35,38.60546807868914,728.108337402,42.41448974599996,37.332763670000304,USGS_3DEP_1m_DEM_bilinear_sample
608.0,-78.35,38.60547708705179,728.44708252,42.75323486399998,38.49487304000036,USGS_3DEP_1m_DEM_bilinear_sample
609.0,-78.35,38.60548609541442,728.774658203,43.08081054699994,37.87719726999967,USGS_3DEP_1m_DEM_bilinear_sample
610.0,-78.35,38.60549510377703,729.162109375,43.468261719,37.15087890999939,USGS_3DEP_1m_DEM_bilinear_sample
611.0,-78.35,38.60550411213963,729.527099609,43.833251952999944,36.27990722999925,USGS_3DEP_1m_DEM_bilinear_sample
612.0,-78.35,38.60551312050221,729.912109375,44.218261719,36.16882325000006,USGS_3DEP_1m_DEM_bilinear_sample
613.0,-78.35,38.605522128864784,730.357116699,44.663269043000014,36.918945310000026,USGS_3DEP_1m_DEM_bilinear_sample
614.0,-78.35,38.605531137227345,730.697875977,45.004028320999964,38.01818848000039,USGS_3DEP_1m_DEM_bilinear_sample
615.0,-78.35,38.605540145589885,731.041442871,45.347595214999956,38.43078612999989,USGS_3DEP_1m_DEM_bilinear_sample
616.0,-78.35,38.60554915395242,731.372680664,45.67883300799997,38.718261720000555,USGS_3DEP_1m_DEM_bilinear_sample
617.0,-78.35,38.605558162314935,731.725219727,46.031372070999964,37.91564941000047,USGS_3DEP_1m_DEM_bilinear_sample
618.0,-78.35,38.60556717067744,732.138977051,46.44512939499998,36.56860351999967,USGS_3DEP_1m_DEM_bilinear_sample
619.0,-78.35,38.60557617903992,732.576477051,46.88262939499998,36.2609863199998,USGS_3DEP_1m_DEM_bilinear_sample
620.0,-78.35,38.6055851874024,733.005187988,47.311340331999986,36.96289062999995,USGS_3DEP_1m_DEM_bilinear_sample
621.0,-78.35,38.60559419576486,733.398925781,47.705078125,38.80065918000014,USGS_3DEP_1m_DEM_bilinear_sample
622.0,-78.35,38.605603204127306,733.703674316,48.009826660000044,40.574951170000304,USGS_3DEP_1m_DEM_bilinear_sample
623.0,-78.35,38.60561221248974,734.013977051,48.32012939499998,40.63781737999989,USGS_3DEP_1m_DEM_bilinear_sample
624.0,-78.35,38.60562122085216,734.323974609,48.630126952999944,40.112304689999974,USGS_3DEP_1m_DEM_bilinear_sample
625.0,-78.35,38.60563022921456,734.737731934,49.04388427799995,40.4077148500005,USGS_3DEP_1m_DEM_bilinear_sample
626.0,-78.35,38.60563923757695,735.252746582,49.55889892599998,39.81628418000014,USGS_3DEP_1m_DEM_bilinear_sample
627.0,-78.35,38.60564824593933,735.782714844,50.088867187999995,40.41870117999906,USGS_3DEP_1m_DEM_bilinear_sample
628.0,-78.35,38.6056572543017,736.202758789,50.50891113299997,40.465698240000165,USGS_3DEP_1m_DEM_bilinear_sample
629.0,-78.35,38.605666262664045,736.58770752,50.89385986399998,40.27770996000072,USGS_3DEP_1m_DEM_bilinear_sample
630.0,-78.35,38.60567527102638,737.045959473,51.352111817000036,38.877563470000496,USGS_3DEP_1m_DEM_bilinear_sample
631.0,-78.35,38.6056842793887,737.380554199,51.686706543000014,36.74011230000019,USGS_3DEP_1m_DEM_bilinear_sample
632.0,-78.35,38.605693287751,737.745544434,52.05169677799995,34.49096679000036,USGS_3DEP_1m_DEM_bilinear_sample
633.0,-78.35,38.6057022961133,738.060546875,52.366699219,33.33618163999972,USGS_3DEP_1m_DEM_bilinear_sample
634.0,-78.35,38.60571130447558,738.351745605,52.65789794900002,32.59948730000019,USGS_3DEP_1m_DEM_bilinear_sample
635.0,-78.35,38.605720312837846,738.625488281,52.931640625,31.379394529999445,USGS_3DEP_1m_DEM_bilinear_sample
636.0,-78.35,38.605729321200094,738.926757812,53.232910156,31.408081060000086,USGS_3DEP_1m_DEM_bilinear_sample
637.0,-78.35,38.605738329562335,739.231811523,53.53796386700003,31.258544920000304,USGS_3DEP_1m_DEM_bilinear_sample
638.0,-78.35,38.605747337924555,739.536376953,53.84252929699994,32.058105470000555,USGS_3DEP_1m_DEM_bilinear_sample
639.0,-78.35,38.60575634628677,739.84765625,54.153808594,32.43408203999934,USGS_3DEP_1m_DEM_bilinear_sample
640.0,-78.35,38.605765354648966,740.183898926,54.49005126999998,32.434082029999445,USGS_3DEP_1m_DEM_bilinear_sample
641.0,-78.35,38.60577436301114,740.521362305,54.82751464900002,32.551269540000476,USGS_3DEP_1m_DEM_bilinear_sample
642.0,-78.35,38.60578337137331,740.871398926,55.17755126999998,33.02734375,USGS_3DEP_1m_DEM_bilinear_sample
643.0,-78.35,38.60579237973547,741.266357422,55.57250976600005,32.950439450000886,USGS_3DEP_1m_DEM_bilinear_sample
644.0,-78.35,38.60580138809761,741.595153809,55.90130615299995,33.237304689999974,USGS_3DEP_1m_DEM_bilinear_sample
645.0,-78.35,38.60581039645974,741.868896484,56.175048827999944,33.88732910000044,USGS_3DEP_1m_DEM_bilinear_sample
646.0,-78.35,38.60581940482185,742.181884766,56.48803711000005,33.98803711000028,USGS_3DEP_1m_DEM_bilinear_sample
647.0,-78.35,38.60582841318394,742.534545898,56.84069824200003,33.58764648000033,USGS_3DEP_1m_DEM_bilinear_sample
648.0,-78.35,38.605837421546035,742.831420898,57.13757324200003,32.813110349999306,USGS_3DEP_1m_DEM_bilinear_sample
649.0,-78.35,38.605846429908105,743.171386719,57.477539062999995,33.037719720000496,USGS_3DEP_1m_DEM_bilinear_sample
650.0,-78.35,38.60585543827016,743.572631836,57.878784180000025,34.31335450000006,USGS_3DEP_1m_DEM_bilinear_sample
651.0,-78.35,38.605864446632204,743.920166016,58.22631836000005,35.48339842999894,USGS_3DEP_1m_DEM_bilinear_sample
652.0,-78.35,38.60587345499423,744.230163574,58.536315918000014,35.50720214999956,USGS_3DEP_1m_DEM_bilinear_sample
653.0,-78.35,38.60588246335625,744.547668457,58.85382080099998,35.50109863999978,USGS_3DEP_1m_DEM_bilinear_sample
654.0,-78.35,38.60589147171825,744.898925781,59.205078125,34.73876953000058,USGS_3DEP_1m_DEM_bilinear_sample
655.0,-78.35,38.60590048008024,745.300231934,59.60638427799995,33.70117187000005,USGS_3DEP_1m_DEM_bilinear_sample
656.0,-78.35,38.605909488442215,745.730224609,60.036376952999944,33.53820799999994,USGS_3DEP_1m_DEM_bilinear_sample
657.0,-78.35,38.60591849680417,746.085266113,60.391418456999986,34.12780762000011,USGS_3DEP_1m_DEM_bilinear_sample
658.0,-78.35,38.605927505166115,746.381530762,60.68768310600001,34.83398437999995,USGS_3DEP_1m_DEM_bilinear_sample
659.0,-78.35,38.60593651352805,746.645263672,60.95141601600005,34.99633788999972,USGS_3DEP_1m_DEM_bilinear_sample
660.0,-78.35,38.605945521889964,746.942749023,61.24890136700003,33.47045898000033,USGS_3DEP_1m_DEM_bilinear_sample
661.0,-78.35,38.60595453025187,747.273986816,61.580139160000044,32.10571289000086,USGS_3DEP_1m_DEM_bilinear_sample
662.0,-78.35,38.605963538613764,747.642944336,61.949096680000025,32.229614259999835,USGS_3DEP_1m_DEM_bilinear_sample
663.0,-78.35,38.605972546975636,748.031066895,62.33721923899998,32.76672362999989,USGS_3DEP_1m_DEM_bilinear_sample
664.0,-78.35,38.6059815553375,748.39855957,62.70471191399997,33.72985839999956,USGS_3DEP_1m_DEM_bilinear_sample
665.0,-78.35,38.60599056369935,748.647277832,62.95343017599998,34.21997070999964,USGS_3DEP_1m_DEM_bilinear_sample
666.0,-78.35,38.60599957206119,748.940795898,63.24694824200003,34.38903808999953,USGS_3DEP_1m_DEM_bilinear_sample
667.0,-78.35,38.60600858042301,749.308227539,63.61437988299997,34.086303709999584,USGS_3DEP_1m_DEM_bilinear_sample
668.0,-78.35,38.60601758878481,749.658203125,63.964355469,33.618164060000026,USGS_3DEP_1m_DEM_bilinear_sample
669.0,-78.35,38.6060265971466,750.018249512,64.32440185600001,33.74267578000058,USGS_3DEP_1m_DEM_bilinear_sample
670.0,-78.35,38.60603560550838,750.364746094,64.670898438,35.63110351999967,USGS_3DEP_1m_DEM_bilinear_sample
671.0,-78.35,38.60604461387015,750.712890625,65.019042969,36.77062988999978,USGS_3DEP_1m_DEM_bilinear_sample
672.0,-78.35,38.6060536222319,751.051574707,65.35772705099998,36.08398437999995,USGS_3DEP_1m_DEM_bilinear_sample
673.0,-78.35,38.60606263059364,751.392883301,65.69903564499998,34.36462401999961,USGS_3DEP_1m_DEM_bilinear_sample
674.0,-78.35,38.606071638955356,751.772827148,66.07897949200003,32.94433593000008,USGS_3DEP_1m_DEM_bilinear_sample
675.0,-78.35,38.60608064731707,752.210388184,66.51654052799995,32.816772459999584,USGS_3DEP_1m_DEM_bilinear_sample
676.0,-78.35,38.606089655678765,752.617858887,66.92401123100001,33.47290038999972,USGS_3DEP_1m_DEM_bilinear_sample
677.0,-78.35,38.60609866404045,752.916625977,67.22277832099996,34.36096191000047,USGS_3DEP_1m_DEM_bilinear_sample
678.0,-78.35,38.60610767240211,753.094665527,67.40081787099996,34.28283691000047,USGS_3DEP_1m_DEM_bilinear_sample
679.0,-78.35,38.60611668076377,753.312683105,67.61883544900002,34.233398439999974,USGS_3DEP_1m_DEM_bilinear_sample
680.0,-78.35,38.606125689125406,753.64642334,67.95257568399995,33.79577636000022,USGS_3DEP_1m_DEM_bilinear_sample
681.0,-78.35,38.60613469748703,754.060180664,68.36633300799997,33.10058593000008,USGS_3DEP_1m_DEM_bilinear_sample
682.0,-78.35,38.606143705848645,754.487670898,68.79382324200003,32.8900146400008,USGS_3DEP_1m_DEM_bilinear_sample
683.0,-78.35,38.60615271421024,754.821166992,69.12731933600003,34.37194825000006,USGS_3DEP_1m_DEM_bilinear_sample
684.0,-78.35,38.60616172257183,755.196166992,69.50231933600003,36.17919921999942,USGS_3DEP_1m_DEM_bilinear_sample
685.0,-78.35,38.6061707309334,755.58996582,69.89611816399997,35.97961426000097,USGS_3DEP_1m_DEM_bilinear_sample
686.0,-78.35,38.60617973929496,755.92791748,70.23406982400002,34.41650391000053,USGS_3DEP_1m_DEM_bilinear_sample
687.0,-78.35,38.6061887476565,756.205627441,70.51177978500004,32.94189453999934,USGS_3DEP_1m_DEM_bilinear_sample
688.0,-78.35,38.60619775601803,756.531860352,70.83801269599996,32.319335939999974,USGS_3DEP_1m_DEM_bilinear_sample
689.0,-78.35,38.60620676437954,756.930603027,71.23675537099996,31.43188476999967,USGS_3DEP_1m_DEM_bilinear_sample
690.0,-78.35,38.606215772741045,757.244384766,71.55053711000005,31.45690918000014,USGS_3DEP_1m_DEM_bilinear_sample
691.0,-78.35,38.606224781102526,757.501831055,71.80798339900002,31.514892579999696,USGS_3DEP_1m_DEM_bilinear_sample
692.0,-78.35,38.606233789464,757.781860352,72.08801269599996,31.650390629999947,USGS_3DEP_1m_DEM_bilinear_sample
693.0,-78.35,38.60624279782546,758.053100586,72.35925293000003,30.650634759999775,USGS_3DEP_1m_DEM_bilinear_sample
694.0,-78.35,38.606251806186904,758.339355469,72.645507813,28.76281739000092,USGS_3DEP_1m_DEM_bilinear_sample
695.0,-78.35,38.60626081454834,758.735656738,73.04180908199999,27.85034178999922,USGS_3DEP_1m_DEM_bilinear_sample
696.0,-78.35,38.60626982290975,759.079406738,73.38555908199999,28.625488279999445,USGS_3DEP_1m_DEM_bilinear_sample
697.0,-78.35,38.606278831271155,759.370666504,73.67681884800004,29.256591790000357,USGS_3DEP_1m_DEM_bilinear_sample
698.0,-78.35,38.60628783963255,759.596923828,73.90307617199994,29.81201171999942,USGS_3DEP_1m_DEM_bilinear_sample
699.0,-78.35,38.606296847993924,759.806884766,74.11303711000005,30.21240233999947,USGS_3DEP_1m_DEM_bilinear_sample
700.0,-78.35,38.606305856355284,760.029418945,74.33557128899997,29.061889649999557,USGS_3DEP_1m_DEM_bilinear_sample
701.0,-78.35,38.60631486471663,760.364379883,74.67053222699997,28.411865240000225,USGS_3DEP_1m_DEM_bilinear_sample
702.0,-78.35,38.60632387307797,760.707519531,75.013671875,28.44909668000014,USGS_3DEP_1m_DEM_bilinear_sample
703.0,-78.35,38.60633288143929,761.034301758,75.34045410199997,29.024047850000443,USGS_3DEP_1m_DEM_bilinear_sample
704.0,-78.35,38.606341889800596,761.360595703,75.66674804699994,30.24963378999928,USGS_3DEP_1m_DEM_bilinear_sample
705.0,-78.35,38.606350898161885,761.641845703,75.94799804699994,31.05285644999981,USGS_3DEP_1m_DEM_bilinear_sample
706.0,-78.35,38.60635990652317,761.920593262,76.22674560600001,30.55114746000072,USGS_3DEP_1m_DEM_bilinear_sample
707.0,-78.35,38.60636891488443,762.215576172,76.52172851600005,30.094604490000165,USGS_3DEP_1m_DEM_bilinear_sample
708.0,-78.35,38.60637792324568,762.499328613,76.80548095699999,29.901733400000694,USGS_3DEP_1m_DEM_bilinear_sample
709.0,-78.35,38.60638693160691,762.831848145,77.13800048899998,29.913330080000833,USGS_3DEP_1m_DEM_bilinear_sample
710.0,-78.35,38.60639593996814,763.13470459,77.44085693399995,30.688476560000026,USGS_3DEP_1m_DEM_bilinear_sample
711.0,-78.35,38.60640494832935,763.419494629,77.72564697300004,31.176147459999584,USGS_3DEP_1m_DEM_bilinear_sample
712.0,-78.35,38.606413956690545,763.71697998,78.02313232400002,30.93872069999975,USGS_3DEP_1m_DEM_bilinear_sample
713.0,-78.35,38.60642296505173,764.024475098,78.33062744200004,32.40234375,USGS_3DEP_1m_DEM_bilinear_sample
714.0,-78.35,38.606431973412896,764.351928711,78.65808105500003,33.605346670000245,USGS_3DEP_1m_DEM_bilinear_sample
715.0,-78.35,38.60644098177404,764.710693359,79.01684570299994,33.81408691000047,USGS_3DEP_1m_DEM_bilinear_sample
716.0,-78.35,38.60644999013518,765.038208008,79.34436035199997,32.504272459999584,USGS_3DEP_1m_DEM_bilinear_sample
717.0,-78.35,38.606458998496315,765.309448242,79.61560058600003,31.879272469999478,USGS_3DEP_1m_DEM_bilinear_sample
718.0,-78.35,38.60646800685742,765.739562988,80.04571533199999,32.77893065999933,USGS_3DEP_1m_DEM_bilinear_sample
719.0,-78.35,38.606477015218516,766.192382812,80.498535156,34.44213866999917,USGS_3DEP_1m_DEM_bilinear_sample
720.0,-78.35,38.606486023579606,766.516113281,80.822265625,34.7045898500005,USGS_3DEP_1m_DEM_bilinear_sample
721.0,-78.35,38.606495031940675,766.669921875,80.976074219,34.82055664000086,USGS_3DEP_1m_DEM_bilinear_sample
722.0,-78.35,38.60650404030173,766.904907227,81.21105957099996,35.531616209999584,USGS_3DEP_1m_DEM_bilinear_sample
723.0,-78.35,38.60651304866277,767.302368164,81.60852050799997,34.86816406999992,USGS_3DEP_1m_DEM_bilinear_sample
724.0,-78.35,38.6065220570238,767.796142578,82.10229492199994,33.97766113999978,USGS_3DEP_1m_DEM_bilinear_sample
725.0,-78.35,38.606531065384814,768.181152344,82.487304688,34.014892579999696,USGS_3DEP_1m_DEM_bilinear_sample
726.0,-78.35,38.60654007374581,768.520263672,82.82641601600005,35.60180663999972,USGS_3DEP_1m_DEM_bilinear_sample
727.0,-78.35,38.606549082106795,768.862609863,83.16876220699999,35.71472168000014,USGS_3DEP_1m_DEM_bilinear_sample
728.0,-78.35,38.60655809046777,769.226379395,83.53253173899998,32.90283203000058,USGS_3DEP_1m_DEM_bilinear_sample
729.0,-78.35,38.606567098828734,769.590148926,83.89630126999998,29.10034180000025,USGS_3DEP_1m_DEM_bilinear_sample
730.0,-78.35,38.606576107189674,769.917602539,84.22375488299997,26.981201170000304,USGS_3DEP_1m_DEM_bilinear_sample
731.0,-78.35,38.60658511555061,770.230102539,84.53625488299997,23.815307619998975,USGS_3DEP_1m_DEM_bilinear_sample
732.0,-78.35,38.60659412391153,770.476379395,84.78253173899998,19.57946778000064,USGS_3DEP_1m_DEM_bilinear_sample
733.0,-78.35,38.606603132272426,770.592651367,84.89880371100003,14.60449218000008,USGS_3DEP_1m_DEM_bilinear_sample
734.0,-78.35,38.60661214063332,770.706176758,85.01232910199997,9.916381829999636,USGS_3DEP_1m_DEM_bilinear_sample
735.0,-78.35,38.60662114899419,770.879272461,85.18542480500003,5.079345699999749,USGS_3DEP_1m_DEM_bilinear_sample
736.0,-78.35,38.606630157355056,770.901794434,85.20794677799995,-0.6958007799994448,USGS_3DEP_1m_DEM_bilinear_sample
737.0,-78.35,38.6066391657159,770.820556641,85.12670898500005,-5.707397469999478,USGS_3DEP_1m_DEM_bilinear_sample
738.0,-78.35,38.60664817407673,770.686828613,84.99298095699999,-9.180297850000443,USGS_3DEP_1m_DEM_bilinear_sample
739.0,-78.35,38.60665718243755,770.581787109,84.88793945299994,-12.853393560000086,USGS_3DEP_1m_DEM_bilinear_sample
740.0,-78.35,38.60666619079836,770.425537109,84.73168945299994,-17.471923830000833,USGS_3DEP_1m_DEM_bilinear_sample
741.0,-78.35,38.60667519915915,770.160522461,84.46667480500003,-21.18408203999934,USGS_3DEP_1m_DEM_bilinear_sample
742.0,-78.35,38.606684207519926,769.905639648,84.21179199200003,-23.271484380001084,USGS_3DEP_1m_DEM_bilinear_sample
743.0,-78.35,38.60669321588069,769.674621582,83.98077392599998,-24.25964355000019,USGS_3DEP_1m_DEM_bilinear_sample
744.0,-78.35,38.606702224241445,769.420837402,83.72698974599996,-25.958862299999055,USGS_3DEP_1m_DEM_bilinear_sample
745.0,-78.35,38.60671123260217,769.132080078,83.43823242199994,-26.97387694999975,USGS_3DEP_1m_DEM_bilinear_sample
746.0,-78.35,38.6067202409629,768.78338623,83.08953857400002,-27.493896490000225,USGS_3DEP_1m_DEM_bilinear_sample
747.0,-78.35,38.60672924932361,768.493408203,82.79956054699994,-26.682128900000635,USGS_3DEP_1m_DEM_bilinear_sample
748.0,-78.35,38.606738257684306,768.260864258,82.56701660199997,-28.58459473000039,USGS_3DEP_1m_DEM_bilinear_sample
749.0,-78.35,38.60674726604498,767.985900879,82.29205322300004,-30.621948240000165,USGS_3DEP_1m_DEM_bilinear_sample
750.0,-78.35,38.60675627440565,767.728149414,82.03430175799997,-32.52197265999939,USGS_3DEP_1m_DEM_bilinear_sample
751.0,-78.35,38.606765282766304,767.411132812,81.717285156,-33.072509759999775,USGS_3DEP_1m_DEM_bilinear_sample
752.0,-78.35,38.60677429112694,767.237426758,81.54357910199997,-34.47265625,USGS_3DEP_1m_DEM_bilinear_sample
753.0,-78.35,38.60678329948757,766.816162109,81.12231445299994,-35.78491210999914,USGS_3DEP_1m_DEM_bilinear_sample
754.0,-78.35,38.606792307848174,766.358642578,80.66479492199994,-37.28515625,USGS_3DEP_1m_DEM_bilinear_sample
755.0,-78.35,38.606801316208774,765.879882812,80.186035156,-38.75732421999942,USGS_3DEP_1m_DEM_bilinear_sample
756.0,-78.35,38.60681032456936,765.476135254,79.78228759800004,-40.06225585000038,USGS_3DEP_1m_DEM_bilinear_sample
757.0,-78.35,38.60681933292992,765.046142578,79.35229492199994,-43.188476560000026,USGS_3DEP_1m_DEM_bilinear_sample
758.0,-78.35,38.60682834129048,764.682373047,78.98852539100005,-43.650512689999914,USGS_3DEP_1m_DEM_bilinear_sample
759.0,-78.35,38.606837349651016,764.257385254,78.56353759800004,-43.175048829999696,USGS_3DEP_1m_DEM_bilinear_sample
760.0,-78.35,38.60684635801155,763.852416992,78.15856933600003,-42.562866209999584,USGS_3DEP_1m_DEM_bilinear_sample
761.0,-78.35,38.60685536637206,763.404907227,77.71105957099996,-42.19726562999995,USGS_3DEP_1m_DEM_bilinear_sample
762.0,-78.35,38.60686437473256,762.918579102,77.22473144599996,-42.213134759999775,USGS_3DEP_1m_DEM_bilinear_sample
763.0,-78.35,38.606873383093046,762.45111084,76.75726318399995,-43.387451170000304,USGS_3DEP_1m_DEM_bilinear_sample
764.0,-78.35,38.60688239145352,762.041137695,76.34729003899997,-42.85034180000025,USGS_3DEP_1m_DEM_bilinear_sample
765.0,-78.35,38.60689139981398,761.623596191,75.92974853500004,-43.03833008000083,USGS_3DEP_1m_DEM_bilinear_sample
766.0,-78.35,38.60690040817442,761.256408691,75.56256103500004,-43.05053710999914,USGS_3DEP_1m_DEM_bilinear_sample
767.0,-78.35,38.60690941653485,760.824829102,75.13098144599996,-42.66235351999967,USGS_3DEP_1m_DEM_bilinear_sample
768.0,-78.35,38.60691842489527,760.34362793,74.64978027400002,-41.16271972999925,USGS_3DEP_1m_DEM_bilinear_sample
769.0,-78.35,38.60692743325567,759.972351074,74.27850341800001,-40.396728509999775,USGS_3DEP_1m_DEM_bilinear_sample
770.0,-78.35,38.60693644161606,759.548583984,73.85473632799994,-40.17211914000086,USGS_3DEP_1m_DEM_bilinear_sample
771.0,-78.35,38.60694544997643,759.099853516,73.40600586000005,-39.96276855000019,USGS_3DEP_1m_DEM_bilinear_sample
772.0,-78.35,38.606954458336794,758.65234375,72.958496094,-38.571777349999365,USGS_3DEP_1m_DEM_bilinear_sample
773.0,-78.35,38.606963466697145,758.334838867,72.64099121100003,-37.1850586000005,USGS_3DEP_1m_DEM_bilinear_sample
774.0,-78.35,38.60697247505747,758.001464844,72.307617188,-36.93481444999975,USGS_3DEP_1m_DEM_bilinear_sample
775.0,-78.35,38.60698148341779,757.606384277,71.91253662099996,-36.784667959999524,USGS_3DEP_1m_DEM_bilinear_sample
776.0,-78.35,38.6069904917781,757.260131836,71.56628418000003,-37.084960939999974,USGS_3DEP_1m_DEM_bilinear_sample
777.0,-78.35,38.606999500138386,756.967651367,71.27380371100003,-36.796875,USGS_3DEP_1m_DEM_bilinear_sample
778.0,-78.35,38.607008508498666,756.62512207,70.93127441399997,-37.39685058000077,USGS_3DEP_1m_DEM_bilinear_sample
779.0,-78.35,38.60701751685893,756.278869629,70.58502197300004,-37.53845214999956,USGS_3DEP_1m_DEM_bilinear_sample
780.0,-78.35,38.607026525219176,755.870117188,70.17626953199999,-37.00012206999986,USGS_3DEP_1m_DEM_bilinear_sample
781.0,-78.35,38.60703553357941,755.391357422,69.69750976600005,-37.52502441000047,USGS_3DEP_1m_DEM_bilinear_sample
782.0,-78.35,38.607044541939636,754.97265625,69.278808594,-36.463012689999914,USGS_3DEP_1m_DEM_bilinear_sample
783.0,-78.35,38.607053550299845,754.595153809,68.90130615299995,-36.48742674999994,USGS_3DEP_1m_DEM_bilinear_sample
784.0,-78.35,38.60706255866003,754.247619629,68.55377197300004,-37.974853520000806,USGS_3DEP_1m_DEM_bilinear_sample
785.0,-78.35,38.60707156702021,753.90637207,68.21252441399997,-38.1030273500005,USGS_3DEP_1m_DEM_bilinear_sample
786.0,-78.35,38.60708057538039,753.507629395,67.81378173899998,-37.24975586000028,USGS_3DEP_1m_DEM_bilinear_sample
787.0,-78.35,38.60708958374053,753.321350098,67.62750244200004,-38.56262206999986,USGS_3DEP_1m_DEM_bilinear_sample
788.0,-78.35,38.60709859210067,752.976379395,67.28253173899998,-39.63745117999906,USGS_3DEP_1m_DEM_bilinear_sample
789.0,-78.35,38.60710760046079,752.481384277,66.78753662099996,-40.44982910000044,USGS_3DEP_1m_DEM_bilinear_sample
790.0,-78.35,38.6071166088209,752.059814453,66.36596679699994,-41.274414060000026,USGS_3DEP_1m_DEM_bilinear_sample
791.0,-78.35,38.607125617181005,751.666381836,65.97253418000003,-40.98693847999925,USGS_3DEP_1m_DEM_bilinear_sample
792.0,-78.35,38.607134625541086,751.116394043,65.42254638700001,-42.66174317000036,USGS_3DEP_1m_DEM_bilinear_sample
793.0,-78.35,38.60714363390115,750.631408691,64.93756103500004,-43.06762695999964,USGS_3DEP_1m_DEM_bilinear_sample
794.0,-78.35,38.607152642261205,750.202636719,64.508789063,-43.04626464999956,USGS_3DEP_1m_DEM_bilinear_sample
795.0,-78.35,38.60716165062125,749.778930664,64.08508300799997,-43.80554198999903,USGS_3DEP_1m_DEM_bilinear_sample
796.0,-78.35,38.607170658981275,749.408935547,63.71508789100005,-44.52087402000075,USGS_3DEP_1m_DEM_bilinear_sample
797.0,-78.35,38.60717966734129,749.055175781,63.361328125,-42.50915526999961,USGS_3DEP_1m_DEM_bilinear_sample
798.0,-78.35,38.60718867570129,748.669616699,62.975769043000014,-41.33361816000047,USGS_3DEP_1m_DEM_bilinear_sample
799.0,-78.35,38.60719768406127,748.176757812,62.482910156,-39.39575195999964,USGS_3DEP_1m_DEM_bilinear_sample
800.0,-78.35,38.607206692421244,747.679260254,61.98541259800004,-38.85925293000014,USGS_3DEP_1m_DEM_bilinear_sample
801.0,-78.35,38.607215700781204,747.214294434,61.52044677799995,-39.22241211000028,USGS_3DEP_1m_DEM_bilinear_sample
802.0,-78.35,38.60722470914115,746.865478516,61.17163086000005,-40.749511720000555,USGS_3DEP_1m_DEM_bilinear_sample
803.0,-78.35,38.607233717501074,746.498046875,60.804199219,-41.11877441000047,USGS_3DEP_1m_DEM_bilinear_sample
804.0,-78.35,38.60724272586099,746.263061523,60.56921386700003,-38.703002920000245,USGS_3DEP_1m_DEM_bilinear_sample
805.0,-78.35,38.607251734220895,745.893005371,60.199157714999956,-36.55273437999995,USGS_3DEP_1m_DEM_bilinear_sample
806.0,-78.35,38.607260742580785,745.486694336,59.792846680000025,-35.57861328999934,USGS_3DEP_1m_DEM_bilinear_sample
807.0,-78.35,38.60726975094065,744.980224609,59.286376952999944,-35.99060059000067,USGS_3DEP_1m_DEM_bilinear_sample
808.0,-78.35,38.60727875930051,744.557739258,58.86389160199997,-36.74072266000053,USGS_3DEP_1m_DEM_bilinear_sample
809.0,-78.35,38.60728776766036,744.30645752,58.61260986399998,-39.0228271400008,USGS_3DEP_1m_DEM_bilinear_sample
810.0,-78.35,38.60729677602019,744.023986816,58.330139160000044,-39.654541009999775,USGS_3DEP_1m_DEM_bilinear_sample
811.0,-78.35,38.60730578438001,743.656433105,57.96258544900002,-39.14184569999975,USGS_3DEP_1m_DEM_bilinear_sample
812.0,-78.35,38.607314792739814,743.266418457,57.57257080099998,-37.67700194999975,USGS_3DEP_1m_DEM_bilinear_sample
813.0,-78.35,38.607323801099604,742.823974609,57.130126952999944,-37.552490240000225,USGS_3DEP_1m_DEM_bilinear_sample
814.0,-78.35,38.60733280945938,742.360778809,56.66693115299995,-38.78967286000034,USGS_3DEP_1m_DEM_bilinear_sample
815.0,-78.35,38.60734181781915,741.92755127,56.23370361399998,-39.552001950000886,USGS_3DEP_1m_DEM_bilinear_sample
816.0,-78.35,38.607350826178894,741.572509766,55.87866211000005,-37.8515625,USGS_3DEP_1m_DEM_bilinear_sample
817.0,-78.35,38.60735983453863,741.212524414,55.51867675799997,-37.026977540000416,USGS_3DEP_1m_DEM_bilinear_sample
818.0,-78.35,38.607368842898346,740.802490234,55.108642577999944,-36.016235349999306,USGS_3DEP_1m_DEM_bilinear_sample
819.0,-78.35,38.60737785125806,740.427490234,54.733642577999944,-35.58410644999981,USGS_3DEP_1m_DEM_bilinear_sample
820.0,-78.35,38.60738685961775,740.068786621,54.374938964999956,-35.189208990000225,USGS_3DEP_1m_DEM_bilinear_sample
821.0,-78.35,38.607395867977424,739.871276855,54.17742919900002,-34.80163575000006,USGS_3DEP_1m_DEM_bilinear_sample
822.0,-78.35,38.60740487633709,739.563720703,53.86987304699994,-34.26391601999967,USGS_3DEP_1m_DEM_bilinear_sample
823.0,-78.35,38.60741388469675,739.222351074,53.528503418000014,-32.65136717999894,USGS_3DEP_1m_DEM_bilinear_sample
824.0,-78.35,38.60742289305639,738.802368164,53.10852050799997,-30.375976560000026,USGS_3DEP_1m_DEM_bilinear_sample
825.0,-78.35,38.60743190141601,738.408630371,52.714782714999956,-26.647338870000112,USGS_3DEP_1m_DEM_bilinear_sample
826.0,-78.35,38.60744090977561,738.092346191,52.398498535000044,-24.47265625,USGS_3DEP_1m_DEM_bilinear_sample
827.0,-78.35,38.60744991813521,737.786132812,52.092285156,-21.334228509999775,USGS_3DEP_1m_DEM_bilinear_sample
828.0,-78.35,38.60745892649479,737.537353516,51.84350586000005,-17.608032220000496,USGS_3DEP_1m_DEM_bilinear_sample
829.0,-78.35,38.60746793485436,737.389892578,51.69604492199994,-13.083496089999471,USGS_3DEP_1m_DEM_bilinear_sample
830.0,-78.35,38.60747694321391,737.404052734,51.710205077999944,-9.233398439999974,USGS_3DEP_1m_DEM_bilinear_sample
831.0,-78.35,38.60748595157346,737.42401123,51.73016357400002,-5.695190430000139,USGS_3DEP_1m_DEM_bilinear_sample
832.0,-78.35,38.607494959932986,737.430297852,51.736450195999964,-1.9207763600002181,USGS_3DEP_1m_DEM_bilinear_sample
833.0,-78.35,38.6075039682925,737.461547852,51.767700195999964,1.0601806599993324,USGS_3DEP_1m_DEM_bilinear_sample
834.0,-78.35,38.60751297665199,737.494018555,51.80017089900002,3.6145019500008857,USGS_3DEP_1m_DEM_bilinear_sample
835.0,-78.35,38.60752198501148,737.485290527,51.79144287099996,3.1976318400006676,USGS_3DEP_1m_DEM_bilinear_sample
836.0,-78.35,38.60753099337094,737.522827148,51.82897949200003,3.673095709999643,USGS_3DEP_1m_DEM_bilinear_sample
837.0,-78.35,38.6075400017304,737.594055176,51.90020751999998,4.298095700000886,USGS_3DEP_1m_DEM_bilinear_sample
838.0,-78.35,38.60754901008985,737.643371582,51.94952392599998,4.998168939999914,USGS_3DEP_1m_DEM_bilinear_sample
839.0,-78.35,38.607558018449275,737.751342773,52.05749511700003,5.8734130799996365,USGS_3DEP_1m_DEM_bilinear_sample
840.0,-78.35,38.607567026808695,737.723815918,52.02996826200001,7.498168950000945,USGS_3DEP_1m_DEM_bilinear_sample
841.0,-78.35,38.607576035168094,737.791320801,52.09747314499998,9.895629889999782,USGS_3DEP_1m_DEM_bilinear_sample
842.0,-78.35,38.60758504352748,737.860107422,52.16625976600005,12.727050780000582,USGS_3DEP_1m_DEM_bilinear_sample
843.0,-78.35,38.607594051886856,737.961364746,52.267517089999956,16.08337401999961,USGS_3DEP_1m_DEM_bilinear_sample
844.0,-78.35,38.60760306024621,738.081359863,52.387512206999986,18.841552740000225,USGS_3DEP_1m_DEM_bilinear_sample
845.0,-78.35,38.607612068605555,738.235107422,52.54125976600005,22.966918939999914,USGS_3DEP_1m_DEM_bilinear_sample
846.0,-78.35,38.60762107696489,738.512390137,52.81854248100001,26.342163079999636,USGS_3DEP_1m_DEM_bilinear_sample
847.0,-78.35,38.60763008532421,738.866760254,53.17291259800004,29.779052729999194,USGS_3DEP_1m_DEM_bilinear_sample
848.0,-78.35,38.60763909368351,739.251708984,53.557861327999944,32.954101560000026,USGS_3DEP_1m_DEM_bilinear_sample
849.0,-78.35,38.6076481020428,739.635498047,53.94165039100005,36.82678223000039,USGS_3DEP_1m_DEM_bilinear_sample
850.0,-78.35,38.60765711040208,740.020507812,54.326660156,40.256958009999835,USGS_3DEP_1m_DEM_bilinear_sample
851.0,-78.35,38.60766611876134,740.425537109,54.731689452999944,42.54699706999986,USGS_3DEP_1m_DEM_bilinear_sample
852.0,-78.35,38.60767512712059,740.838012695,55.14416503899997,43.67858887000011,USGS_3DEP_1m_DEM_bilinear_sample
853.0,-78.35,38.60768413547982,741.256774902,55.56292724599996,44.45373536000034,USGS_3DEP_1m_DEM_bilinear_sample
854.0,-78.35,38.60769314383904,741.764038086,56.070190430000025,45.115966799999114,USGS_3DEP_1m_DEM_bilinear_sample
855.0,-78.35,38.60770215219825,742.260803223,56.566955567000036,45.37841796999942,USGS_3DEP_1m_DEM_bilinear_sample
856.0,-78.35,38.607711160557436,742.767089844,57.073242187999995,46.04064942000036,USGS_3DEP_1m_DEM_bilinear_sample
857.0,-78.35,38.60772016891662,743.234619141,57.54077148500005,46.53747559000067,USGS_3DEP_1m_DEM_bilinear_sample
858.0,-78.35,38.607729177275786,743.69708252,58.00323486399998,46.98852539000086,USGS_3DEP_1m_DEM_bilinear_sample
859.0,-78.35,38.607738185634936,744.147094727,58.453247070999964,46.44104003999928,USGS_3DEP_1m_DEM_bilinear_sample
860.0,-78.35,38.60774719399407,744.558349609,58.864501952999944,46.19812010999908,USGS_3DEP_1m_DEM_bilinear_sample
861.0,-78.35,38.607756202353194,745.029602051,59.33575439499998,46.12304687000005,USGS_3DEP_1m_DEM_bilinear_sample
862.0,-78.35,38.6077652107123,745.491760254,59.79791259800004,46.09741210999914,USGS_3DEP_1m_DEM_bilinear_sample
863.0,-78.35,38.607774219071395,745.955627441,60.261779785000044,46.07299804000036,USGS_3DEP_1m_DEM_bilinear_sample
864.0,-78.35,38.60778322743048,746.40814209,60.71429443399995,46.0852050699998,USGS_3DEP_1m_DEM_bilinear_sample
865.0,-78.35,38.60779223578955,746.880615234,61.186767577999944,47.14904786000034,USGS_3DEP_1m_DEM_bilinear_sample
866.0,-78.35,38.6078012441486,747.379394531,61.685546875,48.77746581999986,USGS_3DEP_1m_DEM_bilinear_sample
867.0,-78.35,38.60781025250764,747.844360352,62.150512695999964,49.318237299999055,USGS_3DEP_1m_DEM_bilinear_sample
868.0,-78.35,38.60781926086666,748.304382324,62.610534668000014,48.85498046999942,USGS_3DEP_1m_DEM_bilinear_sample
869.0,-78.35,38.60782826922568,748.755615234,63.061767577999944,47.742309570001,USGS_3DEP_1m_DEM_bilinear_sample
870.0,-78.35,38.60783727758468,749.273254395,63.57940673899998,47.642822270000806,USGS_3DEP_1m_DEM_bilinear_sample
871.0,-78.35,38.60784628594366,749.907348633,64.21350097699997,47.9296875,USGS_3DEP_1m_DEM_bilinear_sample
872.0,-78.35,38.60785529430263,750.423583984,64.72973632799994,48.029785150000635,USGS_3DEP_1m_DEM_bilinear_sample
873.0,-78.35,38.60786430266159,750.841125488,65.14727783199999,48.14392089999956,USGS_3DEP_1m_DEM_bilinear_sample
874.0,-78.35,38.607873311020526,751.182373047,65.48852539100005,48.023071290000416,USGS_3DEP_1m_DEM_bilinear_sample
875.0,-78.35,38.607882319379456,751.644897461,65.95104980500003,46.73461913999972,USGS_3DEP_1m_DEM_bilinear_sample
876.0,-78.35,38.60789132773837,752.172363281,66.478515625,44.81811523000033,USGS_3DEP_1m_DEM_bilinear_sample
877.0,-78.35,38.60790033609727,752.647338867,66.95349121100003,44.331054689999974,USGS_3DEP_1m_DEM_bilinear_sample
878.0,-78.35,38.607909344456154,753.118774414,67.42492675799997,44.35546875,USGS_3DEP_1m_DEM_bilinear_sample
879.0,-78.35,38.60791835281503,753.557922363,67.86407470699999,44.96826171999942,USGS_3DEP_1m_DEM_bilinear_sample
880.0,-78.35,38.60792736117389,753.946716309,68.25286865299995,44.85534668000014,USGS_3DEP_1m_DEM_bilinear_sample
881.0,-78.35,38.60793636953274,754.389160156,68.6953125,44.67956543000014,USGS_3DEP_1m_DEM_bilinear_sample
882.0,-78.35,38.60794537789156,754.856689453,69.16284179699994,45.427246099999365,USGS_3DEP_1m_DEM_bilinear_sample
883.0,-78.35,38.607954386250384,755.276672363,69.58282470699999,45.262451170000304,USGS_3DEP_1m_DEM_bilinear_sample
884.0,-78.35,38.60796339460918,755.679199219,69.985351563,45.82092285000044,USGS_3DEP_1m_DEM_bilinear_sample
885.0,-78.35,38.607972402967974,756.130432129,70.43658447300004,47.195434570001,USGS_3DEP_1m_DEM_bilinear_sample
886.0,-78.35,38.607981411326755,756.640319824,70.94647216800001,48.958740240000225,USGS_3DEP_1m_DEM_bilinear_sample
887.0,-78.35,38.607990419685514,757.190063477,71.49621582099996,49.508666990000165,USGS_3DEP_1m_DEM_bilinear_sample
888.0,-78.35,38.60799942804426,757.645019531,71.951171875,50.121459959999584,USGS_3DEP_1m_DEM_bilinear_sample
889.0,-78.35,38.60800843640299,758.140014648,72.44616699200003,51.431884759999775,USGS_3DEP_1m_DEM_bilinear_sample
890.0,-78.35,38.608017444761714,758.666259766,72.97241211000005,51.528320310000026,USGS_3DEP_1m_DEM_bilinear_sample
891.0,-78.35,38.60802645312042,759.28503418,73.59118652400002,51.09191894999981,USGS_3DEP_1m_DEM_bilinear_sample
892.0,-78.35,38.60803546147911,759.807556152,74.11370849599996,49.95666503000052,USGS_3DEP_1m_DEM_bilinear_sample
893.0,-78.35,38.608044469837786,760.288818359,74.59497070299994,50.4077148500005,USGS_3DEP_1m_DEM_bilinear_sample
894.0,-78.35,38.608053478196446,760.822387695,75.12854003899997,51.17004394999981,USGS_3DEP_1m_DEM_bilinear_sample
895.0,-78.35,38.608062486555106,761.28326416,75.58941650400004,51.007690429999,USGS_3DEP_1m_DEM_bilinear_sample
896.0,-78.35,38.60807149491374,761.749511719,76.055664063,49.66979980000019,USGS_3DEP_1m_DEM_bilinear_sample
897.0,-78.35,38.60808050327236,762.18572998,76.49188232400002,48.8757324300002,USGS_3DEP_1m_DEM_bilinear_sample
898.0,-78.35,38.60808951163097,762.685791016,76.99194336000005,48.295898439999974,USGS_3DEP_1m_DEM_bilinear_sample
899.0,-78.35,38.60809851998956,763.257019043,77.56317138700001,47.82226562999995,USGS_3DEP_1m_DEM_bilinear_sample
900.0,-78.35,38.60810752834814,763.767028809,78.07318115299995,48.68835448999903,USGS_3DEP_1m_DEM_bilinear_sample
901.0,-78.35,38.60811653670671,764.25201416,78.55816650400004,49.58862304000036,USGS_3DEP_1m_DEM_bilinear_sample
902.0,-78.35,38.60812554506526,764.695129395,79.00128173899998,49.92614746999948,USGS_3DEP_1m_DEM_bilinear_sample
903.0,-78.35,38.6081345534238,765.118408203,79.42456054699994,50.70068358999947,USGS_3DEP_1m_DEM_bilinear_sample
904.0,-78.35,38.60814356178233,765.604614258,79.91076660199997,50.26367187000005,USGS_3DEP_1m_DEM_bilinear_sample
905.0,-78.35,38.60815257014084,766.152099609,80.45825195299994,49.949340820001,USGS_3DEP_1m_DEM_bilinear_sample
906.0,-78.35,38.608161578499335,766.708374023,81.01452636700003,49.645996099999365,USGS_3DEP_1m_DEM_bilinear_sample
907.0,-78.35,38.60817058685782,767.178344727,81.48449707099996,50.2648925699998,USGS_3DEP_1m_DEM_bilinear_sample
908.0,-78.35,38.60817959521629,767.755859375,82.062011719,51.58203125,USGS_3DEP_1m_DEM_bilinear_sample
909.0,-78.35,38.60818860357474,768.28338623,82.58953857400002,51.59545898000033,USGS_3DEP_1m_DEM_bilinear_sample
910.0,-78.35,38.608197611933186,768.761962891,83.06811523500005,49.970703130001084,USGS_3DEP_1m_DEM_bilinear_sample
911.0,-78.35,38.60820662029161,769.21661377,83.52276611399998,48.807373049999114,USGS_3DEP_1m_DEM_bilinear_sample
912.0,-78.35,38.60821562865003,769.721618652,84.02777099599996,49.32067871000072,USGS_3DEP_1m_DEM_bilinear_sample
913.0,-78.35,38.608224637008426,770.276611328,84.58276367199994,48.96606444999975,USGS_3DEP_1m_DEM_bilinear_sample
914.0,-78.35,38.60823364536681,770.764160156,85.0703125,49.01672363999978,USGS_3DEP_1m_DEM_bilinear_sample
915.0,-78.35,38.608242653725185,771.149169922,85.45532226600005,48.74328612999989,USGS_3DEP_1m_DEM_bilinear_sample
916.0,-78.35,38.608251662083546,771.589111328,85.89526367199994,47.83386230000019,USGS_3DEP_1m_DEM_bilinear_sample
917.0,-78.35,38.60826067044189,772.110412598,86.41656494200004,46.909179689999974,USGS_3DEP_1m_DEM_bilinear_sample
918.0,-78.35,38.60826967880022,772.65246582,86.95861816399997,45.709228520000806,USGS_3DEP_1m_DEM_bilinear_sample
919.0,-78.35,38.60827868715853,773.185058594,87.491210938,45.24597168000014,USGS_3DEP_1m_DEM_bilinear_sample
920.0,-78.35,38.608287695516836,773.636291504,87.94244384800004,46.40380858999947,USGS_3DEP_1m_DEM_bilinear_sample
921.0,-78.35,38.608296703875126,774.0,88.306152344,46.508789060000026,USGS_3DEP_1m_DEM_bilinear_sample
922.0,-78.35,38.6083057122334,774.412536621,88.71868896499996,45.72143553999922,USGS_3DEP_1m_DEM_bilinear_sample
923.0,-78.35,38.608314720591665,774.84753418,89.15368652400002,44.513549810000086,USGS_3DEP_1m_DEM_bilinear_sample
924.0,-78.35,38.60832372894991,775.288757324,89.59490966800001,43.75,USGS_3DEP_1m_DEM_bilinear_sample
925.0,-78.35,38.60833273730814,775.789550781,90.095703125,44.262695310000026,USGS_3DEP_1m_DEM_bilinear_sample
926.0,-78.35,38.60834174566636,776.239990234,90.54614257799994,45.612792970000555,USGS_3DEP_1m_DEM_bilinear_sample
927.0,-78.35,38.60835075402456,776.682556152,90.98870849599996,46.450195310000026,USGS_3DEP_1m_DEM_bilinear_sample
928.0,-78.35,38.608359762382754,777.103820801,91.40997314499998,46.55029296999942,USGS_3DEP_1m_DEM_bilinear_sample
929.0,-78.35,38.60836877074093,777.560058594,91.866210938,46.3671875,USGS_3DEP_1m_DEM_bilinear_sample
930.0,-78.35,38.6083777790991,778.062561035,92.36871337900004,45.84716796999942,USGS_3DEP_1m_DEM_bilinear_sample
931.0,-78.35,38.60838678745724,778.561279297,92.86743164100005,45.5053711000005,USGS_3DEP_1m_DEM_bilinear_sample
932.0,-78.35,38.60839579581538,779.057556152,93.36370849599996,44.104614259999835,USGS_3DEP_1m_DEM_bilinear_sample
933.0,-78.35,38.6084048041735,779.502563477,93.80871582099996,43.12927246000072,USGS_3DEP_1m_DEM_bilinear_sample
934.0,-78.35,38.60841381253161,779.925476074,94.23162841800001,42.20458983999947,USGS_3DEP_1m_DEM_bilinear_sample
935.0,-78.35,38.60842282088971,780.374267578,94.68041992199994,40.72937012000011,USGS_3DEP_1m_DEM_bilinear_sample
936.0,-78.35,38.608431829247785,780.790527344,95.096679688,39.454956049999055,USGS_3DEP_1m_DEM_bilinear_sample
937.0,-78.35,38.60844083760585,781.093017578,95.39916992199994,38.99658203000058,USGS_3DEP_1m_DEM_bilinear_sample
938.0,-78.35,38.608449845963904,781.416748047,95.72290039100005,38.6907958900008,USGS_3DEP_1m_DEM_bilinear_sample
939.0,-78.35,38.608458854321945,781.780517578,96.08666992199994,38.58703613999978,USGS_3DEP_1m_DEM_bilinear_sample
940.0,-78.35,38.608467862679966,782.135498047,96.44165039100005,38.223876950000886,USGS_3DEP_1m_DEM_bilinear_sample
941.0,-78.35,38.60847687103798,782.506774902,96.81292724599996,38.448486329999696,USGS_3DEP_1m_DEM_bilinear_sample
942.0,-78.35,38.60848587939597,782.957214355,97.26336669900002,39.71130371000072,USGS_3DEP_1m_DEM_bilinear_sample
943.0,-78.35,38.608494887753956,783.371643066,97.67779541000004,39.88647460999914,USGS_3DEP_1m_DEM_bilinear_sample
944.0,-78.35,38.60850389611193,783.784179688,98.09033203199999,38.923950200000945,USGS_3DEP_1m_DEM_bilinear_sample
945.0,-78.35,38.608512904469876,784.196655273,98.50280761700003,38.175659179999,USGS_3DEP_1m_DEM_bilinear_sample
946.0,-78.35,38.60852191282782,784.635375977,98.94152832099996,37.99194336000028,USGS_3DEP_1m_DEM_bilinear_sample
947.0,-78.35,38.608530921185746,785.064147949,99.37030029300001,37.27539062999995,USGS_3DEP_1m_DEM_bilinear_sample
948.0,-78.35,38.60853992954366,785.405395508,99.71154785199997,36.65588378999928,USGS_3DEP_1m_DEM_bilinear_sample
949.0,-78.35,38.60854893790156,785.672912598,99.97906494200004,36.51794432999964,USGS_3DEP_1m_DEM_bilinear_sample
950.0,-78.35,38.608557946259445,785.953063965,100.25921630899995,36.64306640999939,USGS_3DEP_1m_DEM_bilinear_sample
951.0,-78.35,38.60856695461732,786.305969238,100.61212158199999,35.118408200000886,USGS_3DEP_1m_DEM_bilinear_sample
952.0,-78.35,38.60857596297517,786.684753418,100.99090576200001,33.681030279999504,USGS_3DEP_1m_DEM_bilinear_sample
953.0,-78.35,38.608584971333016,787.037231445,101.34338378899997,33.46069336000028,USGS_3DEP_1m_DEM_bilinear_sample
954.0,-78.35,38.608593979690845,787.435974121,101.74212646499996,34.26147460999914,USGS_3DEP_1m_DEM_bilinear_sample
955.0,-78.35,38.608602988048666,787.860961914,102.16711425799997,35.440063470000496,USGS_3DEP_1m_DEM_bilinear_sample
956.0,-78.35,38.60861199640647,788.147216797,102.45336914100005,35.77331543000014,USGS_3DEP_1m_DEM_bilinear_sample
957.0,-78.35,38.60862100476426,788.432250977,102.73840332099996,35.24780273000033,USGS_3DEP_1m_DEM_bilinear_sample
958.0,-78.35,38.608630013122024,788.751464844,103.057617188,34.273071290000416,USGS_3DEP_1m_DEM_bilinear_sample
959.0,-78.35,38.60863902147979,789.099060059,103.40521240299995,32.48596191000047,USGS_3DEP_1m_DEM_bilinear_sample
960.0,-78.35,38.60864802983753,789.497070312,103.803222656,31.273193360000278,USGS_3DEP_1m_DEM_bilinear_sample
961.0,-78.35,38.60865703819527,789.883300781,104.189453125,32.94372557999964,USGS_3DEP_1m_DEM_bilinear_sample
962.0,-78.35,38.60866604655298,790.209533691,104.51568603500004,34.14123535000044,USGS_3DEP_1m_DEM_bilinear_sample
963.0,-78.35,38.60867505491069,790.464538574,104.77069091800001,34.561767579999696,USGS_3DEP_1m_DEM_bilinear_sample
964.0,-78.35,38.60868406326838,790.684570312,104.990722656,34.873657220000496,USGS_3DEP_1m_DEM_bilinear_sample
965.0,-78.35,38.60869307162606,790.98828125,105.294433594,35.28076171999942,USGS_3DEP_1m_DEM_bilinear_sample
966.0,-78.35,38.60870207998372,791.441589355,105.74774169900002,34.743041990000165,USGS_3DEP_1m_DEM_bilinear_sample
967.0,-78.35,38.60871108834137,791.846374512,106.15252685600001,34.0435791099992,USGS_3DEP_1m_DEM_bilinear_sample
968.0,-78.35,38.608720096699,792.207641602,106.51379394599996,34.20593262000011,USGS_3DEP_1m_DEM_bilinear_sample
969.0,-78.35,38.608729105056625,792.586425781,106.892578125,34.9780273500005,USGS_3DEP_1m_DEM_bilinear_sample
970.0,-78.35,38.608738113414226,793.025146484,107.33129882799994,36.046142579999696,USGS_3DEP_1m_DEM_bilinear_sample
971.0,-78.35,38.60874712177183,793.35760498,107.66375732400002,35.51330567000036,USGS_3DEP_1m_DEM_bilinear_sample
972.0,-78.35,38.60875613012941,793.613891602,107.92004394599996,34.165039060000026,USGS_3DEP_1m_DEM_bilinear_sample
973.0,-78.35,38.60876513848697,793.885131836,108.19128418000003,34.689941400000635,USGS_3DEP_1m_DEM_bilinear_sample
974.0,-78.35,38.60877414684452,794.182373047,108.48852539100005,35.10253906999992,USGS_3DEP_1m_DEM_bilinear_sample
975.0,-78.35,38.60878315520206,794.592895508,108.89904785199997,35.052490240000225,USGS_3DEP_1m_DEM_bilinear_sample
976.0,-78.35,38.608792163559585,794.992919922,109.29907226600005,35.6530761800002,USGS_3DEP_1m_DEM_bilinear_sample
977.0,-78.35,38.608801171917094,795.262878418,109.56903076200001,37.293701170000304,USGS_3DEP_1m_DEM_bilinear_sample
978.0,-78.35,38.60881018027459,795.676635742,109.98278808600003,39.067382810000026,USGS_3DEP_1m_DEM_bilinear_sample
979.0,-78.35,38.60881918863207,796.096679688,110.40283203199999,41.044921869998916,USGS_3DEP_1m_DEM_bilinear_sample
980.0,-78.35,38.608828196989535,796.530395508,110.83654785199997,42.10144043000014,USGS_3DEP_1m_DEM_bilinear_sample
981.0,-78.35,38.608837205346994,796.922912598,111.22906494200004,42.576904299999114,USGS_3DEP_1m_DEM_bilinear_sample
982.0,-78.35,38.60884621370443,797.343261719,111.649414063,42.98950194999975,USGS_3DEP_1m_DEM_bilinear_sample
983.0,-78.35,38.60885522206186,797.791870117,112.09802246100003,41.76391601999967,USGS_3DEP_1m_DEM_bilinear_sample
984.0,-78.35,38.60886423041927,798.286865234,112.59301757799994,40.73852538999972,USGS_3DEP_1m_DEM_bilinear_sample
985.0,-78.35,38.60887323877667,798.803039551,113.10919189499998,40.03051758000083,USGS_3DEP_1m_DEM_bilinear_sample
986.0,-78.35,38.608882247134055,799.250610352,113.55676269599996,40.37841796999942,USGS_3DEP_1m_DEM_bilinear_sample
987.0,-78.35,38.60889125549143,799.561828613,113.86798095699999,40.112304689999974,USGS_3DEP_1m_DEM_bilinear_sample
988.0,-78.35,38.60890026384878,799.853027344,114.159179688,38.888549810000086,USGS_3DEP_1m_DEM_bilinear_sample
989.0,-78.35,38.60890927220613,800.170532227,114.47668457099996,37.163696290000416,USGS_3DEP_1m_DEM_bilinear_sample
990.0,-78.35,38.60891828056346,800.533447266,114.83959961000005,35.73974609000061,USGS_3DEP_1m_DEM_bilinear_sample
991.0,-78.35,38.60892728892077,800.960754395,115.26690673899998,35.57617187000005,USGS_3DEP_1m_DEM_bilinear_sample
992.0,-78.35,38.60893629727808,801.354492188,115.66064453199999,36.36413575000006,USGS_3DEP_1m_DEM_bilinear_sample
993.0,-78.35,38.60894530563536,801.680725098,115.98687744200004,36.96472168000014,USGS_3DEP_1m_DEM_bilinear_sample
994.0,-78.35,38.60895431399263,802.003234863,116.30938720699999,37.427978509999775,USGS_3DEP_1m_DEM_bilinear_sample
995.0,-78.35,38.608963322349894,802.37701416,116.68316650400004,35.52368163999972,USGS_3DEP_1m_DEM_bilinear_sample
996.0,-78.35,38.60897233070714,802.808227539,117.11437988299997,,USGS_3DEP_1m_DEM_bilinear_sample
997.0,-78.35,38.60898133906437,803.198242188,117.50439453199999,,USGS_3DEP_1m_DEM_bilinear_sample
998.0,-78.35,38.60899034742159,803.549499512,117.85565185600001,,USGS_3DEP_1m_DEM_bilinear_sample
999.0,-78.35,38.60899935577879,803.913330078,118.21948242199994,,USGS_3DEP_1m_DEM_bilinear_sample
1000.0,-78.35,38.60900836413598,804.08581543,118.39196777400002,,USGS_3DEP_1m_DEM_bilinear_sample
